/*--------------------------------*- C++ -*----------------------------------*\
| =========                 |                                                 |
| \\      /  F ield         | OpenFOAM: The Open Source CFD Toolbox           |
|  \\    /   O peration     | Version:  v2106                                 |
|   \\  /    A nd           | Website:  www.openfoam.com                      |
|    \\/     M anipulation  |                                                 |
\*---------------------------------------------------------------------------*/
FoamFile
{
    version     2.0;
    format      ascii;
    arch        "LSB;label=32;scalar=64";
    class       volVectorField;
    location    "7.5";
    object      U;
}
// * * * * * * * * * * * * * * * * * * * * * * * * * * * * * * * * * * * * * //

dimensions      [0 1 -1 0 0 0 0];

internalField   nonuniform List<vector> 
6561
(
(-0.243087847177 -0.00298146377287 0)
(-0.237052075091 -0.00304067073841 0)
(-0.23092155597 -0.00307640142293 0)
(-0.224742900268 -0.00308917879284 0)
(-0.218561409851 -0.00307976370905 0)
(-0.2124206339 -0.00304912134514 0)
(-0.206361994645 -0.00299838605275 0)
(-0.200424484642 -0.00292882596293 0)
(-0.19464443485 -0.00284180845361 0)
(-0.189055350661 -0.00273876742588 0)
(-0.183687811351 -0.00262117313048 0)
(-0.178569427164 -0.00249050508546 0)
(-0.173724847327 -0.00234822843568 0)
(-0.169175811794 -0.00219577393353 0)
(-0.164941239361 -0.00203452157258 0)
(-0.161037344812 -0.00186578778431 0)
(-0.157477778108 -0.00169081601306 0)
(-0.154273779072 -0.00151077041526 0)
(-0.151434341576 -0.00132673238233 0)
(-0.148966381919 -0.00113969956099 0)
(-0.146874906723 -0.000950587035203 0)
(-0.145163176366 -0.000760230338182 0)
(-0.143832860635 -0.000569389977192 0)
(-0.142884183886 -0.000378757174864 0)
(-0.142316057572 -0.000188960556656 0)
(-0.142126198513 -5.73541899196e-07 0)
(-0.142311231746 0.000185877776144 0)
(-0.14286677718 0.000369906448459 0)
(-0.143787519645 0.00055105634907 0)
(-0.145067262192 0.000728893855036 0)
(-0.146698962815 0.00090299964961 0)
(-0.148674754923 0.00107296075582 0)
(-0.150985952155 0.00123836289721 0)
(-0.153623038269 0.00139878327531 0)
(-0.156575643019 0.00155378385056 0)
(-0.159832505132 0.00170290521362 0)
(-0.163381423624 0.00184566113776 0)
(-0.167209198917 0.00198153390913 0)
(-0.171301565407 0.00210997054042 0)
(-0.175643117347 0.00223037998325 0)
(-0.180217230151 0.00234213146532 0)
(-0.185005979501 0.00244455408914 0)
(-0.189990060903 0.00253693783789 0)
(-0.195148712648 0.00261853614074 0)
(-0.200459645457 0.00268857015233 0)
(-0.205898982363 0.00274623489729 0)
(-0.211441212737 0.00279070742025 0)
(-0.217059164577 0.00282115706055 0)
(-0.222723999437 0.00283675793931 0)
(-0.228405234505 0.00283670370122 0)
(-0.234070796361 0.00282022449324 0)
(-0.239687110889 0.00278660608703 0)
(-0.245219233508 0.00273521096018 0)
(-0.250631023468 0.00266550104449 0)
(-0.255885365243 0.00257706172959 0)
(-0.26094443911 0.0024696265809 0)
(-0.265770041806 0.00234310209758 0)
(-0.270323956671 0.00219759170654 0)
(-0.274568370918 0.00203341807117 0)
(-0.278466335775 0.00185114270048 0)
(-0.281982263045 0.00165158178594 0)
(-0.2850824495 0.00143581718314 0)
(-0.287735618303 0.00120520150323 0)
(-0.289913464655 0.000961356394778 0)
(-0.29159119114 0.000706163283979 0)
(-0.292748016979 0.000441746100831 0)
(-0.293367644702 0.000170445843128 0)
(-0.293438667815 -0.0001052127948 0)
(-0.29295490385 -0.000382562096107 0)
(-0.291915638874 -0.000658838257516 0)
(-0.29032577202 -0.000931233165899 0)
(-0.28819585184 -0.00119694927192 0)
(-0.285542000067 -0.00145325558439 0)
(-0.282385722569 -0.00169754268711 0)
(-0.278753611572 -0.00192737468398 0)
(-0.274676947395 -0.00214053611137 0)
(-0.270191211722 -0.00233507210985 0)
(-0.265335527568 -0.00250932050032 0)
(-0.260152043432 -0.00266193483559 0)
(-0.254685280562 -0.00279189796076 0)
(-0.248981462694 -0.00289852608144 0)
(-0.24232015643 -0.00894801765642 0)
(-0.236277023759 -0.00912571825995 0)
(-0.230139114725 -0.00923287290954 0)
(-0.22395325944 -0.00927106644751 0)
(-0.217764944743 -0.00924259948585 0)
(-0.211617866888 -0.00915038673531 0)
(-0.205553555901 -0.00899785074193 0)
(-0.199611073108 -0.0087888149323 0)
(-0.193826780871 -0.00852739938126 0)
(-0.188234181413 -0.00821792214088 0)
(-0.182863819934 -0.00786480835694 0)
(-0.177743245928 -0.00747250878866 0)
(-0.172897025778 -0.00704542877097 0)
(-0.168346799198 -0.0065878681412 0)
(-0.164111371967 -0.00610397220661 0)
(-0.160206837494 -0.00559769346417 0)
(-0.156646720103 -0.00507276350025 0)
(-0.153442133414 -0.00453267429138 0)
(-0.150601947814 -0.00398066799046 0)
(-0.148132961655 -0.00341973420765 0)
(-0.146040071537 -0.0028526137693 0)
(-0.144326437721 -0.00228180795352 0)
(-0.142993641365 -0.00170959224589 0)
(-0.142041830927 -0.00113803372392 0)
(-0.141469855645 -0.000569011257997 0)
(-0.1412753845 -4.23780152387e-06 0)
(-0.141455009546 0.000554715872141 0)
(-0.142004332874 0.00110639654555 0)
(-0.142918036829 0.00164944353023 0)
(-0.144189937374 0.00218256365567 0)
(-0.145813020775 0.00270450663667 0)
(-0.147779463971 0.00321404113747 0)
(-0.150080639213 0.00370993181921 0)
(-0.152707103709 0.00419091763622 0)
(-0.155648575193 0.00465569163747 0)
(-0.15889389449 0.00510288253134 0)
(-0.162430976327 0.0055310382825 0)
(-0.166246749811 0.00593861202863 0)
(-0.170327090193 0.00632395063135 0)
(-0.174656743751 0.00668528620567 0)
(-0.179219247868 0.00702073100502 0)
(-0.183996848634 0.00732827607196 0)
(-0.188970418592 0.0076057940922 0)
(-0.19411937755 0.00785104691113 0)
(-0.199421619687 0.00806169817994 0)
(-0.204853450519 0.00823533159017 0)
(-0.210389537592 0.00836947512426 0)
(-0.216002879045 0.00846163168958 0)
(-0.221664794442 0.00850931640993 0)
(-0.227344942431 0.00851010071468 0)
(-0.233011369856 0.00846166318742 0)
(-0.23863059688 0.00836184691063 0)
(-0.244167742463 0.00820872276827 0)
(-0.249586694097 0.00800065784697 0)
(-0.254850325039 0.00773638771523 0)
(-0.259920761397 0.00741509096812 0)
(-0.264759700183 0.0070364640199 0)
(-0.26932877801 0.00660079373086 0)
(-0.273589988352 0.00610902509419 0)
(-0.277506143275 0.0055628209183 0)
(-0.281041373422 0.00496461025556 0)
(-0.284161657699 0.00431762228502 0)
(-0.286835371889 0.00362590249239 0)
(-0.289033843263 0.0028943083295 0)
(-0.290731896416 0.00212848209501 0)
(-0.291908374165 0.00133479955869 0)
(-0.292546616543 0.00052029383307 0)
(-0.292634880868 -0.000307444865021 0)
(-0.292166686635 -0.00114039168368 0)
(-0.291141070653 -0.0019702287086 0)
(-0.289562740357 -0.00278850134339 0)
(-0.287442116554 -0.00358678421142 0)
(-0.284795260809 -0.00435685057339 0)
(-0.281643687003 -0.00509083887423 0)
(-0.278014061127 -0.00578141003877 0)
(-0.273937797726 -0.00642188953865 0)
(-0.269450565374 -0.00700638902259 0)
(-0.264591716833 -0.00752990338257 0)
(-0.259403662042 -0.00798838042894 0)
(-0.253931203476 -0.00837876176233 0)
(-0.248220853962 -0.00869899485216 0)
(-0.240782415499 -0.0149253896168 0)
(-0.234724695097 -0.0152218119756 0)
(-0.22857216255 -0.0154002668713 0)
(-0.222372087763 -0.0154634493576 0)
(-0.216170326977 -0.0154152543652 0)
(-0.210010869137 -0.0152606041381 0)
(-0.203935457616 -0.0150052682421 0)
(-0.197983288411 -0.0146556827667 0)
(-0.192190783383 -0.0142187744845 0)
(-0.186591434856 -0.0137017947368 0)
(-0.181215716212 -0.0131121667582 0)
(-0.176091051838 -0.01245734911 0)
(-0.171241839 -0.0117447169102 0)
(-0.166689513767 -0.0109814616733 0)
(-0.162452653059 -0.0101745098256 0)
(-0.158547105079 -0.00933045934941 0)
(-0.154986140801 -0.0084555335429 0)
(-0.151780619759 -0.00755555054093 0)
(-0.14893916403 -0.0066359070242 0)
(-0.146468335062 -0.0057015744256 0)
(-0.144372808691 -0.00475710590892 0)
(-0.142655544441 -0.00380665242828 0)
(-0.141317945894 -0.00285398625922 0)
(-0.140360009537 -0.00190253050696 0)
(-0.139780460087 -0.000955393235029 0)
(-0.139576870796 -1.54050032991e-05 0)
(-0.13974576771 0.000914841250586 0)
(-0.14028271722 0.00183294891173 0)
(-0.141182396588 0.00273667576865 0)
(-0.142438647414 0.00362389216147 0)
(-0.144044512244 0.00449253979068 0)
(-0.145992254724 0.00534059170518 0)
(-0.148273363892 0.00616601393587 0)
(-0.150878543348 0.0069667292055 0)
(-0.153797686205 0.00774058313064 0)
(-0.157019836873 0.0084853133357 0)
(-0.160533140883 0.00919852191659 0)
(-0.164324784114 0.0098776517251 0)
(-0.168380922996 0.0105199669902 0)
(-0.172686607451 0.0111225388438 0)
(-0.177225698559 0.0116822363773 0)
(-0.181980783216 0.012195723909 0)
(-0.186933088321 0.0126594651971 0)
(-0.19206239734 0.0130697353678 0)
(-0.197346972415 0.0134226413513 0)
(-0.202763485536 0.0137141516042 0)
(-0.208286962623 0.0139401358584 0)
(-0.21389074467 0.0140964155361 0)
(-0.219546470402 0.0141788253266 0)
(-0.225224085098 0.0141832862033 0)
(-0.23089188037 0.0141058898648 0)
(-0.236516569663 0.0139429942187 0)
(-0.242063404125 0.0136913290646 0)
(-0.247496333087 0.0133481106006 0)
(-0.252778212836 0.0129111627666 0)
(-0.257871066498 0.0123790427747 0)
(-0.262736396667 0.0117511674827 0)
(-0.267335550998 0.0110279365851 0)
(-0.271630139173 0.0102108479636 0)
(-0.27558249764 0.00930260002003 0)
(-0.279156196216 0.00830717547302 0)
(-0.282316578247 0.00722990098652 0)
(-0.285031323545 0.00607747719398 0)
(-0.287271020939 0.00485797422188 0)
(-0.289009735216 0.00358078873749 0)
(-0.290225551522 0.00225655985351 0)
(-0.290901079293 0.000897042883959 0)
(-0.291023897496 -0.000485058108802 0)
(-0.290586923619 -0.00187629590892 0)
(-0.289588690471 -0.00326271865565 0)
(-0.288033517435 -0.00463013400331 0)
(-0.285931566339 -0.00596438993461 0)
(-0.283298776283 -0.00725166195778 0)
(-0.280156676526 -0.00847873573272 0)
(-0.276532081394 -0.00963327415967 0)
(-0.272456676002 -0.0107040586443 0)
(-0.267966505872 -0.0116811955769 0)
(-0.263101387185 -0.0125562809306 0)
(-0.257904257037 -0.0133225181331 0)
(-0.252420484658 -0.013974786817 0)
(-0.246697165006 -0.0145096625111 0)
(-0.238469869604 -0.0209205868871 0)
(-0.232390604925 -0.0213360742641 0)
(-0.226216532099 -0.0215855846415 0)
(-0.219995581779 -0.0216730055452 0)
(-0.21377416283 -0.0216039187797 0)
(-0.207596699445 -0.0213853522045 0)
(-0.201505249254 -0.0210255216192 0)
(-0.195539202968 -0.0205335722722 0)
(-0.189735063312 -0.019919328219 0)
(-0.184126298746 -0.0191930562806 0)
(-0.178743265701 -0.0183652498011 0)
(-0.173613191843 -0.017446435885 0)
(-0.168760212167 -0.0164470083815 0)
(-0.164205449374 -0.0153770876319 0)
(-0.159967130052 -0.014246406933 0)
(-0.1560607285 -0.0130642248192 0)
(-0.152499130551 -0.0118392616103 0)
(-0.149292810443 -0.0105796582149 0)
(-0.146450014532 -0.00929295488452 0)
(-0.143976946459 -0.00798608747097 0)
(-0.141877949156 -0.00666539870685 0)
(-0.140155679872 -0.00533666209505 0)
(-0.138811275105 -0.00400511612354 0)
(-0.137844502991 -0.0026755066961 0)
(-0.137253901286 -0.00135213587352 0)
(-0.137036899576 -3.89152333014e-05 0)
(-0.137189924834 0.001260577634 0)
(-0.137708489767 0.00254304077168 0)
(-0.138587263754 0.00380538874464 0)
(-0.139820126406 0.00504469370844 0)
(-0.14140020404 0.00625812746575 0)
(-0.143319889489 0.00744290521253 0)
(-0.145570845877 0.00859623160135 0)
(-0.1481439951 0.00971524970082 0)
(-0.151029491888 0.0107969934099 0)
(-0.154216684475 0.0118383438919 0)
(-0.157694063004 0.0128359906204 0)
(-0.161449196982 0.0137863976777 0)
(-0.165468663242 0.0146857760111 0)
(-0.169737966083 0.0155300624318 0)
(-0.174241451459 0.0163149062212 0)
(-0.178962217372 0.0170356642975 0)
(-0.183882022863 0.0176874059742 0)
(-0.188981198365 0.0182649284021 0)
(-0.194238560465 0.0187627838252 0)
(-0.199631334534 0.0191753197811 0)
(-0.205135089004 0.0194967333239 0)
(-0.210723685489 0.0197211402348 0)
(-0.216369249218 0.0198426599867 0)
(-0.222042164615 0.0198555169484 0)
(-0.227711100998 0.0197541579115 0)
(-0.233343073514 0.0195333855194 0)
(-0.238903544362 0.0191885065399 0)
(-0.244356569081 0.0187154931725 0)
(-0.24966499223 0.0181111547149 0)
(-0.254790695971 0.0173733159633 0)
(-0.259694904034 0.0165009977112 0)
(-0.26433854204 0.0154945937096 0)
(-0.268682653455 0.014356037499 0)
(-0.272688868253 0.0130889517324 0)
(-0.276319918986 0.0116987720363 0)
(-0.279540196303 0.0101928372299 0)
(-0.282316333185 0.00858043791731 0)
(-0.284617804473 0.00687281616874 0)
(-0.286417525729 0.00508311027125 0)
(-0.287692433437 0.00322624036917 0)
(-0.288424027077 0.00131873319461 0)
(-0.288598853057 -0.000621513087963 0)
(-0.288208910878 -0.0025755197793 0)
(-0.287251963487 -0.00452356694166 0)
(-0.285731736427 -0.0064455707122 0)
(-0.283657994188 -0.00832148563617 0)
(-0.281046486788 -0.0101317170832 0)
(-0.277918764899 -0.0118575277386 0)
(-0.274301867382 -0.0134814220955 0)
(-0.270227890549 -0.0149874938453 0)
(-0.265733453377 -0.0163617230065 0)
(-0.260859077058 -0.0175922123881 0)
(-0.255648500248 -0.0186693563205 0)
(-0.250147953118 -0.0195859382117 0)
(-0.244405413747 -0.0203371571192 0)
(-0.235375296635 -0.0269403034069 0)
(-0.229267946597 -0.0274752579219 0)
(-0.223065902697 -0.0277953993966 0)
(-0.216817978257 -0.0279059266157 0)
(-0.210571315829 -0.0278142412418 0)
(-0.204370912451 -0.0275296170636 0)
(-0.198259233613 -0.0270628574677 0)
(-0.192275915633 -0.0264259537877 0)
(-0.186457553076 -0.0256317553724 0)
(-0.18083756549 -0.0246936601639 0)
(-0.175446135959 -0.0236253324629 0)
(-0.170310212827 -0.0224404525014 0)
(-0.165453565303 -0.0211525005616 0)
(-0.160896883541 -0.019774576721 0)
(-0.156657913952 -0.018319255928 0)
(-0.15275162104 -0.0167984770065 0)
(-0.149190367722 -0.0152234633708 0)
(-0.145984106929 -0.0136046726601 0)
(-0.143140578165 -0.0119517721595 0)
(-0.14066550362 -0.0102736367178 0)
(-0.138562779284 -0.00857836586651 0)
(-0.136834657372 -0.00687331695898 0)
(-0.135481917105 -0.00516515134207 0)
(-0.134504021585 -0.00345989082116 0)
(-0.133899259095 -0.00176298196094 0)
(-0.133664867661 -7.93660538518e-05 0)
(-0.133797142151 0.00158644712941 0)
(-0.134291523542 0.00323030342472 0)
(-0.13514267028 0.00484832757136 0)
(-0.136344511893 0.00643684689127 0)
(-0.137890285208 0.00799231634617 0)
(-0.139772553693 0.00951124583307 0)
(-0.141983210542 0.0109901304827 0)
(-0.144513466277 0.0124253846632 0)
(-0.1473538217 0.0138132803668 0)
(-0.150494027165 0.0151498906676 0)
(-0.153923029247 0.0164310389744 0)
(-0.157628905976 0.0176522548713 0)
(-0.161598792025 0.0188087374231 0)
(-0.165818795331 0.019895326932 0)
(-0.170273906905 0.020906486243 0)
(-0.174947905795 0.0218362928177 0)
(-0.179823261453 0.0226784429071 0)
(-0.18488103609 0.0234262692488 0)
(-0.190100789941 0.0240727737799 0)
(-0.195460492762 0.0246106768761 0)
(-0.200936445292 0.0250324845852 0)
(-0.206503214841 0.0253305751999 0)
(-0.212133589553 0.0254973062909 0)
(-0.217798556324 0.025525142979 0)
(-0.22346730763 0.0254068077383 0)
(-0.229107282794 0.0251354513885 0)
(-0.234684249265 0.0247048441282 0)
(-0.240162429416 0.0241095844916 0)
(-0.245504678006 0.023345322983 0)
(-0.250672714824 0.0224089958801 0)
(-0.255627416034 0.0212990633463 0)
(-0.260329166391 0.0200157446092 0)
(-0.26473827268 0.0185612416424 0)
(-0.268815436543 0.016939941627 0)
(-0.272522282234 0.0151585876041 0)
(-0.275821931906 0.0132264062833 0)
(-0.278679617906 0.0111551820907 0)
(-0.281063318289 0.0089592673406 0)
(-0.282944398768 0.00665551997982 0)
(-0.284298241601 0.00426316273009 0)
(-0.285104839942 0.00180356060281 0)
(-0.285349335105 -0.000700082439493 0)
(-0.285022474277 -0.00322310263898 0)
(-0.284120967625 -0.00573982195509 0)
(-0.282647726534 -0.0082240462241 0)
(-0.280611968832 -0.0106495985551 0)
(-0.278029182141 -0.0129908677665 0)
(-0.27492094251 -0.0152233500827 0)
(-0.271314592022 -0.0173241621307 0)
(-0.267242785394 -0.0192725045605 0)
(-0.262742921447 -0.021050058266 0)
(-0.257856480138 -0.0226412989925 0)
(-0.252628289339 -0.0240337207348 0)
(-0.247105747531 -0.0252179633559 0)
(-0.241338028944 -0.0261878448646 0)
(-0.231488898808 -0.0329907819684 0)
(-0.225347494764 -0.033645584017 0)
(-0.219111717608 -0.0340356691471 0)
(-0.212831485966 -0.0341677064517 0)
(-0.206554853627 -0.0340510943412 0)
(-0.200327520751 -0.033697538099 0)
(-0.194192443839 -0.0331206146218 0)
(-0.188189542887 -0.0323353404602 0)
(-0.182355500864 -0.0313577567952 0)
(-0.176723648138 -0.0302045422524 0)
(-0.17132392273 -0.0288926616683 0)
(-0.166182896218 -0.0274390562654 0)
(-0.161323854644 -0.0258603782803 0)
(-0.156766923879 -0.024172771007 0)
(-0.152529229296 -0.0223916935053 0)
(-0.148625080353 -0.0205317878817 0)
(-0.145066171578 -0.0186067860751 0)
(-0.141861792489 -0.0166294524231 0)
(-0.139019039991 -0.0146115579154 0)
(-0.13654302787 -0.0125638818988 0)
(-0.134437088936 -0.0104962370473 0)
(-0.132702966312 -0.00841751359088 0)
(-0.131340991133 -0.0063357390816 0)
(-0.13035024465 -0.00425815031016 0)
(-0.12972870332 -0.00219127436193 0)
(-0.129473365976 -0.000141016177322 0)
(-0.129580362577 0.00188724965542 0)
(-0.130045044386 0.00388858480619 0)
(-0.130862055669 0.00585839243588 0)
(-0.13202538722 0.00779232312641 0)
(-0.133528412186 0.009686182661 0)
(-0.135363904763 0.0115358426416 0)
(-0.137524042444 0.0133371548126 0)
(-0.140000392571 0.0150858698854 0)
(-0.142783884012 0.0167775616309 0)
(-0.145864764858 0.0184075570192 0)
(-0.149232547113 0.0199708732397 0)
(-0.15287593944 0.0214621625145 0)
(-0.156782769169 0.0228756657388 0)
(-0.160939894894 0.0242051761116 0)
(-0.165333111201 0.0254440140767 0)
(-0.169947047288 0.0265850150517 0)
(-0.174765061514 0.0276205315764 0)
(-0.179769134232 0.028542451651 0)
(-0.184939761661 0.029342235138 0)
(-0.190255853923 0.0300109701601 0)
(-0.195694640887 0.0305394514046 0)
(-0.20123158991 0.0309182821382 0)
(-0.206840340092 0.0311380014993 0)
(-0.212492658177 0.0311892382613 0)
(-0.218158421657 0.0310628917037 0)
(-0.223805635074 0.0307503394838 0)
(-0.229400485768 0.0302436714388 0)
(-0.23490744541 0.0295359470653 0)
(-0.240289423515 0.028621473022 0)
(-0.245507978707 0.0274960954081 0)
(-0.250523592646 0.0261574998274 0)
(-0.255296010257 0.0246055104366 0)
(-0.259784648166 0.0228423773887 0)
(-0.26394907091 0.0208730404693 0)
(-0.267749531699 0.018705355432 0)
(-0.271147571215 0.0163502687616 0)
(-0.274106664274 0.013821926515 0)
(-0.276592900336 0.011137703685 0)
(-0.278575680046 0.00831814234402 0)
(-0.280028406519 0.00538678972147 0)
(-0.280929147307 0.00236993134187 0)
(-0.281261241207 -0.000703780740869 0)
(-0.281013823667 -0.00380379897747 0)
(-0.280182245703 -0.00689823908175 0)
(-0.278768364157 -0.00995450921742 0)
(-0.276780685669 -0.0129399872375 0)
(-0.274234352837 -0.0158227197116 0)
(-0.271150968137 -0.0185721141924 0)
(-0.267558258945 -0.0211595957883 0)
(-0.263489594654 -0.0235592007288 0)
(-0.258983373921 -0.0257480831088 0)
(-0.254082305908 -0.027706916081 0)
(-0.248832613496 -0.0294201749612 0)
(-0.243283188774 -0.0308762964384 0)
(-0.237484731382 -0.0320677147729 0)
(-0.226798157594 -0.0390776628596 0)
(-0.220617477566 -0.0398525644705 0)
(-0.214343075285 -0.0403115330736 0)
(-0.208026197278 -0.0404629123445 0)
(-0.201715980601 -0.0403183228005 0)
(-0.195458948513 -0.0398921359423 0)
(-0.189298617471 -0.0392009357553 0)
(-0.183275212141 -0.0382629875287 0)
(-0.17742548156 -0.0370977306304 0)
(-0.171782606937 -0.0357253082983 0)
(-0.166376189877 -0.0341661439286 0)
(-0.161232308939 -0.0324405699833 0)
(-0.156373632217 -0.030568512646 0)
(-0.151819573991 -0.0285692328127 0)
(-0.147586484236 -0.0264611219506 0)
(-0.143687860792 -0.0242615497927 0)
(-0.140134575185 -0.0219867597246 0)
(-0.136935104324 -0.0196518070128 0)
(-0.134095761556 -0.0172705346569 0)
(-0.131620921735 -0.0148555815678 0)
(-0.129513236055 -0.0124184178937 0)
(-0.127773833387 -0.00996940261116 0)
(-0.126402505689 -0.00751785888134 0)
(-0.125397875815 -0.00507216312926 0)
(-0.124757546623 -0.00263984427984 0)
(-0.124478230794 -0.000227690065685 0)
(-0.124555861153 0.00215814222743 0)
(-0.12498568158 0.0045120127909 0)
(-0.125762318845 0.00682868594359 0)
(-0.12687983582 0.00910321793392 0)
(-0.128331766699 0.0113308471655 0)
(-0.13011113486 0.0135068879195 0)
(-0.132210454115 0.0156266285086 0)
(-0.134621714097 0.0176852347116 0)
(-0.137336350558 0.0196776593056 0)
(-0.140345201408 0.0215985585345 0)
(-0.14363844934 0.0234422164173 0)
(-0.147205551964 0.0252024779033 0)
(-0.151035160452 0.0268726920293 0)
(-0.155115027828 0.028445666402 0)
(-0.159431908183 0.0299136345233 0)
(-0.163971448326 0.0312682376846 0)
(-0.168718073633 0.032500523359 0)
(-0.173654870181 0.0336009622157 0)
(-0.178763465653 0.0345594860383 0)
(-0.184023911917 0.0353655489389 0)
(-0.189414572754 0.0360082142875 0)
(-0.194912020702 0.0364762697023 0)
(-0.20049094766 0.0367583722309 0)
(-0.206124094502 0.0368432254688 0)
(-0.211782205583 0.0367197897672 0)
(-0.217434014631 0.0363775258529 0)
(-0.223046269002 0.0358066710821 0)
(-0.228583799635 0.0349985461639 0)
(-0.234009644157 0.033945888515 0)
(-0.239285230384 0.0326432064577 0)
(-0.244370626874 0.031087146298 0)
(-0.249224866065 0.0292768620058 0)
(-0.253806343836 0.0272143748674 0)
(-0.258073296998 0.0249049082813 0)
(-0.261984357161 0.0223571810026 0)
(-0.265499175777 0.0195836408636 0)
(-0.268579110861 0.0166006205547 0)
(-0.271187961305 0.0134283977012 0)
(-0.2732927299 0.0100911434176 0)
(-0.274864391694 0.00661674691176 0)
(-0.275878640435 0.00303650856007 0)
(-0.276316583151 -0.000615299958016 0)
(-0.276165351731 -0.00430200267653 0)
(-0.275418601193 -0.00798519998938 0)
(-0.274076867226 -0.0116255417496 0)
(-0.272147760788 -0.0151835647779 0)
(-0.269645984532 -0.0186205613802 0)
(-0.266593164485 -0.0218994422205 0)
(-0.26301749975 -0.0249855561764 0)
(-0.258953242441 -0.0278474317809 0)
(-0.254440028743 -0.0304574093816 0)
(-0.249522089103 -0.0327921398243 0)
(-0.244247370601 -0.0348329336348 0)
(-0.238666607199 -0.0365659535409 0)
(-0.232832373755 -0.0379822519411 0)
(-0.221287651586 -0.0452058137019 0)
(-0.215063417942 -0.0461008035833 0)
(-0.208746596304 -0.0466270851088 0)
(-0.202389982145 -0.0467949323437 0)
(-0.196043959498 -0.0466184674439 0)
(-0.189755980548 -0.0461150167991 0)
(-0.183570171884 -0.045304456405 0)
(-0.177527061793 -0.044208570709 0)
(-0.171663419079 -0.0428504447856 0)
(-0.166012191166 -0.0412539050721 0)
(-0.160602527669 -0.0394430193726 0)
(-0.15545987498 -0.0374416626771 0)
(-0.150606127557 -0.0352731516955 0)
(-0.146059822326 -0.03295994798 0)
(-0.141836363758 -0.0305234271203 0)
(-0.137948268554 -0.0279837097202 0)
(-0.134405420384 -0.0253595486624 0)
(-0.131215326668 -0.0226682664487 0)
(-0.128383370827 -0.0199257360893 0)
(-0.125913054814 -0.0171463990336 0)
(-0.123806227954 -0.0143433138792 0)
(-0.12206329915 -0.0115282300263 0)
(-0.120683430469 -0.00871168097486 0)
(-0.119664710791 -0.00590309254863 0)
(-0.119004308869 -0.00311090193993 0)
(-0.118698605578 -0.000342684061285 0)
(-0.118743305485 0.00239471775763 0)
(-0.119133528149 0.00509505918358 0)
(-0.11986387972 0.00775256241924 0)
(-0.120928505517 0.0103617855156 0)
(-0.122321124345 0.0129174948 0)
(-0.124035045313 0.0154145415324 0)
(-0.126063167931 0.0178477437455 0)
(-0.128397966246 0.0202117741239 0)
(-0.131031457748 0.0225010547493 0)
(-0.13395515778 0.0247096595649 0)
(-0.137160020168 0.0268312254945 0)
(-0.140636364814 0.0288588732772 0)
(-0.144373793038 0.0307851392628 0)
(-0.148361091543 0.0326019196152 0)
(-0.152586126004 0.0343004286172 0)
(-0.157035725477 0.0358711730307 0)
(-0.16169555905 0.0373039447321 0)
(-0.16655000649 0.0385878341015 0)
(-0.171582025042 0.0397112668793 0)
(-0.17677301497 0.04066206738 0)
(-0.182102687058 0.0414275510575 0)
(-0.187548935873 0.0419946494036 0)
(-0.193087723352 0.0423500699983 0)
(-0.198692978043 0.0424804941732 0)
(-0.20433651619 0.0423728141567 0)
(-0.209987991609 0.0420144106849 0)
(-0.215614882177 0.0413934708597 0)
(-0.221182521309 0.0404993444646 0)
(-0.226654183331 0.0393229350052 0)
(-0.231991231743 0.0378571194245 0)
(-0.237153339099 0.0360971877887 0)
(-0.242098786351 0.034041291339 0)
(-0.246784847997 0.0316908842787 0)
(-0.251168266994 0.0290511417158 0)
(-0.255205820198 0.0261313335552 0)
(-0.258854970991 0.022945132131 0)
(-0.262074600793 0.0195108303422 0)
(-0.264825805582 0.0158514473455 0)
(-0.267072737596 0.0119947007839 0)
(-0.268783466483 0.00797282833279 0)
(-0.269930828943 0.00382224710685 0)
(-0.270493231788 -0.000416952924717 0)
(-0.270455371184 -0.00470167625032 0)
(-0.269808830975 -0.00898663458425 0)
(-0.2685525259 -0.0132252797265 0)
(-0.266692961294 -0.0173708219346 0)
(-0.264244289179 -0.0213772918964 0)
(-0.261228151116 -0.0252005997859 0)
(-0.257673309752 -0.0287995436352 0)
(-0.25361508278 -0.0321367216091 0)
(-0.249094603857 -0.035179308568 0)
(-0.244157943924 -0.0378996660018 0)
(-0.238855132583 -0.0402757651113 0)
(-0.23323912226 -0.0422914144095 0)
(-0.227364737843 -0.0439362946026 0)
(-0.214938837176 -0.0513791339719 0)
(-0.208667945325 -0.0523937715566 0)
(-0.202306268527 -0.0529851175979 0)
(-0.195908368191 -0.0531656916655 0)
(-0.189526026816 -0.0529524581599 0)
(-0.18320771226 -0.0523660466358 0)
(-0.176998187092 -0.0514299655678 0)
(-0.170938254303 -0.0501698385769 0)
(-0.165064626436 -0.04861268638 0)
(-0.159409902456 -0.0467862718145 0)
(-0.154002635338 -0.0447185196408 0)
(-0.148867473089 -0.0424370177366 0)
(-0.144025356523 -0.0399686019386 0)
(-0.139493758356 -0.0373390232527 0)
(-0.13528694981 -0.0345726934426 0)
(-0.131416282755 -0.0316925030654 0)
(-0.127890477319 -0.0287197047765 0)
(-0.12471590676 -0.0256738540556 0)
(-0.121896873111 -0.02257279931 0)
(-0.119435868644 -0.0194327134777 0)
(-0.117333819581 -0.0162681596779 0)
(-0.115590309587 -0.0130921840641 0)
(-0.114203781532 -0.00991642974243 0)
(-0.11317171676 -0.00675126637045 0)
(-0.112490791669 -0.00360593080587 0)
(-0.112157011859 -0.000488674900188 0)
(-0.112165824377 0.00259308280827 0)
(-0.112512208831 0.00563260414822 0)
(-0.113190748228 0.0086236792488 0)
(-0.114195680453 0.0115604770589 0)
(-0.115520931327 0.0144373998112 0)
(-0.117160130113 0.0172489425278 0)
(-0.119106608314 0.0199895584909 0)
(-0.121353382522 0.0226535314891 0)
(-0.123893121998 0.0252348556268 0)
(-0.126718101619 0.0277271235144 0)
(-0.129820140752 0.0301234237614 0)
(-0.133190528596 0.0324162488451 0)
(-0.136819936538 0.0345974146417 0)
(-0.140698318095 0.0366579931598 0)
(-0.144814797125 0.0385882603066 0)
(-0.149157545113 0.0403776608453 0)
(-0.153713648577 0.0420147930326 0)
(-0.158468967937 0.0434874157727 0)
(-0.163407989552 0.0447824814375 0)
(-0.168513673172 0.0458861977837 0)
(-0.17376729762 0.0467841225939 0)
(-0.179148308239 0.0474612947572 0)
(-0.184634170506 0.0479024054306 0)
(-0.190200235134 0.0480920126391 0)
(-0.195819621018 0.0480148021207 0)
(-0.20146312349 0.0476558963405 0)
(-0.207099156432 0.0470012123298 0)
(-0.212693737823 0.0460378672908 0)
(-0.218210529158 0.0447546287169 0)
(-0.223610939754 0.0431424030818 0)
(-0.228854307079 0.0411947539895 0)
(-0.233898163758 0.0389084371074 0)
(-0.238698600655 0.0362839353736 0)
(-0.243210733167 0.0333259740883 0)
(-0.247389274562 0.0300439918736 0)
(-0.251189215646 0.0264525404765 0)
(-0.254566604344 0.022571584474 0)
(-0.257479412104 0.0184266715712 0)
(-0.259888466561 0.0140489458417 0)
(-0.261758422339 0.00947498032474 0)
(-0.263058734686 0.00474641206693 0)
(-0.263764594768 -9.06280786621e-05 0)
(-0.263857781766 -0.00498628716364 0)
(-0.263327386031 -0.00988794677825 0)
(-0.262170360337 -0.0147413347755 0)
(-0.260391862643 -0.0194917499246 0)
(-0.258005363756 -0.0240853473188 0)
(-0.255032506076 -0.0284704258663 0)
(-0.25150271409 -0.0325986571167 0)
(-0.247452572127 -0.0364261974213 0)
(-0.24292499864 -0.0399146328134 0)
(-0.237968257524 -0.0430317173046 0)
(-0.232634854662 -0.0457518792732 0)
(-0.226980371562 -0.0480564857482 0)
(-0.221062287454 -0.0499338691381 0)
(-0.207729792368 -0.05760032609 0)
(-0.201410579863 -0.0587335415337 0)
(-0.195003274308 -0.0593868264824 0)
(-0.188564412155 -0.0595753298181 0)
(-0.182147308343 -0.0593192679927 0)
(-0.175801507794 -0.0586429880649 0)
(-0.169572403793 -0.0575740315922 0)
(-0.163501010419 -0.0561422336747 0)
(-0.15762387169 -0.0543788839532 0)
(-0.151973087488 -0.052315968873 0)
(-0.14657643534 -0.0499855075417 0)
(-0.141457567409 -0.0474189873648 0)
(-0.136636263339 -0.0446469005133 0)
(-0.132128721417 -0.0416983782315 0)
(-0.127947872833 -0.0386009169983 0)
(-0.124103706135 -0.0353801885055 0)
(-0.120603591395 -0.0320599242038 0)
(-0.117452595794 -0.0286618646245 0)
(-0.114653784358 -0.0252057636802 0)
(-0.112208501305 -0.0217094385348 0)
(-0.110116628958 -0.0181888562956 0)
(-0.108376822386 -0.0146582496163 0)
(-0.106986718877 -0.0111302542232 0)
(-0.105943122127 -0.00761606232163 0)
(-0.105242161511 -0.00412558676668 0)
(-0.104879427248 -0.000667631747997 0)
(-0.104850082455 0.00274993348058 0)
(-0.105148953256 0.00612000060086 0)
(-0.105770598145 0.0094360501441 0)
(-0.106709357772 0.0126919830198 0)
(-0.107959386288 0.0158819569702 0)
(-0.109514665234 0.0190002289724 0)
(-0.111369000899 0.0220410044156 0)
(-0.113516005887 0.0249982937696 0)
(-0.115949065531 0.0278657774285 0)
(-0.118661289678 0.0306366794669 0)
(-0.121645450229 0.0333036511586 0)
(-0.124893904758 0.035858665294 0)
(-0.128398506481 0.0382929225779 0)
(-0.132150500827 0.0405967716881 0)
(-0.136140408895 0.0427596449257 0)
(-0.140357898213 0.0447700117767 0)
(-0.144791641353 0.0466153531222 0)
(-0.149429163268 0.0482821592677 0)
(-0.154256678546 0.0497559553866 0)
(-0.159258920317 0.0510213583666 0)
(-0.164418963156 0.05206216938 0)
(-0.169718043106 0.0528615067142 0)
(-0.175135378915 0.0534019834639 0)
(-0.18064799965 0.0536659345286 0)
(-0.186230585138 0.0536356969063 0)
(-0.191855327043 0.0532939464578 0)
(-0.197491819844 0.0526240930439 0)
(-0.203106992464 0.0516107341363 0)
(-0.208665092631 0.0502401646007 0)
(-0.214127737185 0.0485009372997 0)
(-0.219454042235 0.0463844654637 0)
(-0.224600847103 0.0438856534738 0)
(-0.229523045196 0.0410035379247 0)
(-0.234174032927 0.0377419158176 0)
(-0.238506284516 0.034109931819 0)
(-0.242472055609 0.0301225921585 0)
(-0.246024212171 0.025801169524 0)
(-0.249117173141 0.0211734618836 0)
(-0.251707946147 0.0162738691772 0)
(-0.25375722579 0.0111432558942 0)
(-0.255230514415 0.0058285750634 0)
(-0.256099216973 0.000382240197897 0)
(-0.256341655691 -0.0051387540891 0)
(-0.255943947966 -0.010673945649 0)
(-0.25490069309 -0.0161607180557 0)
(-0.253215420528 -0.0215357625838 0)
(-0.250900764409 -0.0267366242578 0)
(-0.24797834464 -0.0317032581746 0)
(-0.244478353416 -0.0363795189693 0)
(-0.240438864764 -0.0407145094118 0)
(-0.235904902443 -0.0446637235242 0)
(-0.230927315842 -0.0481899343322 0)
(-0.225561523216 -0.0512637946824 0)
(-0.219866185839 -0.0538641393218 0)
(-0.213901875542 -0.0559779955188 0)
(-0.19963492489 -0.06387062285 0)
(-0.193267492664 -0.0651204797256 0)
(-0.186815805334 -0.0658314677261 0)
(-0.180338570044 -0.0660218286603 0)
(-0.173890743587 -0.0657155193869 0)
(-0.167522976064 -0.0649410920123 0)
(-0.161281246901 -0.0637305866755 0)
(-0.155206674984 -0.0621184769795 0)
(-0.149335480009 -0.0601406984306 0)
(-0.143699069858 -0.0578337808282 0)
(-0.138324228415 -0.0552340969997 0)
(-0.133233379303 -0.0523772329462 0)
(-0.128444903121 -0.0492974785248 0)
(-0.123973488449 -0.04602743326 0)
(-0.119830499904 -0.0425977186601 0)
(-0.116024349551 -0.0390367863537 0)
(-0.112560860873 -0.0353708102812 0)
(-0.109443617141 -0.031623650865 0)
(-0.1066742883 -0.0278168793602 0)
(-0.10425293248 -0.023969851284 0)
(-0.102178269788 -0.0200998187838 0)
(-0.100447927326 -0.0162220729281 0)
(-0.0990586553363 -0.0123501080862 0)
(-0.0980065150792 -0.00849580172798 0)
(-0.0972870395245 -0.00466960409575 0)
(-0.0968953682591 -0.000880733220635 0)
(-0.0968263581576 0.00286262833483 0)
(-0.097074671419 0.00655313783423 0)
(-0.097634842534 0.0101840999842 0)
(-0.0985013256456 0.0137492794326 0)
(-0.0996685236242 0.0172427193386 0)
(-0.101130800005 0.0206585668941 0)
(-0.102882474749 0.0239909064657 0)
(-0.104917804589 0.0272336009114 0)
(-0.107230948532 0.0303801416012 0)
(-0.109815918918 0.033423507732 0)
(-0.112666518237 0.0363560356647 0)
(-0.115776261797 0.0391692992206 0)
(-0.119138286212 0.0418540021617 0)
(-0.122745243593 0.0443998844203 0)
(-0.12658918133 0.0467956440526 0)
(-0.13066140739 0.049028877356 0)
(-0.134952341164 0.0510860400857 0)
(-0.139451350153 0.0529524332503 0)
(-0.144146573093 0.0546122175087 0)
(-0.14902473061 0.0560484607273 0)
(-0.154070925144 0.0572432237435 0)
(-0.159268432708 0.0581776897785 0)
(-0.164598490062 0.0588323431859 0)
(-0.170040082167 0.0591872032548 0)
(-0.175569736239 0.0592221185033 0)
(-0.181161330386 0.0589171262279 0)
(-0.186785926708 0.0582528808785 0)
(-0.192411640655 0.057211153026 0)
(-0.198003560407 0.0557753981434 0)
(-0.203523731821 0.0539313910653 0)
(-0.208931225917 0.0516679177551 0)
(-0.214182306618 0.0489775109235 0)
(-0.219230716336 0.0458572101886 0)
(-0.224028095466 0.0423093210897 0)
(-0.228524548753 0.0383421407347 0)
(-0.232669366427 0.0339706117105 0)
(-0.236411900747 0.029216860855 0)
(-0.239702589257 0.0241105764282 0)
(-0.24249410481 0.0186891770577 0)
(-0.244742599917 0.012997729485 0)
(-0.246409000241 0.00708858028728 0)
(-0.247460290445 0.00102067967533 0)
(-0.247870726674 -0.00514140709279 0)
(-0.247622905412 -0.0113287842321 0)
(-0.246708619618 -0.0174697667552 0)
(-0.245129440797 -0.0234916174058 0)
(-0.242896979942 -0.0293223993038 0)
(-0.240032799915 -0.0348928515351 0)
(-0.236567975104 -0.0401381896963 0)
(-0.23254231854 -0.044999736813 0)
(-0.228003319492 -0.0494263020165 0)
(-0.223004853112 -0.0533752436103 0)
(-0.217605735942 -0.0568131772667 0)
(-0.211868206024 -0.0597163160249 0)
(-0.205856404184 -0.062070453506 0)
(-0.190624647209 -0.0701894582446 0)
(-0.18421124763 -0.0715528757194 0)
(-0.177718873195 -0.0723159525821 0)
(-0.171208576164 -0.0725005799136 0)
(-0.164737030809 -0.0721350323744 0)
(-0.15835597737 -0.0712526354766 0)
(-0.152111887722 -0.0698904629549 0)
(-0.146045827464 -0.0680881104515 0)
(-0.140193484577 -0.0658865792574 0)
(-0.13458533305 -0.0633272921172 0)
(-0.129246900393 -0.0604512527371 0)
(-0.124199110111 -0.0572983520192 0)
(-0.11945867336 -0.0539068172809 0)
(-0.115038507771 -0.0503127957651 0)
(-0.110948165312 -0.046550060417 0)
(-0.107194254839 -0.0426498239639 0)
(-0.103780848499 -0.0386406465243 0)
(-0.100709864173 -0.034548422021 0)
(-0.0979814187923 -0.0303964293501 0)
(-0.0955941494583 -0.0262054353607 0)
(-0.0935455010007 -0.0219938380386 0)
(-0.091831979885 -0.0177778397616 0)
(-0.0904493753137 -0.0135716419716 0)
(-0.0893929490011 -0.00938765403353 0)
(-0.0886575955046 -0.00523671037567 0)
(-0.0882379751948 -0.00112829119793 0)
(-0.0881286220092 0.00292925693034 0)
(-0.0883240280776 0.00692850336724 0)
(-0.0888187071763 0.0108627206371 0)
(-0.0896072387715 0.0147256780689 0)
(-0.0906842941922 0.0185114428294 0)
(-0.0920446462155 0.0222141890111 0)
(-0.0936831630901 0.0258280152202 0)
(-0.0955947877634 0.0293467709923 0)
(-0.0977745028143 0.0327638923436 0)
(-0.100217281355 0.0360722468447 0)
(-0.102918023934 0.0392639887585 0)
(-0.105871481259 0.0423304250203 0)
(-0.109072162407 0.0452618931639 0)
(-0.112514228008 0.0480476526815 0)
(-0.116191367863 0.0506757917754 0)
(-0.120096662369 0.0531331519921 0)
(-0.12422242723 0.0554052738249 0)
(-0.128560041062 0.0574763670164 0)
(-0.133099755806 0.0593293099785 0)
(-0.137830490273 0.0609456834417 0)
(-0.142739607809 0.0623058441226 0)
(-0.147812679861 0.0633890448103 0)
(-0.153033238377 0.0641736077558 0)
(-0.158382521289 0.0646371585328 0)
(-0.163839217064 0.0647569275157 0)
(-0.169379216236 0.064510125682 0)
(-0.174975380137 0.0638744004487 0)
(-0.18059733953 0.0628283755474 0)
(-0.18621133847 0.0613522763736 0)
(-0.191780141312 0.0594286386601 0)
(-0.197263023113 0.0570430936145 0)
(-0.202615865416 0.0541852167673 0)
(-0.207791380147 0.0508494207507 0)
(-0.212739483725 0.0470358642593 0)
(-0.217407840811 0.0427513409307 0)
(-0.221742592171 0.0380101034267 0)
(-0.225689273237 0.0328345704897 0)
(-0.229193919222 0.0272558593029 0)
(-0.232204339024 0.0213140833661 0)
(-0.234671524401 0.015058358667 0)
(-0.236551144135 0.00854646930259 0)
(-0.237805056866 0.00184415855024 0)
(-0.238402763143 -0.00497596737611 0)
(-0.238322709301 -0.0118359091503 0)
(-0.237553355145 -0.0186540743568 0)
(-0.236093925586 -0.0253473347254 0)
(-0.233954783464 -0.0318332419758 0)
(-0.231157385348 -0.038032285573 0)
(-0.227733811766 -0.0438700676616 0)
(-0.223725894908 -0.0492792739316 0)
(-0.219183996727 -0.0542013344002 0)
(-0.214165514556 -0.0585876933933 0)
(-0.208733206991 -0.0624006399643 0)
(-0.202953438436 -0.0656136842019 0)
(-0.196894436804 -0.0682114970739 0)
(-0.180665023342 -0.0765540652874 0)
(-0.174210533424 -0.0780264970291 0)
(-0.167684127333 -0.0788343667866 0)
(-0.16114934503 -0.0790038787337 0)
(-0.15466460827 -0.0785683032023 0)
(-0.148282677126 -0.0775663960113 0)
(-0.142050361545 -0.0760408730611 0)
(-0.136008453601 -0.0740369927527 0)
(-0.130191841899 -0.071601282895 0)
(-0.124629768891 -0.0687804342467 0)
(-0.119346193632 -0.0656203704301 0)
(-0.114360226126 -0.062165493962 0)
(-0.10968660394 -0.0584581006127 0)
(-0.10533618681 -0.0545379490459 0)
(-0.101316449873 -0.0504419694271 0)
(-0.0976319608463 -0.0462040930449 0)
(-0.0942848305687 -0.0418551846283 0)
(-0.0912751298481 -0.037423059616 0)
(-0.0886012684334 -0.0329325698452 0)
(-0.086260334225 -0.0284057427431 0)
(-0.0842483925643 -0.0238619609146 0)
(-0.0825607467045 -0.0193181708938 0)
(-0.0811921614267 -0.0147891116575 0)
(-0.0801370522931 -0.0102875551952 0)
(-0.0793896433098 -0.00582455298612 0)
(-0.0789440958482 -0.00140968359166 0)
(-0.0787946116047 0.00294870225875 0)
(-0.0789355122092 0.00724324172669 0)
(-0.0793612978441 0.0114673269019 0)
(-0.0800666869464 0.0156148800211 0)
(-0.0810466387479 0.0196801375809 0)
(-0.0822963600726 0.0236574437126 0)
(-0.0838112974827 0.0275410529673 0)
(-0.0855871155269 0.0313249425435 0)
(-0.0876196615287 0.0350026339851 0)
(-0.0899049170399 0.0385670244661 0)
(-0.0924389357986 0.0420102279549 0)
(-0.0952177677544 0.0453234268148 0)
(-0.0982373684867 0.0484967347522 0)
(-0.101493493131 0.0515190724554 0)
(-0.104981573762 0.054378057788 0)
(-0.108696579088 0.0570599130077 0)
(-0.112632855268 0.0595493921656 0)
(-0.116783946748 0.0618297326035 0)
(-0.121142396221 0.0638826352978 0)
(-0.125699523154 0.0656882796677 0)
(-0.130445180941 0.067225379365 0)
(-0.135367493502 0.0684712864216 0)
(-0.140452573322 0.069402151915 0)
(-0.145684224343 0.0699931519189 0)
(-0.151043634977 0.0702187878362 0)
(-0.156509068783 0.0700532701244 0)
(-0.162055563012 0.0694709937513 0)
(-0.167654648313 0.0684471122675 0)
(-0.173274106249 0.0669582149377 0)
(-0.17887778482 0.064983107706 0)
(-0.184425495611 0.0625036936917 0)
(-0.18987301914 0.0595059422627 0)
(-0.195172247066 0.0559809274701 0)
(-0.200271490424 0.0519259068794 0)
(-0.205115981396 0.0473454009475 0)
(-0.209648591595 0.0422522217412 0)
(-0.213810781666 0.0366683890004 0)
(-0.217543784986 0.0306258627172 0)
(-0.220790012022 0.0241670162619 0)
(-0.223494642333 0.0173447745444 0)
(-0.2256073493 0.0102223495734 0)
(-0.227084080846 0.00287252233053 0)
(-0.227888800404 -0.00462355458735 0)
(-0.227995079421 -0.0121780257132 0)
(-0.227387429059 -0.019698426249 0)
(-0.22606226682 -0.0270901139595 0)
(-0.224028434302 -0.0342589177986 0)
(-0.22130721307 -0.0411138562834 0)
(-0.217931823524 -0.0475697664032 0)
(-0.213946432884 -0.0535496869725 0)
(-0.209404737874 -0.0589868596629 0)
(-0.204368219688 -0.0638262444576 0)
(-0.198904188916 -0.068025488984 0)
(-0.193083744409 -0.0715553366791 0)
(-0.186979763383 -0.0743995008006 0)
(-0.169717395968 -0.0829589800823 0)
(-0.163229898574 -0.0845340482504 0)
(-0.156679696893 -0.0853773958519 0)
(-0.150132915275 -0.0855203278671 0)
(-0.143649692411 -0.0850019006551 0)
(-0.137283668026 -0.0838670531061 0)
(-0.131081761774 -0.0821648282441 0)
(-0.12508419844 -0.0799467440454 0)
(-0.119324730329 -0.0772653521349 0)
(-0.11383100848 -0.0741730052715 0)
(-0.10862505804 -0.0707208398622 0)
(-0.103723818561 -0.0669579683772 0)
(-0.0991397163267 -0.0629308683535 0)
(-0.0948812423072 -0.0586829493247 0)
(-0.0909535155521 -0.0542542760495 0)
(-0.0873588173966 -0.0496814253123 0)
(-0.0840970866516 -0.0449974538844 0)
(-0.0811663698933 -0.0402319565212 0)
(-0.0785632241008 -0.035411194778 0)
(-0.0762830712667 -0.0305582796812 0)
(-0.0743205063338 -0.0256933936551 0)
(-0.0726695609834 -0.0208340394527 0)
(-0.0713239265373 -0.0159953060475 0)
(-0.0702771396068 -0.0111901434433 0)
(-0.0695227342458 -0.00642964014615 0)
(-0.0690543642783 -0.00172329857376 0)
(-0.0688658992557 0.00292069503652 0)
(-0.0689514971868 0.00749520858544 0)
(-0.0693056568188 0.0119939114471 0)
(-0.069923251846 0.01641103203 0)
(-0.0707995490098 0.0207411259083 0)
(-0.071930211641 0.0249788545173 0)
(-0.073311289785 0.0291187741943 0)
(-0.0749391976549 0.0331551352383 0)
(-0.0768106787733 0.0370816906689 0)
(-0.0789227587946 0.0408915144714 0)
(-0.0812726856493 0.0445768293082 0)
(-0.083857856315 0.0481288439627 0)
(-0.0866757292121 0.0515376011676 0)
(-0.0897237209333 0.0547918369348 0)
(-0.0929990857724 0.0578788530754 0)
(-0.0964987763233 0.0607844052718 0)
(-0.100219283288 0.0634926098301 0)
(-0.104156452609 0.0659858731246 0)
(-0.108305278114 0.0682448487166 0)
(-0.112659668161 0.0702484281974 0)
(-0.117212185181 0.0719737729327 0)
(-0.121953757837 0.0733963950422 0)
(-0.126873366532 0.0744902970737 0)
(-0.131957704521 0.0752281808433 0)
(-0.137190818836 0.0755817366927 0)
(-0.142553737706 0.075522024811 0)
(-0.148024094243 0.0750199600824 0)
(-0.153575759783 0.0740469109097 0)
(-0.159178504478 0.0725754203497 0)
(-0.164797707266 0.0705800543663 0)
(-0.170394142126 0.0680383767438 0)
(-0.175923871983 0.0649320429371 0)
(-0.181338285417 0.0612479956637 0)
(-0.18658431354 0.0569797333771 0)
(-0.19160486432 0.0521286091446 0)
(-0.196339508129 0.0467051025505 0)
(-0.200725440396 0.0407299921969 0)
(-0.204698734192 0.034235342899 0)
(-0.208195876787 0.0272652120087 0)
(-0.211155560154 0.0198759761581 0)
(-0.213520667233 0.0121361858494 0)
(-0.215240366324 0.00412587300608 0)
(-0.216272198894 -0.00406473320655 0)
(-0.216584025873 -0.0123370852332 0)
(-0.216155688723 -0.0205867430051 0)
(-0.214980248845 -0.028706245284 0)
(-0.213064693357 -0.0365882764648 0)
(-0.21043003393 -0.0441289434466 0)
(-0.207110773693 -0.0512309588257 0)
(-0.203153771213 -0.0578065283984 0)
(-0.198616583343 -0.0637797653369 0)
(-0.193565411596 -0.069088498142 0)
(-0.18807280285 -0.0736853972021 0)
(-0.182215261865 -0.0775384058673 0)
(-0.176070921947 -0.0806305171388 0)
(-0.157738007873 -0.0893954260046 0)
(-0.151229509077 -0.0910645108174 0)
(-0.144670079878 -0.0919316353862 0)
(-0.138128461549 -0.0920341348343 0)
(-0.131666400217 -0.091417766351 0)
(-0.125338188028 -0.0901345066502 0)
(-0.119190537041 -0.0882404880232 0)
(-0.11326272546 -0.0857941372754 0)
(-0.107586954279 -0.0828545566615 0)
(-0.10218885542 -0.0794801644928 0)
(-0.0970880986914 -0.0757275960284 0)
(-0.0922990526928 -0.0716508526119 0)
(-0.0878314633322 -0.0673006784245 0)
(-0.0836911218577 -0.0627241391031 0)
(-0.0798805019129 -0.0579643741352 0)
(-0.0763993516784 -0.0530604947115 0)
(-0.0732452326244 -0.0480475999814 0)
(-0.0704140007237 -0.0429568868901 0)
(-0.0679002292811 -0.0378158315568 0)
(-0.0656975749248 -0.0326484231734 0)
(-0.0637990899386 -0.0274754344162 0)
(-0.0621974851292 -0.0223147152339 0)
(-0.0608853479589 -0.0171814994994 0)
(-0.0598553208427 -0.0120887163258 0)
(-0.0591002444216 -0.00704729986268 0)
(-0.0586132703467 -0.00206649308234 0)
(-0.0583879477173 0.00284585754113 0)
(-0.0584182868541 0.00768301841728 0)
(-0.0586988035831 0.0124390973573 0)
(-0.0592245466991 0.0171087846146 0)
(-0.0599911107635 0.0216871063345 0)
(-0.0609946358979 0.0261691899558 0)
(-0.062231795756 0.0305500409089 0)
(-0.0636997743956 0.034824329862 0)
(-0.0653962323336 0.0389861897906 0)
(-0.0673192616423 0.0430290222662 0)
(-0.0694673295368 0.0469453125726 0)
(-0.0718392095081 0.0507264535595 0)
(-0.0744338986793 0.0543625785513 0)
(-0.0772505197029 0.057842404124 0)
(-0.0802882051788 0.0611530841704 0)
(-0.0835459622812 0.0642800774029 0)
(-0.0870225150404 0.0672070312887 0)
(-0.0907161215615 0.0699156863948 0)
(-0.0946243634245 0.0723858062427 0)
(-0.0987439046148 0.0745951390251 0)
(-0.103070217671 0.0765194189164 0)
(-0.107597275345 0.0781324161831 0)
(-0.112317207046 0.0794060468144 0)
(-0.117219920774 0.0803105538862 0)
(-0.122292693242 0.0808147741988 0)
(-0.127519733511 0.0808865047544 0)
(-0.132881728871 0.0804929841189 0)
(-0.138355385833 0.0796015033719 0)
(-0.143912984135 0.0781801598299 0)
(-0.149521967295 0.0761987636227 0)
(-0.155144599498 0.0736299020547 0)
(-0.16073772492 0.0704501590496 0)
(-0.166252671477 0.0666414764651 0)
(-0.171635345562 0.0621926304549 0)
(-0.176826566542 0.0571007794349 0)
(-0.181762688176 0.0513730210991 0)
(-0.186376547333 0.0450278755365 0)
(-0.190598766979 0.0380965917995 0)
(-0.194359419259 0.0306241591225 0)
(-0.197590025553 0.0226698950636 0)
(-0.200225834631 0.0143074852792 0)
(-0.202208280755 0.00562436727303 0)
(-0.20348748563 -0.00327961465647 0)
(-0.204024637269 -0.0122943044709 0)
(-0.203794061802 -0.021302034771 0)
(-0.202784809144 -0.0301810143261 0)
(-0.201001603043 -0.0388091175526 0)
(-0.198465054511 -0.0470678419842 0)
(-0.195211098762 -0.0548461725542 0)
(-0.191289686403 -0.0620440897147 0)
(-0.186762831258 -0.0685754886239 0)
(-0.181702175694 -0.074370336991 0)
(-0.176186268757 -0.079375978232 0)
(-0.170297758783 -0.0835575695461 0)
(-0.164120683784 -0.0868977172773 0)
(-0.144677640063 -0.0958505453337 0)
(-0.138164957046 -0.0976023343692 0)
(-0.131616112346 -0.0984787620009 0)
(-0.125102409468 -0.098524282774 0)
(-0.118686991424 -0.0977924048971 0)
(-0.112424468895 -0.0963431034868 0)
(-0.106360924035 -0.0942404370971 0)
(-0.10053421164 -0.0915504358376 0)
(-0.0949744804889 -0.0883392982394 0)
(-0.0897048440138 -0.0846719085115 0)
(-0.084742138931 -0.080610666375 0)
(-0.0800977213969 -0.0762146079931 0)
(-0.0757782612859 -0.0715387879185 0)
(-0.0717865055159 -0.0666338875365 0)
(-0.0681219904168 -0.0615460142267 0)
(-0.064781690711 -0.0563166564968 0)
(-0.0617605987433 -0.0509827628945 0)
(-0.0590522322108 -0.0455769159414 0)
(-0.0566490720087 -0.0401275761792 0)
(-0.0545429340952 -0.034659375342 0)
(-0.0527252807123 -0.0291934414065 0)
(-0.051187477059 -0.0237477417219 0)
(-0.0499209997757 -0.0183374334681 0)
(-0.0489176034987 -0.012975213321 0)
(-0.0481694513971 -0.00767166043446 0)
(-0.0476692151086 -0.00243556867886 0)
(-0.0474101488933 0.00272573444243 0)
(-0.0473861421988 0.00780608360087 0)
(-0.0475917541839 0.0128001866719 0)
(-0.048022233124 0.0177033508122 0)
(-0.0486735230154 0.0225112229247 0)
(-0.0495422591251 0.0272195435297 0)
(-0.0506257536872 0.0318239128862 0)
(-0.0519219724384 0.0363195681382 0)
(-0.0534295021878 0.0407011702984 0)
(-0.0551475091531 0.0449626000284 0)
(-0.0570756873321 0.049096761389 0)
(-0.0592141957298 0.0530953930563 0)
(-0.0615635828249 0.0569488869156 0)
(-0.0641246962194 0.0606461144573 0)
(-0.0668985749939 0.0641742620312 0)
(-0.0698863218915 0.0675186767861 0)
(-0.0730889520826 0.0706627260204 0)
(-0.0765072149603 0.0735876737502 0)
(-0.080141385205 0.0762725795481 0)
(-0.0839910192832 0.0786942261418 0)
(-0.088054673686 0.0808270838945 0)
(-0.0923295816224 0.0826433220893 0)
(-0.0968112856744 0.0841128788842 0)
(-0.101493225213 0.0852036038332 0)
(-0.106366279281 0.0858814888476 0)
(-0.111418268314 0.0861110052668 0)
(-0.11663342168 0.0858555660526 0)
(-0.12199182261 0.0850781327099 0)
(-0.127468847815 0.0837419859377 0)
(-0.133034625936 0.0818116767091 0)
(-0.138653546752 0.0792541698666 0)
(-0.14428386148 0.0760401847235 0)
(-0.149877423044 0.0721457259519 0)
(-0.155379622708 0.0675537826646 0)
(-0.160729584918 0.0622561538483 0)
(-0.165860683656 0.0562553344237 0)
(-0.170701439126 0.0495663693034 0)
(-0.175176840938 0.0422185550306 0)
(-0.179210121259 0.0342568433841 0)
(-0.182724967452 0.0257427835644 0)
(-0.185648119053 0.0167548352767 0)
(-0.18791224224 0.00738790047479 0)
(-0.189458922665 -0.00224803946767 0)
(-0.190241571462 -0.0120302319079 0)
(-0.190228008718 -0.0218263719276 0)
(-0.189402488517 -0.0314985962116 0)
(-0.187766966525 -0.0409080224758 0)
(-0.185341472086 -0.0499195395024 0)
(-0.182163522145 -0.0584065133232 0)
(-0.17828660618 -0.0662550650122 0)
(-0.173777870267 -0.0733676115524 0)
(-0.168715210193 -0.0796654437378 0)
(-0.163184029525 -0.0850902252178 0)
(-0.157273923188 -0.0896044110565 0)
(-0.151075516686 -0.0931906804366 0)
(-0.130481301274 -0.102306437951 0)
(-0.123987161904 -0.104126445299 0)
(-0.117475063185 -0.104994537179 0)
(-0.111018700617 -0.104963554476 0)
(-0.104682276845 -0.10409595047 0)
(-0.0985202591124 -0.102460765168 0)
(-0.0925775560788 -0.100130888409 0)
(-0.086890013923 -0.0971806813667 0)
(-0.0814851368277 -0.0936839881193 0)
(-0.0763829477767 -0.0897125390882 0)
(-0.0715969193526 -0.0853347265618 0)
(-0.0671349188709 -0.0806147182874 0)
(-0.0630001262324 -0.0756118671326 0)
(-0.0591918954553 -0.0703803716774 0)
(-0.0557065414618 -0.0649691429989 0)
(-0.0525380422357 -0.0594218356926 0)
(-0.0496786530129 -0.0537770053993 0)
(-0.0471194339271 -0.048068360037 0)
(-0.0448506957873 -0.0423250770491 0)
(-0.042862370711 -0.0365721639277 0)
(-0.0411443154234 -0.0308308438145 0)
(-0.0396865554399 -0.0251189520198 0)
(-0.0384794782424 -0.0194513327883 0)
(-0.037513983123 -0.0138402285557 0)
(-0.0367815947255 -0.00829565635824 0)
(-0.0362745465541 -0.00282576799634 0)
(-0.0359858399084 0.00256280792048 0)
(-0.0359092828967 0.00786464273338 0)
(-0.0360395133924 0.0130752030965 0)
(-0.0363720090614 0.0181905641017 0)
(-0.0369030868932 0.0232071388749 0)
(-0.0376298940306 0.028121423073 0)
(-0.0385503910962 0.0329297525692 0)
(-0.0396633286541 0.037628072575 0)
(-0.0409682169222 0.0422117165131 0)
(-0.0424652883376 0.0466751931078 0)
(-0.0441554520869 0.0510119803966 0)
(-0.0460402392134 0.0552143256802 0)
(-0.0481217364239 0.0592730508564 0)
(-0.0504025062093 0.0631773630903 0)
(-0.0528854903875 0.066914671418 0)
(-0.0555738936662 0.0704704106637 0)
(-0.0584710433247 0.0738278749935 0)
(-0.0615802206496 0.0769680645668 0)
(-0.0649044593557 0.0798695501043 0)
(-0.068446305937 0.0825083617887 0)
(-0.072207536778 0.0848579107792 0)
(-0.0761888270056 0.0868889537508 0)
(-0.0803893665774 0.0885696132597 0)
(-0.0848064201363 0.0898654693394 0)
(-0.0894348288579 0.0907397404548 0)
(-0.0942664550755 0.0911535746358 0)
(-0.0992895741019 0.0910664740311 0)
(-0.104488222552 0.090436877919 0)
(-0.109841518812 0.0892229299088 0)
(-0.115322979182 0.0873834540274 0)
(-0.12089986263 0.0848791608442 0)
(-0.12653258779 0.0816740978371 0)
(-0.132174277325 0.0777373468571 0)
(-0.137770496071 0.0730449548762 0)
(-0.143259259049 0.0675820614824 0)
(-0.148571391374 0.0613451575973 0)
(-0.153631321584 0.0543443753767 0)
(-0.158358379847 0.0466056713099 0)
(-0.162668649659 0.0381727271147 0)
(-0.166477383334 0.0291083622247 0)
(-0.169701936876 0.0194952360526 0)
(-0.172265112781 0.00943562796734 0)
(-0.174098728651 -0.000949875433191 0)
(-0.175147162488 -0.0115248829387 0)
(-0.175370572246 -0.0221408798841 0)
(-0.174747477246 -0.0326419334152 0)
(-0.173276438041 -0.0428701354817 0)
(-0.170976649101 -0.0526714133488 0)
(-0.167887346255 -0.0619012821541 0)
(-0.164066047974 -0.0704300850217 0)
(-0.159585790001 -0.0781473053628 0)
(-0.154531630697 -0.0849646508699 0)
(-0.148996767257 -0.0908177655108 0)
(-0.143078602489 -0.0956665859885 0)
(-0.13687505131 -0.0994944865885 0)
(-0.115088021727 -0.108738957987 0)
(-0.108642423893 -0.11060903266 0)
(-0.102200917211 -0.111447614178 0)
(-0.0958392700008 -0.111317389496 0)
(-0.0896222521959 -0.110291098902 0)
(-0.0836035756271 -0.108448014133 0)
(-0.0778262957095 -0.105870816419 0)
(-0.0723235484722 -0.102642941131 0)
(-0.0671195079566 -0.0988464101535 0)
(-0.062230465785 -0.0945601390078 0)
(-0.0576659538325 -0.0898586825029 0)
(-0.0534298500211 -0.0848113687358 0)
(-0.0495214247034 -0.0794817647332 0)
(-0.0459363000671 -0.0739274160298 0)
(-0.0426673071352 -0.068199805249 0)
(-0.0397052342801 -0.0623444798607 0)
(-0.0370394680102 -0.0564013056213 0)
(-0.0346585314611 -0.0504048089247 0)
(-0.032550528972 -0.0443845778611 0)
(-0.0307035067269 -0.0383656978627 0)
(-0.0291057400482 -0.0323692031957 0)
(-0.0277459578378 -0.0264125302066 0)
(-0.0266135141063 -0.0205099621089 0)
(-0.0256985156848 -0.0146730582749 0)
(-0.0249919142284 -0.00891106354528 0)
(-0.0244855695701 -0.00323129506682 0)
(-0.0241722904446 0.00236049430147 0)
(-0.0240458576106 0.00785977582297 0)
(-0.024101033476 0.0132629269308 0)
(-0.0243335614839 0.0185669338836 0)
(-0.0247401577531 0.0237691130359 0)
(-0.025318496765 0.0288668485065 0)
(-0.0260671922593 0.0338573439349 0)
(-0.0269857739087 0.0387373860141 0)
(-0.0280746597969 0.0435031175811 0)
(-0.0293351241902 0.048149818216 0)
(-0.0307692595748 0.0526716905357 0)
(-0.0323799314039 0.0570616506905 0)
(-0.0341707234636 0.0613111219726 0)
(-0.0361458712007 0.0654098309525 0)
(-0.0383101797717 0.0693456061803 0)
(-0.040668922957 0.0731041802695 0)
(-0.0432277184559 0.0766689971279 0)
(-0.0459923744396 0.0800210272736 0)
(-0.0489687016363 0.0831385956001 0)
(-0.0521622846794 0.0859972276779 0)
(-0.0555782060464 0.0885695227492 0)
(-0.0592207157305 0.0908250640054 0)
(-0.0630928399396 0.0927303795623 0)
(-0.0671959227737 0.0942489707536 0)
(-0.0715290961662 0.0953414278779 0)
(-0.076088675642 0.095965657251 0)
(-0.080867482906 0.096077247095 0)
(-0.0858541012197 0.0956300030897 0)
(-0.0910320762502 0.0945766868035 0)
(-0.0963790838222 0.0928699909867 0)
(-0.101866096907 0.0904637839083 0)
(-0.107456597186 0.0873146493989 0)
(-0.113105891274 0.0833837386484 0)
(-0.118760607317 0.0786389326536 0)
(-0.124358462708 0.0730572891159 0)
(-0.129828405688 0.0666277135806 0)
(-0.135091239269 0.059353751678 0)
(-0.14006083097 0.0512563491335 0)
(-0.144645991425 0.0423763728602 0)
(-0.148753064009 0.0327766370853 0)
(-0.152289202253 0.02254314477 0)
(-0.155166226136 0.0117852532045 0)
(-0.157304855765 0.000634514466799 0)
(-0.158639026367 -0.0107579777182 0)
(-0.159119896083 -0.0222257702698 0)
(-0.158719128171 -0.033592588956 0)
(-0.157431103466 -0.0446788673743 0)
(-0.155273821677 -0.0553088067541 0)
(-0.152288337442 -0.0653174352382 0)
(-0.148536719817 -0.0745570627674 0)
(-0.144098730572 -0.082902559944 0)
(-0.139067594119 -0.0902550540596 0)
(-0.133545319025 -0.0965438649123 0)
(-0.127638018561 -0.101726732375 0)
(-0.121451592387 -0.105788555525 0)
(-0.0984308302209 -0.11511621003 0)
(-0.0920727148208 -0.117014067101 0)
(-0.0857449321302 -0.117798117674 0)
(-0.0795248178917 -0.117542557213 0)
(-0.0734770327477 -0.116331899787 0)
(-0.0676537511087 -0.11425690258 0)
(-0.0620953483161 -0.11141103258 0)
(-0.0568314298303 -0.107887532701 0)
(-0.051882065383 -0.1037770911 0)
(-0.0472591154811 -0.0991660795856 0)
(-0.0429675633239 -0.0941353031125 0)
(-0.0390067894111 -0.0887591898047 0)
(-0.0353717472681 -0.0831053471096 0)
(-0.0320540160995 -0.0772344118419 0)
(-0.029042719677 -0.071200127899 0)
(-0.0263253106716 -0.0650495935154 0)
(-0.0238882264615 -0.0588236288197 0)
(-0.0217174267509 -0.0525572232734 0)
(-0.0197988257019 -0.0462800307604 0)
(-0.0181186322266 -0.0400168873818 0)
(-0.0166636120227 -0.0337883332418 0)
(-0.0154212842264 -0.0276111247202 0)
(-0.0143800644523 -0.0214987279543 0)
(-0.0135293646769 -0.0154617876092 0)
(-0.0128596590549 -0.00950856763633 0)
(-0.0123625234014 -0.00364536270809 0)
(-0.0120306547987 0.00212311951267 0)
(-0.011857876617 0.00779340403906 0)
(-0.011839133186 0.0133629201915 0)
(-0.0119704774194 0.018829696741 0)
(-0.0122490538633 0.0241920778097 0)
(-0.0126730789101 0.0294484566247 0)
(-0.0132418192577 0.0345970241935 0)
(-0.0139555690988 0.0396355300103 0)
(-0.0148156259662 0.044561052026 0)
(-0.0158242646261 0.0493697733008 0)
(-0.0169847078819 0.0540567629918 0)
(-0.0183010926077 0.058615759635 0)
(-0.0197784287679 0.0630389550609 0)
(-0.0214225485714 0.0673167777522 0)
(-0.0232400422557 0.0714376750391 0)
(-0.0252381762923 0.0753878942675 0)
(-0.0274247890446 0.0791512639998 0)
(-0.0298081581079 0.0827089774665 0)
(-0.0323968327392 0.0860393819422 0)
(-0.0351994239716 0.0891177795151 0)
(-0.0382243442754 0.0919162469424 0)
(-0.0414794880497 0.0944034849716 0)
(-0.0449718439318 0.0965447107342 0)
(-0.0487070300687 0.0983016106077 0)
(-0.0526887443152 0.099632375275 0)
(-0.0569181230881 0.100491843524 0)
(-0.0613930056561 0.10083178643 0)
(-0.0661071053552 0.100601368625 0)
(-0.0710490960154 0.0997478278403 0)
(-0.0762016311731 0.0982174170701 0)
(-0.0815403257537 0.0959566543865 0)
(-0.0870327450316 0.0929139223417 0)
(-0.092637463716 0.0890414501632 0)
(-0.0983032783721 0.084297695585 0)
(-0.103968677716 0.0786501168801 0)
(-0.10956169516 0.0720782873966 0)
(-0.115000282386 0.0645772533679 0)
(-0.120193346209 0.0561609715775 0)
(-0.125042577079 0.0468655902105 0)
(-0.129445157539 0.0367522613064 0)
(-0.133297363246 0.0259091115819 0)
(-0.136498960916 0.0144519778303 0)
(-0.138958191879 0.00252355268313 0)
(-0.140597004109 -0.00970933422866 0)
(-0.141356032581 -0.0220604282141 0)
(-0.14119875481 -0.0343305620454 0)
(-0.140114382465 -0.046315481164 0)
(-0.138119197924 -0.0578144220788 0)
(-0.135256090993 -0.0686388095518 0)
(-0.131592205758 -0.0786202638397 0)
(-0.127214929155 -0.0876171057663 0)
(-0.122226734421 -0.0955187958762 0)
(-0.116739515347 -0.102248091457 0)
(-0.110869007 -0.107761042041 0)
(-0.104729741874 -0.112045160847 0)
(-0.0804370309715 -0.121396677852 0)
(-0.0742163252875 -0.123295506504 0)
(-0.0680565844973 -0.123995969179 0)
(-0.0620359821596 -0.123585635935 0)
(-0.056218182658 -0.122162412917 0)
(-0.0506528567248 -0.119829859506 0)
(-0.0453767225376 -0.116693226626 0)
(-0.0404149219108 -0.1128562549 0)
(-0.0357825711228 -0.108418710101 0)
(-0.0314863599446 -0.103474592821 0)
(-0.0275261058469 -0.0981109362471 0)
(-0.0238962003001 -0.0924070965116 0)
(-0.0205869090879 -0.0864344403931 0)
(-0.0175855082028 -0.0802563417894 0)
(-0.0148772514253 -0.0739284086469 0)
(-0.0124461757438 -0.0674988738039 0)
(-0.0102757571709 -0.0610090951382 0)
(-0.00834943307134 -0.0544941215772 0)
(-0.00665100859203 -0.0479832914653 0)
(-0.00516496481794 -0.0415008382857 0)
(-0.00387668536314 -0.0350664857707 0)
(-0.00277261664501 -0.0286960201251 0)
(-0.00184037534681 -0.0224018315675 0)
(-0.00106881474866 -0.0161934208304 0)
(-0.00044805982763 -0.0100778688593 0)
(3.04806360878e-05 -0.0040602698518 0)
(0.000374118214997 0.00185587088417 0)
(0.000588899851541 0.0076682718352 0)
(0.000679629498706 0.0133755399378 0)
(0.000649893150729 0.0189768616149 0)
(0.000502084896375 0.0244717166392 0)
(0.000237432377881 0.0298596112128 0)
(-0.000143979303833 0.0351398267016 0)
(-0.000643185608158 0.040311180555 0)
(-0.00126232232427 0.0453717961019 0)
(-0.00200460639717 0.0503188781078 0)
(-0.0028743165969 0.0551484912118 0)
(-0.00387677227888 0.0598553386393 0)
(-0.00501830790887 0.0644325389339 0)
(-0.00630624039437 0.0688713988612 0)
(-0.00774882556329 0.0731611811659 0)
(-0.00935519934935 0.0772888665357 0)
(-0.011135298371 0.0812389099748 0)
(-0.0130997536319 0.0849929929027 0)
(-0.015259750034 0.0885297737079 0)
(-0.0176268433062 0.0918246412997 0)
(-0.0202127248643 0.0948494785007 0)
(-0.0230289241049 0.0975724450005 0)
(-0.0260864368154 0.0999577931414 0)
(-0.0293952679389 0.101965734134 0)
(-0.032963877078 0.103552377427 0)
(-0.0367985161838 0.104669771881 0)
(-0.0409024512504 0.105266084055 0)
(-0.0452750639785 0.105285955907 0)
(-0.0499108358476 0.104671091213 0)
(-0.054798226422 0.103361126068 0)
(-0.0599184705558 0.10129484286 0)
(-0.0652443359552 0.0984117875058 0)
(-0.0707389035681 0.0946543443259 0)
(-0.0763544583579 0.0899703091307 0)
(-0.0820316062503 0.0843159755287 0)
(-0.0876987621828 0.0776597086943 0)
(-0.0932721799776 0.0699859215753 0)
(-0.0986567107316 0.0612992894889 0)
(-0.10374747453 0.0516289423756 0)
(-0.108432597826 0.041032265259 0)
(-0.112597084169 0.0295978333532 0)
(-0.116127748741 0.0174469568297 0)
(-0.118919013641 0.00473335023685 0)
(-0.120879215743 -0.00835950015629 0)
(-0.121936782206 -0.0216235882341 0)
(-0.122045452626 -0.0348340463315 0)
(-0.121188011522 -0.0477584953432 0)
(-0.119378244867 -0.0601674347466 0)
(-0.116660724696 -0.0718449967295 0)
(-0.11310813855 -0.0825989714134 0)
(-0.108816420769 -0.0922688936022 0)
(-0.103898417798 -0.100731387797 0)
(-0.0984769917858 -0.107902516549 0)
(-0.092678363622 -0.113737386314 0)
(-0.086626238882 -0.118227531091 0)
(-0.061028948847 -0.127526912773 0)
(-0.0550090331864 -0.129395145182 0)
(-0.0490850571091 -0.129978941034 0)
(-0.0433350458143 -0.129381302166 0)
(-0.0378205532986 -0.127715249664 0)
(-0.0325875936797 -0.125098488358 0)
(-0.0276681104017 -0.121649013773 0)
(-0.023081755277 -0.117481669214 0)
(-0.0188377932245 -0.112705592758 0)
(-0.014936994203 -0.107422452646 0)
(-0.0113734161023 -0.101725349758 0)
(-0.00813601844274 -0.095698261683 0)
(-0.00521007551392 -0.0894159093685 0)
(-0.0025783791326 -0.0829439399306 0)
(-0.000222236240869 -0.0763393348505 0)
(0.00187772378398 -0.0696509689737 0)
(0.00374091178128 -0.0629202611336 0)
(0.00538628873141 -0.0561818709445 0)
(0.00683200003251 -0.0494644080311 0)
(0.00809511235485 -0.0427911296321 0)
(0.00919143324908 -0.0361806102393 0)
(0.0101353960209 -0.0296473729752 0)
(0.0109399948314 -0.0232024769979 0)
(0.0116167573574 -0.016854058617 0)
(0.012175744537 -0.0106078262642 0)
(0.0126255688933 -0.00446751117339 0)
(0.0129734246372 0.00156472323505 0)
(0.0132251242217 0.00748790954162 0)
(0.0133851372624 0.0133019379501 0)
(0.0134566287841 0.0190072470217 0)
(0.0134414946297 0.0246045391491 0)
(0.0133403926092 0.0300945164604 0)
(0.0131527685992 0.0354776329729 0)
(0.0128768773621 0.0407538589752 0)
(0.0125097983636 0.045922453804 0)
(0.0120474473509 0.0509817433972 0)
(0.0114845849456 0.055928899216 0)
(0.0108148240171 0.060759715384 0)
(0.0100306381695 0.0654683811747 0)
(0.009123374305 0.070047246326 0)
(0.00808327295771 0.0744865770929 0)
(0.00689950092531 0.0787743015226 0)
(0.00556020168901 0.0828957431776 0)
(0.00405257021022 0.0868333435332 0)
(0.00236295992534 0.0905663745978 0)
(0.000477031118905 0.0940706450496 0)
(-0.00162004870078 0.0973182054825 0)
(-0.00394334032705 0.100277061311 0)
(-0.00650779079667 0.102910905676 0)
(-0.00932779912687 0.105178889445 0)
(-0.0124166745745 0.107035451248 0)
(-0.0157859723155 0.108430237529 0)
(-0.0194446928804 0.109308150753 0)
(-0.023398334926 0.109609573105 0)
(-0.027647796653 0.1092708227 0)
(-0.0321881301272 0.108224908861 0)
(-0.0370071657119 0.106402661133 0)
(-0.0420840415502 0.103734311668 0)
(-0.0473876962756 0.100151610204 0)
(-0.05287541237 0.0955905416671 0)
(-0.0584915326382 0.0899946943747 0)
(-0.0641665116093 0.0833192864311 0)
(-0.0698165031262 0.0755357933585 0)
(-0.0753437177374 0.0666370269409 0)
(-0.0806378007813 0.0566423932717 0)
(-0.0855784682445 0.0456029068983 0)
(-0.0900395471137 0.0336053694673 0)
(-0.0938943843526 0.0207750209253 0)
(-0.097022455182 0.00727603528672 0)
(-0.0993169035668 -0.00669075903464 0)
(-0.100692187671 -0.0208936537055 0)
(-0.101090556515 -0.0350790997872 0)
(-0.100486755596 -0.0489828018634 0)
(-0.098890876397 -0.0623421759268 0)
(-0.0963486932016 -0.0749096838531 0)
(-0.0929387370394 -0.0864655499855 0)
(-0.0887663541862 -0.09682793415 0)
(-0.0839558529189 -0.105859383381 0)
(-0.078642069013 -0.113469287862 0)
(-0.0729624350558 -0.119612859222 0)
(-0.0670501768538 -0.124287433117 0)
(-0.0401253831579 -0.133438709962 0)
(-0.0343860172186 -0.135240076285 0)
(-0.028781465522 -0.135670441953 0)
(-0.0233883466482 -0.134850458224 0)
(-0.0182647655677 -0.132910045112 0)
(-0.0134517579713 -0.129982372137 0)
(-0.00897526404322 -0.126199050262 0)
(-0.00484836365834 -0.121686495423 0)
(-0.00107356621882 -0.116563351676 0)
(0.00235499231043 -0.110938823103 0)
(0.00544954050909 -0.104911750057 0)
(0.00822690370991 -0.0985702693979 0)
(0.0107069980594 -0.0919919131746 0)
(0.0129115843886 -0.0852440206324 0)
(0.0148632650443 -0.078384360557 0)
(0.0165846983199 -0.0714618823182 0)
(0.0180980012477 -0.0645175332006 0)
(0.0194243108602 -0.0575850959871 0)
(0.0205834754232 -0.0506920142083 0)
(0.0215938497326 -0.0438601831543 0)
(0.0224721717278 -0.0371066929688 0)
(0.0232335009797 -0.0304445163369 0)
(0.0238912028053 -0.0238831377874 0)
(0.0244569646912 -0.0174291248199 0)
(0.0249408342967 -0.0110866432535 0)
(0.0253512705404 -0.00485792061152 0)
(0.0256952011566 0.00125633779684 0)
(0.0259780816748 0.00725657496967 0)
(0.026203952061 0.0131440451794 0)
(0.0263754883093 0.0189205085235 0)
(0.0264940471291 0.0245879518868 0)
(0.0265597025735 0.030148331332 0)
(0.0265712740395 0.0356033311624 0)
(0.0265263455752 0.0409541351252 0)
(0.0264212768785 0.0462012054471 0)
(0.0262512068055 0.0513440656157 0)
(0.0260100506409 0.0563810830206 0)
(0.0256904928573 0.0613092477727 0)
(0.0252839776152 0.0661239442463 0)
(0.0247806998724 0.0708187121373 0)
(0.0241696006994 0.0753849941555 0)
(0.0234383712556 0.0798118679067 0)
(0.0225734709087 0.0840857601093 0)
(0.0215601661844 0.0881901421293 0)
(0.0203825986348 0.0921052069738 0)
(0.0190238913197 0.0958075294845 0)
(0.017466305378 0.0992697136583 0)
(0.0156914600963 0.102460033957 0)
(0.0136806318586 0.105342081355 0)
(0.0114151492361 0.107874429931 0)
(0.00887690302024 0.11001034625 0)
(0.0060489908652 0.111697571804 0)
(0.00291651591708 0.11287821847 0)
(-0.000532443243829 0.11348882829 0)
(-0.00430567860283 0.113460661513 0)
(-0.00840550990538 0.112720290166 0)
(-0.0128272606603 0.111190587206 0)
(-0.0175575783257 0.108792211947 0)
(-0.0225726483813 0.105445698393 0)
(-0.0278363841324 0.101074251075 0)
(-0.0332987149637 0.0956073376703 0)
(-0.0388941451318 0.0889851320483 0)
(-0.0445408093897 0.081163795827 0)
(-0.0501403028569 0.0721214826117 0)
(-0.0555786062489 0.0618648034535 0)
(-0.0607284511549 0.0504352923645 0)
(-0.0654533804192 0.037915143001 0)
(-0.0696134820097 0.024431303949 0)
(-0.0730726733145 0.0101571962292 0)
(-0.075707599282 -0.00468873422481 0)
(-0.0774171180322 -0.0198492565672 0)
(-0.0781301488438 -0.0350391800846 0)
(-0.0778113202672 -0.0499583345464 0)
(-0.076465121217 -0.0643061444642 0)
(-0.0741374313969 -0.0777981802949 0)
(-0.0709125521059 -0.0901826101238 0)
(-0.0669058967808 -0.101253204874 0)
(-0.0622541417184 -0.110857136418 0)
(-0.0571048697072 -0.118897350784 0)
(-0.0516071725169 -0.12533056616 0)
(-0.0459038388791 -0.13016211787 0)
(-0.0176441055191 -0.139045716365 0)
(-0.0122848123147 -0.140739766426 0)
(-0.00710207295792 -0.140977073642 0)
(-0.0021695885674 -0.139898265011 0)
(0.00245951147137 -0.137651944017 0)
(0.00675061150797 -0.134387976585 0)
(0.0106850568479 -0.130252308895 0)
(0.0142574155831 -0.125383209447 0)
(0.017472781983 -0.11990875479 0)
(0.0203442731799 -0.113945346203 0)
(0.0228908081899 -0.107597041585 0)
(0.0251352097948 -0.100955502544 0)
(0.027102634897 -0.0941003826609 0)
(0.0288193158759 -0.0871000130099 0)
(0.0303115819084 -0.0800122708185 0)
(0.0316051227386 -0.0728855443421 0)
(0.0327244558286 -0.0657597302338 0)
(0.0336925594207 -0.058667218703 0)
(0.0345306374572 -0.0516338367169 0)
(0.0352579865776 -0.0446797309311 0)
(0.0358919399201 -0.0378201804765 0)
(0.0364478667872 -0.0310663358048 0)
(0.0369392111794 -0.0244258840034 0)
(0.0373775556616 -0.0179036437801 0)
(0.0377726999628 -0.0115020950826 0)
(0.0381327461589 -0.00522184932163 0)
(0.038464184288 0.000937933358925 0)
(0.0387719738597 0.00697917318945 0)
(0.0390596180001 0.0129045397876 0)
(0.0393292279911 0.0187171548481 0)
(0.0395815767592 0.0244203225809 0)
(0.0398161405018 0.0300172823013 0)
(0.0400311281489 0.0355109779046 0)
(0.0402234987827 0.0409038392482 0)
(0.0403889675113 0.0461975707268 0)
(0.0405220006498 0.0513929425507 0)
(0.0406158014281 0.0564895804167 0)
(0.0406622878487 0.0614857494164 0)
(0.0406520647937 0.0663781281722 0)
(0.0405743930478 0.0711615693371 0)
(0.0404171586054 0.0758288427821 0)
(0.0401668464843 0.0803703580702 0)
(0.0398085243223 0.0847738632127 0)
(0.0393258423094 0.0890241173276 0)
(0.0387010575369 0.0931025357443 0)
(0.037915092659 0.0969868074609 0)
(0.0369476408483 0.100650486833 0)
(0.035777331386 0.104062564148 0)
(0.0343819727801 0.107187023564 0)
(0.0327388929304 0.109982402101 0)
(0.030825398335 0.112401370222 0)
(0.0286193763183 0.114390363391 0)
(0.0261000652587 0.115889305119 0)
(0.0232490171395 0.116831475428 0)
(0.0200512735973 0.11714359435 0)
(0.0164967699897 0.116746207355 0)
(0.012581970794 0.115554477531 0)
(0.00831172273626 0.113479506193 0)
(0.0037012879595 0.110430317265 0)
(-0.00122151371543 0.106316647869 0)
(-0.00641416910086 0.101052682793 0)
(-0.0118175161125 0.0945618449719 0)
(-0.0173542102449 0.0867826938222 0)
(-0.0229279231529 0.0776758738344 0)
(-0.0284236571815 0.0672318941992 0)
(-0.0337096526276 0.0554792749038 0)
(-0.038641293734 0.0424921694667 0)
(-0.0430669061021 0.0283962190787 0)
(-0.0468352771651 0.0133719417949 0)
(-0.0498059358408 -0.00234497170646 0)
(-0.0518610828386 -0.0184702385521 0)
(-0.0529147134421 -0.0346844844488 0)
(-0.0529186554485 -0.0506480283752 0)
(-0.0518686399085 -0.066016971365 0)
(-0.0498084064773 -0.0804636943262 0)
(-0.046827219599 -0.0936988187553 0)
(-0.0430507324122 -0.105488187643 0)
(-0.038628443364 -0.115662264325 0)
(-0.0337209586099 -0.124118020228 0)
(-0.028488992413 -0.130815448605 0)
(-0.0230845064631 -0.135770501967 0)
(0.00649414022255 -0.144239456108 0)
(0.0113503106752 -0.145782798079 0)
(0.0159872040179 -0.145786058796 0)
(0.0203357185299 -0.144412205196 0)
(0.0243493252079 -0.141830236037 0)
(0.0280012966241 -0.138207786648 0)
(0.0312815063917 -0.133705642506 0)
(0.0341931507744 -0.128473959853 0)
(0.0367496357004 -0.122649924106 0)
(0.0389717789747 -0.116356557576 0)
(0.0408854036522 -0.10970240096 0)
(0.0425193444496 -0.102781824828 0)
(0.0439038525859 -0.0956757676347 0)
(0.045069362398 -0.0884527385215 0)
(0.0460455720199 -0.0811699619192 0)
(0.0468607870529 -0.0738745742818 0)
(0.0475414777346 -0.0666048105919 0)
(0.0481120045491 -0.0593911396125 0)
(0.0485944730086 -0.0522573229923 0)
(0.0490086845008 -0.0452213850959 0)
(0.0493721560287 -0.038296488717 0)
(0.0497001870315 -0.0314917174633 0)
(0.0500059561346 -0.0248127692333 0)
(0.0503006345904 -0.0182625673899 0)
(0.0505935063848 -0.0118417974135 0)
(0.0508920875716 -0.00554937729304 0)
(0.0512022394408 0.000617130071174 0)
(0.0515282717208 0.00666115443431 0)
(0.0518730332405 0.0125867981449 0)
(0.052237988409 0.0183985513526 0)
(0.0526232785761 0.0241010358823 0)
(0.0530277678687 0.0296987716503 0)
(0.0534490735088 0.0351959599324 0)
(0.053883580941 0.0405962781526 0)
(0.05432644438 0.0459026811545 0)
(0.0547715736478 0.0511172041465 0)
(0.055211608452 0.0562407626634 0)
(0.0556378815776 0.0612729449835 0)
(0.0560403728601 0.0662117925035 0)
(0.0564076563151 0.0710535635951 0)
(0.0567268434371 0.075792476506 0)
(0.0569835265067 0.080420426953 0)
(0.0571617267834 0.0849266762248 0)
(0.0572438537668 0.0892975059717 0)
(0.0572106833237 0.0935158364836 0)
(0.0570413644414 0.0975608062998 0)
(0.0567134667134 0.101407312633 0)
(0.0562030833978 0.105025514563 0)
(0.0554850079803 0.108380304577 0)
(0.0545330055202 0.111430759159 0)
(0.0533202034692 0.114129586223 0)
(0.0518196297774 0.11642259667 0)
(0.0500049284433 0.118248239704 0)
(0.0478512834911 0.119537256995 0)
(0.0453365807412 0.120212529427 0)
(0.0424428315574 0.120189211587 0)
(0.0391578728876 0.119375272274 0)
(0.035477342298 0.117672582747 0)
(0.031406903875 0.114978716277 0)
(0.0269646683379 0.111189640331 0)
(0.0221837046809 0.106203491775 0)
(0.0171144763718 0.0999256162288 0)
(0.0118269547063 0.0922750046548 0)
(0.00641208546932 0.0831921508004 0)
(0.00098219130308 0.0726481912663 0)
(-0.00433032638194 0.0606549286894 0)
(-0.00937663857296 0.0472746551128 0)
(-0.0139970086754 0.0326278912049 0)
(-0.0180274463032 0.0168987448661 0)
(-0.0213111111608 0.00033881884961 0)
(-0.0237139503501 -0.016739400291 0)
(-0.0251345140004 -0.0339810029403 0)
(-0.0255083885528 -0.0510046303367 0)
(-0.0248171261074 -0.0674177178017 0)
(-0.0230979596193 -0.082841658295 0)
(-0.0204429599526 -0.0969426374417 0)
(-0.0169872230426 -0.109454371301 0)
(-0.0128925778129 -0.120189269366 0)
(-0.00833198315923 -0.129039008932 0)
(-0.00347697460235 -0.135968902857 0)
(0.00151224350139 -0.141008471999 0)
(0.0323595286174 -0.148884848525 0)
(0.0365620683324 -0.150233434597 0)
(0.0405046523754 -0.149962736018 0)
(0.0441244521986 -0.148260386068 0)
(0.0473830975307 -0.145317345598 0)
(0.0502630942352 -0.141319866999 0)
(0.0527639127222 -0.13644380577 0)
(0.0548981415796 -0.130850950487 0)
(0.0566879607883 -0.124686989121 0)
(0.0581620743034 -0.118080731984 0)
(0.0593531564986 -0.111144247659 0)
(0.0602958084054 -0.103973621295 0)
(0.0610249832787 -0.0966501027623 0)
(0.0615748217909 -0.0892414677222 0)
(0.0619778301968 -0.0818034631065 0)
(0.0622643358067 -0.0743812482872 0)
(0.0624621597086 -0.0670107742329 0)
(0.0625964545027 -0.0597200661558 0)
(0.0626896632832 -0.0525303918584 0)
(0.0627615642829 -0.0454573095519 0)
(0.0628293729577 -0.0385115965656 0)
(0.0629078796261 -0.0317000651691 0)
(0.0630096060442 -0.0250262744813 0)
(0.0631449685615 -0.0184911487965 0)
(0.0633224388829 -0.0120935130872 0)
(0.0635486960857 -0.0058305562832 0)
(0.0638287655461 0.000301767592905 0)
(0.0641661419353 0.00630839104089 0)
(0.0645628945552 0.0121948288175 0)
(0.0650197540867 0.0179669099262 0)
(0.0655361804032 0.023630538696 0)
(0.0661104115017 0.0291914784123 0)
(0.0667394938932 0.0346551514964 0)
(0.0674192950018 0.0400264506556 0)
(0.0681444982889 0.0453095557441 0)
(0.0689085819772 0.0505077513071 0)
(0.0697037824261 0.0556232398938 0)
(0.0705210434341 0.0606569462653 0)
(0.07134995305 0.0656083075897 0)
(0.072178669888 0.070475044612 0)
(0.0729938415061 0.0752529086603 0)
(0.0737805181626 0.0799353992245 0)
(0.07452206626 0.0845134467582 0)
(0.0752000870752 0.0889750554067 0)
(0.0757943480207 0.0933049006294 0)
(0.076282735746 0.0974838773172 0)
(0.076641242926 0.101488595207 0)
(0.0768440036366 0.105290820424 0)
(0.0768633957912 0.108856865206 0)
(0.0766702331386 0.112146932736 0)
(0.0762340736319 0.115114431088 0)
(0.0755236752435 0.117705280237 0)
(0.0745076339772 0.119857249445 0)
(0.0731552411242 0.121499379783 0)
(0.0714375966453 0.122551568162 0)
(0.0693290116234 0.122924414866 0)
(0.0668087237734 0.122519465121 0)
(0.0638629352032 0.121230005132 0)
(0.0604871600156 0.118942602895 0)
(0.0566888384503 0.115539612849 0)
(0.052490128711 0.110902888675 0)
(0.0479307173733 0.104918960964 0)
(0.0430703955326 0.097485907008 0)
(0.0379910826633 0.088522030821 0)
(0.0327979145065 0.0779763334481 0)
(0.0276185663215 0.0658405722798 0)
(0.0225996123957 0.0521616034293 0)
(0.0179014401194 0.0370505774349 0)
(0.0136950272166 0.0206896627443 0)
(0.0101504704487 0.00334366431937 0)
(0.00741452157099 -0.0146456299831 0)
(0.00560158364315 -0.0328890853382 0)
(0.00479660879459 -0.0509655578809 0)
(0.00504189613215 -0.0684294509018 0)
(0.00631497466303 -0.0848409337749 0)
(0.00852548782113 -0.0998128140569 0)
(0.0115315389694 -0.113041670262 0)
(0.0151613205367 -0.124320517334 0)
(0.0192318914786 -0.13353640251 0)
(0.0235627894732 -0.140661941073 0)
(0.0279870216261 -0.145743254881 0)
(0.0600041607317 -0.152815464599 0)
(0.0633714417843 -0.153928325812 0)
(0.0664446195928 -0.153348457961 0)
(0.0691684881115 -0.151290405015 0)
(0.0715140694553 -0.147968469241 0)
(0.0734741122109 -0.143588101847 0)
(0.0750584013805 -0.138340151067 0)
(0.0762893192867 -0.132397466857 0)
(0.0771979155703 -0.125913337572 0)
(0.0778206051095 -0.119021270481 0)
(0.0781965161625 -0.111835696525 0)
(0.0783654499027 -0.104453260414 0)
(0.078366378669 -0.0969544370803 0)
(0.0782363962312 -0.0894052866604 0)
(0.0780100324764 -0.0818592190441 0)
(0.0777188517221 -0.0743586849253 0)
(0.0773912644004 -0.0669367443792 0)
(0.0770524935865 -0.0596184882356 0)
(0.076724649227 -0.0524223039923 0)
(0.0764268731382 -0.045360988679 0)
(0.0761755265694 -0.0384427175183 0)
(0.0759843992873 -0.0316718807707 0)
(0.0758649248645 -0.0250498027098 0)
(0.075826391314 -0.0185753569724 0)
(0.0758761396196 -0.0122454920667 0)
(0.0760197452598 -0.00605567992747 0)
(0.076261179693 -2.99298574092e-07 0)
(0.0766029501127 0.00592703542349 0)
(0.0770462167162 0.0117331903713 0)
(0.0775908873683 0.0174252649327 0)
(0.0782356899506 0.0230103734389 0)
(0.0789782229405 0.028495448999 0)
(0.0798149849142 0.0338870632962 0)
(0.0807413837422 0.0391912566376 0)
(0.0817517262958 0.0444133728959 0)
(0.0828391895267 0.049557894199 0)
(0.0839957738475 0.0546282703069 0)
(0.0852122398602 0.0596267375875 0)
(0.0864780296802 0.0645541223725 0)
(0.0877811744145 0.0694096232405 0)
(0.0891081898158 0.0741905664696 0)
(0.0904439628007 0.0788921285592 0)
(0.0917716324315 0.0835070193546 0)
(0.0930724702003 0.0880251190165 0)
(0.0943257660823 0.0924330619317 0)
(0.0955087289327 0.0967137608068 0)
(0.09659641248 0.100845864842 0)
(0.0975616814775 0.10480314732 0)
(0.0983752365787 0.108553820592 0)
(0.0990057211719 0.112059780837 0)
(0.0994199386096 0.115275791826 0)
(0.0995832136816 0.118148627032 0)
(0.0994599372246 0.120616203777 0)
(0.0990143365263 0.122606762362 0)
(0.0982115153496 0.124038168002 0)
(0.0970188042334 0.124817443564 0)
(0.0954074525614 0.12484067556 0)
(0.0933546781334 0.123993472414 0)
(0.0908460676368 0.122152191526 0)
(0.0878782905912 0.119186190661 0)
(0.0844620426451 0.114961400721 0)
(0.0806250513905 0.109345555491 0)
(0.0764148560064 0.102215409263 0)
(0.0719010463747 0.0934661515992 0)
(0.0671767494619 0.0830231257955 0)
(0.062358313254 0.0708560985925 0)
(0.0575804651595 0.0569946509044 0)
(0.0529906102671 0.0415371595937 0)
(0.0487548082838 0.0246550332703 0)
(0.0450496106247 0.00662150906513 0)
(0.0420246795711 -0.01218948833 0)
(0.0397975078314 -0.0313613276149 0)
(0.0384786588559 -0.0504446845596 0)
(0.038152172849 -0.0689395952669 0)
(0.0388256053497 -0.0863300779024 0)
(0.0404187958833 -0.102163726288 0)
(0.0427891911807 -0.116094102572 0)
(0.0457609442248 -0.127893420927 0)
(0.0491464257027 -0.137443968382 0)
(0.0527594665872 -0.144726705885 0)
(0.0564278728007 -0.149806943159 0)
(0.0894492705153 -0.155829068825 0)
(0.0917659342222 -0.156673923367 0)
(0.0937670541937 -0.155759423265 0)
(0.0954055925065 -0.1533292432 0)
(0.0966625187046 -0.149622253256 0)
(0.0975412312372 -0.14486343598 0)
(0.0980619916335 -0.139258255841 0)
(0.0982568547947 -0.132989747251 0)
(0.0981653444594 -0.12621761655 0)
(0.0978309551669 -0.11907874244 0)
(0.0972984559692 -0.11168857291 0)
(0.09661191102 -0.104143032849 0)
(0.095813304664 -0.0965206621817 0)
(0.094941653152 -0.0888847927897 0)
(0.0940324927936 -0.0812856416406 0)
(0.0931176486094 -0.0737622486638 0)
(0.0922252039771 -0.0663442239156 0)
(0.0913796078382 -0.0590532926246 0)
(0.0906018704194 -0.0519046419102 0)
(0.0899098106012 -0.0449080818759 0)
(0.0893183279549 -0.0380690383693 0)
(0.0888396802495 -0.0313893965099 0)
(0.088483753198 -0.0248682141401 0)
(0.088258313681 -0.0185023233913 0)
(0.0881692409597 -0.0122868370777 0)
(0.088220732738 -0.00621557493446 0)
(0.0884154845663 -0.00028142298929 0)
(0.0887548421842 0.00552336226288 0)
(0.0892389271085 0.01120689468 0)
(0.0898667361982 0.0167774353771 0)
(0.0906362161533 0.022243197883 0)
(0.0915443139885 0.027612174612 0)
(0.0925870045206 0.0328919784225 0)
(0.0937592958522 0.0380896935559 0)
(0.0950552137564 0.0432117306088 0)
(0.0964677657948 0.0482636803969 0)
(0.0979888859593 0.0532501616113 0)
(0.0996093606309 0.058174657076 0)
(0.101318736744 0.0630393331845 0)
(0.10310521324 0.0678448367306 0)
(0.104955517249 0.0725900628643 0)
(0.106854766979 0.0772718873309 0)
(0.108786324131 0.0818848554967 0)
(0.110731639758 0.0864208199956 0)
(0.112670099115 0.0908685182316 0)
(0.114578873107 0.0952130805553 0)
(0.116432786743 0.0994354599382 0)
(0.118204218494 0.103511774662 0)
(0.119863048892 0.10741255742 0)
(0.121376682001 0.111101907892 0)
(0.122710169539 0.114536552219 0)
(0.123826474145 0.11766482284 0)
(0.124686914879 0.12042558728 0)
(0.125251843556 0.122747175681 0)
(0.125481603178 0.124546385349 0)
(0.125337817083 0.125727676373 0)
(0.124785046711 0.126182714268 0)
(0.123792836252 0.125790460488 0)
(0.122338134862 0.124418057514 0)
(0.120408050329 0.121922803401 0)
(0.118002832299 0.118155567042 0)
(0.115138869538 0.112966068739 0)
(0.111851284472 0.106210489108 0)
(0.108195725339 0.0977616834161 0)
(0.104249564562 0.0875221025701 0)
(0.100111351596 0.0754405543145 0)
(0.0958913891093 0.0615322123604 0)
(0.0916999943521 0.0458836555398 0)
(0.0876754014142 0.0286405247327 0)
(0.0839887315556 0.0100757368103 0)
(0.0807712962051 -0.00939359112077 0)
(0.0781170629516 -0.0293402099029 0)
(0.0761675722986 -0.0493198070593 0)
(0.075082489956 -0.0687839828004 0)
(0.0749266173145 -0.0871157099172 0)
(0.0756450086034 -0.103782428009 0)
(0.0771076699451 -0.118388138561 0)
(0.0791475626929 -0.130682272593 0)
(0.0815824150108 -0.140539214224 0)
(0.0842245373525 -0.147946401704 0)
(0.0868969337586 -0.152989582307 0)
(0.120667669192 -0.157684481322 0)
(0.121684333326 -0.158245530014 0)
(0.122384570495 -0.156987217111 0)
(0.122728632765 -0.154184812881 0)
(0.122706899932 -0.150103003391 0)
(0.122332940757 -0.144986495315 0)
(0.121636897344 -0.139054766073 0)
(0.120659706954 -0.132499907469 0)
(0.119448374577 -0.125486632527 0)
(0.118052312323 -0.118153683673 0)
(0.116520651656 -0.11061605535 0)
(0.114900382203 -0.10296760436 0)
(0.113235155781 -0.0952837564058 0)
(0.111564602036 -0.0876241233961 0)
(0.109924021562 -0.0800349244778 0)
(0.108344346029 -0.0725511582689 0)
(0.106852278069 -0.0651985097835 0)
(0.105470544437 -0.0579949977468 0)
(0.104218213324 -0.0509523805938 0)
(0.103111040597 -0.0440773456091 0)
(0.102161820504 -0.0373725077125 0)
(0.10138072452 -0.0308372440117 0)
(0.100775617921 -0.0244683885005 0)
(0.100352347946 -0.0182608088849 0)
(0.100115000398 -0.0122078849406 0)
(0.100066123521 -0.00630190526988 0)
(0.100206919322 -0.000534396975446 0)
(0.100537403275 0.0051035993026 0)
(0.101056533832 0.0106212983368 0)
(0.101762313298 0.01602797412 0)
(0.102651861691 0.021332790637 0)
(0.103721465095 0.0265446527033 0)
(0.104966599874 0.031672070745 0)
(0.106381933906 0.036723033945 0)
(0.107961305813 0.0417048865421 0)
(0.109697682986 0.0466242022573 0)
(0.111583099021 0.0514866518219 0)
(0.113608571123 0.0562968584205 0)
(0.115763997979 0.0610582355429 0)
(0.118038038709 0.0657728012378 0)
(0.120417973727 0.0704409621111 0)
(0.122889548761 0.0750612596037 0)
(0.125436803993 0.0796300701259 0)
(0.12804189129 0.0841412495683 0)
(0.130684883991 0.0885857116066 0)
(0.133343585805 0.0929509281756 0)
(0.135993348148 0.0972203397254 0)
(0.138606909011 0.10137266267 0)
(0.141154271238 0.105381082304 0)
(0.143602644118 0.109212322121 0)
(0.145916479507 0.112825585938 0)
(0.148057641972 0.116171378878 0)
(0.149985761256 0.119190228843 0)
(0.151658823393 0.121811353272 0)
(0.153034062085 0.123951348639 0)
(0.154069210803 0.125513023268 0)
(0.154724163607 0.12638454668 0)
(0.154963066392 0.126439146473 0)
(0.154756820766 0.125535641951 0)
(0.154085929078 0.123520162728 0)
(0.152943533513 0.120229476703 0)
(0.151338329461 0.115496491199 0)
(0.149296606248 0.109158622358 0)
(0.146862548335 0.101069312747 0)
(0.144097814013 0.0911122166412 0)
(0.141080265685 0.0792208744379 0)
(0.13788281728 0.0654089591879 0)
(0.13453698076 0.0497665234779 0)
(0.13111000442 0.0323876984176 0)
(0.127749394058 0.0135254250705 0)
(0.124528284843 -0.00632268592435 0)
(0.121454628963 -0.0267536602676 0)
(0.118704778384 -0.0474083019914 0)
(0.116577884119 -0.0677142546494 0)
(0.115241414877 -0.0869049901019 0)
(0.114692833984 -0.104351077066 0)
(0.114843579682 -0.119599575073 0)
(0.115561241461 -0.132372910311 0)
(0.116685856476 -0.14252606014 0)
(0.118031039248 -0.150044364351 0)
(0.119410837904 -0.155032841973 0)
(0.153560693385 -0.158101506975 0)
(0.152997827615 -0.158389355917 0)
(0.152147208863 -0.156802102286 0)
(0.150973439685 -0.153649931799 0)
(0.149474307676 -0.149224990644 0)
(0.14767196003 -0.143791990464 0)
(0.145604923307 -0.137583737492 0)
(0.14332146618 -0.130800108833 0)
(0.140874427463 -0.123609271198 0)
(0.138317412382 -0.116150220901 0)
(0.13570215986 -0.108535979297 0)
(0.133076851694 -0.100856990572 0)
(0.130485141588 -0.0931844353054 0)
(0.12796570967 -0.0855732956444 0)
(0.125552183551 -0.0780650924322 0)
(0.123273302109 -0.0706902695676 0)
(0.121153229185 -0.0634702340425 0)
(0.119211949943 -0.0564190783172 0)
(0.117465702721 -0.0495450200771 0)
(0.11592741452 -0.0428515967259 0)
(0.114607119478 -0.0363386507675 0)
(0.113512347786 -0.0300031392189 0)
(0.112648478112 -0.0238397964114 0)
(0.112019050443 -0.0178416756052 0)
(0.111626038724 -0.0120005911171 0)
(0.111470084291 -0.00630747929614 0)
(0.111550691921 -0.00075269374376 0)
(0.111866390841 0.00467375231106 0)
(0.112414863119 0.00998198565399 0)
(0.113193041837 0.015182105623 0)
(0.114197181225 0.0202840417799 0)
(0.115422900712 0.0252974300235 0)
(0.116865204503 0.0302315012597 0)
(0.118518478022 0.0350949773103 0)
(0.120376462223 0.0398959690937 0)
(0.122432206496 0.0446418722721 0)
(0.124678000652 0.0493392555187 0)
(0.127105286255 0.0539937363296 0)
(0.129704547474 0.058609838899 0)
(0.132465181558 0.0631908279507 0)
(0.135375349198 0.0677385116028 0)
(0.138421805285 0.0722530053053 0)
(0.141589711181 0.0767324476321 0)
(0.144862430458 0.081172657242 0)
(0.14822131151 0.085566718683 0)
(0.151645462368 0.0899044829823 0)
(0.155111525962 0.0941719673075 0)
(0.158593467936 0.0983506366966 0)
(0.162062394382 0.102416550421 0)
(0.165486423762 0.106339356774 0)
(0.168830645976 0.110081124129 0)
(0.172057212139 0.113595004721 0)
(0.175125610561 0.11682374297 0)
(0.177993196831 0.119698064844 0)
(0.180616056526 0.122135021846 0)
(0.182950283172 0.12403641559 0)
(0.184953743252 0.125287497432 0)
(0.18658836719 0.12575621631 0)
(0.187822948489 0.125293368278 0)
(0.188636355588 0.123734085048 0)
(0.189020970773 0.120901222284 0)
(0.188985910919 0.116611476306 0)
(0.18855855278 0.11068536137 0)
(0.187781844888 0.10296123716 0)
(0.186709781237 0.0933109788949 0)
(0.18540746063 0.0816634425111 0)
(0.183907270529 0.0680637139215 0)
(0.182093367897 0.05266021546 0)
(0.179881961225 0.0354530464493 0)
(0.177362245118 0.016632911625 0)
(0.174487209725 -0.00311915625433 0)
(0.171046000127 -0.0234972770747 0)
(0.167244365325 -0.0444098277833 0)
(0.16363813091 -0.065331587387 0)
(0.160567453352 -0.0852370176916 0)
(0.1581398664 -0.103384499585 0)
(0.156370830357 -0.119253617821 0)
(0.155209673815 -0.132529212083 0)
(0.154543573585 -0.143015518224 0)
(0.154181660208 -0.150674409974 0)
(0.15391313586 -0.155626351508 0)
(0.187929662999 -0.156766562186 0)
(0.185488004563 -0.156829417975 0)
(0.182825627477 -0.154960319024 0)
(0.17990610193 -0.151509576011 0)
(0.176731005012 -0.146799420301 0)
(0.173328312387 -0.141115271507 0)
(0.16974253691 -0.134702702845 0)
(0.166026984308 -0.127768099488 0)
(0.162238053658 -0.120481498652 0)
(0.158431293899 -0.112980537165 0)
(0.154658865075 -0.105374785558 0)
(0.150968063331 -0.0977500178344 0)
(0.147400612727 -0.0901721615581 0)
(0.143992483718 -0.0826908062921 0)
(0.14077405438 -0.0753422334966 0)
(0.137770479382 -0.0681519812288 0)
(0.13500217113 -0.0611369835592 0)
(0.132485327738 -0.0543073360332 0)
(0.130232464904 -0.0476677408324 0)
(0.128252924843 -0.0412186825889 0)
(0.126553346671 -0.0349573806637 0)
(0.12513809026 -0.0288785577034 0)
(0.124009610575 -0.0229750583059 0)
(0.123168782676 -0.017238346108 0)
(0.12261517944 -0.0116589027604 0)
(0.122347305072 -0.00622654812096 0)
(0.122362787901 -0.000930697531145 0)
(0.122658536031 0.00423943079467 0)
(0.123230859224 0.00929464754008 0)
(0.124075560099 0.0142456543364 0)
(0.125187997338 0.0191029286489 0)
(0.126563123152 0.0238766251641 0)
(0.128195496872 0.0285764881662 0)
(0.130079276056 0.0332117699471 0)
(0.132208186144 0.0377911506305 0)
(0.134575469315 0.0423226549176 0)
(0.137173812846 0.0468135611763 0)
(0.139995257023 0.0512702980112 0)
(0.1430310824 0.0556983229563 0)
(0.146271676115 0.0601019772011 0)
(0.149706376917 0.0644843092836 0)
(0.153323298766 0.0688468594341 0)
(0.157109133242 0.0731893946903 0)
(0.161048931791 0.0775095830245 0)
(0.16512587003 0.0818025925186 0)
(0.169320998287 0.0860605991167 0)
(0.173612985362 0.0902721838211 0)
(0.177977866578 0.0944215975784 0)
(0.18238881292 0.0984878700105 0)
(0.186815945948 0.102443737367 0)
(0.191226233723 0.106254366887 0)
(0.195583516591 0.109875861186 0)
(0.199848728422 0.113253540017 0)
(0.203980398341 0.116320021375 0)
(0.207935539093 0.118993164129 0)
(0.211671045626 0.121173996781 0)
(0.215145727894 0.122744845908 0)
(0.218323070255 0.123567987583 0)
(0.221174743654 0.123485267499 0)
(0.223684812487 0.122319284939 0)
(0.225854514129 0.119876956853 0)
(0.227707126554 0.115956710797 0)
(0.229290106351 0.110361219935 0)
(0.230667675997 0.102916363187 0)
(0.231908155159 0.0934902630755 0)
(0.23309760616 0.0820222415167 0)
(0.234261391893 0.0686628965271 0)
(0.235029599236 0.0537838153538 0)
(0.235052316184 0.0371578651617 0)
(0.234229020178 0.0188230818072 0)
(0.232318324816 -5.10073480416e-05 0)
(0.228645400909 -0.0194260990954 0)
(0.22341372987 -0.0398753749027 0)
(0.217638475621 -0.0610510133063 0)
(0.211919057137 -0.0814109543579 0)
(0.206636561474 -0.100146461634 0)
(0.202031726657 -0.116657458253 0)
(0.198207576348 -0.130554170816 0)
(0.195126870202 -0.141509216046 0)
(0.192562319402 -0.149417098215 0)
(0.190237617855 -0.154410334739 0)
(0.223443352299 -0.153347332193 0)
(0.218823381945 -0.153281342908 0)
(0.214094280398 -0.151216654887 0)
(0.209211059477 -0.14755217193 0)
(0.204174175096 -0.142644507027 0)
(0.199013809277 -0.136801271514 0)
(0.193777392317 -0.130280569227 0)
(0.188520413234 -0.123294146691 0)
(0.183300082536 -0.116012407205 0)
(0.178171248604 -0.108570109155 0)
(0.173183992071 -0.101072027081 0)
(0.168382409144 -0.0935981768768 0)
(0.163804196925 -0.0862084209076 0)
(0.159480750972 -0.0789464018842 0)
(0.155437567794 -0.0718428303928 0)
(0.151694809557 -0.0649181892219 0)
(0.148267936317 -0.0581849324895 0)
(0.145168345494 -0.0516492588667 0)
(0.142403982238 -0.0453125324257 0)
(0.139979900506 -0.0391724157728 0)
(0.137898765299 -0.0332237704594 0)
(0.136161293208 -0.0274593704348 0)
(0.134766632496 -0.0218704660666 0)
(0.133712686218 -0.0164472291918 0)
(0.132996383025 -0.0111791037944 0)
(0.132613900658 -0.00605508208896 0)
(0.13256084712 -0.00106392190386 0)
(0.13283240414 0.00380568183707 0)
(0.133423437089 0.00856496119001 0)
(0.13432857496 0.0132249663992 0)
(0.135542263472 0.017796477284 0)
(0.137058793772 0.0222899289621 0)
(0.138872308706 0.0267153468745 0)
(0.140976788117 0.0310822866121 0)
(0.143366014139 0.0353997743473 0)
(0.146033517059 0.0396762437681 0)
(0.148972501882 0.0439194652801 0)
(0.152175755421 0.0481364629056 0)
(0.155635533398 0.0523334137417 0)
(0.159343426859 0.0565155240081 0)
(0.16329020706 0.0606868746005 0)
(0.167465648018 0.0648502276146 0)
(0.171858326195 0.0690067834514 0)
(0.17645539734 0.0731558758263 0)
(0.181242351619 0.0772945892026 0)
(0.186202749883 0.0814172798413 0)
(0.191317946741 0.0855149778346 0)
(0.196566810249 0.0895746432946 0)
(0.201925454207 0.0935782456531 0)
(0.207367007996 0.0975016314899 0)
(0.212861461572 0.101313144683 0)
(0.218375640696 0.104971965085 0)
(0.223873390627 0.108426141459 0)
(0.229316076487 0.111610315227 0)
(0.234663547287 0.114443170521 0)
(0.239875754502 0.116824714383 0)
(0.244915245811 0.118633600061 0)
(0.249750748571 0.11972485508 0)
(0.254362022823 0.119928569982 0)
(0.258746124001 0.119050384581 0)
(0.26292522756 0.116874964329 0)
(0.266955868151 0.113174258836 0)
(0.270935537194 0.107724365275 0)
(0.274991344145 0.100336395107 0)
(0.27925340378 0.0908883964301 0)
(0.283919248947 0.079342885528 0)
(0.289138320496 0.0660635623106 0)
(0.294034033211 0.0521376152034 0)
(0.29802770627 0.0368843642685 0)
(0.300260308865 0.0193786542943 0)
(0.300323521444 0.00243247126586 0)
(0.296690084057 -0.0144729380264 0)
(0.289524049953 -0.0333873602297 0)
(0.280579265238 -0.0543828502515 0)
(0.270600236091 -0.0744672378208 0)
(0.260865352479 -0.0935497720995 0)
(0.252041240021 -0.110812361413 0)
(0.244472461275 -0.12565093524 0)
(0.23820641672 -0.137394938737 0)
(0.232879723126 -0.145789621339 0)
(0.228063286745 -0.150989801992 0)
(0.259605129161 -0.147519483289 0)
(0.25253756007 -0.147474676775 0)
(0.245517090477 -0.145343133881 0)
(0.238481996269 -0.141585343668 0)
(0.231426470683 -0.136598809526 0)
(0.224379171292 -0.130715832101 0)
(0.217387253502 -0.124207244381 0)
(0.210505374512 -0.117289207831 0)
(0.203788632495 -0.110131130529 0)
(0.197288374153 -0.10286353588 0)
(0.191049983312 -0.0955852593874 0)
(0.185111974183 -0.0883697067316 0)
(0.179505900082 -0.0812701171429 0)
(0.17425673857 -0.0743238892154 0)
(0.1693835272 -0.0675560784821 0)
(0.164900105062 -0.0609821923114 0)
(0.160815871235 -0.0546104044352 0)
(0.157136508576 -0.0484432988274 0)
(0.153864645536 -0.0424792367157 0)
(0.151000444032 -0.0367134244713 0)
(0.148542110624 -0.0311387455125 0)
(0.146486333666 -0.0257464068271 0)
(0.144828651836 -0.0205264402997 0)
(0.143563760762 -0.0154680905803 0)
(0.142685764698 -0.010560114487 0)
(0.142188379971 -0.00579101160292 0)
(0.14206509635 -0.00114920154183 0)
(0.14230930178 0.00337683989186 0)
(0.142914375178 0.00779847593907 0)
(0.143873751257 0.0121268277424 0)
(0.145180960621 0.0163727104996 0)
(0.146829647722 0.0205465816686 0)
(0.148813568662 0.024658496749 0)
(0.151126570272 0.0287180686569 0)
(0.15376255136 0.0327344269787 0)
(0.156715406582 0.0367161734403 0)
(0.159978952916 0.0406713297597 0)
(0.163546838341 0.04460727367 0)
(0.167412431945 0.0485306582696 0)
(0.171568694407 0.0524473089537 0)
(0.176008027535 0.0563620909418 0)
(0.180722101482 0.0602787387923 0)
(0.185701658319 0.0641996371782 0)
(0.190936291043 0.0681255395089 0)
(0.196414197931 0.0720552075923 0)
(0.202121913707 0.0759849513305 0)
(0.208044021509 0.0799080423414 0)
(0.214162853833 0.0838139693671 0)
(0.220458196943 0.0876874964878 0)
(0.226907023115 0.0915074779609 0)
(0.233483289803 0.0952453768947 0)
(0.240157866467 0.0988634308259 0)
(0.246898680354 0.102312408468 0)
(0.253671215921 0.105528912438 0)
(0.260439566665 0.108432210201 0)
(0.267168325076 0.110920636608 0)
(0.273825683601 0.112867727925 0)
(0.28038818681 0.114118425555 0)
(0.286847653624 0.114485951923 0)
(0.29322085308 0.11375039656 0)
(0.299562682426 0.111660579559 0)
(0.305984593683 0.107941888927 0)
(0.312677471496 0.102319428695 0)
(0.319909212958 0.0945796287296 0)
(0.327959776564 0.0846405907866 0)
(0.337302607974 0.0724388196662 0)
(0.348610545939 0.0585138885016 0)
(0.359799128135 0.0448462632559 0)
(0.371050792573 0.0329751282158 0)
(0.377821115996 0.0169769953626 0)
(0.38119735772 0.00349091737653 0)
(0.378182984598 -0.00867557398762 0)
(0.368729133119 -0.0241742573869 0)
(0.355780040394 -0.0443666903853 0)
(0.338428738747 -0.061919774088 0)
(0.321470537524 -0.0817256080563 0)
(0.306327431516 -0.100236553257 0)
(0.293559366698 -0.116789912687 0)
(0.283232954965 -0.129971098786 0)
(0.274584976377 -0.139280339384 0)
(0.266864815121 -0.144966138015 0)
(0.295725505906 -0.139006502442 0)
(0.286013255894 -0.139184228085 0)
(0.276538886271 -0.137154043514 0)
(0.267218044862 -0.13345606669 0)
(0.258035268465 -0.12853758467 0)
(0.2490152099 -0.122759066529 0)
(0.240202362888 -0.116404610147 0)
(0.23164801866 -0.109693962655 0)
(0.223402523908 -0.102794276966 0)
(0.215511111075 -0.0958306436371 0)
(0.208012005359 -0.0888950384545 0)
(0.200935911709 -0.0820536707907 0)
(0.194306288677 -0.0753528833245 0)
(0.188140030275 -0.0688238151277 0)
(0.182448322508 -0.0624860471159 0)
(0.177237536972 -0.0563504300503 0)
(0.172510085137 -0.0504212665239 0)
(0.16826519489 -0.0446979880058 0)
(0.164499593725 -0.0391764401105 0)
(0.161208096168 -0.0338498653588 0)
(0.158384100115 -0.0287096530598 0)
(0.156020000273 -0.0237459102501 0)
(0.154107528164 -0.0189478952904 0)
(0.152638028228 -0.0143043461256 0)
(0.151602678962 -0.0098037278375 0)
(0.150992667105 -0.00543441845151 0)
(0.150799321879 -0.00118484763275 0)
(0.151014215234 0.00295640038063 0)
(0.151629233086 0.00700051075024 0)
(0.152636621639 0.0109583819395 0)
(0.154029012064 0.0148405839563 0)
(0.155799426106 0.0186573263591 0)
(0.157941264511 0.0224184321593 0)
(0.160448279614 0.0261333141921 0)
(0.163314532869 0.0298109507507 0)
(0.166534337619 0.0334598572917 0)
(0.170102186948 0.0370880508207 0)
(0.174012666024 0.0407030031452 0)
(0.178260347905 0.0443115785234 0)
(0.182839671456 0.0479199502648 0)
(0.187744799634 0.0515334895263 0)
(0.192969456204 0.0551566177741 0)
(0.198506738816 0.0587926120499 0)
(0.204348906515 0.0624433491313 0)
(0.21048714028 0.0661089707302 0)
(0.216911276343 0.0697874468052 0)
(0.223609514221 0.0734740076337 0)
(0.23056810506 0.07716040722 0)
(0.237771032104 0.0808339707172 0)
(0.245199705151 0.0844763667746 0)
(0.252832706979 0.0880620324462 0)
(0.260645654798 0.0915561646025 0)
(0.26861127696 0.0949121794286 0)
(0.276699861834 0.0980685323515 0)
(0.284880329382 0.100944789837 0)
(0.293122322336 0.103436873614 0)
(0.301399888848 0.105411490593 0)
(0.309697514309 0.106699906634 0)
(0.3180195318 0.107091405131 0)
(0.326404198521 0.10632719984 0)
(0.334944471186 0.104096378308 0)
(0.343823605792 0.100037511248 0)
(0.353383383968 0.0937639957252 0)
(0.364171278271 0.0849766091659 0)
(0.376732355234 0.0736236348981 0)
(0.392017282669 0.059484982519 0)
(0.411321479651 0.0434985729194 0)
(0.43044601535 0.0251586060061 0)
(0.459621906227 0.0136405276348 0)
(0.471530704373 0.00513211737707 0)
(0.478037361944 0.00101747673697 0)
(0.47654158847 -0.00163444004112 0)
(0.466676541992 -0.0071784759152 0)
(0.450465303693 -0.0186074799111 0)
(0.416569030419 -0.0347896454856 0)
(0.387731274744 -0.0611715345347 0)
(0.364031726404 -0.0827550685665 0)
(0.34436636825 -0.10278455838 0)
(0.329180837272 -0.118550643755 0)
(0.316793261297 -0.129422837662 0)
(0.305866635868 -0.135989634706 0)
(0.330905935355 -0.127633005259 0)
(0.318476678245 -0.128271582386 0)
(0.306486391359 -0.126537700659 0)
(0.294828301031 -0.123074893664 0)
(0.283478835986 -0.118391450286 0)
(0.272459618754 -0.112879952187 0)
(0.261812309499 -0.106838080417 0)
(0.251583676238 -0.100488041681 0)
(0.241817553284 -0.09399332136 0)
(0.232551055584 -0.0874724039132 0)
(0.223813262323 -0.0810096454268 0)
(0.215625249955 -0.074663713854 0)
(0.208000803261 -0.0684740559523 0)
(0.200947413777 -0.0624658102195 0)
(0.194467346658 -0.0566535184652 0)
(0.188558660502 -0.0510439196775 0)
(0.183216125675 -0.045638048224 0)
(0.178432021274 -0.0404328071556 0)
(0.174196809728 -0.0354221464767 0)
(0.17049969742 -0.0305979444573 0)
(0.167329093809 -0.0259506657552 0)
(0.164672982623 -0.0214698517348 0)
(0.162519218231 -0.0171444845492 0)
(0.160855759106 -0.0129632562016 0)
(0.159670848812 -0.0089147660795 0)
(0.158953153395 -0.00498766468288 0)
(0.158691862654 -0.00117075696793 0)
(0.158876761431 0.00254692447574 0)
(0.159498275943 0.0061760685754 0)
(0.160547499159 0.00972705117893 0)
(0.162016198365 0.0132099119192 0)
(0.163896807332 0.0166343386654 0)
(0.166182404816 0.0200096563175 0)
(0.168866680558 0.0233448170798 0)
(0.171943889424 0.0266483895238 0)
(0.175408793825 0.0299285437286 0)
(0.179256594109 0.0331930295657 0)
(0.183482846143 0.0364491447535 0)
(0.188083364884 0.0397036886287 0)
(0.193054112273 0.0429628965902 0)
(0.198391067351 0.0462323488046 0)
(0.20409007612 0.0495168449087 0)
(0.210146678301 0.0528202339538 0)
(0.216555907972 0.0561451855124 0)
(0.223312065194 0.0594928834567 0)
(0.230408456248 0.0628626180716 0)
(0.237837101614 0.0662512444659 0)
(0.245588413555 0.0696524651186 0)
(0.25365085038 0.0730558812123 0)
(0.262010563658 0.0764457404621 0)
(0.270651070522 0.079799287813 0)
(0.279553009436 0.0830845994159 0)
(0.288694077855 0.0862577491808 0)
(0.29804931412 0.0892591175514 0)
(0.307592006275 0.0920086022884 0)
(0.317295726819 0.0943994586896 0)
(0.327138259089 0.096290526104 0)
(0.337108431842 0.09749657813 0)
(0.347217332025 0.0977762708494 0)
(0.357516047668 0.096817265235 0)
(0.368123710993 0.0942191091888 0)
(0.379284545168 0.0894732177518 0)
(0.391518144003 0.0819483960239 0)
(0.405801498709 0.0709914165625 0)
(0.423129594848 0.0562447134711 0)
(0.446132321312 0.037267676362 0)
(0.47578508255 0.0142675063257 0)
(0.49370388323 0.00102732383158 0)
(0.5 0 0)
(0.5 0 0)
(0.5 0 0)
(0.5 0 0)
(0.5 0 0)
(0.5 0 0)
(0.489538687753 -0.00401814351496 0)
(0.454697162911 -0.0278284116981 0)
(0.422689186784 -0.0556978515083 0)
(0.394757914474 -0.0826059951894 0)
(0.374435572903 -0.102655193413 0)
(0.358239214548 -0.115897601829 0)
(0.344013707081 -0.123828203433 0)
(0.364033720368 -0.113408334564 0)
(0.349008194416 -0.114743713313 0)
(0.334584833902 -0.113495820336 0)
(0.320649011819 -0.110442783737 0)
(0.307182133896 -0.106165434101 0)
(0.294210962542 -0.101090450086 0)
(0.281778290434 -0.0955273988151 0)
(0.269927588634 -0.0896984233193 0)
(0.258695880629 -0.0837611716425 0)
(0.248111161547 -0.0778260609447 0)
(0.238192147343 -0.0719690693554 0)
(0.228949112896 -0.0662411334392 0)
(0.220385157873 -0.0606750242518 0)
(0.212497559563 -0.0552903704034 0)
(0.205279046545 -0.0500973264191 0)
(0.198718922268 -0.0450992529067 0)
(0.192804018332 -0.0402946761677 0)
(0.187519482644 -0.0356787219147 0)
(0.182849418962 -0.031244164505 0)
(0.178777398189 -0.0269821944586 0)
(0.175286861765 -0.0228829790707 0)
(0.172361435806 -0.0189360707107 0)
(0.169985172234 -0.0151307027625 0)
(0.168142730651 -0.0114560025414 0)
(0.166819512355 -0.00790114280717 0)
(0.16600175584 -0.00445544787873 0)
(0.165676601329 -0.00110846624245 0)
(0.165832130403 0.00214998144173 0)
(0.166457385502 0.0053297722246 0)
(0.167542373066 0.00844046352382 0)
(0.16907805318 0.0114912845751 0)
(0.171056317869 0.0144911335049 0)
(0.173469959529 0.0174485773932 0)
(0.176312630478 0.0203718530054 0)
(0.179578794046 0.0232688660055 0)
(0.183263667214 0.0261471864092 0)
(0.187363154319 0.0290140378026 0)
(0.191873770917 0.0318762774131 0)
(0.196792556385 0.0347403634484 0)
(0.202116973373 0.03761230514 0)
(0.207844791641 0.0404975895662 0)
(0.213973953266 0.0434010774627 0)
(0.220502415572 0.0463268576728 0)
(0.227427967589 0.0492780464219 0)
(0.234748015337 0.0522565128817 0)
(0.242459331043 0.055262506081 0)
(0.250557761665 0.0582941494864 0)
(0.259037893342 0.0613467576523 0)
(0.267892671528 0.0644119130693 0)
(0.277112983225 0.0674762192025 0)
(0.286687220963 0.0705196158081 0)
(0.296600871635 0.0735131029128 0)
(0.306836209018 0.0764156665283 0)
(0.317372226821 0.0791701202156 0)
(0.328185086578 0.0816974592117 0)
(0.339249648993 0.0838892108194 0)
(0.35054296873 0.08559722052 0)
(0.362050721132 0.0866200124707 0)
(0.373778142675 0.0866838029671 0)
(0.38576856121 0.0854161565793 0)
(0.398130843844 0.0823119352172 0)
(0.411087703248 0.0766776920085 0)
(0.425165907075 0.0675064084755 0)
(0.441595732517 0.053424329403 0)
(0.461877338732 0.033413038826 0)
(0.491023226859 0.00694853004252 0)
(0.5 0 0)
(0.5 0 0)
(0.5 0 0)
(0.5 0 0)
(0.5 0 0)
(0.5 0 0)
(0.5 0 0)
(0.5 0 0)
(0.5 0 0)
(0.497662809497 -0.00104132868657 0)
(0.479396095401 -0.0171261753932 0)
(0.441440582506 -0.0553779570927 0)
(0.41679416106 -0.0820241606427 0)
(0.397255496201 -0.0986139379071 0)
(0.37994480195 -0.108469762554 0)
(0.393814050772 -0.0966825024838 0)
(0.376595559685 -0.0988288810184 0)
(0.360004929489 -0.0981819556185 0)
(0.343980184383 -0.095672955954 0)
(0.328544961448 -0.0919532840418 0)
(0.31375080589 -0.0874759287987 0)
(0.2996509992 -0.0825546381119 0)
(0.286289681525 -0.0774056548321 0)
(0.273698393103 -0.0721769756188 0)
(0.261896160448 -0.0669687908325 0)
(0.250891053368 -0.0618477415992 0)
(0.240682180982 -0.0568568812145 0)
(0.231261662323 -0.0520226611005 0)
(0.222616382518 -0.0473598516547 0)
(0.2147294751 -0.0428750236673 0)
(0.207581531733 -0.0385690213153 0)
(0.201151567043 -0.0344387248877 0)
(0.195417775073 -0.0304783104998 0)
(0.19035811397 -0.0266801516659 0)
(0.185950751909 -0.023035464596 0)
(0.182174402343 -0.0195347692668 0)
(0.179008571814 -0.0161682175412 0)
(0.176433739111 -0.0129258250196 0)
(0.174431480836 -0.00979763301161 0)
(0.172984555261 -0.00677381971209 0)
(0.172076953889 -0.00384477445624 0)
(0.171693928036 -0.00100114519119 0)
(0.171821996154 0.0017661333728 0)
(0.172448936288 0.0044658253956 0)
(0.173563767017 0.0071063891704 0)
(0.17515671939 0.00969597883685 0)
(0.177219201641 0.0122424500396 0)
(0.179743757925 0.0147533674723 0)
(0.182724021768 0.0172360124969 0)
(0.186154664494 0.0196973891123 0)
(0.190031338449 0.0221442264835 0)
(0.194350614417 0.0245829760054 0)
(0.199109912152 0.027019800462 0)
(0.204307422472 0.0294605522094 0)
(0.209942018789 0.031910736386 0)
(0.216013155271 0.0343754538625 0)
(0.222520748093 0.0368593168477 0)
(0.229465035299 0.0393663275758 0)
(0.236846409769 0.041899707062 0)
(0.244665218599 0.0444616561438 0)
(0.252921520955 0.0470530243954 0)
(0.261614795171 0.0496728532127 0)
(0.270743584868 0.0523177462812 0)
(0.280305073718 0.0549810020831 0)
(0.290294580664 0.057651416717 0)
(0.300704974832 0.060311627765 0)
(0.311526025052 0.0629358172584 0)
(0.322743719407 0.0654865158991 0)
(0.334339621986 0.0679101270718 0)
(0.346290477104 0.0701305901489 0)
(0.358568667656 0.0720404037069 0)
(0.371144418603 0.0734881362272 0)
(0.383990255307 0.0742608804176 0)
(0.397089537086 0.0740579525301 0)
(0.41045502131 0.0724525522203 0)
(0.424150719527 0.0688420518958 0)
(0.43827878337 0.0623553326106 0)
(0.453096043148 0.0515179783201 0)
(0.469728605654 0.0337855349627 0)
(0.49306144869 0.0074461229418 0)
(0.5 0 0)
(0.5 0 0)
(0.5 0 0)
(0.5 0 0)
(0.5 0 0)
(0.5 0 0)
(0.5 0 0)
(0.5 0 0)
(0.5 0 0)
(0.5 0 0)
(0.5 0 0)
(0.5 0 0)
(0.482223281193 -0.0214941199793 0)
(0.452906991853 -0.0571852024248 0)
(0.431446129444 -0.0781629405377 0)
(0.411916684314 -0.0904225484134 0)
(0.41904060381 -0.0782389352298 0)
(0.400298104882 -0.0809893905991 0)
(0.381957151059 -0.0808998809532 0)
(0.364143163557 -0.0789900793817 0)
(0.346980702557 -0.075939119305 0)
(0.330572169259 -0.0721981407653 0)
(0.314992804706 -0.0680674035827 0)
(0.300292443209 -0.0637466743147 0)
(0.286499362956 -0.0593683312006 0)
(0.27362467537 -0.0550192817968 0)
(0.261666422542 -0.050755564275 0)
(0.250613045189 -0.046612148987 0)
(0.240446178346 -0.0426095750606 0)
(0.231142844524 -0.038758482465 0)
(0.22267714242 -0.0350627311121 0)
(0.215021528224 -0.0315215620957 0)
(0.208147775555 -0.0281311035481 0)
(0.202027685978 -0.0248854241312 0)
(0.196633608017 -0.0217772717582 0)
(0.191938810249 -0.0187985917066 0)
(0.187917743773 -0.0159408891409 0)
(0.184546221239 -0.0131954813299 0)
(0.181801533185 -0.0105536713345 0)
(0.179662517527 -0.0080068656203 0)
(0.178109594234 -0.00554665156288 0)
(0.17712477432 -0.00316484627397 0)
(0.176691650072 -0.000853524970089 0)
(0.176795371711 0.00139496515488 0)
(0.177422614391 0.00358800119695 0)
(0.178561538407 0.00573268772921 0)
(0.180201744696 0.00783586447877 0)
(0.182334227073 0.00990411660386 0)
(0.184951322106 0.0119437860295 0)
(0.188046657117 0.0139609824871 0)
(0.191615096346 0.0159615929585 0)
(0.195652684947 0.0179512881477 0)
(0.200156590096 0.0199355243939 0)
(0.205125037984 0.0219195390657 0)
(0.210557245035 0.0239083369169 0)
(0.21645334098 0.025906664067 0)
(0.222814280703 0.0279189651086 0)
(0.229641740782 0.0299493172317 0)
(0.23693799541 0.0320013329698 0)
(0.244705764844 0.0340780199956 0)
(0.252948027562 0.0361815818951 0)
(0.261667784821 0.0383131374855 0)
(0.270867763177 0.0404723271183 0)
(0.280550036619 0.0426567612129 0)
(0.290715545488 0.0448612469805 0)
(0.301363485041 0.0470767008554 0)
(0.312490534866 0.0492886120468 0)
(0.324089902339 0.051474861076 0)
(0.33615014378 0.0536026032957 0)
(0.348653702911 0.055623761101 0)
(0.361575238526 0.0574683852269 0)
(0.374880342039 0.0590348671944 0)
(0.388525338975 0.0601758495979 0)
(0.402457444848 0.0606774385987 0)
(0.416617548845 0.0602257407004 0)
(0.430958742549 0.0583579776549 0)
(0.44546661103 0.0544054676123 0)
(0.460014470982 0.0473794629784 0)
(0.474273412851 0.0355515738655 0)
(0.489985766242 0.014502767925 0)
(0.5 0 0)
(0.5 0 0)
(0.5 0 0)
(0.5 0 0)
(0.5 0 0)
(0.5 0 0)
(0.5 0 0)
(0.5 0 0)
(0.5 0 0)
(0.5 0 0)
(0.5 0 0)
(0.5 0 0)
(0.5 0 0)
(0.498721128661 -0.00355791899704 0)
(0.478047908719 -0.0351815635622 0)
(0.457584122036 -0.0575596441719 0)
(0.438090459222 -0.0711483585625 0)
(0.439211223939 -0.0588553535011 0)
(0.419456656241 -0.0617464697221 0)
(0.399783431082 -0.0620305386277 0)
(0.380533266982 -0.0607001085786 0)
(0.361953459736 -0.0583853156609 0)
(0.344208556884 -0.0554904654386 0)
(0.32740129809 -0.0522768795267 0)
(0.311590221169 -0.048913776025 0)
(0.296802286316 -0.0455104387736 0)
(0.283042216435 -0.0421368301366 0)
(0.270299405942 -0.0388369038346 0)
(0.258552955022 -0.0356372853115 0)
(0.247775308127 -0.0325529938118 0)
(0.237934873897 -0.0295912555952 0)
(0.228997903892 -0.0267540704946 0)
(0.22092983151 -0.0240399543536 0)
(0.213696217913 -0.0214451302854 0)
(0.207263412269 -0.0189643472457 0)
(0.201599004601 -0.0165914440797 0)
(0.196672128261 -0.0143197382071 0)
(0.192453653602 -0.0121422925752 0)
(0.188916303189 -0.0100520975926 0)
(0.186034710718 -0.00804219340304 0)
(0.183785439892 -0.00610575015539 0)
(0.182146975152 -0.00423611865779 0)
(0.181099692994 -0.00242686016011 0)
(0.180625820257 -0.000671761477268 0)
(0.18070938404 0.00103516010157 0)
(0.181336156622 0.00269965891222 0)
(0.182493597796 0.00432726768458 0)
(0.184170796271 0.0059233072398 0)
(0.186358411257 0.00749289777581 0)
(0.189048614846 0.00904097065706 0)
(0.19223503544 0.0105722797551 0)
(0.195912702096 0.0120914114172 0)
(0.200077989326 0.0136027920695 0)
(0.204728561494 0.0151106922851 0)
(0.209863315509 0.0166192258427 0)
(0.215482320013 0.0181323418475 0)
(0.221586748535 0.019653807317 0)
(0.228178803241 0.0211871766896 0)
(0.235261624728 0.0227357433712 0)
(0.242839181779 0.0243024665443 0)
(0.250916132926 0.0258898637682 0)
(0.259497648935 0.0274998560699 0)
(0.268589181575 0.0291335466952 0)
(0.278196158892 0.0307909066436 0)
(0.288323580189 0.0324703282225 0)
(0.298975474392 0.0341679900818 0)
(0.31015417341 0.0358769502408 0)
(0.321859339021 0.0375858425697 0)
(0.334086664648 0.0392769905108 0)
(0.346826117845 0.0409236532381 0)
(0.360059475597 0.0424859318561 0)
(0.373757003351 0.0439045323712 0)
(0.387873777395 0.0450912723012 0)
(0.402345632725 0.0459150340548 0)
(0.41708117956 0.0461798871072 0)
(0.431952943748 0.0455870895047 0)
(0.446812206147 0.0436806114696 0)
(0.461499594436 0.0398096557922 0)
(0.475684926812 0.0331235572603 0)
(0.487615306666 0.022241997681 0)
(0.49877541198 0.0040306757083 0)
(0.5 0 0)
(0.5 0 0)
(0.5 0 0)
(0.5 0 0)
(0.5 0 0)
(0.5 0 0)
(0.5 0 0)
(0.5 0 0)
(0.5 0 0)
(0.5 0 0)
(0.5 0 0)
(0.5 0 0)
(0.5 0 0)
(0.5 0 0)
(0.493384453347 -0.0124780103812 0)
(0.476400248686 -0.0380713041613 0)
(0.458520426992 -0.0517937056834 0)
(0.453878161462 -0.0391037038399 0)
(0.433525063263 -0.0415546543574 0)
(0.41292977124 -0.0419734130152 0)
(0.392634480772 -0.0411630563678 0)
(0.373003551575 -0.0396185024406 0)
(0.354259743173 -0.0376495083773 0)
(0.336532129337 -0.0354519135404 0)
(0.319888454583 -0.033149896291 0)
(0.304355730123 -0.0308220604389 0)
(0.289934110516 -0.0285177575682 0)
(0.276606371228 -0.0262673784549 0)
(0.264344350968 -0.0240889135286 0)
(0.253113330536 -0.0219921896309 0)
(0.242875017419 -0.0199816414823 0)
(0.233589581004 -0.018058145887 0)
(0.225217034838 -0.0162202478675 0)
(0.21771816669 -0.0144649869593 0)
(0.211055154182 -0.0127884572634 0)
(0.205191961277 -0.0111861881922 0)
(0.200094581946 -0.00965340325116 0)
(0.195731177412 -0.00818519516643 0)
(0.192072139648 -0.0067766432477 0)
(0.189090104236 -0.00542289066361 0)
(0.186759928968 -0.00411919380301 0)
(0.185058649873 -0.00286095217358 0)
(0.183965422958 -0.00164372474542 0)
(0.18346145756 -0.000463236893588 0)
(0.183529945485 0.000684619117375 0)
(0.184155988852 0.00180378800652 0)
(0.185326528646 0.00289805819111 0)
(0.187030275301 0.00397107022533 0)
(0.189257642137 0.00502632611154 0)
(0.192000682035 0.00606719879902 0)
(0.195253027414 0.00709694126766 0)
(0.199009833242 0.00811869460825 0)
(0.203267722513 0.00913549445759 0)
(0.208024733235 0.0101502750185 0)
(0.21328026557 0.0111658696808 0)
(0.219035027197 0.0121850069366 0)
(0.225290974279 0.0132102998103 0)
(0.232051244404 0.0142442263522 0)
(0.239320076578 0.0152890977836 0)
(0.247102711549 0.0163470095189 0)
(0.255405263216 0.0174197683351 0)
(0.264234548496 0.0185087861498 0)
(0.273597858136 0.019614926776 0)
(0.283502644035 0.0207382859901 0)
(0.293956088761 0.021877876215 0)
(0.304964508715 0.0230311734117 0)
(0.316532522839 0.0241934626079 0)
(0.328661894509 0.0253568857678 0)
(0.341349917006 0.0265090459478 0)
(0.354587105338 0.02763093985 0)
(0.368353741576 0.0286938276888 0)
(0.382614885061 0.0296543611253 0)
(0.397314184678 0.030447059432 0)
(0.412365203061 0.0309731059246 0)
(0.427632177997 0.031082293704 0)
(0.442902646687 0.0305402224119 0)
(0.457894809737 0.0289823760897 0)
(0.472256565508 0.025879617656 0)
(0.484847094834 0.0205217893947 0)
(0.496625459768 0.0120844400455 0)
(0.499284934099 0.000314463952308 0)
(0.5 0 0)
(0.5 0 0)
(0.5 0 0)
(0.5 0 0)
(0.5 0 0)
(0.5 0 0)
(0.5 0 0)
(0.5 0 0)
(0.5 0 0)
(0.5 0 0)
(0.5 0 0)
(0.5 0 0)
(0.5 0 0)
(0.5 0 0)
(0.499656988294 -0.00357426527125 0)
(0.490449114351 -0.0224503327729 0)
(0.473285289655 -0.0333396097664 0)
(0.462483101796 -0.0194039343589 0)
(0.442012558186 -0.0208499593482 0)
(0.420948248812 -0.0211570531141 0)
(0.400044156704 -0.0207870459463 0)
(0.379775930431 -0.0200191348285 0)
(0.360417684827 -0.0190245027952 0)
(0.342120967297 -0.0179094305024 0)
(0.324961739022 -0.0167402232381 0)
(0.308967987985 -0.015558246473 0)
(0.294137314691 -0.0143891278409 0)
(0.280448401949 -0.0132484424351 0)
(0.26786850362 -0.0121452742498 0)
(0.256358355097 -0.0110844824603 0)
(0.245875412444 -0.0100681652707 0)
(0.236375993921 -0.00909661803168 0)
(0.227816690377 -0.00816896738531 0)
(0.220155283613 -0.00728359471962 0)
(0.213351331567 -0.0064384206974 0)
(0.207366527074 -0.00563109704179 0)
(0.202164902621 -0.00485913574406 0)
(0.197712930595 -0.0041199956703 0)
(0.193979553117 -0.003411139962 0)
(0.190936165095 -0.00273007330909 0)
(0.188556566908 -0.00207436530589 0)
(0.186816898195 -0.00144166417365 0)
(0.185695560719 -0.000829703824912 0)
(0.185173135858 -0.000236306348904 0)
(0.185232300579 0.000340618618568 0)
(0.185857744474 0.000903076603141 0)
(0.187036089624 0.00145299233408 0)
(0.188755814382 0.00199221457614 0)
(0.191007181687 0.00252252133887 0)
(0.193782172169 0.00304562513276 0)
(0.197074421977 0.00356317798162 0)
(0.200879164979 0.0040767759056 0)
(0.205193178683 0.00458796256024 0)
(0.21001473288 0.00509823165005 0)
(0.215343539601 0.00560902762396 0)
(0.221180702396 0.0061217439929 0)
(0.22752866223 0.00663771836442 0)
(0.234391136213 0.00715822293954 0)
(0.241773044016 0.00768444871695 0)
(0.249680414786 0.00821748093371 0)
(0.258120264632 0.0087582622438 0)
(0.267100430846 0.00930753864729 0)
(0.276629343414 0.00986578100369 0)
(0.286715706206 0.0104330717265 0)
(0.297368048332 0.0110089413759 0)
(0.308594088611 0.0115921323969 0)
(0.320399831305 0.0121802556307 0)
(0.332788279184 0.0127692871601 0)
(0.345757598627 0.0133528255906 0)
(0.359298425258 0.01392098424 0)
(0.373389712241 0.0144586997003 0)
(0.387992599234 0.0149430776291 0)
(0.403042638175 0.0153393001564 0)
(0.418438232273 0.0155946172936 0)
(0.434014509476 0.0156285972877 0)
(0.449507826656 0.0153152031954 0)
(0.464555271734 0.014458215029 0)
(0.478648738002 0.0127466796577 0)
(0.490370145987 0.0096088205713 0)
(0.497408981524 0.0043291840391 0)
(0.5 0 0)
(0.5 0 0)
(0.5 0 0)
(0.5 0 0)
(0.5 0 0)
(0.5 0 0)
(0.5 0 0)
(0.5 0 0)
(0.5 0 0)
(0.5 0 0)
(0.5 0 0)
(0.5 0 0)
(0.5 0 0)
(0.5 0 0)
(0.5 0 0)
(0.500350883686 -0.000475915676229 0)
(0.496866941665 -0.00991770538893 0)
(0.481357587694 -0.0160857013075 0)
(0.465260570965 4.93699347771e-13 0)
(0.444826241431 5.39843014584e-13 0)
(0.423634243779 5.47156569687e-13 0)
(0.402536036227 5.63722027803e-13 0)
(0.382056416125 5.74496945989e-13 0)
(0.36249157737 5.75254965089e-13 0)
(0.344002554452 5.66417702152e-13 0)
(0.326668836592 5.49804675409e-13 0)
(0.310519021523 5.26755892965e-13 0)
(0.295549934339 4.98839642817e-13 0)
(0.281738888054 4.67652113074e-13 0)
(0.269051574137 4.34502025098e-13 0)
(0.257447171883 4.00358640771e-13 0)
(0.246881680904 3.65941616036e-13 0)
(0.23731010108 3.32304946868e-13 0)
(0.228687852948 2.99580266512e-13 0)
(0.220971691885 2.68639867819e-13 0)
(0.21412028252 2.39443809727e-13 0)
(0.208094544247 2.12122806073e-13 0)
(0.202857842377 1.86895584727e-13 0)
(0.198376075503 1.63666631741e-13 0)
(0.194617693655 1.42442103185e-13 0)
(0.191553671046 1.23181394084e-13 0)
(0.189157449807 1.05795110247e-13 0)
(0.187404866122 9.02078944426e-14 0)
(0.1862740666 7.62628096513e-14 0)
(0.185745420335 6.38784834517e-14 0)
(0.185801430353 5.28926409003e-14 0)
(0.186426646966 4.31919195692e-14 0)
(0.187607584662 3.4670764336e-14 0)
(0.189332643563 2.72640784107e-14 0)
(0.191592035996 2.07945881233e-14 0)
(0.194377718383 1.51567759934e-14 0)
(0.197683328341 1.02712680474e-14 0)
(0.201504126604 6.15957745378e-15 0)
(0.2058369431 2.63454747877e-15 0)
(0.21068012617 -3.66924362171e-16 0)
(0.216033493478 -2.77314141511e-15 0)
(0.221898282639 -4.69330134344e-15 0)
(0.228277098794 -6.2865568242e-15 0)
(0.235173855322 -7.57685827585e-15 0)
(0.242593702439 -8.46286836613e-15 0)
(0.250542936355 -9.19456569151e-15 0)
(0.25902887881 -9.79196542969e-15 0)
(0.268059712725 -1.01663530878e-14 0)
(0.277644253843 -1.02709054873e-14 0)
(0.287791629625 -1.03387509218e-14 0)
(0.298510824021 -1.04506348467e-14 0)
(0.309810028055 -1.02588668959e-14 0)
(0.321695709449 -9.8874894178e-15 0)
(0.334171279752 -9.09848441778e-15 0)
(0.347235181132 -8.01307353195e-15 0)
(0.360878055 -6.66604841006e-15 0)
(0.375078344483 -5.1426777156e-15 0)
(0.389795774117 -3.19705977448e-15 0)
(0.404963079944 -1.15680103644e-15 0)
(0.420473561388 1.25974975669e-15 0)
(0.436152858179 4.16305966068e-15 0)
(0.451722297646 7.12193561575e-15 0)
(0.466796152743 9.79742724213e-15 0)
(0.480834191378 1.13700229877e-14 0)
(0.492449156666 1.07260934948e-14 0)
(0.498849180319 4.34934946507e-15 0)
(0.5 0 0)
(0.5 0 0)
(0.5 0 0)
(0.5 0 0)
(0.5 0 0)
(0.5 0 0)
(0.5 0 0)
(0.5 0 0)
(0.5 0 0)
(0.5 0 0)
(0.5 0 0)
(0.5 0 0)
(0.5 0 0)
(0.5 0 0)
(0.5 0 0)
(0.500145207369 3.1712904712e-15 0)
(0.498258537648 2.80652552559e-13 0)
(0.483769112579 4.02240013931e-13 0)
(0.462483101796 0.0194039343599 0)
(0.442012558186 0.0208499593493 0)
(0.420948248812 0.0211570531152 0)
(0.400044156704 0.0207870459474 0)
(0.379775930431 0.0200191348297 0)
(0.360417684827 0.0190245027963 0)
(0.342120967297 0.0179094305035 0)
(0.324961739022 0.0167402232392 0)
(0.308967987985 0.015558246474 0)
(0.294137314691 0.0143891278419 0)
(0.280448401949 0.0132484424361 0)
(0.26786850362 0.0121452742507 0)
(0.256358355097 0.0110844824611 0)
(0.245875412444 0.0100681652714 0)
(0.236375993921 0.00909661803234 0)
(0.227816690377 0.00816896738591 0)
(0.220155283613 0.00728359472015 0)
(0.213351331567 0.00643842069788 0)
(0.207366527074 0.00563109704222 0)
(0.202164902621 0.00485913574443 0)
(0.197712930595 0.00411999567063 0)
(0.193979553117 0.00341113996228 0)
(0.190936165095 0.00273007330933 0)
(0.188556566908 0.0020743653061 0)
(0.186816898195 0.00144166417383 0)
(0.185695560719 0.000829703825065 0)
(0.185173135858 0.000236306349032 0)
(0.185232300579 -0.000340618618463 0)
(0.185857744474 -0.000903076603054 0)
(0.187036089624 -0.00145299233401 0)
(0.188755814382 -0.00199221457609 0)
(0.191007181687 -0.00252252133883 0)
(0.193782172169 -0.00304562513272 0)
(0.197074421977 -0.0035631779816 0)
(0.200879164979 -0.00407677590559 0)
(0.205193178683 -0.00458796256024 0)
(0.21001473288 -0.00509823165005 0)
(0.215343539601 -0.00560902762397 0)
(0.221180702396 -0.00612174399291 0)
(0.22752866223 -0.00663771836443 0)
(0.234391136213 -0.00715822293955 0)
(0.241773044016 -0.00768444871696 0)
(0.249680414786 -0.00821748093373 0)
(0.258120264632 -0.00875826224382 0)
(0.267100430846 -0.00930753864731 0)
(0.276629343414 -0.00986578100371 0)
(0.286715706206 -0.0104330717266 0)
(0.297368048332 -0.0110089413759 0)
(0.308594088611 -0.0115921323969 0)
(0.320399831305 -0.0121802556308 0)
(0.332788279184 -0.0127692871601 0)
(0.345757598627 -0.0133528255906 0)
(0.359298425258 -0.01392098424 0)
(0.373389712241 -0.0144586997003 0)
(0.387992599234 -0.0149430776291 0)
(0.403042638175 -0.0153393001564 0)
(0.418438232273 -0.0155946172936 0)
(0.434014509476 -0.0156285972877 0)
(0.449507826656 -0.0153152031954 0)
(0.464555271734 -0.0144582150289 0)
(0.478648738002 -0.0127466796577 0)
(0.490370145987 -0.00960882057128 0)
(0.497408981524 -0.00432918403909 0)
(0.5 0 0)
(0.5 0 0)
(0.5 0 0)
(0.5 0 0)
(0.5 0 0)
(0.5 0 0)
(0.5 0 0)
(0.5 0 0)
(0.5 0 0)
(0.5 0 0)
(0.5 0 0)
(0.5 0 0)
(0.5 0 0)
(0.5 0 0)
(0.5 0 0)
(0.500350883686 0.000475915676248 0)
(0.496866941665 0.00991770538949 0)
(0.481357587694 0.0160857013083 0)
(0.453878161462 0.0391037038409 0)
(0.433525063263 0.0415546543584 0)
(0.41292977124 0.0419734130163 0)
(0.392634480772 0.0411630563689 0)
(0.373003551575 0.0396185024418 0)
(0.354259743173 0.0376495083785 0)
(0.336532129337 0.0354519135415 0)
(0.319888454583 0.0331498962921 0)
(0.304355730123 0.0308220604399 0)
(0.289934110516 0.0285177575692 0)
(0.276606371228 0.0262673784558 0)
(0.264344350968 0.0240889135295 0)
(0.253113330536 0.0219921896317 0)
(0.242875017419 0.0199816414831 0)
(0.233589581004 0.0180581458876 0)
(0.225217034838 0.0162202478681 0)
(0.21771816669 0.0144649869598 0)
(0.211055154182 0.0127884572639 0)
(0.205191961277 0.0111861881926 0)
(0.200094581946 0.00965340325153 0)
(0.195731177412 0.00818519516676 0)
(0.192072139649 0.00677664324798 0)
(0.189090104236 0.00542289066386 0)
(0.186759928968 0.00411919380322 0)
(0.185058649873 0.00286095217376 0)
(0.183965422958 0.00164372474557 0)
(0.18346145756 0.000463236893716 0)
(0.183529945485 -0.000684619117269 0)
(0.184155988852 -0.00180378800643 0)
(0.185326528646 -0.00289805819104 0)
(0.187030275301 -0.00397107022527 0)
(0.189257642137 -0.0050263261115 0)
(0.192000682035 -0.00606719879899 0)
(0.195253027414 -0.00709694126764 0)
(0.199009833242 -0.00811869460824 0)
(0.203267722513 -0.00913549445759 0)
(0.208024733235 -0.0101502750185 0)
(0.21328026557 -0.0111658696808 0)
(0.219035027197 -0.0121850069366 0)
(0.225290974279 -0.0132102998103 0)
(0.232051244404 -0.0142442263522 0)
(0.239320076578 -0.0152890977836 0)
(0.247102711549 -0.0163470095189 0)
(0.255405263216 -0.0174197683351 0)
(0.264234548496 -0.0185087861499 0)
(0.273597858136 -0.0196149267761 0)
(0.283502644035 -0.0207382859901 0)
(0.293956088761 -0.021877876215 0)
(0.304964508715 -0.0230311734118 0)
(0.316532522839 -0.0241934626079 0)
(0.328661894509 -0.0253568857678 0)
(0.341349917006 -0.0265090459478 0)
(0.354587105338 -0.02763093985 0)
(0.368353741576 -0.0286938276888 0)
(0.382614885061 -0.0296543611253 0)
(0.397314184678 -0.030447059432 0)
(0.412365203061 -0.0309731059246 0)
(0.427632177997 -0.031082293704 0)
(0.442902646687 -0.0305402224119 0)
(0.457894809737 -0.0289823760897 0)
(0.472256565508 -0.025879617656 0)
(0.484847094834 -0.0205217893947 0)
(0.496625459768 -0.0120844400455 0)
(0.499284934099 -0.000314463952307 0)
(0.5 0 0)
(0.5 0 0)
(0.5 0 0)
(0.5 0 0)
(0.5 0 0)
(0.5 0 0)
(0.5 0 0)
(0.5 0 0)
(0.5 0 0)
(0.5 0 0)
(0.5 0 0)
(0.5 0 0)
(0.5 0 0)
(0.5 0 0)
(0.499656988294 0.00357426527131 0)
(0.490449114351 0.0224503327734 0)
(0.473285289655 0.0333396097672 0)
(0.439211223939 0.058855353502 0)
(0.419456656241 0.0617464697232 0)
(0.399783431082 0.0620305386288 0)
(0.380533266982 0.0607001085798 0)
(0.361953459736 0.0583853156621 0)
(0.344208556884 0.0554904654397 0)
(0.32740129809 0.0522768795279 0)
(0.311590221169 0.0489137760261 0)
(0.296802286316 0.0455104387747 0)
(0.283042216435 0.0421368301376 0)
(0.270299405942 0.0388369038355 0)
(0.258552955022 0.0356372853123 0)
(0.247775308127 0.0325529938126 0)
(0.237934873896 0.0295912555959 0)
(0.228997903892 0.0267540704952 0)
(0.22092983151 0.0240399543542 0)
(0.213696217913 0.021445130286 0)
(0.207263412269 0.0189643472462 0)
(0.201599004601 0.0165914440801 0)
(0.196672128261 0.0143197382075 0)
(0.192453653602 0.0121422925755 0)
(0.188916303189 0.0100520975929 0)
(0.186034710718 0.00804219340329 0)
(0.183785439892 0.0061057501556 0)
(0.182146975152 0.00423611865797 0)
(0.181099692994 0.00242686016026 0)
(0.180625820257 0.000671761477395 0)
(0.18070938404 -0.00103516010146 0)
(0.181336156622 -0.00269965891213 0)
(0.182493597796 -0.00432726768451 0)
(0.184170796271 -0.00592330723974 0)
(0.186358411257 -0.00749289777577 0)
(0.189048614846 -0.00904097065703 0)
(0.19223503544 -0.0105722797551 0)
(0.195912702096 -0.0120914114172 0)
(0.200077989326 -0.0136027920695 0)
(0.204728561494 -0.0151106922851 0)
(0.209863315509 -0.0166192258427 0)
(0.215482320013 -0.0181323418475 0)
(0.221586748535 -0.019653807317 0)
(0.228178803241 -0.0211871766896 0)
(0.235261624728 -0.0227357433712 0)
(0.242839181779 -0.0243024665443 0)
(0.250916132926 -0.0258898637682 0)
(0.259497648935 -0.0274998560699 0)
(0.268589181575 -0.0291335466952 0)
(0.278196158892 -0.0307909066437 0)
(0.288323580189 -0.0324703282225 0)
(0.298975474392 -0.0341679900818 0)
(0.31015417341 -0.0358769502408 0)
(0.321859339021 -0.0375858425697 0)
(0.334086664648 -0.0392769905108 0)
(0.346826117845 -0.0409236532381 0)
(0.360059475597 -0.0424859318561 0)
(0.373757003351 -0.0439045323712 0)
(0.387873777395 -0.0450912723012 0)
(0.402345632725 -0.0459150340548 0)
(0.41708117956 -0.0461798871072 0)
(0.431952943748 -0.0455870895047 0)
(0.446812206147 -0.0436806114696 0)
(0.461499594436 -0.0398096557922 0)
(0.475684926812 -0.0331235572603 0)
(0.487615306666 -0.022241997681 0)
(0.49877541198 -0.0040306757083 0)
(0.5 0 0)
(0.5 0 0)
(0.5 0 0)
(0.5 0 0)
(0.5 0 0)
(0.5 0 0)
(0.5 0 0)
(0.5 0 0)
(0.5 0 0)
(0.5 0 0)
(0.5 0 0)
(0.5 0 0)
(0.5 0 0)
(0.5 0 0)
(0.493384453347 0.0124780103813 0)
(0.476400248686 0.0380713041619 0)
(0.458520426992 0.0517937056842 0)
(0.41904060381 0.0782389352308 0)
(0.400298104882 0.0809893906002 0)
(0.381957151059 0.0808998809543 0)
(0.364143163557 0.0789900793829 0)
(0.346980702557 0.0759391193062 0)
(0.330572169259 0.0721981407665 0)
(0.314992804706 0.0680674035838 0)
(0.300292443209 0.0637466743158 0)
(0.286499362956 0.0593683312017 0)
(0.27362467537 0.0550192817978 0)
(0.261666422542 0.0507555642759 0)
(0.250613045189 0.0466121489879 0)
(0.240446178346 0.0426095750613 0)
(0.231142844524 0.0387584824657 0)
(0.22267714242 0.0350627311128 0)
(0.215021528224 0.0315215620963 0)
(0.208147775555 0.0281311035486 0)
(0.202027685978 0.0248854241316 0)
(0.196633608017 0.0217772717586 0)
(0.191938810249 0.018798591707 0)
(0.187917743773 0.0159408891413 0)
(0.184546221239 0.0131954813302 0)
(0.181801533185 0.0105536713348 0)
(0.179662517527 0.00800686562051 0)
(0.178109594234 0.00554665156306 0)
(0.17712477432 0.00316484627413 0)
(0.176691650072 0.000853524970216 0)
(0.176795371711 -0.00139496515477 0)
(0.177422614391 -0.00358800119687 0)
(0.178561538407 -0.00573268772914 0)
(0.180201744696 -0.00783586447872 0)
(0.182334227073 -0.00990411660382 0)
(0.184951322106 -0.0119437860294 0)
(0.188046657117 -0.0139609824871 0)
(0.191615096346 -0.0159615929585 0)
(0.195652684947 -0.0179512881477 0)
(0.200156590096 -0.0199355243939 0)
(0.205125037984 -0.0219195390657 0)
(0.210557245035 -0.023908336917 0)
(0.21645334098 -0.025906664067 0)
(0.222814280703 -0.0279189651087 0)
(0.229641740782 -0.0299493172317 0)
(0.23693799541 -0.0320013329698 0)
(0.244705764844 -0.0340780199956 0)
(0.252948027562 -0.0361815818952 0)
(0.261667784821 -0.0383131374855 0)
(0.270867763177 -0.0404723271183 0)
(0.280550036619 -0.0426567612129 0)
(0.290715545488 -0.0448612469805 0)
(0.301363485041 -0.0470767008554 0)
(0.312490534866 -0.0492886120468 0)
(0.324089902339 -0.051474861076 0)
(0.33615014378 -0.0536026032957 0)
(0.348653702911 -0.055623761101 0)
(0.361575238526 -0.0574683852269 0)
(0.374880342039 -0.0590348671944 0)
(0.388525338975 -0.0601758495979 0)
(0.402457444848 -0.0606774385987 0)
(0.416617548845 -0.0602257407004 0)
(0.430958742549 -0.0583579776549 0)
(0.44546661103 -0.0544054676122 0)
(0.460014470982 -0.0473794629784 0)
(0.474273412851 -0.0355515738655 0)
(0.489985766242 -0.014502767925 0)
(0.5 0 0)
(0.5 0 0)
(0.5 0 0)
(0.5 0 0)
(0.5 0 0)
(0.5 0 0)
(0.5 0 0)
(0.5 0 0)
(0.5 0 0)
(0.5 0 0)
(0.5 0 0)
(0.5 0 0)
(0.5 0 0)
(0.498721128661 0.00355791899705 0)
(0.478047908719 0.0351815635624 0)
(0.457584122036 0.0575596441725 0)
(0.438090459222 0.0711483585633 0)
(0.393814050772 0.0966825024847 0)
(0.376595559685 0.0988288810194 0)
(0.360004929489 0.0981819556196 0)
(0.343980184383 0.0956729559552 0)
(0.328544961448 0.091953284043 0)
(0.31375080589 0.0874759287999 0)
(0.2996509992 0.0825546381131 0)
(0.286289681525 0.0774056548332 0)
(0.273698393103 0.0721769756199 0)
(0.261896160448 0.0669687908335 0)
(0.250891053368 0.0618477416001 0)
(0.240682180982 0.0568568812154 0)
(0.231261662323 0.0520226611013 0)
(0.222616382518 0.0473598516554 0)
(0.2147294751 0.0428750236679 0)
(0.207581531732 0.0385690213159 0)
(0.201151567043 0.0344387248882 0)
(0.195417775073 0.0304783105002 0)
(0.19035811397 0.0266801516663 0)
(0.185950751909 0.0230354645964 0)
(0.182174402343 0.0195347692671 0)
(0.179008571814 0.0161682175415 0)
(0.176433739111 0.0129258250199 0)
(0.174431480836 0.00979763301182 0)
(0.172984555261 0.00677381971227 0)
(0.172076953889 0.00384477445639 0)
(0.171693928036 0.00100114519132 0)
(0.171821996154 -0.0017661333727 0)
(0.172448936288 -0.00446582539551 0)
(0.173563767017 -0.00710638917033 0)
(0.17515671939 -0.00969597883679 0)
(0.177219201641 -0.0122424500395 0)
(0.179743757925 -0.0147533674723 0)
(0.182724021768 -0.0172360124969 0)
(0.186154664494 -0.0196973891123 0)
(0.190031338449 -0.0221442264835 0)
(0.194350614417 -0.0245829760054 0)
(0.199109912152 -0.027019800462 0)
(0.204307422472 -0.0294605522094 0)
(0.209942018789 -0.0319107363861 0)
(0.216013155271 -0.0343754538625 0)
(0.222520748093 -0.0368593168477 0)
(0.229465035299 -0.0393663275759 0)
(0.236846409769 -0.041899707062 0)
(0.244665218599 -0.0444616561438 0)
(0.252921520955 -0.0470530243954 0)
(0.261614795171 -0.0496728532127 0)
(0.270743584868 -0.0523177462812 0)
(0.280305073718 -0.0549810020831 0)
(0.290294580664 -0.0576514167171 0)
(0.300704974832 -0.060311627765 0)
(0.311526025052 -0.0629358172584 0)
(0.322743719407 -0.0654865158991 0)
(0.334339621986 -0.0679101270718 0)
(0.346290477104 -0.0701305901489 0)
(0.358568667656 -0.0720404037069 0)
(0.371144418603 -0.0734881362272 0)
(0.383990255307 -0.0742608804176 0)
(0.397089537086 -0.0740579525301 0)
(0.41045502131 -0.0724525522203 0)
(0.424150719527 -0.0688420518957 0)
(0.43827878337 -0.0623553326106 0)
(0.453096043148 -0.0515179783201 0)
(0.469728605654 -0.0337855349627 0)
(0.49306144869 -0.0074461229418 0)
(0.5 0 0)
(0.5 0 0)
(0.5 0 0)
(0.5 0 0)
(0.5 0 0)
(0.5 0 0)
(0.5 0 0)
(0.5 0 0)
(0.5 0 0)
(0.5 0 0)
(0.5 0 0)
(0.5 0 0)
(0.482223281193 0.0214941199793 0)
(0.452906991853 0.057185202425 0)
(0.431446129444 0.0781629405382 0)
(0.411916684314 0.0904225484141 0)
(0.364033720368 0.113408334565 0)
(0.349008194416 0.114743713314 0)
(0.334584833901 0.113495820338 0)
(0.320649011819 0.110442783738 0)
(0.307182133896 0.106165434103 0)
(0.294210962542 0.101090450087 0)
(0.281778290434 0.0955273988162 0)
(0.269927588634 0.0896984233204 0)
(0.258695880629 0.0837611716435 0)
(0.248111161547 0.0778260609457 0)
(0.238192147343 0.0719690693563 0)
(0.228949112896 0.06624113344 0)
(0.220385157873 0.0606750242525 0)
(0.212497559563 0.0552903704041 0)
(0.205279046545 0.0500973264197 0)
(0.198718922268 0.0450992529073 0)
(0.192804018332 0.0402946761682 0)
(0.187519482644 0.0356787219152 0)
(0.182849418962 0.0312441645054 0)
(0.178777398189 0.026982194459 0)
(0.175286861765 0.022882979071 0)
(0.172361435806 0.0189360707109 0)
(0.169985172234 0.0151307027628 0)
(0.168142730651 0.0114560025416 0)
(0.166819512355 0.00790114280735 0)
(0.16600175584 0.00445544787887 0)
(0.165676601329 0.00110846624258 0)
(0.165832130403 -0.00214998144163 0)
(0.166457385502 -0.00532977222451 0)
(0.167542373066 -0.00844046352375 0)
(0.16907805318 -0.011491284575 0)
(0.171056317869 -0.0144911335049 0)
(0.173469959529 -0.0174485773932 0)
(0.176312630478 -0.0203718530054 0)
(0.179578794046 -0.0232688660054 0)
(0.183263667214 -0.0261471864092 0)
(0.187363154319 -0.0290140378026 0)
(0.191873770917 -0.0318762774131 0)
(0.196792556385 -0.0347403634484 0)
(0.202116973373 -0.03761230514 0)
(0.207844791641 -0.0404975895662 0)
(0.213973953266 -0.0434010774627 0)
(0.220502415572 -0.0463268576728 0)
(0.227427967589 -0.0492780464219 0)
(0.234748015337 -0.0522565128817 0)
(0.242459331043 -0.055262506081 0)
(0.250557761665 -0.0582941494865 0)
(0.259037893342 -0.0613467576523 0)
(0.267892671528 -0.0644119130693 0)
(0.277112983225 -0.0674762192026 0)
(0.286687220963 -0.0705196158081 0)
(0.296600871635 -0.0735131029128 0)
(0.306836209018 -0.0764156665283 0)
(0.317372226821 -0.0791701202156 0)
(0.328185086578 -0.0816974592117 0)
(0.339249648993 -0.0838892108194 0)
(0.35054296873 -0.08559722052 0)
(0.362050721132 -0.0866200124707 0)
(0.373778142675 -0.0866838029671 0)
(0.38576856121 -0.0854161565793 0)
(0.398130843844 -0.0823119352172 0)
(0.411087703248 -0.0766776920085 0)
(0.425165907075 -0.0675064084755 0)
(0.441595732517 -0.053424329403 0)
(0.461877338732 -0.033413038826 0)
(0.491023226859 -0.00694853004252 0)
(0.5 0 0)
(0.5 0 0)
(0.5 0 0)
(0.5 0 0)
(0.5 0 0)
(0.5 0 0)
(0.5 0 0)
(0.5 0 0)
(0.5 0 0)
(0.497662809497 0.00104132868657 0)
(0.479396095401 0.0171261753932 0)
(0.441440582506 0.0553779570928 0)
(0.41679416106 0.082024160643 0)
(0.397255496201 0.0986139379076 0)
(0.379944801949 0.108469762555 0)
(0.330905935355 0.12763300526 0)
(0.318476678244 0.128271582387 0)
(0.306486391358 0.12653770066 0)
(0.294828301031 0.123074893666 0)
(0.283478835985 0.118391450287 0)
(0.272459618753 0.112879952188 0)
(0.261812309499 0.106838080418 0)
(0.251583676238 0.100488041683 0)
(0.241817553283 0.093993321361 0)
(0.232551055584 0.0874724039142 0)
(0.223813262323 0.0810096454277 0)
(0.215625249955 0.0746637138548 0)
(0.208000803261 0.0684740559531 0)
(0.200947413777 0.0624658102202 0)
(0.194467346658 0.0566535184658 0)
(0.188558660502 0.0510439196781 0)
(0.183216125675 0.0456380482245 0)
(0.178432021274 0.0404328071561 0)
(0.174196809728 0.0354221464771 0)
(0.17049969742 0.0305979444576 0)
(0.167329093809 0.0259506657555 0)
(0.164672982623 0.0214698517351 0)
(0.162519218231 0.0171444845494 0)
(0.160855759106 0.0129632562018 0)
(0.159670848812 0.00891476607968 0)
(0.158953153395 0.00498766468303 0)
(0.158691862654 0.00117075696805 0)
(0.158876761431 -0.00254692447563 0)
(0.159498275943 -0.00617606857531 0)
(0.160547499159 -0.00972705117886 0)
(0.162016198365 -0.0132099119191 0)
(0.163896807332 -0.0166343386653 0)
(0.166182404816 -0.0200096563174 0)
(0.168866680558 -0.0233448170798 0)
(0.171943889424 -0.0266483895237 0)
(0.175408793825 -0.0299285437286 0)
(0.179256594109 -0.0331930295657 0)
(0.183482846143 -0.0364491447535 0)
(0.188083364884 -0.0397036886287 0)
(0.193054112273 -0.0429628965902 0)
(0.198391067351 -0.0462323488046 0)
(0.20409007612 -0.0495168449087 0)
(0.210146678301 -0.0528202339538 0)
(0.216555907972 -0.0561451855125 0)
(0.223312065194 -0.0594928834567 0)
(0.230408456248 -0.0628626180716 0)
(0.237837101614 -0.0662512444659 0)
(0.245588413555 -0.0696524651186 0)
(0.25365085038 -0.0730558812123 0)
(0.262010563658 -0.0764457404621 0)
(0.270651070522 -0.079799287813 0)
(0.279553009436 -0.083084599416 0)
(0.288694077855 -0.0862577491808 0)
(0.29804931412 -0.0892591175514 0)
(0.307592006275 -0.0920086022884 0)
(0.317295726819 -0.0943994586896 0)
(0.327138259089 -0.096290526104 0)
(0.337108431842 -0.09749657813 0)
(0.347217332025 -0.0977762708494 0)
(0.357516047668 -0.096817265235 0)
(0.368123710993 -0.0942191091888 0)
(0.379284545168 -0.0894732177518 0)
(0.391518144003 -0.0819483960239 0)
(0.405801498709 -0.0709914165625 0)
(0.423129594848 -0.0562447134711 0)
(0.446132321312 -0.037267676362 0)
(0.47578508255 -0.0142675063257 0)
(0.49370388323 -0.00102732383158 0)
(0.5 0 0)
(0.5 0 0)
(0.5 0 0)
(0.5 0 0)
(0.5 0 0)
(0.5 0 0)
(0.489538687753 0.00401814351496 0)
(0.454697162911 0.0278284116981 0)
(0.422689186784 0.0556978515083 0)
(0.394757914474 0.0826059951896 0)
(0.374435572902 0.102655193413 0)
(0.358239214548 0.115897601829 0)
(0.344013707081 0.123828203434 0)
(0.295725505906 0.139006502443 0)
(0.286013255893 0.139184228086 0)
(0.276538886271 0.137154043515 0)
(0.267218044862 0.133456066691 0)
(0.258035268465 0.128537584671 0)
(0.2490152099 0.122759066531 0)
(0.240202362887 0.116404610149 0)
(0.23164801866 0.109693962656 0)
(0.223402523908 0.102794276967 0)
(0.215511111075 0.0958306436381 0)
(0.208012005359 0.0888950384554 0)
(0.200935911709 0.0820536707915 0)
(0.194306288677 0.0753528833253 0)
(0.188140030275 0.0688238151284 0)
(0.182448322508 0.0624860471165 0)
(0.177237536972 0.0563504300508 0)
(0.172510085137 0.0504212665243 0)
(0.16826519489 0.0446979880062 0)
(0.164499593725 0.0391764401109 0)
(0.161208096168 0.0338498653592 0)
(0.158384100115 0.0287096530601 0)
(0.156020000273 0.0237459102504 0)
(0.154107528164 0.0189478952906 0)
(0.152638028228 0.0143043461258 0)
(0.151602678962 0.00980372783767 0)
(0.150992667105 0.00543441845165 0)
(0.150799321879 0.00118484763287 0)
(0.151014215234 -0.00295640038052 0)
(0.151629233086 -0.00700051075015 0)
(0.152636621639 -0.0109583819395 0)
(0.154029012064 -0.0148405839562 0)
(0.155799426106 -0.018657326359 0)
(0.157941264511 -0.0224184321592 0)
(0.160448279614 -0.0261333141921 0)
(0.163314532869 -0.0298109507507 0)
(0.166534337619 -0.0334598572917 0)
(0.170102186948 -0.0370880508206 0)
(0.174012666024 -0.0407030031452 0)
(0.178260347905 -0.0443115785234 0)
(0.182839671456 -0.0479199502648 0)
(0.187744799634 -0.0515334895263 0)
(0.192969456204 -0.0551566177741 0)
(0.198506738816 -0.0587926120499 0)
(0.204348906515 -0.0624433491313 0)
(0.21048714028 -0.0661089707302 0)
(0.216911276343 -0.0697874468052 0)
(0.223609514221 -0.0734740076337 0)
(0.23056810506 -0.07716040722 0)
(0.237771032104 -0.0808339707173 0)
(0.245199705151 -0.0844763667746 0)
(0.252832706979 -0.0880620324463 0)
(0.260645654798 -0.0915561646025 0)
(0.26861127696 -0.0949121794286 0)
(0.276699861834 -0.0980685323515 0)
(0.284880329382 -0.100944789837 0)
(0.293122322336 -0.103436873614 0)
(0.301399888848 -0.105411490593 0)
(0.309697514309 -0.106699906634 0)
(0.3180195318 -0.107091405131 0)
(0.326404198521 -0.10632719984 0)
(0.334944471185 -0.104096378308 0)
(0.343823605792 -0.100037511248 0)
(0.353383383968 -0.0937639957252 0)
(0.364171278271 -0.0849766091659 0)
(0.376732355234 -0.0736236348981 0)
(0.392017282669 -0.059484982519 0)
(0.411321479651 -0.0434985729194 0)
(0.43044601535 -0.0251586060061 0)
(0.459621906227 -0.0136405276348 0)
(0.471530704373 -0.00513211737707 0)
(0.478037361944 -0.00101747673697 0)
(0.47654158847 0.00163444004112 0)
(0.466676541992 0.00717847591521 0)
(0.450465303692 0.0186074799111 0)
(0.416569030419 0.0347896454856 0)
(0.387731274744 0.0611715345347 0)
(0.364031726404 0.0827550685666 0)
(0.344366368249 0.10278455838 0)
(0.329180837271 0.118550643755 0)
(0.316793261296 0.129422837662 0)
(0.305866635868 0.135989634706 0)
(0.259605129161 0.14751948329 0)
(0.252537560069 0.147474676776 0)
(0.245517090477 0.145343133882 0)
(0.238481996269 0.14158534367 0)
(0.231426470683 0.136598809527 0)
(0.224379171292 0.130715832102 0)
(0.217387253502 0.124207244382 0)
(0.210505374512 0.117289207832 0)
(0.203788632494 0.11013113053 0)
(0.197288374153 0.102863535881 0)
(0.191049983312 0.0955852593882 0)
(0.185111974183 0.0883697067324 0)
(0.179505900081 0.0812701171437 0)
(0.17425673857 0.0743238892161 0)
(0.1693835272 0.0675560784827 0)
(0.164900105061 0.0609821923119 0)
(0.160815871235 0.0546104044357 0)
(0.157136508576 0.0484432988278 0)
(0.153864645536 0.0424792367161 0)
(0.151000444032 0.0367134244716 0)
(0.148542110624 0.0311387455128 0)
(0.146486333666 0.0257464068273 0)
(0.144828651836 0.0205264402999 0)
(0.143563760762 0.0154680905805 0)
(0.142685764698 0.0105601144871 0)
(0.142188379971 0.00579101160306 0)
(0.14206509635 0.00114920154195 0)
(0.14230930178 -0.00337683989176 0)
(0.142914375178 -0.00779847593898 0)
(0.143873751257 -0.0121268277423 0)
(0.145180960621 -0.0163727104995 0)
(0.146829647722 -0.0205465816686 0)
(0.148813568662 -0.024658496749 0)
(0.151126570272 -0.0287180686569 0)
(0.15376255136 -0.0327344269787 0)
(0.156715406582 -0.0367161734402 0)
(0.159978952916 -0.0406713297597 0)
(0.163546838341 -0.04460727367 0)
(0.167412431945 -0.0485306582696 0)
(0.171568694407 -0.0524473089537 0)
(0.176008027535 -0.0563620909418 0)
(0.180722101482 -0.0602787387923 0)
(0.185701658319 -0.0641996371782 0)
(0.190936291043 -0.0681255395089 0)
(0.196414197931 -0.0720552075924 0)
(0.202121913707 -0.0759849513305 0)
(0.208044021509 -0.0799080423414 0)
(0.214162853833 -0.0838139693671 0)
(0.220458196943 -0.0876874964878 0)
(0.226907023115 -0.0915074779609 0)
(0.233483289803 -0.0952453768947 0)
(0.240157866467 -0.0988634308259 0)
(0.246898680354 -0.102312408468 0)
(0.253671215921 -0.105528912438 0)
(0.260439566665 -0.108432210201 0)
(0.267168325075 -0.110920636608 0)
(0.273825683601 -0.112867727925 0)
(0.28038818681 -0.114118425555 0)
(0.286847653624 -0.114485951923 0)
(0.29322085308 -0.11375039656 0)
(0.299562682426 -0.111660579559 0)
(0.305984593683 -0.107941888927 0)
(0.312677471496 -0.102319428695 0)
(0.319909212958 -0.0945796287296 0)
(0.327959776564 -0.0846405907866 0)
(0.337302607973 -0.0724388196662 0)
(0.348610545939 -0.0585138885016 0)
(0.359799128135 -0.0448462632559 0)
(0.371050792572 -0.0329751282158 0)
(0.377821115996 -0.0169769953626 0)
(0.38119735772 -0.00349091737653 0)
(0.378182984598 0.00867557398763 0)
(0.368729133119 0.0241742573869 0)
(0.355780040394 0.0443666903853 0)
(0.338428738747 0.061919774088 0)
(0.321470537524 0.0817256080564 0)
(0.306327431515 0.100236553257 0)
(0.293559366698 0.116789912687 0)
(0.283232954965 0.129971098787 0)
(0.274584976376 0.139280339385 0)
(0.26686481512 0.144966138015 0)
(0.223443352298 0.153347332194 0)
(0.218823381945 0.153281342909 0)
(0.214094280398 0.151216654888 0)
(0.209211059477 0.147552171931 0)
(0.204174175096 0.142644507028 0)
(0.199013809277 0.136801271515 0)
(0.193777392316 0.130280569228 0)
(0.188520413233 0.123294146692 0)
(0.183300082535 0.116012407206 0)
(0.178171248604 0.108570109156 0)
(0.173183992071 0.101072027082 0)
(0.168382409144 0.0935981768775 0)
(0.163804196925 0.0862084209083 0)
(0.159480750972 0.0789464018849 0)
(0.155437567794 0.0718428303934 0)
(0.151694809557 0.0649181892225 0)
(0.148267936317 0.0581849324899 0)
(0.145168345494 0.0516492588671 0)
(0.142403982238 0.0453125324261 0)
(0.139979900506 0.0391724157731 0)
(0.137898765299 0.0332237704597 0)
(0.136161293208 0.0274593704351 0)
(0.134766632496 0.0218704660668 0)
(0.133712686219 0.016447229192 0)
(0.132996383025 0.0111791037946 0)
(0.132613900658 0.0060550820891 0)
(0.13256084712 0.00106392190398 0)
(0.13283240414 -0.00380568183696 0)
(0.133423437089 -0.00856496118993 0)
(0.13432857496 -0.0132249663992 0)
(0.135542263472 -0.017796477284 0)
(0.137058793772 -0.0222899289621 0)
(0.138872308706 -0.0267153468745 0)
(0.140976788117 -0.031082286612 0)
(0.143366014139 -0.0353997743473 0)
(0.146033517059 -0.0396762437681 0)
(0.148972501882 -0.0439194652801 0)
(0.152175755421 -0.0481364629056 0)
(0.155635533398 -0.0523334137417 0)
(0.159343426859 -0.0565155240081 0)
(0.16329020706 -0.0606868746005 0)
(0.167465648018 -0.0648502276146 0)
(0.171858326195 -0.0690067834514 0)
(0.17645539734 -0.0731558758263 0)
(0.181242351619 -0.0772945892026 0)
(0.186202749883 -0.0814172798413 0)
(0.191317946741 -0.0855149778346 0)
(0.196566810249 -0.0895746432946 0)
(0.201925454207 -0.0935782456531 0)
(0.207367007996 -0.0975016314899 0)
(0.212861461572 -0.101313144683 0)
(0.218375640696 -0.104971965085 0)
(0.223873390627 -0.108426141459 0)
(0.229316076487 -0.111610315227 0)
(0.234663547287 -0.114443170521 0)
(0.239875754502 -0.116824714383 0)
(0.244915245811 -0.118633600061 0)
(0.249750748571 -0.11972485508 0)
(0.254362022823 -0.119928569982 0)
(0.258746124001 -0.119050384581 0)
(0.26292522756 -0.116874964329 0)
(0.266955868151 -0.113174258836 0)
(0.270935537194 -0.107724365275 0)
(0.274991344145 -0.100336395107 0)
(0.27925340378 -0.0908883964301 0)
(0.283919248947 -0.079342885528 0)
(0.289138320496 -0.0660635623106 0)
(0.294034033211 -0.0521376152034 0)
(0.298027706269 -0.0368843642685 0)
(0.300260308865 -0.0193786542943 0)
(0.300323521444 -0.00243247126584 0)
(0.296690084057 0.0144729380264 0)
(0.289524049953 0.0333873602298 0)
(0.280579265238 0.0543828502515 0)
(0.270600236091 0.0744672378209 0)
(0.260865352479 0.0935497720997 0)
(0.252041240021 0.110812361413 0)
(0.244472461275 0.12565093524 0)
(0.23820641672 0.137394938738 0)
(0.232879723125 0.14578962134 0)
(0.228063286745 0.150989801992 0)
(0.187929662999 0.156766562186 0)
(0.185488004563 0.156829417976 0)
(0.182825627477 0.154960319025 0)
(0.17990610193 0.151509576012 0)
(0.176731005011 0.146799420302 0)
(0.173328312386 0.141115271508 0)
(0.16974253691 0.134702702846 0)
(0.166026984308 0.127768099489 0)
(0.162238053658 0.120481498653 0)
(0.158431293898 0.112980537166 0)
(0.154658865075 0.105374785559 0)
(0.150968063331 0.0977500178351 0)
(0.147400612727 0.0901721615588 0)
(0.143992483718 0.0826908062927 0)
(0.14077405438 0.0753422334971 0)
(0.137770479382 0.0681519812293 0)
(0.13500217113 0.0611369835596 0)
(0.132485327738 0.0543073360336 0)
(0.130232464904 0.0476677408327 0)
(0.128252924843 0.0412186825892 0)
(0.126553346671 0.034957380664 0)
(0.12513809026 0.0288785577036 0)
(0.124009610575 0.0229750583061 0)
(0.123168782676 0.0172383461082 0)
(0.12261517944 0.0116589027606 0)
(0.122347305072 0.0062265481211 0)
(0.122362787901 0.000930697531265 0)
(0.122658536031 -0.00423943079457 0)
(0.123230859224 -0.00929464753999 0)
(0.1240755601 -0.0142456543364 0)
(0.125187997338 -0.0191029286489 0)
(0.126563123152 -0.0238766251641 0)
(0.128195496873 -0.0285764881661 0)
(0.130079276056 -0.033211769947 0)
(0.132208186144 -0.0377911506305 0)
(0.134575469315 -0.0423226549175 0)
(0.137173812846 -0.0468135611763 0)
(0.139995257023 -0.0512702980112 0)
(0.1430310824 -0.0556983229563 0)
(0.146271676115 -0.0601019772011 0)
(0.149706376917 -0.0644843092836 0)
(0.153323298766 -0.0688468594342 0)
(0.157109133242 -0.0731893946903 0)
(0.161048931791 -0.0775095830245 0)
(0.16512587003 -0.0818025925186 0)
(0.169320998287 -0.0860605991167 0)
(0.173612985362 -0.0902721838211 0)
(0.177977866578 -0.0944215975784 0)
(0.18238881292 -0.0984878700105 0)
(0.186815945948 -0.102443737367 0)
(0.191226233723 -0.106254366887 0)
(0.195583516591 -0.109875861186 0)
(0.199848728422 -0.113253540017 0)
(0.203980398341 -0.116320021375 0)
(0.207935539093 -0.118993164129 0)
(0.211671045626 -0.121173996781 0)
(0.215145727894 -0.122744845908 0)
(0.218323070255 -0.123567987583 0)
(0.221174743654 -0.123485267499 0)
(0.223684812487 -0.122319284939 0)
(0.225854514129 -0.119876956853 0)
(0.227707126554 -0.115956710797 0)
(0.229290106351 -0.110361219935 0)
(0.230667675997 -0.102916363187 0)
(0.231908155159 -0.0934902630755 0)
(0.23309760616 -0.0820222415167 0)
(0.234261391893 -0.0686628965271 0)
(0.235029599236 -0.0537838153538 0)
(0.235052316184 -0.0371578651617 0)
(0.234229020177 -0.0188230818071 0)
(0.232318324816 5.10073480849e-05 0)
(0.228645400908 0.0194260990954 0)
(0.22341372987 0.0398753749027 0)
(0.217638475621 0.0610510133064 0)
(0.211919057137 0.0814109543581 0)
(0.206636561474 0.100146461634 0)
(0.202031726657 0.116657458253 0)
(0.198207576347 0.130554170817 0)
(0.195126870202 0.141509216047 0)
(0.192562319401 0.149417098216 0)
(0.190237617854 0.154410334739 0)
(0.153560693385 0.158101506975 0)
(0.152997827615 0.158389355918 0)
(0.152147208862 0.156802102287 0)
(0.150973439684 0.1536499318 0)
(0.149474307676 0.149224990645 0)
(0.14767196003 0.143791990465 0)
(0.145604923307 0.137583737493 0)
(0.14332146618 0.130800108834 0)
(0.140874427462 0.123609271199 0)
(0.138317412382 0.116150220901 0)
(0.135702159859 0.108535979298 0)
(0.133076851694 0.100856990572 0)
(0.130485141588 0.093184435306 0)
(0.12796570967 0.0855732956449 0)
(0.125552183551 0.0780650924327 0)
(0.123273302109 0.070690269568 0)
(0.121153229185 0.0634702340429 0)
(0.119211949942 0.0564190783176 0)
(0.117465702721 0.0495450200775 0)
(0.11592741452 0.0428515967262 0)
(0.114607119478 0.0363386507678 0)
(0.113512347786 0.0300031392192 0)
(0.112648478113 0.0238397964116 0)
(0.112019050443 0.0178416756054 0)
(0.111626038724 0.0120005911173 0)
(0.111470084291 0.00630747929628 0)
(0.111550691921 0.000752693743878 0)
(0.111866390841 -0.00467375231096 0)
(0.112414863119 -0.0099819856539 0)
(0.113193041837 -0.0151821056229 0)
(0.114197181225 -0.0202840417799 0)
(0.115422900712 -0.0252974300235 0)
(0.116865204503 -0.0302315012597 0)
(0.118518478022 -0.0350949773103 0)
(0.120376462223 -0.0398959690936 0)
(0.122432206496 -0.0446418722721 0)
(0.124678000652 -0.0493392555187 0)
(0.127105286255 -0.0539937363296 0)
(0.129704547474 -0.058609838899 0)
(0.132465181559 -0.0631908279507 0)
(0.135375349198 -0.0677385116028 0)
(0.138421805285 -0.0722530053053 0)
(0.141589711181 -0.0767324476321 0)
(0.144862430458 -0.081172657242 0)
(0.14822131151 -0.085566718683 0)
(0.151645462368 -0.0899044829823 0)
(0.155111525962 -0.0941719673075 0)
(0.158593467936 -0.0983506366966 0)
(0.162062394382 -0.102416550421 0)
(0.165486423762 -0.106339356774 0)
(0.168830645976 -0.110081124129 0)
(0.172057212139 -0.113595004721 0)
(0.175125610561 -0.11682374297 0)
(0.177993196831 -0.119698064844 0)
(0.180616056526 -0.122135021845 0)
(0.182950283172 -0.12403641559 0)
(0.184953743252 -0.125287497432 0)
(0.18658836719 -0.12575621631 0)
(0.187822948488 -0.125293368278 0)
(0.188636355588 -0.123734085048 0)
(0.189020970773 -0.120901222284 0)
(0.188985910919 -0.116611476306 0)
(0.18855855278 -0.11068536137 0)
(0.187781844888 -0.10296123716 0)
(0.186709781237 -0.0933109788949 0)
(0.18540746063 -0.0816634425111 0)
(0.183907270528 -0.0680637139215 0)
(0.182093367897 -0.05266021546 0)
(0.179881961224 -0.0354530464493 0)
(0.177362245118 -0.0166329116249 0)
(0.174487209725 0.0031191562544 0)
(0.171046000127 0.0234972770748 0)
(0.167244365324 0.0444098277834 0)
(0.16363813091 0.0653315873872 0)
(0.160567453352 0.0852370176918 0)
(0.158139866399 0.103384499586 0)
(0.156370830356 0.119253617821 0)
(0.155209673815 0.132529212084 0)
(0.154543573585 0.143015518225 0)
(0.154181660207 0.150674409975 0)
(0.153913135859 0.155626351509 0)
(0.120667669191 0.157684481323 0)
(0.121684333326 0.158245530015 0)
(0.122384570494 0.156987217112 0)
(0.122728632764 0.154184812882 0)
(0.122706899931 0.150103003392 0)
(0.122332940756 0.144986495316 0)
(0.121636897343 0.139054766074 0)
(0.120659706953 0.13249990747 0)
(0.119448374577 0.125486632527 0)
(0.118052312323 0.118153683674 0)
(0.116520651656 0.11061605535 0)
(0.114900382203 0.102967604361 0)
(0.113235155781 0.0952837564064 0)
(0.111564602035 0.0876241233966 0)
(0.109924021561 0.0800349244783 0)
(0.108344346029 0.0725511582693 0)
(0.106852278069 0.0651985097839 0)
(0.105470544437 0.0579949977472 0)
(0.104218213324 0.0509523805942 0)
(0.103111040597 0.0440773456094 0)
(0.102161820504 0.0373725077127 0)
(0.10138072452 0.0308372440119 0)
(0.100775617921 0.0244683885007 0)
(0.100352347946 0.018260808885 0)
(0.100115000398 0.0122078849407 0)
(0.100066123521 0.00630190527002 0)
(0.100206919322 0.000534396975563 0)
(0.100537403275 -0.00510359930249 0)
(0.101056533832 -0.0106212983367 0)
(0.101762313298 -0.01602797412 0)
(0.102651861691 -0.021332790637 0)
(0.103721465095 -0.0265446527032 0)
(0.104966599874 -0.0316720707449 0)
(0.106381933906 -0.0367230339449 0)
(0.107961305813 -0.041704886542 0)
(0.109697682986 -0.0466242022573 0)
(0.111583099021 -0.0514866518219 0)
(0.113608571123 -0.0562968584205 0)
(0.115763997979 -0.0610582355429 0)
(0.118038038709 -0.0657728012378 0)
(0.120417973727 -0.0704409621111 0)
(0.122889548761 -0.0750612596037 0)
(0.125436803993 -0.0796300701259 0)
(0.12804189129 -0.0841412495683 0)
(0.130684883991 -0.0885857116066 0)
(0.133343585805 -0.0929509281756 0)
(0.135993348148 -0.0972203397254 0)
(0.138606909011 -0.10137266267 0)
(0.141154271238 -0.105381082304 0)
(0.143602644118 -0.109212322121 0)
(0.145916479507 -0.112825585938 0)
(0.148057641972 -0.116171378878 0)
(0.149985761256 -0.119190228843 0)
(0.151658823393 -0.121811353272 0)
(0.153034062084 -0.123951348639 0)
(0.154069210803 -0.125513023268 0)
(0.154724163607 -0.12638454668 0)
(0.154963066392 -0.126439146473 0)
(0.154756820766 -0.125535641951 0)
(0.154085929078 -0.123520162728 0)
(0.152943533513 -0.120229476703 0)
(0.151338329461 -0.115496491199 0)
(0.149296606248 -0.109158622358 0)
(0.146862548335 -0.101069312747 0)
(0.144097814013 -0.0911122166412 0)
(0.141080265685 -0.0792208744379 0)
(0.13788281728 -0.0654089591879 0)
(0.13453698076 -0.0497665234779 0)
(0.13111000442 -0.0323876984176 0)
(0.127749394058 -0.0135254250704 0)
(0.124528284843 0.00632268592446 0)
(0.121454628962 0.0267536602677 0)
(0.118704778384 0.0474083019915 0)
(0.116577884118 0.0677142546496 0)
(0.115241414876 0.0869049901021 0)
(0.114692833984 0.104351077067 0)
(0.114843579681 0.119599575073 0)
(0.11556124146 0.132372910312 0)
(0.116685856475 0.142526060141 0)
(0.118031039247 0.150044364352 0)
(0.119410837903 0.155032841974 0)
(0.0894492705146 0.155829068826 0)
(0.0917659342215 0.156673923368 0)
(0.093767054193 0.155759423266 0)
(0.0954055925059 0.153329243201 0)
(0.0966625187041 0.149622253257 0)
(0.0975412312367 0.144863435981 0)
(0.0980619916331 0.139258255842 0)
(0.0982568547943 0.132989747252 0)
(0.0981653444591 0.126217616551 0)
(0.0978309551666 0.11907874244 0)
(0.097298455969 0.111688572911 0)
(0.0966119110198 0.10414303285 0)
(0.0958133046638 0.0965206621823 0)
(0.0949416531519 0.0888847927902 0)
(0.0940324927935 0.081285641641 0)
(0.0931176486093 0.0737622486642 0)
(0.092225203977 0.066344223916 0)
(0.0913796078382 0.0590532926249 0)
(0.0906018704193 0.0519046419105 0)
(0.0899098106012 0.0449080818762 0)
(0.0893183279549 0.0380690383696 0)
(0.0888396802495 0.0313893965101 0)
(0.088483753198 0.0248682141403 0)
(0.088258313681 0.0185023233915 0)
(0.0881692409597 0.0122868370778 0)
(0.088220732738 0.00621557493459 0)
(0.0884154845663 0.000281422989406 0)
(0.0887548421842 -0.00552336226278 0)
(0.0892389271085 -0.0112068946799 0)
(0.0898667361982 -0.016777435377 0)
(0.0906362161533 -0.0222431978829 0)
(0.0915443139885 -0.0276121746119 0)
(0.0925870045206 -0.0328919784224 0)
(0.0937592958523 -0.0380896935558 0)
(0.0950552137564 -0.0432117306088 0)
(0.0964677657948 -0.0482636803969 0)
(0.0979888859593 -0.0532501616113 0)
(0.0996093606309 -0.0581746570759 0)
(0.101318736744 -0.0630393331844 0)
(0.10310521324 -0.0678448367306 0)
(0.104955517249 -0.0725900628643 0)
(0.106854766979 -0.0772718873309 0)
(0.108786324131 -0.0818848554967 0)
(0.110731639758 -0.0864208199956 0)
(0.112670099115 -0.0908685182316 0)
(0.114578873107 -0.0952130805553 0)
(0.116432786743 -0.0994354599382 0)
(0.118204218494 -0.103511774662 0)
(0.119863048892 -0.10741255742 0)
(0.121376682001 -0.111101907892 0)
(0.122710169539 -0.114536552219 0)
(0.123826474145 -0.11766482284 0)
(0.124686914879 -0.12042558728 0)
(0.125251843556 -0.122747175681 0)
(0.125481603178 -0.124546385349 0)
(0.125337817083 -0.125727676373 0)
(0.124785046711 -0.126182714268 0)
(0.123792836252 -0.125790460488 0)
(0.122338134862 -0.124418057514 0)
(0.120408050329 -0.121922803401 0)
(0.118002832299 -0.118155567042 0)
(0.115138869538 -0.112966068739 0)
(0.111851284472 -0.106210489108 0)
(0.108195725339 -0.0977616834161 0)
(0.104249564562 -0.08752210257 0)
(0.100111351596 -0.0754405543145 0)
(0.0958913891091 -0.0615322123603 0)
(0.0916999943518 -0.0458836555397 0)
(0.0876754014139 -0.0286405247326 0)
(0.0839887315553 -0.0100757368102 0)
(0.0807712962048 0.00939359112092 0)
(0.0781170629513 0.029340209903 0)
(0.0761675722982 0.0493198070595 0)
(0.0750824899556 0.0687839828007 0)
(0.074926617314 0.0871157099175 0)
(0.0756450086029 0.103782428009 0)
(0.0771076699445 0.118388138562 0)
(0.0791475626923 0.130682272594 0)
(0.0815824150101 0.140539214224 0)
(0.0842245373518 0.147946401704 0)
(0.0868969337578 0.152989582308 0)
(0.0600041607309 0.152815464599 0)
(0.0633714417836 0.153928325813 0)
(0.0664446195921 0.153348457962 0)
(0.0691684881109 0.151290405015 0)
(0.0715140694547 0.147968469242 0)
(0.0734741122104 0.143588101848 0)
(0.0750584013801 0.138340151067 0)
(0.0762893192864 0.132397466858 0)
(0.0771979155699 0.125913337572 0)
(0.0778206051092 0.119021270482 0)
(0.0781965161623 0.111835696525 0)
(0.0783654499025 0.104453260414 0)
(0.0783663786689 0.0969544370808 0)
(0.0782363962311 0.0894052866609 0)
(0.0780100324763 0.0818592190445 0)
(0.0777188517221 0.0743586849257 0)
(0.0773912644004 0.0669367443796 0)
(0.0770524935865 0.0596184882359 0)
(0.076724649227 0.0524223039926 0)
(0.0764268731382 0.0453609886793 0)
(0.0761755265694 0.0384427175185 0)
(0.0759843992873 0.0316718807709 0)
(0.0758649248645 0.02504980271 0)
(0.0758263913141 0.0185753569726 0)
(0.0758761396197 0.0122454920669 0)
(0.0760197452598 0.0060556799276 0)
(0.0762611796931 2.99298689602e-07 0)
(0.0766029501127 -0.00592703542339 0)
(0.0770462167162 -0.0117331903712 0)
(0.0775908873684 -0.0174252649326 0)
(0.0782356899506 -0.0230103734388 0)
(0.0789782229405 -0.028495448999 0)
(0.0798149849142 -0.0338870632961 0)
(0.0807413837422 -0.0391912566375 0)
(0.0817517262958 -0.0444133728959 0)
(0.0828391895268 -0.049557894199 0)
(0.0839957738475 -0.0546282703069 0)
(0.0852122398602 -0.0596267375875 0)
(0.0864780296802 -0.0645541223725 0)
(0.0877811744145 -0.0694096232405 0)
(0.0891081898158 -0.0741905664696 0)
(0.0904439628007 -0.0788921285592 0)
(0.0917716324315 -0.0835070193546 0)
(0.0930724702003 -0.0880251190165 0)
(0.0943257660823 -0.0924330619317 0)
(0.0955087289327 -0.0967137608068 0)
(0.09659641248 -0.100845864842 0)
(0.0975616814775 -0.10480314732 0)
(0.0983752365787 -0.108553820592 0)
(0.0990057211719 -0.112059780837 0)
(0.0994199386096 -0.115275791826 0)
(0.0995832136815 -0.118148627032 0)
(0.0994599372246 -0.120616203777 0)
(0.0990143365263 -0.122606762362 0)
(0.0982115153495 -0.124038168002 0)
(0.0970188042333 -0.124817443564 0)
(0.0954074525613 -0.124840675559 0)
(0.0933546781333 -0.123993472414 0)
(0.0908460676367 -0.122152191526 0)
(0.0878782905911 -0.119186190661 0)
(0.084462042645 -0.114961400721 0)
(0.0806250513903 -0.109345555491 0)
(0.0764148560062 -0.102215409263 0)
(0.0719010463745 -0.0934661515992 0)
(0.0671767494617 -0.0830231257954 0)
(0.0623583132538 -0.0708560985924 0)
(0.0575804651593 -0.0569946509043 0)
(0.0529906102669 -0.0415371595936 0)
(0.0487548082835 -0.0246550332701 0)
(0.0450496106244 -0.00662150906497 0)
(0.0420246795707 0.0121894883301 0)
(0.039797507831 0.0313613276151 0)
(0.0384786588555 0.0504446845598 0)
(0.0381521728485 0.0689395952672 0)
(0.0388256053491 0.0863300779028 0)
(0.0404187958828 0.102163726288 0)
(0.0427891911801 0.116094102573 0)
(0.0457609442241 0.127893420928 0)
(0.049146425702 0.137443968383 0)
(0.0527594665865 0.144726705886 0)
(0.0564278728 0.14980694316 0)
(0.0323595286167 0.148884848525 0)
(0.0365620683317 0.150233434597 0)
(0.0405046523748 0.149962736019 0)
(0.044124452198 0.148260386069 0)
(0.0473830975302 0.145317345599 0)
(0.0502630942348 0.141319867 0)
(0.0527639127218 0.13644380577 0)
(0.0548981415792 0.130850950488 0)
(0.056687960788 0.124686989122 0)
(0.0581620743032 0.118080731984 0)
(0.0593531564984 0.11114424766 0)
(0.0602958084052 0.103973621295 0)
(0.0610249832785 0.0966501027628 0)
(0.0615748217908 0.0892414677227 0)
(0.0619778301968 0.0818034631069 0)
(0.0622643358066 0.0743812482876 0)
(0.0624621597086 0.0670107742332 0)
(0.0625964545027 0.0597200661561 0)
(0.0626896632833 0.0525303918587 0)
(0.062761564283 0.0454573095521 0)
(0.0628293729577 0.0385115965659 0)
(0.0629078796262 0.0317000651693 0)
(0.0630096060442 0.0250262744815 0)
(0.0631449685615 0.0184911487967 0)
(0.063322438883 0.0120935130873 0)
(0.0635486960858 0.00583055628333 0)
(0.0638287655461 -0.00030176759279 0)
(0.0641661419354 -0.00630839104079 0)
(0.0645628945553 -0.0121948288174 0)
(0.0650197540867 -0.0179669099261 0)
(0.0655361804032 -0.0236305386959 0)
(0.0661104115017 -0.0291914784122 0)
(0.0667394938932 -0.0346551514964 0)
(0.0674192950018 -0.0400264506556 0)
(0.0681444982889 -0.0453095557441 0)
(0.0689085819772 -0.0505077513071 0)
(0.0697037824261 -0.0556232398937 0)
(0.0705210434342 -0.0606569462653 0)
(0.0713499530501 -0.0656083075897 0)
(0.072178669888 -0.070475044612 0)
(0.0729938415061 -0.0752529086603 0)
(0.0737805181626 -0.0799353992245 0)
(0.07452206626 -0.0845134467582 0)
(0.0752000870752 -0.0889750554066 0)
(0.0757943480207 -0.0933049006294 0)
(0.076282735746 -0.0974838773172 0)
(0.076641242926 -0.101488595207 0)
(0.0768440036365 -0.105290820424 0)
(0.0768633957911 -0.108856865206 0)
(0.0766702331386 -0.112146932736 0)
(0.0762340736319 -0.115114431088 0)
(0.0755236752434 -0.117705280237 0)
(0.0745076339772 -0.119857249445 0)
(0.0731552411242 -0.121499379783 0)
(0.0714375966452 -0.122551568162 0)
(0.0693290116233 -0.122924414866 0)
(0.0668087237733 -0.122519465121 0)
(0.0638629352032 -0.121230005132 0)
(0.0604871600155 -0.118942602894 0)
(0.0566888384502 -0.115539612849 0)
(0.0524901287109 -0.110902888675 0)
(0.0479307173732 -0.104918960964 0)
(0.0430703955325 -0.097485907008 0)
(0.0379910826631 -0.0885220308209 0)
(0.0327979145063 -0.077976333448 0)
(0.0276185663213 -0.0658405722797 0)
(0.0225996123955 -0.0521616034292 0)
(0.0179014401192 -0.0370505774348 0)
(0.0136950272163 -0.0206896627442 0)
(0.0101504704483 -0.00334366431917 0)
(0.00741452157063 0.0146456299834 0)
(0.00560158364275 0.0328890853385 0)
(0.00479660879414 0.0509655578812 0)
(0.00504189613166 0.0684294509022 0)
(0.0063149746625 0.0848409337753 0)
(0.00852548782055 0.0998128140574 0)
(0.0115315389688 0.113041670262 0)
(0.0151613205361 0.124320517335 0)
(0.019231891478 0.133536402511 0)
(0.0235627894725 0.140661941074 0)
(0.0279870216254 0.145743254882 0)
(0.00649414022193 0.144239456108 0)
(0.0113503106746 0.14578279808 0)
(0.0159872040173 0.145786058797 0)
(0.0203357185294 0.144412205197 0)
(0.0243493252075 0.141830236038 0)
(0.0280012966238 0.138207786649 0)
(0.0312815063913 0.133705642507 0)
(0.0341931507741 0.128473959853 0)
(0.0367496357001 0.122649924107 0)
(0.0389717789745 0.116356557577 0)
(0.040885403652 0.10970240096 0)
(0.0425193444495 0.102781824829 0)
(0.0439038525858 0.0956757676352 0)
(0.0450693623979 0.088452738522 0)
(0.0460455720198 0.0811699619195 0)
(0.0468607870528 0.0738745742822 0)
(0.0475414777346 0.0666048105922 0)
(0.0481120045491 0.0593911396128 0)
(0.0485944730086 0.0522573229926 0)
(0.0490086845008 0.0452213850962 0)
(0.0493721560287 0.0382964887173 0)
(0.0497001870315 0.0314917174635 0)
(0.0500059561347 0.0248127692335 0)
(0.0503006345905 0.0182625673901 0)
(0.0505935063849 0.0118417974137 0)
(0.0508920875717 0.00554937729317 0)
(0.0512022394408 -0.000617130071059 0)
(0.0515282717208 -0.0066611544342 0)
(0.0518730332405 -0.0125867981448 0)
(0.0522379884091 -0.0183985513525 0)
(0.0526232785761 -0.0241010358823 0)
(0.0530277678687 -0.0296987716502 0)
(0.0534490735088 -0.0351959599323 0)
(0.0538835809411 -0.0405962781526 0)
(0.05432644438 -0.0459026811545 0)
(0.0547715736478 -0.0511172041465 0)
(0.0552116084521 -0.0562407626633 0)
(0.0556378815776 -0.0612729449835 0)
(0.0560403728601 -0.0662117925035 0)
(0.0564076563151 -0.071053563595 0)
(0.0567268434371 -0.075792476506 0)
(0.0569835265067 -0.080420426953 0)
(0.0571617267834 -0.0849266762248 0)
(0.0572438537668 -0.0892975059716 0)
(0.0572106833237 -0.0935158364836 0)
(0.0570413644414 -0.0975608062998 0)
(0.0567134667134 -0.101407312633 0)
(0.0562030833978 -0.105025514563 0)
(0.0554850079803 -0.108380304577 0)
(0.0545330055202 -0.111430759159 0)
(0.0533202034692 -0.114129586223 0)
(0.0518196297774 -0.11642259667 0)
(0.0500049284433 -0.118248239704 0)
(0.0478512834911 -0.119537256995 0)
(0.0453365807411 -0.120212529427 0)
(0.0424428315574 -0.120189211587 0)
(0.0391578728875 -0.119375272274 0)
(0.0354773422979 -0.117672582747 0)
(0.0314069038749 -0.114978716277 0)
(0.0269646683378 -0.111189640331 0)
(0.0221837046807 -0.106203491775 0)
(0.0171144763717 -0.0999256162288 0)
(0.0118269547062 -0.0922750046547 0)
(0.00641208546914 -0.0831921508003 0)
(0.000982191302881 -0.0726481912662 0)
(-0.00433032638217 -0.0606549286893 0)
(-0.0093766385732 -0.0472746551127 0)
(-0.0139970086757 -0.0326278912047 0)
(-0.0180274463035 -0.0168987448659 0)
(-0.0213111111611 -0.000338818849383 0)
(-0.0237139503505 0.0167394002913 0)
(-0.0251345140008 0.0339810029406 0)
(-0.0255083885532 0.0510046303371 0)
(-0.0248171261079 0.0674177178021 0)
(-0.0230979596199 0.0828416582955 0)
(-0.0204429599531 0.0969426374423 0)
(-0.0169872230432 0.109454371302 0)
(-0.0128925778135 0.120189269367 0)
(-0.00833198315986 0.129039008933 0)
(-0.00347697460299 0.135968902858 0)
(0.00151224350075 0.141008472 0)
(-0.0176441055197 0.139045716365 0)
(-0.0122848123152 0.140739766426 0)
(-0.00710207295839 0.140977073643 0)
(-0.00216958856782 0.139898265011 0)
(0.00245951147099 0.137651944018 0)
(0.00675061150763 0.134387976585 0)
(0.0106850568476 0.130252308895 0)
(0.0142574155829 0.125383209447 0)
(0.0174727819828 0.119908754791 0)
(0.0203442731797 0.113945346203 0)
(0.0228908081897 0.107597041586 0)
(0.0251352097947 0.100955502544 0)
(0.0271026348969 0.0941003826613 0)
(0.0288193158758 0.0871000130103 0)
(0.0303115819083 0.0800122708189 0)
(0.0316051227386 0.0728855443424 0)
(0.0327244558286 0.0657597302341 0)
(0.0336925594208 0.0586672187033 0)
(0.0345306374573 0.0516338367172 0)
(0.0352579865776 0.0446797309314 0)
(0.0358919399201 0.0378201804767 0)
(0.0364478667872 0.031066335805 0)
(0.0369392111794 0.0244258840036 0)
(0.0373775556616 0.0179036437803 0)
(0.0377726999629 0.0115020950828 0)
(0.0381327461589 0.00522184932176 0)
(0.038464184288 -0.000937933358811 0)
(0.0387719738597 -0.00697917318935 0)
(0.0390596180001 -0.0129045397875 0)
(0.0393292279911 -0.018717154848 0)
(0.0395815767592 -0.0244203225808 0)
(0.0398161405018 -0.0300172823012 0)
(0.0400311281489 -0.0355109779045 0)
(0.0402234987828 -0.0409038392482 0)
(0.0403889675113 -0.0461975707268 0)
(0.0405220006499 -0.0513929425506 0)
(0.0406158014282 -0.0564895804166 0)
(0.0406622878488 -0.0614857494164 0)
(0.0406520647937 -0.0663781281722 0)
(0.0405743930478 -0.071161569337 0)
(0.0404171586054 -0.0758288427821 0)
(0.0401668464843 -0.0803703580702 0)
(0.0398085243223 -0.0847738632127 0)
(0.0393258423094 -0.0890241173276 0)
(0.0387010575369 -0.0931025357443 0)
(0.037915092659 -0.0969868074609 0)
(0.0369476408483 -0.100650486833 0)
(0.035777331386 -0.104062564148 0)
(0.03438197278 -0.107187023564 0)
(0.0327388929304 -0.109982402101 0)
(0.0308253983349 -0.112401370222 0)
(0.0286193763183 -0.114390363391 0)
(0.0261000652586 -0.115889305119 0)
(0.0232490171394 -0.116831475428 0)
(0.0200512735972 -0.11714359435 0)
(0.0164967699897 -0.116746207355 0)
(0.0125819707939 -0.115554477531 0)
(0.00831172273616 -0.113479506193 0)
(0.00370128795939 -0.110430317265 0)
(-0.00122151371555 -0.106316647869 0)
(-0.00641416910099 -0.101052682793 0)
(-0.0118175161126 -0.0945618449718 0)
(-0.0173542102451 -0.0867826938221 0)
(-0.022927923153 -0.0776758738343 0)
(-0.0284236571817 -0.0672318941991 0)
(-0.0337096526279 -0.0554792749037 0)
(-0.0386412937343 -0.0424921694665 0)
(-0.0430669061024 -0.0283962190785 0)
(-0.0468352771654 -0.0133719417947 0)
(-0.0498059358412 0.00234497170672 0)
(-0.0518610828389 0.0184702385524 0)
(-0.0529147134425 0.0346844844492 0)
(-0.0529186554489 0.0506480283756 0)
(-0.0518686399089 0.0660169713654 0)
(-0.0498084064778 0.0804636943267 0)
(-0.0468272195995 0.0936988187559 0)
(-0.0430507324127 0.105488187643 0)
(-0.0386284433645 0.115662264326 0)
(-0.0337209586104 0.124118020228 0)
(-0.0284889924136 0.130815448606 0)
(-0.0230845064637 0.135770501968 0)
(-0.0401253831584 0.133438709962 0)
(-0.034386017219 0.135240076286 0)
(-0.0287814655224 0.135670441954 0)
(-0.0233883466485 0.134850458224 0)
(-0.018264765568 0.132910045112 0)
(-0.0134517579716 0.129982372137 0)
(-0.00897526404346 0.126199050262 0)
(-0.00484836365855 0.121686495423 0)
(-0.00107356621899 0.116563351677 0)
(0.00235499231028 0.110938823103 0)
(0.00544954050898 0.104911750057 0)
(0.00822690370982 0.0985702693984 0)
(0.0107069980593 0.091991913175 0)
(0.0129115843885 0.0852440206328 0)
(0.0148632650443 0.0783843605574 0)
(0.0165846983199 0.0714618823185 0)
(0.0180980012477 0.0645175332009 0)
(0.0194243108602 0.0575850959874 0)
(0.0205834754232 0.0506920142086 0)
(0.0215938497326 0.0438601831545 0)
(0.0224721717278 0.037106692969 0)
(0.0232335009797 0.0304445163371 0)
(0.0238912028053 0.0238831377876 0)
(0.0244569646912 0.01742912482 0)
(0.0249408342968 0.0110866432537 0)
(0.0253512705405 0.00485792061165 0)
(0.0256952011566 -0.00125633779672 0)
(0.0259780816748 -0.00725657496957 0)
(0.026203952061 -0.0131440451793 0)
(0.0263754883093 -0.0189205085234 0)
(0.0264940471292 -0.0245879518868 0)
(0.0265597025735 -0.0301483313319 0)
(0.0265712740395 -0.0356033311623 0)
(0.0265263455752 -0.0409541351251 0)
(0.0264212768786 -0.046201205447 0)
(0.0262512068055 -0.0513440656156 0)
(0.0260100506409 -0.0563810830205 0)
(0.0256904928574 -0.0613092477727 0)
(0.0252839776152 -0.0661239442463 0)
(0.0247806998724 -0.0708187121373 0)
(0.0241696006994 -0.0753849941555 0)
(0.0234383712556 -0.0798118679067 0)
(0.0225734709087 -0.0840857601093 0)
(0.0215601661844 -0.0881901421292 0)
(0.0203825986348 -0.0921052069738 0)
(0.0190238913197 -0.0958075294845 0)
(0.017466305378 -0.0992697136582 0)
(0.0156914600963 -0.102460033957 0)
(0.0136806318585 -0.105342081355 0)
(0.011415149236 -0.107874429931 0)
(0.0088769030202 -0.11001034625 0)
(0.00604899086515 -0.111697571804 0)
(0.00291651591703 -0.11287821847 0)
(-0.000532443243891 -0.11348882829 0)
(-0.0043056786029 -0.113460661513 0)
(-0.00840550990546 -0.112720290166 0)
(-0.0128272606604 -0.111190587206 0)
(-0.0175575783258 -0.108792211947 0)
(-0.0225726483814 -0.105445698393 0)
(-0.0278363841325 -0.101074251075 0)
(-0.0332987149638 -0.0956073376702 0)
(-0.0388941451319 -0.0889851320482 0)
(-0.0445408093899 -0.0811637958269 0)
(-0.0501403028571 -0.0721214826116 0)
(-0.0555786062491 -0.0618648034533 0)
(-0.0607284511551 -0.0504352923644 0)
(-0.0654533804194 -0.0379151430009 0)
(-0.0696134820099 -0.0244313039487 0)
(-0.0730726733148 -0.0101571962289 0)
(-0.0757075992823 0.00468873422509 0)
(-0.0774171180325 0.0198492565675 0)
(-0.0781301488442 0.035039180085 0)
(-0.0778113202676 0.0499583345468 0)
(-0.0764651212174 0.0643061444647 0)
(-0.0741374313974 0.0777981802955 0)
(-0.0709125521064 0.0901826101244 0)
(-0.0669058967813 0.101253204875 0)
(-0.0622541417189 0.110857136418 0)
(-0.0571048697077 0.118897350784 0)
(-0.0516071725174 0.12533056616 0)
(-0.0459038388796 0.130162117871 0)
(-0.0610289488473 0.127526912774 0)
(-0.0550090331867 0.129395145182 0)
(-0.0490850571094 0.129978941034 0)
(-0.0433350458146 0.129381302167 0)
(-0.0378205532988 0.127715249664 0)
(-0.0325875936799 0.125098488359 0)
(-0.0276681104019 0.121649013773 0)
(-0.0230817552771 0.117481669214 0)
(-0.0188377932247 0.112705592758 0)
(-0.0149369942031 0.107422452647 0)
(-0.0113734161024 0.101725349758 0)
(-0.00813601844281 0.0956982616834 0)
(-0.00521007551397 0.0894159093689 0)
(-0.00257837913264 0.082943939931 0)
(-0.000222236240886 0.0763393348508 0)
(0.00187772378398 0.069650968974 0)
(0.00374091178129 0.0629202611339 0)
(0.00538628873143 0.0561818709447 0)
(0.00683200003254 0.0494644080313 0)
(0.00809511235489 0.0427911296323 0)
(0.00919143324911 0.0361806102395 0)
(0.0101353960209 0.0296473729754 0)
(0.0109399948315 0.023202476998 0)
(0.0116167573574 0.0168540586171 0)
(0.012175744537 0.0106078262643 0)
(0.0126255688934 0.00446751117352 0)
(0.0129734246373 -0.00156472323494 0)
(0.0132251242218 -0.00748790954152 0)
(0.0133851372625 -0.01330193795 0)
(0.0134566287841 -0.0190072470216 0)
(0.0134414946297 -0.024604539149 0)
(0.0133403926092 -0.0300945164603 0)
(0.0131527685992 -0.0354776329729 0)
(0.0128768773621 -0.0407538589751 0)
(0.0125097983636 -0.045922453804 0)
(0.012047447351 -0.0509817433971 0)
(0.0114845849456 -0.055928899216 0)
(0.0108148240171 -0.060759715384 0)
(0.0100306381695 -0.0654683811746 0)
(0.00912337430501 -0.0700472463259 0)
(0.00808327295772 -0.0744865770929 0)
(0.00689950092532 -0.0787743015226 0)
(0.00556020168901 -0.0828957431776 0)
(0.00405257021022 -0.0868333435332 0)
(0.00236295992533 -0.0905663745978 0)
(0.000477031118891 -0.0940706450496 0)
(-0.0016200487008 -0.0973182054825 0)
(-0.00394334032708 -0.100277061311 0)
(-0.0065077907967 -0.102910905676 0)
(-0.00932779912691 -0.105178889445 0)
(-0.0124166745745 -0.107035451248 0)
(-0.0157859723156 -0.108430237529 0)
(-0.0194446928804 -0.109308150753 0)
(-0.023398334926 -0.109609573105 0)
(-0.0276477966531 -0.1092708227 0)
(-0.0321881301272 -0.108224908861 0)
(-0.037007165712 -0.106402661133 0)
(-0.0420840415503 -0.103734311668 0)
(-0.0473876962757 -0.100151610204 0)
(-0.0528754123701 -0.095590541667 0)
(-0.0584915326383 -0.0899946943746 0)
(-0.0641665116095 -0.083319286431 0)
(-0.0698165031264 -0.0755357933584 0)
(-0.0753437177376 -0.0666370269408 0)
(-0.0806378007815 -0.0566423932715 0)
(-0.0855784682447 -0.0456029068981 0)
(-0.090039547114 -0.0336053694671 0)
(-0.0938943843529 -0.0207750209251 0)
(-0.0970224551823 -0.00727603528645 0)
(-0.0993169035671 0.00669075903495 0)
(-0.100692187672 0.0208936537058 0)
(-0.101090556516 0.0350790997876 0)
(-0.100486755597 0.0489828018639 0)
(-0.0988908763974 0.0623421759273 0)
(-0.096348693202 0.0749096838536 0)
(-0.0929387370399 0.0864655499861 0)
(-0.0887663541866 0.0968279341506 0)
(-0.0839558529193 0.105859383381 0)
(-0.0786420690134 0.113469287863 0)
(-0.0729624350562 0.119612859223 0)
(-0.0670501768542 0.124287433118 0)
(-0.0804370309718 0.121396677852 0)
(-0.0742163252878 0.123295506504 0)
(-0.0680565844976 0.123995969179 0)
(-0.0620359821598 0.123585635936 0)
(-0.0562181826582 0.122162412918 0)
(-0.0506528567249 0.119829859506 0)
(-0.0453767225378 0.116693226626 0)
(-0.040414921911 0.112856254901 0)
(-0.0357825711229 0.108418710102 0)
(-0.0314863599447 0.103474592822 0)
(-0.0275261058469 0.0981109362475 0)
(-0.0238962003001 0.092407096512 0)
(-0.0205869090879 0.0864344403935 0)
(-0.0175855082028 0.0802563417897 0)
(-0.0148772514253 0.0739284086472 0)
(-0.0124461757438 0.0674988738042 0)
(-0.0102757571709 0.0610090951385 0)
(-0.00834943307131 0.0544941215774 0)
(-0.006651008592 0.0479832914655 0)
(-0.00516496481791 0.041500838286 0)
(-0.0038766853631 0.0350664857709 0)
(-0.00277261664497 0.0286960201252 0)
(-0.00184037534677 0.0224018315677 0)
(-0.00106881474861 0.0161934208305 0)
(-0.000448059827581 0.0100778688595 0)
(3.04806361368e-05 0.00406026985192 0)
(0.000374118215045 -0.00185587088405 0)
(0.000588899851588 -0.00766827183509 0)
(0.000679629498752 -0.0133755399377 0)
(0.000649893150773 -0.0189768616148 0)
(0.000502084896417 -0.0244717166391 0)
(0.000237432377921 -0.0298596112128 0)
(-0.000143979303796 -0.0351398267015 0)
(-0.000643185608124 -0.040311180555 0)
(-0.00126232232424 -0.0453717961019 0)
(-0.00200460639715 -0.0503188781078 0)
(-0.00287431659688 -0.0551484912117 0)
(-0.00387677227886 -0.0598553386393 0)
(-0.00501830790885 -0.0644325389339 0)
(-0.00630624039436 -0.0688713988611 0)
(-0.00774882556329 -0.0731611811659 0)
(-0.00935519934934 -0.0772888665357 0)
(-0.011135298371 -0.0812389099747 0)
(-0.0130997536319 -0.0849929929026 0)
(-0.015259750034 -0.0885297737079 0)
(-0.0176268433062 -0.0918246412996 0)
(-0.0202127248644 -0.0948494785007 0)
(-0.023028924105 -0.0975724450005 0)
(-0.0260864368154 -0.0999577931414 0)
(-0.029395267939 -0.101965734134 0)
(-0.032963877078 -0.103552377427 0)
(-0.0367985161838 -0.104669771881 0)
(-0.0409024512505 -0.105266084055 0)
(-0.0452750639785 -0.105285955906 0)
(-0.0499108358477 -0.104671091213 0)
(-0.0547982264221 -0.103361126068 0)
(-0.0599184705559 -0.10129484286 0)
(-0.0652443359553 -0.0984117875057 0)
(-0.0707389035682 -0.0946543443258 0)
(-0.076354458358 -0.0899703091305 0)
(-0.0820316062504 -0.0843159755286 0)
(-0.087698762183 -0.0776597086941 0)
(-0.0932721799778 -0.0699859215752 0)
(-0.0986567107318 -0.0612992894887 0)
(-0.103747474531 -0.0516289423754 0)
(-0.108432597827 -0.0410322652588 0)
(-0.112597084169 -0.029597833353 0)
(-0.116127748741 -0.0174469568294 0)
(-0.118919013641 -0.00473335023655 0)
(-0.120879215744 0.00835950015662 0)
(-0.121936782207 0.0216235882344 0)
(-0.122045452626 0.0348340463319 0)
(-0.121188011522 0.0477584953437 0)
(-0.119378244868 0.0601674347471 0)
(-0.116660724696 0.0718449967301 0)
(-0.113108138551 0.082598971414 0)
(-0.10881642077 0.0922688936029 0)
(-0.103898417799 0.100731387797 0)
(-0.0984769917862 0.10790251655 0)
(-0.0926783636223 0.113737386315 0)
(-0.0866262388823 0.118227531092 0)
(-0.0984308302211 0.115116210031 0)
(-0.092072714821 0.117014067102 0)
(-0.0857449321303 0.117798117674 0)
(-0.0795248178919 0.117542557214 0)
(-0.0734770327479 0.116331899788 0)
(-0.0676537511088 0.114256902581 0)
(-0.0620953483162 0.11141103258 0)
(-0.0568314298304 0.107887532702 0)
(-0.051882065383 0.1037770911 0)
(-0.0472591154811 0.099166079586 0)
(-0.042967563324 0.0941353031129 0)
(-0.0390067894111 0.0887591898051 0)
(-0.0353717472681 0.08310534711 0)
(-0.0320540160995 0.0772344118422 0)
(-0.029042719677 0.0712001278993 0)
(-0.0263253106716 0.0650495935157 0)
(-0.0238882264615 0.05882362882 0)
(-0.0217174267509 0.0525572232737 0)
(-0.0197988257018 0.0462800307607 0)
(-0.0181186322266 0.040016887382 0)
(-0.0166636120226 0.033788333242 0)
(-0.0154212842264 0.0276111247204 0)
(-0.0143800644523 0.0214987279545 0)
(-0.0135293646769 0.0154617876094 0)
(-0.0128596590549 0.00950856763647 0)
(-0.0123625234014 0.00364536270822 0)
(-0.0120306547987 -0.00212311951256 0)
(-0.0118578766169 -0.00779340403896 0)
(-0.011839133186 -0.0133629201914 0)
(-0.0119704774193 -0.0188296967409 0)
(-0.0122490538632 -0.0241920778096 0)
(-0.0126730789101 -0.0294484566246 0)
(-0.0132418192577 -0.0345970241934 0)
(-0.0139555690988 -0.0396355300102 0)
(-0.0148156259661 -0.044561052026 0)
(-0.0158242646261 -0.0493697733007 0)
(-0.0169847078819 -0.0540567629918 0)
(-0.0183010926077 -0.058615759635 0)
(-0.0197784287679 -0.0630389550608 0)
(-0.0214225485714 -0.0673167777522 0)
(-0.0232400422557 -0.071437675039 0)
(-0.0252381762923 -0.0753878942674 0)
(-0.0274247890446 -0.0791512639997 0)
(-0.0298081581079 -0.0827089774665 0)
(-0.0323968327392 -0.0860393819422 0)
(-0.0351994239716 -0.0891177795151 0)
(-0.0382243442754 -0.0919162469424 0)
(-0.0414794880497 -0.0944034849715 0)
(-0.0449718439318 -0.0965447107341 0)
(-0.0487070300687 -0.0983016106076 0)
(-0.0526887443152 -0.099632375275 0)
(-0.0569181230882 -0.100491843524 0)
(-0.0613930056561 -0.10083178643 0)
(-0.0661071053552 -0.100601368625 0)
(-0.0710490960155 -0.0997478278402 0)
(-0.0762016311732 -0.09821741707 0)
(-0.0815403257538 -0.0959566543864 0)
(-0.0870327450317 -0.0929139223416 0)
(-0.0926374637161 -0.0890414501631 0)
(-0.0983032783722 -0.0842976955849 0)
(-0.103968677716 -0.07865011688 0)
(-0.109561695161 -0.0720782873964 0)
(-0.115000282386 -0.0645772533678 0)
(-0.12019334621 -0.0561609715774 0)
(-0.12504257708 -0.0468655902103 0)
(-0.129445157539 -0.0367522613062 0)
(-0.133297363246 -0.0259091115816 0)
(-0.136498960917 -0.01445197783 0)
(-0.138958191879 -0.00252355268281 0)
(-0.140597004109 0.00970933422901 0)
(-0.141356032581 0.0220604282145 0)
(-0.14119875481 0.0343305620459 0)
(-0.140114382466 0.0463154811645 0)
(-0.138119197924 0.0578144220793 0)
(-0.135256090993 0.0686388095524 0)
(-0.131592205759 0.0786202638403 0)
(-0.127214929155 0.087617105767 0)
(-0.122226734421 0.0955187958768 0)
(-0.116739515347 0.102248091458 0)
(-0.110869007 0.107761042042 0)
(-0.104729741874 0.112045160848 0)
(-0.115088021728 0.108738957988 0)
(-0.108642423893 0.110609032661 0)
(-0.102200917211 0.111447614179 0)
(-0.0958392700009 0.111317389497 0)
(-0.089622252196 0.110291098903 0)
(-0.0836035756271 0.108448014134 0)
(-0.0778262957096 0.105870816419 0)
(-0.0723235484723 0.102642941131 0)
(-0.0671195079567 0.0988464101539 0)
(-0.0622304657851 0.0945601390082 0)
(-0.0576659538325 0.0898586825033 0)
(-0.0534298500211 0.0848113687362 0)
(-0.0495214247033 0.0794817647335 0)
(-0.0459363000671 0.0739274160301 0)
(-0.0426673071352 0.0681998052493 0)
(-0.0397052342801 0.062344479861 0)
(-0.0370394680101 0.0564013056216 0)
(-0.0346585314611 0.050404808925 0)
(-0.032550528972 0.0443845778613 0)
(-0.0307035067269 0.0383656978629 0)
(-0.0291057400481 0.0323692031959 0)
(-0.0277459578377 0.0264125302068 0)
(-0.0266135141063 0.020509962109 0)
(-0.0256985156848 0.0146730582751 0)
(-0.0249919142284 0.00891106354542 0)
(-0.02448556957 0.00323129506694 0)
(-0.0241722904445 -0.00236049430135 0)
(-0.0240458576106 -0.00785977582287 0)
(-0.024101033476 -0.0132629269307 0)
(-0.0243335614839 -0.0185669338835 0)
(-0.0247401577531 -0.0237691130358 0)
(-0.025318496765 -0.0288668485065 0)
(-0.0260671922592 -0.0338573439348 0)
(-0.0269857739086 -0.038737386014 0)
(-0.0280746597969 -0.0435031175811 0)
(-0.0293351241902 -0.0481498182159 0)
(-0.0307692595747 -0.0526716905357 0)
(-0.0323799314039 -0.0570616506905 0)
(-0.0341707234635 -0.0613111219726 0)
(-0.0361458712007 -0.0654098309525 0)
(-0.0383101797717 -0.0693456061803 0)
(-0.040668922957 -0.0731041802694 0)
(-0.0432277184559 -0.0766689971278 0)
(-0.0459923744396 -0.0800210272735 0)
(-0.0489687016363 -0.0831385956 0)
(-0.0521622846794 -0.0859972276778 0)
(-0.0555782060464 -0.0885695227491 0)
(-0.0592207157305 -0.0908250640053 0)
(-0.0630928399397 -0.0927303795623 0)
(-0.0671959227737 -0.0942489707535 0)
(-0.0715290961662 -0.0953414278778 0)
(-0.0760886756421 -0.0959656572509 0)
(-0.080867482906 -0.096077247095 0)
(-0.0858541012198 -0.0956300030896 0)
(-0.0910320762503 -0.0945766868034 0)
(-0.0963790838222 -0.0928699909866 0)
(-0.101866096907 -0.0904637839082 0)
(-0.107456597187 -0.0873146493988 0)
(-0.113105891274 -0.0833837386483 0)
(-0.118760607317 -0.0786389326535 0)
(-0.124358462709 -0.0730572891158 0)
(-0.129828405688 -0.0666277135805 0)
(-0.135091239269 -0.0593537516778 0)
(-0.14006083097 -0.0512563491333 0)
(-0.144645991425 -0.04237637286 0)
(-0.148753064009 -0.032776637085 0)
(-0.152289202253 -0.0225431447697 0)
(-0.155166226136 -0.0117852532042 0)
(-0.157304855765 -0.000634514466467 0)
(-0.158639026368 0.0107579777186 0)
(-0.159119896084 0.0222257702702 0)
(-0.158719128171 0.0335925889564 0)
(-0.157431103466 0.0446788673748 0)
(-0.155273821677 0.0553088067546 0)
(-0.152288337442 0.0653174352387 0)
(-0.148536719818 0.0745570627679 0)
(-0.144098730573 0.0829025599447 0)
(-0.139067594119 0.0902550540602 0)
(-0.133545319026 0.096543864913 0)
(-0.127638018561 0.101726732375 0)
(-0.121451592388 0.105788555526 0)
(-0.130481301274 0.102306437952 0)
(-0.123987161904 0.1041264453 0)
(-0.117475063185 0.10499453718 0)
(-0.111018700617 0.104963554476 0)
(-0.104682276845 0.10409595047 0)
(-0.0985202591125 0.102460765168 0)
(-0.0925775560789 0.100130888409 0)
(-0.086890013923 0.0971806813671 0)
(-0.0814851368278 0.0936839881197 0)
(-0.0763829477767 0.0897125390886 0)
(-0.0715969193526 0.0853347265622 0)
(-0.0671349188709 0.0806147182877 0)
(-0.0630001262324 0.0756118671329 0)
(-0.0591918954553 0.0703803716777 0)
(-0.0557065414618 0.0649691429992 0)
(-0.0525380422356 0.0594218356928 0)
(-0.0496786530129 0.0537770053995 0)
(-0.047119433927 0.0480683600373 0)
(-0.0448506957873 0.0423250770493 0)
(-0.042862370711 0.036572163928 0)
(-0.0411443154233 0.0308308438147 0)
(-0.0396865554398 0.02511895202 0)
(-0.0384794782424 0.0194513327885 0)
(-0.037513983123 0.0138402285559 0)
(-0.0367815947255 0.00829565635838 0)
(-0.0362745465541 0.00282576799647 0)
(-0.0359858399084 -0.00256280792036 0)
(-0.0359092828966 -0.00786464273327 0)
(-0.0360395133924 -0.0130752030964 0)
(-0.0363720090614 -0.0181905641016 0)
(-0.0369030868931 -0.0232071388748 0)
(-0.0376298940306 -0.0281214230729 0)
(-0.0385503910961 -0.0329297525691 0)
(-0.0396633286541 -0.037628072575 0)
(-0.0409682169221 -0.042211716513 0)
(-0.0424652883376 -0.0466751931078 0)
(-0.0441554520869 -0.0510119803965 0)
(-0.0460402392134 -0.0552143256801 0)
(-0.0481217364238 -0.0592730508563 0)
(-0.0504025062093 -0.0631773630903 0)
(-0.0528854903875 -0.0669146714179 0)
(-0.0555738936662 -0.0704704106637 0)
(-0.0584710433247 -0.0738278749935 0)
(-0.0615802206496 -0.0769680645667 0)
(-0.0649044593557 -0.0798695501042 0)
(-0.068446305937 -0.0825083617887 0)
(-0.072207536778 -0.0848579107791 0)
(-0.0761888270056 -0.0868889537508 0)
(-0.0803893665774 -0.0885696132597 0)
(-0.0848064201364 -0.0898654693393 0)
(-0.0894348288579 -0.0907397404547 0)
(-0.0942664550756 -0.0911535746358 0)
(-0.0992895741019 -0.091066474031 0)
(-0.104488222552 -0.0904368779189 0)
(-0.109841518812 -0.0892229299087 0)
(-0.115322979182 -0.0873834540273 0)
(-0.12089986263 -0.084879160844 0)
(-0.12653258779 -0.081674097837 0)
(-0.132174277325 -0.077737346857 0)
(-0.137770496071 -0.073044954876 0)
(-0.143259259049 -0.0675820614822 0)
(-0.148571391374 -0.0613451575971 0)
(-0.153631321584 -0.0543443753765 0)
(-0.158358379847 -0.0466056713097 0)
(-0.162668649659 -0.0381727271145 0)
(-0.166477383334 -0.0291083622244 0)
(-0.169701936876 -0.0194952360523 0)
(-0.172265112781 -0.00943562796702 0)
(-0.174098728651 0.000949875433536 0)
(-0.175147162488 0.0115248829391 0)
(-0.175370572246 0.0221408798845 0)
(-0.174747477246 0.0326419334157 0)
(-0.173276438041 0.0428701354822 0)
(-0.170976649101 0.0526714133494 0)
(-0.167887346255 0.0619012821547 0)
(-0.164066047975 0.0704300850223 0)
(-0.159585790001 0.0781473053634 0)
(-0.154531630697 0.0849646508706 0)
(-0.148996767257 0.0908177655115 0)
(-0.143078602489 0.0956665859891 0)
(-0.13687505131 0.0994944865891 0)
(-0.144677640063 0.0958505453343 0)
(-0.138164957046 0.0976023343697 0)
(-0.131616112346 0.0984787620014 0)
(-0.125102409469 0.0985242827745 0)
(-0.118686991424 0.0977924048976 0)
(-0.112424468895 0.0963431034873 0)
(-0.106360924035 0.0942404370976 0)
(-0.10053421164 0.0915504358381 0)
(-0.0949744804889 0.0883392982398 0)
(-0.0897048440138 0.0846719085119 0)
(-0.084742138931 0.0806106663754 0)
(-0.0800977213969 0.0762146079934 0)
(-0.0757782612859 0.0715387879188 0)
(-0.0717865055159 0.0666338875368 0)
(-0.0681219904167 0.061546014227 0)
(-0.064781690711 0.0563166564971 0)
(-0.0617605987432 0.0509827628948 0)
(-0.0590522322108 0.0455769159416 0)
(-0.0566490720086 0.0401275761795 0)
(-0.0545429340951 0.0346593753422 0)
(-0.0527252807123 0.0291934414067 0)
(-0.0511874770589 0.0237477417221 0)
(-0.0499209997757 0.0183374334682 0)
(-0.0489176034987 0.0129752133211 0)
(-0.0481694513971 0.0076716604346 0)
(-0.0476692151085 0.00243556867899 0)
(-0.0474101488932 -0.00272573444231 0)
(-0.0473861421987 -0.00780608360075 0)
(-0.0475917541839 -0.0128001866718 0)
(-0.048022233124 -0.0177033508121 0)
(-0.0486735230154 -0.0225112229246 0)
(-0.049542259125 -0.0272195435296 0)
(-0.0506257536872 -0.0318239128862 0)
(-0.0519219724384 -0.0363195681381 0)
(-0.0534295021878 -0.0407011702983 0)
(-0.0551475091531 -0.0449626000284 0)
(-0.0570756873321 -0.049096761389 0)
(-0.0592141957297 -0.0530953930563 0)
(-0.0615635828249 -0.0569488869156 0)
(-0.0641246962194 -0.0606461144572 0)
(-0.0668985749939 -0.0641742620312 0)
(-0.0698863218915 -0.0675186767861 0)
(-0.0730889520826 -0.0706627260204 0)
(-0.0765072149603 -0.0735876737502 0)
(-0.0801413852051 -0.0762725795481 0)
(-0.0839910192832 -0.0786942261417 0)
(-0.088054673686 -0.0808270838945 0)
(-0.0923295816224 -0.0826433220892 0)
(-0.0968112856744 -0.0841128788841 0)
(-0.101493225214 -0.0852036038331 0)
(-0.106366279281 -0.0858814888476 0)
(-0.111418268314 -0.0861110052667 0)
(-0.11663342168 -0.0858555660525 0)
(-0.12199182261 -0.0850781327098 0)
(-0.127468847815 -0.0837419859376 0)
(-0.133034625937 -0.081811676709 0)
(-0.138653546752 -0.0792541698664 0)
(-0.14428386148 -0.0760401847233 0)
(-0.149877423044 -0.0721457259517 0)
(-0.155379622708 -0.0675537826644 0)
(-0.160729584918 -0.0622561538481 0)
(-0.165860683656 -0.0562553344235 0)
(-0.170701439126 -0.0495663693032 0)
(-0.175176840938 -0.0422185550303 0)
(-0.179210121259 -0.0342568433839 0)
(-0.182724967453 -0.0257427835641 0)
(-0.185648119053 -0.0167548352764 0)
(-0.18791224224 -0.00738790047446 0)
(-0.189458922665 0.00224803946802 0)
(-0.190241571462 0.0120302319083 0)
(-0.190228008718 0.021826371928 0)
(-0.189402488517 0.031498596212 0)
(-0.187766966525 0.0409080224763 0)
(-0.185341472086 0.0499195395029 0)
(-0.182163522145 0.0584065133238 0)
(-0.17828660618 0.0662550650128 0)
(-0.173777870267 0.073367611553 0)
(-0.168715210193 0.0796654437384 0)
(-0.163184029526 0.0850902252184 0)
(-0.157273923188 0.0896044110571 0)
(-0.151075516686 0.0931906804372 0)
(-0.157738007873 0.0893954260052 0)
(-0.151229509077 0.0910645108179 0)
(-0.144670079878 0.0919316353867 0)
(-0.138128461549 0.0920341348348 0)
(-0.131666400217 0.0914177663515 0)
(-0.125338188028 0.0901345066507 0)
(-0.119190537041 0.0882404880236 0)
(-0.11326272546 0.0857941372759 0)
(-0.107586954279 0.0828545566619 0)
(-0.10218885542 0.0794801644932 0)
(-0.0970880986914 0.0757275960288 0)
(-0.0922990526928 0.0716508526123 0)
(-0.0878314633322 0.0673006784249 0)
(-0.0836911218577 0.0627241391034 0)
(-0.0798805019128 0.0579643741355 0)
(-0.0763993516783 0.0530604947118 0)
(-0.0732452326243 0.0480475999817 0)
(-0.0704140007237 0.0429568868903 0)
(-0.0679002292811 0.037815831557 0)
(-0.0656975749248 0.0326484231736 0)
(-0.0637990899386 0.0274754344164 0)
(-0.0621974851292 0.0223147152341 0)
(-0.0608853479588 0.0171814994996 0)
(-0.0598553208426 0.0120887163259 0)
(-0.0591002444216 0.00704729986282 0)
(-0.0586132703466 0.00206649308247 0)
(-0.0583879477173 -0.002845857541 0)
(-0.0584182868541 -0.00768301841717 0)
(-0.0586988035831 -0.0124390973572 0)
(-0.0592245466991 -0.0171087846145 0)
(-0.0599911107634 -0.0216871063344 0)
(-0.0609946358979 -0.0261691899558 0)
(-0.062231795756 -0.0305500409088 0)
(-0.0636997743956 -0.0348243298619 0)
(-0.0653962323336 -0.0389861897905 0)
(-0.0673192616423 -0.0430290222661 0)
(-0.0694673295368 -0.0469453125725 0)
(-0.071839209508 -0.0507264535594 0)
(-0.0744338986792 -0.0543625785512 0)
(-0.0772505197029 -0.0578424041239 0)
(-0.0802882051788 -0.0611530841703 0)
(-0.0835459622812 -0.0642800774028 0)
(-0.0870225150404 -0.0672070312887 0)
(-0.0907161215615 -0.0699156863947 0)
(-0.0946243634246 -0.0723858062427 0)
(-0.0987439046148 -0.074595139025 0)
(-0.103070217671 -0.0765194189163 0)
(-0.107597275345 -0.078132416183 0)
(-0.112317207046 -0.0794060468143 0)
(-0.117219920774 -0.0803105538861 0)
(-0.122292693242 -0.0808147741987 0)
(-0.127519733511 -0.0808865047543 0)
(-0.132881728871 -0.0804929841188 0)
(-0.138355385833 -0.0796015033718 0)
(-0.143912984136 -0.0781801598298 0)
(-0.149521967295 -0.0761987636226 0)
(-0.155144599498 -0.0736299020545 0)
(-0.160737724921 -0.0704501590495 0)
(-0.166252671477 -0.066641476465 0)
(-0.171635345562 -0.0621926304547 0)
(-0.176826566543 -0.0571007794347 0)
(-0.181762688176 -0.0513730210989 0)
(-0.186376547333 -0.0450278755363 0)
(-0.19059876698 -0.0380965917993 0)
(-0.19435941926 -0.0306241591223 0)
(-0.197590025553 -0.0226698950633 0)
(-0.200225834631 -0.0143074852789 0)
(-0.202208280755 -0.0056243672727 0)
(-0.20348748563 0.00327961465683 0)
(-0.204024637269 0.0122943044713 0)
(-0.203794061802 0.0213020347715 0)
(-0.202784809144 0.0301810143265 0)
(-0.201001603043 0.0388091175531 0)
(-0.198465054511 0.0470678419847 0)
(-0.195211098762 0.0548461725547 0)
(-0.191289686403 0.0620440897152 0)
(-0.186762831258 0.0685754886245 0)
(-0.181702175694 0.0743703369916 0)
(-0.176186268757 0.0793759782326 0)
(-0.170297758783 0.0835575695468 0)
(-0.164120683784 0.0868977172779 0)
(-0.169717395968 0.0829589800828 0)
(-0.163229898574 0.0845340482509 0)
(-0.156679696893 0.0853773958524 0)
(-0.150132915275 0.0855203278677 0)
(-0.143649692411 0.0850019006556 0)
(-0.137283668026 0.0838670531066 0)
(-0.131081761774 0.0821648282445 0)
(-0.12508419844 0.0799467440458 0)
(-0.119324730329 0.0772653521353 0)
(-0.11383100848 0.0741730052719 0)
(-0.10862505804 0.0707208398625 0)
(-0.103723818561 0.0669579683776 0)
(-0.0991397163266 0.0629308683539 0)
(-0.0948812423072 0.058682949325 0)
(-0.0909535155521 0.0542542760498 0)
(-0.0873588173966 0.0496814253125 0)
(-0.0840970866515 0.0449974538847 0)
(-0.0811663698933 0.0402319565215 0)
(-0.0785632241007 0.0354111947783 0)
(-0.0762830712667 0.0305582796815 0)
(-0.0743205063337 0.0256933936553 0)
(-0.0726695609834 0.0208340394529 0)
(-0.0713239265372 0.0159953060477 0)
(-0.0702771396067 0.0111901434434 0)
(-0.0695227342457 0.00642964014629 0)
(-0.0690543642783 0.00172329857389 0)
(-0.0688658992557 -0.0029206950364 0)
(-0.0689514971867 -0.00749520858532 0)
(-0.0693056568188 -0.011993911447 0)
(-0.0699232518459 -0.0164110320299 0)
(-0.0707995490098 -0.0207411259082 0)
(-0.071930211641 -0.0249788545173 0)
(-0.073311289785 -0.0291187741943 0)
(-0.0749391976549 -0.0331551352383 0)
(-0.0768106787733 -0.0370816906688 0)
(-0.0789227587946 -0.0408915144713 0)
(-0.0812726856493 -0.0445768293081 0)
(-0.083857856315 -0.0481288439626 0)
(-0.0866757292121 -0.0515376011676 0)
(-0.0897237209333 -0.0547918369348 0)
(-0.0929990857724 -0.0578788530754 0)
(-0.0964987763233 -0.0607844052717 0)
(-0.100219283288 -0.0634926098301 0)
(-0.104156452609 -0.0659858731245 0)
(-0.108305278114 -0.0682448487166 0)
(-0.112659668161 -0.0702484281974 0)
(-0.117212185181 -0.0719737729326 0)
(-0.121953757837 -0.0733963950421 0)
(-0.126873366532 -0.0744902970736 0)
(-0.131957704521 -0.0752281808432 0)
(-0.137190818836 -0.0755817366926 0)
(-0.142553737706 -0.0755220248109 0)
(-0.148024094243 -0.0750199600823 0)
(-0.153575759783 -0.0740469109096 0)
(-0.159178504478 -0.0725754203496 0)
(-0.164797707266 -0.0705800543661 0)
(-0.170394142126 -0.0680383767437 0)
(-0.175923871983 -0.0649320429369 0)
(-0.181338285417 -0.0612479956636 0)
(-0.18658431354 -0.0569797333769 0)
(-0.19160486432 -0.0521286091444 0)
(-0.196339508129 -0.0467051025503 0)
(-0.200725440396 -0.0407299921966 0)
(-0.204698734192 -0.0342353428987 0)
(-0.208195876787 -0.0272652120084 0)
(-0.211155560154 -0.0198759761578 0)
(-0.213520667234 -0.0121361858491 0)
(-0.215240366324 -0.00412587300574 0)
(-0.216272198894 0.00406473320693 0)
(-0.216584025873 0.0123370852336 0)
(-0.216155688723 0.0205867430055 0)
(-0.214980248845 0.0287062452845 0)
(-0.213064693357 0.0365882764653 0)
(-0.21043003393 0.0441289434471 0)
(-0.207110773693 0.0512309588262 0)
(-0.203153771213 0.057806528399 0)
(-0.198616583343 0.0637797653375 0)
(-0.193565411596 0.0690884981426 0)
(-0.188072802851 0.0736853972027 0)
(-0.182215261865 0.0775384058678 0)
(-0.176070921947 0.0806305171394 0)
(-0.180665023342 0.076554065288 0)
(-0.174210533424 0.0780264970296 0)
(-0.167684127333 0.0788343667872 0)
(-0.16114934503 0.0790038787342 0)
(-0.15466460827 0.0785683032028 0)
(-0.148282677126 0.0775663960118 0)
(-0.142050361545 0.0760408730615 0)
(-0.136008453601 0.0740369927531 0)
(-0.130191841899 0.0716012828954 0)
(-0.124629768891 0.0687804342471 0)
(-0.119346193632 0.0656203704304 0)
(-0.114360226126 0.0621654939624 0)
(-0.10968660394 0.0584581006131 0)
(-0.10533618681 0.0545379490462 0)
(-0.101316449873 0.0504419694274 0)
(-0.0976319608463 0.0462040930452 0)
(-0.0942848305687 0.0418551846286 0)
(-0.0912751298481 0.0374230596163 0)
(-0.0886012684333 0.0329325698454 0)
(-0.086260334225 0.0284057427433 0)
(-0.0842483925643 0.0238619609148 0)
(-0.0825607467045 0.019318170894 0)
(-0.0811921614267 0.0147891116577 0)
(-0.080137052293 0.0102875551954 0)
(-0.0793896433098 0.00582455298626 0)
(-0.0789440958482 0.0014096835918 0)
(-0.0787946116047 -0.00294870225863 0)
(-0.0789355122092 -0.00724324172657 0)
(-0.079361297844 -0.0114673269018 0)
(-0.0800666869464 -0.015614880021 0)
(-0.0810466387479 -0.0196801375808 0)
(-0.0822963600726 -0.0236574437125 0)
(-0.0838112974826 -0.0275410529672 0)
(-0.0855871155269 -0.0313249425434 0)
(-0.0876196615286 -0.035002633985 0)
(-0.0899049170398 -0.038567024466 0)
(-0.0924389357986 -0.0420102279548 0)
(-0.0952177677544 -0.0453234268147 0)
(-0.0982373684867 -0.0484967347521 0)
(-0.101493493131 -0.0515190724553 0)
(-0.104981573762 -0.0543780577879 0)
(-0.108696579088 -0.0570599130077 0)
(-0.112632855268 -0.0595493921655 0)
(-0.116783946748 -0.0618297326035 0)
(-0.121142396221 -0.0638826352977 0)
(-0.125699523154 -0.0656882796676 0)
(-0.130445180941 -0.0672253793649 0)
(-0.135367493502 -0.0684712864216 0)
(-0.140452573322 -0.0694021519149 0)
(-0.145684224343 -0.0699931519188 0)
(-0.151043634977 -0.0702187878361 0)
(-0.156509068783 -0.0700532701243 0)
(-0.162055563012 -0.0694709937512 0)
(-0.167654648313 -0.0684471122674 0)
(-0.173274106249 -0.0669582149376 0)
(-0.17887778482 -0.0649831077059 0)
(-0.184425495611 -0.0625036936916 0)
(-0.18987301914 -0.0595059422625 0)
(-0.195172247067 -0.0559809274699 0)
(-0.200271490424 -0.0519259068792 0)
(-0.205115981397 -0.0473454009472 0)
(-0.209648591595 -0.042252221741 0)
(-0.213810781667 -0.0366683890001 0)
(-0.217543784986 -0.030625862717 0)
(-0.220790012023 -0.0241670162617 0)
(-0.223494642333 -0.0173447745441 0)
(-0.2256073493 -0.010222349573 0)
(-0.227084080847 -0.00287252233017 0)
(-0.227888800404 0.00462355458772 0)
(-0.227995079421 0.0121780257136 0)
(-0.227387429059 0.0196984262495 0)
(-0.22606226682 0.0270901139599 0)
(-0.224028434303 0.0342589177991 0)
(-0.22130721307 0.0411138562839 0)
(-0.217931823524 0.0475697664037 0)
(-0.213946432884 0.053549686973 0)
(-0.209404737874 0.0589868596634 0)
(-0.204368219688 0.0638262444582 0)
(-0.198904188916 0.0680254889846 0)
(-0.193083744409 0.0715553366796 0)
(-0.186979763383 0.0743995008011 0)
(-0.190624647209 0.0701894582452 0)
(-0.18421124763 0.07155287572 0)
(-0.177718873195 0.0723159525826 0)
(-0.171208576164 0.072500579914 0)
(-0.164737030809 0.0721350323749 0)
(-0.15835597737 0.071252635477 0)
(-0.152111887722 0.0698904629553 0)
(-0.146045827464 0.0680881104519 0)
(-0.140193484577 0.0658865792578 0)
(-0.13458533305 0.0633272921176 0)
(-0.129246900393 0.0604512527375 0)
(-0.124199110111 0.0572983520195 0)
(-0.11945867336 0.0539068172812 0)
(-0.115038507771 0.0503127957655 0)
(-0.110948165312 0.0465500604173 0)
(-0.107194254839 0.0426498239642 0)
(-0.103780848499 0.0386406465246 0)
(-0.100709864173 0.0345484220212 0)
(-0.0979814187923 0.0303964293503 0)
(-0.0955941494582 0.0262054353609 0)
(-0.0935455010006 0.0219938380388 0)
(-0.091831979885 0.0177778397618 0)
(-0.0904493753136 0.0135716419718 0)
(-0.0893929490011 0.00938765403369 0)
(-0.0886575955046 0.00523671037581 0)
(-0.0882379751948 0.00112829119806 0)
(-0.0881286220091 -0.00292925693022 0)
(-0.0883240280776 -0.00692850336712 0)
(-0.0888187071762 -0.010862720637 0)
(-0.0896072387714 -0.0147256780688 0)
(-0.0906842941922 -0.0185114428293 0)
(-0.0920446462155 -0.022214189011 0)
(-0.0936831630901 -0.0258280152201 0)
(-0.0955947877634 -0.0293467709922 0)
(-0.0977745028143 -0.0327638923435 0)
(-0.100217281355 -0.0360722468446 0)
(-0.102918023934 -0.0392639887584 0)
(-0.105871481259 -0.0423304250202 0)
(-0.109072162407 -0.0452618931638 0)
(-0.112514228008 -0.0480476526815 0)
(-0.116191367863 -0.0506757917753 0)
(-0.120096662369 -0.053133151992 0)
(-0.12422242723 -0.0554052738249 0)
(-0.128560041062 -0.0574763670163 0)
(-0.133099755806 -0.0593293099784 0)
(-0.137830490273 -0.0609456834416 0)
(-0.142739607809 -0.0623058441225 0)
(-0.147812679861 -0.0633890448103 0)
(-0.153033238377 -0.0641736077557 0)
(-0.158382521289 -0.0646371585327 0)
(-0.163839217064 -0.0647569275156 0)
(-0.169379216236 -0.0645101256819 0)
(-0.174975380137 -0.0638744004486 0)
(-0.18059733953 -0.0628283755473 0)
(-0.18621133847 -0.0613522763735 0)
(-0.191780141312 -0.05942863866 0)
(-0.197263023113 -0.0570430936143 0)
(-0.202615865416 -0.0541852167671 0)
(-0.207791380147 -0.0508494207505 0)
(-0.212739483725 -0.0470358642591 0)
(-0.217407840811 -0.0427513409305 0)
(-0.221742592171 -0.0380101034264 0)
(-0.225689273237 -0.0328345704894 0)
(-0.229193919222 -0.0272558593027 0)
(-0.232204339024 -0.0213140833658 0)
(-0.234671524401 -0.0150583586667 0)
(-0.236551144135 -0.00854646930226 0)
(-0.237805056866 -0.00184415854989 0)
(-0.238402763143 0.00497596737648 0)
(-0.238322709301 0.0118359091507 0)
(-0.237553355145 0.0186540743572 0)
(-0.236093925586 0.0253473347259 0)
(-0.233954783464 0.0318332419763 0)
(-0.231157385349 0.0380322855735 0)
(-0.227733811766 0.0438700676621 0)
(-0.223725894908 0.0492792739321 0)
(-0.219183996727 0.0542013344007 0)
(-0.214165514556 0.0585876933939 0)
(-0.208733206991 0.0624006399648 0)
(-0.202953438436 0.0656136842024 0)
(-0.196894436804 0.0682114970744 0)
(-0.19963492489 0.0638706228506 0)
(-0.193267492664 0.0651204797261 0)
(-0.186815805334 0.0658314677266 0)
(-0.180338570044 0.0660218286608 0)
(-0.173890743587 0.0657155193873 0)
(-0.167522976064 0.0649410920127 0)
(-0.161281246901 0.0637305866759 0)
(-0.155206674984 0.06211847698 0)
(-0.149335480009 0.060140698431 0)
(-0.143699069858 0.0578337808286 0)
(-0.138324228415 0.055234097 0)
(-0.133233379303 0.0523772329465 0)
(-0.128444903121 0.0492974785251 0)
(-0.123973488449 0.0460274332603 0)
(-0.119830499904 0.0425977186604 0)
(-0.116024349551 0.039036786354 0)
(-0.112560860873 0.0353708102814 0)
(-0.109443617141 0.0316236508652 0)
(-0.1066742883 0.0278168793604 0)
(-0.10425293248 0.0239698512842 0)
(-0.102178269788 0.020099818784 0)
(-0.100447927326 0.0162220729282 0)
(-0.0990586553363 0.0123501080863 0)
(-0.0980065150792 0.00849580172814 0)
(-0.0972870395245 0.00466960409589 0)
(-0.0968953682591 0.000880733220772 0)
(-0.0968263581575 -0.00286262833471 0)
(-0.097074671419 -0.00655313783411 0)
(-0.097634842534 -0.0101840999841 0)
(-0.0985013256456 -0.0137492794325 0)
(-0.0996685236241 -0.0172427193385 0)
(-0.101130800005 -0.020658566894 0)
(-0.102882474749 -0.0239909064656 0)
(-0.104917804589 -0.0272336009113 0)
(-0.107230948532 -0.0303801416012 0)
(-0.109815918918 -0.033423507732 0)
(-0.112666518237 -0.0363560356646 0)
(-0.115776261797 -0.0391692992205 0)
(-0.119138286212 -0.0418540021617 0)
(-0.122745243593 -0.0443998844202 0)
(-0.12658918133 -0.0467956440526 0)
(-0.13066140739 -0.0490288773559 0)
(-0.134952341164 -0.0510860400856 0)
(-0.139451350153 -0.0529524332502 0)
(-0.144146573093 -0.0546122175087 0)
(-0.14902473061 -0.0560484607272 0)
(-0.154070925144 -0.0572432237434 0)
(-0.159268432708 -0.0581776897784 0)
(-0.164598490062 -0.0588323431859 0)
(-0.170040082167 -0.0591872032547 0)
(-0.175569736239 -0.0592221185032 0)
(-0.181161330386 -0.0589171262278 0)
(-0.186785926708 -0.0582528808784 0)
(-0.192411640655 -0.0572111530258 0)
(-0.198003560407 -0.0557753981433 0)
(-0.203523731821 -0.0539313910651 0)
(-0.208931225917 -0.0516679177549 0)
(-0.214182306618 -0.0489775109234 0)
(-0.219230716337 -0.0458572101884 0)
(-0.224028095466 -0.0423093210895 0)
(-0.228524548753 -0.0383421407345 0)
(-0.232669366427 -0.0339706117103 0)
(-0.236411900747 -0.0292168608547 0)
(-0.239702589257 -0.0241105764279 0)
(-0.24249410481 -0.0186891770574 0)
(-0.244742599917 -0.0129977294847 0)
(-0.246409000241 -0.00708858028694 0)
(-0.247460290445 -0.00102067967497 0)
(-0.247870726674 0.00514140709317 0)
(-0.247622905412 0.0113287842325 0)
(-0.246708619618 0.0174697667557 0)
(-0.245129440798 0.0234916174062 0)
(-0.242896979942 0.0293223993042 0)
(-0.240032799915 0.0348928515356 0)
(-0.236567975104 0.0401381896968 0)
(-0.232542318541 0.0449997368135 0)
(-0.228003319492 0.0494263020171 0)
(-0.223004853112 0.0533752436109 0)
(-0.217605735942 0.0568131772672 0)
(-0.211868206024 0.0597163160254 0)
(-0.205856404184 0.0620704535065 0)
(-0.207729792368 0.0576003260905 0)
(-0.201410579863 0.0587335415342 0)
(-0.195003274308 0.0593868264829 0)
(-0.188564412155 0.0595753298186 0)
(-0.182147308343 0.0593192679932 0)
(-0.175801507794 0.0586429880653 0)
(-0.169572403793 0.0575740315926 0)
(-0.163501010419 0.0561422336751 0)
(-0.15762387169 0.0543788839536 0)
(-0.151973087488 0.0523159688734 0)
(-0.14657643534 0.049985507542 0)
(-0.141457567409 0.0474189873651 0)
(-0.136636263339 0.0446469005136 0)
(-0.132128721417 0.0416983782318 0)
(-0.127947872833 0.0386009169986 0)
(-0.124103706135 0.0353801885058 0)
(-0.120603591395 0.032059924204 0)
(-0.117452595794 0.0286618646247 0)
(-0.114653784358 0.0252057636804 0)
(-0.112208501305 0.021709438535 0)
(-0.110116628958 0.0181888562958 0)
(-0.108376822386 0.0146582496165 0)
(-0.106986718877 0.0111302542234 0)
(-0.105943122127 0.00761606232179 0)
(-0.105242161511 0.00412558676683 0)
(-0.104879427248 0.000667631748136 0)
(-0.104850082455 -0.00274993348045 0)
(-0.105148953256 -0.00612000060074 0)
(-0.105770598145 -0.00943605014399 0)
(-0.106709357772 -0.0126919830197 0)
(-0.107959386288 -0.0158819569701 0)
(-0.109514665234 -0.0190002289723 0)
(-0.111369000899 -0.0220410044155 0)
(-0.113516005887 -0.0249982937695 0)
(-0.115949065531 -0.0278657774284 0)
(-0.118661289678 -0.0306366794668 0)
(-0.121645450229 -0.0333036511585 0)
(-0.124893904758 -0.035858665294 0)
(-0.128398506481 -0.0382929225778 0)
(-0.132150500827 -0.040596771688 0)
(-0.136140408895 -0.0427596449256 0)
(-0.140357898213 -0.0447700117766 0)
(-0.144791641353 -0.0466153531221 0)
(-0.149429163268 -0.0482821592677 0)
(-0.154256678546 -0.0497559553865 0)
(-0.159258920317 -0.0510213583665 0)
(-0.164418963156 -0.0520621693799 0)
(-0.169718043106 -0.0528615067141 0)
(-0.175135378915 -0.0534019834638 0)
(-0.18064799965 -0.0536659345285 0)
(-0.186230585139 -0.0536356969062 0)
(-0.191855327043 -0.0532939464577 0)
(-0.197491819844 -0.0526240930437 0)
(-0.203106992464 -0.0516107341362 0)
(-0.208665092631 -0.0502401646005 0)
(-0.214127737185 -0.0485009372995 0)
(-0.219454042235 -0.0463844654635 0)
(-0.224600847103 -0.0438856534737 0)
(-0.229523045196 -0.0410035379245 0)
(-0.234174032927 -0.0377419158174 0)
(-0.238506284516 -0.0341099318188 0)
(-0.242472055609 -0.0301225921583 0)
(-0.246024212171 -0.0258011695238 0)
(-0.249117173141 -0.0211734618834 0)
(-0.251707946148 -0.0162738691769 0)
(-0.25375722579 -0.0111432558939 0)
(-0.255230514415 -0.00582857506306 0)
(-0.256099216973 -0.000382240197538 0)
(-0.256341655691 0.00513875408948 0)
(-0.255943947966 0.0106739456494 0)
(-0.25490069309 0.0161607180561 0)
(-0.253215420529 0.0215357625842 0)
(-0.250900764409 0.0267366242583 0)
(-0.24797834464 0.0317032581751 0)
(-0.244478353416 0.0363795189698 0)
(-0.240438864764 0.0407145094124 0)
(-0.235904902443 0.0446637235247 0)
(-0.230927315842 0.0481899343327 0)
(-0.225561523216 0.0512637946829 0)
(-0.219866185839 0.0538641393223 0)
(-0.213901875542 0.0559779955194 0)
(-0.214938837176 0.0513791339724 0)
(-0.208667945325 0.0523937715571 0)
(-0.202306268527 0.0529851175985 0)
(-0.195908368191 0.053165691666 0)
(-0.189526026816 0.0529524581604 0)
(-0.18320771226 0.0523660466363 0)
(-0.176998187091 0.0514299655683 0)
(-0.170938254302 0.0501698385773 0)
(-0.165064626436 0.0486126863804 0)
(-0.159409902456 0.0467862718149 0)
(-0.154002635338 0.0447185196412 0)
(-0.148867473089 0.0424370177369 0)
(-0.144025356523 0.0399686019389 0)
(-0.139493758356 0.037339023253 0)
(-0.13528694981 0.0345726934429 0)
(-0.131416282755 0.0316925030657 0)
(-0.127890477318 0.0287197047768 0)
(-0.12471590676 0.0256738540559 0)
(-0.121896873111 0.0225727993102 0)
(-0.119435868644 0.0194327134779 0)
(-0.117333819581 0.0162681596781 0)
(-0.115590309587 0.0130921840643 0)
(-0.114203781532 0.00991642974261 0)
(-0.11317171676 0.00675126637061 0)
(-0.112490791669 0.00360593080602 0)
(-0.112157011859 0.000488674900329 0)
(-0.112165824377 -0.00259308280815 0)
(-0.112512208831 -0.0056326041481 0)
(-0.113190748228 -0.00862367924869 0)
(-0.114195680453 -0.0115604770588 0)
(-0.115520931327 -0.0144373998111 0)
(-0.117160130113 -0.0172489425278 0)
(-0.119106608314 -0.0199895584908 0)
(-0.121353382522 -0.0226535314891 0)
(-0.123893121997 -0.0252348556267 0)
(-0.126718101619 -0.0277271235143 0)
(-0.129820140752 -0.0301234237614 0)
(-0.133190528596 -0.0324162488451 0)
(-0.136819936538 -0.0345974146417 0)
(-0.140698318095 -0.0366579931597 0)
(-0.144814797125 -0.0385882603066 0)
(-0.149157545113 -0.0403776608453 0)
(-0.153713648577 -0.0420147930326 0)
(-0.158468967937 -0.0434874157726 0)
(-0.163407989551 -0.0447824814375 0)
(-0.168513673172 -0.0458861977837 0)
(-0.17376729762 -0.0467841225938 0)
(-0.179148308239 -0.0474612947572 0)
(-0.184634170506 -0.0479024054306 0)
(-0.190200235134 -0.0480920126391 0)
(-0.195819621018 -0.0480148021207 0)
(-0.20146312349 -0.0476558963405 0)
(-0.207099156432 -0.0470012123297 0)
(-0.212693737823 -0.0460378672907 0)
(-0.218210529158 -0.0447546287168 0)
(-0.223610939754 -0.0431424030817 0)
(-0.228854307079 -0.0411947539893 0)
(-0.233898163758 -0.0389084371073 0)
(-0.238698600655 -0.0362839353734 0)
(-0.243210733167 -0.0333259740881 0)
(-0.247389274562 -0.0300439918734 0)
(-0.251189215646 -0.0264525404763 0)
(-0.254566604344 -0.0225715844738 0)
(-0.257479412104 -0.0184266715709 0)
(-0.259888466561 -0.0140489458414 0)
(-0.261758422339 -0.00947498032444 0)
(-0.263058734686 -0.0047464120666 0)
(-0.263764594768 9.06280790187e-05 0)
(-0.263857781766 0.00498628716402 0)
(-0.263327386031 0.00988794677866 0)
(-0.262170360337 0.0147413347759 0)
(-0.260391862643 0.019491749925 0)
(-0.258005363756 0.0240853473193 0)
(-0.255032506076 0.0284704258668 0)
(-0.25150271409 0.0325986571172 0)
(-0.247452572127 0.0364261974218 0)
(-0.24292499864 0.0399146328139 0)
(-0.237968257524 0.0430317173052 0)
(-0.232634854662 0.0457518792737 0)
(-0.226980371562 0.0480564857487 0)
(-0.221062287454 0.0499338691387 0)
(-0.221287651586 0.0452058137024 0)
(-0.215063417942 0.0461008035837 0)
(-0.208746596304 0.0466270851093 0)
(-0.202389982145 0.0467949323441 0)
(-0.196043959498 0.0466184674443 0)
(-0.189755980548 0.0461150167995 0)
(-0.183570171884 0.0453044564054 0)
(-0.177527061793 0.0442085707093 0)
(-0.171663419079 0.042850444786 0)
(-0.166012191166 0.0412539050724 0)
(-0.160602527669 0.0394430193729 0)
(-0.15545987498 0.0374416626774 0)
(-0.150606127557 0.0352731516957 0)
(-0.146059822326 0.0329599479803 0)
(-0.141836363758 0.0305234271206 0)
(-0.137948268554 0.0279837097204 0)
(-0.134405420384 0.0253595486626 0)
(-0.131215326668 0.0226682664489 0)
(-0.128383370827 0.0199257360895 0)
(-0.125913054814 0.0171463990338 0)
(-0.123806227954 0.0143433138794 0)
(-0.12206329915 0.0115282300264 0)
(-0.120683430469 0.00871168097502 0)
(-0.119664710791 0.00590309254879 0)
(-0.119004308869 0.00311090194007 0)
(-0.118698605578 0.000342684061425 0)
(-0.118743305485 -0.0023947177575 0)
(-0.119133528149 -0.00509505918345 0)
(-0.11986387972 -0.00775256241912 0)
(-0.120928505517 -0.0103617855155 0)
(-0.122321124345 -0.0129174947998 0)
(-0.124035045313 -0.0154145415323 0)
(-0.126063167931 -0.0178477437454 0)
(-0.128397966247 -0.0202117741238 0)
(-0.131031457748 -0.0225010547491 0)
(-0.13395515778 -0.0247096595648 0)
(-0.137160020168 -0.0268312254944 0)
(-0.140636364814 -0.0288588732771 0)
(-0.144373793038 -0.0307851392627 0)
(-0.148361091543 -0.0326019196151 0)
(-0.152586126004 -0.0343004286171 0)
(-0.157035725477 -0.0358711730306 0)
(-0.16169555905 -0.037303944732 0)
(-0.166550006491 -0.0385878341014 0)
(-0.171582025042 -0.0397112668792 0)
(-0.17677301497 -0.0406620673799 0)
(-0.182102687058 -0.0414275510573 0)
(-0.187548935874 -0.0419946494035 0)
(-0.193087723352 -0.0423500699982 0)
(-0.198692978044 -0.0424804941731 0)
(-0.20433651619 -0.0423728141565 0)
(-0.20998799161 -0.0420144106847 0)
(-0.215614882177 -0.0413934708596 0)
(-0.221182521309 -0.0404993444644 0)
(-0.226654183331 -0.039322935005 0)
(-0.231991231743 -0.0378571194243 0)
(-0.237153339099 -0.0360971877885 0)
(-0.242098786351 -0.0340412913388 0)
(-0.246784847997 -0.0316908842785 0)
(-0.251168266994 -0.0290511417156 0)
(-0.255205820198 -0.0261313335549 0)
(-0.258854970991 -0.0229451321307 0)
(-0.262074600793 -0.019510830342 0)
(-0.264825805583 -0.0158514473452 0)
(-0.267072737596 -0.0119947007836 0)
(-0.268783466483 -0.00797282833246 0)
(-0.269930828943 -0.0038222471065 0)
(-0.270493231788 0.00041695292508 0)
(-0.270455371184 0.0047016762507 0)
(-0.269808830975 0.00898663458465 0)
(-0.2685525259 0.0132252797269 0)
(-0.266692961294 0.017370821935 0)
(-0.264244289179 0.0213772918969 0)
(-0.261228151116 0.0252005997864 0)
(-0.257673309752 0.0287995436357 0)
(-0.25361508278 0.0321367216096 0)
(-0.249094603857 0.0351793085685 0)
(-0.244157943924 0.0378996660023 0)
(-0.238855132583 0.0402757651117 0)
(-0.23323912226 0.04229141441 0)
(-0.227364737843 0.043936294603 0)
(-0.226798157594 0.03907766286 0)
(-0.220617477566 0.0398525644709 0)
(-0.214343075285 0.0403115330739 0)
(-0.208026197278 0.0404629123449 0)
(-0.201715980601 0.0403183228009 0)
(-0.195458948513 0.0398921359426 0)
(-0.189298617471 0.0392009357556 0)
(-0.183275212141 0.038262987529 0)
(-0.17742548156 0.0370977306306 0)
(-0.171782606937 0.0357253082986 0)
(-0.166376189877 0.0341661439289 0)
(-0.161232308939 0.0324405699835 0)
(-0.156373632217 0.0305685126462 0)
(-0.151819573991 0.0285692328129 0)
(-0.147586484236 0.0264611219508 0)
(-0.143687860792 0.0242615497929 0)
(-0.140134575185 0.0219867597248 0)
(-0.136935104324 0.0196518070129 0)
(-0.134095761556 0.0172705346571 0)
(-0.131620921735 0.0148555815679 0)
(-0.129513236055 0.0124184178939 0)
(-0.127773833387 0.00996940261131 0)
(-0.126402505689 0.00751785888148 0)
(-0.125397875815 0.0050721631294 0)
(-0.124757546623 0.00263984427998 0)
(-0.124478230794 0.000227690065826 0)
(-0.124555861153 -0.0021581422273 0)
(-0.12498568158 -0.00451201279076 0)
(-0.125762318845 -0.00682868594345 0)
(-0.12687983582 -0.00910321793379 0)
(-0.128331766699 -0.0113308471654 0)
(-0.13011113486 -0.0135068879193 0)
(-0.132210454115 -0.0156266285084 0)
(-0.134621714097 -0.0176852347115 0)
(-0.137336350558 -0.0196776593054 0)
(-0.140345201408 -0.0215985585344 0)
(-0.14363844934 -0.0234422164172 0)
(-0.147205551964 -0.0252024779031 0)
(-0.151035160452 -0.0268726920291 0)
(-0.155115027828 -0.0284456664018 0)
(-0.159431908183 -0.0299136345231 0)
(-0.163971448326 -0.0312682376844 0)
(-0.168718073633 -0.0325005233588 0)
(-0.173654870181 -0.0336009622155 0)
(-0.178763465653 -0.0345594860381 0)
(-0.184023911917 -0.0353655489387 0)
(-0.189414572754 -0.0360082142873 0)
(-0.194912020702 -0.0364762697021 0)
(-0.20049094766 -0.0367583722307 0)
(-0.206124094502 -0.0368432254686 0)
(-0.211782205583 -0.036719789767 0)
(-0.217434014631 -0.0363775258527 0)
(-0.223046269002 -0.0358066710818 0)
(-0.228583799636 -0.0349985461636 0)
(-0.234009644158 -0.0339458885148 0)
(-0.239285230384 -0.0326432064574 0)
(-0.244370626874 -0.0310871462977 0)
(-0.249224866065 -0.0292768620055 0)
(-0.253806343836 -0.0272143748671 0)
(-0.258073296998 -0.024904908281 0)
(-0.261984357162 -0.0223571810023 0)
(-0.265499175777 -0.0195836408633 0)
(-0.268579110861 -0.0166006205544 0)
(-0.271187961305 -0.0134283977009 0)
(-0.2732927299 -0.0100911434172 0)
(-0.274864391694 -0.00661674691142 0)
(-0.275878640435 -0.00303650855972 0)
(-0.276316583151 0.000615299958377 0)
(-0.276165351732 0.0043020026769 0)
(-0.275418601193 0.00798519998976 0)
(-0.274076867227 0.01162554175 0)
(-0.272147760788 0.0151835647783 0)
(-0.269645984532 0.0186205613805 0)
(-0.266593164485 0.0218994422209 0)
(-0.26301749975 0.0249855561768 0)
(-0.258953242441 0.0278474317813 0)
(-0.254440028743 0.030457409382 0)
(-0.249522089103 0.0327921398247 0)
(-0.244247370601 0.0348329336352 0)
(-0.238666607199 0.0365659535413 0)
(-0.232832373755 0.0379822519414 0)
(-0.231488898808 0.0329907819689 0)
(-0.225347494764 0.0336455840175 0)
(-0.219111717608 0.0340356691476 0)
(-0.212831485966 0.0341677064522 0)
(-0.206554853627 0.0340510943417 0)
(-0.200327520751 0.0336975380994 0)
(-0.194192443839 0.0331206146223 0)
(-0.188189542887 0.0323353404607 0)
(-0.182355500864 0.0313577567956 0)
(-0.176723648137 0.0302045422528 0)
(-0.17132392273 0.0288926616687 0)
(-0.166182896218 0.0274390562658 0)
(-0.161323854644 0.0258603782806 0)
(-0.156766923878 0.0241727710073 0)
(-0.152529229296 0.0223916935056 0)
(-0.148625080353 0.020531787882 0)
(-0.145066171578 0.0186067860753 0)
(-0.141861792489 0.0166294524234 0)
(-0.139019039991 0.0146115579156 0)
(-0.13654302787 0.012563881899 0)
(-0.134437088936 0.0104962370475 0)
(-0.132702966312 0.00841751359108 0)
(-0.131340991133 0.00633573908179 0)
(-0.13035024465 0.00425815031033 0)
(-0.12972870332 0.00219127436208 0)
(-0.129473365976 0.000141016177466 0)
(-0.129580362577 -0.00188724965529 0)
(-0.130045044386 -0.00388858480607 0)
(-0.130862055669 -0.00585839243577 0)
(-0.13202538722 -0.0077923231263 0)
(-0.133528412186 -0.00968618266091 0)
(-0.135363904763 -0.0115358426415 0)
(-0.137524042444 -0.0133371548125 0)
(-0.140000392571 -0.0150858698854 0)
(-0.142783884012 -0.0167775616308 0)
(-0.145864764858 -0.0184075570192 0)
(-0.149232547112 -0.0199708732396 0)
(-0.15287593944 -0.0214621625145 0)
(-0.156782769169 -0.0228756657388 0)
(-0.160939894894 -0.0242051761116 0)
(-0.165333111201 -0.0254440140766 0)
(-0.169947047288 -0.0265850150516 0)
(-0.174765061514 -0.0276205315764 0)
(-0.179769134232 -0.0285424516509 0)
(-0.184939761661 -0.0293422351379 0)
(-0.190255853923 -0.03001097016 0)
(-0.195694640887 -0.0305394514046 0)
(-0.20123158991 -0.0309182821381 0)
(-0.206840340092 -0.0311380014992 0)
(-0.212492658177 -0.0311892382612 0)
(-0.218158421657 -0.0310628917036 0)
(-0.223805635074 -0.0307503394837 0)
(-0.229400485768 -0.0302436714387 0)
(-0.23490744541 -0.0295359470652 0)
(-0.240289423515 -0.0286214730219 0)
(-0.245507978707 -0.027496095408 0)
(-0.250523592646 -0.0261574998273 0)
(-0.255296010257 -0.0246055104364 0)
(-0.259784648166 -0.0228423773886 0)
(-0.26394907091 -0.0208730404691 0)
(-0.267749531699 -0.0187053554318 0)
(-0.271147571215 -0.0163502687614 0)
(-0.274106664274 -0.0138219265147 0)
(-0.276592900336 -0.0111377036847 0)
(-0.278575680046 -0.00831814234373 0)
(-0.280028406519 -0.00538678972116 0)
(-0.280929147307 -0.00236993134154 0)
(-0.281261241207 0.000703780741226 0)
(-0.281013823667 0.00380379897785 0)
(-0.280182245703 0.00689823908216 0)
(-0.278768364157 0.00995450921784 0)
(-0.276780685669 0.0129399872379 0)
(-0.274234352837 0.0158227197121 0)
(-0.271150968137 0.0185721141929 0)
(-0.267558258945 0.0211595957888 0)
(-0.263489594654 0.0235592007293 0)
(-0.258983373921 0.0257480831093 0)
(-0.254082305908 0.0277069160816 0)
(-0.248832613496 0.0294201749617 0)
(-0.243283188774 0.030876296439 0)
(-0.237484731382 0.0320677147734 0)
(-0.235375296635 0.0269403034074 0)
(-0.229267946597 0.0274752579224 0)
(-0.223065902698 0.027795399397 0)
(-0.216817978257 0.0279059266162 0)
(-0.210571315829 0.0278142412422 0)
(-0.204370912451 0.027529617064 0)
(-0.198259233613 0.027062857468 0)
(-0.192275915633 0.0264259537881 0)
(-0.186457553076 0.0256317553727 0)
(-0.18083756549 0.0246936601642 0)
(-0.175446135959 0.0236253324632 0)
(-0.170310212827 0.0224404525017 0)
(-0.165453565303 0.0211525005619 0)
(-0.160896883541 0.0197745767213 0)
(-0.156657913952 0.0183192559283 0)
(-0.15275162104 0.0167984770068 0)
(-0.149190367722 0.015223463371 0)
(-0.145984106929 0.0136046726603 0)
(-0.143140578165 0.0119517721597 0)
(-0.14066550362 0.010273636718 0)
(-0.138562779284 0.0085783658667 0)
(-0.136834657372 0.00687331695916 0)
(-0.135481917105 0.00516515134224 0)
(-0.134504021585 0.00345989082132 0)
(-0.133899259095 0.00176298196109 0)
(-0.133664867661 7.93660539948e-05 0)
(-0.133797142151 -0.00158644712927 0)
(-0.134291523542 -0.00323030342459 0)
(-0.13514267028 -0.00484832757124 0)
(-0.136344511893 -0.00643684689115 0)
(-0.137890285208 -0.00799231634605 0)
(-0.139772553693 -0.00951124583296 0)
(-0.141983210542 -0.0109901304826 0)
(-0.144513466277 -0.0124253846631 0)
(-0.1473538217 -0.0138132803667 0)
(-0.150494027165 -0.0151498906674 0)
(-0.153923029247 -0.0164310389743 0)
(-0.157628905976 -0.0176522548712 0)
(-0.161598792025 -0.018808737423 0)
(-0.165818795331 -0.0198953269319 0)
(-0.170273906905 -0.0209064862429 0)
(-0.174947905795 -0.0218362928176 0)
(-0.179823261453 -0.022678442907 0)
(-0.18488103609 -0.0234262692487 0)
(-0.190100789941 -0.0240727737798 0)
(-0.195460492762 -0.024610676876 0)
(-0.200936445292 -0.0250324845851 0)
(-0.206503214841 -0.0253305751997 0)
(-0.212133589553 -0.0254973062908 0)
(-0.217798556324 -0.0255251429789 0)
(-0.22346730763 -0.0254068077382 0)
(-0.229107282795 -0.0251354513884 0)
(-0.234684249265 -0.0247048441281 0)
(-0.240162429416 -0.0241095844915 0)
(-0.245504678006 -0.0233453229828 0)
(-0.250672714824 -0.0224089958799 0)
(-0.255627416034 -0.0212990633461 0)
(-0.260329166391 -0.020015744609 0)
(-0.26473827268 -0.0185612416422 0)
(-0.268815436543 -0.0169399416267 0)
(-0.272522282234 -0.0151585876038 0)
(-0.275821931906 -0.013226406283 0)
(-0.278679617906 -0.0111551820904 0)
(-0.281063318289 -0.00895926734031 0)
(-0.282944398768 -0.00665551997951 0)
(-0.284298241602 -0.00426316272976 0)
(-0.285104839942 -0.00180356060247 0)
(-0.285349335105 0.00070008243985 0)
(-0.285022474277 0.00322310263935 0)
(-0.284120967626 0.00573982195547 0)
(-0.282647726534 0.0082240462245 0)
(-0.280611968832 0.0106495985555 0)
(-0.278029182141 0.0129908677669 0)
(-0.27492094251 0.0152233500831 0)
(-0.271314592022 0.0173241621312 0)
(-0.267242785394 0.019272504561 0)
(-0.262742921447 0.0210500582665 0)
(-0.257856480138 0.022641298993 0)
(-0.252628289339 0.0240337207353 0)
(-0.247105747531 0.0252179633564 0)
(-0.241338028944 0.026187844865 0)
(-0.238469869604 0.0209205868874 0)
(-0.232390604925 0.0213360742645 0)
(-0.226216532099 0.0215855846419 0)
(-0.219995581779 0.0216730055456 0)
(-0.21377416283 0.0216039187801 0)
(-0.207596699445 0.0213853522048 0)
(-0.201505249254 0.0210255216196 0)
(-0.195539202968 0.0205335722725 0)
(-0.189735063312 0.0199193282193 0)
(-0.184126298746 0.0191930562809 0)
(-0.178743265701 0.0183652498014 0)
(-0.173613191843 0.0174464358852 0)
(-0.168760212167 0.0164470083817 0)
(-0.164205449374 0.0153770876321 0)
(-0.159967130052 0.0142464069332 0)
(-0.1560607285 0.0130642248194 0)
(-0.152499130551 0.0118392616105 0)
(-0.149292810443 0.0105796582151 0)
(-0.146450014532 0.0092929548847 0)
(-0.143976946459 0.00798608747115 0)
(-0.141877949156 0.00666539870702 0)
(-0.140155679872 0.00533666209521 0)
(-0.138811275105 0.00400511612369 0)
(-0.137844502991 0.00267550669625 0)
(-0.137253901286 0.00135213587366 0)
(-0.137036899576 3.89152334452e-05 0)
(-0.137189924834 -0.00126057763386 0)
(-0.137708489767 -0.00254304077154 0)
(-0.138587263754 -0.00380538874451 0)
(-0.139820126406 -0.0050446937083 0)
(-0.14140020404 -0.00625812746561 0)
(-0.143319889489 -0.0074429052124 0)
(-0.145570845877 -0.00859623160121 0)
(-0.1481439951 -0.00971524970068 0)
(-0.151029491888 -0.0107969934098 0)
(-0.154216684475 -0.0118383438917 0)
(-0.157694063004 -0.0128359906203 0)
(-0.161449196982 -0.0137863976775 0)
(-0.165468663242 -0.0146857760109 0)
(-0.169737966083 -0.0155300624317 0)
(-0.174241451459 -0.016314906221 0)
(-0.178962217372 -0.0170356642973 0)
(-0.183882022863 -0.0176874059741 0)
(-0.188981198365 -0.018264928402 0)
(-0.194238560465 -0.018762783825 0)
(-0.199631334534 -0.0191753197809 0)
(-0.205135089004 -0.0194967333238 0)
(-0.210723685489 -0.0197211402346 0)
(-0.216369249218 -0.0198426599865 0)
(-0.222042164615 -0.0198555169482 0)
(-0.227711100998 -0.0197541579113 0)
(-0.233343073514 -0.0195333855192 0)
(-0.238903544362 -0.0191885065397 0)
(-0.244356569081 -0.0187154931722 0)
(-0.24966499223 -0.0181111547147 0)
(-0.254790695971 -0.017373315963 0)
(-0.259694904034 -0.016500997711 0)
(-0.26433854204 -0.0154945937093 0)
(-0.268682653455 -0.0143560374987 0)
(-0.272688868253 -0.0130889517322 0)
(-0.276319918986 -0.011698772036 0)
(-0.279540196303 -0.0101928372296 0)
(-0.282316333186 -0.008580437917 0)
(-0.284617804473 -0.00687281616842 0)
(-0.286417525729 -0.00508311027092 0)
(-0.287692433437 -0.00322624036884 0)
(-0.288424027077 -0.00131873319427 0)
(-0.288598853057 0.000621513088315 0)
(-0.288208910878 0.00257551977966 0)
(-0.287251963487 0.00452356694203 0)
(-0.285731736427 0.00644557071258 0)
(-0.283657994188 0.00832148563655 0)
(-0.281046486789 0.0101317170836 0)
(-0.277918764899 0.011857527739 0)
(-0.274301867382 0.0134814220959 0)
(-0.270227890549 0.0149874938457 0)
(-0.265733453377 0.0163617230069 0)
(-0.260859077058 0.0175922123885 0)
(-0.255648500248 0.0186693563209 0)
(-0.250147953118 0.0195859382121 0)
(-0.244405413747 0.0203371571196 0)
(-0.240782415499 0.0149253896173 0)
(-0.234724695097 0.0152218119762 0)
(-0.22857216255 0.0154002668719 0)
(-0.222372087763 0.0154634493581 0)
(-0.216170326977 0.0154152543657 0)
(-0.210010869137 0.0152606041386 0)
(-0.203935457616 0.0150052682426 0)
(-0.197983288411 0.0146556827671 0)
(-0.192190783383 0.0142187744849 0)
(-0.186591434856 0.0137017947372 0)
(-0.181215716212 0.0131121667586 0)
(-0.176091051838 0.0124573491104 0)
(-0.171241839 0.0117447169105 0)
(-0.166689513767 0.0109814616736 0)
(-0.162452653059 0.0101745098259 0)
(-0.158547105079 0.00933045934972 0)
(-0.154986140801 0.00845553354319 0)
(-0.151780619759 0.0075555505412 0)
(-0.14893916403 0.00663590702445 0)
(-0.146468335062 0.00570157442584 0)
(-0.144372808691 0.00475710590914 0)
(-0.142655544441 0.00380665242848 0)
(-0.141317945894 0.00285398625941 0)
(-0.140360009537 0.00190253050713 0)
(-0.139780460087 0.000955393235187 0)
(-0.139576870796 1.54050034438e-05 0)
(-0.13974576771 -0.000914841250454 0)
(-0.14028271722 -0.00183294891161 0)
(-0.141182396588 -0.00273667576854 0)
(-0.142438647414 -0.00362389216138 0)
(-0.144044512244 -0.00449253979059 0)
(-0.145992254724 -0.0053405917051 0)
(-0.148273363892 -0.0061660139358 0)
(-0.150878543348 -0.00696672920544 0)
(-0.153797686205 -0.00774058313058 0)
(-0.157019836873 -0.00848531333565 0)
(-0.160533140883 -0.00919852191654 0)
(-0.164324784114 -0.00987765172507 0)
(-0.168380922996 -0.0105199669901 0)
(-0.172686607451 -0.0111225388438 0)
(-0.177225698559 -0.0116822363773 0)
(-0.181980783216 -0.012195723909 0)
(-0.186933088321 -0.012659465197 0)
(-0.19206239734 -0.0130697353678 0)
(-0.197346972415 -0.0134226413512 0)
(-0.202763485536 -0.0137141516042 0)
(-0.208286962623 -0.0139401358584 0)
(-0.21389074467 -0.014096415536 0)
(-0.219546470402 -0.0141788253266 0)
(-0.225224085098 -0.0141832862032 0)
(-0.23089188037 -0.0141058898648 0)
(-0.236516569663 -0.0139429942187 0)
(-0.242063404125 -0.0136913290645 0)
(-0.247496333087 -0.0133481106005 0)
(-0.252778212836 -0.0129111627665 0)
(-0.257871066498 -0.0123790427746 0)
(-0.262736396667 -0.0117511674825 0)
(-0.267335550998 -0.011027936585 0)
(-0.271630139173 -0.0102108479634 0)
(-0.27558249764 -0.00930260001985 0)
(-0.279156196216 -0.00830717547282 0)
(-0.282316578247 -0.0072299009863 0)
(-0.285031323545 -0.00607747719374 0)
(-0.287271020939 -0.00485797422162 0)
(-0.289009735216 -0.00358078873721 0)
(-0.290225551522 -0.0022565598532 0)
(-0.290901079293 -0.000897042883628 0)
(-0.291023897496 0.000485058109156 0)
(-0.290586923619 0.0018762959093 0)
(-0.289588690471 0.00326271865605 0)
(-0.288033517435 0.00463013400373 0)
(-0.285931566339 0.00596438993506 0)
(-0.283298776283 0.00725166195825 0)
(-0.280156676526 0.0084787357332 0)
(-0.276532081394 0.00963327416018 0)
(-0.272456676002 0.0107040586448 0)
(-0.267966505872 0.0116811955774 0)
(-0.263101387185 0.0125562809312 0)
(-0.257904257037 0.0133225181336 0)
(-0.252420484658 0.0139747868175 0)
(-0.246697165006 0.0145096625117 0)
(-0.24232015643 0.00894801765694 0)
(-0.236277023759 0.00912571826044 0)
(-0.230139114725 0.00923287291002 0)
(-0.22395325944 0.00927106644797 0)
(-0.217764944743 0.00924259948629 0)
(-0.211617866888 0.00915038673574 0)
(-0.205553555901 0.00899785074234 0)
(-0.199611073108 0.00878881493269 0)
(-0.193826780871 0.00852739938163 0)
(-0.188234181413 0.00821792214123 0)
(-0.182863819934 0.00786480835728 0)
(-0.177743245928 0.00747250878898 0)
(-0.172897025778 0.00704542877128 0)
(-0.168346799198 0.00658786814149 0)
(-0.164111371967 0.00610397220688 0)
(-0.160206837494 0.00559769346443 0)
(-0.156646720103 0.00507276350049 0)
(-0.153442133414 0.00453267429161 0)
(-0.150601947814 0.00398066799068 0)
(-0.148132961655 0.00341973420786 0)
(-0.146040071537 0.0028526137695 0)
(-0.144326437721 0.0022818079537 0)
(-0.142993641365 0.00170959224606 0)
(-0.142041830927 0.00113803372408 0)
(-0.141469855645 0.000569011258151 0)
(-0.1412753845 4.23780166864e-06 0)
(-0.141455009546 -0.000554715872005 0)
(-0.142004332874 -0.00110639654542 0)
(-0.142918036829 -0.00164944353011 0)
(-0.144189937374 -0.00218256365555 0)
(-0.145813020775 -0.00270450663656 0)
(-0.147779463971 -0.00321404113736 0)
(-0.150080639213 -0.00370993181911 0)
(-0.152707103709 -0.00419091763613 0)
(-0.155648575193 -0.00465569163737 0)
(-0.15889389449 -0.00510288253125 0)
(-0.162430976327 -0.00553103828241 0)
(-0.166246749811 -0.00593861202854 0)
(-0.170327090193 -0.00632395063126 0)
(-0.174656743751 -0.00668528620558 0)
(-0.179219247868 -0.00702073100493 0)
(-0.183996848634 -0.00732827607187 0)
(-0.188970418592 -0.00760579409211 0)
(-0.19411937755 -0.00785104691104 0)
(-0.199421619687 -0.00806169817984 0)
(-0.204853450519 -0.00823533159007 0)
(-0.210389537592 -0.00836947512416 0)
(-0.216002879045 -0.00846163168947 0)
(-0.221664794442 -0.00850931640982 0)
(-0.227344942431 -0.00851010071456 0)
(-0.233011369856 -0.00846166318729 0)
(-0.23863059688 -0.0083618469105 0)
(-0.244167742464 -0.00820872276813 0)
(-0.249586694097 -0.00800065784681 0)
(-0.254850325039 -0.00773638771506 0)
(-0.259920761397 -0.00741509096794 0)
(-0.264759700183 -0.00703646401971 0)
(-0.26932877801 -0.00660079373066 0)
(-0.273589988352 -0.00610902509398 0)
(-0.277506143275 -0.00556282091808 0)
(-0.281041373422 -0.00496461025532 0)
(-0.284161657699 -0.00431762228477 0)
(-0.286835371889 -0.00362590249212 0)
(-0.289033843263 -0.00289430832921 0)
(-0.290731896416 -0.0021284820947 0)
(-0.291908374165 -0.00133479955838 0)
(-0.292546616543 -0.000520293832735 0)
(-0.292634880868 0.000307444865372 0)
(-0.292166686635 0.00114039168405 0)
(-0.291141070653 0.00197022870899 0)
(-0.289562740357 0.00278850134379 0)
(-0.287442116554 0.00358678421183 0)
(-0.284795260809 0.00435685057382 0)
(-0.281643687003 0.00509083887467 0)
(-0.278014061127 0.00578141003923 0)
(-0.273937797726 0.00642188953912 0)
(-0.269450565374 0.00700638902307 0)
(-0.264591716833 0.00752990338306 0)
(-0.259403662042 0.00798838042944 0)
(-0.253931203476 0.00837876176284 0)
(-0.248220853962 0.00869899485269 0)
(-0.243087847177 0.00298146377336 0)
(-0.237052075091 0.00304067073885 0)
(-0.23092155597 0.00307640142332 0)
(-0.224742900268 0.00308917879321 0)
(-0.218561409851 0.00307976370941 0)
(-0.2124206339 0.00304912134548 0)
(-0.206361994645 0.00299838605308 0)
(-0.200424484642 0.00292882596324 0)
(-0.19464443485 0.00284180845391 0)
(-0.189055350661 0.00273876742617 0)
(-0.183687811351 0.00262117313076 0)
(-0.178569427164 0.00249050508572 0)
(-0.173724847327 0.00234822843593 0)
(-0.169175811794 0.00219577393377 0)
(-0.164941239361 0.00203452157281 0)
(-0.161037344812 0.00186578778452 0)
(-0.157477778108 0.00169081601327 0)
(-0.154273779072 0.00151077041546 0)
(-0.151434341576 0.00132673238252 0)
(-0.148966381919 0.00113969956117 0)
(-0.146874906723 0.000950587035375 0)
(-0.145163176366 0.000760230338348 0)
(-0.143832860635 0.000569389977352 0)
(-0.142884183886 0.000378757175018 0)
(-0.142316057572 0.000188960556805 0)
(-0.142126198513 5.73542043813e-07 0)
(-0.142311231746 -0.000185877776003 0)
(-0.14286677718 -0.000369906448322 0)
(-0.143787519645 -0.000551056348935 0)
(-0.145067262192 -0.000728893854903 0)
(-0.146698962815 -0.000902999649478 0)
(-0.148674754923 -0.00107296075569 0)
(-0.150985952155 -0.00123836289707 0)
(-0.153623038269 -0.00139878327518 0)
(-0.156575643019 -0.00155378385043 0)
(-0.159832505132 -0.00170290521349 0)
(-0.163381423624 -0.00184566113762 0)
(-0.167209198917 -0.00198153390899 0)
(-0.171301565407 -0.00210997054028 0)
(-0.175643117347 -0.00223037998311 0)
(-0.180217230151 -0.00234213146518 0)
(-0.185005979501 -0.00244455408899 0)
(-0.189990060903 -0.00253693783773 0)
(-0.195148712648 -0.00261853614058 0)
(-0.200459645457 -0.00268857015217 0)
(-0.205898982363 -0.00274623489713 0)
(-0.211441212737 -0.00279070742008 0)
(-0.217059164577 -0.00282115706037 0)
(-0.222723999437 -0.00283675793912 0)
(-0.228405234505 -0.00283670370103 0)
(-0.234070796361 -0.00282022449305 0)
(-0.239687110889 -0.00278660608682 0)
(-0.245219233508 -0.00273521095997 0)
(-0.250631023468 -0.00266550104427 0)
(-0.255885365243 -0.00257706172936 0)
(-0.26094443911 -0.00246962658066 0)
(-0.265770041806 -0.00234310209734 0)
(-0.270323956671 -0.00219759170629 0)
(-0.274568370918 -0.00203341807091 0)
(-0.278466335775 -0.00185114270021 0)
(-0.281982263045 -0.00165158178566 0)
(-0.2850824495 -0.00143581718285 0)
(-0.287735618303 -0.00120520150293 0)
(-0.289913464655 -0.000961356394469 0)
(-0.29159119114 -0.00070616328366 0)
(-0.292748016979 -0.000441746100503 0)
(-0.293367644702 -0.00017044584279 0)
(-0.293438667815 0.000105212795148 0)
(-0.29295490385 0.000382562096464 0)
(-0.291915638874 0.000658838257882 0)
(-0.29032577202 0.000931233166274 0)
(-0.28819585184 0.0011969492723 0)
(-0.285542000067 0.00145325558478 0)
(-0.282385722569 0.00169754268751 0)
(-0.278753611572 0.00192737468438 0)
(-0.274676947395 0.00214053611178 0)
(-0.270191211722 0.00233507211027 0)
(-0.265335527568 0.00250932050074 0)
(-0.260152043432 0.00266193483602 0)
(-0.254685280562 0.00279189796123 0)
(-0.248981462694 0.00289852608194 0)
)
;

boundaryField
{
    left
    {
        type            cyclic;
    }
    right
    {
        type            cyclic;
    }
    bottom
    {
        type            cyclic;
    }
    top
    {
        type            cyclic;
    }
    frontAndBack
    {
        type            empty;
    }
}


// ************************************************************************* //
