/*--------------------------------*- C++ -*----------------------------------*\
| =========                 |                                                 |
| \\      /  F ield         | OpenFOAM: The Open Source CFD Toolbox           |
|  \\    /   O peration     | Version:  v2106                                 |
|   \\  /    A nd           | Website:  www.openfoam.com                      |
|    \\/     M anipulation  |                                                 |
\*---------------------------------------------------------------------------*/
FoamFile
{
    version     2.0;
    format      ascii;
    arch        "LSB;label=32;scalar=64";
    class       volVectorField;
    location    "149.59609815577";
    object      U;
}
// * * * * * * * * * * * * * * * * * * * * * * * * * * * * * * * * * * * * * //

dimensions      [0 1 -1 0 0 0 0];

internalField   nonuniform List<vector> 
6561
(
(0.646935453262 0.000774533578809 0)
(0.645560759352 0.000600362194111 0)
(0.644537760296 0.000422847398132 0)
(0.643872731209 0.000242403414279 0)
(0.643571108364 5.94627648629e-05 0)
(0.643637444361 -0.000125515444211 0)
(0.644075346582 -0.000312037176656 0)
(0.644887398919 -0.000499565186756 0)
(0.646075067046 -0.000687510958492 0)
(0.647638587817 -0.000875227037112 0)
(0.649576843757 -0.0010619999539 0)
(0.651887224035 -0.00124704397298 0)
(0.654565473796 -0.00142949591758 0)
(0.657605534269 -0.00160841136058 0)
(0.660999376671 -0.00178276248794 0)
(0.66473683357 -0.00195143796247 0)
(0.668805432026 -0.00211324512466 0)
(0.67319023354 -0.00226691486557 0)
(0.677873686483 -0.00241110948956 0)
(0.682835497303 -0.00254443384883 0)
(0.688052527339 -0.00266544997391 0)
(0.693498722455 -0.00277269534186 0)
(0.699145082897 -0.00286470481505 0)
(0.704959680742 -0.00294003614733 0)
(0.710907731953 -0.00299729879306 0)
(0.716951729357 -0.00303518557096 0)
(0.723051641772 -0.00305250653586 0)
(0.729165183039 -0.00304822420638 0)
(0.735248152753 -0.00302148909782 0)
(0.741254848221 -0.00297167433121 0)
(0.747138544527 -0.00289840794932 0)
(0.752852036687 -0.00280160148489 0)
(0.758348234915 -0.00268147331211 0)
(0.76358080105 -0.00253856538267 0)
(0.768504811496 -0.00237375211178 0)
(0.773077429726 -0.00218824043778 0)
(0.777258569742 -0.00198356042543 0)
(0.781011530971 -0.00176154620201 0)
(0.784303585121 -0.00152430748027 0)
(0.787106496489 -0.00127419240385 0)
(0.789396959213 -0.00101374291049 0)
(0.791156937807 -0.000745644209922 0)
(0.792373900906 -0.000472670284244 0)
(0.793040942299 -0.0001976275118 0)
(0.793156787685 7.67014227493e-05 0)
(0.792725689964 0.000347611242065 0)
(0.791757219967 0.000612523520764 0)
(0.790265963049 0.000869030268297 0)
(0.78827113488 0.00111493043204 0)
(0.785796131764 0.00134825851883 0)
(0.782868031984 0.00156730495677 0)
(0.779517065014 0.00177062822071 0)
(0.775776064942 0.00195705909991 0)
(0.771679923374 0.00212569777673 0)
(0.767265055429 0.00227590460281 0)
(0.762568890474 0.00240728560045 0)
(0.757629397055 0.0025196737866 0)
(0.75248464923 0.00261310742206 0)
(0.747172439307 0.00268780624214 0)
(0.741729939953 0.00274414663753 0)
(0.736193416777 0.00278263663969 0)
(0.730597990939 0.00280389143475 0)
(0.724977449994 0.00280860999372 0)
(0.719364104174 0.00279755327252 0)
(0.71378868453 0.00277152431057 0)
(0.708280278819 0.00273135044351 0)
(0.702866300726 0.00267786774848 0)
(0.69757248786 0.00261190775901 0)
(0.692422923947 0.00253428642168 0)
(0.687440080813 0.00244579521729 0)
(0.682644875903 0.00234719433301 0)
(0.678056741367 0.0022392077491 0)
(0.673693701039 0.00212252008951 0)
(0.669572451936 0.00199777508107 0)
(0.665708447232 0.00186557546675 0)
(0.662115977947 0.00172648422432 0)
(0.658808250918 0.00158102695041 0)
(0.655797460835 0.00142969528079 0)
(0.653094854435 0.00127295122856 0)
(0.650710785106 0.00111123233258 0)
(0.648654756424 0.000944957518119 0)
(0.646045665742 0.0023194796636 0)
(0.64467883378 0.00179734768937 0)
(0.643662911406 0.00126519809051 0)
(0.643004156169 0.000724265925764 0)
(0.642708002004 0.000175841143403 0)
(0.642779014383 -0.000378706519587 0)
(0.64322082865 -0.000937902441095 0)
(0.644036071506 -0.00150014220659 0)
(0.645226265881 -0.00206366733933 0)
(0.646791719744 -0.0026265421885 0)
(0.648731399777 -0.00318663257573 0)
(0.651042791241 -0.00374158688557 0)
(0.653721745896 -0.00428882037281 0)
(0.65676232032 -0.00482550354263 0)
(0.66015660763 -0.00534855553329 0)
(0.663894566224 -0.00585464348912 0)
(0.667963849862 -0.00634018894229 0)
(0.672349644104 -0.00680138221886 0)
(0.677034514821 -0.00723420583558 0)
(0.681998275118 -0.00763446774869 0)
(0.687217877597 -0.00799784514488 0)
(0.69266733929 -0.00831993921857 0)
(0.698317706843 -0.00859634105286 0)
(0.704137069512 -0.00882270831306 0)
(0.710090627228 -0.00899485197394 0)
(0.716140820311 -0.00910883174686 0)
(0.722247526354 -0.00916105826939 0)
(0.728368328282 -0.00914839949545 0)
(0.734458855667 -0.00906828811656 0)
(0.740473199034 -0.00891882629825 0)
(0.746364394161 -0.00869888358235 0)
(0.752084970432 -0.00840818353777 0)
(0.757587554159 -0.00804737469071 0)
(0.762825514747 -0.00761808147155 0)
(0.767753638694 -0.00712293140793 0)
(0.772328814001 -0.00656555557506 0)
(0.776510705805 -0.00595056036843 0)
(0.780262403049 -0.00528346993976 0)
(0.783551016018 -0.00457064005836 0)
(0.786348205571 -0.0038191456316 0)
(0.788630626973 -0.00303664552435 0)
(0.790380274223 -0.00223122954598 0)
(0.79158471453 -0.00141125342218 0)
(0.792237206962 -0.000585168156872 0)
(0.792336703837 0.00023864962809 0)
(0.791887738018 0.00105206001703 0)
(0.790900203508 0.00184730904192 0)
(0.789389040405 0.00261716001965 0)
(0.787373838212 0.00335500331508 0)
(0.784878373513 0.00405494213476 0)
(0.781930099162 0.00471185324966 0)
(0.778559602346 0.00532142276733 0)
(0.774800048311 0.00588015814959 0)
(0.770686625313 0.00638537854762 0)
(0.766256004557 0.00683518617661 0)
(0.76154582683 0.00722842187103 0)
(0.756594225203 0.0075646081594 0)
(0.751439390859 0.00784388320386 0)
(0.746119186845 0.0080669287973 0)
(0.740670812452 0.00823489533847 0)
(0.73513051908 0.00834932635214 0)
(0.729533376846 0.00841208472244 0)
(0.723913089923 0.00842528239252 0)
(0.718301857575 0.00839121487809 0)
(0.712730277115 0.008312301564 0)
(0.707227284532 0.00819103241413 0)
(0.701820128231 0.00802992143254 0)
(0.696534371238 0.00783146697184 0)
(0.691393917262 0.00759811879108 0)
(0.686421056125 0.00733225161901 0)
(0.681636524335 0.00703614487298 0)
(0.677059576817 0.00671196811558 0)
(0.672708066152 0.00636177179195 0)
(0.66859852598 0.00598748277723 0)
(0.664746255554 0.00559090426835 0)
(0.661165402728 0.00517371957292 0)
(0.657869042974 0.00473749937521 0)
(0.654869252272 0.00428371209248 0)
(0.652177171968 0.00381373696804 0)
(0.649803063917 0.00332887958049 0)
(0.647756354434 0.00283038947742 0)
(0.644269546381 0.00385207040517 0)
(0.642918413184 0.00298313348323 0)
(0.641916601056 0.00209754242684 0)
(0.64127033261 0.00119733033546 0)
(0.640985037233 0.000284621760649 0)
(0.641065306208 -0.000638325648046 0)
(0.64151483083 -0.00156907913221 0)
(0.642336323435 -0.00250498908166 0)
(0.643531421511 -0.00344314829714 0)
(0.645100575376 -0.00438035311759 0)
(0.64704292024 -0.00531306740688 0)
(0.649356133942 -0.00623739053966 0)
(0.652036282063 -0.00714903067516 0)
(0.655077652735 -0.00804328475158 0)
(0.658472584032 -0.0089150267625 0)
(0.662211287515 -0.00975870598019 0)
(0.666281672218 -0.0105683568499 0)
(0.670669174087 -0.0113376222832 0)
(0.675356596642 -0.0120597920039 0)
(0.680323969311 -0.0127278574355 0)
(0.685548430533 -0.013334584337 0)
(0.691004143223 -0.0138726039936 0)
(0.69666225049 -0.0143345232195 0)
(0.702490879591 -0.0147130527512 0)
(0.708455201863 -0.0150011527832 0)
(0.714517555733 -0.01519219346 0)
(0.720637638914 -0.0152801271069 0)
(0.72677277436 -0.0152596679108 0)
(0.732878252594 -0.0151264737135 0)
(0.738907750576 -0.0148773236272 0)
(0.744813824439 -0.0145102844174 0)
(0.750548470221 -0.0140248581121 0)
(0.75606374342 -0.01342210318 0)
(0.761312424799 -0.0127047219453 0)
(0.766248716761 -0.0118771077291 0)
(0.770828951912 -0.0109453465325 0)
(0.775012293406 -0.00991716988042 0)
(0.778761405543 -0.00880185763738 0)
(0.782043073028 -0.00761009206411 0)
(0.784828748348 -0.00635376692685 0)
(0.787095008973 -0.0050457579105 0)
(0.788823909348 -0.00369966271274 0)
(0.790003216801 -0.00232952083533 0)
(0.790626525233 -0.00094952409482 0)
(0.790693245499 0.000426270828686 0)
(0.790208476335 0.00178421690914 0)
(0.789182764267 0.00311132855032 0)
(0.787631764851 0.00439550243927 0)
(0.785575820618 0.00562570130882 0)
(0.783039473131 0.00679209665516 0)
(0.78005092759 0.00788616868881 0)
(0.776641488447 0.00890076389178 0)
(0.772844983681 0.00983011238167 0)
(0.768697193862 0.0106698087566 0)
(0.764235300111 0.0114167611721 0)
(0.759497362691 0.0120691140764 0)
(0.754521839466 0.0126261503297 0)
(0.749347150972 0.0130881784025 0)
(0.744011296425 0.0134564100562 0)
(0.738551522889 0.0137328334189 0)
(0.73300404789 0.0139200857451 0)
(0.727403834216 0.0140213294587 0)
(0.721784414383 0.0140401343685 0)
(0.716177761279 0.0139803682516 0)
(0.710614200837 0.0138460973683 0)
(0.705122362158 0.0136414978984 0)
(0.699729160309 0.0133707788079 0)
(0.694459806951 0.0130381162516 0)
(0.68933784407 0.0126475993047 0)
(0.684385196292 0.0122031865728 0)
(0.679622237488 0.0117086730689 0)
(0.675067867747 0.0111676666318 0)
(0.670739597067 0.0105835731067 0)
(0.666653632503 0.00995958949016 0)
(0.662824965829 0.00929870425494 0)
(0.659267459058 0.00860370410573 0)
(0.65599392552 0.00787718646568 0)
(0.653016204387 0.00712157705206 0)
(0.650345226844 0.00633915195675 0)
(0.647991072266 0.00553206370469 0)
(0.645963012985 0.00470237081222 0)
(0.641614020547 0.0053640956363 0)
(0.640286371865 0.00415031003683 0)
(0.639305616772 0.00291329622512 0)
(0.638677925969 0.00165584748612 0)
(0.638408722313 0.000380885051499 0)
(0.638502635935 -0.000908483298633 0)
(0.638963442091 -0.00220890404641 0)
(0.639793981574 -0.00351671902243 0)
(0.640996063778 -0.00482790777931 0)
(0.642570352761 -0.00613803243745 0)
(0.644516237038 -0.00744218638263 0)
(0.646831684202 -0.00873494840374 0)
(0.649513081986 -0.0100103440765 0)
(0.652555067917 -0.0112618164101 0)
(0.655950350329 -0.0124822079661 0)
(0.659689524221 -0.0136637568206 0)
(0.663760886167 -0.0147981088365 0)
(0.668150253302 -0.0158763487398 0)
(0.672840792206 -0.016889052408 0)
(0.677812864295 -0.0178263625605 0)
(0.683043895064 -0.0186780896715 0)
(0.688508275138 -0.0194338393641 0)
(0.694177301536 -0.0200831667888 0)
(0.700019167719 -0.0206157575263 0)
(0.705999010912 -0.0210216333826 0)
(0.712079024619 -0.0212913800944 0)
(0.718218643321 -0.0214163924723 0)
(0.72437480482 -0.021389130944 0)
(0.730502293684 -0.0212033819098 0)
(0.736554166669 -0.0208545129031 0)
(0.742482257932 -0.0203397123839 0)
(0.748237758371 -0.019658203228 0)
(0.75377185974 -0.018811418741 0)
(0.759036450369 -0.0178031304425 0)
(0.763984845764 -0.0166395180156 0)
(0.768572534209 -0.0153291737199 0)
(0.772757915135 -0.013883036188 0)
(0.776503006584 -0.0123142517475 0)
(0.77977409797 -0.0106379650282 0)
(0.782542325442 -0.00887104438877 0)
(0.78478414965 -0.00703175130681 0)
(0.786481719467 -0.005139366035 0)
(0.787623109908 -0.00321378424049 0)
(0.788202427958 -0.00127510081266 0)
(0.788219785684 0.000656802579712 0)
(0.787681145657 0.00256265028346 0)
(0.786598048758 0.00442413158234 0)
(0.784987238747 0.00622421398633 0)
(0.782870201133 0.0079474021507 0)
(0.78027263595 0.00957993698157 0)
(0.777223884835 0.011109932775 0)
(0.773756332589 0.0125274532906 0)
(0.769904802124 0.0138245302948 0)
(0.76570595981 0.0149951301924 0)
(0.761197745756 0.0160350758607 0)
(0.756418840799 0.0169419316904 0)
(0.751408179162 0.0177148601843 0)
(0.746204512976 0.018354458342 0)
(0.740846032307 0.0188625815609 0)
(0.735370042068 0.0192421620174 0)
(0.729812695289 0.0194970275526 0)
(0.724208780639 0.0196317260657 0)
(0.718591560932 0.0196513593791 0)
(0.71299265844 0.0195614295479 0)
(0.707441982312 0.0193676996802 0)
(0.701967693039 0.0190760705343 0)
(0.696596198848 0.0186924734807 0)
(0.691352178924 0.018222779871 0)
(0.686258628584 0.0176727264204 0)
(0.681336921775 0.0170478558949 0)
(0.676606886616 0.0163534721753 0)
(0.672086890061 0.0155946086308 0)
(0.667793928122 0.0147760086727 0)
(0.663743718483 0.0139021173428 0)
(0.659950792662 0.0129770828239 0)
(0.656428585211 0.0120047668156 0)
(0.653189517731 0.010988762797 0)
(0.650245075768 0.00993242128311 0)
(0.647605876841 0.00883888127027 0)
(0.645281728099 0.00771110714612 0)
(0.643281672245 0.00655193041413 0)
(0.638089510854 0.00684738694755 0)
(0.63679305384 0.00529155437668 0)
(0.63584017112 0.00370600608795 0)
(0.635236965044 0.00209424285137 0)
(0.634988850243 0.000459929738527 0)
(0.635100508814 -0.00119302805047 0)
(0.635575827921 -0.00286040847225 0)
(0.636417819524 -0.00453759610799 0)
(0.637628522205 -0.00621950707777 0)
(0.639208885283 -0.00790051689359 0)
(0.641158635769 -0.0095743930007 0)
(0.643476129083 -0.0112342340358 0)
(0.646158184946 -0.0128724181239 0)
(0.649199910394 -0.0144805628237 0)
(0.652594512517 -0.0160494996033 0)
(0.656333104261 -0.0175692659538 0)
(0.660404507388 -0.0190291184116 0)
(0.664795057618 -0.0204175698161 0)
(0.669488417806 -0.0217224540566 0)
(0.674465405973 -0.022931021316 0)
(0.679703845849 -0.0240300663664 0)
(0.685178448352 -0.0250060917734 0)
(0.690860733073 -0.0258455069025 0)
(0.696718999154 -0.0265348623719 0)
(0.702718355036 -0.0270611180614 0)
(0.70882081614 -0.0274119409942 0)
(0.714985478669 -0.0275760274079 0)
(0.721168776277 -0.0275434412051 0)
(0.727324824228 -0.027305958844 0)
(0.733405852959 -0.0268574087423 0)
(0.739362729601 -0.0261939916096 0)
(0.745145562143 -0.0253145669784 0)
(0.750704376699 -0.0242208907785 0)
(0.755989853946 -0.0229177892548 0)
(0.760954106584 -0.0214132559988 0)
(0.765551475918 -0.0197184613906 0)
(0.769739322704 -0.0178476672913 0)
(0.773478785661 -0.0158180442288 0)
(0.77673548066 -0.0136493933059 0)
(0.779480114863 -0.011363780283 0)
(0.781688992938 -0.0089850942995 0)
(0.783344396822 -0.00653854807475 0)
(0.784434826112 -0.00405013976426 0)
(0.78495509251 -0.00154609863347 0)
(0.784906268502 0.000947662814674 0)
(0.78429549692 0.0034060686686 0)
(0.783135673878 0.00580535223037 0)
(0.781445022334 0.00812346578641 0)
(0.779246576924 0.0103404161338 0)
(0.776567602731 0.012438519055 0)
(0.773438971145 0.0144025704564 0)
(0.769894515288 0.016219936026 0)
(0.765970385647 0.017880564773 0)
(0.761704424039 0.0193769345282 0)
(0.757135570914 0.0207039393622 0)
(0.752303317775 0.0218587299285 0)
(0.747247213173 0.0228405180487 0)
(0.742006427674 0.0236503565426 0)
(0.736619380389 0.0242909045216 0)
(0.73112342732 0.02476618723 0)
(0.725554609792 0.0250813581991 0)
(0.719947459765 0.0252424700644 0)
(0.714334857692 0.0252562589976 0)
(0.708747937866 0.0251299463855 0)
(0.703216035794 0.0248710601985 0)
(0.697766671939 0.0244872774578 0)
(0.692425566261 0.0239862883514 0)
(0.687216678154 0.0233756818577 0)
(0.6821622667 0.0226628522052 0)
(0.677282966531 0.0218549251162 0)
(0.672597875008 0.0209587025227 0)
(0.668124646856 0.0199806243001 0)
(0.663879592802 0.0189267454961 0)
(0.659877779179 0.0178027275423 0)
(0.65613312582 0.0166138419917 0)
(0.652658499883 0.015364985413 0)
(0.649465803585 0.0140607041871 0)
(0.646566054019 0.0127052280705 0)
(0.643969453502 0.0113025115097 0)
(0.641685449049 0.00985628180304 0)
(0.639722779736 0.00837009330619 0)
(0.633709977303 0.00829383766544 0)
(0.632452310701 0.00639966699895 0)
(0.631533938122 0.00446940304267 0)
(0.630960877777 0.00250718683043 0)
(0.630738534648 0.000517359796197 0)
(0.630871655887 -0.00149544286685 0)
(0.631364268264 -0.00352619755933 0)
(0.632219597269 -0.00556939758708 0)
(0.633439967649 -0.00761895991858 0)
(0.635026685391 -0.00966813516206 0)
(0.636979901485 -0.0117094228611 0)
(0.639298458128 -0.0137344945646 0)
(0.641979718537 -0.0157341275035 0)
(0.645019382062 -0.0176981520889 0)
(0.648411286963 -0.0196154168049 0)
(0.652147203957 -0.0214737743918 0)
(0.656216624528 -0.0232600934522 0)
(0.660606548904 -0.0249602997353 0)
(0.665301279645 -0.0265594513168 0)
(0.670282227835 -0.0280418516411 0)
(0.675527739904 -0.0293912038847 0)
(0.681012954105 -0.030590809287 0)
(0.686709696469 -0.0316238109271 0)
(0.692586426712 -0.0324734828962 0)
(0.698608244788 -0.0331235628946 0)
(0.704736968639 -0.03355862401 0)
(0.710931292916 -0.0337644788598 0)
(0.717147037101 -0.0337286065081 0)
(0.723337489244 -0.0334405897431 0)
(0.72945384868 -0.0328925476241 0)
(0.735445767336 -0.0320795459068 0)
(0.741261984883 -0.0309999663044 0)
(0.746851048055 -0.0296558148001 0)
(0.752162099316 -0.0280529496494 0)
(0.757145714904 -0.0262012114764 0)
(0.761754767716 -0.0241144410749 0)
(0.76594528676 -0.0218103751213 0)
(0.769677282579 -0.019310415808 0)
(0.772915507447 -0.0166392770422 0)
(0.775630120443 -0.013824516841 0)
(0.777797230909 -0.0108959722955 0)
(0.779399298976 -0.00788511934282 0)
(0.780425378625 -0.00482438404165 0)
(0.780871196447 -0.00174643463259 0)
(0.780739067352 0.00131651581629 0)
(0.78003765621 0.00433336794693 0)
(0.778781601231 0.00727473102704 0)
(0.776991020269 0.0101134343127 0)
(0.774690924922 0.0128249407299 0)
(0.771910569132 0.0153876549169 0)
(0.768682759116 0.0177831236639 0)
(0.765043150032 0.0199961321758 0)
(0.761029552207 0.0220147040477 0)
(0.756681266325 0.0238300162028 0)
(0.752038463111 0.0254362422474 0)
(0.747141619064 0.0268303388146 0)
(0.742031015942 0.028011789615 0)
(0.736746308209 0.0289823212853 0)
(0.731326159611 0.0297456039156 0)
(0.72580794758 0.0303069475381 0)
(0.720227532184 0.0306730040557 0)
(0.71461908496 0.0308514822224 0)
(0.70901497197 0.0308508814756 0)
(0.703445684909 0.0306802487459 0)
(0.697939813861 0.030348960888 0)
(0.692524055348 0.0298665341122 0)
(0.687223249553 0.0292424607626 0)
(0.682060440983 0.0284860729746 0)
(0.677056957278 0.0276064321344 0)
(0.67223250139 0.0266122426427 0)
(0.66760525287 0.0255117882086 0)
(0.663191974488 0.0243128887631 0)
(0.659008120906 0.0230228760418 0)
(0.65506794655 0.021648585923 0)
(0.651384610211 0.0201963657094 0)
(0.647970274254 0.018672094667 0)
(0.644836196603 0.0170812162959 0)
(0.641992813901 0.0154287809669 0)
(0.639449814468 0.0137194977141 0)
(0.637216199822 0.0119577941252 0)
(0.635300333659 0.0101478833893 0)
(0.628492968609 0.00969542597558 0)
(0.627281550033 0.00746761089797 0)
(0.626404099938 0.00519745732984 0)
(0.625866537295 0.00288966528234 0)
(0.625674256196 0.000549170835405 0)
(0.625832081677 -0.00181874265619 0)
(0.626344207243 -0.00420833154583 0)
(0.627214113525 -0.00661327845057 0)
(0.628444467656 -0.00902658005373 0)
(0.630037003162 -0.011440438176 0)
(0.631992380385 -0.0138461565354 0)
(0.634310027836 -0.0162340460579 0)
(0.636987965299 -0.0185933420756 0)
(0.640022610054 -0.0209121372324 0)
(0.643408568265 -0.023177334393 0)
(0.64713841436 -0.0253746242816 0)
(0.651202462163 -0.0274884929242 0)
(0.65558853257 -0.0295022641847 0)
(0.660281723713 -0.031398182717 0)
(0.665264190795 -0.0331575424377 0)
(0.670514944002 -0.0347608650963 0)
(0.676009674189 -0.0361881326129 0)
(0.681720617088 -0.0374190755142 0)
(0.687616467747 -0.038433517981 0)
(0.693662357447 -0.0392117777044 0)
(0.699819905457 -0.0397351159508 0)
(0.70604735744 -0.0399862300138 0)
(0.71229982108 -0.0399497767022 0)
(0.718529607283 -0.0396129118581 0)
(0.724686682235 -0.0389658273532 0)
(0.730719231437 -0.0380022638925 0)
(0.736574331857 -0.0367199755964 0)
(0.742198722558 -0.0351211211194 0)
(0.747539657937 -0.0332125563206 0)
(0.75254582147 -0.0310060055337 0)
(0.757168272068 -0.0285180924126 0)
(0.761361390406 -0.025770217159 0)
(0.765083789447 -0.0227882744165 0)
(0.768299152395 -0.0196022147845 0)
(0.770976962717 -0.0162454620999 0)
(0.773093094894 -0.0127542075405 0)
(0.774630240938 -0.00916660936432 0)
(0.775578156017 -0.00552193293389 0)
(0.775933716068 -0.00185966899028 0)
(0.77570079017 0.00178133136595 0)
(0.774889939884 0.00536366883895 0)
(0.773517965809 0.00885212388416 0)
(0.771607327848 0.0122142757299 0)
(0.76918546957 0.015420995564 0)
(0.766284078686 0.0184468051286 0)
(0.76293831508 0.0212700997433 0)
(0.759186035486 0.0238732416204 0)
(0.755067040183 0.0262425348481 0)
(0.750622362545 0.0283680974039 0)
(0.745893617362 0.030243648008 0)
(0.740922418987 0.0318662266576 0)
(0.735749875814 0.0332358674976 0)
(0.73041616365 0.0343552415612 0)
(0.724960177212 0.0352292851153 0)
(0.719419256429 0.0358648271387 0)
(0.713828982295 0.0362702270596 0)
(0.708223035777 0.0364550314816 0)
(0.702633112534 0.0364296563463 0)
(0.697088885916 0.0362050989262 0)
(0.691618010766 0.0357926822614 0)
(0.686246160858 0.0352038331636 0)
(0.680997093278 0.034449893726 0)
(0.675892733651 0.0335419653651 0)
(0.670953276738 0.0324907837622 0)
(0.666197297592 0.0313066226363 0)
(0.661641869086 0.0299992240194 0)
(0.657302682204 0.0285777525992 0)
(0.653194166034 0.0270507717005 0)
(0.64932960485 0.0254262385672 0)
(0.645721250116 0.0237115167593 0)
(0.642380425536 0.0219134036667 0)
(0.639317623602 0.0200381713492 0)
(0.63654259229 0.0180916191246 0)
(0.634064410749 0.0160791365268 0)
(0.631891552942 0.0140057754405 0)
(0.630031938313 0.0118763303772 0)
(0.622459682787 0.011044241904 0)
(0.621301792629 0.00848855310778 0)
(0.620471402199 0.00588443441744 0)
(0.619974316782 0.00323705008333 0)
(0.619815918306 0.000551835420997 0)
(0.620001121911 -0.00216537384869 0)
(0.620534313891 -0.00490820977945 0)
(0.621419270269 -0.00766963937374 0)
(0.622659055362 -0.0104418325669 0)
(0.624255899839 -0.0132160332479 0)
(0.626211057966 -0.0159824360218 0)
(0.628524644075 -0.0187300719526 0)
(0.631195448658 -0.0214467071095 0)
(0.634220735076 -0.0241187583442 0)
(0.63759601848 -0.0267312313366 0)
(0.641314829437 -0.029267686516 0)
(0.645368465662 -0.0317102389544 0)
(0.649745736468 -0.0340395986802 0)
(0.654432705816 -0.0362351580016 0)
(0.659412441248 -0.0382751322962 0)
(0.664664777555 -0.0401367602151 0)
(0.67016610553 -0.0417965682983 0)
(0.675889197626 -0.0432307035081 0)
(0.681803083662 -0.0444153351049 0)
(0.687872990643 -0.0453271245597 0)
(0.694060361267 -0.0459437588346 0)
(0.700322965456 -0.0462445384086 0)
(0.706615118166 -0.0462110070111 0)
(0.712888014615 -0.0458276053592 0)
(0.719090190739 -0.0450823265725 0)
(0.725168112118 -0.0439673467413 0)
(0.731066888849 -0.0424796008158 0)
(0.736731107017 -0.0406212720511 0)
(0.742105759863 -0.038400163169 0)
(0.747137254026 -0.0358299195978 0)
(0.751774458856 -0.0329300798643 0)
(0.755969760671 -0.0297259354708 0)
(0.759680079541 -0.0262481921181 0)
(0.762867804635 -0.0225324353445 0)
(0.765501605606 -0.0186184156495 0)
(0.767557082374 -0.0145491798635 0)
(0.769017223504 -0.0103700857036 0)
(0.76987265384 -0.00612774406211 0)
(0.770121663972 -0.00186893775914 0)
(0.769770026475 0.00236043412799 0)
(0.768830615461 0.00651634062874 0)
(0.767322855707 0.0105574928474 0)
(0.765272034799 0.0144460774833 0)
(0.762708515902 0.018148330244 0)
(0.759666889909 0.0216349401568 0)
(0.756185104178 0.0248812857468 0)
(0.752303601365 0.0278675125805 0)
(0.748064496634 0.0305784683225 0)
(0.743510815522 0.0330035160132 0)
(0.738685808477 0.0351362488084 0)
(0.733632352141 0.036974130155 0)
(0.72839244212 0.0385180826177 0)
(0.723006777506 0.0397720467156 0)
(0.717514433836 0.0407425285313 0)
(0.711952618601 0.0414381518603 0)
(0.706356501599 0.0418692275448 0)
(0.700759111429 0.0420473496069 0)
(0.695191288995 0.0419850250037 0)
(0.689681688952 0.0416953413633 0)
(0.684256820406 0.0411916749872 0)
(0.678941118836 0.04048743971 0)
(0.673757041961 0.0395958758974 0)
(0.668725183102 0.03852987789 0)
(0.663864396459 0.0373018575333 0)
(0.659191929516 0.0359236410147 0)
(0.654723558527 0.0344063960231 0)
(0.650473723733 0.032760586198 0)
(0.646455661545 0.0309959499148 0)
(0.642681531405 0.0291215006159 0)
(0.639162535503 0.0271455461248 0)
(0.635909029814 0.0250757246338 0)
(0.632930625231 0.0229190553299 0)
(0.630236277739 0.0206820018894 0)
(0.627834366741 0.0183705473251 0)
(0.625732760737 0.0159902788936 0)
(0.623938869607 0.0135464819655 0)
(0.615635034602 0.0123325187325 0)
(0.614537736256 0.0094559089864 0)
(0.613760215937 0.00652495213602 0)
(0.613308151321 0.00354516928478 0)
(0.613186910544 0.000522386603215 0)
(0.613401509929 -0.00253711697815 0)
(0.613956552846 -0.00562645875933 0)
(0.614856148765 -0.00873799945446 0)
(0.616103811592 -0.0118631904704 0)
(0.617702336448 -0.0149924236599 0)
(0.619653654227 -0.0181148864901 0)
(0.621958663517 -0.0212184262027 0)
(0.624617039805 -0.0242894272462 0)
(0.627627022461 -0.0273127070062 0)
(0.630985180575 -0.0302714356244 0)
(0.634686159646 -0.0331470864415 0)
(0.638722412101 -0.0359194242653 0)
(0.643083915924 -0.0385665392002 0)
(0.647757887082 -0.0410649340821 0)
(0.65272849313 -0.0433896735651 0)
(0.657976577147 -0.045514602487 0)
(0.663479403081 -0.0474126401957 0)
(0.669210435451 -0.049056155929 0)
(0.675139168148 -0.0504174280183 0)
(0.68123101854 -0.0514691865482 0)
(0.687447304044 -0.0521852351301 0)
(0.693745318575 -0.052541142676 0)
(0.700078525493 -0.0525149906059 0)
(0.706396881699 -0.0520881550376 0)
(0.712647304035 -0.0512460975268 0)
(0.718774284126 -0.0499791323407 0)
(0.724720651144 -0.0482831336353 0)
(0.730428473864 -0.0461601429308 0)
(0.73584008421 -0.0436188366063 0)
(0.740899194774 -0.0406748153569 0)
(0.745552073435 -0.0373506830764 0)
(0.749748730075 -0.0336758915556 0)
(0.753444064606 -0.0296863394311 0)
(0.756598923038 -0.0254237282359 0)
(0.759181009821 -0.0209346940242 0)
(0.761165610518 -0.0162697483536 0)
(0.762536088786 -0.0114820757635 0)
(0.763284134827 -0.00662624477089 0)
(0.763409757662 -0.00175689467459 0)
(0.7629210292 0.00307253943028 0)
(0.761833602507 0.00781100594353 0)
(0.760170038563 0.0124108720836 0)
(0.757958984072 0.0168287792154 0)
(0.755234247225 0.0210262959603 0)
(0.752033818693 0.0249703607386 0)
(0.748398882097 0.0286335180338 0)
(0.744372852646 0.031993963164 0)
(0.7400004754 0.0350354181781 0)
(0.735327006674 0.0377468665057 0)
(0.730397494209 0.040122176366 0)
(0.7252561645 0.0421596430623 0)
(0.71994591943 0.0438614786233 0)
(0.714507939377 0.0452332743592 0)
(0.708981386201 0.0462834582371 0)
(0.703403196978 0.0470227649917 0)
(0.697807957822 0.0474637328917 0)
(0.6922278465 0.0476202373322 0)
(0.686692632529 0.0475070680654 0)
(0.681229724 0.0471395540099 0)
(0.675864251148 0.0465332372201 0)
(0.670619177747 0.0457035957398 0)
(0.665515432518 0.0446658136708 0)
(0.660572053836 0.0434345958051 0)
(0.655806342116 0.0420240235367 0)
(0.651234015212 0.0404474484225 0)
(0.646869363072 0.0387174196383 0)
(0.642725398629 0.0368456416338 0)
(0.638814002533 0.0348429584628 0)
(0.63514605991 0.0327193615305 0)
(0.631731587681 0.0304840178159 0)
(0.62857985136 0.028145315963 0)
(0.625699470463 0.0257109279853 0)
(0.623098511823 0.0231878846558 0)
(0.620784570239 0.0205826629633 0)
(0.618764835902 0.0179012842857 0)
(0.617046148094 0.0151494221641 0)
(0.608047727004 0.0135526692567 0)
(0.607017823282 0.0103633892822 0)
(0.60629860363 0.0071140386159 0)
(0.605895604482 0.00381037620809 0)
(0.605814177727 0.000458498672303 0)
(0.606059450113 -0.00293499356457 0)
(0.606636263697 -0.00636282577128 0)
(0.607549096145 -0.00981687556149 0)
(0.608801959683 -0.0132879986068 0)
(0.610398277498 -0.0167658558818 0)
(0.61234073646 -0.0202387455561 0)
(0.614631115269 -0.0236934433937 0)
(0.617270087374 -0.0271150563549 0)
(0.620256998532 -0.0304868950005 0)
(0.623589619483 -0.0337903712415 0)
(0.627263875072 -0.0370049289328 0)
(0.631273552245 -0.0401080156983 0)
(0.635609990691 -0.0430751051396 0)
(0.640261761517 -0.04587977913 0)
(0.645214341238 -0.048493880097 0)
(0.650449790488 -0.0508877429518 0)
(0.655946449175 -0.0530305154562 0)
(0.661678662209 -0.0548905742056 0)
(0.667616552284 -0.0564360408916 0)
(0.6737258583 -0.0576353999815 0)
(0.67996785965 -0.0584582143427 0)
(0.686299407412 -0.0588759296565 0)
(0.692673083231 -0.0588627518181 0)
(0.699037504931 -0.0583965741592 0)
(0.705337794392 -0.0574599236624 0)
(0.711516217739 -0.0560408879496 0)
(0.717513000234 -0.0541339784583 0)
(0.723267308674 -0.0517408807443 0)
(0.728718382853 -0.0488710411846 0)
(0.733806785476 -0.0455420413547 0)
(0.738475727846 -0.0417797176504 0)
(0.742672417913 -0.0376179945851 0)
(0.746349369333 -0.0330984153361 0)
(0.749465606357 -0.0282693716166 0)
(0.751987700752 -0.0231850552886 0)
(0.753890584039 -0.0179041742255 0)
(0.755158090858 -0.0124884924858 0)
(0.755783206184 -0.00700126775013 0)
(0.755768008644 -0.0015056655801 0)
(0.755123322125 0.00393677031964 0)
(0.753868106081 0.00926751979675 0)
(0.752028629438 0.0144323006427 0)
(0.749637482693 0.0193820530236 0)
(0.746732486986 0.0240736696189 0)
(0.743355558069 0.0284704651188 0)
(0.739551577932 0.032542394651 0)
(0.735367318682 0.0362660434502 0)
(0.730850453375 0.0396244190838 0)
(0.726048678102 0.0426065827721 0)
(0.72100895975 0.045207158184 0)
(0.715776915106 0.0474257551444 0)
(0.710396319798 0.0492663426898 0)
(0.704908740121 0.0507366015694 0)
(0.699353276955 0.0518472812499 0)
(0.693766408692 0.0526115812542 0)
(0.688181918988 0.053044571643 0)
(0.682630895058 0.0531626628904 0)
(0.67714178282 0.0529831314509 0)
(0.671740486288 0.052523704046 0)
(0.666450499958 0.0518022010968 0)
(0.661293064423 0.0508362377609 0)
(0.656287336961 0.0496429796257 0)
(0.651450570243 0.0482389491788 0)
(0.646798293646 0.0466398786449 0)
(0.642344492789 0.0448606045522 0)
(0.638101783915 0.0429149994097 0)
(0.634081580573 0.0408159360669 0)
(0.63029425073 0.0385752806333 0)
(0.626749262976 0.0362039102253 0)
(0.623455320893 0.0337117522286 0)
(0.620420484961 0.0311078422027 0)
(0.617652281578 0.0284003979825 0)
(0.615157798882 0.0255969079337 0)
(0.612943769139 0.022704231686 0)
(0.611016637453 0.0197287119856 0)
(0.60938261651 0.016676296581 0)
(0.599730323141 0.0146973271037 0)
(0.598774308985 0.0112050498053 0)
(0.598118386418 0.00764719046536 0)
(0.597767936964 0.00402961654246 0)
(0.597728292358 0.000358563842052 0)
(0.598004696297 -0.00335917893542 0)
(0.598602247305 -0.00711608007666 0)
(0.599525821292 -0.010903670548 0)
(0.600779972262 -0.0147123473682 0)
(0.602368809566 -0.0185311771408 0)
(0.604295850087 -0.0223477029623 0)
(0.606563843865 -0.0261477587761 0)
(0.609174571874 -0.0299152962233 0)
(0.612128615088 -0.0336322301178 0)
(0.615425094539 -0.0372783098252 0)
(0.619061382921 -0.0408310250217 0)
(0.623032789398 -0.0442655554715 0)
(0.627332220718 -0.0475547755231 0)
(0.631949823484 -0.0506693248805 0)
(0.636872614601 -0.053577757708 0)
(0.642084109366 -0.0562467821453 0)
(0.647563959474 -0.058641601631 0)
(0.653287616189 -0.0607263678875 0)
(0.659226036994 -0.0624647528071 0)
(0.665345456942 -0.0638206426026 0)
(0.67160724838 -0.0647589523449 0)
(0.677967894405 -0.0652465523393 0)
(0.684379101836 -0.0652532897683 0)
(0.690788078242 -0.0647530799198 0)
(0.697137994194 -0.0637250315549 0)
(0.703368645998 -0.0621545612677 0)
(0.709417325515 -0.0600344429688 0)
(0.715219892303 -0.057365732028 0)
(0.720712029577 -0.0541585003879 0)
(0.725830650192 -0.0504323203403 0)
(0.730515403255 -0.0462164416095 0)
(0.7347102177 -0.0415496194456 0)
(0.738364808218 -0.0364795703848 0)
(0.741436063105 -0.0310620560753 0)
(0.743889234623 -0.0253596221003 0)
(0.745698861046 -0.0194400452074 0)
(0.746849365525 -0.0133745655515 0)
(0.747335298824 -0.00723599744363 0)
(0.747161218283 -0.00109682039934 0)
(0.746341221147 0.00497264894953 0)
(0.744898173471 0.0109059138602 0)
(0.742862693755 0.0166417109544 0)
(0.740271961543 0.0221251302795 0)
(0.737168425042 0.0273084164081 0)
(0.733598478862 0.0321514482846 0)
(0.729611174748 0.0366219154495 0)
(0.725257016422 0.0406952235041 0)
(0.720586876239 0.0443541717174 0)
(0.715651057904 0.047588450695 0)
(0.71049851719 0.0503940087528 0)
(0.705176242189 0.0527723330254 0)
(0.699728786546 0.0547296864064 0)
(0.694197943302 0.056276335153 0)
(0.688622543339 0.0574257951875 0)
(0.683038360569 0.0581941184078 0)
(0.6774781056 0.0585992341178 0)
(0.671971490248 0.0586603552544 0)
(0.666545346658 0.0583974545426 0)
(0.661223786558 0.0578308120844 0)
(0.656028388175 0.0569806331159 0)
(0.650978400345 0.0558667326727 0)
(0.646090955293 0.0545082825718 0)
(0.641381283277 0.05292361532 0)
(0.636862923886 0.0511300792038 0)
(0.632547930054 0.0491439387778 0)
(0.62844706199 0.0469803151734 0)
(0.624569969074 0.044653161024 0)
(0.620925358493 0.0421752652699 0)
(0.617521149895 0.0395582836444 0)
(0.61436461572 0.0368127911901 0)
(0.61146250712 0.0339483537019 0)
(0.608821165543 0.0309736155091 0)
(0.606446620109 0.0278964014932 0)
(0.604344670906 0.0247238316578 0)
(0.602520958295 0.0214624469419 0)
(0.600981018186 0.0181183452744 0)
(0.590719315067 0.015759393107 0)
(0.589843326877 0.0119753432887 0)
(0.589255209106 0.00812043036692 0)
(0.58896017419 0.00420049222119 0)
(0.588963527596 0.00022176324352 0)
(0.589270632689 -0.0038089229902 0)
(0.589886857033 -0.00788392403316 0)
(0.590817498447 -0.0119945730635 0)
(0.592067688912 -0.0161309592936 0)
(0.593642274301 -0.0202817066941 0)
(0.595545667763 -0.0244337542553 0)
(0.597781674629 -0.0285721419791 0)
(0.600353286813 -0.0326798079219 0)
(0.603262444993 -0.0367374028733 0)
(0.606509767383 -0.0407231306427 0)
(0.610094244658 -0.044612623397 0)
(0.614012901743 -0.0483788629805 0)
(0.618260428636 -0.0519921605776 0)
(0.622828784341 -0.0554202083236 0)
(0.627706780384 -0.0586282173857 0)
(0.632879653213 -0.0615791574292 0)
(0.638328638064 -0.0642341120405 0)
(0.644030560567 -0.0665527633298 0)
(0.649957466219 -0.0684940163453 0)
(0.656076311744 -0.0700167698085 0)
(0.66234874589 -0.0710808338321 0)
(0.668731009979 -0.0716479875761 0)
(0.675173989987 -0.0716831602393 0)
(0.681623451474 -0.0711557075992 0)
(0.688020485689 -0.0700407439909 0)
(0.694302189038 -0.0683204769526 0)
(0.700402588435 -0.0659854799244 0)
(0.706253811687 -0.0630358288226 0)
(0.711787485344 -0.0594820227253 0)
(0.716936323186 -0.0553456090292 0)
(0.721635848371 -0.0506594407711 0)
(0.725826173211 -0.0454675092921 0)
(0.729453745349 -0.0398243190377 0)
(0.732472960412 -0.0337938017655 0)
(0.734847541361 -0.0274478021568 0)
(0.736551595186 -0.0208642019242 0)
(0.737570278062 -0.0141247803783 0)
(0.737900028668 -0.00731293169148 0)
(0.737548362614 -0.000511369547139 0)
(0.736533254376 0.00620005277549 0)
(0.734882162744 0.012746293804 0)
(0.73263077792 0.0190587584839 0)
(0.729821581071 0.0250765584695 0)
(0.726502309814 0.0307473729369 0)
(0.722724417002 0.0360279147773 0)
(0.718541597438 0.0408840317597 0)
(0.714008440526 0.0452904901452 0)
(0.709179248856 0.0492304989439 0)
(0.70410704547 0.0526950371258 0)
(0.698842777429 0.0556820448605 0)
(0.693434711186 0.0581955347205 0)
(0.687928006326 0.0602446711738 0)
(0.682364448412 0.0618428579039 0)
(0.676782318496 0.0630068635125 0)
(0.671216375813 0.0637560076822 0)
(0.665697930783 0.0641114223665 0)
(0.660254987078 0.0640953962424 0)
(0.654912433883 0.0637308055668 0)
(0.649692272112 0.063040630687 0)
(0.644613861046 0.0620475546298 0)
(0.639694174476 0.06077363829 0)
(0.634948057807 0.0592400655926 0)
(0.630388479633 0.0574669514492 0)
(0.626026773114 0.0554732052285 0)
(0.621872863894 0.0532764426884 0)
(0.617935482514 0.0508929397696 0)
(0.614222360153 0.0483376222433 0)
(0.610740407224 0.045624085876 0)
(0.607495874838 0.0427646424766 0)
(0.604494499462 0.0397703878855 0)
(0.601741631303 0.0366512886233 0)
(0.599242347022 0.0334162845377 0)
(0.597001547374 0.0300734053391 0)
(0.595024040337 0.026629899404 0)
(0.593314610109 0.0230923736454 0)
(0.591878072261 0.019466943595 0)
(0.581055184766 0.0167320865022 0)
(0.580264946944 0.0126691727706 0)
(0.579748599074 0.00853036299651 0)
(0.579511169261 0.00432132055455 0)
(0.579557927465 4.81302780824e-05 0)
(0.57989435438 -0.00428248128945 0)
(0.580526092358 -0.00866291695804 0)
(0.58145887643 -0.0130844721992 0)
(0.582698443177 -0.0175370921938 0)
(0.584250414932 -0.0220091248398 0)
(0.586120156589 -0.0264870728399 0)
(0.588312602162 -0.0309553490709 0)
(0.590832048255 -0.0353960407155 0)
(0.593681911761 -0.0397886890983 0)
(0.596864449538 -0.0441100938075 0)
(0.600380438464 -0.0483341514687 0)
(0.604228815376 -0.0524317414 0)
(0.608406277846 -0.0563706722448 0)
(0.612906848807 -0.0601157054204 0)
(0.617721410577 -0.0636286726573 0)
(0.622837217074 -0.0668687058424 0)
(0.628237396818 -0.0697925975179 0)
(0.633900463742 -0.0723553094346 0)
(0.639799857632 -0.074510644159 0)
(0.645903541105 -0.0762120905165 0)
(0.652173684853 -0.0774138472961 0)
(0.658566477123 -0.0780720208982 0)
(0.665032096245 -0.0781459813668 0)
(0.671514885773 -0.0775998476757 0)
(0.677953769592 -0.0764040577022 0)
(0.68428293828 -0.0745369619376 0)
(0.690432827404 -0.0719863640259 0)
(0.696331392935 -0.0687509175686 0)
(0.701905668697 -0.0648412795343 0)
(0.707083566624 -0.0602809185182 0)
(0.711795854491 -0.0551064832632 0)
(0.715978220329 -0.0493676548841 0)
(0.719573311637 -0.0431264355071 0)
(0.722532624402 -0.0364558651611 0)
(0.724818115607 -0.0294382044017 0)
(0.726403425324 -0.0221626669744 0)
(0.727274620972 -0.0147228282759 0)
(0.727430413984 -0.00721386499707 0)
(0.726881843071 0.00027020549221 0)
(0.725651462155 0.00763912236258 0)
(0.723772109164 0.0148086731785 0)
(0.721285359311 0.0217025731329 0)
(0.718239780624 0.0282538664869 0)
(0.71468910995 0.0344058281719 0)
(0.71069045662 0.0401123821597 0)
(0.706302621763 0.0453380836112 0)
(0.701584598044 0.0500577323121 0)
(0.696594290666 0.0542556955643 0)
(0.691387478606 0.0579250208248 0)
(0.686017016823 0.0610664139693 0)
(0.680532266357 0.0636871502517 0)
(0.674978729809 0.0657999738089 0)
(0.669397864261 0.0674220295526 0)
(0.663827041462 0.0685738596726 0)
(0.658299625383 0.0692784865085 0)
(0.652845139177 0.0695605946498 0)
(0.647489496589 0.0694458179343 0)
(0.642255276393 0.068960131494 0)
(0.63716202206 0.0681293449865 0)
(0.632226552433 0.0669786904345 0)
(0.627463272356 0.0655324964453 0)
(0.622884475058 0.0638139397599 0)
(0.618500630474 0.0618448648926 0)
(0.614320655639 0.0596456628808 0)
(0.610352164856 0.0572352007318 0)
(0.606601698557 0.0546307939108 0)
(0.603074930623 0.0518482150754 0)
(0.599776854625 0.0489017331574 0)
(0.59671194979 0.0458041777805 0)
(0.593884327808 0.0425670248532 0)
(0.591297861646 0.039200499956 0)
(0.588956297574 0.0357136968549 0)
(0.586863351493 0.0321147091078 0)
(0.585022790537 0.0284107732727 0)
(0.583438500706 0.0246084226928 0)
(0.582114541062 0.0207136512166 0)
(0.57078245265 0.0176090004512 0)
(0.570083222181 0.0132819455709 0)
(0.56964201477 0.00887422789825 0)
(0.569463657208 0.00439118680448 0)
(0.569553370548 -0.000161395943683 0)
(0.569916743994 -0.00477705921502 0)
(0.570559691782 -0.00944841496875 0)
(0.571488390872 -0.0141668907011 0)
(0.572709196819 -0.0189224630389 0)
(0.574228534843 -0.0237033844023 0)
(0.576052762757 -0.028495905627 0)
(0.578188002162 -0.0332839986186 0)
(0.580639934144 -0.0380490845388 0)
(0.583413555758 -0.0427697746859 0)
(0.586512893778 -0.0474216331342 0)
(0.589940672804 -0.0519769723289 0)
(0.593697935712 -0.0564046951179 0)
(0.59778361591 -0.0606701990843 0)
(0.602194062916 -0.0647353613815 0)
(0.606922525496 -0.0685586243804 0)
(0.611958600161 -0.0720952040817 0)
(0.617287657195 -0.0752974440891 0)
(0.622890261551 -0.0781153376106 0)
(0.628741611888 -0.0804972379937 0)
(0.634811027415 -0.082390774217 0)
(0.6410615187 -0.0837439810778 0)
(0.647449484645 -0.0845066441003 0)
(0.653924582589 -0.0846318461914 0)
(0.660429821004 -0.0840776867908 0)
(0.666901923359 -0.0828091251298 0)
(0.673272006229 -0.0807998781818 0)
(0.679466603457 -0.0780342825836 0)
(0.685409050499 -0.0745090105682 0)
(0.691021218721 -0.0702345157423 0)
(0.696225559316 -0.0652360787839 0)
(0.700947382699 -0.0595543291558 0)
(0.705117265271 -0.0532451394088 0)
(0.708673445981 -0.0463788246423 0)
(0.711564055639 -0.0390386299119 0)
(0.713749017752 -0.0313185486034 0)
(0.715201474351 -0.0233205777805 0)
(0.715908624643 -0.0151515727284 0)
(0.715871914505 -0.00691990269844 0)
(0.715106573377 0.00126787355226 0)
(0.713640553136 0.0093101023548 0)
(0.711512972773 0.0171127211893 0)
(0.708772206818 0.0245914063368 0)
(0.70547377069 0.0316731100806 0)
(0.701678152607 0.0382969730094 0)
(0.697448723061 0.0444146465683 0)
(0.692849824529 0.0499900978789 0)
(0.687945111958 0.0549989914874 0)
(0.682796183135 0.0594277520176 0)
(0.677461510776 0.0632724101409 0)
(0.671995666633 0.0665373249739 0)
(0.666448812727 0.0692338620587 0)
(0.660866425475 0.0713790901041 0)
(0.655289214091 0.0729945436729 0)
(0.649753194101 0.0741050843142 0)
(0.644289878884 0.0747378800142 0)
(0.638926555988 0.0749215125768 0)
(0.63368661959 0.0746852146456 0)
(0.628589935436 0.0740582323288 0)
(0.623653219388 0.0730693054935 0)
(0.618890415063 0.0717462554142 0)
(0.614313059926 0.0701156682546 0)
(0.609930632435 0.0682026625473 0)
(0.605750875451 0.0660307291413 0)
(0.601780093256 0.0636216328184 0)
(0.598023421106 0.0609953657646 0)
(0.59448506741 0.0581701442021 0)
(0.591168529463 0.0551624406559 0)
(0.588076784188 0.0519870454694 0)
(0.585212455669 0.048657152278 0)
(0.582577961348 0.0451844631496 0)
(0.580175638814 0.0415793100089 0)
(0.578007854951 0.0378507897651 0)
(0.576077099087 0.0340069112663 0)
(0.574386061511 0.0300547527981 0)
(0.572937698483 0.0260006293534 0)
(0.571735284548 0.0218502693074 0)
(0.559949708247 0.018384161147 0)
(0.559346218411 0.0138096266779 0)
(0.558982878997 0.00914994769021 0)
(0.558864296001 0.00440998811815 0)
(0.558995622869 -0.000404929643601 0)
(0.559382540459 -0.00528877228115 0)
(0.560031221364 -0.0102345304266 0)
(0.560948276144 -0.0152339409561 0)
(0.562140678506 -0.0202771974246 0)
(0.563615665986 -0.0253526501343 0)
(0.565380612169 -0.0304464983485 0)
(0.567442866081 -0.0355424784371 0)
(0.569809554038 -0.0406215532945 0)
(0.572487339059 -0.0456616102326 0)
(0.575482132971 -0.0506371767237 0)
(0.578798756713 -0.055519165862 0)
(0.582440545087 -0.0602746661671 0)
(0.586408893527 -0.0648667933215 0)
(0.590702746488 -0.0692546244759 0)
(0.595318029852 -0.0733932386868 0)
(0.600247033599 -0.0772338896044 0)
(0.605477755829 -0.0807243383233 0)
(0.610993225251 -0.0838093748978 0)
(0.616770826333 -0.0864315558327 0)
(0.622781659249 -0.0885321812379 0)
(0.62898997522 -0.0900525286142 0)
(0.635352736178 -0.0909353497478 0)
(0.641819354918 -0.0911266224438 0)
(0.648331676891 -0.0905775295901 0)
(0.654824266002 -0.0892466145939 0)
(0.661225052522 -0.0871020355077 0)
(0.667456389883 -0.084123811996 0)
(0.673436547359 -0.0803059325275 0)
(0.679081636756 -0.0756581676772 0)
(0.684307933934 -0.070207423849 0)
(0.689034512427 -0.0639984749932 0)
(0.693186061034 -0.0570939322611 0)
(0.696695716194 -0.0495733553477 0)
(0.699507711038 -0.0415314736065 0)
(0.701579633841 -0.0330755648155 0)
(0.70288410561 -0.0243221249195 0)
(0.70340973135 -0.0153930392489 0)
(0.703161247168 -0.00641151966811 0)
(0.702158864119 0.00250190716926 0)
(0.700436886656 0.0112330895661 0)
(0.698041747523 0.0196773930702 0)
(0.695029643314 0.0277421386646 0)
(0.691463970474 0.0353482601454 0)
(0.687412751062 0.0424311810456 0)
(0.68294620739 0.0489409747534 0)
(0.678134603434 0.0548419153197 0)
(0.673046426898 0.0601115500292 0)
(0.667746945149 0.0647394305903 0)
(0.662297134851 0.0687256320369 0)
(0.656752960469 0.0720791719079 0)
(0.651164960931 0.0748164212893 0)
(0.645578095447 0.0769595772525 0)
(0.640031797161 0.0785352454609 0)
(0.634560185248 0.0795731636174 0)
(0.629192390773 0.0801050816042 0)
(0.623952957758 0.0801638027206 0)
(0.618862287582 0.0797823820907 0)
(0.613937101369 0.0789934726626 0)
(0.609190901052 0.0778288057583 0)
(0.604634415037 0.07631879137 0)
(0.600276018825 0.0744922228918 0)
(0.596122124526 0.0723760713507 0)
(0.592177536042 0.0699953551624 0)
(0.588445768787 0.0673730727434 0)
(0.584929334426 0.0645301867934 0)
(0.581629992122 0.0614856505959 0)
(0.578548968548 0.0582564681833 0)
(0.575687149236 0.0548577816222 0)
(0.573045244058 0.0513029799681 0)
(0.570623929586 0.047603825597 0)
(0.56842397097 0.0437705946378 0)
(0.56644632573 0.039812229121 0)
(0.564692231601 0.035736499215 0)
(0.563163280228 0.0315501745638 0)
(0.561861478167 0.027259204273 0)
(0.560789296284 0.0228689055259 0)
(0.548609617395 0.0190520894899 0)
(0.548106021942 0.0142487901242 0)
(0.547822591765 0.0093561697503 0)
(0.547763689277 0.00437846651152 0)
(0.547934375109 -0.000679612703763 0)
(0.548340395275 -0.0058126259477 0)
(0.54898815448 -0.011014114936 0)
(0.549884672907 -0.0162763083633 0)
(0.55103752324 -0.021589809948 0)
(0.552454743981 -0.0269432721378 0)
(0.55414472456 -0.0323230574526 0)
(0.556116057055 -0.0377128907702 0)
(0.558377348835 -0.0430935075353 0)
(0.560936989991 -0.0484423049017 0)
(0.563802869203 -0.0537330052606 0)
(0.566982031769 -0.0589353444689 0)
(0.570480274028 -0.0640148003458 0)
(0.574301669477 -0.0689323806238 0)
(0.578448023776 -0.073644493398 0)
(0.582918258604 -0.0781029270228 0)
(0.587707728315 -0.082254970095 0)
(0.592807478663 -0.0860437052034 0)
(0.598203463642 -0.0894085119896 0)
(0.603875744793 -0.0922858150657 0)
(0.609797707019 -0.0946101096287 0)
(0.615935335675 -0.0963152912856 0)
(0.622246610815 -0.097336305699 0)
(0.62868108494 -0.097611117327 0)
(0.635179718906 -0.0970829741981 0)
(0.641675055008 -0.0957029173155 0)
(0.648091804274 -0.0934324497078 0)
(0.654347914472 -0.0902462433049 0)
(0.660356163917 -0.0861347250663 0)
(0.66602629257 -0.0811063520213 0)
(0.671267636086 -0.0751893644048 0)
(0.675992172733 -0.0684328039609 0)
(0.680117832542 -0.0609066074554 0)
(0.683571861037 -0.0527006379155 0)
(0.686293986841 -0.0439225982156 0)
(0.6882391251 -0.0346948775952 0)
(0.689379367158 -0.0251504986812 0)
(0.689705065904 -0.015428440106 0)
(0.689224918497 -0.00566868377979 0)
(0.68796505508 0.00399263889531 0)
(0.685967244279 0.0134276510775 0)
(0.683286409525 0.0225203994408 0)
(0.679987703058 0.0311696000571 0)
(0.676143398787 0.0392903844503 0)
(0.67182984307 0.0468150724337 0)
(0.667124654823 0.0536930783989 0)
(0.662104307051 0.0598901083016 0)
(0.656842162394 0.0653868266505 0)
(0.651406983581 0.0701771715216 0)
(0.645861899837 0.0742664780285 0)
(0.640263783275 0.0776695438268 0)
(0.634662974027 0.0804087399507 0)
(0.62910328704 0.082512240737 0)
(0.623622234559 0.0840124203693 0)
(0.618251403874 0.0849444419071 0)
(0.613016937964 0.0853450478484 0)
(0.607940075682 0.0852515490286 0)
(0.603037717137 0.084701000356 0)
(0.598322988174 0.083729546798 0)
(0.593805785127 0.0823719204167 0)
(0.589493287053 0.0806610684645 0)
(0.585390427565 0.0786278930107 0)
(0.581500322202 0.0763010838612 0)
(0.577824650117 0.0737070282901 0)
(0.574363990956 0.0708697830952 0)
(0.571118119182 0.0678110965344 0)
(0.568086259021 0.0645504696813 0)
(0.565267303676 0.0611052485897 0)
(0.562660002654 0.05749074033 0)
(0.56026312103 0.0537203474514 0)
(0.558075574286 0.049805716723 0)
(0.556096542075 0.0457568991207 0)
(0.554325563926 0.0415825189823 0)
(0.552762619497 0.0372899510575 0)
(0.55140819557 0.0328855048418 0)
(0.550263341578 0.0283746161393 0)
(0.54932971498 0.0237620462462 0)
(0.536818899972 0.0196078640814 0)
(0.536418719277 0.0145966667239 0)
(0.536216517085 0.00949229935403 0)
(0.536216385283 0.00429822843479 0)
(0.536423258778 -0.000981607244763 0)
(0.536842910971 -0.00634251846485 0)
(0.537481937621 -0.0117787700744 0)
(0.538347726288 -0.0172832670018 0)
(0.539448407817 -0.0228472212311 0)
(0.540792785579 -0.0284597999668 0)
(0.542390237382 -0.0341077562502 0)
(0.544250584141 -0.0397750446491 0)
(0.546383918632 -0.045442426389 0)
(0.548800386934 -0.0510870704764 0)
(0.551509914618 -0.0566821600386 0)
(0.55452186948 -0.0621965163307 0)
(0.55784465275 -0.0675942566277 0)
(0.561485211446 -0.07283450653 0)
(0.565448466114 -0.077871191979 0)
(0.569736650798 -0.0826529413238 0)
(0.574348566093 -0.0871231328364 0)
(0.579278751718 -0.0912201276914 0)
(0.584516592541 -0.0948777319956 0)
(0.590045381504 -0.0980259331714 0)
(0.595841374426 -0.100591954802 0)
(0.601872884976 -0.102501668746 0)
(0.608099482554 -0.103681392581 0)
(0.614471370251 -0.104060082903 0)
(0.620929032864 -0.103571909643 0)
(0.627403253643 -0.102159162859 0)
(0.633815600286 -0.0997754018261 0)
(0.640079472202 -0.0963887086747 0)
(0.646101779003 -0.0919848589996 0)
(0.651785281964 -0.0865701759428 0)
(0.657031574658 -0.0801738004622 0)
(0.661744608181 -0.0728490989683 0)
(0.665834586084 -0.0646739505275 0)
(0.669221975058 -0.0557497172825 0)
(0.671841313945 -0.0461988057471 0)
(0.673644472378 -0.0361608673573 0)
(0.674603028371 -0.0257878482975 0)
(0.674709512346 -0.0152382512792 0)
(0.673977393452 -0.0046710745869 0)
(0.672439830502 0.00576007771528 0)
(0.670147344749 0.015912258866 0)
(0.667164679917 0.0256574533163 0)
(0.663567181232 0.0348856371641 0)
(0.659437035787 0.0435065571338 0)
(0.654859674909 0.0514502989978 0)
(0.649920565416 0.0586668161184 0)
(0.644702532163 0.0651246443017 0)
(0.639283675252 0.0708090451782 0)
(0.63373588093 0.07571980652 0)
(0.628123879425 0.0798688953839 0)
(0.622504775196 0.0832781188471 0)
(0.616927962556 0.0859769049383 0)
(0.611435338338 0.0880002779744 0)
(0.606061729463 0.0893870704124 0)
(0.600835463698 0.0901783882764 0)
(0.595779024172 0.0904163289436 0)
(0.590909740574 0.0901429376994 0)
(0.586240481463 0.0893993818818 0)
(0.581780322149 0.0882253175252 0)
(0.577535170993 0.0866584221628 0)
(0.573508343655 0.0847340680302 0)
(0.56970108005 0.0824851116524 0)
(0.566113002598 0.0799417782062 0)
(0.562742517128 0.0771316217526 0)
(0.559587159634 0.0740795451997 0)
(0.556643893249 0.0708078665068 0)
(0.553909360408 0.0673364200944 0)
(0.551380095373 0.0636826846209 0)
(0.54905270228 0.0598619302161 0)
(0.546924003553 0.0558873799245 0)
(0.544991163219 0.0517703815304 0)
(0.543251789135 0.0475205871224 0)
(0.541704017725 0.0431461387526 0)
(0.540346584258 0.0386538593718 0)
(0.53917888122 0.0340494488933 0)
(0.538201006849 0.0293376857956 0)
(0.53741380536 0.0245226351221 0)
(0.524638271915 0.0200471840568 0)
(0.524344342835 0.0148511863782 0)
(0.524223937741 0.00955852212754 0)
(0.524280846116 0.00417174838214 0)
(0.52451983539 -0.0013061094662 0)
(0.524946655786 -0.00687127032769 0)
(0.525568036264 -0.0125188901073 0)
(0.52639166867 -0.0182427326479 0)
(0.527426176363 -0.0240348175842 0)
(0.528681062734 -0.0298850444774 0)
(0.53016663406 -0.0357807935973 0)
(0.531893890109 -0.0417065050612 0)
(0.533874374887 -0.0476432398145 0)
(0.536119978892 -0.0535682282154 0)
(0.538642683294 -0.0594544148565 0)
(0.54145423581 -0.065270011809 0)
(0.544565747661 -0.0709780767383 0)
(0.547987201295 -0.0765361373753 0)
(0.551726859623 -0.0818958895689 0)
(0.555790569781 -0.0870030024767 0)
(0.560180958207 -0.0917970711159 0)
(0.564896519511 -0.0962117630396 0)
(0.569930609607 -0.10017521168 0)
(0.575270364231 -0.103610712953 0)
(0.580895577367 -0.106437782817 0)
(0.58677759026 -0.108573630031 0)
(0.592878259965 -0.109935088637 0)
(0.599149095725 -0.110441036651 0)
(0.605530669905 -0.110015299448 0)
(0.611952425027 -0.108589996991 0)
(0.618333005829 -0.106109243302 0)
(0.624581240837 -0.102533045901 0)
(0.630597876808 -0.0978411864377 0)
(0.6362781272 -0.0920367985433 0)
(0.641515029849 -0.0851493058097 0)
(0.646203519984 -0.0772363556802 0)
(0.650245019043 -0.0683843996293 0)
(0.653552230852 -0.0587076395904 0)
(0.656053743913 -0.0483451908156 0)
(0.657697984387 -0.0374564973121 0)
(0.65845607661 -0.0262152610613 0)
(0.658323272223 -0.0148023686578 0)
(0.657318792732 -0.00339844361016 0)
(0.655484132848 0.00782332170584 0)
(0.652880046585 0.0187034630821 0)
(0.649582577655 0.0291012077392 0)
(0.645678581518 0.0388978374623 0)
(0.641261188923 0.0479984084387 0)
(0.636425586705 0.0563319713422 0)
(0.631265378392 0.0638505563558 0)
(0.625869668821 0.0705272435092 0)
(0.620320914056 0.0763536410051 0)
(0.614693500354 0.0813370597033 0)
(0.609052966021 0.0854976176212 0)
(0.603455754616 0.0888654481437 0)
(0.597949381296 0.0914781289362 0)
(0.592572900111 0.0933784003194 0)
(0.587357573384 0.0946122039897 0)
(0.582327660919 0.0952270452737 0)
(0.577501264001 0.0952706633549 0)
(0.572891175204 0.094789982424 0)
(0.568505699018 0.0938303107465 0)
(0.564349419989 0.0924347526626 0)
(0.560423904304 0.0906437992399 0)
(0.55672832787 0.0884950656857 0)
(0.553260029164 0.0860231469475 0)
(0.550014988829 0.0832595666519 0)
(0.546988240383 0.0802327983006 0)
(0.544174217961 0.0769683412339 0)
(0.541567047718 0.0734888371553 0)
(0.539160789785 0.0698142159176 0)
(0.536949637568 0.065961861804 0)
(0.534928080769 0.0619467936742 0)
(0.533091038048 0.0577818541625 0)
(0.531433964611 0.0534779046021 0)
(0.529952939413 0.0490440235865 0)
(0.528644736006 0.0444877080804 0)
(0.527506880472 0.0398150768188 0)
(0.526537699273 0.0350310763878 0)
(0.525736359307 0.0301396909254 0)
(0.525102901893 0.0251441568112 0)
(0.512132345233 0.0203664300923 0)
(0.511946776439 0.0150110130654 0)
(0.511907971838 0.00955581366161 0)
(0.512019380961 0.00400235405587 0)
(0.512285552197 -0.001647387667 0)
(0.512712147914 -0.00739068380134 0)
(0.513305953871 -0.0132237408303 0)
(0.514074879981 -0.0191413581276 0)
(0.515027948656 -0.0251365593151 0)
(0.516175265908 -0.0312001946561 0)
(0.517527969331 -0.0373205137693 0)
(0.519098145817 -0.0434827092239 0)
(0.520898710568 -0.0496684333149 0)
(0.522943237598 -0.0558552926304 0)
(0.525245730564 -0.0620163280153 0)
(0.527820321585 -0.0681194913554 0)
(0.530680884752 -0.0741271353222 0)
(0.533840550712 -0.0799955379567 0)
(0.537311109077 -0.0856744907309 0)
(0.54110228709 -0.09110698645 0)
(0.545220896259 -0.0962290518571 0)
(0.549669844157 -0.100969778641 0)
(0.554447016816 -0.105251615056 0)
(0.559544048678 -0.108990987508 0)
(0.564945012303 -0.112099325773 0)
(0.570625079114 -0.114484565056 0)
(0.57654922509 -0.116053190571 0)
(0.582671080397 -0.116712872928 0)
(0.588932047505 -0.116375712763 0)
(0.595260835097 -0.114962068273 0)
(0.601573570476 -0.112404878517 0)
(0.607774655316 -0.108654319267 0)
(0.613758511841 -0.1036825407 0)
(0.619412321943 -0.0974881455163 0)
(0.624619785076 -0.090099985355 0)
(0.629265810335 -0.0815798017022 0)
(0.633241920275 -0.0720232381877 0)
(0.636451995669 -0.0615588261894 0)
(0.638817856766 -0.0503447059847 0)
(0.64028408568 -0.0385630880206 0)
(0.640821488038 -0.0264127730204 0)
(0.640428731272 -0.0141003860046 0)
(0.639131971591 -0.00183118783028 0)
(0.636982564968 0.010199670574 0)
(0.63405317166 0.0218146893394 0)
(0.630432741254 0.0328597594978 0)
(0.62622098404 0.0432077850456 0)
(0.621522922367 0.0527601979508 0)
(0.616443986141 0.0614466269436 0)
(0.61108594476 0.0692231208627 0)
(0.605543805323 0.0760693732177 0)
(0.599903676912 0.0819853708249 0)
(0.594241511365 0.0869878224529 0)
(0.588622581076 0.0911066384537 0)
(0.58310153627 0.094381647876 0)
(0.577722887897 0.0968596660803 0)
(0.572521778902 0.0985919676442 0)
(0.567524929201 0.09963217669 0)
(0.56275166369 0.100034557903 0)
(0.558214955236 0.0998526738325 0)
(0.553922434302 0.0991383648522 0)
(0.549877333181 0.0979410049717 0)
(0.546079345706 0.0963069875034 0)
(0.542525393073 0.0942793978809 0)
(0.53921029354 0.0918978355425 0)
(0.536127338716 0.0891983519572 0)
(0.533268782359 0.0862134770687 0)
(0.530626249554 0.0829723113307 0)
(0.528191075072 0.0795006649498 0)
(0.525954579954 0.0758212298413 0)
(0.523908295179 0.0719537731382 0)
(0.522044140721 0.067915343901 0)
(0.520354567615 0.0637204869844 0)
(0.518832669842 0.0593814599213 0)
(0.517472272046 0.0549084502104 0)
(0.516267998266 0.0503097916237 0)
(0.515215326113 0.0455921791321 0)
(0.514310630111 0.0407608828364 0)
(0.513551217242 0.0358199619073 0)
(0.512935357146 0.0307724800477 0)
(0.51246230883 0.0256207243934 0)
(0.499369479696 0.0205627217869 0)
(0.49929361435 0.0150755706107 0)
(0.499335444755 0.009485934225 0)
(0.499498036757 0.00379419078401 0)
(0.499785657593 -0.00199884709473 0)
(0.500203802014 -0.00789163565155 0)
(0.500759216274 -0.013881578328 0)
(0.501459917181 -0.0199646756466 0)
(0.502315202427 -0.0261351434108 0)
(0.503335647358 -0.0323849964901 0)
(0.5045330821 -0.0387035962176 0)
(0.505920541511 -0.0450771605714 0)
(0.507512178862 -0.0514882379411 0)
(0.50932313243 -0.0579151475381 0)
(0.511369332361 -0.0643313925338 0)
(0.513667233408 -0.0707050559983 0)
(0.516233457515 -0.0769981947959 0)
(0.519084329081 -0.08316625297 0)
(0.522235285259 -0.0891575239155 0)
(0.525700144406 -0.0949126998178 0)
(0.529490218295 -0.100364557355 0)
(0.533613258555 -0.105437840133 0)
(0.5380722359 -0.110049410151 0)
(0.542863962763 -0.114108751638 0)
(0.547977586749 -0.117518919266 0)
(0.553393004353 -0.120178026678 0)
(0.559079271713 -0.121981367524 0)
(0.564993120867 -0.122824246117 0)
(0.571077724192 -0.122605564495 0)
(0.577261882598 -0.121232163207 0)
(0.583459839337 -0.118623841876 0)
(0.589571933364 -0.114718891817 0)
(0.595486295096 -0.10947985989 0)
(0.601081743233 -0.102899138904 0)
(0.60623195467 -0.0950038609271 0)
(0.610810844893 -0.0858594807605 0)
(0.614698918037 -0.0755714118033 0)
(0.617790146455 -0.0642841518324 0)
(0.619998753033 -0.0521775297792 0)
(0.621265121958 -0.0394600108051 0)
(0.621560007114 -0.0263594300794 0)
(0.620886390099 -0.0131120623432 0)
(0.619278778417 4.87518800378e-05 0)
(0.616800137087 0.0129032911579 0)
(0.613536872913 0.0252544897663 0)
(0.609592510268 0.0369345395452 0)
(0.605080885747 0.0478086743093 0)
(0.600119651049 0.0577762561396 0)
(0.59482464533 0.0667696120631 0)
(0.589305440657 0.0747512148259 0)
(0.583662148734 0.0817098193419 0)
(0.577983419654 0.0876560978803 0)
(0.572345467045 0.0926182016349 0)
(0.566811911607 0.0966375500176 0)
(0.561434231555 0.0997650352004 0)
(0.556252628219 0.102057738249 0)
(0.551297145786 0.103576186296 0)
(0.546588917882 0.104382135052 0)
(0.54214144568 0.104536833317 0)
(0.537961840208 0.104099711709 0)
(0.534051984471 0.103127432582 0)
(0.53040958904 0.101673238984 0)
(0.527029128295 0.0997865450187 0)
(0.523902654253 0.0975127164307 0)
(0.521020491591 0.0948929974791 0)
(0.51837182176 0.0919645473416 0)
(0.515945166591 0.088760556073 0)
(0.513728782939 0.0853104161741 0)
(0.511710980223 0.0816399310852 0)
(0.509880372293 0.0777715463616 0)
(0.508226074367 0.0737245929724 0)
(0.506737854762 0.0695155351785 0)
(0.505406250113 0.0651582178542 0)
(0.504222651663 0.0606641100431 0)
(0.50317936917 0.0560425430491 0)
(0.502269678023 0.0513009425376 0)
(0.501487854226 0.0464450550442 0)
(0.500829201155 0.0414791700052 0)
(0.500290071239 0.0364063389776 0)
(0.499867885107 0.0312285941696 0)
(0.499561150118 0.025947168761 0)
(0.486421580172 0.0206339695492 0)
(0.486455967701 0.0150450574118 0)
(0.4865767102 0.00935140673822 0)
(0.48678643959 0.00355216324402 0)
(0.487089068961 -0.00235312380228 0)
(0.48748983009 -0.0083642056479 0)
(0.487995312792 -0.0144798107983 0)
(0.488613503464 -0.0206972900632 0)
(0.489353819257 -0.0270122256507 0)
(0.490227133135 -0.0334180003561 0)
(0.491245783725 -0.0399053234602 0)
(0.492423562298 -0.04646171089 0)
(0.493775667332 -0.0530709186317 0)
(0.495318615073 -0.0597123304827 0)
(0.497070092184 -0.0663603041672 0)
(0.499048734203 -0.0729834838648 0)
(0.501273811115 -0.0795440925172 0)
(0.503764799243 -0.0859972241749 0)
(0.506540817101 -0.0922901653247 0)
(0.509619902431 -0.0983617847756 0)
(0.51301810888 -0.104142044321 0)
(0.516748404621 -0.109551696817 0)
(0.520819362564 -0.114502253992 0)
(0.525233643878 -0.1188963222 0)
(0.529986294456 -0.122628418579 0)
(0.535062898733 -0.125586390138 0)
(0.540437667446 -0.127653560436 0)
(0.546071575121 -0.128711717982 0)
(0.551910707407 -0.128645031829 0)
(0.557885023998 -0.127344927256 0)
(0.563907783341 -0.124715872846 0)
(0.569875901355 -0.120681916984 0)
(0.575671516309 -0.115193668185 0)
(0.581164992029 -0.108235247913 0)
(0.58621949732 -0.0998305739307 0)
(0.590697138016 -0.0900481877786 0)
(0.594466389434 -0.0790037710865 0)
(0.597410312591 -0.0668595631372 0)
(0.599434791228 -0.0538201241757 0)
(0.600475802232 -0.0401242525874 0)
(0.6005045489 -0.0260334296111 0)
(0.599529508518 -0.0118180874166 0)
(0.597595213187 0.00225649141407 0)
(0.59477817199 0.0159432101447 0)
(0.591180462855 0.0290239933729 0)
(0.586921784029 0.0413173308775 0)
(0.582131117297 0.0526820405975 0)
(0.57693906745 0.0630175898944 0)
(0.571471527299 0.07226172114 0)
(0.565844941592 0.0803862393133 0)
(0.56016317456 0.087391780517 0)
(0.554515807016 0.0933022413197 0)
(0.548977595396 0.0981593638767 0)
(0.543608802017 0.102017792484 0)
(0.538456126954 0.104940770849 0)
(0.533554013887 0.106996542201 0)
(0.528926150159 0.10825544244 0)
(0.52458702696 0.108787632792 0)
(0.520543465255 0.108661395414 0)
(0.516796045542 0.107941906787 0)
(0.513340404774 0.106690404378 0)
(0.510168382592 0.104963668281 0)
(0.507269012398 0.102813748568 0)
(0.50462936188 0.100287879229 0)
(0.502235233336 0.0974285296446 0)
(0.500071737419 0.0942735539007 0)
(0.498123755382 0.0908564065646 0)
(0.496376305177 0.0872064006723 0)
(0.494814826199 0.0833489896581 0)
(0.493425396403 0.079306059849 0)
(0.492194894185 0.0750962240816 0)
(0.491111116013 0.0707351101201 0)
(0.490162859329 0.0662356399782 0)
(0.489339978879 0.0616082981206 0)
(0.488633423389 0.0568613879487 0)
(0.488035258375 0.0520012770431 0)
(0.487538679858 0.0470326324531 0)
(0.487138022935 0.0419586479352 0)
(0.486828768367 0.0367812655061 0)
(0.486607549717 0.0315013940508 0)
(0.486472162986 0.0261191280254 0)
(0.473363833962 0.0205789191263 0)
(0.473508212588 0.0149204484905 0)
(0.473705414217 0.00915547653616 0)
(0.473957580146 0.00328185308335 0)
(0.47426818556 -0.00270220899238 0)
(0.474642088469 -0.00879784256111 0)
(0.475085584687 -0.0150052056201 0)
(0.47560646655 -0.0213231260018 0)
(0.476214082109 -0.027748706087 0)
(0.476919390396 -0.0342768822794 0)
(0.477735006889 -0.0408999343222 0)
(0.478675231599 -0.0476069401858 0)
(0.479756050149 -0.0543831734135 0)
(0.48099509575 -0.061209441618 0)
(0.482411557279 -0.0680613675327 0)
(0.484026015557 -0.0749086179092 0)
(0.485860186711 -0.0817140909132 0)
(0.487936548294 -0.0884330798962 0)
(0.49027782098 -0.0950124408448 0)
(0.492906276696 -0.101389802791 0)
(0.495842843674 -0.107492875233 0)
(0.499105981045 -0.113238924214 0)
(0.502710301653 -0.118534508725 0)
(0.506664933037 -0.123275590757 0)
(0.510971624904 -0.127348153657 0)
(0.515622638497 -0.130629481641 0)
(0.520598490268 -0.132990263935 0)
(0.525865669668 -0.134297684082 0)
(0.531374507005 -0.134419631046 0)
(0.537057428422 -0.133230115501 0)
(0.542827893522 -0.130615883984 0)
(0.548580355792 -0.126484089407 0)
(0.554191601858 -0.120770697397 0)
(0.559523794675 -0.113449090652 0)
(0.564429447379 -0.104538095239 0)
(0.568758364405 -0.0941084287384 0)
(0.57236629193 -0.0822864291758 0)
(0.575124669246 -0.0692539746056 0)
(0.576930580674 -0.0552437962858 0)
(0.577715716464 -0.040529771744 0)
(0.577452652825 -0.0254123902798 0)
(0.576156953233 -0.0102013211724 0)
(0.573885094079 0.00480202417164 0)
(0.570729127781 0.0193202855461 0)
(0.56680862389 0.0331131743773 0)
(0.56226072984 0.0459860396741 0)
(0.557230030222 0.0577932766314 0)
(0.551859675739 0.0684373886769 0)
(0.546284455243 0.077864909736 0)
(0.54062597261 0.0860603813247 0)
(0.534989795052 0.0930394502364 0)
(0.529464253637 0.0988419111322 0)
(0.524120501341 0.103525237533 0)
(0.519013446788 0.107158901858 0)
(0.514183239375 0.109819607594 0)
(0.509657050971 0.111587439669 0)
(0.505450965354 0.112542868861 0)
(0.501571843047 0.112764509246 0)
(0.498019074911 0.112327513453 0)
(0.494786173028 0.111302490435 0)
(0.491862173488 0.109754838879 0)
(0.48923284411 0.107744401951 0)
(0.486881702545 0.105325363272 0)
(0.484790857973 0.102546318148 0)
(0.482941693956 0.0994504670756 0)
(0.481315411956 0.0960758900517 0)
(0.479893455275 0.092455869982 0)
(0.478657832375 0.0886192415843 0)
(0.477591357092 0.0845907487312 0)
(0.476677821441 0.0803913983855 0)
(0.475902114831 0.0760388033334 0)
(0.475250301569 0.0715475090367 0)
(0.474709666775 0.0669293022579 0)
(0.474268739199 0.0621935008614 0)
(0.47391729797 0.0573472254598 0)
(0.473646369104 0.052395654493 0)
(0.473448216478 0.0473422649891 0)
(0.473316331128 0.0421890617347 0)
(0.473245421935 0.0369367979269 0)
(0.473231410133 0.0315851906578 0)
(0.473271429548 0.0261331348077 0)
(0.460274383208 0.0203971870105 0)
(0.460527674588 0.0147034835465 0)
(0.460798196476 0.00890205197034 0)
(0.461087536832 0.00298941175874 0)
(0.46139863914 -0.00303760439034 0)
(0.461735862328 -0.0091815682332 0)
(0.462105051052 -0.0154441425049 0)
(0.462513614517 -0.0218257301915 0)
(0.462970611057 -0.0283250801708 0)
(0.463486834567 -0.0349388426657 0)
(0.46407489742 -0.0416610679662 0)
(0.464749302701 -0.0484826421795 0)
(0.465526496333 -0.0553906545252 0)
(0.46642488699 -0.0623676920904 0)
(0.46746481847 -0.0693910602641 0)
(0.46866847551 -0.0764319306207 0)
(0.470059699891 -0.0834544231831 0)
(0.471663689296 -0.090414637277 0)
(0.473506547051 -0.0972596550931 0)
(0.47561464705 -0.103926555152 0)
(0.478013775696 -0.110341489651 0)
(0.480728012568 -0.116418900453 0)
(0.483778315326 -0.122060973346 0)
(0.487180784025 -0.127157458412 0)
(0.490944597843 -0.131586014388 0)
(0.495069645846 -0.135213263616 0)
(0.499543915087 -0.137896766488 0)
(0.504340755508 -0.139488132892 0)
(0.509416210967 -0.13983747318 0)
(0.514706685555 -0.138799341069 0)
(0.520127295462 -0.136240223138 0)
(0.525571325236 -0.132047473733 0)
(0.530911244275 -0.126139374491 0)
(0.536001722221 -0.118475718251 0)
(0.540684983839 -0.109067993321 0)
(0.544798624037 -0.097987908912 0)
(0.548185615223 -0.0853727432972 0)
(0.550705752935 -0.0714260189875 0)
(0.552247511217 -0.0564124581337 0)
(0.552739085622 -0.0406465053729 0)
(0.552156125195 -0.0244738251867 0)
(0.550523493559 -0.00824879499419 0)
(0.547911679914 0.00768681746945 0)
(0.54443003359 0.0230226184694 0)
(0.540216950817 0.0374953674714 0)
(0.535427518523 0.0508986833853 0)
(0.530221300702 0.0630854878914 0)
(0.524752375419 0.0739651048367 0)
(0.519162094496 0.0834968822858 0)
(0.513574478988 0.0916818995662 0)
(0.508093930821 0.0985540999363 0)
(0.502804762553 0.104171809853 0)
(0.497772006818 0.108610196123 0)
(0.493043037369 0.111954900616 0)
(0.488649638773 0.114296893637 0)
(0.484610260163 0.115728472606 0)
(0.480932269157 0.116340273803 0)
(0.477614085359 0.116219141637 0)
(0.474647121015 0.115446698386 0)
(0.472017491921 0.114098468333 0)
(0.469707486847 0.112243427516 0)
(0.467696800759 0.109943870012 0)
(0.465963547862 0.107255501285 0)
(0.464485076502 0.104227687308 0)
(0.463238610674 0.100903804076 0)
(0.462201743301 0.0973216456297 0)
(0.461352805377 0.0935138597856 0)
(0.460671133157 0.0895083896121 0)
(0.460137253216 0.0853289056707 0)
(0.459733002659 0.0809952193668 0)
(0.459441599305 0.0765236717899 0)
(0.459247674314 0.0719274953957 0)
(0.459137277656 0.0672171480315 0)
(0.459097864936 0.0624006203281 0)
(0.459118272539 0.0574837185342 0)
(0.459188686709 0.0524703255681 0)
(0.459300611063 0.0473626435394 0)
(0.459446836158 0.0421614212981 0)
(0.459621413964 0.0368661707751 0)
(0.459819639518 0.0314753760421 0)
(0.460038041514 0.0259866991575 0)
(0.447233928383 0.02008928515 0)
(0.447594245368 0.014396640126 0)
(0.447934323864 0.008595625578 0)
(0.44825513069 0.00268142884345 0)
(0.448558975231 -0.00335050800182 0)
(0.448849579332 -0.00950421885061 0)
(0.449132161897 -0.0157829118555 0)
(0.449413536881 -0.022188628428 0)
(0.449702222571 -0.0287218555625 0)
(0.450008558976 -0.0353810836388 0)
(0.450344828682 -0.0421623015146 0)
(0.450725374772 -0.0490584205967 0)
(0.451166706993 -0.0560586198473 0)
(0.451687584523 -0.0631476045261 0)
(0.452309060029 -0.0703047731853 0)
(0.453054465478 -0.0775032904059 0)
(0.453949315115 -0.0847090674295 0)
(0.455021095448 -0.0918796598291 0)
(0.456298906047 -0.0989631013512 0)
(0.457812909095 -0.105896706856 0)
(0.459593540499 -0.112605895746 0)
(0.461670432306 -0.11900311116 0)
(0.46407099679 -0.124986940034 0)
(0.466818629411 -0.130441574846 0)
(0.469930503862 -0.135236798188 0)
(0.473414961543 -0.139228713282 0)
(0.47726854364 -0.142261481604 0)
(0.481472779599 -0.144170353913 0)
(0.485990931756 -0.144786280668 0)
(0.490764998792 -0.143942346094 0)
(0.495713390637 -0.141482168778 0)
(0.500729786947 -0.137270233497 0)
(0.50568375471 -0.131203852127 0)
(0.510423699408 -0.123226097011 0)
(0.5147826294 -0.11333862152 0)
(0.518586965107 -0.101612798356 0)
(0.521668089057 -0.0881971458119 0)
(0.523875556275 -0.0733189695298 0)
(0.525090753882 -0.0572790765552 0)
(0.525240456069 -0.0404387807812 0)
(0.524306542173 -0.023195937125 0)
(0.522326410078 -0.00595495200442 0)
(0.519386466894 0.0108984738787 0)
(0.515614165743 0.0270185742687 0)
(0.51116685829 0.0421191781001 0)
(0.506216463459 0.0559848374075 0)
(0.500934953188 0.0684711036751 0)
(0.49548379696 0.0794987316801 0)
(0.490006942358 0.0890443769657 0)
(0.484626832495 0.0971295934362 0)
(0.479442982038 0.103809770618 0)
(0.474532427882 0.109164083315 0)
(0.469951374273 0.113286941512 0)
(0.465737505795 0.116281056448 0)
(0.4619126002 0.118252043971 0)
(0.45848519198 0.119304393375 0)
(0.455453123045 0.119538593537 0)
(0.452805879533 0.119049204029 0)
(0.450526660015 0.117923672768 0)
(0.448594153821 0.11624172476 0)
(0.446984031442 0.114075173087 0)
(0.445670164159 0.111488030113 0)
(0.444625598957 0.108536821933 0)
(0.443823319084 0.105271031218 0)
(0.443236821583 0.101733612306 0)
(0.442840542061 0.0979615376838 0)
(0.442610154552 0.0939863472045 0)
(0.442522771336 0.0898346807626 0)
(0.442557064319 0.0855287823363 0)
(0.442693326368 0.0810869685861 0)
(0.442913488007 0.0765240590413 0)
(0.44320110215 0.071851767617 0)
(0.443541307203 0.0670790570473 0)
(0.443920776834 0.062212459042 0)
(0.444327663022 0.0572563637358 0)
(0.444751537616 0.0522132824415 0)
(0.445183336551 0.0470840879609 0)
(0.44561530993 0.0418682368229 0)
(0.446040980555 0.0365639778609 0)
(0.446455112901 0.0311685515788 0)
(0.446853694127 0.0256783847978 0)
(0.434325260103 0.0196566336838 0)
(0.434789928161 0.0140030915686 0)
(0.435195252421 0.00824117636802 0)
(0.435541507152 0.00236477715901 0)
(0.435830258816 -0.00363202819871 0)
(0.436064444374 -0.0097547208082 0)
(0.43624846841 -0.0160080553596 0)
(0.43638831841 -0.0223957340919 0)
(0.436491696901 -0.0289200318066 0)
(0.436568168153 -0.0355813628758 0)
(0.436629315842 -0.0423777804547 0)
(0.43668890631 -0.0493043975011 0)
(0.436763049714 -0.0563527188873 0)
(0.43687034831 -0.063509874044 0)
(0.437032017301 -0.0707577405152 0)
(0.437271958848 -0.0780719509297 0)
(0.437616764081 -0.0854207797222 0)
(0.438095611089 -0.0927639122032 0)
(0.438740019188 -0.100051108133 0)
(0.439583411489 -0.107220785893 0)
(0.440660429664 -0.114198572955 0)
(0.442005937969 -0.12089589488 0)
(0.443653649966 -0.127208709904 0)
(0.445634313856 -0.133016539911 0)
(0.447973404935 -0.138182000952 0)
(0.450688301711 -0.142551094882 0)
(0.453784971469 -0.145954582366 0)
(0.457254266967 -0.148210805902 0)
(0.461068041367 -0.149130353712 0)
(0.465175421069 -0.148522929642 0)
(0.469499724912 -0.146206694427 0)
(0.473936659978 -0.142020142072 0)
(0.478354521634 -0.135836250048 0)
(0.48259713762 -0.12757819162 0)
(0.486490199785 -0.117235343287 0)
(0.489851364897 -0.104877650816 0)
(0.492503744296 -0.0906656004435 0)
(0.494290857154 -0.0748527356084 0)
(0.49509113371 -0.057779970189 0)
(0.494834337479 -0.0398626861156 0)
(0.493514527792 -0.0215589297364 0)
(0.491186687243 -0.00332693896669 0)
(0.487954055348 0.0144023127683 0)
(0.483960539487 0.03124613193 0)
(0.479380077381 0.0468965199865 0)
(0.474397305618 0.061133488797 0)
(0.469190636209 0.0738205231588 0)
(0.463922489615 0.0848949036059 0)
(0.458733334045 0.0943550690525 0)
(0.453738699209 0.102246596104 0)
(0.449028810876 0.108648850621 0)
(0.444670007849 0.113663463019 0)
(0.44070714568 0.117404940958 0)
(0.437166462953 0.119993340388 0)
(0.434058587863 0.121548769576 0)
(0.431381477484 0.122187451295 0)
(0.429123154392 0.122019061883 0)
(0.427264158513 0.12114508244 0)
(0.425779673219 0.119657926105 0)
(0.424641315746 0.117640639329 0)
(0.423818604148 0.115167010203 0)
(0.423280127376 0.112301950568 0)
(0.422994452954 0.109102048974 0)
(0.422930809792 0.105616217627 0)
(0.423059583218 0.101886377892 0)
(0.423352656879 0.0979481459194 0)
(0.42378363249 0.0938314930393 0)
(0.424327954384 0.0895613653471 0)
(0.424962961732 0.0851582540475 0)
(0.42566788745 0.0806387131907 0)
(0.426423819364 0.0760158249192 0)
(0.427213636158 0.0712996146515 0)
(0.428021928056 0.066497420069 0)
(0.428834910045 0.0616142186026 0)
(0.429640333698 0.0566529185335 0)
(0.430427402286 0.051614618952 0)
(0.431186692762 0.0464988438065 0)
(0.4319100874 0.0413037551682 0)
(0.43259071723 0.036026350708 0)
(0.433222918966 0.0306626502767 0)
(0.433802206792 0.0252078764236 0)
(0.421632718077 0.0191015608028 0)
(0.422198310354 0.0135266500527 0)
(0.422664115033 0.00784405471832 0)
(0.423029640872 0.00204643734738 0)
(0.423295599172 -0.00387342246949 0)
(0.423463988343 -0.0099223965566 0)
(0.423538200968 -0.0161067434163 0)
(0.423523153472 -0.0224318022375 0)
(0.42342543798 -0.0289016366087 0)
(0.423253495153 -0.0355186178072 0)
(0.423017805633 -0.0422829363919 0)
(0.422731096136 -0.0491920296891 0)
(0.422408553936 -0.0562399117856 0)
(0.422068040522 -0.0634163919809 0)
(0.421730291184 -0.070706167624 0)
(0.421419082164 -0.0780877782724 0)
(0.421161340543 -0.0855324107192 0)
(0.420987164112 -0.0930025494645 0)
(0.420929709046 -0.100450475689 0)
(0.421024892453 -0.1078166311 0)
(0.421310845324 -0.115027882907 0)
(0.421827039987 -0.12199575463 0)
(0.422613007016 -0.128614726765 0)
(0.423706552833 -0.134760763459 0)
(0.425141396071 -0.140290287302 0)
(0.426944165462 -0.145039902879 0)
(0.429130753297 -0.148827255242 0)
(0.431702105597 -0.151453490234 0)
(0.434639659779 -0.152707839589 0)
(0.437900813369 -0.152374856021 0)
(0.441415012277 -0.15024473402 0)
(0.445081254157 -0.146126926455 0)
(0.448767952156 -0.139866863777 0)
(0.452316122011 -0.131364993546 0)
(0.455546729362 -0.120596639615 0)
(0.458272808814 -0.107630320706 0)
(0.460315973575 -0.0926407357055 0)
(0.461523318033 -0.0759111648046 0)
(0.461779448647 -0.0578255571141 0)
(0.461025623805 -0.0388615853497 0)
(0.459279468246 -0.0195471771168 0)
(0.456622124693 -0.000393397180903 0)
(0.453171537541 0.0181279962723 0)
(0.449080801656 0.0355965728524 0)
(0.444533376609 0.0516848804851 0)
(0.439717061007 0.066175873394 0)
(0.434804892436 0.0789469858185 0)
(0.429949653347 0.0899565644152 0)
(0.42527988547 0.0992282594913 0)
(0.420897828068 0.106833923141 0)
(0.416879934087 0.112878096597 0)
(0.413278960134 0.117485279122 0)
(0.410126755641 0.120789953857 0)
(0.407437328968 0.122929043864 0)
(0.405209968301 0.124036437191 0)
(0.403432257095 0.124239224694 0)
(0.402082861664 0.123655312483 0)
(0.40113400856 0.122392101209 0)
(0.400553608385 0.120545962694 0)
(0.400307016103 0.118202286316 0)
(0.40035844327 0.115435910124 0)
(0.400672054318 0.112311792086 0)
(0.401212787858 0.108885813017 0)
(0.401946946721 0.10520563318 0)
(0.402842599021 0.101311548989 0)
(0.403869828798 0.097237315005 0)
(0.405000869923 0.0930109102992 0)
(0.406210151882 0.0886552382411 0)
(0.407474281118 0.0841887556982 0)
(0.408771977219 0.0796260322707 0)
(0.410083979294 0.0749782431554 0)
(0.411392934626 0.0702536009998 0)
(0.412683278887 0.0654577330299 0)
(0.413941115038 0.0605940101062 0)
(0.415154096222 0.0556638343642 0)
(0.416311316642 0.0506668918902 0)
(0.41740321338 0.0456013765739 0)
(0.41842148136 0.0404641909478 0)
(0.419359003143 0.0352511295026 0)
(0.420209794878 0.0299570497215 0)
(0.420968969492 0.0245760359073 0)
(0.409241577819 0.0184272893078 0)
(0.409903963194 0.0129716957946 0)
(0.410425133999 0.00740985240873 0)
(0.410803761575 0.00173330585932 0)
(0.411039590227 -0.00406635543106 0)
(0.411133525303 -0.00999729364581 0)
(0.411087746854 -0.0160671813016 0)
(0.410905849776 -0.0222829199822 0)
(0.41059301096 -0.0286503084732 0)
(0.410156183453 -0.0351736492993 0)
(0.409604316677 -0.0418552811006 0)
(0.408948600389 -0.0486950226054 0)
(0.408202728006 -0.0556895122565 0)
(0.407383172073 -0.0628314259822 0)
(0.406509460693 -0.0701085544339 0)
(0.405604438447 -0.0775027206447 0)
(0.40469448843 -0.0849885200527 0)
(0.403809683168 -0.0925318680595 0)
(0.402983821184 -0.100088346924 0)
(0.402254292743 -0.10760135548 0)
(0.401661702908 -0.11500008414 0)
(0.40124916337 -0.122197366767 0)
(0.401061148184 -0.129087503772 0)
(0.401141796268 -0.135544211001 0)
(0.401532541345 -0.141418929944 0)
(0.402268967773 -0.146539837368 0)
(0.403376841265 -0.150712012846 0)
(0.404867362122 -0.153719348353 0)
(0.406731848521 -0.155328891086 0)
(0.408936286071 -0.155298360765 0)
(0.411416470949 -0.153387521404 0)
(0.414074793875 -0.149373842663 0)
(0.41677996784 -0.143072372894 0)
(0.419371028895 -0.134358925032 0)
(0.421666690749 -0.123194695536 0)
(0.423481054284 -0.109649489261 0)
(0.424646027328 -0.0939184915339 0)
(0.425032320256 -0.0763217818513 0)
(0.424549478786 -0.0572852272829 0)
(0.423165706497 -0.0373582612021 0)
(0.420944212323 -0.0171529457883 0)
(0.418008212874 0.00278048511164 0)
(0.414480252827 0.0219479956237 0)
(0.410503296137 0.0398893329809 0)
(0.40625500529 0.0562608815752 0)
(0.401907094064 0.0708614193644 0)
(0.397605324668 0.0835869072176 0)
(0.393476952213 0.0944183049134 0)
(0.389628289812 0.103405000482 0)
(0.386142021178 0.110644697273 0)
(0.383077620084 0.116266073546 0)
(0.380473207574 0.120415242069 0)
(0.378347901149 0.123245403606 0)
(0.376704469381 0.124909150172 0)
(0.375532182644 0.125553005336 0)
(0.374809690263 0.125313817101 0)
(0.374507752151 0.124316631503 0)
(0.374591694835 0.122673701761 0)
(0.375023515324 0.120484327042 0)
(0.375763605239 0.117835261906 0)
(0.376772105394 0.114801487876 0)
(0.378009925451 0.111447187686 0)
(0.379439475717 0.107826806679 0)
(0.381025161484 0.103986122203 0)
(0.382733688002 0.0999632700984 0)
(0.384534218891 0.0957896982525 0)
(0.386398424511 0.0914910318941 0)
(0.38830045042 0.0870878453289 0)
(0.390216830295 0.0825963412867 0)
(0.392126362545 0.0780289430659 0)
(0.394009965569 0.0733948069083 0)
(0.395850523014 0.0687002631171 0)
(0.397632727523 0.0639491947268 0)
(0.399342929191 0.059143362353 0)
(0.4009689932 0.0542826833982 0)
(0.402500169818 0.0493654731953 0)
(0.403926978985 0.0443886550609 0)
(0.405241111106 0.039347945649 0)
(0.40643534519 0.034238021486 0)
(0.407503485286 0.0290526721736 0)
(0.408440315993 0.0237849454705 0)
(0.397237367867 0.0176379099624 0)
(0.397991770712 0.0123430942358 0)
(0.39856295966 0.00694426137511 0)
(0.39894870093 0.00143199172679 0)
(0.399147664929 -0.00420316891294 0)
(0.399159514606 -0.00997052791789 0)
(0.398985021678 -0.0158790331454 0)
(0.398626212386 -0.0219370204016 0)
(0.398086544304 -0.0281519111157 0)
(0.39737111545 -0.034529848603 0)
(0.396486906261 -0.0410752593388 0)
(0.395443053986 -0.0477903234363 0)
(0.39425115726 -0.0546743360899 0)
(0.392925606118 -0.0617229391983 0)
(0.391483928951 -0.0689271999424 0)
(0.389947142724 -0.0762725111012 0)
(0.38834008566 -0.0837372868659 0)
(0.386691702134 -0.0912914287233 0)
(0.385035237217 -0.0988945398687 0)
(0.383408282619 -0.106493875432 0)
(0.381852596472 -0.114022032275 0)
(0.380413596508 -0.121394410002 0)
(0.379139401031 -0.128506519153 0)
(0.378079267952 -0.135231279663 0)
(0.377281266296 -0.14141654902 0)
(0.376789019411 -0.146883250344 0)
(0.376637403374 -0.151424635437 0)
(0.376847191655 -0.154807405935 0)
(0.377418832652 -0.156775600146 0)
(0.378325850871 -0.157058285822 0)
(0.379508785622 -0.15538210503 0)
(0.380871105051 -0.151489480868 0)
(0.382279036978 -0.145162642804 0)
(0.383567377294 -0.136252389104 0)
(0.38455272625 -0.124708938116 0)
(0.385055651844 -0.110611454977 0)
(0.384935792751 -0.0941909489758 0)
(0.384127793415 -0.0758231732984 0)
(0.382603588788 -0.0559623262488 0)
(0.380385843133 -0.0352408898566 0)
(0.377625719009 -0.0143832948299 0)
(0.374520200316 0.00606600378569 0)
(0.37116686847 0.0256419529678 0)
(0.367654748502 0.0438326243795 0)
(0.364126190541 0.060280342993 0)
(0.360700421972 0.0748244118297 0)
(0.357456411877 0.0873752594936 0)
(0.354475075431 0.0979301931508 0)
(0.351830886315 0.106559128019 0)
(0.349583602656 0.113380703541 0)
(0.347776381374 0.118543554509 0)
(0.346435587277 0.122212273831 0)
(0.345571320115 0.124556577627 0)
(0.345178855715 0.125743168068 0)
(0.345240868051 0.125930017685 0)
(0.34573006587 0.125262725768 0)
(0.346611889014 0.123872544088 0)
(0.34784700863 0.12187567076 0)
(0.349393481017 0.119373446444 0)
(0.351208492813 0.116453142117 0)
(0.353249698646 0.113189091851 0)
(0.355476190808 0.109643988073 0)
(0.357849158377 0.105870213197 0)
(0.360332296827 0.101911126847 0)
(0.362892024836 0.0978022614779 0)
(0.365497557122 0.0935724026726 0)
(0.368120873526 0.08924454597 0)
(0.370736616451 0.0848367317872 0)
(0.373321941731 0.0803627657765 0)
(0.375856342125 0.075832834993 0)
(0.378321457798 0.0712540315493 0)
(0.380700884344 0.0666307956382 0)
(0.382979985881 0.0619652893363 0)
(0.385145718458 0.0572577117915 0)
(0.387186467311 0.0525065654254 0)
(0.38909190029 0.0477088817772 0)
(0.390852838949 0.042860414682 0)
(0.392461148238 0.037955807643 0)
(0.393909645451 0.0329887415563 0)
(0.395192028929 0.0279520684083 0)
(0.396302827022 0.02283793618 0)
(0.385705122631 0.0167383422993 0)
(0.386546192339 0.0116461038276 0)
(0.387161938726 0.00645292579767 0)
(0.387549162958 0.00114860882286 0)
(0.387705364713 -0.00427715520592 0)
(0.387628827213 -0.00983462960064 0)
(0.387318731439 -0.015533849987 0)
(0.386775301905 -0.0213844035746 0)
(0.385999986464 -0.0273951605575 0)
(0.384995672597 -0.0335739456966 0)
(0.383766942342 -0.0399271358245 0)
(0.382320367294 -0.0464591662723 0)
(0.380664843851 -0.0531719260702 0)
(0.37881196672 -0.0600640182257 0)
(0.376776435434 -0.0671298575901 0)
(0.374576483778 -0.0743585750172 0)
(0.372234315058 -0.0817326931179 0)
(0.36977651648 -0.0892265366995 0)
(0.367234412656 -0.096804341144 0)
(0.364644300535 -0.104418026471 0)
(0.362047484728 -0.112004616733 0)
(0.35949000247 -0.11948330833 0)
(0.357021891361 -0.126752233604 0)
(0.354695813032 -0.133685037107 0)
(0.352564809298 -0.140127492457 0)
(0.350678949604 -0.145894549481 0)
(0.349080655161 -0.150768421187 0)
(0.347798592187 -0.154498593365 0)
(0.34684025582 -0.156804940869 0)
(0.34618376134 -0.1573854102 0)
(0.345769968689 -0.155929883917 0)
(0.345496940857 -0.152141709132 0)
(0.345219811087 -0.145767614703 0)
(0.344759738808 -0.136634803854 0)
(0.343924225099 -0.124690895355 0)
(0.34253983161 -0.11004161804 0)
(0.340512170138 -0.092986312341 0)
(0.337919965957 -0.0740127583747 0)
(0.334869811112 -0.0535525266232 0)
(0.331493130082 -0.0323385234481 0)
(0.328106807152 -0.0112740591923 0)
(0.325045638919 0.00922092274432 0)
(0.322308856927 0.028835660105 0)
(0.319842297801 0.0469609566675 0)
(0.317695050745 0.0632168642457 0)
(0.315868664455 0.0775385106001 0)
(0.314304531274 0.089816246578 0)
(0.313018053068 0.100042048917 0)
(0.312049744628 0.108291860899 0)
(0.311441419795 0.114693914385 0)
(0.311228797391 0.119409101683 0)
(0.311436331295 0.122616065112 0)
(0.312074094133 0.124498817353 0)
(0.313137343751 0.125237172867 0)
(0.314608106208 0.125000093186 0)
(0.316457817152 0.123941612459 0)
(0.318650282449 0.122198829276 0)
(0.32114448975 0.119891429779 0)
(0.323897017925 0.11712225549 0)
(0.32686394681 0.113978511381 0)
(0.330002271278 0.110533304952 0)
(0.333270879065 0.106847298854 0)
(0.336631173056 0.10297033685 0)
(0.340047419113 0.0989429614332 0)
(0.343486890757 0.0947977821424 0)
(0.346919868998 0.0905606800114 0)
(0.350319543027 0.0862518495615 0)
(0.353661846689 0.0818866886818 0)
(0.356925256816 0.0774765511679 0)
(0.360090572624 0.073029378326 0)
(0.363140689951 0.0685502260437 0)
(0.366060379972 0.0640417028125 0)
(0.368836078899 0.0595043327994 0)
(0.371455692902 0.054936856524 0)
(0.373908420792 0.0503364801452 0)
(0.376184595936 0.0456990829231 0)
(0.378275548124 0.0410193911477 0)
(0.380173485699 0.0362911257402 0)
(0.381871398076 0.0315071298485 0)
(0.383362978755 0.026659482076 0)
(0.384642569009 0.0217396004956 0)
(0.374728578475 0.0157342841006 0)
(0.375650466219 0.0108862777356 0)
(0.376305318599 0.00594129304893 0)
(0.376688923396 0.000888571485108 0)
(0.376797528326 -0.00428282304978 0)
(0.376627918939 -0.00958387908297 0)
(0.376177525944 -0.015025485609 0)
(0.375444564914 -0.0206182450756 0)
(0.374428211702 -0.026372241466 0)
(0.373128817128 -0.0322967515189 0)
(0.371548164578 -0.0383998845263 0)
(0.369689773849 -0.0446881329644 0)
(0.367559253806 -0.0511658124022 0)
(0.365164704857 -0.057834364627 0)
(0.362517169591 -0.0646914927559 0)
(0.359631125731 -0.0717300913631 0)
(0.35652500909 -0.0789369285934 0)
(0.353221744894 -0.0862910314138 0)
(0.349749252215 -0.093761720587 0)
(0.346140867079 -0.10130624045 0)
(0.342435602854 -0.108866933344 0)
(0.338678129489 -0.116367924847 0)
(0.3349183041 -0.123711322328 0)
(0.331210024491 -0.130772998666 0)
(0.327609110493 -0.137398152837 0)
(0.324169862403 -0.143397030698 0)
(0.320939934248 -0.148541472277 0)
(0.317953242357 -0.152563335297 0)
(0.31522087043 -0.155156315595 0)
(0.312720406454 -0.155983199331 0)
(0.310384968193 -0.154691049209 0)
(0.308094565085 -0.150937046338 0)
(0.305674683329 -0.144427139246 0)
(0.302909349375 -0.134966903252 0)
(0.299573788681 -0.122517265438 0)
(0.295482147893 -0.107242742711 0)
(0.290581129528 -0.0895716442479 0)
(0.285255928914 -0.0702827383028 0)
(0.279865910493 -0.0495940721331 0)
(0.274802933434 -0.0283843886888 0)
(0.270668283484 -0.00791577780555 0)
(0.268049765718 0.0118064968775 0)
(0.266692879033 0.0309168523135 0)
(0.266246415197 0.048554148151 0)
(0.266518059278 0.0642672949192 0)
(0.26729563101 0.0782546726197 0)
(0.268253537685 0.0902496548614 0)
(0.269349717224 0.100191445245 0)
(0.270609905016 0.108134256741 0)
(0.272080534498 0.114196916033 0)
(0.27381350877 0.118542827432 0)
(0.275851929969 0.121361373798 0)
(0.27822181164 0.122850909904 0)
(0.280930111153 0.123205694945 0)
(0.28396661471 0.122607183967 0)
(0.287307523171 0.121219029073 0)
(0.29091943389 0.119184897913 0)
(0.294763013514 0.116628265058 0)
(0.298796032984 0.113653460913 0)
(0.302975674784 0.110347419353 0)
(0.307260162218 0.10678172352 0)
(0.311609825104 0.1030146885 0)
(0.315987730972 0.0990933278778 0)
(0.320359998773 0.0950551270904 0)
(0.324695890158 0.0909295949813 0)
(0.328967750918 0.0867395934398 0)
(0.333150856053 0.0825024601176 0)
(0.337223197072 0.0782309461067 0)
(0.341165238974 0.0739339925841 0)
(0.344959666082 0.0696173699353 0)
(0.348591129841 0.065284201071 0)
(0.352046007243 0.0609353882931 0)
(0.355312175299 0.056569960569 0)
(0.358378804722 0.0521853556771 0)
(0.361236174404 0.0477776495099 0)
(0.363875507283 0.0433417429091 0)
(0.366288827584 0.0388715147924 0)
(0.368468839138 0.0343599490044 0)
(0.370408824428 0.0297992412506 0)
(0.372102564044 0.0251808916718 0)
(0.373544276489 0.0204957880291 0)
(0.364389323271 0.0146321512827 0)
(0.365385763008 0.0100693633819 0)
(0.366074396924 0.00541446974064 0)
(0.366449966621 0.000656402275694 0)
(0.366507407831 -0.00421614476986 0)
(0.366241917435 -0.00921461760417 0)
(0.365649048966 -0.0143504817661 0)
(0.364724840037 -0.0196350694012 0)
(0.363465975682 -0.0250793855041 0)
(0.361869992124 -0.0306938614838 0)
(0.359935525897 -0.0364880415935 0)
(0.35766261341 -0.0424701842395 0)
(0.355053045812 -0.0486467558123 0)
(0.352110783132 -0.0550217893105 0)
(0.348842429839 -0.0615960735512 0)
(0.345257770629 -0.0683661310739 0)
(0.341370359843 -0.0753229339539 0)
(0.337198149392 -0.0824502968661 0)
(0.332764127026 -0.089722876488 0)
(0.328096917038 -0.0971036970919 0)
(0.323231265775 -0.104541116823 0)
(0.318208290303 -0.111965153084 0)
(0.313075304949 -0.119283108381 0)
(0.307884953454 -0.126374496119 0)
(0.302693265964 -0.133085383835 0)
(0.297556145643 -0.139222482912 0)
(0.292523707013 -0.144547657444 0)
(0.287631900889 -0.148774034673 0)
(0.282891051922 -0.151565593588 0)
(0.278271405211 -0.152542987028 0)
(0.273686714013 -0.151299398497 0)
(0.268978814383 -0.14743133063 0)
(0.263910242955 -0.140589743947 0)
(0.258179077941 -0.130554457115 0)
(0.251471787953 -0.117323099479 0)
(0.243530899163 -0.101180944341 0)
(0.234226598904 -0.0827648610191 0)
(0.224647319908 -0.0638363223707 0)
(0.215454424063 -0.0436121677892 0)
(0.207884168572 -0.022974125368 0)
(0.202861698976 -0.00446562707753 0)
(0.201384162912 0.0131245305536 0)
(0.202672595426 0.0311446047219 0)
(0.205943899964 0.0476488660239 0)
(0.210237014281 0.0621852066195 0)
(0.215113930492 0.075911164378 0)
(0.219687770572 0.0878115944878 0)
(0.223980614674 0.0977013285391 0)
(0.22806873978 0.105564999351 0)
(0.232057937799 0.111488287533 0)
(0.236063323209 0.115632309132 0)
(0.24018121739 0.118201284238 0)
(0.244476889178 0.11941469751 0)
(0.248984154458 0.119487751067 0)
(0.25371033834 0.118619515838 0)
(0.258642801758 0.116986842286 0)
(0.263755272832 0.114742223908 0)
(0.269013221563 0.112014192055 0)
(0.274378023926 0.108909170797 0)
(0.279809949623 0.105514026801 0)
(0.285270155402 0.101898811214 0)
(0.290721912612 0.0981193967711 0)
(0.296131283382 0.0942198595214 0)
(0.301467419237 0.0902345478107 0)
(0.306702611561 0.0861898346637 0)
(0.311812185407 0.0821055768759 0)
(0.316774299611 0.0779963154713 0)
(0.32156969582 0.073872254803 0)
(0.32618142501 0.0697400558439 0)
(0.330594570374 0.0656034755755 0)
(0.33479597872 0.0614638801437 0)
(0.338774007862 0.0573206552731 0)
(0.342518294232 0.0531715335953 0)
(0.346019542741 0.0490128551912 0)
(0.349269339502 0.0448397747832 0)
(0.352259987161 0.0406464266171 0)
(0.354984362122 0.0364260561251 0)
(0.357435792817 0.0321711258918 0)
(0.359607958187 0.0278734022159 0)
(0.36149480575 0.0235240276379 0)
(0.363090488876 0.0191135841383 0)
(0.354765912259 0.0134390103539 0)
(0.355830302635 0.00920120414918 0)
(0.356547628634 0.0048770895366 0)
(0.356911572158 0.000455561153655 0)
(0.356915723551 -0.00407477231503 0)
(0.356553634248 -0.00872551717019 0)
(0.355818895853 -0.0135084030978 0)
(0.354705249352 -0.0184351638811 0)
(0.353206728917 -0.0235173816521 0)
(0.351317845535 -0.0287662836537 0)
(0.349033816381 -0.034192477567 0)
(0.346350846523 -0.0398056076984 0)
(0.343266469831 -0.0456139095364 0)
(0.339779955866 -0.0516236341121 0)
(0.335892788601 -0.0578383059643 0)
(0.331609220703 -0.0642577689978 0)
(0.326936903106 -0.0708769628039 0)
(0.321887582676 -0.0776843578334 0)
(0.316477849314 -0.0846599611458 0)
(0.310729894979 -0.0917727858648 0)
(0.304672216384 -0.0989776588769 0)
(0.298340143558 -0.106211227297 0)
(0.291775998454 -0.113387024453 0)
(0.285028571021 -0.120389488757 0)
(0.278151438471 -0.127066924543 0)
(0.271199455717 -0.133223599608 0)
(0.264222547759 -0.138611551294 0)
(0.257255807542 -0.142923290636 0)
(0.250304929477 -0.145787523461 0)
(0.243326266637 -0.146771348715 0)
(0.236201466509 -0.145394351598 0)
(0.228708516319 -0.141162855151 0)
(0.220496888683 -0.13363602137 0)
(0.211089671015 -0.122536494712 0)
(0.199958102765 -0.107917705884 0)
(0.186650663128 -0.0903702927269 0)
(0.170300958207 -0.0703239499234 0)
(0.154096321797 -0.0522262481761 0)
(0.138329409255 -0.0345262413877 0)
(0.127404357394 -0.0155035746292 0)
(0.121383638403 -0.00127880383523 0)
(0.122207925707 0.0118915482373 0)
(0.127826644185 0.0278807235992 0)
(0.137863732122 0.0417194993125 0)
(0.148581213705 0.054763339773 0)
(0.159963901316 0.0690664209471 0)
(0.169471260352 0.0814053860294 0)
(0.177827647562 0.0918075512433 0)
(0.185301061675 0.100060141946 0)
(0.192168573076 0.10620309592 0)
(0.198686968434 0.110415781757 0)
(0.205053260329 0.112941410106 0)
(0.21139905823 0.114041206093 0)
(0.217800107326 0.113966559731 0)
(0.224289643849 0.112944498397 0)
(0.230870948781 0.111171632997 0)
(0.237527770324 0.108813190073 0)
(0.244232355547 0.106004926065 0)
(0.250951235714 0.102856463071 0)
(0.257649121759 0.0994551027191 0)
(0.264291348546 0.0958695596477 0)
(0.270845285844 0.0921533299134 0)
(0.277281056705 0.0883475859006 0)
(0.283571813525 0.0844835897077 0)
(0.289693743116 0.0805846661914 0)
(0.295625913073 0.0766677955038 0)
(0.301350031194 0.072744887437 0)
(0.306850163331 0.0688237948945 0)
(0.312112438091 0.0649091161314 0)
(0.317124756003 0.061002827344 0)
(0.321876513658 0.0571047797896 0)
(0.326358348694 0.0532130892089 0)
(0.330561908401 0.0493244399467 0)
(0.334479642752 0.0454343217598 0)
(0.338104621442 0.0415372137152 0)
(0.341430373859 0.0376267267148 0)
(0.344450750607 0.0336957139051 0)
(0.34715980522 0.0297363564591 0)
(0.349551694822 0.0257402308427 0)
(0.351620598792 0.0216983626615 0)
(0.353360654838 0.0176012714596 0)
(0.345932965462 0.0121625059092 0)
(0.347058449193 0.00828764773897 0)
(0.347799705682 0.00433319946032 0)
(0.348149366208 0.000288305337834 0)
(0.348099673714 -0.00385820994444 0)
(0.347642518155 -0.00811779391405 0)
(0.346769495187 -0.0125021017031 0)
(0.345471991976 -0.0170229079297 0)
(0.343741304823 -0.0216919871382 0)
(0.341568794218 -0.0265209526572 0)
(0.338946083979 -0.0315210408136 0)
(0.335865312124 -0.036702823596 0)
(0.332319442009 -0.042075827838 0)
(0.328302642921 -0.047648032435 0)
(0.323810749436 -0.0534252065741 0)
(0.318841808125 -0.0594100408966 0)
(0.313396718064 -0.0656010091947 0)
(0.307479967085 -0.071990879845 0)
(0.301100457067 -0.0785647727988 0)
(0.294272395628 -0.0852976288754 0)
(0.287016202662 -0.0921509235665 0)
(0.279359328472 -0.0990684199989 0)
(0.271336791214 -0.10597072262 0)
(0.262991095627 -0.112748381527 0)
(0.254370974313 -0.119253339891 0)
(0.245528092545 -0.125288668862 0)
(0.236510504974 -0.130596876141 0)
(0.227351310391 -0.13484770671 0)
(0.218050664079 -0.137627401029 0)
(0.208548997293 -0.138433076663 0)
(0.198688843974 -0.136678918696 0)
(0.188162888094 -0.131726668009 0)
(0.176451185227 -0.122963103205 0)
(0.162761843348 -0.109957098423 0)
(0.146024442286 -0.092758030038 0)
(0.12585532521 -0.0722506562548 0)
(0.0985828300665 -0.0482349505083 0)
(0.0732007703281 -0.0272618814433 0)
(0.0402485089618 -0.0119195865825 0)
(0.0271476887223 -0.00344629459338 0)
(0.0221961086124 2.46928599235e-05 0)
(0.0256477888021 0.00318699684542 0)
(0.0360710849742 0.0102436292704 0)
(0.0630116404776 0.0222952552738 0)
(0.0826021414238 0.0380070695837 0)
(0.103713012086 0.0555441656386 0)
(0.119207075295 0.0698050961191 0)
(0.132397765899 0.0817927995502 0)
(0.143585853707 0.0912095921822 0)
(0.153475110783 0.0981029289379 0)
(0.16257163881 0.102747139772 0)
(0.171218426742 0.10548507778 0)
(0.179632688148 0.10666168097 0)
(0.187939267008 0.106591020176 0)
(0.196199377305 0.1055438997 0)
(0.204432387555 0.103745716599 0)
(0.212631747785 0.101379325669 0)
(0.22077626285 0.0985902010347 0)
(0.228837681716 0.0954923330421 0)
(0.236785494768 0.0921739552371 0)
(0.24458975126 0.0887026407449 0)
(0.252222564823 0.0851296013402 0)
(0.259658800328 0.0814931933202 0)
(0.266876275739 0.0778217161525 0)
(0.273855690377 0.0741356171162 0)
(0.280580407801 0.0704492139062 0)
(0.287036169041 0.0667720337666 0)
(0.293210780325 0.0631098509905 0)
(0.299093800797 0.0594654886349 0)
(0.304676244613 0.055839436559 0)
(0.309950305115 0.0522303266566 0)
(0.314909104609 0.0486352972104 0)
(0.319546470676 0.045050271254 0)
(0.323856738387 0.0414701683331 0)
(0.327834576909 0.0378890647832 0)
(0.33147483857 0.0343003143258 0)
(0.334772428409 0.0306966382359 0)
(0.337722192335 0.0270701923871 0)
(0.340318822327 0.0234126170036 0)
(0.342556777451 0.0197150738657 0)
(0.344430219866 0.015968274942 0)
(0.33796026407 0.0108107857693 0)
(0.339139801471 0.00733446555663 0)
(0.339900627437 0.00378617106478 0)
(0.340234356915 0.000155588557623 0)
(0.340131918598 -0.00356793207492 0)
(0.339583570866 -0.00739535001067 0)
(0.338578937116 -0.0113378922968 0)
(0.337107064191 -0.0154069933506 0)
(0.335156508541 -0.0196142082121 0)
(0.332715455871 -0.0239710905068 0)
(0.329771881243 -0.0284890232661 0)
(0.326313757949 -0.0331789869686 0)
(0.322329324865 -0.0380512441163 0)
(0.317807423377 -0.0431149128896 0)
(0.312737916183 -0.0483773933525 0)
(0.307112201124 -0.0538435975122 0)
(0.300923833338 -0.0595149181401 0)
(0.294169267692 -0.0653878491745 0)
(0.286848729137 -0.0714521407946 0)
(0.27896720813 -0.0776883325741 0)
(0.270535555064 -0.0840644562013 0)
(0.261571599899 -0.0905316339665 0)
(0.252101130872 -0.0970182231588 0)
(0.242158400413 -0.103422080772 0)
(0.231785553811 -0.109600474509 0)
(0.22102997439 -0.115357196936 0)
(0.209938022408 -0.120426630781 0)
(0.198543068892 -0.124454964077 0)
(0.186845061061 -0.126979568346 0)
(0.174777622484 -0.12740898103 0)
(0.162155647507 -0.125009126269 0)
(0.148590655632 -0.118910540147 0)
(0.13336053179 -0.108184909083 0)
(0.115214509082 -0.0921406803875 0)
(0.0922987924356 -0.0701047679531 0)
(0.0647030346233 -0.0428816086562 0)
(0.0207634184127 -0.0112478657514 0)
(0.00354956467173 -0.000451227864929 0)
(0 0 0)
(0 0 0)
(0 0 0)
(0 0 0)
(0 0 0)
(0.00298241418671 0.000377495933048 0)
(0.0167555050855 0.0088586860788 0)
(0.0509151521829 0.0323949522527 0)
(0.0719548780526 0.0519242017992 0)
(0.0899202670844 0.0674180802229 0)
(0.10462283261 0.0789367487707 0)
(0.117281918741 0.0872114762828 0)
(0.12874453761 0.0926790025632 0)
(0.139511107725 0.0958831987898 0)
(0.149875284913 0.0973178069754 0)
(0.159998289784 0.0973946319176 0)
(0.169958791519 0.096446272761 0)
(0.179784650693 0.0947357543385 0)
(0.189473906955 0.0924675777761 0)
(0.199008712371 0.0897985192455 0)
(0.208364196649 0.086847387526 0)
(0.217513727393 0.0837033489782 0)
(0.226431760552 0.0804327258168 0)
(0.235095194938 0.0770843758038 0)
(0.243483861905 0.0736938609937 0)
(0.251580548094 0.0702866365299 0)
(0.259370784695 0.0668804720957 0)
(0.266842532884 0.0634872839373 0)
(0.273985834626 0.0601145187157 0)
(0.280792464666 0.0567661981014 0)
(0.287255601607 0.0534437068388 0)
(0.293369526414 0.0501463867025 0)
(0.299129351482 0.0468719833759 0)
(0.304530780432 0.0436169817285 0)
(0.309569897195 0.0403768563036 0)
(0.314242982026 0.0371462573425 0)
(0.318546351705 0.0339191477969 0)
(0.322476221161 0.0306889031121 0)
(0.326028583892 0.0274483828148 0)
(0.329199108913 0.0241899808791 0)
(0.331983052321 0.0209056603124 0)
(0.334375182026 0.0175869762875 0)
(0.336369714653 0.0142250913588 0)
(0.330911864947 0.00939242632603 0)
(0.332138298647 0.00634728706277 0)
(0.332914782071 0.00323864200989 0)
(0.333231974974 5.70071765276e-05 0)
(0.333079562524 -0.00320743640417 0)
(0.332446250746 -0.00656483124464 0)
(0.331319776862 -0.0100256212129 0)
(0.329686937935 -0.0136005140749 0)
(0.327533642245 -0.0173004228834 0)
(0.324844988936 -0.0211363784232 0)
(0.321605382908 -0.0251194023189 0)
(0.317798693497 -0.029260326848 0)
(0.313408467312 -0.0335695426375 0)
(0.308418207641 -0.0380566487603 0)
(0.302811735154 -0.0427299705801 0)
(0.29657364709 -0.0475958980279 0)
(0.289689894875 -0.0526579793504 0)
(0.282148502666 -0.057915680662 0)
(0.273940450805 -0.0633626868568 0)
(0.265060745865 -0.0689845704838 0)
(0.255509686435 -0.0747555868021 0)
(0.24529429812 -0.0806342594403 0)
(0.234429828524 -0.0865572969423 0)
(0.222941026126 -0.0924312258425 0)
(0.210862628254 -0.0981209521952 0)
(0.198238014896 -0.103434302306 0)
(0.185114361564 -0.108101498364 0)
(0.171531944011 -0.111748540335 0)
(0.15750450257 -0.113863532281 0)
(0.142985784737 -0.113754946829 0)
(0.127810572247 -0.11050142975 0)
(0.11156907487 -0.102899960574 0)
(0.0932799805394 -0.0894868947503 0)
(0.0716251249206 -0.0688113901762 0)
(0.043741747123 -0.0391831016932 0)
(0.0073825857488 -0.00517487040953 0)
(0 0 0)
(0 0 0)
(0 0 0)
(0 0 0)
(0 0 0)
(0 0 0)
(0 0 0)
(0 0 0)
(0 0 0)
(0.00558041982118 0.00376995385742 0)
(0.0326254228449 0.028214945259 0)
(0.0533890679654 0.0490458901228 0)
(0.0702718106766 0.06380519547 0)
(0.0849958279078 0.0739724046555 0)
(0.0982695799408 0.0805374284949 0)
(0.11077489814 0.0843696139232 0)
(0.122824793278 0.0861791474857 0)
(0.134571773968 0.0865048385153 0)
(0.146084290546 0.0857525831787 0)
(0.157381880008 0.084226591424 0)
(0.168456905496 0.0821531972059 0)
(0.179288662059 0.0796994458821 0)
(0.189852010614 0.0769877071224 0)
(0.200122136426 0.0741070136469 0)
(0.210076804586 0.0711216899245 0)
(0.219697161261 0.0680778096772 0)
(0.228967776185 0.065007974396 0)
(0.237876336314 0.0619348279354 0)
(0.246413209576 0.0588736358179 0)
(0.254570985336 0.0558341786712 0)
(0.262344038475 0.0528221442707 0)
(0.269728134736 0.0498401527451 0)
(0.276720081716 0.0468885125784 0)
(0.28331742424 0.0439657782568 0)
(0.289518180627 0.0410691611518 0)
(0.295320615559 0.0381948313981 0)
(0.300723045067 0.0353381385469 0)
(0.305723669263 0.0324937715428 0)
(0.310320428727 0.0296558732962 0)
(0.314510880872 0.0268181212546 0)
(0.318292093079 0.0239737825344 0)
(0.321660549903 0.0211157500901 0)
(0.324612072201 0.0182365648675 0)
(0.327141746508 0.0153284277857 0)
(0.329243863514 0.0123832046193 0)
(0.324845253527 0.0079163604132 0)
(0.326111362017 0.00533155228169 0)
(0.326900060986 0.00269249231507 0)
(0.327201143434 -9.20116779241e-06 0)
(0.32700316001 -0.00278222487299 0)
(0.326293394071 -0.00563559043421 0)
(0.325057846917 -0.00857861634323 0)
(0.323281236201 -0.0116209082917 0)
(0.3209470115 -0.0147723231247 0)
(0.318037392233 -0.0180429099521 0)
(0.314533434542 -0.0214428196558 0)
(0.310415135551 -0.024982170834 0)
(0.305661585547 -0.0286708557661 0)
(0.300251181264 -0.0325182637596 0)
(0.294161916725 -0.0365328904858 0)
(0.287371772246 -0.0407217895048 0)
(0.279859227658 -0.0450898044098 0)
(0.271603932798 -0.0496384943291 0)
(0.262587576819 -0.0543646280459 0)
(0.252795006333 -0.0592580670081 0)
(0.242215645628 -0.0642987768169 0)
(0.230845257912 -0.0694525891782 0)
(0.218688030105 -0.0746651676083 0)
(0.205758823251 -0.0798533945002 0)
(0.192085149855 -0.0848930799206 0)
(0.177707972065 -0.0896014844898 0)
(0.162679798436 -0.0937126417248 0)
(0.147058032866 -0.0968428021775 0)
(0.130891437793 -0.0984421927319 0)
(0.114197057463 -0.0977268527068 0)
(0.0969180008163 -0.0935827004625 0)
(0.0787881064247 -0.084462899084 0)
(0.0589367125971 -0.0683799480586 0)
(0.0360087893217 -0.0425091224283 0)
(0.00474058725733 -0.00566835028525 0)
(0 0 0)
(0 0 0)
(0 0 0)
(0 0 0)
(0 0 0)
(0 0 0)
(0 0 0)
(0 0 0)
(0 0 0)
(0 0 0)
(0 0 0)
(0.00334594399863 0.00391480353656 0)
(0.0256796491394 0.0293100072394 0)
(0.0425495445634 0.0473882312242 0)
(0.0578309609606 0.0593180841964 0)
(0.0720669152055 0.0669143411088 0)
(0.085756374961 0.0713472523056 0)
(0.0991138424044 0.0735324466441 0)
(0.112208896031 0.0741358485094 0)
(0.125059091426 0.0736317223899 0)
(0.137652486533 0.072358626174 0)
(0.149962193507 0.0705583045303 0)
(0.161956619639 0.0684028922398 0)
(0.173605628753 0.0660145188583 0)
(0.184883459006 0.0634794968413 0)
(0.195769566434 0.0608585211133 0)
(0.206248380979 0.0581939503777 0)
(0.216308612506 0.0555149848808 0)
(0.225942449491 0.0528413463247 0)
(0.235144804609 0.050185898583 0)
(0.243912660079 0.0475565208015 0)
(0.252244519001 0.044957451679 0)
(0.26013995145 0.0423902578881 0)
(0.267599219999 0.039854533682 0)
(0.274622970322 0.0373484069619 0)
(0.281211974851 0.0348689051066 0)
(0.287366919648 0.0324122186073 0)
(0.293088226461 0.0299738898666 0)
(0.29837590331 0.0275489469794 0)
(0.303229418046 0.0251319969396 0)
(0.307647590293 0.0227172888624 0)
(0.311628497963 0.0202987550276 0)
(0.315169395308 0.0178700355446 0)
(0.318266640071 0.0154244909813 0)
(0.320915627951 0.012955206268 0)
(0.323110733053 0.0104549884546 0)
(0.319810555836 0.00639180959778 0)
(0.321109094313 0.0042924846236 0)
(0.321907029324 0.00214885786586 0)
(0.32219340195 -4.6103172911e-05 0)
(0.321955774408 -0.00229970824953 0)
(0.321180186126 -0.00461955105885 0)
(0.319851115406 -0.00701351030001 0)
(0.317951449209 -0.00948974236003 0)
(0.315462464537 -0.0120566618829 0)
(0.31236382605 -0.0147229051261 0)
(0.308633606014 -0.0174972690805 0)
(0.304248334581 -0.0203886166134 0)
(0.299183090728 -0.0234057340599 0)
(0.293411647323 -0.0265571222335 0)
(0.286906687866 -0.0298506940138 0)
(0.279640118183 -0.0332933403639 0)
(0.271583504419 -0.036890310068 0)
(0.26270868029 -0.0406443239102 0)
(0.252988582695 -0.0445543071594 0)
(0.242398395753 -0.0486135683783 0)
(0.230917106294 -0.0528071675214 0)
(0.218529589527 -0.057108086605 0)
(0.20522933062 -0.0614716192671 0)
(0.191021807508 -0.0658270985372 0)
(0.175928359161 -0.0700656373127 0)
(0.159990004555 -0.0740218892056 0)
(0.143270242271 -0.0774468140653 0)
(0.125855782643 -0.0799667446487 0)
(0.107855257542 -0.0810207776269 0)
(0.0893949462121 -0.0797605582102 0)
(0.0705748654633 -0.074882268075 0)
(0.0512613227258 -0.0644266498913 0)
(0.0315073586351 -0.0453760574279 0)
(0.00727057132025 -0.0112656465742 0)
(0 0 0)
(0 0 0)
(0 0 0)
(0 0 0)
(0 0 0)
(0 0 0)
(0 0 0)
(0 0 0)
(0 0 0)
(0 0 0)
(0 0 0)
(0 0 0)
(0 0 0)
(0.00495724496204 0.00748157726471 0)
(0.0217023929497 0.0304252787171 0)
(0.0362504919313 0.0441483265404 0)
(0.0507181078123 0.052501599891 0)
(0.0650212302343 0.0573179146275 0)
(0.0792576416054 0.0597438319974 0)
(0.093376842556 0.0605659310827 0)
(0.107306285579 0.0603063225953 0)
(0.120978569863 0.0593188563139 0)
(0.134333774282 0.057846187542 0)
(0.147321480028 0.0560553988441 0)
(0.159901946778 0.0540616658159 0)
(0.172045727915 0.0519443312439 0)
(0.183732265506 0.0497578956487 0)
(0.194948135221 0.0475395534026 0)
(0.205685362025 0.0453143758969 0)
(0.21593998792 0.0430988919605 0)
(0.225710927671 0.0409035750349 0)
(0.234999081843 0.0387345817752 0)
(0.243806656472 0.0365949749118 0)
(0.252136640467 0.0344855879955 0)
(0.259992401032 0.0324056393272 0)
(0.267377367194 0.0303531687058 0)
(0.274294779618 0.0283253480022 0)
(0.280747490688 0.0263187012441 0)
(0.286737802997 0.0243292594094 0)
(0.292267337177 0.0223526678697 0)
(0.297336922055 0.0203842593575 0)
(0.301946501614 0.018419101746 0)
(0.306095054422 0.0164520273902 0)
(0.309780522128 0.0144776489645 0)
(0.312999744423 0.0124903654328 0)
(0.315748398504 0.0104843608699 0)
(0.318020941629 0.0084535982148 0)
(0.31584983004 0.00482822220387 0)
(0.317173557986 0.00323508491355 0)
(0.317978175621 0.00160818174179 0)
(0.318252111048 -5.79593531307e-05 0)
(0.317982118041 -0.00176903395292 0)
(0.317153215783 -0.00353097042327 0)
(0.315748630129 -0.00534993545396 0)
(0.313749738467 -0.00723233390639 0)
(0.311136021124 -0.00918480025258 0)
(0.307885023366 -0.0112141778442 0)
(0.303972333516 -0.013327480761 0)
(0.299371584587 -0.0155318308611 0)
(0.29405448937 -0.0178343596173 0)
(0.287990922328 -0.0202420599402 0)
(0.281149066451 -0.0227615668218 0)
(0.273495650228 -0.0253988362667 0)
(0.264996310347 -0.0281586780175 0)
(0.255616131568 -0.0310440764768 0)
(0.245320438763 -0.0340552018957 0)
(0.234075949675 -0.0371879637698 0)
(0.221852440852 -0.0404318800013 0)
(0.208625129174 -0.0437669121327 0)
(0.194378013337 -0.0471587225624 0)
(0.17910842826 -0.0505515020303 0)
(0.162833014697 -0.0538570246912 0)
(0.145595226993 -0.0569377873232 0)
(0.127474663933 -0.059580724722 0)
(0.108599942919 -0.0614555005342 0)
(0.0891725152166 -0.0620464333777 0)
(0.0695167971898 -0.0605373834782 0)
(0.0500733822486 -0.0556237459007 0)
(0.0312637727464 -0.0453206919569 0)
(0.014147563122 -0.0268199450019 0)
(0.000117696357846 -0.00145323579153 0)
(0 0 0)
(0 0 0)
(0 0 0)
(0 0 0)
(0 0 0)
(0 0 0)
(0 0 0)
(0 0 0)
(0 0 0)
(0 0 0)
(0 0 0)
(0 0 0)
(0 0 0)
(4.870733107e-05 0.000928310323744 0)
(0.00944615151295 0.0174477049735 0)
(0.0213402803352 0.0303206763744 0)
(0.0347680231515 0.0382872282008 0)
(0.0489790057912 0.0428774047046 0)
(0.0636308846373 0.0452236866613 0)
(0.0784360809234 0.0461069411697 0)
(0.0931685320295 0.046031493277 0)
(0.107679535468 0.0453269465851 0)
(0.121864660347 0.0442121861734 0)
(0.135649084818 0.04283397127 0)
(0.148980479914 0.0412912144027 0)
(0.161823893784 0.0396507154281 0)
(0.174157469958 0.0379575305587 0)
(0.185968904783 0.0362418769428 0)
(0.197252652315 0.0345237674867 0)
(0.208007809893 0.0328161461799 0)
(0.218236563143 0.0311270260329 0)
(0.227943058664 0.0294609586531 0)
(0.237132588965 0.027820052039 0)
(0.245810999686 0.0262046800158 0)
(0.253984253646 0.0246139790694 0)
(0.261658105801 0.0230461971524 0)
(0.268837857397 0.0214989384801 0)
(0.275528167227 0.0199693346612 0)
(0.281732904401 0.0184541632896 0)
(0.287455031287 0.016949928855 0)
(0.292696508234 0.0154529164931 0)
(0.297458213723 0.0139592260816 0)
(0.301739875128 0.0124647920716 0)
(0.305540006412 0.0109653929434 0)
(0.308855849966 0.00945665311761 0)
(0.311683320531 0.00793403940665 0)
(0.314016949711 0.00639285357241 0)
(0.312996456717 0.00323521769199 0)
(0.314338152677 0.00216414611376 0)
(0.315147262647 0.0010703017281 0)
(0.31541176112 -5.00601392819e-05 0)
(0.315117802186 -0.0012008409431 0)
(0.314249646705 -0.00238610720873 0)
(0.312789587797 -0.00361009661667 0)
(0.310717876366 -0.00487722060474 0)
(0.308012649125 -0.00619206172474 0)
(0.304649862682 -0.00755936328546 0)
(0.300603238641 -0.00898400780069 0)
(0.295844226575 -0.0104709793018 0)
(0.290341994336 -0.0120253024699 0)
(0.284063458781 -0.0136519484779 0)
(0.276973375311 -0.0153556929328 0)
(0.269034512555 -0.017140904616 0)
(0.260207950848 -0.0190112336212 0)
(0.250453562392 -0.0209691520303 0)
(0.239730760542 -0.0230152762544 0)
(0.227999649829 -0.0251473623903 0)
(0.215222770284 -0.0273588059256 0)
(0.201367709784 -0.0296363810621 0)
(0.186410950385 -0.0319568003 0)
(0.17034340779 -0.0342814241429 0)
(0.153178222884 -0.0365480377151 0)
(0.134961582428 -0.0386579074118 0)
(0.115788182331 -0.0404550527739 0)
(0.0958260472316 -0.04169211085 0)
(0.0753644985167 -0.041971511568 0)
(0.0549062682189 -0.0406382909562 0)
(0.0352307120801 -0.0365855405413 0)
(0.0178178887914 -0.0279398196113 0)
(0.00440829291968 -0.010292106452 0)
(0 0 0)
(0 0 0)
(0 0 0)
(0 0 0)
(0 0 0)
(0 0 0)
(0 0 0)
(0 0 0)
(0 0 0)
(0 0 0)
(0 0 0)
(0 0 0)
(0 0 0)
(0 0 0)
(0 0 0)
(0.00283374238508 0.00649026827956 0)
(0.0116889658096 0.0183195930797 0)
(0.0236754860935 0.0248072807112 0)
(0.0375584337156 0.028447062673 0)
(0.052378679924 0.0303083541144 0)
(0.0676115744915 0.0310461861744 0)
(0.0828944532533 0.0310641455891 0)
(0.0980019897892 0.0306177036736 0)
(0.112787634019 0.0298727295665 0)
(0.127153559384 0.0289385674108 0)
(0.141035419066 0.0278878783251 0)
(0.154392714128 0.0267691114594 0)
(0.167201842877 0.0256145531831 0)
(0.179450933414 0.0244456007858 0)
(0.191136054074 0.0232762534917 0)
(0.202258495607 0.0221154442734 0)
(0.212822856391 0.0209686112296 0)
(0.222835706065 0.0198387658014 0)
(0.232304653746 0.0187272248674 0)
(0.241237694346 0.0176341159586 0)
(0.249642744964 0.0165587276797 0)
(0.257527311569 0.0154997534118 0)
(0.264898245768 0.0144554607287 0)
(0.271761564427 0.0134238086607 0)
(0.278122313425 0.0124025280744 0)
(0.283984462313 0.0113891758064 0)
(0.289350820358 0.0103811700207 0)
(0.294222966965 0.00937581207502 0)
(0.298601191268 0.0083702986552 0)
(0.30248443698 0.00736172687085 0)
(0.305870249615 0.00634709425005 0)
(0.308754723918 0.00532329504655 0)
(0.311132449947 0.00428711390619 0)
(0.311274645009 0.00162253728202 0)
(0.312627110117 0.00108428678733 0)
(0.313438799389 0.000534570139696 0)
(0.313697408641 -2.85145073667e-05 0)
(0.313388722978 -0.000606949784547 0)
(0.312496536036 -0.00120280391315 0)
(0.311002565519 -0.00181823449261 0)
(0.308886366462 -0.00245549064697 0)
(0.306125244403 -0.00311691266468 0)
(0.302694171659 -0.00380492791166 0)
(0.298565711287 -0.00452204128518 0)
(0.29370995518 -0.00527081773443 0)
(0.288094485411 -0.00605385329764 0)
(0.281684371641 -0.00687372953023 0)
(0.274442223033 -0.00773294386931 0)
(0.266328321629 -0.00863380499495 0)
(0.257300877633 -0.00957827695205 0)
(0.247316468388 -0.0105677476307 0)
(0.236330756377 -0.0116026844232 0)
(0.224299632503 -0.0126821196162 0)
(0.211181004703 -0.0138028756302 0)
(0.196937551744 -0.0149583878559 0)
(0.181540886831 -0.0161368977668 0)
(0.164977722737 -0.0173186495309 0)
(0.147258824734 -0.0184714902411 0)
(0.128431944335 -0.0195438677276 0)
(0.108601202917 -0.0204534564004 0)
(0.087959608211 -0.0210680500728 0)
(0.0668528508582 -0.0211717592164 0)
(0.0458975965764 -0.0204017447707 0)
(0.0260117277485 -0.0181331021029 0)
(0.00894114112264 -0.0133606139339 0)
(0.000568370509704 -0.00357119169153 0)
(0 0 0)
(0 0 0)
(0 0 0)
(0 0 0)
(0 0 0)
(0 0 0)
(0 0 0)
(0 0 0)
(0 0 0)
(0 0 0)
(0 0 0)
(0 0 0)
(0 0 0)
(0 0 0)
(0 0 0)
(0.000313125187099 0.00221172396749 0)
(0.00565895122562 0.00863635464158 0)
(0.0170163903257 0.0121723628659 0)
(0.0306907234279 0.0141715947033 0)
(0.0455783356911 0.0151964197041 0)
(0.0610507484565 0.0156130540741 0)
(0.0766575057427 0.015644273958 0)
(0.0921228405541 0.0154290400657 0)
(0.107272129624 0.0150565566855 0)
(0.121991998249 0.0145851235556 0)
(0.136209830185 0.0140532028664 0)
(0.1498811857 0.0134862694821 0)
(0.162981086643 0.0129011886737 0)
(0.175497763743 0.012309063354 0)
(0.187428198285 0.0117171066963 0)
(0.198774997161 0.0111298851725 0)
(0.209544235023 0.0105501510871 0)
(0.219743976695 0.0099794051167 0)
(0.229383266474 0.00941827956892 0)
(0.238471433165 0.00886680134484 0)
(0.247017607519 0.00832457330282 0)
(0.255030382934 0.00779089968267 0)
(0.262517573538 0.00726487280138 0)
(0.269486038943 0.00674543270068 0)
(0.275941554899 0.00623140776083 0)
(0.281888715353 0.00572154183414 0)
(0.287330855668 0.00521451177941 0)
(0.292269989555 0.0047089381281 0)
(0.296706754256 0.00420339081585 0)
(0.300640359949 0.00369639135622 0)
(0.304068540379 0.00318641244265 0)
(0.306987502528 0.0026718756919 0)
(0.309391873718 0.00215114805358 0)
(0.31069906899 2.06417092307e-13 0)
(0.312055121679 2.03497607637e-13 0)
(0.312867650989 1.99736710409e-13 0)
(0.313124258739 1.96956384653e-13 0)
(0.31281060548 1.93952978233e-13 0)
(0.311910327029 1.90810699317e-13 0)
(0.310404946599 1.88723003577e-13 0)
(0.30827378387 1.87152909782e-13 0)
(0.30549386306 1.85391944019e-13 0)
(0.302039823086 1.81852973772e-13 0)
(0.297883834242 1.82073340151e-13 0)
(0.292995527722 1.82063635623e-13 0)
(0.287341946929 1.79328163441e-13 0)
(0.28088753333 1.74400313118e-13 0)
(0.273594165252 1.72653600306e-13 0)
(0.265421276802 1.67650713177e-13 0)
(0.256326097902 1.60434885846e-13 0)
(0.246264078577 1.52988230254e-13 0)
(0.235189595449 1.44396494346e-13 0)
(0.223057091706 1.38499661833e-13 0)
(0.20982287964 1.33402971175e-13 0)
(0.195447941374 1.23977113321e-13 0)
(0.179902199244 1.1544630067e-13 0)
(0.163170892946 1.07397965978e-13 0)
(0.145263928849 1.01351994988e-13 0)
(0.12622954676 9.46864018018e-14 0)
(0.106175114323 8.3301002909e-14 0)
(0.0853025807252 7.57434634777e-14 0)
(0.0639787102238 6.1221347073e-14 0)
(0.0428659177089 5.15206014239e-14 0)
(0.0229599109754 3.07270596102e-14 0)
(0.00609378369918 1.30061579688e-14 0)
(-0.000213065364193 4.35342214251e-15 0)
(0 0 0)
(0 0 0)
(0 0 0)
(0 0 0)
(0 0 0)
(0 0 0)
(0 0 0)
(0 0 0)
(0 0 0)
(0 0 0)
(0 0 0)
(0 0 0)
(0 0 0)
(0 0 0)
(0 0 0)
(-0.000183938064425 1.91762823056e-15 0)
(0.00377942124312 1.22604228578e-14 0)
(0.0148470262265 1.62196251792e-14 0)
(0.0284088305307 3.12899336789e-14 0)
(0.0433055424535 3.8640069878e-14 0)
(0.0588530788617 4.69757384322e-14 0)
(0.074566348006 5.07737297349e-14 0)
(0.0901508855263 6.22987703077e-14 0)
(0.10542195637 7.11069307532e-14 0)
(0.120260659461 8.19583300234e-14 0)
(0.134591441665 9.43834431472e-14 0)
(0.148368449228 1.04043763049e-13 0)
(0.161566190956 1.16712215762e-13 0)
(0.174172905539 1.23547015415e-13 0)
(0.186185868946 1.32048062686e-13 0)
(0.19760812652 1.37992318324e-13 0)
(0.20844624964 1.41630900932e-13 0)
(0.218708808397 1.48897510994e-13 0)
(0.228405333068 1.53092764302e-13 0)
(0.237545604564 1.57583324072e-13 0)
(0.246139165129 1.62958411976e-13 0)
(0.254194976879 1.69523140474e-13 0)
(0.261721180253 1.76351787174e-13 0)
(0.268724920511 1.83103558982e-13 0)
(0.27521222073 1.90046132456e-13 0)
(0.281187886396 1.96533771668e-13 0)
(0.286655431074 2.03615559693e-13 0)
(0.291617015573 2.09832549212e-13 0)
(0.296073395048 2.14596238139e-13 0)
(0.300023869954 2.17733682582e-13 0)
(0.303466237857 2.19331807104e-13 0)
(0.306396743869 2.18871343511e-13 0)
(0.308810028102 2.15770267333e-13 0)
(0.311274645009 -0.00162253728161 0)
(0.312627110117 -0.00108428678692 0)
(0.313438799389 -0.000534570139296 0)
(0.313697408641 2.85145077607e-05 0)
(0.313388722978 0.000606949784935 0)
(0.312496536036 0.00120280391353 0)
(0.311002565519 0.00181823449299 0)
(0.308886366462 0.00245549064735 0)
(0.306125244403 0.00311691266505 0)
(0.302694171659 0.00380492791203 0)
(0.298565711287 0.00452204128555 0)
(0.29370995518 0.00527081773479 0)
(0.288094485411 0.006053853298 0)
(0.281684371641 0.00687372953058 0)
(0.274442223033 0.00773294386965 0)
(0.266328321629 0.00863380499528 0)
(0.257300877633 0.00957827695236 0)
(0.247316468388 0.010567747631 0)
(0.236330756377 0.0116026844235 0)
(0.224299632503 0.0126821196165 0)
(0.211181004703 0.0138028756305 0)
(0.196937551744 0.0149583878562 0)
(0.181540886831 0.016136897767 0)
(0.164977722737 0.0173186495311 0)
(0.147258824734 0.0184714902413 0)
(0.128431944335 0.0195438677278 0)
(0.108601202917 0.0204534564006 0)
(0.087959608211 0.0210680500729 0)
(0.0668528508582 0.0211717592165 0)
(0.0458975965764 0.0204017447708 0)
(0.0260117277485 0.0181331021029 0)
(0.00894114112264 0.013360613934 0)
(0.000568370509705 0.00357119169154 0)
(0 0 0)
(0 0 0)
(0 0 0)
(0 0 0)
(0 0 0)
(0 0 0)
(0 0 0)
(0 0 0)
(0 0 0)
(0 0 0)
(0 0 0)
(0 0 0)
(0 0 0)
(0 0 0)
(0 0 0)
(0.000313125187099 -0.00221172396749 0)
(0.00565895122562 -0.00863635464156 0)
(0.0170163903257 -0.0121723628658 0)
(0.0306907234279 -0.0141715947032 0)
(0.0455783356911 -0.015196419704 0)
(0.0610507484565 -0.015613054074 0)
(0.0766575057426 -0.0156442739579 0)
(0.0921228405541 -0.0154290400655 0)
(0.107272129624 -0.0150565566853 0)
(0.121991998249 -0.0145851235555 0)
(0.136209830185 -0.0140532028662 0)
(0.1498811857 -0.0134862694819 0)
(0.162981086643 -0.0129011886735 0)
(0.175497763743 -0.0123090633538 0)
(0.187428198285 -0.011717106696 0)
(0.198774997161 -0.0111298851722 0)
(0.209544235023 -0.0105501510868 0)
(0.219743976695 -0.00997940511641 0)
(0.229383266474 -0.00941827956862 0)
(0.238471433165 -0.00886680134453 0)
(0.247017607519 -0.00832457330249 0)
(0.255030382934 -0.00779089968233 0)
(0.262517573538 -0.00726487280103 0)
(0.269486038943 -0.00674543270032 0)
(0.275941554899 -0.00623140776045 0)
(0.281888715353 -0.00572154183374 0)
(0.287330855668 -0.00521451177901 0)
(0.292269989555 -0.00470893812769 0)
(0.296706754256 -0.00420339081542 0)
(0.300640359949 -0.00369639135579 0)
(0.304068540379 -0.00318641244221 0)
(0.306987502528 -0.00267187569146 0)
(0.309391873718 -0.00215114805315 0)
(0.312996456717 -0.00323521769157 0)
(0.314338152677 -0.00216414611335 0)
(0.315147262647 -0.0010703017277 0)
(0.31541176112 5.00601396769e-05 0)
(0.315117802186 0.00120084094349 0)
(0.314249646705 0.00238610720912 0)
(0.312789587797 0.00361009661704 0)
(0.310717876366 0.00487722060512 0)
(0.308012649125 0.00619206172511 0)
(0.304649862682 0.00755936328583 0)
(0.300603238641 0.00898400780105 0)
(0.295844226575 0.0104709793022 0)
(0.290341994336 0.0120253024703 0)
(0.284063458781 0.0136519484782 0)
(0.276973375311 0.0153556929331 0)
(0.269034512555 0.0171409046163 0)
(0.260207950848 0.0190112336215 0)
(0.250453562392 0.0209691520306 0)
(0.239730760542 0.0230152762547 0)
(0.227999649829 0.0251473623906 0)
(0.215222770284 0.0273588059258 0)
(0.201367709784 0.0296363810623 0)
(0.186410950385 0.0319568003002 0)
(0.17034340779 0.0342814241431 0)
(0.153178222884 0.0365480377153 0)
(0.134961582428 0.038657907412 0)
(0.115788182331 0.0404550527741 0)
(0.0958260472316 0.0416921108501 0)
(0.0753644985167 0.0419715115682 0)
(0.0549062682189 0.0406382909563 0)
(0.0352307120801 0.0365855405414 0)
(0.0178178887914 0.0279398196113 0)
(0.00440829291968 0.010292106452 0)
(0 0 0)
(0 0 0)
(0 0 0)
(0 0 0)
(0 0 0)
(0 0 0)
(0 0 0)
(0 0 0)
(0 0 0)
(0 0 0)
(0 0 0)
(0 0 0)
(0 0 0)
(0 0 0)
(0 0 0)
(0.00283374238508 -0.00649026827955 0)
(0.0116889658096 -0.0183195930797 0)
(0.0236754860935 -0.0248072807112 0)
(0.0375584337156 -0.0284470626729 0)
(0.052378679924 -0.0303083541144 0)
(0.0676115744915 -0.0310461861744 0)
(0.0828944532533 -0.031064145589 0)
(0.0980019897892 -0.0306177036734 0)
(0.112787634019 -0.0298727295664 0)
(0.127153559384 -0.0289385674106 0)
(0.141035419066 -0.0278878783249 0)
(0.154392714128 -0.0267691114592 0)
(0.167201842877 -0.0256145531829 0)
(0.179450933414 -0.0244456007855 0)
(0.191136054074 -0.0232762534915 0)
(0.202258495607 -0.0221154442731 0)
(0.212822856391 -0.0209686112293 0)
(0.222835706065 -0.0198387658011 0)
(0.232304653746 -0.0187272248671 0)
(0.241237694346 -0.0176341159583 0)
(0.249642744964 -0.0165587276794 0)
(0.257527311569 -0.0154997534115 0)
(0.264898245768 -0.0144554607284 0)
(0.271761564427 -0.0134238086603 0)
(0.278122313425 -0.012402528074 0)
(0.283984462313 -0.011389175806 0)
(0.289350820358 -0.0103811700203 0)
(0.294222966965 -0.00937581207461 0)
(0.298601191268 -0.00837029865477 0)
(0.30248443698 -0.00736172687042 0)
(0.305870249615 -0.00634709424962 0)
(0.308754723918 -0.00532329504612 0)
(0.311132449947 -0.00428711390576 0)
(0.31584983004 -0.00482822220345 0)
(0.317173557986 -0.00323508491313 0)
(0.317978175621 -0.00160818174138 0)
(0.318252111048 5.79593535295e-05 0)
(0.317982118041 0.00176903395331 0)
(0.317153215783 0.00353097042366 0)
(0.315748630129 0.00534993545434 0)
(0.313749738467 0.00723233390677 0)
(0.311136021124 0.00918480025296 0)
(0.307885023366 0.0112141778446 0)
(0.303972333516 0.0133274807614 0)
(0.299371584587 0.0155318308615 0)
(0.29405448937 0.0178343596176 0)
(0.287990922328 0.0202420599405 0)
(0.281149066451 0.0227615668221 0)
(0.273495650228 0.025398836267 0)
(0.264996310347 0.0281586780178 0)
(0.255616131568 0.0310440764771 0)
(0.245320438763 0.034055201896 0)
(0.234075949675 0.0371879637701 0)
(0.221852440852 0.0404318800015 0)
(0.208625129174 0.043766912133 0)
(0.194378013337 0.0471587225626 0)
(0.17910842826 0.0505515020306 0)
(0.162833014697 0.0538570246914 0)
(0.145595226993 0.0569377873234 0)
(0.127474663933 0.0595807247221 0)
(0.108599942919 0.0614555005343 0)
(0.0891725152166 0.0620464333778 0)
(0.0695167971898 0.0605373834783 0)
(0.0500733822486 0.0556237459008 0)
(0.0312637727464 0.0453206919569 0)
(0.014147563122 0.0268199450019 0)
(0.000117696357847 0.00145323579153 0)
(0 0 0)
(0 0 0)
(0 0 0)
(0 0 0)
(0 0 0)
(0 0 0)
(0 0 0)
(0 0 0)
(0 0 0)
(0 0 0)
(0 0 0)
(0 0 0)
(0 0 0)
(4.87073310697e-05 -0.000928310323743 0)
(0.00944615151295 -0.0174477049735 0)
(0.0213402803352 -0.0303206763743 0)
(0.0347680231515 -0.0382872282007 0)
(0.0489790057912 -0.0428774047046 0)
(0.0636308846373 -0.0452236866612 0)
(0.0784360809234 -0.0461069411696 0)
(0.0931685320295 -0.0460314932769 0)
(0.107679535468 -0.045326946585 0)
(0.121864660347 -0.0442121861733 0)
(0.135649084818 -0.0428339712699 0)
(0.148980479914 -0.0412912144025 0)
(0.161823893784 -0.0396507154279 0)
(0.174157469958 -0.0379575305585 0)
(0.185968904783 -0.0362418769426 0)
(0.197252652315 -0.0345237674864 0)
(0.208007809893 -0.0328161461796 0)
(0.218236563143 -0.0311270260327 0)
(0.227943058664 -0.0294609586528 0)
(0.237132588964 -0.0278200520387 0)
(0.245810999686 -0.0262046800155 0)
(0.253984253646 -0.0246139790691 0)
(0.261658105801 -0.023046197152 0)
(0.268837857397 -0.0214989384798 0)
(0.275528167227 -0.0199693346608 0)
(0.281732904401 -0.0184541632892 0)
(0.287455031287 -0.0169499288546 0)
(0.292696508234 -0.0154529164927 0)
(0.297458213723 -0.0139592260811 0)
(0.301739875128 -0.0124647920712 0)
(0.305540006412 -0.010965392943 0)
(0.308855849966 -0.00945665311718 0)
(0.311683320531 -0.00793403940622 0)
(0.314016949711 -0.00639285357198 0)
(0.319810555836 -0.00639180959735 0)
(0.321109094314 -0.00429248462318 0)
(0.321907029324 -0.00214885786545 0)
(0.32219340195 4.61031733165e-05 0)
(0.321955774408 0.00229970824992 0)
(0.321180186126 0.00461955105925 0)
(0.319851115406 0.0070135103004 0)
(0.317951449209 0.00948974236041 0)
(0.315462464537 0.0120566618833 0)
(0.31236382605 0.0147229051265 0)
(0.308633606014 0.0174972690809 0)
(0.304248334581 0.0203886166137 0)
(0.299183090728 0.0234057340602 0)
(0.293411647323 0.0265571222339 0)
(0.286906687866 0.0298506940141 0)
(0.279640118183 0.0332933403643 0)
(0.271583504419 0.0368903100683 0)
(0.26270868029 0.0406443239105 0)
(0.252988582695 0.0445543071597 0)
(0.242398395753 0.0486135683785 0)
(0.230917106294 0.0528071675217 0)
(0.218529589527 0.0571080866052 0)
(0.20522933062 0.0614716192673 0)
(0.191021807508 0.0658270985374 0)
(0.175928359161 0.0700656373129 0)
(0.159990004555 0.0740218892057 0)
(0.143270242271 0.0774468140655 0)
(0.125855782643 0.0799667446489 0)
(0.107855257542 0.081020777627 0)
(0.0893949462121 0.0797605582103 0)
(0.0705748654633 0.0748822680751 0)
(0.0512613227258 0.0644266498914 0)
(0.0315073586351 0.045376057428 0)
(0.00727057132025 0.0112656465742 0)
(0 0 0)
(0 0 0)
(0 0 0)
(0 0 0)
(0 0 0)
(0 0 0)
(0 0 0)
(0 0 0)
(0 0 0)
(0 0 0)
(0 0 0)
(0 0 0)
(0 0 0)
(0.00495724496204 -0.0074815772647 0)
(0.0217023929497 -0.0304252787171 0)
(0.0362504919313 -0.0441483265403 0)
(0.0507181078123 -0.0525015998909 0)
(0.0650212302343 -0.0573179146274 0)
(0.0792576416054 -0.0597438319973 0)
(0.093376842556 -0.0605659310826 0)
(0.107306285579 -0.0603063225951 0)
(0.120978569863 -0.0593188563138 0)
(0.134333774282 -0.0578461875418 0)
(0.147321480028 -0.0560553988439 0)
(0.159901946778 -0.0540616658157 0)
(0.172045727915 -0.0519443312437 0)
(0.183732265506 -0.0497578956485 0)
(0.194948135221 -0.0475395534024 0)
(0.205685362025 -0.0453143758966 0)
(0.21593998792 -0.0430988919603 0)
(0.225710927671 -0.0409035750347 0)
(0.234999081843 -0.0387345817749 0)
(0.243806656472 -0.0365949749115 0)
(0.252136640467 -0.0344855879952 0)
(0.259992401032 -0.0324056393269 0)
(0.267377367194 -0.0303531687055 0)
(0.274294779618 -0.0283253480018 0)
(0.280747490688 -0.0263187012438 0)
(0.286737802997 -0.0243292594091 0)
(0.292267337177 -0.0223526678693 0)
(0.297336922055 -0.0203842593571 0)
(0.301946501614 -0.0184191017456 0)
(0.306095054422 -0.0164520273897 0)
(0.309780522128 -0.0144776489641 0)
(0.312999744423 -0.0124903654323 0)
(0.315748398504 -0.0104843608694 0)
(0.318020941629 -0.00845359821437 0)
(0.324845253527 -0.00791636041277 0)
(0.326111362017 -0.00533155228127 0)
(0.326900060986 -0.00269249231465 0)
(0.327201143434 9.20116820553e-06 0)
(0.32700316001 0.0027822248734 0)
(0.326293394071 0.00563559043461 0)
(0.325057846917 0.00857861634363 0)
(0.323281236201 0.011620908292 0)
(0.3209470115 0.0147723231251 0)
(0.318037392233 0.0180429099525 0)
(0.314533434542 0.0214428196562 0)
(0.310415135551 0.0249821708344 0)
(0.305661585547 0.0286708557664 0)
(0.300251181264 0.03251826376 0)
(0.294161916725 0.0365328904861 0)
(0.287371772246 0.0407217895051 0)
(0.279859227658 0.0450898044101 0)
(0.271603932798 0.0496384943294 0)
(0.262587576819 0.0543646280461 0)
(0.252795006333 0.0592580670083 0)
(0.242215645628 0.0642987768172 0)
(0.230845257912 0.0694525891784 0)
(0.218688030105 0.0746651676085 0)
(0.205758823251 0.0798533945004 0)
(0.192085149855 0.0848930799208 0)
(0.177707972065 0.08960148449 0)
(0.162679798436 0.093712641725 0)
(0.147058032866 0.0968428021776 0)
(0.130891437793 0.098442192732 0)
(0.114197057463 0.097726852707 0)
(0.0969180008163 0.0935827004626 0)
(0.0787881064247 0.0844628990841 0)
(0.0589367125972 0.0683799480587 0)
(0.0360087893217 0.0425091224284 0)
(0.00474058725733 0.00566835028526 0)
(0 0 0)
(0 0 0)
(0 0 0)
(0 0 0)
(0 0 0)
(0 0 0)
(0 0 0)
(0 0 0)
(0 0 0)
(0 0 0)
(0 0 0)
(0.00334594399863 -0.00391480353655 0)
(0.0256796491394 -0.0293100072394 0)
(0.0425495445634 -0.0473882312241 0)
(0.0578309609606 -0.0593180841963 0)
(0.0720669152055 -0.0669143411088 0)
(0.085756374961 -0.0713472523055 0)
(0.0991138424044 -0.073532446644 0)
(0.112208896031 -0.0741358485093 0)
(0.125059091426 -0.0736317223897 0)
(0.137652486533 -0.0723586261739 0)
(0.149962193507 -0.0705583045302 0)
(0.161956619639 -0.0684028922396 0)
(0.173605628753 -0.0660145188581 0)
(0.184883459006 -0.0634794968411 0)
(0.195769566434 -0.0608585211131 0)
(0.206248380979 -0.0581939503774 0)
(0.216308612506 -0.0555149848806 0)
(0.225942449491 -0.0528413463245 0)
(0.235144804609 -0.0501858985828 0)
(0.243912660079 -0.0475565208012 0)
(0.252244519001 -0.0449574516787 0)
(0.26013995145 -0.0423902578878 0)
(0.267599219998 -0.0398545336817 0)
(0.274622970322 -0.0373484069616 0)
(0.281211974851 -0.0348689051063 0)
(0.287366919648 -0.0324122186069 0)
(0.293088226461 -0.0299738898663 0)
(0.29837590331 -0.027548946979 0)
(0.303229418046 -0.0251319969392 0)
(0.307647590293 -0.022717288862 0)
(0.311628497964 -0.0202987550272 0)
(0.315169395308 -0.0178700355441 0)
(0.318266640071 -0.0154244909809 0)
(0.320915627951 -0.0129552062676 0)
(0.323110733053 -0.0104549884542 0)
(0.330911864947 -0.00939242632559 0)
(0.332138298647 -0.00634728706233 0)
(0.332914782071 -0.00323864200946 0)
(0.333231974974 -5.70071761067e-05 0)
(0.333079562524 0.00320743640458 0)
(0.332446250746 0.00656483124504 0)
(0.331319776862 0.0100256212133 0)
(0.329686937935 0.0136005140753 0)
(0.327533642245 0.0173004228838 0)
(0.324844988936 0.0211363784235 0)
(0.321605382908 0.0251194023193 0)
(0.317798693497 0.0292603268484 0)
(0.313408467312 0.0335695426378 0)
(0.308418207641 0.0380566487606 0)
(0.302811735154 0.0427299705804 0)
(0.29657364709 0.0475958980282 0)
(0.289689894875 0.0526579793507 0)
(0.282148502666 0.0579156806623 0)
(0.273940450805 0.0633626868571 0)
(0.265060745865 0.0689845704841 0)
(0.255509686435 0.0747555868024 0)
(0.24529429812 0.0806342594406 0)
(0.234429828524 0.0865572969425 0)
(0.222941026126 0.0924312258427 0)
(0.210862628254 0.0981209521954 0)
(0.198238014896 0.103434302306 0)
(0.185114361564 0.108101498364 0)
(0.171531944011 0.111748540335 0)
(0.15750450257 0.113863532281 0)
(0.142985784737 0.113754946829 0)
(0.127810572247 0.11050142975 0)
(0.11156907487 0.102899960574 0)
(0.0932799805394 0.0894868947503 0)
(0.0716251249207 0.0688113901762 0)
(0.043741747123 0.0391831016933 0)
(0.0073825857488 0.00517487040953 0)
(0 0 0)
(0 0 0)
(0 0 0)
(0 0 0)
(0 0 0)
(0 0 0)
(0 0 0)
(0 0 0)
(0 0 0)
(0.00558041982118 -0.00376995385742 0)
(0.0326254228449 -0.028214945259 0)
(0.0533890679654 -0.0490458901228 0)
(0.0702718106765 -0.06380519547 0)
(0.0849958279078 -0.0739724046555 0)
(0.0982695799407 -0.0805374284948 0)
(0.11077489814 -0.0843696139231 0)
(0.122824793278 -0.0861791474856 0)
(0.134571773968 -0.0865048385151 0)
(0.146084290546 -0.0857525831785 0)
(0.157381880008 -0.0842265914238 0)
(0.168456905496 -0.0821531972057 0)
(0.179288662059 -0.0796994458819 0)
(0.189852010614 -0.0769877071222 0)
(0.200122136426 -0.0741070136467 0)
(0.210076804586 -0.0711216899242 0)
(0.219697161261 -0.0680778096769 0)
(0.228967776185 -0.0650079743957 0)
(0.237876336314 -0.0619348279351 0)
(0.246413209576 -0.0588736358176 0)
(0.254570985336 -0.0558341786709 0)
(0.262344038475 -0.0528221442705 0)
(0.269728134736 -0.0498401527448 0)
(0.276720081716 -0.0468885125781 0)
(0.28331742424 -0.0439657782565 0)
(0.289518180627 -0.0410691611515 0)
(0.295320615559 -0.0381948313977 0)
(0.300723045067 -0.0353381385466 0)
(0.305723669263 -0.0324937715424 0)
(0.310320428727 -0.0296558732959 0)
(0.314510880873 -0.0268181212542 0)
(0.318292093079 -0.023973782534 0)
(0.321660549903 -0.0211157500897 0)
(0.324612072201 -0.0182365648671 0)
(0.327141746508 -0.0153284277853 0)
(0.329243863514 -0.0123832046188 0)
(0.33796026407 -0.0108107857689 0)
(0.339139801471 -0.0073344655562 0)
(0.339900627437 -0.00378617106435 0)
(0.340234356915 -0.000155588557196 0)
(0.340131918598 0.00356793207534 0)
(0.339583570866 0.00739535001109 0)
(0.338578937116 0.0113378922972 0)
(0.337107064191 0.015406993351 0)
(0.335156508541 0.0196142082125 0)
(0.332715455871 0.0239710905072 0)
(0.329771881243 0.0284890232665 0)
(0.326313757949 0.0331789869689 0)
(0.322329324865 0.0380512441167 0)
(0.317807423377 0.04311491289 0)
(0.312737916183 0.0483773933528 0)
(0.307112201124 0.0538435975125 0)
(0.300923833338 0.0595149181404 0)
(0.294169267692 0.0653878491747 0)
(0.286848729137 0.0714521407948 0)
(0.27896720813 0.0776883325743 0)
(0.270535555064 0.0840644562015 0)
(0.261571599899 0.0905316339667 0)
(0.252101130873 0.097018223159 0)
(0.242158400413 0.103422080772 0)
(0.231785553811 0.10960047451 0)
(0.22102997439 0.115357196937 0)
(0.209938022408 0.120426630781 0)
(0.198543068892 0.124454964077 0)
(0.186845061061 0.126979568346 0)
(0.174777622484 0.12740898103 0)
(0.162155647507 0.125009126269 0)
(0.148590655632 0.118910540147 0)
(0.13336053179 0.108184909083 0)
(0.115214509082 0.0921406803875 0)
(0.0922987924356 0.0701047679531 0)
(0.0647030346233 0.0428816086562 0)
(0.0207634184127 0.0112478657514 0)
(0.00354956467173 0.000451227864929 0)
(0 0 0)
(0 0 0)
(0 0 0)
(0 0 0)
(0 0 0)
(0.00298241418671 -0.000377495933048 0)
(0.0167555050855 -0.0088586860788 0)
(0.0509151521829 -0.0323949522527 0)
(0.0719548780525 -0.0519242017992 0)
(0.0899202670844 -0.0674180802228 0)
(0.10462283261 -0.0789367487707 0)
(0.117281918741 -0.0872114762827 0)
(0.12874453761 -0.0926790025631 0)
(0.139511107725 -0.0958831987897 0)
(0.149875284913 -0.0973178069753 0)
(0.159998289784 -0.0973946319174 0)
(0.169958791519 -0.0964462727608 0)
(0.179784650693 -0.0947357543384 0)
(0.189473906955 -0.0924675777759 0)
(0.199008712371 -0.0897985192453 0)
(0.208364196649 -0.0868473875258 0)
(0.217513727393 -0.083703348978 0)
(0.226431760552 -0.0804327258166 0)
(0.235095194938 -0.0770843758036 0)
(0.243483861905 -0.0736938609934 0)
(0.251580548094 -0.0702866365297 0)
(0.259370784695 -0.0668804720955 0)
(0.266842532884 -0.0634872839371 0)
(0.273985834626 -0.0601145187154 0)
(0.280792464666 -0.0567661981011 0)
(0.287255601607 -0.0534437068385 0)
(0.293369526414 -0.0501463867022 0)
(0.299129351482 -0.0468719833756 0)
(0.304530780431 -0.0436169817282 0)
(0.309569897195 -0.0403768563033 0)
(0.314242982026 -0.0371462573422 0)
(0.318546351705 -0.0339191477966 0)
(0.322476221161 -0.0306889031117 0)
(0.326028583892 -0.0274483828144 0)
(0.329199108914 -0.0241899808787 0)
(0.331983052321 -0.020905660312 0)
(0.334375182026 -0.0175869762871 0)
(0.336369714653 -0.0142250913584 0)
(0.345932965462 -0.0121625059088 0)
(0.347058449193 -0.00828764773855 0)
(0.347799705682 -0.00433319945989 0)
(0.348149366208 -0.000288305337404 0)
(0.348099673714 0.00385820994487 0)
(0.347642518155 0.00811779391447 0)
(0.346769495187 0.0125021017035 0)
(0.345471991976 0.0170229079302 0)
(0.343741304823 0.0216919871386 0)
(0.341568794218 0.0265209526576 0)
(0.338946083979 0.031521040814 0)
(0.335865312124 0.0367028235964 0)
(0.332319442009 0.0420758278383 0)
(0.328302642921 0.0476480324353 0)
(0.323810749436 0.0534252065744 0)
(0.318841808125 0.0594100408969 0)
(0.313396718064 0.0656010091949 0)
(0.307479967086 0.0719908798453 0)
(0.301100457067 0.0785647727991 0)
(0.294272395628 0.0852976288756 0)
(0.287016202663 0.0921509235667 0)
(0.279359328472 0.0990684199992 0)
(0.271336791214 0.10597072262 0)
(0.262991095627 0.112748381527 0)
(0.254370974313 0.119253339891 0)
(0.245528092545 0.125288668862 0)
(0.236510504974 0.130596876142 0)
(0.227351310391 0.13484770671 0)
(0.218050664079 0.13762740103 0)
(0.208548997293 0.138433076663 0)
(0.198688843974 0.136678918696 0)
(0.188162888094 0.131726668009 0)
(0.176451185227 0.122963103205 0)
(0.162761843348 0.109957098423 0)
(0.146024442286 0.092758030038 0)
(0.12585532521 0.0722506562548 0)
(0.0985828300665 0.0482349505083 0)
(0.0732007703281 0.0272618814433 0)
(0.0402485089618 0.0119195865825 0)
(0.0271476887223 0.00344629459338 0)
(0.0221961086124 -2.46928599234e-05 0)
(0.0256477888021 -0.00318699684542 0)
(0.0360710849742 -0.0102436292704 0)
(0.0630116404776 -0.0222952552738 0)
(0.0826021414238 -0.0380070695837 0)
(0.103713012086 -0.0555441656386 0)
(0.119207075295 -0.0698050961191 0)
(0.132397765899 -0.0817927995502 0)
(0.143585853707 -0.0912095921822 0)
(0.153475110783 -0.0981029289379 0)
(0.16257163881 -0.102747139772 0)
(0.171218426742 -0.10548507778 0)
(0.179632688148 -0.10666168097 0)
(0.187939267008 -0.106591020176 0)
(0.196199377305 -0.105543899699 0)
(0.204432387555 -0.103745716599 0)
(0.212631747785 -0.101379325669 0)
(0.22077626285 -0.0985902010345 0)
(0.228837681716 -0.0954923330419 0)
(0.236785494768 -0.0921739552369 0)
(0.24458975126 -0.0887026407447 0)
(0.252222564823 -0.08512960134 0)
(0.259658800328 -0.08149319332 0)
(0.266876275739 -0.0778217161522 0)
(0.273855690377 -0.074135617116 0)
(0.280580407801 -0.0704492139059 0)
(0.287036169041 -0.0667720337664 0)
(0.293210780325 -0.0631098509902 0)
(0.299093800797 -0.0594654886346 0)
(0.304676244613 -0.0558394365587 0)
(0.309950305115 -0.0522303266563 0)
(0.314909104609 -0.0486352972101 0)
(0.319546470676 -0.0450502712537 0)
(0.323856738387 -0.0414701683327 0)
(0.327834576909 -0.0378890647829 0)
(0.33147483857 -0.0343003143254 0)
(0.334772428409 -0.0306966382355 0)
(0.337722192335 -0.0270701923867 0)
(0.340318822327 -0.0234126170032 0)
(0.342556777451 -0.0197150738653 0)
(0.344430219866 -0.0159682749415 0)
(0.35476591226 -0.0134390103535 0)
(0.355830302635 -0.00920120414876 0)
(0.356547628634 -0.00487708953617 0)
(0.356911572158 -0.000455561153225 0)
(0.356915723551 0.00407477231546 0)
(0.356553634248 0.00872551717062 0)
(0.355818895853 0.0135084030982 0)
(0.354705249352 0.0184351638815 0)
(0.353206728917 0.0235173816525 0)
(0.351317845535 0.0287662836541 0)
(0.349033816381 0.0341924775674 0)
(0.346350846523 0.0398056076988 0)
(0.343266469831 0.0456139095367 0)
(0.339779955866 0.0516236341124 0)
(0.335892788601 0.0578383059646 0)
(0.331609220703 0.0642577689981 0)
(0.326936903106 0.0708769628042 0)
(0.321887582676 0.0776843578337 0)
(0.316477849314 0.084659961146 0)
(0.310729894979 0.091772785865 0)
(0.304672216384 0.0989776588772 0)
(0.298340143558 0.106211227297 0)
(0.291775998454 0.113387024453 0)
(0.285028571021 0.120389488757 0)
(0.278151438471 0.127066924543 0)
(0.271199455717 0.133223599608 0)
(0.264222547759 0.138611551294 0)
(0.257255807542 0.142923290636 0)
(0.250304929477 0.145787523461 0)
(0.243326266637 0.146771348715 0)
(0.236201466509 0.145394351598 0)
(0.228708516319 0.141162855151 0)
(0.220496888683 0.13363602137 0)
(0.211089671015 0.122536494712 0)
(0.199958102765 0.107917705884 0)
(0.186650663128 0.0903702927269 0)
(0.170300958207 0.0703239499234 0)
(0.154096321797 0.0522262481761 0)
(0.138329409255 0.0345262413877 0)
(0.127404357394 0.0155035746292 0)
(0.121383638403 0.00127880383523 0)
(0.122207925707 -0.0118915482373 0)
(0.127826644185 -0.0278807235992 0)
(0.137863732122 -0.0417194993125 0)
(0.148581213705 -0.054763339773 0)
(0.159963901316 -0.0690664209471 0)
(0.169471260352 -0.0814053860293 0)
(0.177827647562 -0.0918075512433 0)
(0.185301061675 -0.100060141946 0)
(0.192168573076 -0.10620309592 0)
(0.198686968434 -0.110415781757 0)
(0.205053260329 -0.112941410106 0)
(0.21139905823 -0.114041206093 0)
(0.217800107326 -0.113966559731 0)
(0.224289643849 -0.112944498396 0)
(0.230870948781 -0.111171632997 0)
(0.237527770324 -0.108813190073 0)
(0.244232355547 -0.106004926065 0)
(0.250951235714 -0.102856463071 0)
(0.257649121759 -0.0994551027189 0)
(0.264291348546 -0.0958695596475 0)
(0.270845285843 -0.0921533299132 0)
(0.277281056705 -0.0883475859004 0)
(0.283571813525 -0.0844835897075 0)
(0.289693743116 -0.0805846661911 0)
(0.295625913072 -0.0766677955036 0)
(0.301350031194 -0.0727448874367 0)
(0.306850163331 -0.0688237948942 0)
(0.312112438091 -0.0649091161311 0)
(0.317124756002 -0.0610028273437 0)
(0.321876513658 -0.0571047797893 0)
(0.326358348694 -0.0532130892085 0)
(0.330561908401 -0.0493244399464 0)
(0.334479642752 -0.0454343217594 0)
(0.338104621442 -0.0415372137149 0)
(0.341430373859 -0.0376267267144 0)
(0.344450750607 -0.0336957139047 0)
(0.34715980522 -0.0297363564588 0)
(0.349551694822 -0.0257402308423 0)
(0.351620598792 -0.0216983626611 0)
(0.353360654838 -0.0176012714591 0)
(0.364389323271 -0.0146321512822 0)
(0.365385763008 -0.0100693633815 0)
(0.366074396924 -0.00541446974022 0)
(0.366449966621 -0.000656402275265 0)
(0.366507407832 0.00421614477029 0)
(0.366241917435 0.0092146176046 0)
(0.365649048966 0.0143504817666 0)
(0.364724840037 0.0196350694016 0)
(0.363465975682 0.0250793855045 0)
(0.361869992124 0.0306938614842 0)
(0.359935525897 0.0364880415938 0)
(0.35766261341 0.0424701842399 0)
(0.355053045812 0.0486467558126 0)
(0.352110783132 0.0550217893109 0)
(0.348842429839 0.0615960735515 0)
(0.345257770629 0.0683661310742 0)
(0.341370359843 0.0753229339542 0)
(0.337198149392 0.0824502968664 0)
(0.332764127027 0.0897228764882 0)
(0.328096917038 0.0971036970921 0)
(0.323231265775 0.104541116823 0)
(0.318208290303 0.111965153084 0)
(0.313075304949 0.119283108381 0)
(0.307884953454 0.126374496119 0)
(0.302693265964 0.133085383835 0)
(0.297556145643 0.139222482912 0)
(0.292523707013 0.144547657444 0)
(0.287631900889 0.148774034674 0)
(0.282891051922 0.151565593589 0)
(0.278271405211 0.152542987028 0)
(0.273686714013 0.151299398497 0)
(0.268978814383 0.14743133063 0)
(0.263910242955 0.140589743947 0)
(0.258179077941 0.130554457115 0)
(0.251471787953 0.117323099479 0)
(0.243530899163 0.101180944341 0)
(0.234226598904 0.0827648610191 0)
(0.224647319908 0.0638363223707 0)
(0.215454424063 0.0436121677892 0)
(0.207884168572 0.022974125368 0)
(0.202861698976 0.00446562707755 0)
(0.201384162912 -0.0131245305536 0)
(0.202672595426 -0.0311446047219 0)
(0.205943899964 -0.0476488660239 0)
(0.210237014281 -0.0621852066194 0)
(0.215113930492 -0.075911164378 0)
(0.219687770572 -0.0878115944877 0)
(0.223980614674 -0.0977013285391 0)
(0.22806873978 -0.105564999351 0)
(0.232057937799 -0.111488287533 0)
(0.236063323209 -0.115632309132 0)
(0.24018121739 -0.118201284238 0)
(0.244476889178 -0.11941469751 0)
(0.248984154458 -0.119487751067 0)
(0.25371033834 -0.118619515838 0)
(0.258642801758 -0.116986842286 0)
(0.263755272832 -0.114742223907 0)
(0.269013221563 -0.112014192055 0)
(0.274378023926 -0.108909170797 0)
(0.279809949623 -0.1055140268 0)
(0.285270155402 -0.101898811213 0)
(0.290721912612 -0.0981193967708 0)
(0.296131283382 -0.0942198595211 0)
(0.301467419237 -0.0902345478104 0)
(0.306702611561 -0.0861898346634 0)
(0.311812185407 -0.0821055768756 0)
(0.316774299611 -0.0779963154711 0)
(0.32156969582 -0.0738722548028 0)
(0.32618142501 -0.0697400558436 0)
(0.330594570374 -0.0656034755752 0)
(0.33479597872 -0.0614638801434 0)
(0.338774007862 -0.0573206552727 0)
(0.342518294232 -0.0531715335949 0)
(0.346019542741 -0.0490128551909 0)
(0.349269339502 -0.0448397747828 0)
(0.352259987161 -0.0406464266167 0)
(0.354984362122 -0.0364260561247 0)
(0.357435792817 -0.0321711258914 0)
(0.359607958187 -0.0278734022155 0)
(0.36149480575 -0.0235240276375 0)
(0.363090488876 -0.0191135841379 0)
(0.374728578475 -0.0157342841002 0)
(0.375650466219 -0.0108862777352 0)
(0.376305318599 -0.00594129304851 0)
(0.376688923396 -0.000888571484685 0)
(0.376797528326 0.0042828230502 0)
(0.376627918939 0.00958387908339 0)
(0.376177525944 0.0150254856094 0)
(0.375444564914 0.0206182450761 0)
(0.374428211702 0.0263722414664 0)
(0.373128817128 0.0322967515193 0)
(0.371548164578 0.0383998845267 0)
(0.369689773849 0.0446881329648 0)
(0.367559253807 0.0511658124025 0)
(0.365164704857 0.0578343646273 0)
(0.362517169592 0.0646914927562 0)
(0.359631125731 0.0717300913634 0)
(0.35652500909 0.0789369285937 0)
(0.353221744894 0.0862910314141 0)
(0.349749252215 0.0937617205873 0)
(0.346140867079 0.10130624045 0)
(0.342435602854 0.108866933344 0)
(0.338678129489 0.116367924847 0)
(0.3349183041 0.123711322329 0)
(0.331210024492 0.130772998666 0)
(0.327609110493 0.137398152837 0)
(0.324169862403 0.143397030698 0)
(0.320939934248 0.148541472277 0)
(0.317953242357 0.152563335297 0)
(0.31522087043 0.155156315595 0)
(0.312720406454 0.155983199331 0)
(0.310384968193 0.15469104921 0)
(0.308094565085 0.150937046338 0)
(0.305674683329 0.144427139246 0)
(0.302909349375 0.134966903252 0)
(0.299573788681 0.122517265438 0)
(0.295482147893 0.107242742711 0)
(0.290581129528 0.0895716442479 0)
(0.285255928914 0.0702827383028 0)
(0.279865910493 0.0495940721332 0)
(0.274802933434 0.0283843886888 0)
(0.270668283484 0.00791577780557 0)
(0.268049765718 -0.0118064968774 0)
(0.266692879033 -0.0309168523135 0)
(0.266246415197 -0.048554148151 0)
(0.266518059278 -0.0642672949192 0)
(0.26729563101 -0.0782546726196 0)
(0.268253537685 -0.0902496548614 0)
(0.269349717224 -0.100191445245 0)
(0.270609905016 -0.108134256741 0)
(0.272080534498 -0.114196916033 0)
(0.27381350877 -0.118542827432 0)
(0.275851929969 -0.121361373797 0)
(0.27822181164 -0.122850909904 0)
(0.280930111153 -0.123205694945 0)
(0.28396661471 -0.122607183967 0)
(0.28730752317 -0.121219029073 0)
(0.29091943389 -0.119184897913 0)
(0.294763013514 -0.116628265058 0)
(0.298796032984 -0.113653460913 0)
(0.302975674784 -0.110347419353 0)
(0.307260162218 -0.10678172352 0)
(0.311609825104 -0.1030146885 0)
(0.315987730972 -0.0990933278776 0)
(0.320359998773 -0.0950551270901 0)
(0.324695890158 -0.090929594981 0)
(0.328967750918 -0.0867395934395 0)
(0.333150856053 -0.0825024601173 0)
(0.337223197072 -0.0782309461064 0)
(0.341165238974 -0.0739339925838 0)
(0.344959666082 -0.069617369935 0)
(0.348591129841 -0.0652842010706 0)
(0.352046007243 -0.0609353882928 0)
(0.355312175299 -0.0565699605687 0)
(0.358378804722 -0.0521853556768 0)
(0.361236174404 -0.0477776495096 0)
(0.363875507283 -0.0433417429087 0)
(0.366288827584 -0.0388715147921 0)
(0.368468839138 -0.034359949004 0)
(0.370408824428 -0.0297992412502 0)
(0.372102564044 -0.0251808916715 0)
(0.373544276489 -0.0204957880287 0)
(0.385705122631 -0.0167383422989 0)
(0.386546192339 -0.0116461038272 0)
(0.387161938726 -0.00645292579726 0)
(0.387549162958 -0.00114860882244 0)
(0.387705364713 0.00427715520634 0)
(0.387628827213 0.00983462960106 0)
(0.387318731439 0.0155338499874 0)
(0.386775301905 0.021384403575 0)
(0.385999986464 0.0273951605579 0)
(0.384995672598 0.033573945697 0)
(0.383766942342 0.0399271358248 0)
(0.382320367294 0.0464591662727 0)
(0.380664843851 0.0531719260706 0)
(0.37881196672 0.060064018226 0)
(0.376776435434 0.0671298575904 0)
(0.374576483778 0.0743585750175 0)
(0.372234315058 0.0817326931182 0)
(0.36977651648 0.0892265366997 0)
(0.367234412656 0.0968043411442 0)
(0.364644300535 0.104418026471 0)
(0.362047484728 0.112004616734 0)
(0.35949000247 0.11948330833 0)
(0.357021891361 0.126752233604 0)
(0.354695813032 0.133685037107 0)
(0.352564809298 0.140127492457 0)
(0.350678949604 0.145894549481 0)
(0.349080655161 0.150768421187 0)
(0.347798592187 0.154498593366 0)
(0.34684025582 0.156804940869 0)
(0.34618376134 0.1573854102 0)
(0.345769968689 0.155929883917 0)
(0.345496940857 0.152141709132 0)
(0.345219811087 0.145767614703 0)
(0.344759738808 0.136634803854 0)
(0.343924225099 0.124690895355 0)
(0.34253983161 0.11004161804 0)
(0.340512170138 0.092986312341 0)
(0.337919965957 0.0740127583747 0)
(0.334869811112 0.0535525266232 0)
(0.331493130082 0.0323385234481 0)
(0.328106807152 0.0112740591923 0)
(0.325045638919 -0.00922092274429 0)
(0.322308856926 -0.028835660105 0)
(0.319842297801 -0.0469609566674 0)
(0.317695050745 -0.0632168642457 0)
(0.315868664455 -0.0775385106 0)
(0.314304531274 -0.0898162465779 0)
(0.313018053068 -0.100042048917 0)
(0.312049744628 -0.108291860899 0)
(0.311441419795 -0.114693914385 0)
(0.311228797391 -0.119409101682 0)
(0.311436331295 -0.122616065112 0)
(0.312074094133 -0.124498817353 0)
(0.313137343751 -0.125237172867 0)
(0.314608106208 -0.125000093186 0)
(0.316457817152 -0.123941612459 0)
(0.318650282449 -0.122198829276 0)
(0.32114448975 -0.119891429779 0)
(0.323897017925 -0.11712225549 0)
(0.32686394681 -0.113978511381 0)
(0.330002271278 -0.110533304952 0)
(0.333270879065 -0.106847298854 0)
(0.336631173056 -0.10297033685 0)
(0.340047419113 -0.0989429614329 0)
(0.343486890757 -0.0947977821422 0)
(0.346919868998 -0.0905606800112 0)
(0.350319543027 -0.0862518495612 0)
(0.353661846689 -0.0818866886815 0)
(0.356925256816 -0.0774765511676 0)
(0.360090572624 -0.0730293783257 0)
(0.363140689951 -0.0685502260434 0)
(0.366060379972 -0.0640417028121 0)
(0.368836078899 -0.0595043327991 0)
(0.371455692902 -0.0549368565237 0)
(0.373908420792 -0.0503364801448 0)
(0.376184595936 -0.0456990829228 0)
(0.378275548124 -0.0410193911474 0)
(0.380173485699 -0.0362911257398 0)
(0.381871398076 -0.0315071298482 0)
(0.383362978755 -0.0266594820756 0)
(0.384642569009 -0.0217396004952 0)
(0.397237367867 -0.017637909962 0)
(0.397991770712 -0.0123430942355 0)
(0.39856295966 -0.00694426137471 0)
(0.39894870093 -0.00143199172638 0)
(0.399147664929 0.00420316891335 0)
(0.399159514606 0.0099705279183 0)
(0.398985021678 0.0158790331458 0)
(0.398626212386 0.021937020402 0)
(0.398086544305 0.0281519111161 0)
(0.39737111545 0.0345298486034 0)
(0.396486906262 0.0410752593392 0)
(0.395443053987 0.0477903234367 0)
(0.394251157261 0.0546743360903 0)
(0.392925606118 0.0617229391987 0)
(0.391483928951 0.0689271999427 0)
(0.389947142725 0.0762725111015 0)
(0.38834008566 0.0837372868662 0)
(0.386691702134 0.0912914287236 0)
(0.385035237217 0.098894539869 0)
(0.383408282619 0.106493875432 0)
(0.381852596472 0.114022032275 0)
(0.380413596508 0.121394410002 0)
(0.379139401031 0.128506519153 0)
(0.378079267952 0.135231279663 0)
(0.377281266296 0.14141654902 0)
(0.376789019412 0.146883250344 0)
(0.376637403374 0.151424635438 0)
(0.376847191655 0.154807405936 0)
(0.377418832652 0.156775600146 0)
(0.378325850871 0.157058285822 0)
(0.379508785622 0.155382105031 0)
(0.380871105051 0.151489480868 0)
(0.382279036978 0.145162642804 0)
(0.383567377294 0.136252389104 0)
(0.38455272625 0.124708938116 0)
(0.385055651844 0.110611454977 0)
(0.384935792751 0.0941909489758 0)
(0.384127793415 0.0758231732984 0)
(0.382603588788 0.0559623262488 0)
(0.380385843133 0.0352408898567 0)
(0.377625719009 0.0143832948299 0)
(0.374520200316 -0.00606600378565 0)
(0.37116686847 -0.0256419529678 0)
(0.367654748502 -0.0438326243795 0)
(0.364126190541 -0.0602803429929 0)
(0.360700421972 -0.0748244118297 0)
(0.357456411877 -0.0873752594935 0)
(0.354475075431 -0.0979301931508 0)
(0.351830886315 -0.106559128019 0)
(0.349583602656 -0.113380703541 0)
(0.347776381374 -0.118543554509 0)
(0.346435587277 -0.122212273831 0)
(0.345571320114 -0.124556577627 0)
(0.345178855715 -0.125743168068 0)
(0.345240868051 -0.125930017685 0)
(0.34573006587 -0.125262725767 0)
(0.346611889013 -0.123872544088 0)
(0.34784700863 -0.12187567076 0)
(0.349393481017 -0.119373446444 0)
(0.351208492813 -0.116453142116 0)
(0.353249698646 -0.113189091851 0)
(0.355476190808 -0.109643988073 0)
(0.357849158377 -0.105870213196 0)
(0.360332296827 -0.101911126847 0)
(0.362892024836 -0.0978022614776 0)
(0.365497557122 -0.0935724026723 0)
(0.368120873526 -0.0892445459697 0)
(0.370736616451 -0.0848367317869 0)
(0.373321941731 -0.0803627657762 0)
(0.375856342125 -0.0758328349927 0)
(0.378321457798 -0.071254031549 0)
(0.380700884344 -0.0666307956378 0)
(0.382979985881 -0.0619652893359 0)
(0.385145718458 -0.0572577117912 0)
(0.387186467311 -0.0525065654251 0)
(0.38909190029 -0.0477088817769 0)
(0.390852838949 -0.0428604146817 0)
(0.392461148238 -0.0379558076427 0)
(0.393909645451 -0.0329887415559 0)
(0.395192028929 -0.0279520684079 0)
(0.396302827022 -0.0228379361796 0)
(0.409241577819 -0.0184272893075 0)
(0.409903963194 -0.0129716957942 0)
(0.410425133999 -0.00740985240834 0)
(0.410803761575 -0.00173330585892 0)
(0.411039590227 0.00406635543146 0)
(0.411133525303 0.00999729364622 0)
(0.411087746854 0.016067181302 0)
(0.410905849776 0.0222829199826 0)
(0.41059301096 0.0286503084736 0)
(0.410156183453 0.0351736492996 0)
(0.409604316677 0.0418552811009 0)
(0.408948600389 0.0486950226057 0)
(0.408202728006 0.0556895122568 0)
(0.407383172074 0.0628314259825 0)
(0.406509460693 0.0701085544342 0)
(0.405604438447 0.077502720645 0)
(0.40469448843 0.084988520053 0)
(0.403809683168 0.0925318680598 0)
(0.402983821184 0.100088346925 0)
(0.402254292743 0.107601355481 0)
(0.401661702908 0.11500008414 0)
(0.40124916337 0.122197366768 0)
(0.401061148184 0.129087503772 0)
(0.401141796268 0.135544211001 0)
(0.401532541345 0.141418929944 0)
(0.402268967773 0.146539837368 0)
(0.403376841265 0.150712012847 0)
(0.404867362122 0.153719348353 0)
(0.406731848521 0.155328891086 0)
(0.408936286071 0.155298360765 0)
(0.411416470949 0.153387521404 0)
(0.414074793875 0.149373842663 0)
(0.41677996784 0.143072372894 0)
(0.419371028895 0.134358925032 0)
(0.421666690749 0.123194695536 0)
(0.423481054284 0.109649489261 0)
(0.424646027328 0.0939184915339 0)
(0.425032320256 0.0763217818514 0)
(0.424549478785 0.057285227283 0)
(0.423165706497 0.0373582612022 0)
(0.420944212323 0.0171529457883 0)
(0.418008212874 -0.00278048511158 0)
(0.414480252827 -0.0219479956237 0)
(0.410503296137 -0.0398893329809 0)
(0.406255005289 -0.0562608815751 0)
(0.401907094064 -0.0708614193643 0)
(0.397605324668 -0.0835869072175 0)
(0.393476952212 -0.0944183049134 0)
(0.389628289812 -0.103405000481 0)
(0.386142021178 -0.110644697273 0)
(0.383077620084 -0.116266073546 0)
(0.380473207574 -0.120415242069 0)
(0.378347901149 -0.123245403606 0)
(0.376704469381 -0.124909150172 0)
(0.375532182644 -0.125553005336 0)
(0.374809690263 -0.125313817101 0)
(0.374507752151 -0.124316631503 0)
(0.374591694835 -0.122673701761 0)
(0.375023515324 -0.120484327042 0)
(0.375763605239 -0.117835261906 0)
(0.376772105394 -0.114801487876 0)
(0.378009925451 -0.111447187686 0)
(0.379439475717 -0.107826806679 0)
(0.381025161484 -0.103986122202 0)
(0.382733688002 -0.0999632700981 0)
(0.384534218891 -0.0957896982522 0)
(0.386398424511 -0.0914910318938 0)
(0.38830045042 -0.0870878453286 0)
(0.390216830295 -0.0825963412864 0)
(0.392126362545 -0.0780289430656 0)
(0.394009965569 -0.073394806908 0)
(0.395850523014 -0.0687002631168 0)
(0.397632727523 -0.0639491947265 0)
(0.399342929191 -0.0591433623527 0)
(0.4009689932 -0.0542826833979 0)
(0.402500169818 -0.049365473195 0)
(0.403926978985 -0.0443886550606 0)
(0.405241111106 -0.0393479456487 0)
(0.40643534519 -0.0342380214856 0)
(0.407503485286 -0.0290526721732 0)
(0.408440315993 -0.0237849454702 0)
(0.421632718077 -0.0191015608025 0)
(0.422198310355 -0.0135266500523 0)
(0.422664115033 -0.00784405471794 0)
(0.423029640872 -0.00204643734699 0)
(0.423295599172 0.00387342246988 0)
(0.423463988343 0.00992239655699 0)
(0.423538200968 0.0161067434167 0)
(0.423523153472 0.0224318022379 0)
(0.42342543798 0.028901636609 0)
(0.423253495153 0.0355186178076 0)
(0.423017805633 0.0422829363922 0)
(0.422731096136 0.0491920296895 0)
(0.422408553936 0.056239911786 0)
(0.422068040522 0.0634163919812 0)
(0.421730291185 0.0707061676243 0)
(0.421419082164 0.0780877782727 0)
(0.421161340543 0.0855324107195 0)
(0.420987164113 0.0930025494648 0)
(0.420929709046 0.100450475689 0)
(0.421024892453 0.107816631101 0)
(0.421310845325 0.115027882908 0)
(0.421827039987 0.12199575463 0)
(0.422613007016 0.128614726766 0)
(0.423706552834 0.13476076346 0)
(0.425141396071 0.140290287302 0)
(0.426944165462 0.145039902879 0)
(0.429130753298 0.148827255243 0)
(0.431702105597 0.151453490234 0)
(0.434639659779 0.15270783959 0)
(0.437900813369 0.152374856021 0)
(0.441415012277 0.15024473402 0)
(0.445081254158 0.146126926455 0)
(0.448767952156 0.139866863777 0)
(0.452316122011 0.131364993546 0)
(0.455546729362 0.120596639615 0)
(0.458272808813 0.107630320706 0)
(0.460315973575 0.0926407357055 0)
(0.461523318033 0.0759111648046 0)
(0.461779448647 0.0578255571142 0)
(0.461025623805 0.0388615853498 0)
(0.459279468246 0.0195471771168 0)
(0.456622124693 0.000393397180963 0)
(0.453171537541 -0.0181279962723 0)
(0.449080801656 -0.0355965728524 0)
(0.444533376608 -0.051684880485 0)
(0.439717061007 -0.0661758733939 0)
(0.434804892436 -0.0789469858184 0)
(0.429949653347 -0.0899565644151 0)
(0.425279885469 -0.0992282594912 0)
(0.420897828068 -0.106833923141 0)
(0.416879934087 -0.112878096597 0)
(0.413278960133 -0.117485279121 0)
(0.410126755641 -0.120789953857 0)
(0.407437328967 -0.122929043864 0)
(0.405209968301 -0.12403643719 0)
(0.403432257095 -0.124239224694 0)
(0.402082861664 -0.123655312483 0)
(0.40113400856 -0.122392101209 0)
(0.400553608385 -0.120545962694 0)
(0.400307016103 -0.118202286316 0)
(0.40035844327 -0.115435910123 0)
(0.400672054317 -0.112311792086 0)
(0.401212787858 -0.108885813017 0)
(0.401946946721 -0.105205633179 0)
(0.402842599021 -0.101311548988 0)
(0.403869828798 -0.0972373150047 0)
(0.405000869923 -0.0930109102989 0)
(0.406210151882 -0.0886552382408 0)
(0.407474281118 -0.0841887556979 0)
(0.408771977219 -0.0796260322704 0)
(0.410083979294 -0.0749782431551 0)
(0.411392934626 -0.0702536009994 0)
(0.412683278887 -0.0654577330296 0)
(0.413941115038 -0.0605940101058 0)
(0.415154096222 -0.0556638343639 0)
(0.416311316642 -0.0506668918899 0)
(0.41740321338 -0.0456013765735 0)
(0.41842148136 -0.0404641909474 0)
(0.419359003143 -0.0352511295023 0)
(0.420209794878 -0.0299570497211 0)
(0.420968969492 -0.0245760359069 0)
(0.434325260103 -0.0196566336835 0)
(0.434789928161 -0.0140030915683 0)
(0.435195252421 -0.00824117636765 0)
(0.435541507152 -0.00236477715863 0)
(0.435830258816 0.00363202819909 0)
(0.436064444375 0.00975472080858 0)
(0.43624846841 0.01600805536 0)
(0.43638831841 0.0223957340923 0)
(0.436491696901 0.0289200318069 0)
(0.436568168153 0.0355813628762 0)
(0.436629315842 0.0423777804551 0)
(0.43668890631 0.0493043975015 0)
(0.436763049714 0.0563527188877 0)
(0.43687034831 0.0635098740443 0)
(0.437032017301 0.0707577405156 0)
(0.437271958848 0.07807195093 0)
(0.437616764081 0.0854207797225 0)
(0.438095611089 0.0927639122036 0)
(0.438740019188 0.100051108133 0)
(0.439583411489 0.107220785893 0)
(0.440660429664 0.114198572955 0)
(0.442005937969 0.12089589488 0)
(0.443653649966 0.127208709904 0)
(0.445634313856 0.133016539911 0)
(0.447973404935 0.138182000952 0)
(0.450688301711 0.142551094882 0)
(0.453784971469 0.145954582366 0)
(0.457254266967 0.148210805902 0)
(0.461068041367 0.149130353713 0)
(0.465175421069 0.148522929642 0)
(0.469499724912 0.146206694427 0)
(0.473936659978 0.142020142072 0)
(0.478354521634 0.135836250048 0)
(0.48259713762 0.12757819162 0)
(0.486490199785 0.117235343287 0)
(0.489851364897 0.104877650816 0)
(0.492503744295 0.0906656004436 0)
(0.494290857154 0.0748527356085 0)
(0.49509113371 0.057779970189 0)
(0.494834337479 0.0398626861156 0)
(0.493514527791 0.0215589297365 0)
(0.491186687243 0.00332693896676 0)
(0.487954055348 -0.0144023127682 0)
(0.483960539487 -0.0312461319299 0)
(0.479380077381 -0.0468965199865 0)
(0.474397305617 -0.0611334887969 0)
(0.469190636209 -0.0738205231587 0)
(0.463922489615 -0.0848949036058 0)
(0.458733334044 -0.0943550690524 0)
(0.453738699209 -0.102246596104 0)
(0.449028810876 -0.108648850621 0)
(0.444670007849 -0.113663463019 0)
(0.44070714568 -0.117404940958 0)
(0.437166462953 -0.119993340388 0)
(0.434058587863 -0.121548769575 0)
(0.431381477484 -0.122187451295 0)
(0.429123154392 -0.122019061883 0)
(0.427264158513 -0.12114508244 0)
(0.425779673219 -0.119657926105 0)
(0.424641315746 -0.117640639329 0)
(0.423818604148 -0.115167010202 0)
(0.423280127376 -0.112301950567 0)
(0.422994452954 -0.109102048974 0)
(0.422930809792 -0.105616217627 0)
(0.423059583218 -0.101886377892 0)
(0.423352656879 -0.0979481459191 0)
(0.42378363249 -0.093831493039 0)
(0.424327954384 -0.0895613653468 0)
(0.424962961732 -0.0851582540472 0)
(0.42566788745 -0.0806387131904 0)
(0.426423819364 -0.0760158249189 0)
(0.427213636158 -0.0712996146512 0)
(0.428021928056 -0.0664974200686 0)
(0.428834910045 -0.0616142186022 0)
(0.429640333698 -0.0566529185331 0)
(0.430427402286 -0.0516146189517 0)
(0.431186692762 -0.0464988438062 0)
(0.4319100874 -0.0413037551679 0)
(0.43259071723 -0.0360263507076 0)
(0.433222918966 -0.0306626502764 0)
(0.433802206792 -0.0252078764232 0)
(0.447233928383 -0.0200892851497 0)
(0.447594245368 -0.0143966401257 0)
(0.447934323864 -0.00859562557765 0)
(0.44825513069 -0.00268142884309 0)
(0.448558975231 0.00335050800219 0)
(0.448849579332 0.00950421885098 0)
(0.449132161898 0.0157829118559 0)
(0.449413536881 0.0221886284284 0)
(0.449702222571 0.0287218555628 0)
(0.450008558976 0.0353810836392 0)
(0.450344828683 0.042162301515 0)
(0.450725374772 0.0490584205971 0)
(0.451166706993 0.0560586198477 0)
(0.451687584523 0.0631476045265 0)
(0.452309060029 0.0703047731857 0)
(0.453054465478 0.0775032904062 0)
(0.453949315115 0.0847090674298 0)
(0.455021095448 0.0918796598294 0)
(0.456298906047 0.0989631013515 0)
(0.457812909095 0.105896706856 0)
(0.459593540499 0.112605895746 0)
(0.461670432306 0.11900311116 0)
(0.46407099679 0.124986940034 0)
(0.466818629411 0.130441574846 0)
(0.469930503862 0.135236798188 0)
(0.473414961543 0.139228713282 0)
(0.47726854364 0.142261481605 0)
(0.481472779599 0.144170353913 0)
(0.485990931756 0.144786280668 0)
(0.490764998793 0.143942346094 0)
(0.495713390637 0.141482168778 0)
(0.500729786947 0.137270233498 0)
(0.50568375471 0.131203852127 0)
(0.510423699408 0.123226097011 0)
(0.5147826294 0.11333862152 0)
(0.518586965107 0.101612798356 0)
(0.521668089057 0.088197145812 0)
(0.523875556275 0.0733189695299 0)
(0.525090753882 0.0572790765553 0)
(0.525240456069 0.0404387807813 0)
(0.524306542173 0.0231959371251 0)
(0.522326410078 0.0059549520045 0)
(0.519386466894 -0.0108984738786 0)
(0.515614165742 -0.0270185742687 0)
(0.51116685829 -0.0421191781001 0)
(0.506216463459 -0.0559848374074 0)
(0.500934953188 -0.068471103675 0)
(0.49548379696 -0.07949873168 0)
(0.490006942358 -0.0890443769656 0)
(0.484626832495 -0.0971295934361 0)
(0.479442982038 -0.103809770618 0)
(0.474532427882 -0.109164083315 0)
(0.469951374273 -0.113286941512 0)
(0.465737505795 -0.116281056448 0)
(0.461912600199 -0.118252043971 0)
(0.458485191979 -0.119304393374 0)
(0.455453123045 -0.119538593537 0)
(0.452805879533 -0.119049204029 0)
(0.450526660015 -0.117923672768 0)
(0.448594153821 -0.11624172476 0)
(0.446984031442 -0.114075173087 0)
(0.445670164159 -0.111488030113 0)
(0.444625598957 -0.108536821932 0)
(0.443823319084 -0.105271031218 0)
(0.443236821583 -0.101733612306 0)
(0.442840542061 -0.0979615376836 0)
(0.442610154552 -0.0939863472043 0)
(0.442522771336 -0.0898346807623 0)
(0.442557064319 -0.085528782336 0)
(0.442693326368 -0.0810869685858 0)
(0.442913488007 -0.076524059041 0)
(0.44320110215 -0.0718517676167 0)
(0.443541307203 -0.067079057047 0)
(0.443920776834 -0.0622124590417 0)
(0.444327663022 -0.0572563637354 0)
(0.444751537616 -0.0522132824411 0)
(0.445183336551 -0.0470840879606 0)
(0.44561530993 -0.0418682368226 0)
(0.446040980555 -0.0365639778606 0)
(0.446455112901 -0.0311685515785 0)
(0.446853694127 -0.0256783847975 0)
(0.460274383208 -0.0203971870101 0)
(0.460527674588 -0.0147034835462 0)
(0.460798196476 -0.00890205197 0)
(0.461087536832 -0.00298941175838 0)
(0.46139863914 0.0030376043907 0)
(0.461735862328 0.00918156823356 0)
(0.462105051052 0.0154441425052 0)
(0.462513614517 0.0218257301919 0)
(0.462970611057 0.0283250801712 0)
(0.463486834567 0.0349388426661 0)
(0.46407489742 0.0416610679665 0)
(0.464749302701 0.0484826421798 0)
(0.465526496333 0.0553906545256 0)
(0.46642488699 0.0623676920907 0)
(0.46746481847 0.0693910602644 0)
(0.46866847551 0.0764319306211 0)
(0.470059699891 0.0834544231835 0)
(0.471663689296 0.0904146372774 0)
(0.473506547051 0.0972596550934 0)
(0.47561464705 0.103926555153 0)
(0.478013775696 0.110341489651 0)
(0.480728012568 0.116418900453 0)
(0.483778315326 0.122060973347 0)
(0.487180784025 0.127157458413 0)
(0.490944597843 0.131586014389 0)
(0.495069645846 0.135213263616 0)
(0.499543915088 0.137896766489 0)
(0.504340755508 0.139488132892 0)
(0.509416210967 0.13983747318 0)
(0.514706685555 0.138799341069 0)
(0.520127295462 0.136240223138 0)
(0.525571325236 0.132047473733 0)
(0.530911244275 0.126139374491 0)
(0.536001722221 0.118475718251 0)
(0.540684983839 0.109067993321 0)
(0.544798624037 0.0979879089121 0)
(0.548185615223 0.0853727432973 0)
(0.550705752935 0.0714260189876 0)
(0.552247511217 0.0564124581338 0)
(0.552739085622 0.040646505373 0)
(0.552156125195 0.0244738251868 0)
(0.550523493559 0.00824879499427 0)
(0.547911679914 -0.00768681746937 0)
(0.54443003359 -0.0230226184693 0)
(0.540216950817 -0.0374953674713 0)
(0.535427518523 -0.0508986833852 0)
(0.530221300702 -0.0630854878913 0)
(0.524752375419 -0.0739651048366 0)
(0.519162094495 -0.0834968822857 0)
(0.513574478988 -0.0916818995661 0)
(0.508093930821 -0.0985540999362 0)
(0.502804762552 -0.104171809852 0)
(0.497772006818 -0.108610196123 0)
(0.493043037369 -0.111954900616 0)
(0.488649638773 -0.114296893637 0)
(0.484610260163 -0.115728472606 0)
(0.480932269157 -0.116340273803 0)
(0.477614085359 -0.116219141637 0)
(0.474647121015 -0.115446698386 0)
(0.472017491921 -0.114098468333 0)
(0.469707486847 -0.112243427516 0)
(0.467696800759 -0.109943870011 0)
(0.465963547862 -0.107255501284 0)
(0.464485076502 -0.104227687308 0)
(0.463238610674 -0.100903804076 0)
(0.462201743301 -0.0973216456295 0)
(0.461352805377 -0.0935138597853 0)
(0.460671133157 -0.0895083896118 0)
(0.460137253216 -0.0853289056704 0)
(0.459733002659 -0.0809952193665 0)
(0.459441599305 -0.0765236717896 0)
(0.459247674314 -0.0719274953954 0)
(0.459137277656 -0.0672171480311 0)
(0.459097864936 -0.0624006203278 0)
(0.45911827254 -0.0574837185339 0)
(0.459188686709 -0.0524703255677 0)
(0.459300611063 -0.0473626435391 0)
(0.459446836158 -0.0421614212978 0)
(0.459621413964 -0.0368661707748 0)
(0.459819639518 -0.0314753760417 0)
(0.460038041514 -0.0259866991572 0)
(0.473363833962 -0.020578919126 0)
(0.473508212588 -0.0149204484902 0)
(0.473705414217 -0.00915547653582 0)
(0.473957580146 -0.003281853083 0)
(0.47426818556 0.00270220899273 0)
(0.474642088469 0.00879784256147 0)
(0.475085584688 0.0150052056204 0)
(0.47560646655 0.0213231260022 0)
(0.476214082109 0.0277487060873 0)
(0.476919390397 0.0342768822798 0)
(0.477735006889 0.0408999343226 0)
(0.478675231599 0.0476069401862 0)
(0.479756050149 0.0543831734139 0)
(0.48099509575 0.0612094416183 0)
(0.482411557279 0.0680613675331 0)
(0.484026015557 0.0749086179095 0)
(0.485860186711 0.0817140909136 0)
(0.487936548295 0.0884330798965 0)
(0.49027782098 0.0950124408452 0)
(0.492906276696 0.101389802791 0)
(0.495842843674 0.107492875234 0)
(0.499105981045 0.113238924215 0)
(0.502710301653 0.118534508725 0)
(0.506664933037 0.123275590757 0)
(0.510971624905 0.127348153657 0)
(0.515622638497 0.130629481642 0)
(0.520598490268 0.132990263935 0)
(0.525865669668 0.134297684082 0)
(0.531374507005 0.134419631046 0)
(0.537057428422 0.133230115501 0)
(0.542827893522 0.130615883985 0)
(0.548580355792 0.126484089407 0)
(0.554191601858 0.120770697397 0)
(0.559523794675 0.113449090652 0)
(0.564429447379 0.104538095239 0)
(0.568758364405 0.0941084287385 0)
(0.57236629193 0.082286429176 0)
(0.575124669246 0.0692539746057 0)
(0.576930580674 0.0552437962859 0)
(0.577715716464 0.0405297717441 0)
(0.577452652825 0.0254123902799 0)
(0.576156953233 0.0102013211725 0)
(0.573885094078 -0.00480202417155 0)
(0.570729127781 -0.019320285546 0)
(0.56680862389 -0.0331131743773 0)
(0.56226072984 -0.045986039674 0)
(0.557230030222 -0.0577932766313 0)
(0.551859675739 -0.0684373886768 0)
(0.546284455243 -0.0778649097359 0)
(0.54062597261 -0.0860603813246 0)
(0.534989795051 -0.0930394502363 0)
(0.529464253637 -0.0988419111321 0)
(0.524120501341 -0.103525237533 0)
(0.519013446788 -0.107158901858 0)
(0.514183239374 -0.109819607593 0)
(0.509657050971 -0.111587439669 0)
(0.505450965354 -0.11254286886 0)
(0.501571843047 -0.112764509246 0)
(0.498019074911 -0.112327513453 0)
(0.494786173028 -0.111302490434 0)
(0.491862173488 -0.109754838879 0)
(0.48923284411 -0.107744401951 0)
(0.486881702545 -0.105325363272 0)
(0.484790857973 -0.102546318148 0)
(0.482941693956 -0.0994504670754 0)
(0.481315411956 -0.0960758900514 0)
(0.479893455275 -0.0924558699818 0)
(0.478657832375 -0.088619241584 0)
(0.477591357092 -0.0845907487309 0)
(0.476677821441 -0.0803913983852 0)
(0.475902114831 -0.0760388033331 0)
(0.475250301569 -0.0715475090363 0)
(0.474709666775 -0.0669293022576 0)
(0.474268739199 -0.062193500861 0)
(0.47391729797 -0.0573472254594 0)
(0.473646369104 -0.0523956544926 0)
(0.473448216478 -0.0473422649888 0)
(0.473316331128 -0.0421890617344 0)
(0.473245421935 -0.0369367979266 0)
(0.473231410133 -0.0315851906575 0)
(0.473271429548 -0.0261331348074 0)
(0.486421580172 -0.0206339695488 0)
(0.486455967701 -0.0150450574114 0)
(0.4865767102 -0.00935140673788 0)
(0.48678643959 -0.00355216324368 0)
(0.487089068961 0.00235312380262 0)
(0.48748983009 0.00836420564826 0)
(0.487995312792 0.0144798107987 0)
(0.488613503464 0.0206972900636 0)
(0.489353819258 0.0270122256511 0)
(0.490227133135 0.0334180003564 0)
(0.491245783725 0.0399053234606 0)
(0.492423562298 0.0464617108904 0)
(0.493775667333 0.0530709186321 0)
(0.495318615074 0.0597123304831 0)
(0.497070092185 0.0663603041676 0)
(0.499048734203 0.0729834838651 0)
(0.501273811115 0.0795440925176 0)
(0.503764799243 0.0859972241753 0)
(0.506540817101 0.092290165325 0)
(0.509619902431 0.0983617847759 0)
(0.51301810888 0.104142044322 0)
(0.516748404621 0.109551696817 0)
(0.520819362564 0.114502253992 0)
(0.525233643878 0.118896322201 0)
(0.529986294456 0.122628418579 0)
(0.535062898733 0.125586390138 0)
(0.540437667446 0.127653560436 0)
(0.546071575121 0.128711717982 0)
(0.551910707408 0.128645031829 0)
(0.557885023998 0.127344927256 0)
(0.563907783341 0.124715872847 0)
(0.569875901355 0.120681916984 0)
(0.575671516309 0.115193668186 0)
(0.581164992029 0.108235247913 0)
(0.58621949732 0.0998305739308 0)
(0.590697138016 0.0900481877788 0)
(0.594466389434 0.0790037710866 0)
(0.597410312591 0.0668595631374 0)
(0.599434791228 0.0538201241758 0)
(0.600475802231 0.0401242525876 0)
(0.600504548899 0.0260334296112 0)
(0.599529508518 0.0118180874167 0)
(0.597595213187 -0.00225649141397 0)
(0.59477817199 -0.0159432101446 0)
(0.591180462855 -0.0290239933728 0)
(0.586921784029 -0.0413173308774 0)
(0.582131117296 -0.0526820405974 0)
(0.57693906745 -0.0630175898943 0)
(0.571471527299 -0.0722617211399 0)
(0.565844941592 -0.0803862393132 0)
(0.56016317456 -0.0873917805169 0)
(0.554515807016 -0.0933022413195 0)
(0.548977595396 -0.0981593638766 0)
(0.543608802017 -0.102017792484 0)
(0.538456126954 -0.104940770849 0)
(0.533554013887 -0.106996542201 0)
(0.528926150159 -0.10825544244 0)
(0.52458702696 -0.108787632791 0)
(0.520543465255 -0.108661395414 0)
(0.516796045542 -0.107941906787 0)
(0.513340404774 -0.106690404378 0)
(0.510168382592 -0.10496366828 0)
(0.507269012398 -0.102813748568 0)
(0.50462936188 -0.100287879229 0)
(0.502235233336 -0.0974285296444 0)
(0.500071737419 -0.0942735539004 0)
(0.498123755382 -0.0908564065643 0)
(0.496376305177 -0.087206400672 0)
(0.494814826199 -0.0833489896578 0)
(0.493425396403 -0.0793060598487 0)
(0.492194894185 -0.0750962240812 0)
(0.491111116013 -0.0707351101198 0)
(0.490162859329 -0.0662356399779 0)
(0.489339978879 -0.0616082981203 0)
(0.488633423389 -0.0568613879484 0)
(0.488035258375 -0.0520012770427 0)
(0.487538679858 -0.0470326324528 0)
(0.487138022935 -0.0419586479349 0)
(0.486828768367 -0.0367812655058 0)
(0.486607549717 -0.0315013940504 0)
(0.486472162986 -0.0261191280251 0)
(0.499369479696 -0.0205627217866 0)
(0.49929361435 -0.0150755706103 0)
(0.499335444755 -0.00948593422466 0)
(0.499498036757 -0.00379419078366 0)
(0.499785657593 0.00199884709508 0)
(0.500203802014 0.00789163565191 0)
(0.500759216274 0.0138815783284 0)
(0.501459917181 0.019964675647 0)
(0.502315202427 0.0261351434112 0)
(0.503335647358 0.0323849964904 0)
(0.5045330821 0.038703596218 0)
(0.505920541512 0.0450771605718 0)
(0.507512178863 0.0514882379415 0)
(0.50932313243 0.0579151475385 0)
(0.511369332361 0.0643313925342 0)
(0.513667233408 0.0707050559987 0)
(0.516233457515 0.0769981947963 0)
(0.519084329081 0.0831662529704 0)
(0.522235285259 0.0891575239158 0)
(0.525700144406 0.0949126998181 0)
(0.529490218295 0.100364557355 0)
(0.533613258555 0.105437840133 0)
(0.5380722359 0.110049410151 0)
(0.542863962763 0.114108751638 0)
(0.547977586749 0.117518919266 0)
(0.553393004354 0.120178026678 0)
(0.559079271713 0.121981367524 0)
(0.564993120867 0.122824246118 0)
(0.571077724192 0.122605564496 0)
(0.577261882598 0.121232163207 0)
(0.583459839337 0.118623841876 0)
(0.589571933364 0.114718891817 0)
(0.595486295096 0.10947985989 0)
(0.601081743233 0.102899138904 0)
(0.60623195467 0.0950038609272 0)
(0.610810844893 0.0858594807606 0)
(0.614698918037 0.0755714118034 0)
(0.617790146455 0.0642841518326 0)
(0.619998753033 0.0521775297794 0)
(0.621265121957 0.0394600108053 0)
(0.621560007114 0.0263594300796 0)
(0.620886390099 0.0131120623433 0)
(0.619278778417 -4.87518799338e-05 0)
(0.616800137087 -0.0129032911578 0)
(0.613536872913 -0.0252544897662 0)
(0.609592510268 -0.0369345395451 0)
(0.605080885747 -0.0478086743092 0)
(0.600119651049 -0.0577762561395 0)
(0.59482464533 -0.0667696120629 0)
(0.589305440657 -0.0747512148258 0)
(0.583662148734 -0.0817098193418 0)
(0.577983419654 -0.0876560978801 0)
(0.572345467045 -0.0926182016347 0)
(0.566811911607 -0.0966375500174 0)
(0.561434231555 -0.0997650352003 0)
(0.556252628219 -0.102057738249 0)
(0.551297145786 -0.103576186296 0)
(0.546588917882 -0.104382135051 0)
(0.54214144568 -0.104536833316 0)
(0.537961840208 -0.104099711708 0)
(0.534051984471 -0.103127432581 0)
(0.53040958904 -0.101673238984 0)
(0.527029128295 -0.0997865450185 0)
(0.523902654253 -0.0975127164305 0)
(0.521020491591 -0.0948929974789 0)
(0.51837182176 -0.0919645473414 0)
(0.515945166591 -0.0887605560728 0)
(0.513728782939 -0.0853104161738 0)
(0.511710980223 -0.081639931085 0)
(0.509880372293 -0.0777715463613 0)
(0.508226074367 -0.0737245929721 0)
(0.506737854762 -0.0695155351782 0)
(0.505406250113 -0.0651582178539 0)
(0.504222651663 -0.0606641100428 0)
(0.50317936917 -0.0560425430488 0)
(0.502269678023 -0.0513009425372 0)
(0.501487854227 -0.0464450550439 0)
(0.500829201155 -0.0414791700048 0)
(0.500290071239 -0.0364063389772 0)
(0.499867885107 -0.0312285941692 0)
(0.499561150118 -0.0259471687607 0)
(0.512132345233 -0.0203664300919 0)
(0.511946776439 -0.0150110130651 0)
(0.511907971838 -0.00955581366126 0)
(0.512019380961 -0.00400235405553 0)
(0.512285552197 0.00164738766735 0)
(0.512712147915 0.00739068380169 0)
(0.513305953871 0.0132237408306 0)
(0.514074879981 0.0191413581279 0)
(0.515027948656 0.0251365593155 0)
(0.516175265908 0.0312001946564 0)
(0.517527969331 0.0373205137697 0)
(0.519098145818 0.0434827092242 0)
(0.520898710569 0.0496684333152 0)
(0.522943237598 0.0558552926307 0)
(0.525245730565 0.0620163280157 0)
(0.527820321585 0.0681194913558 0)
(0.530680884752 0.0741271353225 0)
(0.533840550712 0.079995537957 0)
(0.537311109077 0.0856744907313 0)
(0.54110228709 0.0911069864503 0)
(0.545220896259 0.0962290518574 0)
(0.549669844157 0.100969778641 0)
(0.554447016816 0.105251615056 0)
(0.559544048678 0.108990987508 0)
(0.564945012303 0.112099325773 0)
(0.570625079114 0.114484565057 0)
(0.57654922509 0.116053190572 0)
(0.582671080397 0.116712872929 0)
(0.588932047505 0.116375712764 0)
(0.595260835098 0.114962068273 0)
(0.601573570476 0.112404878518 0)
(0.607774655316 0.108654319267 0)
(0.613758511841 0.1036825407 0)
(0.619412321943 0.0974881455165 0)
(0.624619785076 0.0900999853552 0)
(0.629265810334 0.0815798017024 0)
(0.633241920275 0.0720232381879 0)
(0.636451995669 0.0615588261896 0)
(0.638817856766 0.0503447059848 0)
(0.640284085679 0.0385630880207 0)
(0.640821488038 0.0264127730205 0)
(0.640428731272 0.0141003860047 0)
(0.639131971591 0.00183118783039 0)
(0.636982564968 -0.0101996705739 0)
(0.63405317166 -0.0218146893393 0)
(0.630432741254 -0.0328597594977 0)
(0.62622098404 -0.0432077850455 0)
(0.621522922367 -0.0527601979507 0)
(0.616443986141 -0.0614466269435 0)
(0.61108594476 -0.0692231208626 0)
(0.605543805323 -0.0760693732176 0)
(0.599903676912 -0.0819853708248 0)
(0.594241511365 -0.0869878224527 0)
(0.588622581076 -0.0911066384535 0)
(0.58310153627 -0.0943816478758 0)
(0.577722887897 -0.0968596660801 0)
(0.572521778902 -0.0985919676441 0)
(0.567524929201 -0.0996321766899 0)
(0.56275166369 -0.100034557903 0)
(0.558214955236 -0.0998526738324 0)
(0.553922434302 -0.099138364852 0)
(0.549877333181 -0.0979410049716 0)
(0.546079345706 -0.0963069875033 0)
(0.542525393072 -0.0942793978808 0)
(0.53921029354 -0.0918978355423 0)
(0.536127338716 -0.089198351957 0)
(0.533268782359 -0.0862134770684 0)
(0.530626249554 -0.0829723113304 0)
(0.528191075072 -0.0795006649496 0)
(0.525954579954 -0.075821229841 0)
(0.523908295179 -0.0719537731379 0)
(0.522044140721 -0.0679153439006 0)
(0.520354567615 -0.063720486984 0)
(0.518832669842 -0.0593814599209 0)
(0.517472272046 -0.0549084502101 0)
(0.516267998266 -0.0503097916234 0)
(0.515215326113 -0.0455921791317 0)
(0.514310630111 -0.040760882836 0)
(0.513551217242 -0.035819961907 0)
(0.512935357146 -0.0307724800473 0)
(0.51246230883 -0.0256207243931 0)
(0.524638271915 -0.0200471840564 0)
(0.524344342835 -0.0148511863778 0)
(0.524223937741 -0.00955852212719 0)
(0.524280846116 -0.00417174838179 0)
(0.52451983539 0.00130610946655 0)
(0.524946655786 0.00687127032804 0)
(0.525568036264 0.0125188901076 0)
(0.52639166867 0.0182427326482 0)
(0.527426176363 0.0240348175846 0)
(0.528681062734 0.0298850444778 0)
(0.53016663406 0.0357807935977 0)
(0.531893890109 0.0417065050616 0)
(0.533874374887 0.0476432398149 0)
(0.536119978892 0.0535682282158 0)
(0.538642683294 0.0594544148569 0)
(0.54145423581 0.0652700118094 0)
(0.544565747661 0.0709780767387 0)
(0.547987201295 0.0765361373757 0)
(0.551726859623 0.0818958895693 0)
(0.555790569781 0.0870030024771 0)
(0.560180958207 0.0917970711162 0)
(0.564896519511 0.0962117630399 0)
(0.569930609607 0.10017521168 0)
(0.575270364231 0.103610712953 0)
(0.580895577367 0.106437782817 0)
(0.58677759026 0.108573630031 0)
(0.592878259965 0.109935088637 0)
(0.599149095725 0.110441036652 0)
(0.605530669905 0.110015299449 0)
(0.611952425027 0.108589996991 0)
(0.618333005829 0.106109243302 0)
(0.624581240837 0.102533045901 0)
(0.630597876808 0.0978411864379 0)
(0.6362781272 0.0920367985435 0)
(0.641515029849 0.0851493058099 0)
(0.646203519984 0.0772363556804 0)
(0.650245019043 0.0683843996295 0)
(0.653552230852 0.0587076395906 0)
(0.656053743913 0.0483451908158 0)
(0.657697984386 0.0374564973122 0)
(0.65845607661 0.0262152610614 0)
(0.658323272223 0.0148023686579 0)
(0.657318792732 0.00339844361027 0)
(0.655484132848 -0.00782332170574 0)
(0.652880046585 -0.018703463082 0)
(0.649582577655 -0.0291012077392 0)
(0.645678581518 -0.0388978374622 0)
(0.641261188923 -0.0479984084386 0)
(0.636425586705 -0.0563319713421 0)
(0.631265378392 -0.0638505563557 0)
(0.625869668821 -0.0705272435091 0)
(0.620320914056 -0.0763536410049 0)
(0.614693500354 -0.0813370597032 0)
(0.609052966021 -0.085497617621 0)
(0.603455754616 -0.0888654481435 0)
(0.597949381296 -0.091478128936 0)
(0.592572900111 -0.0933784003193 0)
(0.587357573384 -0.0946122039895 0)
(0.582327660919 -0.0952270452735 0)
(0.577501264001 -0.0952706633548 0)
(0.572891175203 -0.0947899824238 0)
(0.568505699017 -0.0938303107463 0)
(0.564349419989 -0.0924347526624 0)
(0.560423904304 -0.0906437992397 0)
(0.556728327869 -0.0884950656855 0)
(0.553260029164 -0.0860231469473 0)
(0.550014988829 -0.0832595666517 0)
(0.546988240383 -0.0802327983004 0)
(0.544174217961 -0.0769683412337 0)
(0.541567047718 -0.073488837155 0)
(0.539160789785 -0.0698142159173 0)
(0.536949637568 -0.0659618618036 0)
(0.534928080769 -0.0619467936739 0)
(0.533091038048 -0.0577818541621 0)
(0.531433964611 -0.0534779046018 0)
(0.529952939413 -0.0490440235862 0)
(0.528644736006 -0.04448770808 0)
(0.527506880472 -0.0398150768184 0)
(0.526537699273 -0.0350310763875 0)
(0.525736359308 -0.030139690925 0)
(0.525102901893 -0.0251441568108 0)
(0.536818899972 -0.019607864081 0)
(0.536418719277 -0.0145966667235 0)
(0.536216517085 -0.00949229935367 0)
(0.536216385283 -0.00429822843444 0)
(0.536423258778 0.000981607245114 0)
(0.536842910971 0.0063425184652 0)
(0.537481937622 0.0117787700748 0)
(0.538347726289 0.0172832670022 0)
(0.539448407817 0.0228472212315 0)
(0.540792785579 0.0284597999672 0)
(0.542390237382 0.0341077562506 0)
(0.544250584141 0.0397750446494 0)
(0.546383918632 0.0454424263894 0)
(0.548800386934 0.0510870704768 0)
(0.551509914618 0.0566821600389 0)
(0.55452186948 0.0621965163311 0)
(0.55784465275 0.0675942566281 0)
(0.561485211446 0.0728345065304 0)
(0.565448466114 0.0778711919794 0)
(0.569736650799 0.0826529413242 0)
(0.574348566094 0.0871231328368 0)
(0.579278751718 0.0912201276917 0)
(0.584516592541 0.0948777319959 0)
(0.590045381504 0.0980259331717 0)
(0.595841374426 0.100591954802 0)
(0.601872884976 0.102501668746 0)
(0.608099482554 0.103681392581 0)
(0.614471370252 0.104060082903 0)
(0.620929032865 0.103571909643 0)
(0.627403253643 0.102159162859 0)
(0.633815600286 0.0997754018263 0)
(0.640079472202 0.0963887086749 0)
(0.646101779003 0.0919848589999 0)
(0.651785281964 0.086570175943 0)
(0.657031574658 0.0801738004624 0)
(0.661744608181 0.0728490989685 0)
(0.665834586084 0.0646739505277 0)
(0.669221975058 0.0557497172826 0)
(0.671841313945 0.0461988057472 0)
(0.673644472378 0.0361608673574 0)
(0.674603028371 0.0257878482977 0)
(0.674709512346 0.0152382512793 0)
(0.673977393452 0.00467107458702 0)
(0.672439830502 -0.00576007771518 0)
(0.670147344749 -0.0159122588659 0)
(0.667164679917 -0.0256574533162 0)
(0.663567181232 -0.034885637164 0)
(0.659437035787 -0.0435065571337 0)
(0.654859674909 -0.0514502989976 0)
(0.649920565416 -0.0586668161183 0)
(0.644702532163 -0.0651246443015 0)
(0.639283675251 -0.0708090451781 0)
(0.63373588093 -0.0757198065199 0)
(0.628123879425 -0.0798688953837 0)
(0.622504775196 -0.0832781188469 0)
(0.616927962555 -0.0859769049381 0)
(0.611435338338 -0.0880002779742 0)
(0.606061729463 -0.0893870704122 0)
(0.600835463698 -0.0901783882762 0)
(0.595779024172 -0.0904163289435 0)
(0.590909740574 -0.0901429376992 0)
(0.586240481463 -0.0893993818816 0)
(0.581780322149 -0.088225317525 0)
(0.577535170993 -0.0866584221626 0)
(0.573508343654 -0.08473406803 0)
(0.56970108005 -0.0824851116522 0)
(0.566113002598 -0.079941778206 0)
(0.562742517128 -0.0771316217524 0)
(0.559587159634 -0.0740795451994 0)
(0.556643893249 -0.0708078665065 0)
(0.553909360408 -0.0673364200941 0)
(0.551380095373 -0.0636826846206 0)
(0.54905270228 -0.0598619302158 0)
(0.546924003553 -0.0558873799242 0)
(0.544991163219 -0.0517703815301 0)
(0.543251789135 -0.047520587122 0)
(0.541704017725 -0.0431461387522 0)
(0.540346584258 -0.0386538593715 0)
(0.539178881221 -0.034049448893 0)
(0.538201006849 -0.0293376857953 0)
(0.53741380536 -0.0245226351217 0)
(0.548609617395 -0.0190520894895 0)
(0.548106021942 -0.0142487901239 0)
(0.547822591765 -0.00935616974994 0)
(0.547763689277 -0.00437846651117 0)
(0.547934375109 0.000679612704116 0)
(0.548340395275 0.00581262594805 0)
(0.54898815448 0.0110141149364 0)
(0.549884672907 0.0162763083637 0)
(0.55103752324 0.0215898099483 0)
(0.552454743981 0.0269432721382 0)
(0.55414472456 0.0323230574529 0)
(0.556116057055 0.0377128907706 0)
(0.558377348835 0.0430935075357 0)
(0.560936989991 0.0484423049021 0)
(0.563802869203 0.053733005261 0)
(0.566982031769 0.0589353444693 0)
(0.570480274028 0.0640148003462 0)
(0.574301669477 0.0689323806242 0)
(0.578448023776 0.0736444933984 0)
(0.582918258604 0.0781029270232 0)
(0.587707728315 0.0822549700953 0)
(0.592807478663 0.0860437052038 0)
(0.598203463642 0.0894085119899 0)
(0.603875744793 0.092285815066 0)
(0.609797707019 0.094610109629 0)
(0.615935335675 0.0963152912858 0)
(0.622246610815 0.0973363056993 0)
(0.62868108494 0.0976111173273 0)
(0.635179718907 0.0970829741983 0)
(0.641675055008 0.0957029173158 0)
(0.648091804274 0.093432449708 0)
(0.654347914472 0.0902462433051 0)
(0.660356163917 0.0861347250665 0)
(0.66602629257 0.0811063520215 0)
(0.671267636086 0.0751893644051 0)
(0.675992172733 0.0684328039611 0)
(0.680117832542 0.0609066074556 0)
(0.683571861037 0.0527006379157 0)
(0.686293986841 0.0439225982158 0)
(0.6882391251 0.0346948775954 0)
(0.689379367158 0.0251504986814 0)
(0.689705065904 0.0154284401061 0)
(0.689224918497 0.0056686837799 0)
(0.68796505508 -0.0039926388952 0)
(0.685967244278 -0.0134276510774 0)
(0.683286409525 -0.0225203994407 0)
(0.679987703058 -0.031169600057 0)
(0.676143398787 -0.0392903844502 0)
(0.67182984307 -0.0468150724336 0)
(0.667124654823 -0.0536930783987 0)
(0.662104307051 -0.0598901083015 0)
(0.656842162394 -0.0653868266504 0)
(0.651406983581 -0.0701771715215 0)
(0.645861899836 -0.0742664780284 0)
(0.640263783275 -0.0776695438267 0)
(0.634662974027 -0.0804087399505 0)
(0.62910328704 -0.0825122407368 0)
(0.623622234559 -0.0840124203691 0)
(0.618251403874 -0.0849444419069 0)
(0.613016937964 -0.0853450478482 0)
(0.607940075682 -0.0852515490284 0)
(0.603037717137 -0.0847010003559 0)
(0.598322988174 -0.0837295467978 0)
(0.593805785127 -0.0823719204166 0)
(0.589493287053 -0.0806610684643 0)
(0.585390427565 -0.0786278930105 0)
(0.581500322202 -0.076301083861 0)
(0.577824650117 -0.0737070282899 0)
(0.574363990956 -0.070869783095 0)
(0.571118119182 -0.0678110965342 0)
(0.568086259021 -0.0645504696811 0)
(0.565267303676 -0.0611052485894 0)
(0.562660002654 -0.0574907403297 0)
(0.56026312103 -0.0537203474511 0)
(0.558075574286 -0.0498057167227 0)
(0.556096542075 -0.0457568991204 0)
(0.554325563926 -0.0415825189819 0)
(0.552762619497 -0.0372899510572 0)
(0.55140819557 -0.0328855048414 0)
(0.550263341578 -0.0283746161389 0)
(0.54932971498 -0.0237620462458 0)
(0.559949708247 -0.0183841611466 0)
(0.559346218411 -0.0138096266775 0)
(0.558982878997 -0.00914994768983 0)
(0.558864296001 -0.00440998811778 0)
(0.558995622869 0.000404929643958 0)
(0.559382540459 0.0052887722815 0)
(0.560031221365 0.010234530427 0)
(0.560948276144 0.0152339409564 0)
(0.562140678506 0.0202771974249 0)
(0.563615665986 0.0253526501346 0)
(0.565380612169 0.0304464983489 0)
(0.567442866081 0.0355424784375 0)
(0.569809554038 0.0406215532949 0)
(0.572487339059 0.045661610233 0)
(0.575482132971 0.0506371767241 0)
(0.578798756714 0.0555191658624 0)
(0.582440545088 0.0602746661675 0)
(0.586408893527 0.0648667933219 0)
(0.590702746488 0.0692546244763 0)
(0.595318029852 0.0733932386872 0)
(0.600247033599 0.0772338896047 0)
(0.605477755829 0.0807243383236 0)
(0.610993225251 0.0838093748982 0)
(0.616770826333 0.086431555833 0)
(0.622781659249 0.0885321812382 0)
(0.62898997522 0.0900525286144 0)
(0.635352736178 0.090935349748 0)
(0.641819354918 0.0911266224441 0)
(0.648331676891 0.0905775295903 0)
(0.654824266002 0.0892466145941 0)
(0.661225052522 0.087102035508 0)
(0.667456389883 0.0841238119963 0)
(0.673436547359 0.0803059325278 0)
(0.679081636756 0.0756581676774 0)
(0.684307933934 0.0702074238492 0)
(0.689034512427 0.0639984749934 0)
(0.693186061034 0.0570939322613 0)
(0.696695716194 0.0495733553479 0)
(0.699507711038 0.0415314736067 0)
(0.701579633841 0.0330755648157 0)
(0.70288410561 0.0243221249197 0)
(0.70340973135 0.0153930392491 0)
(0.703161247168 0.00641151966823 0)
(0.702158864119 -0.00250190716916 0)
(0.700436886656 -0.011233089566 0)
(0.698041747523 -0.0196773930701 0)
(0.695029643314 -0.0277421386645 0)
(0.691463970474 -0.0353482601453 0)
(0.687412751062 -0.0424311810455 0)
(0.68294620739 -0.0489409747533 0)
(0.678134603434 -0.0548419153196 0)
(0.673046426898 -0.0601115500291 0)
(0.667746945149 -0.0647394305901 0)
(0.662297134851 -0.0687256320367 0)
(0.656752960469 -0.0720791719077 0)
(0.65116496093 -0.0748164212891 0)
(0.645578095447 -0.0769595772523 0)
(0.640031797161 -0.0785352454607 0)
(0.634560185248 -0.0795731636172 0)
(0.629192390773 -0.0801050816041 0)
(0.623952957758 -0.0801638027204 0)
(0.618862287582 -0.0797823820906 0)
(0.613937101369 -0.0789934726625 0)
(0.609190901052 -0.0778288057581 0)
(0.604634415037 -0.0763187913698 0)
(0.600276018825 -0.0744922228916 0)
(0.596122124526 -0.0723760713505 0)
(0.592177536042 -0.0699953551622 0)
(0.588445768787 -0.0673730727432 0)
(0.584929334426 -0.0645301867932 0)
(0.581629992122 -0.0614856505957 0)
(0.578548968548 -0.058256468183 0)
(0.575687149236 -0.0548577816219 0)
(0.573045244058 -0.0513029799678 0)
(0.570623929586 -0.0476038255967 0)
(0.56842397097 -0.0437705946375 0)
(0.56644632573 -0.0398122291206 0)
(0.564692231601 -0.0357364992146 0)
(0.563163280228 -0.0315501745635 0)
(0.561861478167 -0.0272592042726 0)
(0.560789296284 -0.0228689055255 0)
(0.57078245265 -0.0176090004509 0)
(0.570083222181 -0.0132819455706 0)
(0.56964201477 -0.00887422789788 0)
(0.569463657208 -0.00439118680411 0)
(0.569553370548 0.000161395944045 0)
(0.569916743994 0.00477705921537 0)
(0.570559691782 0.0094484149691 0)
(0.571488390872 0.0141668907014 0)
(0.572709196819 0.0189224630392 0)
(0.574228534843 0.0237033844026 0)
(0.576052762757 0.0284959056274 0)
(0.578188002162 0.0332839986189 0)
(0.580639934144 0.0380490845392 0)
(0.583413555758 0.0427697746863 0)
(0.586512893778 0.0474216331346 0)
(0.589940672805 0.0519769723293 0)
(0.593697935712 0.0564046951183 0)
(0.59778361591 0.0606701990846 0)
(0.602194062916 0.0647353613819 0)
(0.606922525496 0.0685586243808 0)
(0.611958600161 0.072095204082 0)
(0.617287657195 0.0752974440894 0)
(0.622890261551 0.078115337611 0)
(0.628741611888 0.080497237994 0)
(0.634811027415 0.0823907742173 0)
(0.6410615187 0.0837439810781 0)
(0.647449484645 0.0845066441006 0)
(0.65392458259 0.0846318461917 0)
(0.660429821004 0.084077686791 0)
(0.666901923359 0.0828091251301 0)
(0.67327200623 0.0807998781821 0)
(0.679466603457 0.0780342825839 0)
(0.685409050499 0.0745090105684 0)
(0.691021218721 0.0702345157426 0)
(0.696225559316 0.0652360787841 0)
(0.700947382699 0.0595543291561 0)
(0.705117265271 0.053245139409 0)
(0.708673445981 0.0463788246424 0)
(0.711564055639 0.0390386299121 0)
(0.713749017752 0.0313185486036 0)
(0.71520147435 0.0233205777806 0)
(0.715908624643 0.0151515727285 0)
(0.715871914505 0.00691990269855 0)
(0.715106573377 -0.00126787355215 0)
(0.713640553136 -0.00931010235469 0)
(0.711512972773 -0.0171127211892 0)
(0.708772206818 -0.0245914063367 0)
(0.70547377069 -0.0316731100805 0)
(0.701678152607 -0.0382969730093 0)
(0.697448723061 -0.0444146465682 0)
(0.692849824529 -0.0499900978788 0)
(0.687945111958 -0.0549989914873 0)
(0.682796183135 -0.0594277520174 0)
(0.677461510776 -0.0632724101407 0)
(0.671995666633 -0.0665373249737 0)
(0.666448812727 -0.0692338620585 0)
(0.660866425475 -0.071379090104 0)
(0.655289214091 -0.0729945436727 0)
(0.6497531941 -0.074105084314 0)
(0.644289878884 -0.074737880014 0)
(0.638926555988 -0.0749215125766 0)
(0.63368661959 -0.0746852146454 0)
(0.628589935436 -0.0740582323286 0)
(0.623653219388 -0.0730693054933 0)
(0.618890415062 -0.071746255414 0)
(0.614313059926 -0.0701156682544 0)
(0.609930632435 -0.0682026625471 0)
(0.605750875451 -0.0660307291411 0)
(0.601780093256 -0.0636216328182 0)
(0.598023421106 -0.0609953657643 0)
(0.59448506741 -0.0581701442019 0)
(0.591168529463 -0.0551624406556 0)
(0.588076784188 -0.0519870454692 0)
(0.585212455669 -0.0486571522777 0)
(0.582577961348 -0.0451844631493 0)
(0.580175638814 -0.0415793100085 0)
(0.578007854951 -0.0378507897648 0)
(0.576077099087 -0.0340069112659 0)
(0.574386061511 -0.0300547527978 0)
(0.572937698483 -0.0260006293531 0)
(0.571735284548 -0.021850269307 0)
(0.581055184766 -0.0167320865018 0)
(0.580264946944 -0.0126691727703 0)
(0.579748599074 -0.00853036299612 0)
(0.579511169261 -0.00432132055417 0)
(0.579557927465 -4.81302777174e-05 0)
(0.57989435438 0.0042824812898 0)
(0.580526092358 0.00866291695839 0)
(0.58145887643 0.0130844721996 0)
(0.582698443177 0.0175370921942 0)
(0.584250414932 0.0220091248401 0)
(0.586120156589 0.0264870728402 0)
(0.588312602162 0.0309553490712 0)
(0.590832048255 0.0353960407159 0)
(0.593681911761 0.0397886890987 0)
(0.596864449538 0.0441100938079 0)
(0.600380438464 0.0483341514691 0)
(0.604228815376 0.0524317414004 0)
(0.608406277846 0.0563706722452 0)
(0.612906848807 0.0601157054208 0)
(0.617721410578 0.0636286726576 0)
(0.622837217074 0.0668687058428 0)
(0.628237396818 0.0697925975183 0)
(0.633900463742 0.0723553094349 0)
(0.639799857632 0.0745106441593 0)
(0.645903541105 0.0762120905168 0)
(0.652173684853 0.0774138472964 0)
(0.658566477123 0.0780720208984 0)
(0.665032096246 0.078145981367 0)
(0.671514885773 0.0775998476759 0)
(0.677953769592 0.0764040577025 0)
(0.68428293828 0.0745369619379 0)
(0.690432827404 0.0719863640261 0)
(0.696331392935 0.0687509175688 0)
(0.701905668697 0.0648412795345 0)
(0.707083566624 0.0602809185185 0)
(0.711795854491 0.0551064832634 0)
(0.715978220329 0.0493676548843 0)
(0.719573311637 0.0431264355073 0)
(0.722532624402 0.0364558651613 0)
(0.724818115607 0.0294382044019 0)
(0.726403425324 0.0221626669746 0)
(0.727274620972 0.014722828276 0)
(0.727430413984 0.00721386499719 0)
(0.726881843071 -0.000270205492098 0)
(0.725651462155 -0.00763912236247 0)
(0.723772109164 -0.0148086731784 0)
(0.721285359311 -0.0217025731328 0)
(0.718239780624 -0.0282538664868 0)
(0.71468910995 -0.0344058281718 0)
(0.71069045662 -0.0401123821595 0)
(0.706302621763 -0.045338083611 0)
(0.701584598044 -0.050057732312 0)
(0.696594290666 -0.0542556955641 0)
(0.691387478606 -0.0579250208246 0)
(0.686017016823 -0.0610664139691 0)
(0.680532266357 -0.0636871502515 0)
(0.674978729809 -0.0657999738087 0)
(0.669397864261 -0.0674220295524 0)
(0.663827041462 -0.0685738596724 0)
(0.658299625383 -0.0692784865083 0)
(0.652845139177 -0.0695605946496 0)
(0.647489496589 -0.0694458179341 0)
(0.642255276393 -0.0689601314939 0)
(0.63716202206 -0.0681293449863 0)
(0.632226552433 -0.0669786904343 0)
(0.627463272356 -0.0655324964451 0)
(0.622884475058 -0.0638139397597 0)
(0.618500630474 -0.0618448648925 0)
(0.614320655638 -0.0596456628806 0)
(0.610352164856 -0.0572352007316 0)
(0.606601698557 -0.0546307939105 0)
(0.603074930623 -0.0518482150752 0)
(0.599776854625 -0.0489017331572 0)
(0.59671194979 -0.0458041777802 0)
(0.593884327808 -0.0425670248529 0)
(0.591297861646 -0.0392004999557 0)
(0.588956297574 -0.0357136968545 0)
(0.586863351493 -0.0321147091075 0)
(0.585022790537 -0.0284107732724 0)
(0.583438500706 -0.0246084226925 0)
(0.582114541062 -0.0207136512162 0)
(0.590719315067 -0.0157593931066 0)
(0.589843326877 -0.0119753432883 0)
(0.589255209106 -0.00812043036654 0)
(0.58896017419 -0.00420049222082 0)
(0.588963527596 -0.000221763243151 0)
(0.589270632689 0.00380892299056 0)
(0.589886857033 0.00788392403351 0)
(0.590817498447 0.0119945730639 0)
(0.592067688912 0.016130959294 0)
(0.593642274301 0.0202817066944 0)
(0.595545667763 0.0244337542556 0)
(0.597781674629 0.0285721419794 0)
(0.600353286813 0.0326798079222 0)
(0.603262444993 0.0367374028737 0)
(0.606509767383 0.0407231306431 0)
(0.610094244658 0.0446126233974 0)
(0.614012901743 0.0483788629809 0)
(0.618260428636 0.051992160578 0)
(0.622828784341 0.055420208324 0)
(0.627706780384 0.058628217386 0)
(0.632879653213 0.0615791574296 0)
(0.638328638064 0.0642341120409 0)
(0.644030560567 0.0665527633301 0)
(0.649957466219 0.0684940163456 0)
(0.656076311744 0.0700167698088 0)
(0.66234874589 0.0710808338324 0)
(0.668731009979 0.0716479875764 0)
(0.675173989987 0.0716831602396 0)
(0.681623451474 0.0711557075995 0)
(0.688020485689 0.0700407439911 0)
(0.694302189038 0.0683204769528 0)
(0.700402588435 0.0659854799246 0)
(0.706253811687 0.0630358288229 0)
(0.711787485344 0.0594820227256 0)
(0.716936323186 0.0553456090295 0)
(0.721635848371 0.0506594407713 0)
(0.725826173211 0.0454675092923 0)
(0.729453745349 0.039824319038 0)
(0.732472960412 0.0337938017657 0)
(0.734847541361 0.027447802157 0)
(0.736551595186 0.0208642019244 0)
(0.737570278062 0.0141247803785 0)
(0.737900028668 0.00731293169161 0)
(0.737548362614 0.000511369547257 0)
(0.736533254376 -0.00620005277537 0)
(0.734882162744 -0.0127462938039 0)
(0.73263077792 -0.0190587584838 0)
(0.729821581071 -0.0250765584693 0)
(0.726502309814 -0.0307473729367 0)
(0.722724417002 -0.0360279147772 0)
(0.718541597438 -0.0408840317596 0)
(0.714008440526 -0.0452904901451 0)
(0.709179248856 -0.0492304989438 0)
(0.70410704547 -0.0526950371256 0)
(0.698842777429 -0.0556820448603 0)
(0.693434711186 -0.0581955347203 0)
(0.687928006326 -0.0602446711736 0)
(0.682364448412 -0.0618428579037 0)
(0.676782318496 -0.0630068635123 0)
(0.671216375813 -0.063756007682 0)
(0.665697930783 -0.0641114223663 0)
(0.660254987078 -0.0640953962422 0)
(0.654912433883 -0.0637308055666 0)
(0.649692272112 -0.0630406306868 0)
(0.644613861045 -0.0620475546296 0)
(0.639694174476 -0.0607736382898 0)
(0.634948057807 -0.0592400655924 0)
(0.630388479633 -0.0574669514491 0)
(0.626026773114 -0.0554732052283 0)
(0.621872863894 -0.0532764426882 0)
(0.617935482514 -0.0508929397694 0)
(0.614222360153 -0.0483376222431 0)
(0.610740407224 -0.0456240858758 0)
(0.607495874838 -0.0427646424764 0)
(0.604494499462 -0.0397703878853 0)
(0.601741631303 -0.036651288623 0)
(0.599242347022 -0.0334162845374 0)
(0.597001547374 -0.0300734053387 0)
(0.595024040337 -0.0266298994036 0)
(0.593314610109 -0.0230923736451 0)
(0.591878072261 -0.0194669435946 0)
(0.599730323141 -0.0146973271033 0)
(0.598774308985 -0.011205049805 0)
(0.598118386418 -0.00764719046498 0)
(0.597767936964 -0.00402961654208 0)
(0.597728292358 -0.000358563841682 0)
(0.598004696297 0.00335917893579 0)
(0.598602247305 0.00711608007702 0)
(0.599525821292 0.0109036705484 0)
(0.600779972263 0.0147123473685 0)
(0.602368809566 0.0185311771411 0)
(0.604295850087 0.0223477029627 0)
(0.606563843865 0.0261477587764 0)
(0.609174571874 0.0299152962236 0)
(0.612128615088 0.0336322301182 0)
(0.615425094539 0.0372783098256 0)
(0.619061382921 0.0408310250221 0)
(0.623032789398 0.0442655554719 0)
(0.627332220718 0.0475547755235 0)
(0.631949823484 0.0506693248808 0)
(0.636872614601 0.0535777577083 0)
(0.642084109366 0.0562467821457 0)
(0.647563959474 0.0586416016313 0)
(0.653287616189 0.0607263678878 0)
(0.659226036994 0.0624647528074 0)
(0.665345456942 0.0638206426029 0)
(0.67160724838 0.0647589523452 0)
(0.677967894405 0.0652465523396 0)
(0.684379101836 0.0652532897686 0)
(0.690788078242 0.0647530799201 0)
(0.697137994194 0.0637250315552 0)
(0.703368645998 0.062154561268 0)
(0.709417325515 0.0600344429691 0)
(0.715219892303 0.0573657320282 0)
(0.720712029577 0.0541585003881 0)
(0.725830650192 0.0504323203406 0)
(0.730515403255 0.0462164416097 0)
(0.7347102177 0.0415496194458 0)
(0.738364808218 0.036479570385 0)
(0.741436063105 0.0310620560755 0)
(0.743889234623 0.0253596221005 0)
(0.745698861046 0.0194400452076 0)
(0.746849365525 0.0133745655517 0)
(0.747335298824 0.00723599744376 0)
(0.747161218283 0.00109682039947 0)
(0.746341221147 -0.00497264894941 0)
(0.744898173471 -0.0109059138601 0)
(0.742862693755 -0.0166417109543 0)
(0.740271961543 -0.0221251302794 0)
(0.737168425042 -0.0273084164079 0)
(0.733598478862 -0.0321514482845 0)
(0.729611174748 -0.0366219154494 0)
(0.725257016422 -0.0406952235039 0)
(0.720586876239 -0.0443541717173 0)
(0.715651057904 -0.0475884506949 0)
(0.71049851719 -0.0503940087526 0)
(0.705176242189 -0.0527723330252 0)
(0.699728786546 -0.0547296864062 0)
(0.694197943302 -0.0562763351528 0)
(0.688622543339 -0.0574257951873 0)
(0.683038360569 -0.0581941184076 0)
(0.6774781056 -0.0585992341176 0)
(0.671971490248 -0.0586603552542 0)
(0.666545346658 -0.0583974545424 0)
(0.661223786558 -0.0578308120842 0)
(0.656028388175 -0.0569806331157 0)
(0.650978400345 -0.0558667326725 0)
(0.646090955293 -0.0545082825716 0)
(0.641381283277 -0.0529236153198 0)
(0.636862923886 -0.0511300792036 0)
(0.632547930054 -0.0491439387776 0)
(0.62844706199 -0.0469803151732 0)
(0.624569969074 -0.0446531610238 0)
(0.620925358493 -0.0421752652697 0)
(0.617521149895 -0.0395582836441 0)
(0.61436461572 -0.0368127911898 0)
(0.61146250712 -0.0339483537016 0)
(0.608821165543 -0.0309736155088 0)
(0.606446620109 -0.0278964014929 0)
(0.604344670906 -0.0247238316575 0)
(0.602520958295 -0.0214624469415 0)
(0.600981018186 -0.018118345274 0)
(0.608047727004 -0.0135526692564 0)
(0.607017823283 -0.0103633892818 0)
(0.60629860363 -0.00711403861552 0)
(0.605895604482 -0.00381037620772 0)
(0.605814177727 -0.000458498671932 0)
(0.606059450113 0.00293499356494 0)
(0.606636263697 0.00636282577164 0)
(0.607549096145 0.00981687556185 0)
(0.608801959683 0.0132879986072 0)
(0.610398277498 0.0167658558822 0)
(0.61234073646 0.0202387455565 0)
(0.614631115269 0.023693443394 0)
(0.617270087374 0.0271150563553 0)
(0.620256998532 0.0304868950009 0)
(0.623589619483 0.0337903712418 0)
(0.627263875072 0.0370049289332 0)
(0.631273552245 0.0401080156986 0)
(0.635609990691 0.04307510514 0)
(0.640261761517 0.0458797791303 0)
(0.645214341238 0.0484938800974 0)
(0.650449790488 0.0508877429521 0)
(0.655946449175 0.0530305154566 0)
(0.661678662209 0.054890574206 0)
(0.667616552284 0.0564360408919 0)
(0.6737258583 0.0576353999819 0)
(0.67996785965 0.058458214343 0)
(0.686299407412 0.0588759296568 0)
(0.692673083231 0.0588627518184 0)
(0.699037504931 0.0583965741595 0)
(0.705337794392 0.0574599236627 0)
(0.711516217739 0.0560408879499 0)
(0.717513000234 0.0541339784586 0)
(0.723267308674 0.0517408807445 0)
(0.728718382853 0.0488710411848 0)
(0.733806785476 0.0455420413549 0)
(0.738475727846 0.0417797176506 0)
(0.742672417913 0.0376179945854 0)
(0.746349369333 0.0330984153364 0)
(0.749465606357 0.0282693716168 0)
(0.751987700752 0.0231850552888 0)
(0.753890584039 0.0179041742256 0)
(0.755158090858 0.012488492486 0)
(0.755783206184 0.00700126775027 0)
(0.755768008644 0.00150566558023 0)
(0.755123322125 -0.0039367703195 0)
(0.753868106081 -0.00926751979662 0)
(0.752028629437 -0.0144323006426 0)
(0.749637482693 -0.0193820530234 0)
(0.746732486986 -0.0240736696188 0)
(0.743355558069 -0.0284704651186 0)
(0.739551577932 -0.0325423946508 0)
(0.735367318682 -0.0362660434501 0)
(0.730850453375 -0.0396244190836 0)
(0.726048678102 -0.0426065827719 0)
(0.72100895975 -0.0452071581838 0)
(0.715776915106 -0.0474257551442 0)
(0.710396319798 -0.0492663426896 0)
(0.704908740121 -0.0507366015692 0)
(0.699353276955 -0.0518472812498 0)
(0.693766408692 -0.052611581254 0)
(0.688181918988 -0.0530445716428 0)
(0.682630895058 -0.0531626628902 0)
(0.67714178282 -0.0529831314507 0)
(0.671740486288 -0.0525237040458 0)
(0.666450499958 -0.0518022010966 0)
(0.661293064423 -0.0508362377607 0)
(0.656287336961 -0.0496429796255 0)
(0.651450570243 -0.0482389491786 0)
(0.646798293646 -0.0466398786447 0)
(0.642344492789 -0.044860604552 0)
(0.638101783915 -0.0429149994095 0)
(0.634081580573 -0.0408159360667 0)
(0.63029425073 -0.0385752806331 0)
(0.626749262976 -0.0362039102251 0)
(0.623455320893 -0.0337117522283 0)
(0.620420484961 -0.0311078422025 0)
(0.617652281578 -0.0284003979822 0)
(0.615157798882 -0.0255969079334 0)
(0.612943769139 -0.0227042316857 0)
(0.611016637453 -0.0197287119853 0)
(0.60938261651 -0.0166762965807 0)
(0.615635034602 -0.0123325187322 0)
(0.614537736255 -0.00945590898604 0)
(0.613760215937 -0.00652495213565 0)
(0.613308151321 -0.00354516928441 0)
(0.613186910544 -0.000522386602843 0)
(0.613401509929 0.00253711697852 0)
(0.613956552846 0.0056264587597 0)
(0.614856148765 0.00873799945483 0)
(0.616103811592 0.0118631904707 0)
(0.617702336448 0.0149924236602 0)
(0.619653654227 0.0181148864905 0)
(0.621958663517 0.0212184262031 0)
(0.624617039805 0.0242894272466 0)
(0.627627022461 0.0273127070066 0)
(0.630985180575 0.0302714356248 0)
(0.634686159646 0.0331470864419 0)
(0.638722412101 0.0359194242657 0)
(0.643083915924 0.0385665392006 0)
(0.647757887082 0.0410649340826 0)
(0.65272849313 0.0433896735655 0)
(0.657976577147 0.0455146024874 0)
(0.663479403081 0.0474126401961 0)
(0.669210435451 0.0490561559294 0)
(0.675139168148 0.0504174280187 0)
(0.68123101854 0.0514691865485 0)
(0.687447304044 0.0521852351305 0)
(0.693745318575 0.0525411426763 0)
(0.700078525493 0.0525149906063 0)
(0.706396881699 0.0520881550379 0)
(0.712647304035 0.0512460975271 0)
(0.718774284126 0.049979132341 0)
(0.724720651144 0.0482831336356 0)
(0.730428473864 0.0461601429311 0)
(0.73584008421 0.0436188366066 0)
(0.740899194774 0.0406748153572 0)
(0.745552073435 0.0373506830767 0)
(0.749748730075 0.0336758915558 0)
(0.753444064606 0.0296863394313 0)
(0.756598923038 0.0254237282362 0)
(0.759181009821 0.0209346940244 0)
(0.761165610518 0.0162697483538 0)
(0.762536088785 0.0114820757637 0)
(0.763284134827 0.00662624477105 0)
(0.763409757662 0.00175689467473 0)
(0.762921029199 -0.00307253943014 0)
(0.761833602507 -0.0078110059434 0)
(0.760170038563 -0.0124108720835 0)
(0.757958984071 -0.0168287792153 0)
(0.755234247225 -0.0210262959601 0)
(0.752033818693 -0.0249703607385 0)
(0.748398882097 -0.0286335180337 0)
(0.744372852646 -0.0319939631638 0)
(0.7400004754 -0.035035418178 0)
(0.735327006674 -0.0377468665056 0)
(0.730397494209 -0.0401221763659 0)
(0.7252561645 -0.0421596430621 0)
(0.71994591943 -0.0438614786232 0)
(0.714507939377 -0.0452332743591 0)
(0.708981386201 -0.046283458237 0)
(0.703403196978 -0.0470227649916 0)
(0.697807957822 -0.0474637328915 0)
(0.6922278465 -0.047620237332 0)
(0.686692632529 -0.0475070680653 0)
(0.681229724 -0.0471395540097 0)
(0.675864251148 -0.0465332372199 0)
(0.670619177747 -0.0457035957397 0)
(0.665515432518 -0.0446658136707 0)
(0.660572053836 -0.0434345958049 0)
(0.655806342116 -0.0420240235366 0)
(0.651234015212 -0.0404474484224 0)
(0.646869363072 -0.0387174196381 0)
(0.642725398628 -0.0368456416336 0)
(0.638814002533 -0.0348429584626 0)
(0.63514605991 -0.0327193615303 0)
(0.631731587681 -0.0304840178156 0)
(0.62857985136 -0.0281453159627 0)
(0.625699470463 -0.025710927985 0)
(0.623098511823 -0.0231878846555 0)
(0.620784570239 -0.0205826629629 0)
(0.618764835902 -0.0179012842853 0)
(0.617046148094 -0.0151494221638 0)
(0.622459682787 -0.0110442419037 0)
(0.621301792629 -0.0084885531074 0)
(0.620471402199 -0.00588443441707 0)
(0.619974316782 -0.00323705008295 0)
(0.619815918306 -0.000551835420626 0)
(0.620001121911 0.00216537384906 0)
(0.620534313891 0.00490820977981 0)
(0.621419270269 0.00766963937411 0)
(0.622659055362 0.0104418325672 0)
(0.624255899839 0.0132160332482 0)
(0.626211057967 0.0159824360221 0)
(0.628524644075 0.018730071953 0)
(0.631195448658 0.0214467071098 0)
(0.634220735076 0.0241187583446 0)
(0.63759601848 0.026731231337 0)
(0.641314829437 0.0292676865163 0)
(0.645368465662 0.0317102389548 0)
(0.649745736469 0.0340395986805 0)
(0.654432705816 0.0362351580019 0)
(0.659412441248 0.0382751322965 0)
(0.664664777555 0.0401367602154 0)
(0.67016610553 0.0417965682986 0)
(0.675889197627 0.0432307035084 0)
(0.681803083662 0.0444153351052 0)
(0.687872990643 0.04532712456 0)
(0.694060361267 0.0459437588349 0)
(0.700322965456 0.0462445384089 0)
(0.706615118166 0.0462110070113 0)
(0.712888014615 0.0458276053594 0)
(0.719090190739 0.0450823265728 0)
(0.725168112118 0.0439673467415 0)
(0.731066888849 0.042479600816 0)
(0.736731107017 0.0406212720513 0)
(0.742105759863 0.0384001631692 0)
(0.747137254026 0.035829919598 0)
(0.751774458856 0.0329300798645 0)
(0.755969760671 0.029725935471 0)
(0.759680079541 0.0262481921183 0)
(0.762867804635 0.0225324353446 0)
(0.765501605606 0.0186184156497 0)
(0.767557082374 0.0145491798636 0)
(0.769017223504 0.0103700857038 0)
(0.76987265384 0.00612774406227 0)
(0.770121663972 0.0018689377593 0)
(0.769770026475 -0.00236043412782 0)
(0.768830615461 -0.00651634062857 0)
(0.767322855707 -0.0105574928472 0)
(0.765272034799 -0.0144460774832 0)
(0.762708515902 -0.0181483302438 0)
(0.759666889909 -0.0216349401566 0)
(0.756185104178 -0.0248812857466 0)
(0.752303601365 -0.0278675125803 0)
(0.748064496634 -0.0305784683223 0)
(0.743510815522 -0.033003516013 0)
(0.738685808477 -0.0351362488082 0)
(0.733632352141 -0.0369741301548 0)
(0.72839244212 -0.0385180826175 0)
(0.723006777506 -0.0397720467154 0)
(0.717514433836 -0.0407425285311 0)
(0.711952618601 -0.0414381518601 0)
(0.706356501599 -0.0418692275445 0)
(0.700759111429 -0.0420473496067 0)
(0.695191288996 -0.0419850250035 0)
(0.689681688952 -0.0416953413631 0)
(0.684256820406 -0.0411916749869 0)
(0.678941118836 -0.0404874397098 0)
(0.673757041961 -0.0395958758971 0)
(0.668725183102 -0.0385298778898 0)
(0.663864396459 -0.037301857533 0)
(0.659191929516 -0.0359236410144 0)
(0.654723558527 -0.0344063960228 0)
(0.650473723733 -0.0327605861977 0)
(0.646455661545 -0.0309959499146 0)
(0.642681531405 -0.0291215006156 0)
(0.639162535503 -0.0271455461245 0)
(0.635909029814 -0.0250757246335 0)
(0.632930625231 -0.0229190553296 0)
(0.630236277739 -0.0206820018891 0)
(0.627834366741 -0.0183705473247 0)
(0.625732760737 -0.0159902788933 0)
(0.623938869607 -0.0135464819651 0)
(0.62849296861 -0.00969542597521 0)
(0.627281550033 -0.00746761089759 0)
(0.626404099938 -0.00519745732947 0)
(0.625866537295 -0.00288966528196 0)
(0.625674256196 -0.000549170835033 0)
(0.625832081677 0.00181874265656 0)
(0.626344207244 0.00420833154619 0)
(0.627214113525 0.00661327845092 0)
(0.628444467656 0.00902658005408 0)
(0.630037003162 0.0114404381763 0)
(0.631992380385 0.0138461565357 0)
(0.634310027836 0.0162340460582 0)
(0.636987965299 0.0185933420759 0)
(0.640022610054 0.0209121372327 0)
(0.643408568265 0.0231773343933 0)
(0.64713841436 0.0253746242818 0)
(0.651202462163 0.0274884929245 0)
(0.65558853257 0.029502264185 0)
(0.660281723714 0.0313981827173 0)
(0.665264190795 0.033157542438 0)
(0.670514944002 0.0347608650965 0)
(0.676009674189 0.0361881326131 0)
(0.681720617089 0.0374190755144 0)
(0.687616467747 0.0384335179812 0)
(0.693662357448 0.0392117777046 0)
(0.699819905457 0.039735115951 0)
(0.70604735744 0.039986230014 0)
(0.71229982108 0.0399497767024 0)
(0.718529607283 0.0396129118582 0)
(0.724686682235 0.0389658273534 0)
(0.730719231437 0.0380022638926 0)
(0.736574331857 0.0367199755966 0)
(0.742198722558 0.0351211211196 0)
(0.747539657937 0.0332125563208 0)
(0.75254582147 0.0310060055339 0)
(0.757168272068 0.0285180924127 0)
(0.761361390406 0.0257702171591 0)
(0.765083789447 0.0227882744166 0)
(0.768299152395 0.0196022147847 0)
(0.770976962717 0.0162454621001 0)
(0.773093094894 0.0127542075406 0)
(0.774630240938 0.00916660936447 0)
(0.775578156018 0.00552193293405 0)
(0.775933716068 0.00185966899045 0)
(0.77570079017 -0.00178133136577 0)
(0.774889939884 -0.00536366883876 0)
(0.773517965809 -0.00885212388396 0)
(0.771607327848 -0.0122142757297 0)
(0.76918546957 -0.0154209955638 0)
(0.766284078686 -0.0184468051284 0)
(0.76293831508 -0.0212700997431 0)
(0.759186035486 -0.0238732416202 0)
(0.755067040183 -0.0262425348479 0)
(0.750622362545 -0.0283680974036 0)
(0.745893617362 -0.0302436480078 0)
(0.740922418987 -0.0318662266574 0)
(0.735749875814 -0.0332358674974 0)
(0.73041616365 -0.0343552415609 0)
(0.724960177212 -0.0352292851151 0)
(0.719419256429 -0.0358648271384 0)
(0.713828982295 -0.0362702270593 0)
(0.708223035777 -0.0364550314813 0)
(0.702633112534 -0.036429656346 0)
(0.697088885916 -0.0362050989259 0)
(0.691618010767 -0.0357926822611 0)
(0.686246160858 -0.0352038331633 0)
(0.680997093278 -0.0344498937257 0)
(0.675892733652 -0.0335419653648 0)
(0.670953276738 -0.0324907837618 0)
(0.666197297592 -0.031306622636 0)
(0.661641869086 -0.0299992240191 0)
(0.657302682204 -0.0285777525989 0)
(0.653194166034 -0.0270507717002 0)
(0.64932960485 -0.0254262385668 0)
(0.645721250116 -0.023711516759 0)
(0.642380425536 -0.0219134036664 0)
(0.639317623602 -0.0200381713489 0)
(0.63654259229 -0.0180916191243 0)
(0.63406441075 -0.0160791365264 0)
(0.631891552942 -0.0140057754401 0)
(0.630031938314 -0.0118763303768 0)
(0.633709977303 -0.00829383766511 0)
(0.632452310701 -0.00639966699861 0)
(0.631533938121 -0.00446940304232 0)
(0.630960877777 -0.00250718683007 0)
(0.630738534648 -0.000517359795829 0)
(0.630871655887 0.00149544286722 0)
(0.631364268264 0.00352619755972 0)
(0.632219597269 0.00556939758747 0)
(0.633439967649 0.00761895991898 0)
(0.635026685391 0.00966813516246 0)
(0.636979901485 0.0117094228616 0)
(0.639298458128 0.013734494565 0)
(0.641979718537 0.0157341275039 0)
(0.645019382062 0.0176981520893 0)
(0.648411286963 0.0196154168053 0)
(0.652147203957 0.0214737743922 0)
(0.656216624528 0.0232600934526 0)
(0.660606548904 0.0249602997357 0)
(0.665301279645 0.0265594513172 0)
(0.670282227835 0.0280418516414 0)
(0.675527739904 0.0293912038851 0)
(0.681012954105 0.0305908092874 0)
(0.686709696469 0.0316238109274 0)
(0.692586426712 0.0324734828966 0)
(0.698608244788 0.033123562895 0)
(0.704736968639 0.0335586240104 0)
(0.710931292916 0.0337644788602 0)
(0.717147037101 0.0337286065084 0)
(0.723337489244 0.0334405897434 0)
(0.72945384868 0.0328925476244 0)
(0.735445767336 0.0320795459071 0)
(0.741261984883 0.0309999663047 0)
(0.746851048055 0.0296558148004 0)
(0.752162099316 0.0280529496497 0)
(0.757145714904 0.0262012114767 0)
(0.761754767716 0.0241144410752 0)
(0.76594528676 0.0218103751215 0)
(0.769677282579 0.0193104158083 0)
(0.772915507447 0.0166392770424 0)
(0.775630120443 0.0138245168413 0)
(0.777797230909 0.0108959722957 0)
(0.779399298976 0.00788511934303 0)
(0.780425378625 0.00482438404184 0)
(0.780871196447 0.00174643463278 0)
(0.780739067352 -0.00131651581611 0)
(0.78003765621 -0.00433336794676 0)
(0.778781601231 -0.00727473102687 0)
(0.776991020269 -0.0101134343125 0)
(0.774690924922 -0.0128249407298 0)
(0.771910569132 -0.0153876549168 0)
(0.768682759116 -0.0177831236638 0)
(0.765043150032 -0.0199961321757 0)
(0.761029552207 -0.0220147040476 0)
(0.756681266325 -0.0238300162027 0)
(0.752038463111 -0.0254362422473 0)
(0.747141619063 -0.0268303388145 0)
(0.742031015942 -0.0280117896149 0)
(0.736746308209 -0.0289823212852 0)
(0.731326159611 -0.0297456039155 0)
(0.72580794758 -0.030306947538 0)
(0.720227532184 -0.0306730040556 0)
(0.71461908496 -0.0308514822222 0)
(0.70901497197 -0.0308508814755 0)
(0.703445684909 -0.0306802487458 0)
(0.697939813861 -0.0303489608878 0)
(0.692524055348 -0.029866534112 0)
(0.687223249553 -0.0292424607624 0)
(0.682060440983 -0.0284860729744 0)
(0.677056957278 -0.0276064321342 0)
(0.67223250139 -0.0266122426425 0)
(0.66760525287 -0.0255117882084 0)
(0.663191974488 -0.0243128887629 0)
(0.659008120906 -0.0230228760416 0)
(0.655067946549 -0.0216485859228 0)
(0.65138461021 -0.0201963657091 0)
(0.647970274254 -0.0186720946667 0)
(0.644836196603 -0.0170812162957 0)
(0.641992813901 -0.0154287809666 0)
(0.639449814468 -0.0137194977139 0)
(0.637216199822 -0.0119577941249 0)
(0.635300333659 -0.010147883389 0)
(0.638089510854 -0.00684738694721 0)
(0.63679305384 -0.00529155437633 0)
(0.63584017112 -0.0037060060876 0)
(0.635236965045 -0.00209424285101 0)
(0.634988850243 -0.000459929738161 0)
(0.635100508814 0.00119302805084 0)
(0.635575827921 0.00286040847263 0)
(0.636417819524 0.00453759610837 0)
(0.637628522205 0.00621950707815 0)
(0.639208885283 0.00790051689398 0)
(0.641158635769 0.00957439300109 0)
(0.643476129083 0.0112342340362 0)
(0.646158184946 0.0128724181242 0)
(0.649199910394 0.0144805628241 0)
(0.652594512517 0.0160494996037 0)
(0.656333104261 0.0175692659541 0)
(0.660404507388 0.019029118412 0)
(0.664795057618 0.0204175698165 0)
(0.669488417806 0.0217224540569 0)
(0.674465405973 0.0229310213163 0)
(0.679703845849 0.0240300663667 0)
(0.685178448352 0.0250060917737 0)
(0.690860733073 0.0258455069028 0)
(0.696718999154 0.0265348623722 0)
(0.702718355036 0.0270611180617 0)
(0.70882081614 0.0274119409945 0)
(0.714985478669 0.0275760274082 0)
(0.721168776277 0.0275434412054 0)
(0.727324824228 0.0273059588443 0)
(0.733405852959 0.0268574087426 0)
(0.739362729601 0.0261939916098 0)
(0.745145562143 0.0253145669787 0)
(0.750704376699 0.0242208907788 0)
(0.755989853946 0.022917789255 0)
(0.760954106584 0.021413255999 0)
(0.765551475918 0.0197184613908 0)
(0.769739322704 0.0178476672915 0)
(0.773478785661 0.015818044229 0)
(0.77673548066 0.0136493933061 0)
(0.779480114863 0.0113637802832 0)
(0.781688992938 0.00898509429969 0)
(0.783344396822 0.00653854807495 0)
(0.784434826112 0.00405013976445 0)
(0.78495509251 0.00154609863367 0)
(0.784906268502 -0.000947662814472 0)
(0.78429549692 -0.00340606866839 0)
(0.783135673878 -0.00580535223018 0)
(0.781445022334 -0.00812346578622 0)
(0.779246576924 -0.0103404161336 0)
(0.776567602731 -0.0124385190548 0)
(0.773438971145 -0.0144025704562 0)
(0.769894515287 -0.0162199360259 0)
(0.765970385647 -0.0178805647729 0)
(0.761704424039 -0.0193769345281 0)
(0.757135570914 -0.020703939362 0)
(0.752303317775 -0.0218587299284 0)
(0.747247213173 -0.0228405180486 0)
(0.742006427674 -0.0236503565425 0)
(0.736619380389 -0.0242909045214 0)
(0.73112342732 -0.0247661872298 0)
(0.725554609792 -0.0250813581989 0)
(0.719947459765 -0.0252424700642 0)
(0.714334857692 -0.0252562589973 0)
(0.708747937866 -0.0251299463853 0)
(0.703216035795 -0.0248710601983 0)
(0.697766671939 -0.0244872774576 0)
(0.692425566261 -0.0239862883511 0)
(0.687216678154 -0.0233756818574 0)
(0.6821622667 -0.022662852205 0)
(0.677282966531 -0.0218549251159 0)
(0.672597875008 -0.0209587025224 0)
(0.668124646856 -0.0199806242998 0)
(0.663879592802 -0.0189267454958 0)
(0.659877779179 -0.017802727542 0)
(0.65613312582 -0.0166138419914 0)
(0.652658499883 -0.0153649854127 0)
(0.649465803585 -0.0140607041868 0)
(0.646566054019 -0.0127052280702 0)
(0.643969453502 -0.0113025115094 0)
(0.641685449049 -0.00985628180273 0)
(0.639722779736 -0.00837009330587 0)
(0.641614020547 -0.00536409563596 0)
(0.640286371865 -0.00415031003647 0)
(0.639305616772 -0.00291329622477 0)
(0.638677925969 -0.00165584748576 0)
(0.638408722313 -0.000380885051135 0)
(0.638502635935 0.000908483299004 0)
(0.638963442091 0.00220890404678 0)
(0.639793981574 0.00351671902281 0)
(0.640996063778 0.00482790777969 0)
(0.642570352761 0.00613803243783 0)
(0.644516237038 0.007442186383 0)
(0.646831684202 0.0087349484041 0)
(0.649513081986 0.0100103440769 0)
(0.652555067917 0.0112618164104 0)
(0.655950350329 0.0124822079665 0)
(0.659689524221 0.0136637568209 0)
(0.663760886167 0.0147981088368 0)
(0.668150253302 0.0158763487401 0)
(0.672840792206 0.0168890524083 0)
(0.677812864295 0.0178263625607 0)
(0.683043895064 0.0186780896717 0)
(0.688508275138 0.0194338393643 0)
(0.694177301536 0.020083166789 0)
(0.700019167719 0.0206157575265 0)
(0.705999010912 0.0210216333828 0)
(0.712079024619 0.0212913800946 0)
(0.718218643321 0.0214163924726 0)
(0.72437480482 0.0213891309443 0)
(0.730502293684 0.0212033819101 0)
(0.736554166669 0.0208545129033 0)
(0.742482257932 0.0203397123841 0)
(0.748237758371 0.0196582032283 0)
(0.75377185974 0.0188114187412 0)
(0.759036450369 0.0178031304427 0)
(0.763984845764 0.0166395180158 0)
(0.768572534209 0.01532917372 0)
(0.772757915135 0.0138830361882 0)
(0.776503006584 0.0123142517476 0)
(0.77977409797 0.0106379650284 0)
(0.782542325442 0.00887104438893 0)
(0.78478414965 0.00703175130698 0)
(0.786481719467 0.00513936603518 0)
(0.787623109908 0.00321378424068 0)
(0.788202427958 0.00127510081287 0)
(0.788219785684 -0.000656802579497 0)
(0.787681145657 -0.00256265028324 0)
(0.786598048758 -0.00442413158212 0)
(0.784987238747 -0.00622421398611 0)
(0.782870201133 -0.00794740215048 0)
(0.780272635949 -0.00957993698137 0)
(0.777223884835 -0.0111099327748 0)
(0.773756332589 -0.0125274532905 0)
(0.769904802124 -0.0138245302946 0)
(0.76570595981 -0.0149951301922 0)
(0.761197745756 -0.0160350758606 0)
(0.756418840799 -0.0169419316903 0)
(0.751408179162 -0.0177148601841 0)
(0.746204512976 -0.0183544583418 0)
(0.740846032307 -0.0188625815607 0)
(0.735370042068 -0.0192421620172 0)
(0.729812695289 -0.0194970275523 0)
(0.72420878064 -0.0196317260655 0)
(0.718591560932 -0.0196513593789 0)
(0.712992658441 -0.0195614295476 0)
(0.707441982312 -0.0193676996799 0)
(0.70196769304 -0.0190760705339 0)
(0.696596198848 -0.0186924734803 0)
(0.691352178924 -0.0182227798707 0)
(0.686258628584 -0.01767272642 0)
(0.681336921775 -0.0170478558946 0)
(0.676606886616 -0.0163534721749 0)
(0.672086890061 -0.0155946086304 0)
(0.667793928122 -0.0147760086723 0)
(0.663743718483 -0.0139021173424 0)
(0.659950792662 -0.0129770828235 0)
(0.656428585211 -0.0120047668153 0)
(0.653189517731 -0.0109887627967 0)
(0.650245075768 -0.00993242128279 0)
(0.647605876841 -0.00883888126994 0)
(0.645281728099 -0.00771110714578 0)
(0.643281672245 -0.0065519304138 0)
(0.644269546381 -0.00385207040487 0)
(0.642918413184 -0.00298313348291 0)
(0.641916601056 -0.00209754242651 0)
(0.64127033261 -0.00119733033512 0)
(0.640985037233 -0.00028462176029 0)
(0.641065306208 0.000638325648424 0)
(0.64151483083 0.0015690791326 0)
(0.642336323435 0.00250498908207 0)
(0.643531421511 0.00344314829756 0)
(0.645100575376 0.00438035311802 0)
(0.64704292024 0.00531306740732 0)
(0.649356133942 0.0062373905401 0)
(0.652036282063 0.0071490306756 0)
(0.655077652735 0.00804328475201 0)
(0.658472584032 0.00891502676293 0)
(0.662211287515 0.00975870598061 0)
(0.666281672218 0.0105683568504 0)
(0.670669174087 0.0113376222836 0)
(0.675356596642 0.0120597920043 0)
(0.680323969311 0.0127278574358 0)
(0.685548430533 0.0133345843374 0)
(0.691004143223 0.013872603994 0)
(0.69666225049 0.0143345232199 0)
(0.702490879591 0.0147130527516 0)
(0.708455201863 0.0150011527836 0)
(0.714517555733 0.0151921934604 0)
(0.720637638914 0.0152801271073 0)
(0.72677277436 0.0152596679112 0)
(0.732878252594 0.0151264737139 0)
(0.738907750576 0.0148773236276 0)
(0.744813824439 0.0145102844178 0)
(0.750548470221 0.0140248581125 0)
(0.75606374342 0.0134221031804 0)
(0.761312424799 0.0127047219457 0)
(0.766248716761 0.0118771077294 0)
(0.770828951912 0.0109453465328 0)
(0.775012293406 0.00991716988068 0)
(0.778761405543 0.00880185763763 0)
(0.782043073028 0.00761009206435 0)
(0.784828748348 0.00635376692708 0)
(0.787095008973 0.00504575791073 0)
(0.788823909348 0.00369966271297 0)
(0.790003216801 0.00232952083555 0)
(0.790626525232 0.000949524095044 0)
(0.790693245499 -0.000426270828469 0)
(0.790208476335 -0.00178421690893 0)
(0.789182764266 -0.00311132855013 0)
(0.787631764851 -0.0043955024391 0)
(0.785575820618 -0.00562570130867 0)
(0.783039473131 -0.00679209665503 0)
(0.78005092759 -0.00788616868871 0)
(0.776641488447 -0.0089007638917 0)
(0.772844983681 -0.00983011238161 0)
(0.768697193862 -0.0106698087566 0)
(0.764235300111 -0.0114167611721 0)
(0.759497362691 -0.0120691140764 0)
(0.754521839466 -0.0126261503297 0)
(0.749347150972 -0.0130881784024 0)
(0.744011296425 -0.0134564100561 0)
(0.738551522889 -0.0137328334189 0)
(0.73300404789 -0.013920085745 0)
(0.727403834216 -0.0140213294586 0)
(0.721784414383 -0.0140401343684 0)
(0.716177761279 -0.0139803682515 0)
(0.710614200837 -0.0138460973682 0)
(0.705122362158 -0.0136414978983 0)
(0.699729160309 -0.0133707788077 0)
(0.694459806951 -0.0130381162514 0)
(0.68933784407 -0.0126475993045 0)
(0.684385196292 -0.0122031865726 0)
(0.679622237488 -0.0117086730687 0)
(0.675067867747 -0.0111676666316 0)
(0.670739597067 -0.0105835731065 0)
(0.666653632503 -0.00995958948992 0)
(0.662824965829 -0.00929870425469 0)
(0.659267459058 -0.00860370410548 0)
(0.65599392552 -0.00787718646543 0)
(0.653016204387 -0.00712157705181 0)
(0.650345226844 -0.00633915195649 0)
(0.647991072266 -0.00553206370442 0)
(0.645963012985 -0.00470237081194 0)
(0.646045665742 -0.00231947966328 0)
(0.64467883378 -0.00179734768905 0)
(0.643662911406 -0.00126519809018 0)
(0.643004156169 -0.000724265925421 0)
(0.642708002004 -0.000175841143044 0)
(0.642779014383 0.000378706519961 0)
(0.64322082865 0.000937902441483 0)
(0.644036071506 0.00150014220699 0)
(0.645226265881 0.00206366733974 0)
(0.646791719744 0.00262654218892 0)
(0.648731399777 0.00318663257615 0)
(0.651042791241 0.00374158688599 0)
(0.653721745896 0.00428882037322 0)
(0.65676232032 0.00482550354303 0)
(0.66015660763 0.00534855553367 0)
(0.663894566224 0.00585464348949 0)
(0.667963849862 0.00634018894265 0)
(0.672349644104 0.0068013822192 0)
(0.677034514821 0.00723420583592 0)
(0.681998275118 0.00763446774901 0)
(0.687217877597 0.00799784514519 0)
(0.69266733929 0.00831993921888 0)
(0.698317706843 0.00859634105318 0)
(0.704137069512 0.00882270831338 0)
(0.710090627228 0.00899485197427 0)
(0.716140820311 0.0091088317472 0)
(0.722247526354 0.00916105826972 0)
(0.728368328282 0.00914839949579 0)
(0.734458855667 0.00906828811689 0)
(0.740473199034 0.00891882629857 0)
(0.746364394161 0.00869888358266 0)
(0.752084970432 0.00840818353807 0)
(0.757587554159 0.00804737469099 0)
(0.762825514747 0.00761808147181 0)
(0.767753638694 0.00712293140817 0)
(0.772328814001 0.00656555557528 0)
(0.776510705805 0.00595056036865 0)
(0.780262403049 0.00528346993996 0)
(0.783551016018 0.00457064005856 0)
(0.786348205571 0.00381914563179 0)
(0.788630626973 0.00303664552455 0)
(0.790380274223 0.00223122954619 0)
(0.79158471453 0.0014112534224 0)
(0.792237206962 0.000585168157103 0)
(0.792336703837 -0.000238649627862 0)
(0.791887738018 -0.00105206001682 0)
(0.790900203508 -0.00184730904172 0)
(0.789389040405 -0.00261716001946 0)
(0.787373838212 -0.0033550033149 0)
(0.784878373513 -0.00405494213461 0)
(0.781930099162 -0.00471185324953 0)
(0.778559602346 -0.00532142276721 0)
(0.774800048311 -0.00588015814949 0)
(0.770686625313 -0.00638537854753 0)
(0.766256004557 -0.00683518617654 0)
(0.76154582683 -0.00722842187097 0)
(0.756594225203 -0.00756460815934 0)
(0.751439390859 -0.00784388320379 0)
(0.746119186845 -0.00806692879722 0)
(0.740670812452 -0.00823489533837 0)
(0.73513051908 -0.00834932635202 0)
(0.729533376847 -0.0084120847223 0)
(0.723913089923 -0.00842528239235 0)
(0.718301857575 -0.00839121487789 0)
(0.712730277115 -0.00831230156379 0)
(0.707227284532 -0.0081910324139 0)
(0.701820128231 -0.00802992143229 0)
(0.696534371238 -0.00783146697158 0)
(0.691393917262 -0.00759811879081 0)
(0.686421056125 -0.00733225161873 0)
(0.681636524335 -0.00703614487269 0)
(0.677059576817 -0.00671196811529 0)
(0.672708066152 -0.00636177179166 0)
(0.66859852598 -0.00598748277693 0)
(0.664746255554 -0.00559090426806 0)
(0.661165402728 -0.00517371957262 0)
(0.657869042974 -0.00473749937492 0)
(0.654869252272 -0.00428371209219 0)
(0.652177171968 -0.00381373696775 0)
(0.649803063917 -0.0033288795802 0)
(0.647756354434 -0.00283038947712 0)
(0.646935453262 -0.000774533578484 0)
(0.645560759352 -0.000600362193781 0)
(0.644537760296 -0.000422847397794 0)
(0.643872731209 -0.000242403413925 0)
(0.643571108364 -5.94627644985e-05 0)
(0.643637444361 0.000125515444583 0)
(0.644075346582 0.000312037177038 0)
(0.644887398919 0.000499565187145 0)
(0.646075067046 0.000687510958883 0)
(0.647638587817 0.000875227037501 0)
(0.649576843757 0.00106199995429 0)
(0.651887224035 0.00124704397336 0)
(0.654565473796 0.00142949591795 0)
(0.657605534269 0.00160841136093 0)
(0.660999376671 0.00178276248827 0)
(0.66473683357 0.0019514379628 0)
(0.668805432026 0.00211324512498 0)
(0.67319023354 0.00226691486586 0)
(0.677873686483 0.00241110948984 0)
(0.682835497303 0.0025444338491 0)
(0.688052527339 0.00266544997417 0)
(0.693498722455 0.00277269534212 0)
(0.699145082897 0.00286470481531 0)
(0.704959680742 0.00294003614759 0)
(0.710907731953 0.00299729879332 0)
(0.716951729357 0.00303518557122 0)
(0.723051641772 0.00305250653611 0)
(0.729165183039 0.00304822420663 0)
(0.735248152753 0.00302148909808 0)
(0.741254848221 0.00297167433147 0)
(0.747138544527 0.00289840794956 0)
(0.752852036687 0.00280160148511 0)
(0.758348234915 0.00268147331231 0)
(0.76358080105 0.00253856538285 0)
(0.768504811496 0.00237375211196 0)
(0.773077429726 0.00218824043795 0)
(0.777258569742 0.0019835604256 0)
(0.781011530971 0.00176154620218 0)
(0.784303585121 0.00152430748044 0)
(0.787106496489 0.00127419240403 0)
(0.789396959213 0.00101374291068 0)
(0.791156937807 0.00074564421012 0)
(0.792373900906 0.000472670284448 0)
(0.793040942299 0.000197627512012 0)
(0.793156787684 -7.6701422525e-05 0)
(0.792725689964 -0.000347611241828 0)
(0.791757219967 -0.000612523520524 0)
(0.790265963049 -0.000869030268063 0)
(0.78827113488 -0.00111493043182 0)
(0.785796131764 -0.00134825851863 0)
(0.782868031984 -0.00156730495659 0)
(0.779517065014 -0.00177062822055 0)
(0.775776064942 -0.00195705909976 0)
(0.771679923374 -0.00212569777661 0)
(0.767265055429 -0.00227590460269 0)
(0.762568890474 -0.00240728560034 0)
(0.757629397055 -0.00251967378648 0)
(0.75248464923 -0.00261310742193 0)
(0.747172439307 -0.002687806242 0)
(0.741729939953 -0.00274414663737 0)
(0.736193416777 -0.0027826366395 0)
(0.730597990939 -0.00280389143454 0)
(0.724977449994 -0.00280860999349 0)
(0.719364104174 -0.00279755327227 0)
(0.71378868453 -0.00277152431029 0)
(0.708280278819 -0.00273135044322 0)
(0.702866300726 -0.00267786774818 0)
(0.69757248786 -0.00261190775869 0)
(0.692422923947 -0.00253428642135 0)
(0.687440080813 -0.00244579521694 0)
(0.682644875903 -0.00234719433266 0)
(0.678056741367 -0.00223920774875 0)
(0.673693701039 -0.00212252008917 0)
(0.669572451936 -0.00199777508073 0)
(0.665708447232 -0.00186557546642 0)
(0.662115977947 -0.00172648422399 0)
(0.658808250918 -0.00158102695008 0)
(0.655797460835 -0.00142969528047 0)
(0.653094854435 -0.00127295122825 0)
(0.650710785106 -0.00111123233226 0)
(0.648654756424 -0.000944957517791 0)
)
;

boundaryField
{
    left
    {
        type            cyclic;
    }
    right
    {
        type            cyclic;
    }
    bottom
    {
        type            cyclic;
    }
    top
    {
        type            cyclic;
    }
    frontAndBack
    {
        type            empty;
    }
}


// ************************************************************************* //
