/*--------------------------------*- C++ -*----------------------------------*\
| =========                 |                                                 |
| \\      /  F ield         | OpenFOAM: The Open Source CFD Toolbox           |
|  \\    /   O peration     | Version:  v2106                                 |
|   \\  /    A nd           | Website:  www.openfoam.com                      |
|    \\/     M anipulation  |                                                 |
\*---------------------------------------------------------------------------*/
FoamFile
{
    version     2.0;
    format      ascii;
    arch        "LSB;label=32;scalar=64";
    class       volScalarField;
    location    "2.5";
    object      p;
}
// * * * * * * * * * * * * * * * * * * * * * * * * * * * * * * * * * * * * * //

dimensions      [0 2 -2 0 0 0 0];

internalField   nonuniform List<scalar> 
6561
(
4.94013076573e-15
-0.00250459882823
-0.00524389486165
-0.00819921449738
-0.011352069512
-0.0146842333191
-0.018177795601
-0.0218151973386
-0.0255792481785
-0.0294531279486
-0.0334203739919
-0.0374648558396
-0.0415707386113
-0.0457224364209
-0.0499045569839
-0.0541018385961
-0.0582990806602
-0.0624810690094
-0.0666324974045
-0.0707378867654
-0.0747815039492
-0.0787472821871
-0.0826187456481
-0.0863789409936
-0.090010379209
-0.0934949914207
-0.0968141028241
-0.0999484291968
-0.10287810074
-0.105582718128
-0.108041445588
-0.110233145548
-0.112136558827
-0.113730533409
-0.114994303589
-0.115907819582
-0.116452125616
-0.116609782083
-0.116365324617
-0.115705749969
-0.114621015662
-0.113104537507
-0.111153666669
-0.108770126125
-0.10596038538
-0.102735952442
-0.0991135634028
-0.0951152526511
-0.090768290771
-0.0861049822945
-0.0811623215805
-0.0759815116783
-0.0706073577213
-0.0650875526895
-0.0594718787909
-0.0538113518309
-0.0481573384803
-0.0425606771309
-0.0370708320355
-0.0317351078233
-0.0265979475095
-0.0217003321311
-0.0170792945834
-0.0127675544762
-0.00879327527974
-0.00517994002181
-0.00194633754357
0.000893352011092
0.00332938613799
0.00535621839671
0.00697220185098
0.00817925278019
0.00898248901951
0.00938985592509
0.00941175130164
0.00906065880819
0.00835079749649
0.00729779333797
0.00591837692555
0.00423011004982
0.00225114257751
0.000241641807118
-0.00227802676598
-0.00503299035229
-0.0080044968774
-0.011173993653
-0.0145232025612
-0.0180341735017
-0.0216893181629
-0.0254714260808
-0.0293636648175
-0.0333495659394
-0.0374129983235
-0.0415381301796
-0.0457093810654
-0.0499113650845
-0.0541288264299
-0.0583465684412
-0.0625493774177
-0.0667219425568
-0.0708487735734
-0.0749141178134
-0.0789018789778
-0.0827955399344
-0.0865780925032
-0.0902319775275
-0.0937390389806
-0.0970804962869
-0.100236939398
-0.10318835145
-0.105914163981
-0.108393349639
-0.110604557047
-0.112526291933
-0.114137147696
-0.115416087327
-0.116342776891
-0.116897968663
-0.117063929548
-0.116824907594
-0.11616762641
-0.115081794243
-0.113560611537
-0.111601258258
-0.109205340364
-0.106379273726
-0.103134583931
-0.0994881017079
-0.0954620364835
-0.0910839146742
-0.0863863746149
-0.0814068163052
-0.0761869109702
-0.0707719823409
-0.0652102780534
-0.0595521551471
-0.0538492078585
-0.048153368488
-0.0425160128558
-0.0369871007728
-0.0316143791939
-0.0264426715641
-0.02151327169
-0.0168634547178
-0.0125261118754
-0.0085295099581
-0.00489717142435
-0.00164786666413
0.00120429335187
0.00364967815974
0.00568288809048
0.00730244965101
0.00851047154469
0.00931227591141
0.00971601793814
0.00973230527022
0.00937382677862
0.00865499833288
0.00759163139725
0.00620062857347
0.00449970871145
0.00250716292729
0.000724699098917
-0.00182521557407
-0.00461160269139
-0.00761555400201
-0.0108183888302
-0.0142017270737
-0.0177475402518
-0.0214381827337
-0.0252564051642
-0.0291853519553
-0.0332085445471
-0.0373098519755
-0.0414734501404
-0.0456837710393
-0.0499254431506
-0.054183224109
-0.0584419268277
-0.0626863402895
-0.0669011463643
-0.0710708341985
-0.0751796139866
-0.0792113322484
-0.0831493911114
-0.0869766745191
-0.0906754847347
-0.0942274929696
-0.0976137084201
-0.100814470389
-0.103809468485
-0.106577796072
-0.109098042134
-0.111348426475
-0.113306982615
-0.114951791867
-0.116261270742
-0.117214512148
-0.117791678638
-0.117974443419
-0.117746471899
-0.117093933381
-0.11600602928
-0.114475521118
-0.112499238783
-0.110078547475
-0.107219750509
-0.103934405209
-0.10023953041
-0.0961576869753
-0.0917169170162
-0.0869505331489
-0.0818967557774
-0.0765982036769
-0.0711012505253
-0.0654552669457
-0.0597117735429
-0.0539235348476
-0.0481436267306
-0.0424245105078
-0.036817145652
-0.0313701699544
-0.0261291714368
-0.0211360707342
-0.0164286265234
-0.0120400703102
-0.00799887093186
-0.00432862382899
-0.00104805572539
0.00182886803186
0.00429274851339
0.0063384869336
0.00796496367685
0.00917467875626
0.00997336872775
0.0103696135151
0.0103744447554
0.010000965291
0.00926398744144
0.008179695787
0.0067653384564
0.00503894937582
0.00301910263978
0.00144870527285
-0.0011468439673
-0.0039805861761
-0.00703338080969
-0.0102863576132
-0.0137209862434
-0.0173191236392
-0.0210630413768
-0.0249354351025
-0.0289194179644
-0.0329984997798
-0.0371565534899
-0.0413777702942
-0.0456466047213
-0.0499477107957
-0.0542658704221
-0.0585859151098
-0.0628926422342
-0.0671707271665
-0.0714046328014
-0.0755785182844
-0.0796761490731
-0.0836808108559
-0.0875752303052
-0.091341506112
-0.0949610542524
-0.0984145719235
-0.101682025031
-0.10474266447
-0.107575076676
-0.110157273958
-0.112466829925
-0.114481064796
-0.116177284503
-0.117533076175
-0.118526660823
-0.119137301788
-0.119345764815
-0.119134822484
-0.118489792348
-0.11739909458
-0.115854811511
-0.113853228363
-0.111395332045
-0.108487243498
-0.105140558849
-0.101372576015
-0.0972063863779
-0.0926708157766
-0.0878002051936
-0.0826340288356
-0.0772163552999
-0.0715951656416
-0.0658215497562
-0.0599488089401
-0.0540314972678
-0.0481244371636
-0.0422817450727
-0.0365559014714
-0.0309968958741
-0.0256514723355
-0.0205624947221
-0.0157684442678
-0.0113030551334
-0.00719508731381
-0.00346823064358
-0.000141129082163
0.00277248896639
0.00526359077196
0.00732754743139
0.00896378777198
0.0101754150205
0.0109688019195
0.0113531781904
0.0113402222048
0.0109436665763
0.0101789252613
0.00906274775538
0.00761290416021
0.00584790332026
0.00378674490853
0.00241292562395
-0.000243961988395
-0.00314125099748
-0.00625949497613
-0.00957957551391
-0.0130827671575
-0.0167507797354
-0.020565780438
-0.0245103978478
-0.0285677099066
-0.0327212175955
-0.0369548058943
-0.0412526934097
-0.0455993719071
-0.0499795368759
-0.0543780102109
-0.0587796560896
-0.0631692911999
-0.0675315906127
-0.0718509907992
-0.0761115915801
-0.0802970591457
-0.0843905327025
-0.0883745377839
-0.0922309097784
-0.0959407317759
-0.0994842913785
-0.102841061627
-0.105989711626
-0.10890815275
-0.111573626432
-0.113962839375
-0.116052151591
-0.11781782177
-0.119236313199
-0.12028466159
-0.120940903839
-0.121184563812
-0.12099718792
-0.12036291949
-0.11926909701
-0.117706857443
-0.115671722259
-0.113164140969
-0.110189965144
-0.106760825482
-0.102894385809
-0.0986144510542
-0.0939509113371
-0.0889395111508
-0.0836214408581
-0.0780427567864
-0.072253645404
-0.0663075556541
-0.0602602307474
-0.0541686759672
-0.0480901019061
-0.0420808828531
-0.0361955678483
-0.0304859775756
-0.0250004142061
-0.0197830041469
-0.0148731860213
-0.0103053486613
-0.00610861694333
-0.00230677732559
0.00108166982324
0.0040433474587
0.00656974713006
0.00865690166023
0.0103050044492
0.0115179935986
0.0123031174041
0.0126704956805
0.0126326890822
0.0122042862084
0.0114015159819
0.010241890658
0.00874388291772
0.00692663887076
0.00480972745144
0.0036163158226
0.000881971057675
-0.00209539714449
-0.0052959665166
-0.00870031615541
-0.0122894853209
-0.0160450092251
-0.0199489343474
-0.0239838155892
-0.0281326973322
-0.0323790802182
-0.0367068752292
-0.0411003464429
-0.0455440436697
-0.050022726053
-0.0545212776588
-0.059024616077
-0.0635175951245
-0.0679849028919
-0.072410956586
-0.0767797959294
-0.0810749772514
-0.085279470853
-0.0893755647542
-0.0933447784981
-0.097167791291
-0.100824389385
-0.104293438184
-0.107552885094
-0.110579799518
-0.113350456615
-0.115840471401
-0.118024989342
-0.119878938826
-0.121377349526
-0.122495738826
-0.123210565954
-0.12349975037
-0.123343247233
-0.122723668637
-0.121626934806
-0.120042934954
-0.117966173316
-0.115396372341
-0.112339002727
-0.108805709158
-0.104814601849
-0.10039038736
-0.095564317863
-0.0903739458399
-0.0848626807188
-0.0790791544975
-0.0730764141279
-0.0669109684015
-0.0606417253899
-0.0543288623908
-0.048032673338
-0.0418124385688
-0.0357253588628
-0.029825590209
-0.0241634084483
-0.0187845244892
-0.0137295619796
-0.0090337007892
-0.00472648196259
-0.000831763362447
0.00263218975517
0.00565249842282
0.008221369009
0.0103357193203
0.0119967528842
0.0132095010905
0.0139823507913
0.0143265724838
0.0142558615507
0.0137859023831
0.0129339626804
0.0117185229392
0.0101589441282
0.00827517486493
0.0060874980455
0.0050574669591
0.00222903674879
-0.000845358622949
-0.00414545605934
-0.00765148347509
-0.0113442108067
-0.015204977631
-0.0192157001184
-0.0233588597685
-0.0276174760729
-0.0319750649653
-0.0364155846396
-0.0409233700883
-0.0454830575159
-0.0500794996458
-0.0546976728693
-0.0593225771726
-0.0639391298513
-0.0685320541718
-0.0730857643658
-0.0775842486723
-0.0820109525389
-0.0863486645863
-0.0905794085096
-0.0946843447217
-0.0986436862245
-0.102436633908
-0.106041337163
-0.109434886345
-0.112593344132
-0.115491823187
-0.118104617581
-0.120405395174
-0.122367457394
-0.123964071578
-0.125168879097
-0.125956379839
-0.12630249026
-0.126185168101
-0.12558509214
-0.12448638022
-0.122877323435
-0.120751109304
-0.118106502373
-0.114948447564
-0.111288560281
-0.10714546824
-0.102544973663
-0.0975200109085
-0.0921103837129
-0.0863622774832
-0.0803275546593
-0.0740628539754
-0.0676285263226
-0.0610874497032
-0.0545037725184
-0.0479416375793
-0.0414639385997
-0.0351311568027
-0.0290003182731
-0.0231241036275
-0.0175501313929
-0.0123204261067
-0.00747107235363
-0.00303204734998
0.000972782294675
0.00452551918311
0.00761397198238
0.010231295
0.0123755550725
0.014049249239
0.0152587946422
0.0160140094706
0.0163276007696
0.0162146718805
0.0156922592594
0.0147789056484
0.013494274096
0.0118588052012
0.00989341821706
0.00761925527468
0.0067345375099
0.00379479639261
0.000605942852343
-0.00281126077548
-0.00643664981513
-0.0102506986044
-0.0142345381413
-0.0183699529616
-0.0226393598337
-0.0270257705022
-0.031512740367
-0.0360843046736
-0.0407249035202
-0.0454192967671
-0.0501524697758
-0.0549095308221
-0.0596756010059
-0.0644356975538
-0.0691746115629
-0.0738767814775
-0.0785261639349
-0.0831061040501
-0.0875992077395
-0.0919872193165
-0.0962509082894
-0.100369970072
-0.104322946129
-0.10808716992
-0.11163874575
-0.114952568394
-0.118002391799
-0.120760955465
-0.123200176976
-0.125291418509
-0.127005833955
-0.128314801314
-0.129190442255
-0.129606227032
-0.129537658409
-0.128963022808
-0.127864190906
-0.126227443466
-0.124044291986
-0.121312258128
-0.118035571684
-0.114225744689
-0.109901979895
-0.10509137567
-0.0998288967865
-0.0941570913381
-0.0881255476372
-0.0817901003028
-0.0752118104182
-0.0684557591157
-0.0615897057378
-0.0546826695968
-0.0478034975983
-0.0410194784808
-0.0343950586323
-0.0279907052741
-0.0218619513537
-0.0160586439877
-0.0106244058979
-0.00559630789825
-0.00100474080503
0.00312653242087
0.00678016879288
0.00994490927141
0.012615143277
0.0147904018692
0.0164748058457
0.0176764922345
0.0184070393035
0.0186809066117
0.0185149030312
0.0179276922604
0.0169393422699
0.0155709224497
0.0138441499922
0.0117810852607
0.00940387453089
0.00864517267985
0.00557621935862
0.00225493574082
-0.00129736671102
-0.00506009849578
-0.00901342165627
-0.0131382554718
-0.017416261421
-0.0218298101439
-0.0263619327077
-0.0309962580802
-0.0357169383567
-0.0405085629754
-0.045356062911
-0.0502446056487
-0.055159481648
-0.0600859829682
-0.0650092748035
-0.0699142608274
-0.0747854435029
-0.0796067808833
-0.0843615418926
-0.0890321626536
-0.0936001071283
-0.0980457361174
-0.102348189547
-0.106485287922
-0.110433459805
-0.114167703147
-0.117661589194
-0.120887318437
-0.12381583853
-0.12641703424
-0.128659999011
-0.130513396677
-0.131945919907
-0.132926849063
-0.133426711169
-0.133418033603
-0.132876180857
-0.131780255643
-0.130114037836
-0.127866926937
-0.125034846524
-0.121621063383
-0.117636870626
-0.113102084058
-0.108045305016
-0.102503911444
-0.0965237519082
-0.0901585340334
-0.0834689180093
-0.0765213453928
-0.0693866514875
-0.0621385240958
-0.0548518807836
-0.0476012400195
-0.0404591586585
-0.0334948000264
-0.0267726846382
-0.0203516608741
-0.0142841173645
-0.00861544384931
-0.0033837339553
0.0013802875889
0.00565313890141
0.00941828695206
0.012665719149
0.015391414356
0.0175967456802
0.0192878444958
0.0204749514022
0.0211717755853
0.0213948796874
0.0211631030868
0.020497032617
0.019418526356
0.0179502932379
0.0161155289125
0.0139376064699
0.0114398193281
0.0107864116823
0.00756960184098
0.00409732938497
0.00039149396031
-0.00352686922469
-0.00763760482973
-0.0119214289504
-0.0163599002075
-0.0209353732196
-0.025630936819
-0.0304303389087
-0.0353178994452
-0.0402784126841
-0.04529703954
-0.0503591907087
-0.0554504010776
-0.0605561959116
-0.0656619493624
-0.0707527360119
-0.0758131764214
-0.0808272780515
-0.0857782734132
-0.0906484579436
-0.0954190308584
-0.100069943115
-0.104579757619
-0.108925527904
-0.113082702694
-0.117025064921
-0.120724714965
-0.124152108867
-0.127276163064
-0.130064437614
-0.132483409719
-0.13449884846
-0.136076299878
-0.137181688536
-0.137782037441
-0.137846302502
-0.137346310535
-0.136257781368
-0.134561405113
-0.13224393583
-0.129299253315
-0.12572933683
-0.121545089366
-0.116766949856
-0.111425234662
-0.105560159451
-0.0992215083472
-0.0924679382913
-0.0853659309362
-0.077988429402
-0.0704132201554
-0.0627211385531
-0.0549941878661
-0.0473136645608
-0.0397583775451
-0.0324030373309
-0.0253168745424
-0.0185625280303
-0.0121952232284
-0.006262243135
-0.000802678669668
0.00415256710198
0.00858055495166
0.0124659047629
0.0158002509974
0.0185815984245
0.0208136153679
0.0225048975127
0.0236682303091
0.0243198726838
0.0244788795078
0.024166475363
0.0234054877776
0.0222198443613
0.0206341352185
0.0186732396156
0.0163620140985
0.0137250380227
0.0131545836377
0.00977047716474
0.00612803899063
0.00224978245488
-0.0018428044822
-0.00612925786229
-0.0105901128177
-0.0152068587215
-0.0199618773712
-0.0248383665935
-0.0298202511268
-0.0348920821683
-0.0400389265821
-0.0452462464441
-0.0504997693665
-0.0557853499036
-0.0610888222878
-0.0663958447963
-0.0716917362116
-0.0769613051074
-0.0821886731036
-0.087357093762
-0.0924487694753
-0.0974446695356
-0.102324353547
-0.107065805475
-0.111645284909
-0.116037203477
-0.120214035826
-0.124146276032
-0.127802451708
-0.131149209217
-0.134151484277
-0.136772772437
-0.138975513428
-0.140721601763
-0.141973033072
-0.142692691146
-0.14284527434
-0.142398351795
-0.141323529835
-0.139597697295
-0.137204305937
-0.134134629705
-0.130388935491
-0.125977490255
-0.12092132621
-0.115252689329
-0.109015107501
-0.102263034048
-0.0950610491583
-0.0874826335224
-0.0796085609336
-0.0715249863033
-0.0633213290781
-0.0550880658966
-0.046914548551
-0.0388869547731
-0.0310864624113
-0.0235877149472
-0.0164576210305
-0.00975450576024
-0.00352760912463
0.0021830912853
0.00734676975286
0.0119413993036
0.0159532054367
0.0193759766664
0.022210279314
0.0244626193764
0.0261445883601
0.0272720233961
0.0278642053148
0.0279431120518
0.0275327390722
0.0266584936038
0.0253466654139
0.0236239736686
0.0215171870027
0.0190528122361
0.0162568460856
0.0157451929084
0.0121735189177
0.00834110651095
0.00427109154694
-1.45948449042e-05
-0.00449520515787
-0.00915113159776
-0.0139638431478
-0.0189158066542
-0.0239903943053
-0.0291717792724
-0.0344448207577
-0.0397949392528
-0.0452079824601
-0.0506700820629
-0.0561675013699
-0.0616864737859
-0.0672130321057
-0.0727328287801
-0.07823094758
-0.0836917075054
-0.0890984603448
-0.0944333840164
-0.0996772747272
-0.104809342066
-0.109807012416
-0.114645747545
-0.11929888684
-0.123737523423
-0.127930426242
-0.131844022027
-0.135442452707
-0.138687725265
-0.141539971785
-0.143957837492
-0.145899013383
-0.147320927357
-0.14818160315
-0.148440689518
-0.148060652745
-0.147008113604
-0.145255295602
-0.142781535313
-0.139574789077
-0.135633055028
-0.13096561755
-0.125594015207
-0.119552635464
-0.112888851927
-0.105662643585
-0.0979456704104
-0.0898198218668
-0.0813752977324
-0.0727083196571
-0.0639186029302
-0.0551067353574
-0.0463716106815
-0.0378080498483
-0.0295047187716
-0.0215424199939
-0.013992801969
-0.00691749778601
-0.000367677894066
0.00561601982233
0.0110032339572
0.0157733571811
0.019914810035
0.0234241717976
0.0263052243936
0.0285679582954
0.0302275812039
0.0313035618089
0.0318187327417
0.0317984693484
0.0312699544133
0.0302615335414
0.0288021616022
0.0269209373682
0.0246467211571
0.0220078287673
0.0190317941459
0.0185527948448
0.0147724383691
0.0107296192427
0.006448084426
0.00195017892562
-0.00274311020815
-0.00761208832454
-0.0126382699692
-0.0178042810991
-0.0230937490152
-0.0284911816371
-0.0339818371622
-0.0395515846674
-0.0451867558225
-0.0508739875868
-0.0566000555805
-0.0623516977251
-0.0681154277756
-0.0738773385123
-0.0796228946291
-0.0853367157842
-0.0910023508558
-0.0966020452095
-0.102116503755
-0.10752465375
-0.112803412711
-0.117927468494
-0.122869080439
-0.127597912652
-0.132080912725
-0.136282251604
-0.140163342598
-0.143682959629
-0.146797476407
-0.149461248965
-0.15162716352
-0.153247369395
-0.154274212262
-0.154661375728
-0.154365228731
-0.153346362225
-0.151571281036
-0.149014196355
-0.145658842306
-0.141500218777
-0.136546144907
-0.130818496902
-0.124354003637
-0.11720448668
-0.109436460326
-0.101130053386
-0.092377271893
-0.083279679282
-0.0739456223741
-0.0644871735981
-0.0550169826091
-0.045645227394
-0.0364768316539
-0.0276090792512
-0.0191297129261
-0.0111155592271
-0.00363168066264
0.00326897697455
0.00954549828402
0.015168544327
0.0201196095059
0.0243900679179
0.0279800830098
0.030897446097
0.0331563991182
0.0347764860296
0.0357814664629
0.0361983153033
0.0360563230999
0.0353863048987
0.0342199192293
0.0325890945083
0.0305255569237
0.0280604517421
0.0252240487642
0.0220455221466
0.0215708631147
0.0175598778228
0.0132856281053
0.00877243640814
0.00404300928175
-0.000881492381363
-0.00598136342725
-0.0112382488122
-0.016635025273
-0.0221556724494
-0.0277851348666
-0.0335091755518
-0.0393142215299
-0.0451872010232
-0.0511153718499
-0.0570861403148
-0.0630868697604
-0.0691046779582
-0.0751262226442
-0.0811374747594
-0.0871234793776
-0.0930681048887
-0.0989537817914
-0.104761233476
-0.11046920264
-0.116054178538
-0.121490132142
-0.126748268447
-0.131796807693
-0.136600810017
-0.141122061097
-0.145319039409
-0.149146988737
-0.152558122186
-0.15550198577
-0.157926010227
-0.159776278373
-0.16099853131
-0.161539429504
-0.161348073195
-0.160377770364
-0.158588019144
-0.155946645453
-0.152432007415
-0.148035148444
-0.142761754582
-0.136633753484
-0.129690387729
-0.121988607761
-0.113602664203
-0.104622841407
-0.0951533548874
-0.0853095127604
-0.0752143100581
-0.0649946839148
-0.0547776889031
-0.0446868412288
-0.0348388418183
-0.0253408356734
-0.0162883037166
-0.0077636219278
0.000164729893473
0.00744236685019
0.0140286887772
0.0198961593736
0.0250292769614
0.0294233352003
0.033083062533
0.0360212162876
0.0382571930571
0.0398157025839
0.0407255389018
0.041018470582
0.0407282618954
0.0398898286513
0.0385385263187
0.0367095635943
0.0344375316313
0.0317560374079
0.0286974289523
0.0252926001198
0.0247916500137
0.0205273017488
0.0160000677187
0.0112347817489
0.00625443304625
0.00108026612987
-0.00426810218883
-0.009772552705
-0.0154163234518
-0.0211838609797
-0.0270606643921
-0.0330331225635
-0.0390883444035
-0.0452139815758
-0.0513980427284
-0.0576286980601
-0.0638940728982
-0.0701820289474
-0.0764799319647
-0.0827744048455
-0.089051065511
-0.0952942495533
-0.101486718393
-0.107609354753
-0.113640848597
-0.119557378343
-0.125332294245
-0.130935813302
-0.136334737947
-0.14149221416
-0.146367548334
-0.150916106311
-0.155089322076
-0.158834847608
-0.16209687863
-0.164816693159
-0.16693343979
-0.168385209821
-0.169110420408
-0.169049523852
-0.16814703973
-0.166353880983
-0.163629912069
-0.159946638377
-0.155289884891
-0.149662283298
-0.143085357014
-0.135600981124
-0.127272003533
-0.118181851939
-0.1084330365
-0.0981445765792
-0.0874484849214
-0.0764855321725
-0.065400601315
-0.0543379887065
-0.0434369818747
-0.0328279790065
-0.0226293386038
-0.012945061575
-0.00386332375117
0.00454419001593
0.0122222445892
0.0191314279251
0.025247072736
0.0305578588248
0.0350642178002
0.0387766455718
0.0417140090504
0.0439019140026
0.0453711825202
0.0461564720848
0.0462950542802
0.0458257599972
0.0447880893954
0.0432214787044
0.0411647118007
0.0386554620616
0.0357299488772
0.0324226931006
0.0287663563307
0.0282060414549
0.0236648877598
0.0188626805298
0.0138246678465
0.00857401254539
0.00313192527226
-0.00248218891043
-0.00825057412073
-0.0141569600337
-0.0201863926056
-0.0263250598586
-0.0325601127175
-0.038879480305
-0.0452716786173
-0.051725611132
-0.0582303596364
-0.0647749633911
-0.0713481846877
-0.0779382589207
-0.0845326274802
-0.0911176521344
-0.0976783101049
-0.104197869808
-0.110657548289
-0.117036152749
-0.123309710327
-0.129451092544
-0.135429643557
-0.141210824697
-0.146755891739
-0.152021625876
-0.15696014452
-0.161518823559
-0.165640368318
-0.169263075762
-0.172321334727
-0.174746413248
-0.176467581139
-0.177413610424
-0.177514684324
-0.176704725526
-0.174924124447
-0.172122806878
-0.168263528899
-0.163325229775
-0.157306216643
-0.1502269073
-0.142131832431
-0.133090599392
-0.123197554998
-0.112570003579
-0.101345021245
-0.0896750485199
-0.0777225529847
-0.0656541876627
-0.0536349514178
-0.0418227958636
-0.0303640106092
-0.0193896103742
-0.00901282552378
0.000672319903541
0.00959144244292
0.017689394858
0.0249291974283
0.0312904847238
0.0367676372922
0.0413677468312
0.045108537689
0.0480163406373
0.0501241890846
0.0514700847248
0.0520954599559
0.0520438485786
0.0513597641958
0.0500877770227
0.0482717740047
0.0459543836917
0.0431765457378
0.0399772046931
0.0363931085421
0.0324586938821
0.0318034086912
0.0269614197368
0.0218619473471
0.0165305191101
0.010990328805
0.00526240583721
-0.000634206249878
-0.00668226559246
-0.0128661443079
-0.0191716383754
-0.0255857753041
-0.0320966190582
-0.0386930711037
-0.0453646659482
-0.0521013591501
-0.0588933054912
-0.0657306247948
-0.0726031527771
-0.0795001743268
-0.086410136734
-0.0933203406885
-0.100216607332
-0.107082920358
-0.113901043172
-0.120650112456
-0.127306211338
-0.133841927665
-0.140225905904
-0.146422404901
-0.152390878296
-0.158085599824
-0.163455362092
-0.16844328455
-0.172986774111
-0.177017689649
-0.180462768851
-0.183244381351
-0.18528167433
-0.186492173921
-0.186793895402
-0.186107994821
-0.184361960878
-0.181493295053
-0.177453560235
-0.172212599136
-0.165762640673
-0.158121937547
-0.149337534751
-0.139486752582
-0.1286769792
-0.117043534086
-0.104745675623
-0.0919610119268
-0.0788786838412
-0.0656919099877
-0.0525906436212
-0.0397549474698
-0.0273494916617
-0.0155194362887
-0.00438778659428
0.00594585932654
0.0154053520123
0.0239370492152
0.0315081364383
0.0381044484624
0.0437280056162
0.0483944426363
0.0521304695235
0.0549714670271
0.0569592862875
0.0581402939371
0.058563681237
0.0582800385392
0.0573401839775
0.0557942270723
0.0536908430882
0.0510767317633
0.0479962337467
0.044491079148
0.0406002445556
0.0363598973336
0.0355714592749
0.0304041856821
0.0249850267478
0.0193396127046
0.0134909886865
0.00745982339889
0.00126462134808
-0.00507806423127
-0.011553419313
-0.0181481583643
-0.0248503145678
-0.0316490298337
-0.0385343428497
-0.0454969729211
-0.0525280969472
-0.0596191165737
-0.0667614123142
-0.0739460812879
-0.0811636551621
-0.0884037949316
-0.0956549593724
-0.102904044366
-0.110135990894
-0.117333360415
-0.124475877607
-0.13153994224
-0.138498114339
-0.145318579929
-0.151964608715
-0.15839402017
-0.164558680845
-0.170404063381
-0.17586890669
-0.180885026977
-0.185377340257
-0.189264168145
-0.192457908608
-0.194866160512
-0.196393392491
-0.196943240141
-0.19642149711
-0.194739830008
-0.191820186457
-0.187599777314
-0.182036405745
-0.175113794926
-0.166846448113
-0.157283507078
-0.146511031968
-0.134652056913
-0.121864001376
-0.108333598056
-0.0942697317439
-0.0798946139729
-0.0654341074285
-0.0511083779515
-0.0371237086191
-0.0236659367443
-0.0108958173682
0.00105363416722
0.0120780193235
0.0221009651234
0.0310724027883
0.0389660539545
0.0457764375427
0.0515156618968
0.0562102091591
0.0598978639315
0.0626248898733
0.0644435168032
0.0654097676699
0.0655816295835
0.0650175552514
0.063775269459
0.061910848438
0.0594780369109
0.056527767278
0.0531078469738
0.0492627827565
0.0450337140968
0.0404584315027
0.0394960903186
0.0339788831945
0.0282177059054
0.0222380682713
0.0160626475482
0.00971153853599
0.00320250064854
-0.00344880014001
-0.010228555258
-0.0171245831296
-0.0241261032531
-0.0312235129093
-0.0384081640592
-0.0456721375104
-0.0530080110163
-0.0604086176541
-0.0678667905364
-0.0753750897087
-0.0829255069442
-0.0905091440843
-0.0981158606528
-0.10573388668
-0.113349397117
-0.12094604495
-0.12850445125
-0.136001652018
-0.143410504035
-0.150699055042
-0.157829887898
-0.164759453894
-0.171437417595
-0.177806044552
-0.183799674238
-0.189344333611
-0.194357561516
-0.198748530233
-0.202418566466
-0.205262188134
-0.207168782381
-0.208025050612
-0.207718333889
-0.206140899004
-0.203195197095
-0.198799993207
-0.192897118008
-0.185458417407
-0.176492287523
-0.16604909006
-0.154224674547
-0.141160943013
-0.127042657379
-0.112090887694
-0.0965537688871
-0.0806949264465
-0.0647806596216
-0.0490678860544
-0.0337939975488
-0.0191690489232
-0.00537064449067
0.00745849435644
0.0192106993469
0.0298117798056
0.0392181871756
0.0474133751013
0.0544037582148
0.0602145887839
0.0648859820464
0.0684692460083
0.07102361058
0.0726134020258
0.0733056714014
0.073168259405
0.0722682632358
0.0706708615289
0.0684384493593
0.0656300351017
0.0623008533371
0.0585021520092
0.0542811168726
0.049680901407
0.0447407354247
0.0435612477901
0.0376695358161
0.0315443654666
0.0252108535571
0.018691048652
0.0120042238545
0.00516715890278
-0.00180558948579
-0.00890142882905
-0.0161094824654
-0.0234203495169
-0.0308258705833
-0.0383188959843
-0.045893052908
-0.053542507425
-0.0612617169858
-0.0690451686962
-0.0768870983898
-0.084781185278
-0.09272021677
-0.100695717963
-0.108697540322
-0.116713404277
-0.124728390947
-0.132724379048
-0.140679424412
-0.148567081638
-0.156355670426
-0.164007493364
-0.171478017851
-0.178715042554
-0.185657879062
-0.192236592379
-0.198371360054
-0.203972029001
-0.208937971249
-0.213158363692
-0.216513040625
-0.218874087763
-0.220108358114
-0.220081089715
-0.218660783658
-0.215725431169
-0.211170035938
-0.204915180873
-0.196916135179
-0.187171685889
-0.175731776026
-0.162702999781
-0.14825015101
-0.13259215353
-0.115993402635
-0.0987518194192
-0.0811835057062
-0.0636053097259
-0.0463190648117
-0.0295990541534
-0.013682762303
0.00123456803127
0.0150017073686
0.0275103771276
0.0386921843402
0.0485142201785
0.0569739203879
0.0640936969347
0.0699157115775
0.0744970314349
0.0779053094151
0.0802150601845
0.0815045472758
0.0818532576013
0.0813399148117
0.0800409695929
0.0780294997884
0.0753744535747
0.0721401728459
0.068386140039
0.0641668987374
0.0595321057403
0.0545266793863
0.049191015456
0.0477487963881
0.041458423919
0.0349479611846
0.0282418076851
0.0213610801053
0.0143239477247
0.00714594851485
-0.000159713838213
-0.00758189062227
-0.0151112242542
-0.0227398969641
-0.0304613885068
-0.0382702389329
-0.0461618120408
-0.0541320547504
-0.0621772472903
-0.0702937387263
-0.0784776620083
-0.086724622361
-0.0950293525015
-0.103385327873
-0.111784334858
-0.120215984832
-0.128667167071
-0.137121433955
-0.145558312875
-0.153952540919
-0.162273221013
-0.170482902209
-0.178536592551
-0.186380721068
-0.193952076519
-0.201176765348
-0.207969250521
-0.214231557105
-0.219852759659
-0.224708900161
-0.228663521656
-0.231569037959
-0.233269188242
-0.233602845572
-0.232409453956
-0.229536313358
-0.224847759599
-0.218236029614
-0.209633242834
-0.199023377196
-0.186453050249
-0.172040207807
-0.155977632782
-0.138527433348
-0.120009185244
-0.100784671462
-0.0812374341752
-0.0617481705747
-0.0426738274119
-0.0243323487404
-0.00699180102853
0.0091350679367
0.0238911561953
0.0371718931897
0.0489199756654
0.0591188023701
0.0677853685522
0.0749632514426
0.0807160923335
0.0851217936999
0.0882675334586
0.0902456203951
0.0911501573633
0.0910744412213
0.0901090090754
0.0883402341735
0.0858493767368
0.0827120018412
0.0789976859853
0.0747699447006
0.0700863243586
0.0649986115204
0.059553122366
0.0537910427666
0.0520384054776
0.0453260342589
0.0384100250879
0.0313136835647
0.0240568496554
0.0166562739835
0.00912596541526
0.00147751173147
-0.00627962389551
-0.0141378272002
-0.0220910739396
-0.0301346834298
-0.038265079742
-0.046479555446
-0.0547760324463
-0.0631528141027
-0.0716083224246
-0.080140813696
-0.0887480654146
-0.0974270269014
-0.106173425418
-0.114981319089
-0.12384258747
-0.13274635028
-0.141678304732
-0.150619972259
-0.159547846397
-0.16843243554
-0.177237197594
-0.185917368789
-0.194418696756
-0.202676099404
-0.210612287154
-0.218136408091
-0.225142804671
-0.231510007588
-0.237100137578
-0.241758938483
-0.24531672066
-0.247590545349
-0.248388031562
-0.247513223972
-0.244774953125
-0.239997924126
-0.233036455239
-0.223790298533
-0.212220907773
-0.198366542106
-0.182356203216
-0.164417271441
-0.144867262826
-0.124096591213
-0.102549845296
-0.0806987880149
-0.0590057320557
-0.0378953959781
-0.0177371759967
0.00116762002134
0.0185905641388
0.0343735825366
0.0484225356808
0.060698797596
0.0712097580302
0.0799991878038
0.0871382387168
0.0927174751606
0.0968400760314
0.0996162254871
0.101158639793
0.101579124247
0.10098602401
0.0994824246971
0.0971649644499
0.0941231318007
0.0904389392604
0.0861868791502
0.0814340844245
0.076240632178
0.070659940685
0.0647392220571
0.0585199619631
0.0564074576185
0.0492510328296
0.0419106890371
0.0344082106771
0.0267617771449
0.0189863761781
0.0110941786595
0.00309487841742
-0.00500399875464
-0.0131968121801
-0.021479544465
-0.0298495554557
-0.0383053464536
-0.046846328886
-0.055472591335
-0.0641846584801
-0.0729832350686
-0.0818689275172
-0.0908419351352
-0.0999017022409
-0.109046521656
-0.118273079177
-0.127575927724
-0.136946878982
-0.146374299623
-0.15584229869
-0.16532979283
-0.174809436877
-0.18424640951
-0.193597047755
-0.202807330976
-0.211811225747
-0.220528919305
-0.228864993039
-0.236706620872
-0.243921922102
-0.250358655908
-0.255843516676
-0.260182371951
-0.263161865725
-0.264552898859
-0.264116641226
-0.261613837172
-0.256817974873
-0.249532542257
-0.239612000922
-0.226983891273
-0.211669497292
-0.193806412473
-0.173665492839
-0.151636814895
-0.128202099432
-0.103914265075
-0.0793632702377
-0.0551172226683
-0.0316839703514
-0.00949310208491
0.0111194729048
0.0299144659631
0.0467412459978
0.0615262585225
0.0742602364867
0.0849848183332
0.0937797342118
0.100751505224
0.106023948596
0.109730445177
0.112007844442
0.112991841012
0.112813616285
0.111597524065
0.109459610973
0.106506786778
0.102836486971
0.0985366964988
0.093686228475
0.0883551739516
0.0826054580468
0.0764914536632
0.0700606169932
0.0633541193142
0.0608309873593
0.0532102661796
0.045428733596
0.0375061792166
0.0294587039457
0.0212991642691
0.0130375680164
0.00468142713306
-0.00376392672161
-0.0122950577772
-0.0209101668928
-0.0296088512902
-0.0383918770351
-0.0472609578617
-0.0562185336896
-0.0652675418572
-0.0744111736176
-0.0836526078549
-0.0929947132249
-0.102439709004
-0.111988773849
-0.121641590417
-0.131395812369
-0.14124643878
-0.15118507941
-0.161199092807
-0.171270578036
-0.18137520024
-0.191480830697
-0.20154598421
-0.211518041485
-0.221331252967
-0.230904535473
-0.240139096803
-0.248915959554
-0.257093506652
-0.264505240673
-0.270958042913
-0.276231334983
-0.280077660142
-0.282225326591
-0.282384028534
-0.280254708991
-0.275544789163
-0.267989563568
-0.257380133971
-0.243593505098
-0.226619335461
-0.206596133466
-0.183850790028
-0.158871458286
-0.132257181074
-0.104703259116
-0.0769634778297
-0.0497452760394
-0.0236570162291
0.000802010641544
0.0232626912799
0.0434849132224
0.0613392680072
0.0767877333912
0.0898651659277
0.100660910657
0.1093021068
0.115939884133
0.120738436939
0.123866580169
0.125491447201
0.125774012783
0.124866104593
0.122908577575
0.120030368469
0.116348198519
0.111966737764
0.106979083513
0.101467439297
0.0955039088744
0.0891513428712
0.0824641937386
0.0754893487038
0.0682669209765
0.0652816591154
0.057178796859
0.0489416651841
0.0405875462915
0.03213001821
0.0235794211184
0.0149432656563
0.00622659079673
-0.00256772129677
-0.0114386662066
-0.0203868669525
-0.0294143455387
-0.0385243095185
-0.0477209466908
-0.0570092208661
-0.0663946613346
-0.075883138172
-0.0854806148513
-0.0951928687454
-0.105025168977
-0.114981899702
-0.125066115255
-0.135279011607
-0.145619296401
-0.156082437291
-0.166659765662
-0.177337410117
-0.188095031622
-0.198904330362
-0.209727293772
-0.22051415671
-0.231201049906
-0.241707323932
-0.251932556931
-0.261753290141
-0.27101959009
-0.279551615081
-0.287136478837
-0.293525861954
-0.298434971875
-0.301543594531
-0.30250043514
-0.300932733689
-0.29646307662
-0.288735172059
-0.277451322405
-0.262414214581
-0.243557600638
-0.221000722878
-0.195145673563
-0.166620690075
-0.136173050864
-0.104683540904
-0.0731439594571
-0.0424485984231
-0.0133222098844
0.0136557483203
0.038089661422
0.0597576564236
0.0785733440665
0.0945556952405
0.107803709675
0.118471734206
0.126748211529
0.132839451255
0.136957677315
0.139312343084
0.140104094484
0.139520889386
0.137735778317
0.1349058993
0.131172329855
0.126660524188
0.121481129636
0.115731028135
0.109494490295
0.102844362872
0.0958432360358
0.0885445558211
0.0809936610133
0.0732287336382
0.0697297940156
0.061129979089
0.0524258244834
0.0436315646279
0.0347577943666
0.0258119456051
0.0167986975523
0.0077203301255
-0.00142297055037
-0.0106328462023
-0.0199125321669
-0.0292666473495
-0.038701001122
-0.0482224099662
-0.0578385165685
-0.0675576037989
-0.0773883954934
-0.0873398352358
-0.0974208333271
-0.107639970815
-0.118005147804
-0.128523161203
-0.139199194561
-0.150036199675
-0.161034146132
-0.172189110962
-0.183492176131
-0.194928096833
-0.20647369882
-0.218095958739
-0.229749718353
-0.241374982929
-0.25289375834
-0.264206395382
-0.275187440649
-0.28568104717
-0.295496079056
-0.304401172973
-0.312120223337
-0.31832895697
-0.322653380247
-0.324671487524
-0.32392103139
-0.319916171846
-0.312176553092
-0.300278733355
-0.283918691646
-0.262937962111
-0.237387824678
-0.207777573011
-0.174954103298
-0.139840532335
-0.103545611654
-0.0674304144377
-0.0326482910867
-4.33506747977e-05
0.0297105577847
0.0562079715265
0.0792800622559
0.0989169210639
0.11522457764
0.128392831266
0.138662739076
0.146300310442
0.1515785268
0.154765288665
0.156115309285
0.155865064733
0.154230145222
0.151404331648
0.147559820213
0.142848176182
0.137401724636
0.131335171438
0.124747309026
0.11772270877
0.110333337508
0.102640061704
0.0946940206388
0.0865378621009
0.0782068419721
0.0741434564393
0.0650355810139
0.0558565289881
0.046616933956
0.037323944954
0.0279816988824
0.0185917199373
0.00915325741723
-0.000336427882206
-0.00988181944596
-0.0194889345352
-0.0291651395345
-0.0389189836834
-0.0487600439145
-0.0586987734921
-0.0687463469148
-0.0789144930309
-0.0892153075489
-0.0996610350252
-0.110263808934
-0.121035336532
-0.131986512785
-0.143126944637
-0.15446436314
-0.166003896501
-0.177747171646
-0.189691205592
-0.20182704058
-0.21413806882
-0.226597984002
-0.239168287784
-0.251795270941
-0.264406382521
-0.27690590145
-0.289169844629
-0.301040092369
-0.312317783076
-0.32275615137
-0.332053249078
-0.339845288901
-0.345701294258
-0.349120089577
-0.349532844242
-0.346315155297
-0.338816214158
-0.326432717193
-0.308713556961
-0.285362038712
-0.256246892275
-0.222045553743
-0.183987980492
-0.143157986353
-0.100893235382
-0.0591923223282
-0.01958967604
0.0170002391056
0.0497778724253
0.0783637005166
0.102704374546
0.122915990586
0.139232673091
0.151969993533
0.161482248594
0.168131109214
0.172267760476
0.174222505846
0.174298512774
0.172768764086
0.169875482616
0.165831157157
0.160820468405
0.155002668824
0.148514142052
0.14147096421
0.133971352872
0.126097936809
0.117919813891
0.109494387368
0.100868984782
0.0920822719873
0.0831654790199
0.0784886113818
0.0688659598692
0.0592082523587
0.0495219749719
0.0398103826429
0.0300739501496
0.0203107461407
0.0105167429294
0.000686073181144
-0.00918875671382
-0.0191166878514
-0.0291079566617
-0.0391739619978
-0.049327144361
-0.0595808702091
-0.0699493141027
-0.0804473309515
-0.091090309834
-0.101893999715
-0.112874295786
-0.124046973092
-0.135427351355
-0.147029871478
-0.158867559824
-0.170951350922
-0.183289232454
-0.195885168158
-0.208737744221
-0.221838473044
-0.235169674605
-0.248701840078
-0.262390363961
-0.276171509765
-0.289957455178
-0.303630262138
-0.317034649895
-0.329969496709
-0.342178090765
-0.353337516502
-0.363048020568
-0.370822469462
-0.376075121634
-0.37811314543
-0.376138616935
-0.369273835762
-0.356665405938
-0.337664439062
-0.311775102667
-0.278355350153
-0.238401257093
-0.193932378589
-0.14602583015
-0.0961248808806
-0.0475109941067
-0.00225694881091
0.0388847497872
0.0748859216895
0.105467004948
0.130798199197
0.151188688721
0.167054030543
0.178880557743
0.187166992395
0.192389203492
0.194986564119
0.195356172847
0.19385023092
0.19077630726
0.186399878383
0.180948059125
0.174613726393
0.167559631353
0.159922305528
0.151815655011
0.14333418851
0.134555864078
0.125544566305
0.116352241019
0.107020721316
0.0975832805375
0.088065946812
0.0827293635563
0.0725902959656
0.0624548427969
0.0523248254452
0.0421991901559
0.0320744183799
0.0219448594211
0.0118029989591
0.00163967497183
-0.00855574905429
-0.0187952450089
-0.0290920074635
-0.0394603603862
-0.0499156766344
-0.0604743037048
-0.0711534890839
-0.081971298077
-0.0929465162272
-0.104098527273
-0.115447155959
-0.127012462841
-0.138814475315
-0.15087283534
-0.163206339461
-0.175832340509
-0.188765972406
-0.202019149454
-0.215599278907
-0.229507610283
-0.243737126505
-0.258269859537
-0.273073484016
-0.288097002185
-0.30326528391
-0.318472191323
-0.333572031864
-0.348369116557
-0.362605263293
-0.375945529457
-0.387962912294
-0.398120521019
-0.405747418365
-0.410015604569
-0.409933722015
-0.404354794257
-0.392076098002
-0.372162590417
-0.343968686013
-0.305226362855
-0.257572978485
-0.205014159287
-0.148147221023
-0.0880880783978
-0.0309094777046
0.0207984018831
0.067092856102
0.106363800221
0.138623930111
0.164449777088
0.184415600453
0.199180150035
0.209455893843
0.215920013414
0.219178650715
0.21976524004
0.218143736294
0.214711797235
0.209805900255
0.203708190407
0.196653711965
0.188837185462
0.180419081942
0.171530970461
0.162280159925
0.152753674187
0.143021618476
0.133140007634
0.123153129015
0.113095508682
0.102993542366
0.0928668448231
0.0868282880165
0.0761768903889
0.0655697819274
0.05500365764
0.0444727957421
0.0339694067327
0.0234839080063
0.0130051376076
0.00252051839098
-0.00798381797655
-0.01852293913
-0.0291130452289
-0.0397714210086
-0.0505164008123
-0.0613673409217
-0.0723445934148
-0.0834694753692
-0.0947642265161
-0.106251947339
-0.117956508021
-0.129902416475
-0.14211463077
-0.154618297363
-0.167438391442
-0.180599228984
-0.194123811291
-0.208032951339
-0.222344116435
-0.237069903335
-0.252216039667
-0.267778777659
-0.283741507131
-0.300070352143
-0.316708421137
-0.333568291201
-0.350522318079
-0.367390455545
-0.383925258608
-0.399793882647
-0.414556937758
-0.427640874868
-0.438300065913
-0.445586309179
-0.448327607164
-0.445017578159
-0.433753076386
-0.413033438455
-0.383343970499
-0.338198723235
-0.279835577294
-0.217323215841
-0.149850741638
-0.0763563384476
-0.00801742719414
0.0512448193028
0.103634563606
0.145931384086
0.17916020495
0.204660312652
0.223315516795
0.236087768165
0.243979801009
0.247879511173
0.248531913707
0.246562543201
0.242495310298
0.236763710267
0.229722386189
0.221659508982
0.212808229815
0.20335642231
0.193454791786
0.18322361683
0.172758334677
0.162134135892
0.151409718742
0.140630343332
0.129830309837
0.119034966467
0.108262334626
0.0975244228834
0.0907468597965
0.0795935295839
0.0685264845496
0.0575369156843
0.0466141518706
0.035745926863
0.0249185794479
0.0141171994492
0.00332572981342
-0.00747296685947
-0.0182970703802
-0.0291657877021
-0.0400993551292
-0.0511190532532
-0.0622472300704
-0.0735073276884
-0.0849239076972
-0.0965226696577
-0.108330456172
-0.12037523654
-0.132686058998
-0.145292958744
-0.158226805195
-0.171519066862
-0.185201465432
-0.199305481468
-0.213861661773
-0.228898662125
-0.244441938727
-0.260511977589
-0.277121921309
-0.294274407648
-0.3119573473
-0.330138207819
-0.348756200684
-0.367711834333
-0.386853593576
-0.405961185644
-0.42472375825
-0.442711882267
-0.45934248337
-0.473837232139
-0.485179462019
-0.49196306118
-0.49189467857
-0.481523197931
-0.45829777813
-0.427582030611
-0.374583896992
-0.302620302128
-0.231862211748
-0.156267621058
-0.0648754553166
0.0224610380458
0.0900740295225
0.150889923186
0.19566781362
0.228603589604
0.252523485296
0.268610203529
0.278194740547
0.282644037589
0.283078795084
0.280376241318
0.275238924372
0.268233279894
0.259810640318
0.250326590972
0.240059853898
0.229228374531
0.218002037462
0.206512622077
0.194861680637
0.183126800796
0.171366570736
0.159624500524
0.147932112807
0.136311378063
0.124776634279
0.113336100851
0.101993072453
0.0944459863969
0.0828079174312
0.0712986380543
0.0599035708269
0.0486069148454
0.0373918109864
0.0262404525387
0.0151341518748
0.00405337153237
-0.00702227364945
-0.0181140379703
-0.029244085455
-0.0404355458214
-0.05171258248
-0.0631004694206
-0.0746256738472
-0.0863159411785
-0.0982003785446
-0.110309532109
-0.122675452327
-0.135331739524
-0.148313559769
-0.161657617604
-0.175402067607
-0.189586340366
-0.204250849448
-0.219436533451
-0.235184170184
-0.25153337937
-0.268521207939
-0.286180166674
-0.304535543217
-0.323601704108
-0.343376846983
-0.363835383182
-0.384917337605
-0.406514824519
-0.428454651473
-0.450473494344
-0.472186481366
-0.493057084758
-0.5123540313
-0.529022092597
-0.541234739935
-0.545687251242
-0.538446913635
-0.516911629198
-0.500182487356
-0.43298765718
-0.328356273535
-0.253428405124
-0.171322340062
-0.0335934407082
0.0848925610547
0.140767651383
0.212943544624
0.258161408409
0.288724233349
0.309243586664
0.320993744391
0.325805096535
0.325490810174
0.32139544045
0.314492638267
0.305525579108
0.295070161274
0.283566289735
0.271345432716
0.258656074264
0.245684110534
0.232568013658
0.219410064227
0.206284832646
0.193245654081
0.180329575294
0.167561125988
0.154955191985
0.142519206419
0.130254823462
0.118159198209
0.106225965377
0.0978866417741
0.0857881719486
0.0738605782481
0.0620833916168
0.0504356230657
0.0388958103114
0.0274420263709
0.0160518576516
0.00470235720949
-0.00663002252011
-0.0179695142263
-0.029341134896
-0.0407707976191
-0.0522854343266
-0.0639131279436
-0.0756832524961
-0.0876266195618
-0.0997756291539
-0.112164422567
-0.124829033838
-0.137807535198
-0.151140169995
-0.164869463908
-0.179040301439
-0.193699949269
-0.208897999933
-0.224686197304
-0.241118088699
-0.25824842985
-0.276132254012
-0.294823505066
-0.314373101521
-0.334826161411
-0.356217746767
-0.378566031731
-0.401862182886
-0.426057584651
-0.451047540748
-0.476646797976
-0.502561830453
-0.528363676613
-0.553385319899
-0.576484513852
-0.595893721105
-0.610654661648
-0.624453946523
-0.610512955149
-0.660248699972
-0.648400469559
-0.395177205902
-0.285482263197
-0.173087590111
0.117294813751
0.239811348239
0.217057430294
0.305577307936
0.338200222723
0.361879571888
0.376110677114
0.380990017707
0.37897052248
0.372307365752
0.362475857982
0.350463572996
0.336989531955
0.322586273824
0.307639845802
0.292424319892
0.277132166393
0.261897426672
0.246812067528
0.231937462903
0.217312637855
0.202960281645
0.188891148451
0.175107272732
0.16160431595
0.148373280105
0.135401759765
0.122674856155
0.110175842089
0.101030593816
0.0885033793989
0.0761876957972
0.0640572249282
0.0520858716235
0.040247679238
0.0285167275146
0.0168670161092
0.00527233601839
-0.00629386967345
-0.0178586549018
-0.0294497291852
-0.041095625561
-0.052825878025
-0.0646712087486
-0.0766637254347
-0.0888371291462
-0.101226932842
-0.113870690603
-0.126808237076
-0.140081935961
-0.153736935193
-0.167821424772
-0.182386890604
-0.197488353704
-0.213184577575
-0.229538215715
-0.246615855885
-0.264487904423
-0.283228254218
-0.302913693671
-0.323623000298
-0.345435503395
-0.368428371834
-0.392671096994
-0.418216200318
-0.445088289891
-0.473272692346
-0.502695280721
-0.533187011633
-0.564408528965
-0.595673455137
-0.626114432417
-0.656081783207
-0.690978400736
-0.748398247507
-0.708046718846
-0.341231058423
-1.2351641146e-322
-1.48219693752e-322
1.82804288961e-322
-4.94065645841e-324
-1.63041663128e-322
-0.141075665986
0.285965808967
0.449068144734
0.441236305437
0.450994841007
0.45363551519
0.448238326422
0.437094044142
0.422425816737
0.405630790259
0.38761545855
0.369001468045
0.35021235962
0.331527583111
0.313124246419
0.29510963897
0.277544525653
0.260458731386
0.243861407105
0.227747907693
0.212104481771
0.196911484386
0.182145566414
0.167781153594
0.153791435534
0.140149017748
0.126826341361
0.11379594164
0.103841209371
0.0909241935415
0.0782568646125
0.065807282457
0.0535444808112
0.0414382454667
0.0294588976702
0.0175770811946
0.00576355133105
-0.00601103605299
-0.0177763373031
-0.0295625375634
-0.0414005731599
-0.0533223618381
-0.0653610429906
-0.0775512301228
-0.0899292779061
-0.102533566288
-0.115404804228
-0.128586355644
-0.142124590135
-0.156069260739
-0.170473910457
-0.185396308225
-0.200898912917
-0.217049359374
-0.233920951139
-0.251593131424
-0.270151899699
-0.289690166796
-0.31030808994
-0.332113435975
-0.355221843216
-0.379756108034
-0.405842188539
-0.433600584609
-0.463139655711
-0.49455725382
-0.527920536855
-0.56317977479
-0.600060707689
-0.63819349542
-0.678463027317
-0.724881796654
-0.772415793393
-0.725178821714
-1.67982319586e-322
-1.38338380836e-322
2.02566914795e-322
-1.58101006669e-322
3.45845952089e-323
-1.97626258336e-322
1.77863632503e-322
1.82804288961e-322
5.35540441246e-285
0.40433412454
0.564381234365
0.558720487117
0.539790834084
0.520638618013
0.498621798132
0.474621631517
0.449794391588
0.424997381611
0.400724824806
0.377225874701
0.354614158641
0.332926214817
0.3121535596
0.292262419789
0.273205818046
0.254930685769
0.237381972606
0.220505005986
0.20424680821
0.188556770222
0.173386925941
0.158691984904
0.144429224806
0.130558307169
0.117041054237
0.106284312257
0.09302346237
0.0800468804403
0.0673174259336
0.0547996559187
0.0424594667995
0.0302637653735
0.0181801622671
0.0061766817157
-0.00577851761653
-0.0177174155244
-0.0296724011981
-0.0416765463044
-0.0537638841792
-0.0659696990996
-0.0783308297387
-0.0908859911273
-0.103676119799
-0.116744747249
-0.130138407391
-0.143907084334
-0.158104707539
-0.172789702116
-0.188025602774
-0.20388174
-0.220434004689
-0.237765689666
-0.255968396234
-0.275143003713
-0.295400760554
-0.3168646412
-0.339671128746
-0.363972394944
-0.389937767283
-0.41775069108
-0.447599723061
-0.479681765133
-0.514232356726
-0.551484039935
-0.591479078644
-0.63424054241
-0.680507928838
-0.730484508025
-0.778385195386
-0.85679986515
0
5.43472210425e-323
9.88131291682e-323
5.92878775009e-323
7.41098468762e-323
8.3991159793e-323
-1.97626258336e-323
-1.63041663128e-322
9.88131291682e-324
7.41098468762e-323
1.2944519921e-321
0.710620364696
0.655266428728
0.629834185903
0.596821008995
0.562177015767
0.527498459115
0.493630113335
0.461405441411
0.431123962981
0.402759681694
0.376183946957
0.351243960748
0.327785226747
0.305660618784
0.284734686605
0.2648850216
0.246001954659
0.227987524229
0.210754214187
0.194223673907
0.17832550737
0.162996169702
0.148177985304
0.133818286626
0.119868663881
0.108329061131
0.0947768594506
0.0815388949987
0.0685734429541
0.0558411354356
0.0433044758885
0.0309274062904
0.0186749147913
0.00651267351106
-0.00559330217603
-0.0176769803444
-0.0297726318274
-0.041915148197
-0.054140364162
-0.0664853900483
-0.0789889601766
-0.0916918032854
-0.104637041722
-0.11787062693
-0.131441819802
-0.145403725856
-0.159813896823
-0.17473501236
-0.190235658098
-0.206391218605
-0.223284903732
-0.241008920303
-0.259665794371
-0.279369877992
-0.300249177415
-0.322447753991
-0.346128956441
-0.371479560684
-0.398713191499
-0.428066416246
-0.459787176735
-0.49416082664
-0.531600357289
-0.572520826961
-0.616897712762
-0.665331911799
-0.721308857556
-0.788466020107
-0.833031783916
0
0
0
-1.53160350211e-322
1.03753785627e-322
1.38338380836e-322
1.82804288961e-322
1.2351641146e-322
1.8774494542e-322
-1.53160350211e-322
-2.02566914795e-322
-9.38724727098e-323
8.88511366227e-242
0.81611042045
0.744853324301
0.682042016813
0.627544871463
0.579404116976
0.535356040697
0.495294137533
0.458941373706
0.425810672975
0.395441065138
0.367446028764
0.341502495046
0.317338485926
0.294724516956
0.273466572099
0.253399922665
0.234383856988
0.216297348055
0.199035538663
0.182506887371
0.166630843146
0.151335945606
0.136558268053
0.122240135353
0.109948806697
0.096163492592
0.0827168286039
0.0695633042376
0.0566603245225
0.0439676144617
0.0314466972472
0.0190604288908
0.00677257516389
-0.0054525808279
-0.017650610322
-0.0298572984392
-0.0421089993586
-0.0544429944086
-0.0668978601924
-0.0795138540287
-0.0923333244141
-0.105401154988
-0.118765251589
-0.132477083506
-0.146592292008
-0.161171381821
-0.176280514507
-0.191992426965
-0.208387502786
-0.225555026039
-0.243594641678
-0.262618044248
-0.282750968051
-0.304135699341
-0.326934461915
-0.351334023443
-0.377551716944
-0.405840292693
-0.436480617981
-0.469766770032
-0.506078956976
-0.546066636752
-0.590228205429
-0.637644825473
-0.689075769573
-0.755212607626
-0.837285592081
-0.938163318646
0
0
0
0
-1.58101006669e-322
1.08694442085e-322
1.77863632503e-322
1.43279037294e-322
1.43279037294e-322
1.77863632503e-322
-1.2351641146e-322
-1.48219693752e-323
1.53160350211e-322
4.48909867937e-41
0.821347809128
0.757890394898
0.687403490984
0.626068244763
0.572103108111
0.52464927187
0.482712114099
0.445285165855
0.411554944062
0.380894107049
0.352810199125
0.326908843576
0.302870458217
0.280433832882
0.259383530886
0.239540113988
0.220752632634
0.202892857112
0.185850805133
0.169531238051
0.153850892096
0.138736273441
0.124121887907
0.111121882771
0.0971664597964
0.083567742792
0.0702773924862
0.0572504104456
0.0444444586433
0.0318192693445
0.0193361239651
0.00695738374797
-0.00535394179565
-0.0176346004602
-0.0299214870974
-0.0422520266414
-0.0546645588703
-0.0671987331398
-0.0798959214901
-0.0927996590315
-0.105956121436
-0.119414650724
-0.13322834239
-0.147454709431
-0.1621564421
-0.177402286553
-0.193268071176
-0.209837915719
-0.227205661799
-0.245476558685
-0.264769240412
-0.285218104422
-0.306976389334
-0.330220387449
-0.355155228961
-0.382022571137
-0.411106367139
-0.442721049086
-0.477197486267
-0.51503106785
-0.557179871359
-0.604179702317
-0.654003079236
-0.70825290241
-0.781217313278
-0.853436273377
0
0
0
0
0
1.48219693752e-322
-9.88131291682e-323
-4.44659081257e-323
5.92878775009e-323
-6.91691904178e-323
-4.94065645841e-324
4.44659081257e-323
-1.28457067919e-322
1.72922976044e-322
2.32487883864e-199
0.956626586261
0.830584123744
0.73717259521
0.663532782348
0.601157165236
0.547535854839
0.501022272139
0.460138350827
0.423745607302
0.390999726682
0.361259737529
0.334026380182
0.308904343555
0.285576896213
0.263787337335
0.243325133362
0.224015584427
0.205712093247
0.18829031023
0.171643639667
0.155679751359
0.140317845868
0.125486489527
0.11183228432
0.0977733219504
0.0840821543596
0.0707086930612
0.0576064566798
0.0447318368863
0.0320434652674
0.0195016571938
0.00706791356356
-0.0052955351567
-0.0176261555829
-0.0299615199065
-0.0423397061614
-0.0547996994756
-0.0673818032443
-0.0801280693311
-0.093082756956
-0.106292830947
-0.119808511549
-0.13368389008
-0.147977627547
-0.162753757096
-0.17808261614
-0.194041940588
-0.210718161099
-0.22820794574
-0.246620029293
-0.266077375102
-0.286719806569
-0.308707460049
-0.332225550138
-0.357490953252
-0.384761048096
-0.414339879865
-0.44656242721
-0.481783927487
-0.520598092687
-0.564223117446
-0.613154641089
-0.66442336674
-0.722159777704
-0.8067303508
-0.904472928148
0
0
0
0
0
1.18575755002e-322
3.95252516673e-323
1.77863632503e-322
1.82804288961e-322
-1.48219693752e-323
1.13635098543e-322
-2.02566914795e-322
-4.94065645841e-324
1.03753785627e-322
1.94912198167e-283
1.05473234641
0.87728324494
0.768659018833
0.688033854748
0.620065548283
0.562224366385
0.512638483811
0.46948021247
0.431362165346
0.397280613079
0.366489263009
0.338416369652
0.312615315363
0.288732355925
0.266483646035
0.245638418474
0.226006655867
0.207430001677
0.189774964824
0.172927761582
0.156790349785
0.141277345859
0.126313602475
0.112070188715
0.0979764640412
0.0842542737975
0.0708529375539
0.0577254726542
0.0448278418064
0.0321183052647
0.0195568527717
0.007104695456
-0.00527619841805
-0.0176235372533
-0.0299751209644
-0.0423692470837
-0.0548451175917
-0.0674432556506
-0.0802059415888
-0.0931776780485
-0.106405695268
-0.119940509034
-0.133836546013
-0.148152854126
-0.162953919525
-0.178310616947
-0.194301327134
-0.211013262897
-0.228544050228
-0.247003606876
-0.266516367806
-0.28722400446
-0.309289008942
-0.33289965302
-0.358276853173
-0.385683416374
-0.415430274362
-0.44785913688
-0.483333476314
-0.522484581612
-0.566627354899
-0.616226379404
-0.667895857185
-0.726415347686
-0.814173906066
-0.918522402068
0
0
0
0
0
-9.88131291682e-324
1.53160350211e-322
1.03753785627e-322
1.97626258336e-322
9.88131291682e-324
3.45845952089e-323
1.2351641146e-322
1.63041663128e-322
-8.89318162514e-323
-9.28843414182e-322
1.07779402779
0.890177038321
0.778611949911
0.6963405642
0.626583080544
0.567282331452
0.516622296275
0.472671188608
0.433954843614
0.399412592731
0.368260337082
0.339900392089
0.313867912019
0.289796109414
0.267391644162
0.246416715246
0.226676006962
0.208007111553
0.190273398955
0.173358624068
0.15716279342
0.141598960637
0.126590714639
0.11183228432
0.0977733219504
0.0840821543596
0.0707086930613
0.0576064566798
0.0447318368863
0.0320434652674
0.0195016571938
0.00706791356357
-0.00529553515669
-0.0176261555829
-0.0299615199064
-0.0423397061614
-0.0547996994756
-0.0673818032443
-0.0801280693311
-0.093082756956
-0.106292830947
-0.119808511549
-0.13368389008
-0.147977627547
-0.162753757096
-0.17808261614
-0.194041940588
-0.210718161099
-0.22820794574
-0.246620029293
-0.266077375102
-0.286719806569
-0.308707460049
-0.332225550138
-0.357490953252
-0.384761048096
-0.414339879865
-0.44656242721
-0.481783927487
-0.520598092687
-0.564223117446
-0.613154641089
-0.66442336674
-0.722159777704
-0.8067303508
-0.904472928147
0
0
0
0
0
-1.8774494542e-322
1.97626258336e-323
-4.94065645841e-324
-1.48219693752e-322
-5.92878775009e-323
8.89318162514e-323
6.91691904178e-323
1.63041663128e-322
-1.63041663128e-322
1.11751409945e-283
1.05473234641
0.87728324494
0.768659018833
0.688033854748
0.620065548283
0.562224366385
0.512638483811
0.46948021247
0.431362165346
0.397280613079
0.366489263009
0.338416369652
0.312615315363
0.288732355925
0.266483646035
0.245638418474
0.226006655867
0.207430001677
0.189774964824
0.172927761582
0.156790349785
0.141277345859
0.126313602475
0.111121882771
0.0971664597964
0.0835677427921
0.0702773924862
0.0572504104456
0.0444444586433
0.0318192693445
0.0193361239651
0.00695738374798
-0.00535394179563
-0.0176346004601
-0.0299214870974
-0.0422520266414
-0.0546645588703
-0.0671987331398
-0.0798959214901
-0.0927996590315
-0.105956121436
-0.119414650724
-0.13322834239
-0.147454709431
-0.1621564421
-0.177402286553
-0.193268071176
-0.209837915719
-0.227205661799
-0.245476558685
-0.264769240412
-0.285218104422
-0.306976389334
-0.330220387449
-0.355155228961
-0.382022571137
-0.411106367139
-0.442721049086
-0.477197486267
-0.51503106785
-0.557179871359
-0.604179702317
-0.654003079236
-0.70825290241
-0.781217313278
-0.853436273377
0
0
0
0
0
1.97626258336e-322
-4.44659081257e-323
-1.97626258336e-322
-1.33397724377e-322
-1.92685601878e-322
6.42285339594e-323
-4.94065645841e-323
1.53160350211e-322
1.82804288961e-322
-5.17908258465e-199
0.956626586261
0.830584123743
0.73717259521
0.663532782348
0.601157165236
0.547535854839
0.501022272139
0.460138350827
0.423745607302
0.390999726682
0.361259737529
0.334026380182
0.308904343555
0.285576896213
0.263787337335
0.243325133362
0.224015584427
0.205712093247
0.18829031023
0.171643639667
0.155679751359
0.140317845868
0.125486489527
0.109948806697
0.0961634925921
0.0827168286039
0.0695633042376
0.0566603245226
0.0439676144617
0.0314466972472
0.0190604288909
0.00677257516392
-0.00545258082788
-0.0176506103219
-0.0298572984392
-0.0421089993586
-0.0544429944086
-0.0668978601923
-0.0795138540287
-0.0923333244141
-0.105401154987
-0.118765251589
-0.132477083506
-0.146592292008
-0.161171381821
-0.176280514507
-0.191992426965
-0.208387502786
-0.225555026039
-0.243594641678
-0.262618044248
-0.282750968051
-0.304135699341
-0.326934461915
-0.351334023443
-0.377551716944
-0.405840292693
-0.436480617981
-0.469766770032
-0.506078956976
-0.546066636752
-0.590228205429
-0.637644825473
-0.689075769573
-0.755212607626
-0.837285592081
-0.938163318646
0
0
0
0
1.18575755002e-322
-6.42285339594e-323
1.43279037294e-322
5.92878775009e-323
-1.28457067919e-322
1.13635098543e-322
1.48219693752e-322
-3.95252516673e-323
1.97626258336e-323
2.88222099533e-41
0.821347809127
0.757890394898
0.687403490983
0.626068244762
0.572103108111
0.52464927187
0.482712114099
0.445285165855
0.411554944061
0.380894107049
0.352810199125
0.326908843576
0.302870458217
0.280433832882
0.259383530886
0.239540113988
0.220752632634
0.202892857112
0.185850805133
0.169531238051
0.153850892096
0.138736273441
0.124121887907
0.108329061131
0.0947768594507
0.0815388949988
0.0685734429541
0.0558411354357
0.0433044758886
0.0309274062904
0.0186749147914
0.00651267351109
-0.005593302176
-0.0176769803444
-0.0297726318274
-0.041915148197
-0.054140364162
-0.0664853900483
-0.0789889601766
-0.0916918032854
-0.104637041722
-0.11787062693
-0.131441819802
-0.145403725856
-0.159813896823
-0.17473501236
-0.190235658098
-0.206391218605
-0.223284903732
-0.241008920303
-0.259665794371
-0.279369877992
-0.300249177415
-0.322447753991
-0.346128956441
-0.371479560684
-0.398713191499
-0.428066416247
-0.459787176735
-0.49416082664
-0.531600357289
-0.572520826961
-0.616897712762
-0.665331911799
-0.721308857556
-0.788466020107
-0.833031783916
0
0
0
3.95252516673e-323
-6.42285339594e-323
-1.97626258336e-322
-1.18575755002e-322
8.89318162514e-323
9.38724727098e-323
1.77863632503e-322
1.82804288961e-322
4.44659081257e-323
2.55775923525e-242
0.816110420449
0.744853324301
0.682042016813
0.627544871462
0.579404116976
0.535356040697
0.495294137532
0.458941373706
0.425810672974
0.395441065138
0.367446028764
0.341502495046
0.317338485926
0.294724516956
0.273466572099
0.253399922665
0.234383856988
0.216297348055
0.199035538663
0.182506887371
0.166630843146
0.151335945606
0.136558268053
0.122240135353
0.106284312257
0.0930234623702
0.0800468804404
0.0673174259337
0.0547996559187
0.0424594667996
0.0302637653736
0.0181801622671
0.00617668171575
-0.00577851761649
-0.0177174155243
-0.029672401198
-0.0416765463043
-0.0537638841792
-0.0659696990996
-0.0783308297387
-0.0908859911272
-0.103676119799
-0.116744747249
-0.130138407391
-0.143907084334
-0.158104707539
-0.172789702116
-0.188025602774
-0.20388174
-0.220434004689
-0.237765689666
-0.255968396234
-0.275143003713
-0.295400760554
-0.3168646412
-0.339671128746
-0.363972394944
-0.389937767283
-0.41775069108
-0.447599723061
-0.479681765133
-0.514232356726
-0.551484039935
-0.591479078644
-0.63424054241
-0.680507928838
-0.730484508025
-0.778385195386
-0.85679986515
0
0
-6.42285339594e-323
-9.88131291682e-324
1.18575755002e-322
-1.77863632503e-322
-1.77863632503e-322
1.2351641146e-322
9.38724727098e-323
4.44659081257e-323
-5.03452893112e-321
0.710620364696
0.655266428728
0.629834185903
0.596821008994
0.562177015767
0.527498459115
0.493630113335
0.46140544141
0.431123962981
0.402759681694
0.376183946957
0.351243960748
0.327785226747
0.305660618784
0.284734686605
0.2648850216
0.246001954659
0.227987524229
0.210754214187
0.194223673907
0.17832550737
0.162996169702
0.148177985304
0.133818286626
0.119868663881
0.103841209371
0.0909241935416
0.0782568646126
0.0658072824571
0.0535444808113
0.0414382454667
0.0294588976703
0.0175770811947
0.0057635513311
-0.00601103605295
-0.0177763373031
-0.0295625375634
-0.0414005731598
-0.0533223618381
-0.0653610429906
-0.0775512301228
-0.0899292779061
-0.102533566288
-0.115404804228
-0.128586355644
-0.142124590135
-0.156069260739
-0.170473910457
-0.185396308225
-0.200898912917
-0.217049359374
-0.233920951139
-0.251593131424
-0.270151899699
-0.289690166796
-0.31030808994
-0.332113435975
-0.355221843216
-0.379756108034
-0.405842188539
-0.433600584609
-0.463139655711
-0.49455725382
-0.527920536855
-0.56317977479
-0.600060707689
-0.63819349542
-0.678463027317
-0.724881796654
-0.772415793393
-0.725178821714
4.94065645841e-324
1.72922976044e-322
1.58101006669e-322
-7.90505033346e-323
-9.88131291682e-324
1.92685601878e-322
1.97626258336e-322
-1.72922976044e-322
5.62790177541e-285
0.40433412454
0.564381234365
0.558720487117
0.539790834083
0.520638618013
0.498621798132
0.474621631517
0.449794391588
0.424997381611
0.400724824805
0.377225874701
0.354614158641
0.332926214817
0.3121535596
0.292262419789
0.273205818046
0.254930685769
0.237381972606
0.220505005986
0.20424680821
0.188556770222
0.173386925941
0.158691984904
0.144429224806
0.130558307169
0.117041054238
0.101030593816
0.0885033793991
0.0761876957973
0.0640572249283
0.0520858716236
0.0402476792381
0.0285167275147
0.0168670161093
0.00527233601844
-0.0062938696734
-0.0178586549017
-0.0294497291852
-0.041095625561
-0.0528258780249
-0.0646712087485
-0.0766637254346
-0.0888371291462
-0.101226932842
-0.113870690603
-0.126808237076
-0.140081935961
-0.153736935193
-0.167821424772
-0.182386890604
-0.197488353704
-0.213184577575
-0.229538215715
-0.246615855885
-0.264487904423
-0.283228254218
-0.302913693671
-0.323623000298
-0.345435503395
-0.368428371834
-0.392671096994
-0.418216200318
-0.445088289891
-0.473272692346
-0.502695280721
-0.533187011633
-0.564408528965
-0.595673455137
-0.626114432417
-0.656081783207
-0.690978400736
-0.748398247507
-0.708046718846
-0.341231058423
-1.13635098543e-322
-4.44659081257e-323
-7.90505033346e-323
3.95252516673e-323
-1.63041663128e-322
-0.141075665987
0.285965808967
0.449068144734
0.441236305436
0.450994841007
0.45363551519
0.448238326422
0.437094044141
0.422425816737
0.405630790259
0.38761545855
0.369001468045
0.35021235962
0.33152758311
0.313124246419
0.29510963897
0.277544525653
0.260458731386
0.243861407105
0.227747907693
0.212104481771
0.196911484386
0.182145566414
0.167781153594
0.153791435534
0.140149017748
0.126826341361
0.113795941641
0.0978866417742
0.0857881719487
0.0738605782482
0.0620833916169
0.0504356230658
0.0388958103115
0.027442026371
0.0160518576517
0.00470235720955
-0.00663002252006
-0.0179695142263
-0.0293411348959
-0.0407707976191
-0.0522854343265
-0.0639131279436
-0.0756832524961
-0.0876266195618
-0.0997756291539
-0.112164422567
-0.124829033838
-0.137807535198
-0.151140169995
-0.164869463908
-0.179040301439
-0.193699949269
-0.208897999934
-0.224686197304
-0.241118088699
-0.25824842985
-0.276132254012
-0.294823505066
-0.314373101521
-0.334826161411
-0.356217746767
-0.378566031731
-0.401862182886
-0.426057584651
-0.451047540748
-0.476646797976
-0.502561830453
-0.528363676613
-0.553385319899
-0.576484513852
-0.595893721106
-0.610654661648
-0.624453946523
-0.610512955149
-0.660248699972
-0.648400469559
-0.395177205902
-0.285482263197
-0.173087590111
0.117294813751
0.239811348239
0.217057430293
0.305577307936
0.338200222723
0.361879571888
0.376110677114
0.380990017706
0.37897052248
0.372307365752
0.362475857982
0.350463572996
0.336989531955
0.322586273824
0.307639845802
0.292424319892
0.277132166393
0.261897426672
0.246812067528
0.231937462903
0.217312637855
0.202960281645
0.188891148451
0.175107272732
0.16160431595
0.148373280105
0.135401759765
0.122674856155
0.11017584209
0.094445986397
0.0828079174314
0.0712986380544
0.059903570827
0.0486069148455
0.0373918109865
0.0262404525387
0.0151341518749
0.00405337153243
-0.0070222736494
-0.0181140379702
-0.029244085455
-0.0404355458214
-0.05171258248
-0.0631004694205
-0.0746256738472
-0.0863159411785
-0.0982003785446
-0.110309532109
-0.122675452327
-0.135331739524
-0.148313559769
-0.161657617603
-0.175402067607
-0.189586340366
-0.204250849448
-0.219436533451
-0.235184170184
-0.25153337937
-0.268521207939
-0.286180166674
-0.304535543217
-0.323601704108
-0.343376846983
-0.363835383182
-0.384917337605
-0.406514824519
-0.428454651473
-0.450473494344
-0.472186481366
-0.493057084758
-0.5123540313
-0.529022092597
-0.541234739935
-0.545687251242
-0.538446913635
-0.516911629198
-0.500182487357
-0.43298765718
-0.328356273535
-0.253428405124
-0.171322340063
-0.0335934407087
0.0848925610542
0.140767651383
0.212943544624
0.258161408409
0.288724233349
0.309243586664
0.320993744391
0.325805096534
0.325490810174
0.32139544045
0.314492638267
0.305525579108
0.295070161274
0.283566289735
0.271345432715
0.258656074264
0.245684110534
0.232568013658
0.219410064227
0.206284832646
0.193245654081
0.180329575295
0.167561125988
0.154955191985
0.14251920642
0.130254823462
0.118159198209
0.106225965377
0.0907468597966
0.079593529584
0.0685264845497
0.0575369156844
0.0466141518707
0.0357459268631
0.0249185794479
0.0141171994492
0.00332572981348
-0.00747296685942
-0.0182970703801
-0.0291657877021
-0.0400993551292
-0.0511190532532
-0.0622472300703
-0.0735073276884
-0.0849239076971
-0.0965226696577
-0.108330456172
-0.12037523654
-0.132686058998
-0.145292958744
-0.158226805195
-0.171519066862
-0.185201465432
-0.199305481468
-0.213861661773
-0.228898662125
-0.244441938727
-0.260511977589
-0.277121921309
-0.294274407648
-0.3119573473
-0.330138207819
-0.348756200684
-0.367711834333
-0.386853593576
-0.405961185644
-0.42472375825
-0.442711882267
-0.45934248337
-0.473837232139
-0.485179462019
-0.49196306118
-0.49189467857
-0.481523197931
-0.45829777813
-0.427582030611
-0.374583896992
-0.302620302128
-0.231862211748
-0.156267621059
-0.064875455317
0.0224610380454
0.0900740295221
0.150889923185
0.195667813619
0.228603589603
0.252523485296
0.268610203529
0.278194740547
0.282644037589
0.283078795083
0.280376241318
0.275238924372
0.268233279894
0.259810640318
0.250326590972
0.240059853898
0.229228374531
0.218002037462
0.206512622077
0.194861680637
0.183126800796
0.171366570736
0.159624500525
0.147932112807
0.136311378063
0.124776634279
0.113336100851
0.101993072453
0.0868282880166
0.076176890389
0.0655697819275
0.0550036576401
0.0444727957421
0.0339694067327
0.0234839080064
0.0130051376077
0.00252051839104
-0.0079838179765
-0.0185229391299
-0.0291130452288
-0.0397714210086
-0.0505164008122
-0.0613673409217
-0.0723445934148
-0.0834694753692
-0.0947642265161
-0.106251947339
-0.117956508021
-0.129902416475
-0.14211463077
-0.154618297363
-0.167438391442
-0.180599228984
-0.194123811291
-0.208032951339
-0.222344116435
-0.237069903335
-0.252216039667
-0.267778777659
-0.283741507131
-0.300070352143
-0.316708421137
-0.333568291201
-0.350522318079
-0.367390455545
-0.383925258608
-0.399793882647
-0.414556937758
-0.427640874868
-0.438300065913
-0.445586309179
-0.448327607164
-0.445017578159
-0.433753076386
-0.413033438455
-0.383343970499
-0.338198723235
-0.279835577294
-0.217323215841
-0.149850741638
-0.076356338448
-0.00801742719454
0.0512448193024
0.103634563606
0.145931384086
0.17916020495
0.204660312651
0.223315516795
0.236087768165
0.243979801009
0.247879511173
0.248531913707
0.246562543201
0.242495310298
0.236763710267
0.229722386189
0.221659508982
0.212808229815
0.20335642231
0.193454791786
0.18322361683
0.172758334677
0.162134135892
0.151409718742
0.140630343332
0.129830309837
0.119034966467
0.108262334626
0.0975244228836
0.0827293635564
0.0725902959657
0.062454842797
0.0523248254453
0.042199190156
0.0320744183799
0.0219448594212
0.0118029989592
0.00163967497189
-0.00855574905424
-0.0187952450089
-0.0290920074634
-0.0394603603862
-0.0499156766344
-0.0604743037048
-0.0711534890839
-0.081971298077
-0.0929465162272
-0.104098527273
-0.115447155959
-0.127012462841
-0.138814475315
-0.15087283534
-0.163206339461
-0.175832340509
-0.188765972406
-0.202019149454
-0.215599278907
-0.229507610283
-0.243737126505
-0.258269859537
-0.273073484016
-0.288097002185
-0.30326528391
-0.318472191323
-0.333572031864
-0.348369116557
-0.362605263293
-0.375945529457
-0.387962912294
-0.398120521019
-0.405747418365
-0.410015604569
-0.409933722015
-0.404354794258
-0.392076098002
-0.372162590418
-0.343968686013
-0.305226362855
-0.257572978486
-0.205014159287
-0.148147221023
-0.0880880783981
-0.030909477705
0.0207984018827
0.0670928561017
0.106363800221
0.138623930111
0.164449777088
0.184415600453
0.199180150035
0.209455893843
0.215920013413
0.219178650715
0.21976524004
0.218143736294
0.214711797235
0.209805900254
0.203708190407
0.196653711965
0.188837185462
0.180419081942
0.171530970461
0.162280159925
0.152753674187
0.143021618476
0.133140007634
0.123153129016
0.113095508682
0.102993542366
0.0928668448233
0.0784886113819
0.0688659598692
0.0592082523588
0.0495219749719
0.0398103826429
0.0300739501496
0.0203107461408
0.0105167429294
0.00068607318119
-0.00918875671378
-0.0191166878514
-0.0291079566617
-0.0391739619978
-0.049327144361
-0.059580870209
-0.0699493141027
-0.0804473309515
-0.091090309834
-0.101893999715
-0.112874295786
-0.124046973092
-0.135427351355
-0.147029871478
-0.158867559824
-0.170951350922
-0.183289232454
-0.195885168158
-0.208737744221
-0.221838473044
-0.235169674605
-0.248701840078
-0.262390363961
-0.276171509765
-0.289957455178
-0.303630262138
-0.317034649895
-0.329969496709
-0.342178090765
-0.353337516502
-0.363048020568
-0.370822469462
-0.376075121635
-0.37811314543
-0.376138616935
-0.369273835762
-0.356665405939
-0.337664439062
-0.311775102667
-0.278355350153
-0.238401257093
-0.19393237859
-0.146025830151
-0.0961248808809
-0.0475109941071
-0.00225694881124
0.0388847497869
0.0748859216892
0.105467004948
0.130798199197
0.151188688721
0.167054030543
0.178880557743
0.187166992395
0.192389203492
0.194986564119
0.195356172847
0.19385023092
0.19077630726
0.186399878383
0.180948059126
0.174613726393
0.167559631353
0.159922305528
0.151815655011
0.14333418851
0.134555864078
0.125544566305
0.116352241019
0.107020721316
0.0975832805376
0.0880659468121
0.0741434564393
0.065035581014
0.0558565289881
0.0466169339561
0.037323944954
0.0279816988824
0.0185917199373
0.00915325741728
-0.000336427882166
-0.00988181944592
-0.0194889345352
-0.0291651395344
-0.0389189836834
-0.0487600439145
-0.0586987734921
-0.0687463469148
-0.0789144930309
-0.0892153075488
-0.0996610350251
-0.110263808934
-0.121035336532
-0.131986512785
-0.143126944637
-0.15446436314
-0.166003896501
-0.177747171646
-0.189691205592
-0.20182704058
-0.21413806882
-0.226597984002
-0.239168287784
-0.251795270941
-0.264406382521
-0.27690590145
-0.289169844629
-0.301040092369
-0.312317783076
-0.32275615137
-0.332053249078
-0.339845288901
-0.345701294258
-0.349120089577
-0.349532844242
-0.346315155297
-0.338816214158
-0.326432717194
-0.308713556961
-0.285362038713
-0.256246892276
-0.222045553743
-0.183987980493
-0.143157986353
-0.100893235383
-0.0591923223285
-0.0195896760403
0.0170002391052
0.049777872425
0.0783637005163
0.102704374546
0.122915990586
0.13923267309
0.151969993533
0.161482248594
0.168131109214
0.172267760476
0.174222505846
0.174298512774
0.172768764086
0.169875482616
0.165831157157
0.160820468405
0.155002668824
0.148514142052
0.14147096421
0.133971352872
0.126097936809
0.117919813891
0.109494387368
0.100868984782
0.0920822719874
0.08316547902
0.0697297940156
0.0611299790891
0.0524258244834
0.043631564628
0.0347577943666
0.0258119456052
0.0167986975523
0.00772033012554
-0.00142297055034
-0.0106328462023
-0.0199125321669
-0.0292666473495
-0.038701001122
-0.0482224099661
-0.0578385165685
-0.0675576037989
-0.0773883954934
-0.0873398352357
-0.0974208333271
-0.107639970815
-0.118005147804
-0.128523161203
-0.139199194561
-0.150036199675
-0.161034146132
-0.172189110962
-0.183492176131
-0.194928096833
-0.20647369882
-0.218095958739
-0.229749718353
-0.241374982929
-0.25289375834
-0.264206395382
-0.275187440649
-0.28568104717
-0.295496079056
-0.304401172973
-0.312120223338
-0.31832895697
-0.322653380247
-0.324671487524
-0.32392103139
-0.319916171846
-0.312176553092
-0.300278733356
-0.283918691646
-0.262937962111
-0.237387824679
-0.207777573011
-0.174954103298
-0.139840532335
-0.103545611654
-0.067430414438
-0.0326482910869
-4.33506750745e-05
0.0297105577844
0.0562079715263
0.0792800622556
0.0989169210637
0.11522457764
0.128392831265
0.138662739076
0.146300310442
0.1515785268
0.154765288665
0.156115309284
0.155865064733
0.154230145222
0.151404331648
0.147559820213
0.142848176182
0.137401724636
0.131335171438
0.124747309026
0.11772270877
0.110333337508
0.102640061704
0.0946940206389
0.0865378621009
0.0782068419722
0.0652816591154
0.057178796859
0.0489416651842
0.0405875462916
0.0321300182101
0.0235794211185
0.0149432656563
0.00622659079676
-0.00256772129674
-0.0114386662065
-0.0203868669525
-0.0294143455387
-0.0385243095185
-0.0477209466908
-0.057009220866
-0.0663946613345
-0.075883138172
-0.0854806148513
-0.0951928687453
-0.105025168977
-0.114981899702
-0.125066115255
-0.135279011607
-0.145619296401
-0.156082437291
-0.166659765662
-0.177337410117
-0.188095031622
-0.198904330362
-0.209727293772
-0.22051415671
-0.231201049906
-0.241707323932
-0.251932556931
-0.261753290141
-0.27101959009
-0.279551615081
-0.287136478837
-0.293525861954
-0.298434971875
-0.301543594531
-0.30250043514
-0.300932733689
-0.29646307662
-0.288735172059
-0.277451322405
-0.262414214581
-0.243557600639
-0.221000722878
-0.195145673564
-0.166620690075
-0.136173050864
-0.104683540905
-0.0731439594574
-0.0424485984234
-0.0133222098847
0.01365574832
0.0380896614218
0.0597576564234
0.0785733440663
0.0945556952403
0.107803709675
0.118471734206
0.126748211529
0.132839451255
0.136957677315
0.139312343084
0.140104094484
0.139520889386
0.137735778317
0.1349058993
0.131172329855
0.126660524188
0.121481129636
0.115731028136
0.109494490295
0.102844362872
0.0958432360358
0.0885445558211
0.0809936610134
0.0732287336383
0.0608309873593
0.0532102661797
0.045428733596
0.0375061792167
0.0294587039457
0.0212991642691
0.0130375680164
0.00468142713309
-0.00376392672159
-0.0122950577771
-0.0209101668928
-0.0296088512902
-0.0383918770351
-0.0472609578617
-0.0562185336896
-0.0652675418572
-0.0744111736176
-0.0836526078548
-0.0929947132249
-0.102439709004
-0.111988773849
-0.121641590417
-0.131395812369
-0.14124643878
-0.15118507941
-0.161199092807
-0.171270578036
-0.18137520024
-0.191480830697
-0.20154598421
-0.211518041485
-0.221331252967
-0.230904535473
-0.240139096803
-0.248915959554
-0.257093506652
-0.264505240673
-0.270958042913
-0.276231334983
-0.280077660142
-0.282225326591
-0.282384028535
-0.280254708991
-0.275544789163
-0.267989563568
-0.257380133972
-0.243593505098
-0.226619335461
-0.206596133466
-0.183850790028
-0.158871458286
-0.132257181074
-0.104703259116
-0.0769634778299
-0.0497452760396
-0.0236570162293
0.000802010641324
0.0232626912797
0.0434849132222
0.061339268007
0.0767877333911
0.0898651659276
0.100660910657
0.1093021068
0.115939884133
0.120738436939
0.123866580169
0.125491447201
0.125774012783
0.124866104593
0.122908577575
0.120030368469
0.116348198519
0.111966737764
0.106979083513
0.101467439297
0.0955039088744
0.0891513428712
0.0824641937387
0.0754893487038
0.0682669209765
0.0564074576186
0.0492510328296
0.0419106890372
0.0344082106771
0.026761777145
0.0189863761781
0.0110941786595
0.00309487841744
-0.00500399875463
-0.0131968121801
-0.021479544465
-0.0298495554557
-0.0383053464536
-0.046846328886
-0.055472591335
-0.0641846584801
-0.0729832350686
-0.0818689275172
-0.0908419351352
-0.0999017022409
-0.109046521656
-0.118273079177
-0.127575927724
-0.136946878982
-0.146374299623
-0.15584229869
-0.16532979283
-0.174809436877
-0.18424640951
-0.193597047755
-0.202807330976
-0.211811225747
-0.220528919305
-0.228864993039
-0.236706620872
-0.243921922102
-0.250358655908
-0.255843516676
-0.260182371952
-0.263161865725
-0.264552898859
-0.264116641226
-0.261613837172
-0.256817974873
-0.249532542257
-0.239612000922
-0.226983891273
-0.211669497293
-0.193806412473
-0.173665492839
-0.151636814895
-0.128202099432
-0.103914265075
-0.0793632702379
-0.0551172226685
-0.0316839703516
-0.0094931020851
0.0111194729046
0.0299144659629
0.0467412459976
0.0615262585224
0.0742602364866
0.0849848183331
0.0937797342117
0.100751505224
0.106023948596
0.109730445177
0.112007844442
0.112991841012
0.112813616285
0.111597524065
0.109459610973
0.106506786778
0.102836486971
0.0985366964988
0.093686228475
0.0883551739516
0.0826054580468
0.0764914536632
0.0700606169933
0.0633541193142
0.0520384054777
0.0453260342589
0.0384100250879
0.0313136835647
0.0240568496554
0.0166562739835
0.00912596541528
0.00147751173149
-0.00627962389549
-0.0141378272002
-0.0220910739396
-0.0301346834298
-0.038265079742
-0.046479555446
-0.0547760324463
-0.0631528141027
-0.0716083224246
-0.0801408136961
-0.0887480654146
-0.0974270269014
-0.106173425418
-0.114981319089
-0.12384258747
-0.13274635028
-0.141678304732
-0.150619972259
-0.159547846397
-0.16843243554
-0.177237197594
-0.185917368789
-0.194418696756
-0.202676099404
-0.210612287154
-0.218136408091
-0.225142804671
-0.231510007588
-0.237100137578
-0.241758938483
-0.24531672066
-0.247590545349
-0.248388031563
-0.247513223972
-0.244774953125
-0.239997924126
-0.233036455239
-0.223790298533
-0.212220907773
-0.198366542107
-0.182356203216
-0.164417271441
-0.144867262826
-0.124096591213
-0.102549845296
-0.080698788015
-0.0590057320559
-0.0378953959783
-0.0177371759969
0.00116762002116
0.0185905641386
0.0343735825365
0.0484225356806
0.0606987975959
0.0712097580301
0.0799991878038
0.0871382387167
0.0927174751606
0.0968400760313
0.099616225487
0.101158639793
0.101579124247
0.10098602401
0.0994824246971
0.09716496445
0.0941231318007
0.0904389392605
0.0861868791502
0.0814340844245
0.0762406321781
0.070659940685
0.0647392220571
0.0585199619631
0.0477487963882
0.041458423919
0.0349479611847
0.0282418076852
0.0213610801053
0.0143239477247
0.00714594851487
-0.000159713838197
-0.00758189062226
-0.0151112242542
-0.0227398969641
-0.0304613885068
-0.0382702389329
-0.0461618120408
-0.0541320547504
-0.0621772472903
-0.0702937387263
-0.0784776620083
-0.086724622361
-0.0950293525015
-0.103385327873
-0.111784334858
-0.120215984832
-0.128667167071
-0.137121433955
-0.145558312875
-0.153952540919
-0.162273221013
-0.170482902209
-0.178536592551
-0.186380721068
-0.193952076519
-0.201176765348
-0.207969250521
-0.214231557105
-0.219852759659
-0.224708900161
-0.228663521656
-0.231569037959
-0.233269188242
-0.233602845572
-0.232409453956
-0.229536313358
-0.224847759599
-0.218236029614
-0.209633242834
-0.199023377196
-0.186453050249
-0.172040207807
-0.155977632783
-0.138527433348
-0.120009185244
-0.100784671462
-0.0812374341753
-0.0617481705749
-0.042673827412
-0.0243323487406
-0.00699180102869
0.00913506793656
0.0238911561952
0.0371718931896
0.0489199756653
0.05911880237
0.0677853685521
0.0749632514425
0.0807160923334
0.0851217936998
0.0882675334586
0.0902456203951
0.0911501573633
0.0910744412213
0.0901090090754
0.0883402341735
0.0858493767369
0.0827120018412
0.0789976859854
0.0747699447006
0.0700863243586
0.0649986115204
0.059553122366
0.0537910427666
0.0435612477902
0.0376695358162
0.0315443654666
0.0252108535571
0.018691048652
0.0120042238546
0.0051671589028
-0.00180558948578
-0.00890142882904
-0.0161094824654
-0.0234203495169
-0.0308258705833
-0.0383188959843
-0.045893052908
-0.053542507425
-0.0612617169858
-0.0690451686962
-0.0768870983898
-0.084781185278
-0.09272021677
-0.100695717963
-0.108697540322
-0.116713404277
-0.124728390947
-0.132724379048
-0.140679424412
-0.148567081638
-0.156355670426
-0.164007493364
-0.171478017851
-0.178715042555
-0.185657879062
-0.192236592379
-0.198371360054
-0.203972029001
-0.208937971249
-0.213158363692
-0.216513040625
-0.218874087763
-0.220108358114
-0.220081089715
-0.218660783658
-0.215725431169
-0.211170035938
-0.204915180873
-0.196916135179
-0.187171685889
-0.175731776026
-0.162702999781
-0.14825015101
-0.13259215353
-0.115993402635
-0.0987518194193
-0.0811835057063
-0.0636053097261
-0.0463190648118
-0.0295990541535
-0.0136827623031
0.00123456803114
0.0150017073684
0.0275103771275
0.0386921843401
0.0485142201784
0.0569739203878
0.0640936969347
0.0699157115775
0.0744970314348
0.0779053094151
0.0802150601844
0.0815045472758
0.0818532576013
0.0813399148117
0.0800409695929
0.0780294997884
0.0753744535747
0.0721401728459
0.068386140039
0.0641668987374
0.0595321057403
0.0545266793863
0.049191015456
0.0394960903186
0.0339788831945
0.0282177059054
0.0222380682714
0.0160626475483
0.00971153853601
0.00320250064856
-0.00344880014
-0.010228555258
-0.0171245831296
-0.0241261032531
-0.0312235129093
-0.0384081640593
-0.0456721375104
-0.0530080110164
-0.0604086176542
-0.0678667905364
-0.0753750897087
-0.0829255069442
-0.0905091440844
-0.0981158606529
-0.10573388668
-0.113349397117
-0.12094604495
-0.12850445125
-0.136001652019
-0.143410504035
-0.150699055042
-0.157829887898
-0.164759453894
-0.171437417595
-0.177806044552
-0.183799674238
-0.189344333611
-0.194357561517
-0.198748530233
-0.202418566466
-0.205262188134
-0.207168782381
-0.208025050612
-0.207718333889
-0.206140899004
-0.203195197095
-0.198799993207
-0.192897118008
-0.185458417407
-0.176492287523
-0.16604909006
-0.154224674547
-0.141160943013
-0.127042657379
-0.112090887694
-0.0965537688873
-0.0806949264466
-0.0647806596218
-0.0490678860545
-0.033793997549
-0.0191690489233
-0.00537064449079
0.00745849435633
0.0192106993468
0.0298117798055
0.0392181871755
0.0474133751012
0.0544037582147
0.0602145887839
0.0648859820464
0.0684692460083
0.0710236105799
0.0726134020258
0.0733056714014
0.073168259405
0.0722682632358
0.0706708615289
0.0684384493593
0.0656300351017
0.0623008533371
0.0585021520092
0.0542811168726
0.0496809014071
0.0447407354247
0.0355714592749
0.0304041856821
0.0249850267479
0.0193396127046
0.0134909886865
0.00745982339891
0.00126462134809
-0.00507806423126
-0.011553419313
-0.0181481583643
-0.0248503145679
-0.0316490298338
-0.0385343428497
-0.0454969729211
-0.0525280969473
-0.0596191165738
-0.0667614123142
-0.0739460812879
-0.0811636551621
-0.0884037949317
-0.0956549593724
-0.102904044366
-0.110135990894
-0.117333360415
-0.124475877607
-0.13153994224
-0.138498114339
-0.145318579929
-0.151964608715
-0.15839402017
-0.164558680845
-0.170404063381
-0.17586890669
-0.180885026977
-0.185377340257
-0.189264168145
-0.192457908608
-0.194866160512
-0.196393392491
-0.196943240141
-0.19642149711
-0.194739830008
-0.191820186457
-0.187599777314
-0.182036405745
-0.175113794926
-0.166846448113
-0.157283507079
-0.146511031968
-0.134652056913
-0.121864001376
-0.108333598056
-0.094269731744
-0.0798946139731
-0.0654341074287
-0.0511083779516
-0.0371237086192
-0.0236659367444
-0.0108958173683
0.00105363416711
0.0120780193234
0.0221009651233
0.0310724027882
0.0389660539545
0.0457764375426
0.0515156618967
0.0562102091591
0.0598978639315
0.0626248898733
0.0644435168032
0.0654097676698
0.0655816295834
0.0650175552513
0.063775269459
0.061910848438
0.0594780369109
0.056527767278
0.0531078469738
0.0492627827565
0.0450337140968
0.0404584315027
0.0318034086912
0.0269614197368
0.0218619473471
0.0165305191101
0.0109903288051
0.00526240583723
-0.000634206249869
-0.00668226559246
-0.0128661443079
-0.0191716383754
-0.0255857753041
-0.0320966190582
-0.0386930711038
-0.0453646659482
-0.0521013591502
-0.0588933054913
-0.0657306247948
-0.0726031527771
-0.0795001743268
-0.086410136734
-0.0933203406885
-0.100216607332
-0.107082920358
-0.113901043172
-0.120650112456
-0.127306211338
-0.133841927665
-0.140225905904
-0.146422404901
-0.152390878296
-0.158085599824
-0.163455362092
-0.16844328455
-0.172986774111
-0.177017689649
-0.180462768851
-0.183244381351
-0.18528167433
-0.186492173921
-0.186793895402
-0.186107994821
-0.184361960878
-0.181493295053
-0.177453560235
-0.172212599136
-0.165762640673
-0.158121937547
-0.149337534751
-0.139486752582
-0.1286769792
-0.117043534086
-0.104745675623
-0.0919610119269
-0.0788786838413
-0.0656919099878
-0.0525906436213
-0.03975494747
-0.0273494916618
-0.0155194362888
-0.00438778659439
0.00594585932644
0.0154053520123
0.0239370492151
0.0315081364382
0.0381044484623
0.0437280056161
0.0483944426363
0.0521304695235
0.0549714670271
0.0569592862874
0.0581402939371
0.058563681237
0.0582800385392
0.0573401839775
0.0557942270723
0.0536908430882
0.0510767317633
0.0479962337467
0.044491079148
0.0406002445556
0.0363598973336
0.028206041455
0.0236648877598
0.0188626805298
0.0138246678466
0.00857401254541
0.00313192527227
-0.00248218891043
-0.00825057412073
-0.0141569600337
-0.0201863926057
-0.0263250598586
-0.0325601127175
-0.038879480305
-0.0452716786173
-0.051725611132
-0.0582303596365
-0.0647749633912
-0.0713481846878
-0.0779382589207
-0.0845326274802
-0.0911176521345
-0.0976783101049
-0.104197869808
-0.110657548289
-0.117036152749
-0.123309710327
-0.129451092544
-0.135429643557
-0.141210824697
-0.146755891739
-0.152021625876
-0.15696014452
-0.161518823559
-0.165640368318
-0.169263075762
-0.172321334727
-0.174746413248
-0.176467581139
-0.177413610424
-0.177514684324
-0.176704725526
-0.174924124447
-0.172122806878
-0.168263528899
-0.163325229775
-0.157306216643
-0.1502269073
-0.142131832431
-0.133090599392
-0.123197554998
-0.112570003579
-0.101345021245
-0.08967504852
-0.0777225529848
-0.0656541876628
-0.0536349514179
-0.0418227958637
-0.0303640106093
-0.0193896103743
-0.00901282552388
0.000672319903439
0.00959144244282
0.0176893948579
0.0249291974282
0.0312904847237
0.0367676372921
0.0413677468311
0.045108537689
0.0480163406373
0.0501241890845
0.0514700847248
0.0520954599558
0.0520438485786
0.0513597641958
0.0500877770227
0.0482717740047
0.0459543836917
0.0431765457378
0.0399772046932
0.0363931085422
0.0324586938821
0.0247916500137
0.0205273017488
0.0160000677188
0.0112347817489
0.00625443304627
0.00108026612988
-0.00426810218883
-0.00977255270502
-0.0154163234519
-0.0211838609798
-0.0270606643922
-0.0330331225636
-0.0390883444036
-0.0452139815758
-0.0513980427284
-0.0576286980601
-0.0638940728982
-0.0701820289475
-0.0764799319647
-0.0827744048456
-0.0890510655111
-0.0952942495534
-0.101486718393
-0.107609354753
-0.113640848597
-0.119557378343
-0.125332294245
-0.130935813302
-0.136334737947
-0.14149221416
-0.146367548334
-0.150916106311
-0.155089322076
-0.158834847608
-0.16209687863
-0.164816693159
-0.16693343979
-0.168385209821
-0.169110420408
-0.169049523853
-0.16814703973
-0.166353880983
-0.163629912069
-0.159946638377
-0.155289884891
-0.149662283298
-0.143085357014
-0.135600981124
-0.127272003533
-0.118181851939
-0.1084330365
-0.0981445765793
-0.0874484849215
-0.0764855321726
-0.0654006013151
-0.0543379887066
-0.0434369818748
-0.0328279790066
-0.0226293386039
-0.0129450615751
-0.00386332375127
0.00454419001583
0.0122222445891
0.019131427925
0.0252470727359
0.0305578588247
0.0350642178001
0.0387766455717
0.0417140090503
0.0439019140025
0.0453711825202
0.0461564720847
0.0462950542802
0.0458257599971
0.0447880893954
0.0432214787043
0.0411647118007
0.0386554620616
0.0357299488772
0.0324226931007
0.0287663563307
0.0215708631148
0.0175598778229
0.0132856281053
0.00877243640817
0.00404300928176
-0.000881492381362
-0.00598136342726
-0.0112382488122
-0.016635025273
-0.0221556724494
-0.0277851348667
-0.0335091755518
-0.03931422153
-0.0451872010232
-0.0511153718499
-0.0570861403149
-0.0630868697605
-0.0691046779582
-0.0751262226443
-0.0811374747595
-0.0871234793777
-0.0930681048887
-0.0989537817914
-0.104761233476
-0.11046920264
-0.116054178538
-0.121490132142
-0.126748268447
-0.131796807693
-0.136600810017
-0.141122061097
-0.145319039409
-0.149146988737
-0.152558122186
-0.15550198577
-0.157926010227
-0.159776278373
-0.16099853131
-0.161539429504
-0.161348073195
-0.160377770364
-0.158588019144
-0.155946645453
-0.152432007415
-0.148035148444
-0.142761754582
-0.136633753484
-0.129690387729
-0.121988607761
-0.113602664203
-0.104622841407
-0.0951533548875
-0.0853095127605
-0.0752143100582
-0.0649946839149
-0.0547776889032
-0.0446868412289
-0.0348388418184
-0.0253408356735
-0.0162883037167
-0.00776362192791
0.000164729893373
0.00744236685009
0.0140286887771
0.0198961593735
0.0250292769613
0.0294233352002
0.033083062533
0.0360212162875
0.038257193057
0.0398157025838
0.0407255389017
0.041018470582
0.0407282618954
0.0398898286513
0.0385385263187
0.0367095635942
0.0344375316313
0.0317560374079
0.0286974289524
0.0252926001199
0.0185527948449
0.0147724383692
0.0107296192427
0.00644808442604
0.00195017892563
-0.00274311020816
-0.00761208832456
-0.0126382699692
-0.0178042810992
-0.0230937490153
-0.0284911816372
-0.0339818371622
-0.0395515846675
-0.0451867558226
-0.0508739875868
-0.0566000555806
-0.0623516977252
-0.0681154277757
-0.0738773385124
-0.0796228946292
-0.0853367157843
-0.0910023508558
-0.0966020452095
-0.102116503756
-0.10752465375
-0.112803412711
-0.117927468494
-0.122869080439
-0.127597912652
-0.132080912725
-0.136282251604
-0.140163342598
-0.143682959629
-0.146797476407
-0.149461248965
-0.15162716352
-0.153247369395
-0.154274212262
-0.154661375728
-0.154365228731
-0.153346362225
-0.151571281037
-0.149014196355
-0.145658842306
-0.141500218777
-0.136546144907
-0.130818496902
-0.124354003637
-0.11720448668
-0.109436460326
-0.101130053387
-0.0923772718931
-0.0832796792821
-0.0739456223742
-0.0644871735982
-0.0550169826092
-0.0456452273941
-0.036476831654
-0.0276090792513
-0.0191297129262
-0.0111155592272
-0.00363168066274
0.00326897697445
0.00954549828392
0.0151685443269
0.0201196095058
0.0243900679179
0.0279800830097
0.0308974460969
0.0331563991181
0.0347764860295
0.0357814664628
0.0361983153033
0.0360563230999
0.0353863048987
0.0342199192293
0.0325890945083
0.0305255569237
0.0280604517421
0.0252240487643
0.0220455221466
0.0157451929085
0.0121735189177
0.00834110651102
0.00427109154698
-1.45948448952e-05
-0.00449520515788
-0.0091511315978
-0.0139638431478
-0.0189158066542
-0.0239903943053
-0.0291717792725
-0.0344448207578
-0.0397949392528
-0.0452079824601
-0.050670082063
-0.0561675013699
-0.0616864737859
-0.0672130321057
-0.0727328287802
-0.0782309475801
-0.0836917075054
-0.0890984603449
-0.0944333840165
-0.0996772747272
-0.104809342066
-0.109807012416
-0.114645747545
-0.11929888684
-0.123737523423
-0.127930426242
-0.131844022027
-0.135442452707
-0.138687725265
-0.141539971785
-0.143957837492
-0.145899013383
-0.147320927357
-0.14818160315
-0.148440689518
-0.148060652746
-0.147008113604
-0.145255295602
-0.142781535313
-0.139574789077
-0.135633055028
-0.13096561755
-0.125594015208
-0.119552635464
-0.112888851928
-0.105662643585
-0.0979456704105
-0.0898198218669
-0.0813752977325
-0.0727083196572
-0.0639186029303
-0.0551067353574
-0.0463716106816
-0.0378080498484
-0.0295047187717
-0.021542419994
-0.0139928019691
-0.00691749778611
-0.000367677894165
0.00561601982223
0.0110032339571
0.015773357181
0.0199148100349
0.0234241717975
0.0263052243935
0.0285679582953
0.0302275812038
0.0313035618089
0.0318187327416
0.0317984693484
0.0312699544132
0.0302615335414
0.0288021616022
0.0269209373682
0.0246467211571
0.0220078287674
0.019031794146
0.0131545836379
0.00977047716484
0.0061280389907
0.00224978245492
-0.00184280448219
-0.00612925786231
-0.0105901128178
-0.0152068587216
-0.0199618773713
-0.0248383665936
-0.0298202511269
-0.0348920821684
-0.0400389265821
-0.0452462464442
-0.0504997693666
-0.0557853499037
-0.0610888222878
-0.0663958447963
-0.0716917362116
-0.0769613051074
-0.0821886731037
-0.0873570937621
-0.0924487694754
-0.0974446695356
-0.102324353547
-0.107065805475
-0.111645284909
-0.116037203477
-0.120214035826
-0.124146276032
-0.127802451708
-0.131149209217
-0.134151484277
-0.136772772437
-0.138975513428
-0.140721601763
-0.141973033072
-0.142692691146
-0.14284527434
-0.142398351795
-0.141323529835
-0.139597697295
-0.137204305937
-0.134134629705
-0.130388935491
-0.125977490255
-0.12092132621
-0.115252689329
-0.109015107501
-0.102263034048
-0.0950610491583
-0.0874826335225
-0.0796085609337
-0.0715249863034
-0.0633213290782
-0.0550880658967
-0.0469145485511
-0.0388869547732
-0.0310864624114
-0.0235877149473
-0.0164576210306
-0.00975450576034
-0.00352760912473
0.0021830912852
0.00734676975276
0.0119413993035
0.0159532054366
0.0193759766663
0.0222102793139
0.0244626193763
0.02614458836
0.027272023396
0.0278642053147
0.0279431120517
0.0275327390721
0.0266584936037
0.0253466654139
0.0236239736687
0.0215171870028
0.0190528122362
0.0162568460857
0.0107864116824
0.00756960184111
0.00409732938505
0.000391493960346
-0.0035268692247
-0.00763760482977
-0.0119214289504
-0.0163599002075
-0.0209353732197
-0.0256309368191
-0.0304303389088
-0.0353178994453
-0.0402784126842
-0.0452970395401
-0.0503591907088
-0.0554504010777
-0.0605561959117
-0.0656619493625
-0.070752736012
-0.0758131764215
-0.0808272780515
-0.0857782734133
-0.0906484579437
-0.0954190308584
-0.100069943115
-0.104579757619
-0.108925527904
-0.113082702694
-0.117025064921
-0.120724714965
-0.124152108867
-0.127276163064
-0.130064437614
-0.132483409719
-0.13449884846
-0.136076299878
-0.137181688536
-0.137782037441
-0.137846302502
-0.137346310535
-0.136257781368
-0.134561405113
-0.13224393583
-0.129299253315
-0.12572933683
-0.121545089366
-0.116766949856
-0.111425234662
-0.105560159451
-0.0992215083473
-0.0924679382914
-0.0853659309362
-0.0779884294021
-0.0704132201554
-0.0627211385532
-0.0549941878661
-0.0473136645609
-0.0397583775452
-0.032403037331
-0.0253168745425
-0.0185625280304
-0.0121952232285
-0.0062622431351
-0.000802678669774
0.00415256710186
0.00858055495154
0.0124659047628
0.0158002509973
0.0185815984244
0.0208136153678
0.0225048975126
0.023668230309
0.0243198726837
0.0244788795077
0.024166475363
0.0234054877776
0.0222198443613
0.0206341352186
0.0186732396157
0.0163620140986
0.0137250380229
0.00864517268009
0.0055762193588
0.00225493574094
-0.00129736671097
-0.00506009849579
-0.00901342165632
-0.0131382554718
-0.0174162614211
-0.021829810144
-0.0263619327078
-0.0309962580803
-0.0357169383568
-0.0405085629755
-0.045356062911
-0.0502446056488
-0.0551594816481
-0.0600859829682
-0.0650092748036
-0.0699142608274
-0.0747854435029
-0.0796067808834
-0.0843615418927
-0.0890321626537
-0.0936001071284
-0.0980457361175
-0.102348189547
-0.106485287922
-0.110433459805
-0.114167703147
-0.117661589195
-0.120887318437
-0.12381583853
-0.12641703424
-0.128659999011
-0.130513396677
-0.131945919907
-0.132926849063
-0.133426711169
-0.133418033603
-0.132876180857
-0.131780255643
-0.130114037837
-0.127866926937
-0.125034846524
-0.121621063383
-0.117636870626
-0.113102084059
-0.108045305016
-0.102503911444
-0.0965237519082
-0.0901585340335
-0.0834689180094
-0.0765213453928
-0.0693866514875
-0.0621385240959
-0.0548518807837
-0.0476012400196
-0.0404591586586
-0.0334948000265
-0.0267726846383
-0.0203516608742
-0.0142841173646
-0.0086154438494
-0.00338373395539
0.00138028758881
0.00565313890131
0.00941828695196
0.0126657191489
0.0153914143559
0.0175967456801
0.0192878444957
0.0204749514021
0.0211717755852
0.0213948796873
0.0211631030867
0.020497032617
0.019418526356
0.017950293238
0.0161155289126
0.0139376064701
0.0114398193283
0.00673453751016
0.00379479639281
0.000605942852449
-0.00281126077547
-0.00643664981518
-0.0102506986045
-0.0142345381414
-0.0183699529617
-0.0226393598338
-0.0270257705023
-0.0315127403671
-0.0360843046737
-0.0407249035203
-0.0454192967672
-0.0501524697759
-0.0549095308222
-0.059675601006
-0.0644356975539
-0.069174611563
-0.0738767814775
-0.0785261639349
-0.0831061040501
-0.0875992077396
-0.0919872193165
-0.0962509082894
-0.100369970072
-0.104322946129
-0.10808716992
-0.11163874575
-0.114952568394
-0.118002391799
-0.120760955465
-0.123200176976
-0.125291418509
-0.127005833955
-0.128314801314
-0.129190442255
-0.129606227032
-0.129537658409
-0.128963022808
-0.127864190906
-0.126227443465
-0.124044291986
-0.121312258128
-0.118035571684
-0.114225744689
-0.109901979895
-0.10509137567
-0.0998288967865
-0.0941570913381
-0.0881255476372
-0.0817901003028
-0.0752118104182
-0.0684557591158
-0.0615897057379
-0.0546826695969
-0.0478034975984
-0.0410194784809
-0.0343950586324
-0.0279907052742
-0.0218619513538
-0.0160586439878
-0.010624405898
-0.00559630789838
-0.00100474080517
0.00312653242072
0.00678016879273
0.00994490927125
0.0126151432769
0.014790401869
0.0164748058455
0.0176764922343
0.0184070393033
0.0186809066115
0.0185149030311
0.0179276922603
0.0169393422698
0.0155709224497
0.0138441499923
0.0117810852609
0.00940387453117
0.00505746695944
0.00222903674903
-0.000845358622835
-0.00414545605935
-0.00765148347518
-0.0113442108069
-0.0152049776311
-0.0192157001186
-0.0233588597686
-0.027617476073
-0.0319750649654
-0.0364155846397
-0.0409233700884
-0.045483057516
-0.0500794996459
-0.0546976728694
-0.0593225771727
-0.0639391298514
-0.0685320541719
-0.0730857643658
-0.0775842486723
-0.0820109525389
-0.0863486645863
-0.0905794085096
-0.0946843447217
-0.0986436862245
-0.102436633908
-0.106041337163
-0.109434886345
-0.112593344132
-0.115491823187
-0.118104617581
-0.120405395174
-0.122367457394
-0.123964071578
-0.125168879097
-0.125956379839
-0.12630249026
-0.1261851681
-0.12558509214
-0.12448638022
-0.122877323435
-0.120751109304
-0.118106502373
-0.114948447564
-0.111288560281
-0.10714546824
-0.102544973663
-0.0975200109085
-0.0921103837128
-0.0863622774831
-0.0803275546593
-0.0740628539754
-0.0676285263226
-0.0610874497032
-0.0545037725184
-0.0479416375793
-0.0414639385997
-0.0351311568028
-0.0290003182732
-0.0231241036276
-0.017550131393
-0.0123204261068
-0.00747107235379
-0.00303204735014
0.000972782294508
0.00452551918293
0.0076139719822
0.0102312949998
0.0123755550723
0.0140492492388
0.015258794642
0.0160140094703
0.0163276007694
0.0162146718803
0.0156922592592
0.0147789056483
0.013494274096
0.0118588052013
0.00989341821733
0.00761925527502
0.00361631582307
0.000881971058013
-0.00209539714432
-0.00529596651658
-0.0087003161555
-0.0122894853211
-0.0160450092253
-0.0199489343476
-0.0239838155893
-0.0281326973323
-0.0323790802184
-0.0367068752293
-0.041100346443
-0.0455440436698
-0.050022726053
-0.0545212776589
-0.059024616077
-0.0635175951245
-0.067984902892
-0.072410956586
-0.0767797959295
-0.0810749772515
-0.085279470853
-0.0893755647543
-0.0933447784981
-0.0971677912911
-0.100824389385
-0.104293438184
-0.107552885094
-0.110579799518
-0.113350456615
-0.115840471401
-0.118024989342
-0.119878938826
-0.121377349526
-0.122495738826
-0.123210565955
-0.12349975037
-0.123343247233
-0.122723668637
-0.121626934806
-0.120042934954
-0.117966173316
-0.115396372341
-0.112339002727
-0.108805709158
-0.104814601849
-0.10039038736
-0.095564317863
-0.0903739458399
-0.0848626807188
-0.0790791544975
-0.073076414128
-0.0669109684015
-0.0606417253899
-0.0543288623909
-0.048032673338
-0.0418124385689
-0.0357253588629
-0.029825590209
-0.0241634084484
-0.0187845244893
-0.0137295619797
-0.00903370078931
-0.0047264819627
-0.000831763362562
0.00263218975505
0.00565249842269
0.00822136900886
0.0103357193201
0.011996752884
0.0132095010903
0.0139823507911
0.0143265724836
0.0142558615505
0.0137859023829
0.0129339626803
0.0117185229393
0.0101589441284
0.00827517486532
0.00608749804598
0.00241292562452
-0.000243961988016
-0.00314125099732
-0.00625949497614
-0.00957957551403
-0.0130827671577
-0.0167507797356
-0.0205657804382
-0.0245103978479
-0.0285677099068
-0.0327212175956
-0.0369548058944
-0.0412526934098
-0.0455993719072
-0.0499795368759
-0.054378010211
-0.0587796560897
-0.0631692911999
-0.0675315906128
-0.0718509907993
-0.0761115915801
-0.0802970591457
-0.0843905327025
-0.0883745377839
-0.0922309097784
-0.0959407317759
-0.0994842913785
-0.102841061627
-0.105989711626
-0.10890815275
-0.111573626432
-0.113962839375
-0.116052151591
-0.11781782177
-0.119236313199
-0.12028466159
-0.120940903839
-0.121184563812
-0.12099718792
-0.12036291949
-0.11926909701
-0.117706857443
-0.115671722259
-0.113164140969
-0.110189965144
-0.106760825482
-0.102894385809
-0.0986144510542
-0.0939509113371
-0.0889395111508
-0.0836214408581
-0.0780427567864
-0.072253645404
-0.0663075556541
-0.0602602307474
-0.0541686759672
-0.0480901019062
-0.0420808828532
-0.0361955678483
-0.0304859775757
-0.0250004142062
-0.019783004147
-0.0148731860214
-0.0103053486614
-0.00610861694345
-0.00230677732572
0.0010816698231
0.00404334745855
0.00656974712989
0.00865690166005
0.010305004449
0.0115179935984
0.0123031174039
0.0126704956803
0.012632689082
0.0122042862082
0.0114015159817
0.010241890658
0.00874388291792
0.0069266388712
0.00480972745204
0.00144870527359
-0.00114684396685
-0.00398058617595
-0.00703338080972
-0.0102863576134
-0.0137209862436
-0.0173191236394
-0.021063041377
-0.0249354351027
-0.0289194179645
-0.0329984997799
-0.03715655349
-0.0413777702943
-0.0456466047214
-0.0499477107958
-0.0542658704222
-0.0585859151099
-0.0628926422342
-0.0671707271665
-0.0714046328014
-0.0755785182845
-0.0796761490731
-0.0836808108559
-0.0875752303052
-0.091341506112
-0.0949610542524
-0.0984145719235
-0.101682025031
-0.10474266447
-0.107575076676
-0.110157273958
-0.112466829925
-0.114481064796
-0.116177284503
-0.117533076175
-0.118526660823
-0.119137301788
-0.119345764815
-0.119134822484
-0.118489792348
-0.11739909458
-0.115854811511
-0.113853228363
-0.111395332045
-0.108487243498
-0.105140558849
-0.101372576015
-0.0972063863778
-0.0926708157765
-0.0878002051935
-0.0826340288356
-0.0772163552999
-0.0715951656416
-0.0658215497562
-0.0599488089402
-0.0540314972678
-0.0481244371636
-0.0422817450727
-0.0365559014714
-0.0309968958741
-0.0256514723356
-0.0205624947222
-0.0157684442679
-0.0113030551335
-0.00719508731393
-0.00346823064372
-0.000141129082304
0.00277248896624
0.00526359077179
0.00732754743121
0.00896378777178
0.0101754150203
0.0109688019193
0.0113531781902
0.0113402222046
0.0109436665761
0.0101789252612
0.00906274775536
0.0076129041604
0.00584790332078
0.00378674490932
0.000724699099959
-0.00182521557346
-0.00461160269121
-0.00761555400204
-0.0108183888303
-0.0142017270738
-0.017747540252
-0.0214381827339
-0.0252564051644
-0.0291853519555
-0.0332085445472
-0.0373098519756
-0.0414734501405
-0.0456837710394
-0.0499254431506
-0.0541832241091
-0.0584419268278
-0.0626863402895
-0.0669011463643
-0.0710708341986
-0.0751796139867
-0.0792113322485
-0.0831493911114
-0.0869766745191
-0.0906754847347
-0.0942274929696
-0.0976137084201
-0.100814470389
-0.103809468485
-0.106577796072
-0.109098042134
-0.111348426475
-0.113306982616
-0.114951791867
-0.116261270742
-0.117214512148
-0.117791678638
-0.117974443419
-0.117746471899
-0.117093933381
-0.11600602928
-0.114475521118
-0.112499238783
-0.110078547475
-0.107219750509
-0.103934405209
-0.10023953041
-0.0961576869753
-0.0917169170161
-0.0869505331489
-0.0818967557773
-0.0765982036769
-0.0711012505253
-0.0654552669457
-0.0597117735429
-0.0539235348476
-0.0481436267306
-0.0424245105079
-0.0368171456521
-0.0313701699545
-0.0261291714368
-0.0211360707343
-0.0164286265235
-0.0120400703103
-0.00799887093194
-0.00432862382907
-0.00104805572548
0.00182886803176
0.00429274851329
0.00633848693348
0.00796496367672
0.00917467875612
0.0099733687276
0.0103696135149
0.0103744447552
0.0100009652909
0.00926398744136
0.00817969578701
0.00676533845665
0.00503894937651
0.00301910264086
0.000241641808238
-0.00227802676534
-0.00503299035209
-0.00800449687742
-0.0111739936531
-0.0145232025613
-0.0180341735018
-0.0216893181631
-0.025471426081
-0.0293636648176
-0.0333495659395
-0.0374129983235
-0.0415381301796
-0.0457093810655
-0.0499113650846
-0.0541288264299
-0.0583465684412
-0.0625493774177
-0.0667219425568
-0.0708487735734
-0.0749141178134
-0.0789018789778
-0.0827955399344
-0.0865780925032
-0.0902319775275
-0.0937390389806
-0.0970804962869
-0.100236939398
-0.10318835145
-0.105914163981
-0.108393349639
-0.110604557047
-0.112526291933
-0.114137147696
-0.115416087327
-0.116342776891
-0.116897968663
-0.117063929548
-0.116824907594
-0.11616762641
-0.115081794243
-0.113560611537
-0.111601258258
-0.109205340364
-0.106379273726
-0.103134583931
-0.0994881017079
-0.0954620364834
-0.0910839146741
-0.0863863746149
-0.0814068163051
-0.0761869109702
-0.0707719823409
-0.0652102780534
-0.0595521551471
-0.0538492078585
-0.048153368488
-0.0425160128558
-0.0369871007728
-0.031614379194
-0.0264426715641
-0.0215132716901
-0.0168634547179
-0.0125261118755
-0.00852950995816
-0.00489717142442
-0.00164786666419
0.00120429335181
0.00364967815968
0.00568288809041
0.00730244965093
0.00851047154461
0.00931227591132
0.00971601793806
0.00973230527014
0.00937382677855
0.00865499833285
0.00759163139729
0.00620062857374
0.00449970871216
0.00250716292845
4.62592342619e-13
-0.00250459882788
-0.00524389486156
-0.00819921449737
-0.011352069512
-0.0146842333192
-0.018177795601
-0.0218151973387
-0.0255792481786
-0.0294531279486
-0.033420373992
-0.0374648558396
-0.0415707386114
-0.0457224364209
-0.0499045569839
-0.0541018385961
-0.0582990806602
-0.0624810690094
-0.0666324974045
-0.0707378867654
-0.0747815039492
-0.0787472821871
-0.0826187456481
-0.0863789409936
-0.090010379209
-0.0934949914207
-0.0968141028241
-0.0999484291968
-0.10287810074
-0.105582718128
-0.108041445588
-0.110233145548
-0.112136558827
-0.113730533409
-0.114994303589
-0.115907819582
-0.116452125616
-0.116609782083
-0.116365324617
-0.115705749969
-0.114621015662
-0.113104537507
-0.111153666669
-0.108770126125
-0.10596038538
-0.102735952442
-0.0991135634028
-0.0951152526511
-0.090768290771
-0.0861049822944
-0.0811623215805
-0.0759815116783
-0.0706073577213
-0.0650875526895
-0.0594718787909
-0.0538113518309
-0.0481573384803
-0.042560677131
-0.0370708320355
-0.0317351078234
-0.0265979475095
-0.0217003321311
-0.0170792945835
-0.0127675544762
-0.00879327527976
-0.00517994002184
-0.0019463375436
0.000893352011069
0.00332938613797
0.00535621839668
0.00697220185097
0.00817925278018
0.00898248901949
0.00938985592508
0.00941175130163
0.00906065880818
0.00835079749649
0.007297793338
0.00591837692567
0.00423011005021
0.00225114257803
)
;

boundaryField
{
    left
    {
        type            cyclic;
    }
    right
    {
        type            cyclic;
    }
    bottom
    {
        type            cyclic;
    }
    top
    {
        type            cyclic;
    }
    frontAndBack
    {
        type            empty;
    }
}


// ************************************************************************* //
