/*--------------------------------*- C++ -*----------------------------------*\
| =========                 |                                                 |
| \\      /  F ield         | OpenFOAM: The Open Source CFD Toolbox           |
|  \\    /   O peration     | Version:  v2106                                 |
|   \\  /    A nd           | Website:  www.openfoam.com                      |
|    \\/     M anipulation  |                                                 |
\*---------------------------------------------------------------------------*/
FoamFile
{
    version     2.0;
    format      ascii;
    arch        "LSB;label=32;scalar=64";
    class       volScalarField;
    location    "25";
    object      p;
}
// * * * * * * * * * * * * * * * * * * * * * * * * * * * * * * * * * * * * * //

dimensions      [0 2 -2 0 0 0 0];

internalField   nonuniform List<scalar> 
6561
(
-1.3892773248e-14
0.000899276276567
0.00141820340309
0.00156537312756
0.0013513776155
0.000788493871945
-0.000109612499727
-0.00132816025805
-0.00285149960017
-0.00466333190696
-0.00674690167505
-0.00908516093172
-0.0116609070325
-0.0144568951824
-0.0174559273247
-0.0206409192293
-0.0239949477011
-0.0275012798479
-0.0311433863107
-0.0349049402818
-0.038769804048
-0.0427220046854
-0.0467457004394
-0.0508251392324
-0.0549446106808
-0.0590883929583
-0.0632406958448
-0.0673856013281
-0.0715070031938
-0.0755885471618
-0.0796135732734
-0.08356506243
-0.0874255892201
-0.0911772834257
-0.0948018028774
-0.0982803206176
-0.101593529593
-0.104721668331
-0.107644571225
-0.110341747102
-0.112792489681
-0.114976023269
-0.11687168654
-0.118459156511
-0.119718713762
-0.120631548576
-0.121180105976
-0.121348465616
-0.121122750233
-0.120491553896
-0.119446378837
-0.117982067217
-0.116097212115
-0.11379453045
-0.111081179646
-0.107968999929
-0.104474665228
-0.100619727931
-0.096430546163
-0.0919380866707
-0.0871776017377
-0.082188184293
-0.077012211328
-0.0716946913293
-0.0662825363102
-0.0608237827746
-0.0553667883032
-0.0499594312257
-0.0446483400441
-0.0394781769837
-0.0344909965284
-0.0297256953558
-0.0252175650938
-0.0209979541617
-0.017094039979
-0.0135287082996
-0.0103205326144
-0.00748384355184
-0.005028876082
-0.002961981071
-0.00128588726556
0.00033202990926
0.00123038604151
0.00174621150808
0.00188829986678
0.00166744178694
0.00109610573688
0.000188138805203
-0.00104150846006
-0.00257703066464
-0.00440198826723
-0.00649949996708
-0.00885240715812
-0.0114434114262
-0.0142551865004
-0.0172704663626
-0.0204721113996
-0.0238431545618
-0.0273668294995
-0.031026582608
-0.0348060708227
-0.0386891469143
-0.042659833918
-0.0467022902276
-0.0508007668003
-0.0549395578426
-0.0591029463125
-0.063275145566
-0.0674402385077
-0.0715821156757
-0.0756844138113
-0.0797304566192
-0.0837031996209
-0.0875851812476
-0.0913584825821
-0.0950046984447
-0.0985049228214
-0.101839751906
-0.104989308276
-0.107933289903
-0.110651047776
-0.113121695844
-0.115324256746
-0.117237846321
-0.118841899119
-0.120116436114
-0.121042374383
-0.121601876832
-0.121778737966
-0.121558799377
-0.120930386141
-0.119884752687
-0.118416524268
-0.116524117959
-0.114210125412
-0.111481638698
-0.108350500535
-0.1048334613
-0.100952227563
-0.0967333903276
-0.0922082258032
-0.0874123669746
-0.0823853502356
-0.0771700475018
-0.0718120000272
-0.0663586751846
-0.0608586713497
-0.0553608984238
-0.0499137622896
-0.0445643806021
-0.0393578548878
-0.034336620223
-0.0295398891284
-0.0250032011294
-0.0207580841063
-0.0168318284369
-0.0132473703158
-0.0100232767553
-0.00717382174638
-0.00470914093929
-0.00263545098736
-0.000955319282105
0.000997585668009
0.00189383473704
0.00240319551997
0.0025348694338
0.0023000476146
0.00171158417032
0.000783691178868
-0.000468340808245
-0.00202839437949
-0.00387974779538
-0.00600526821316
-0.00838757614944
-0.0110091823129
-0.0138525983584
-0.0169004233896
-0.0201354081983
-0.023540499288
-0.0270988647235
-0.0307939037837
-0.0346092422983
-0.0385287154392
-0.0425363396113
-0.0466162749773
-0.0507527800545
-0.0549301597452
-0.0591327081181
-0.0633446472548
-0.0675500635009
-0.0717328425396
-0.0758766048275
-0.0799646430911
-0.0839798637976
-0.0879047347597
-0.0917212413191
-0.0954108538579
-0.0989545097082
-0.102332612835
-0.10552505494
-0.108511261849
-0.111270269147
-0.113780830998
-0.116021565853
-0.117971142313
-0.119608507641
-0.120913160373
-0.121865467055
-0.122447021344
-0.122641041569
-0.122432800435
-0.121810077848
-0.120763625141
-0.119287626268
-0.117380139173
-0.115043498657
-0.112284661004
-0.109115470489
-0.105552829011
-0.101618752443
-0.0973403009991
-0.0927493757758
-0.0878823794853
-0.0827797458184
-0.0774853484788
-0.0720458071712
-0.0665097132163
-0.0609268015868
-0.0553470986553
-0.0498200756538
-0.0443938367653
-0.0391143680348
-0.0340248692101
-0.0291651855834
-0.0245713513214
-0.0202752500996
-0.0163043934531
-0.0126818124437
-0.00942605424838
-0.00655127221278
-0.00406739582576
-0.00198036593307
-0.000292420210238
0.0019996608782
0.00289207832295
0.00339108545922
0.00350650605164
0.0032501405227
0.00263542814257
0.00167713342998
0.000391060321933
-0.00120620375354
-0.00309751296672
-0.00526535737901
-0.00769202724132
-0.010359748669
-0.013250792458
-0.016347558054
-0.0196326348197
-0.0230888427746
-0.0266992549475
-0.0304472033945
-0.0343162708142
-0.0382902695621
-0.0423532097254
-0.0464892577905
-0.0506826873339
-0.0549178230774
-0.0591789795996
-0.0634503959913
-0.0677161677666
-0.0719601774205
-0.0761660251561
-0.0803169614708
-0.0843958235188
-0.0883849774357
-0.0922662691149
-0.0960209862631
-0.0996298349142
-0.103072933926
-0.106329831301
-0.109379546439
-0.112200642566
-0.114771333622
-0.117069629697
-0.11907352467
-0.120761229001
-0.122111449529
-0.123103716675
-0.123718757601
-0.12393891159
-0.123748581314
-0.123134710775
-0.122087277669
-0.120599784966
-0.118669733798
-0.116299057564
-0.113494495852
-0.110267886479
-0.106636355008
-0.102622383599
-0.0982537449861
-0.0935632927258
-0.088588605295
-0.0833714887243
-0.0779573498022
-0.0723944587961
-0.0667331266064
-0.0610248257679
-0.0553212873707
-0.0496736065894
-0.04413138812
-0.0387419595971
-0.0335496763793
-0.0285953354042
-0.023915709606
-0.0195432081726
-0.0155056620885
-0.0118262292983
-0.00852340967237
-0.00561115684948
-0.00309907201016
-0.000992663628756
0.000706342855509
0.00334274949273
0.00422879408734
0.00471276172863
0.00480532557687
0.00451911428274
0.00386835961419
0.00286857167088
0.00153624494202
-0.000111403010366
-0.00205665968188
-0.00428151298444
-0.00676781499102
-0.00949741576318
-0.0124522693157
-0.0156145139798
-0.018966529517
-0.022490973327
-0.0261707980196
-0.0299892524986
-0.0339298685557
-0.0379764348137
-0.0421129596954
-0.0463236249501
-0.0505927311468
-0.054904636448
-0.0592436899187
-0.0635941606144
-0.067940163722
-0.0722655851032
-0.0765540057339
-0.0807886277137
-0.0849522037611
-0.0890269724081
-0.0929946014409
-0.0968361425077
-0.100532000217
-0.104061919449
-0.107404994966
-0.110539707776
-0.113443992858
-0.116095343018
-0.11847095347
-0.120547911389
-0.122303433969
-0.12371515745
-0.124761478068
-0.125421943914
-0.125677694274
-0.125511940147
-0.124910476483
-0.123862213243
-0.122359709016
-0.120399687761
-0.117983516626
-0.115117621117
-0.111813813303
-0.108089509767
-0.103967818589
-0.0994774790204
-0.0946526434556
-0.0895324986086
-0.0841607309272
-0.0785848496604
-0.072855388925
-0.0670250169072
-0.0611475853929
-0.0552771556923
-0.0494670374948
-0.0437688753233
-0.0382318132926
-0.032901763297
-0.0278207951193
-0.0230266598538
-0.0185524510538
-0.0144264015908
-0.0106718087128
-0.00730707543235
-0.00434585324422
-0.00179726926
0.000333779939711
0.00204628526711
0.00503284793138
0.00590887059868
0.00637203565928
0.00643410925108
0.00610878036334
0.00541129060952
0.00435809594577
0.00296656316021
0.00125470243016
-0.000759063995388
-0.00305609789575
-0.00561770758247
-0.00842527892402
-0.0114603773145
-0.0147048231617
-0.0181407435071
-0.0217506023262
-0.0255172119392
-0.0294237277932
-0.033453628689
-0.0375906843329
-0.0418189119056
-0.0461225231653
-0.0504858634698
-0.0548933439845
-0.0593293682793
-0.0637782545002
-0.0682241543284
-0.072650970023
-0.0770422709927
-0.0813812115426
-0.0856504517012
-0.0898320833664
-0.0939075643761
-0.0978576635351
-0.101662420093
-0.105301121626
-0.108752304747
-0.111993783466
-0.115002710356
-0.117755675843
-0.120228850935
-0.122398178355
-0.124239616462
-0.125729439199
-0.126844593817
-0.127563116013
-0.127864599484
-0.127730713779
-0.127145760712
-0.126097255699
-0.124576516425
-0.122579237441
-0.120106026095
-0.117162872916
-0.113761528664
-0.109919761074
-0.105661467065
-0.101016621055
-0.0960210468261
-0.0907160088425
-0.0851476284635
-0.0793661403353
-0.0734250135946
-0.0673799704557
-0.0612879405882
-0.0552059928447
-0.0491902861322
-0.0432950786477
-0.0375718296652
-0.0320684212141
-0.0268285190326
-0.0218910838644
-0.0172900361567
-0.0130540700379
-0.00920660646709
-0.00576587087492
-0.00274507750008
-0.000152700907767
0.00200718528759
0.00373452190562
0.00707745421228
0.00793839077969
0.00837362034179
0.00839626586816
0.00802132468237
0.00726527741329
0.00614573431179
0.00468112116143
0.00289040543192
0.000792862077494
-0.00159212255816
-0.00424521093454
-0.00714724124214
-0.0102793239399
-0.0136229108569
-0.0171598397804
-0.0208723573208
-0.0247431226659
-0.0287551946142
-0.0328920040394
-0.0371373137098
-0.0414751671557
-0.0458898280855
-0.050365711687
-0.0548873090202
-0.0594391056327
-0.0640054955017
-0.0685706914335
-0.0731186331403
-0.0776328943718
-0.0820965906964
-0.0864922898173
-0.0908019266692
-0.0950067259635
-0.0990871353297
-0.103022772734
-0.10679239241
-0.110373874088
-0.113744240848
-0.116879711353
-0.11975579251
-0.122347418742
-0.124629143807
-0.126575390572
-0.128160763095
-0.129360423783
-0.130150536192
-0.130508771185
-0.130414870618
-0.129851258669
-0.128803686337
-0.127261889948
-0.125220239825
-0.122678351281
-0.119641626985
-0.116121698319
-0.112136733827
-0.10771158579
-0.102877751395
-0.097673132937
-0.0921415914689
-0.0863322998074
-0.0802989126311
-0.0740985827051
-0.0677908617984
-0.0614365317487
-0.0550964146419
-0.0488302109281
-0.0426954106882
-0.0367463167128
-0.0310332094224
-0.0256016739056
-0.0204920994034
-0.0157393522393
-0.0113726150734
-0.00741537881313
-0.00388556874297
-0.000795783422404
0.00184637649714
0.00403791237092
0.00577998628998
0.00948556069974
0.0103246048932
0.0107230888389
0.0106957798357
0.010259249664
0.00943146023072
0.00823139314304
0.00667872463164
0.00479354562447
0.00259612553934
0.000106717471023
-0.00265459814452
-0.0056680346539
-0.00891418850762
-0.0123741001771
-0.016029289944
-0.0198617716273
-0.0238540470602
-0.0279890838426
-0.0322502786021
-0.0366214077189
-0.0410865672033
-0.0456301031846
-0.0502365342852
-0.0548904670019
-0.0595765051244
-0.0642791541914
-0.0689827220029
-0.0736712163035
-0.0783282409199
-0.0829368918695
-0.0874796552793
-0.091938309353
-0.0962938330994
-0.100526325085
-0.10461493609
-0.108537820208
-0.112272109599
-0.115793918785
-0.119078384972
-0.122099751329
-0.124831500448
-0.127246545156
-0.129317483385
-0.131016922881
-0.132317879908
-0.133194253798
-0.13362137609
-0.133576629028
-0.133040123527
-0.131995421317
-0.13043028029
-0.128337396328
-0.125715109654
-0.122568039664
-0.118907609799
-0.114752424127
-0.110128460264
-0.105069049439
-0.099614623919
-0.0938122241092
-0.0877147716325
-0.0813801293574
-0.0748699832253
-0.068248592472
-0.0615814631608
-0.0549340038986
-0.0483702218647
-0.0419515121612
-0.0357355847689
-0.0297755622849
-0.0241192694212
-0.0188087231571
-0.0138798214527
-0.0093622191741
-0.00527937274987
-0.00164873017858
0.00151795975766
0.00421424609597
0.00643850843758
0.00819344828234
0.0122676359222
0.0130758892012
0.0134268159864
0.0133371418704
0.0128252989161
0.011910986208
0.0106147821137
0.00895780860102
0.00696144632586
0.0046470980163
0.00203599686998
-0.000850943808118
-0.00399324372986
-0.00737093553885
-0.0109646154171
-0.014755468055
-0.0187252693489
-0.0228563698474
-0.02713166161
-0.031534530783
-0.0360487978654
-0.0406586473291
-0.0453485479893
-0.0501031653076
-0.0549072666376
-0.059745620313
-0.0646028894389
-0.069463521262
-0.0743116330935
-0.0791308959359
-0.0839044172223
-0.0886146244234
-0.093243151724
-0.0977707325041
-0.102177100985
-0.106440907117
-0.11053964957
-0.114449632497
-0.118145952605
-0.121602523835
-0.124792147647
-0.127686637372
-0.130257005304
-0.132473720887
-0.134307047592
-0.13572746447
-0.136706175997
-0.137215710442
-0.137230602558
-0.136728150986
-0.135689234395
-0.134099163427
-0.131948538319
-0.129234075286
-0.125959359118
-0.122135475844
-0.117781478617
-0.112924642896
-0.10760047405
-0.101852441684
-0.095731429926
-0.0892949103297
-0.0826058624786
-0.0757314848515
-0.0687417532744
-0.0617078945657
-0.0547008474878
-0.0477897814361
-0.0410407359426
-0.0345154322424
-0.0282702935859
-0.0223556954823
-0.0168154522106
-0.0116865328894
-0.00699898986278
-0.00277607445669
0.000965489702317
0.00421510788534
0.00696782213107
0.00922375627583
0.0109875257322
0.0154355895662
0.0162016848821
0.0164918990021
0.0163252582695
0.0157223612248
0.0147049132556
0.0132953220071
0.0115163524935
0.00939083925756
0.00694145182355
0.00419050901099
0.00115983733275
-0.00212933137387
-0.00565642780906
-0.00940158302207
-0.01334564027
-0.0174701445987
-0.0217573133783
-0.0261899905845
-0.0307515871832
-0.0354260095896
-0.0401975778106
-0.0450509345768
-0.0499709465214
-0.0549425982673
-0.0599508801593
-0.0649806703208
-0.070016611728
-0.0750429850928
-0.0800435785304
-0.0850015552638
-0.0898993209956
-0.0947183930689
-0.0994392741328
-0.104041333742
-0.108502702148
-0.112800181446
-0.116909180265
-0.120803679202
-0.124456235257
-0.127838034451
-0.130919002605
-0.133667984709
-0.136053003324
-0.138041605849
-0.139601309088
-0.140700147065
-0.141307324474
-0.1413939732
-0.140934003068
-0.139905030467
-0.138289359923
-0.136074984621
-0.133256563001
-0.129836320788
-0.125824822399
-0.121241553751
-0.116115261091
-0.110483998478
-0.104394849966
-0.0979033111867
-0.0910723371616
-0.0839710867015
-0.076673416136
-0.0692561940667
-0.0617975218506
-0.0543749497067
-0.0470637751682
-0.0399354999475
-0.0330565049598
-0.0264869838335
-0.0202801553
-0.0144817564514
-0.00912980335317
-0.00425459358216
0.000121082870663
0.00398156242038
0.00731779591744
0.01012674424
0.0124107167825
0.0141766839167
0.0190027131651
0.019712410445
0.0199260510218
0.0196653338376
0.01895334992
0.017814091665
0.0162720332053
0.0143517790064
0.012077776339
0.00947408633229
0.00656420782076
0.00337094805464
-8.3665531637e-05
-0.00377843798582
-0.00769302899012
-0.0118079490398
-0.0161045336326
-0.020564898902
-0.0251718815856
-0.0299089657175
-0.0347601979751
-0.0397100932034
-0.0447435312912
-0.0498456462952
-0.0550017084845
-0.060196999832
-0.0654166834111
-0.0706456671587
-0.0758684625615
-0.0810690390157
-0.086230674901
-0.0913358068142
-0.096365878948
-0.101301195255
-0.106120777844
-0.110802235996
-0.115321651276
-0.119653485388
-0.123770518742
-0.127643828986
-0.131242820058
-0.134535313471
-0.137487714344
-0.14006526518
-0.142232400037
-0.143953210618
-0.145192033422
-0.145914163327
-0.146086693526
-0.145679474572
-0.14466617629
-0.143025425859
-0.140741983823
-0.137807908077
-0.134223645236
-0.129998980652
-0.125153774493
-0.11971841321
-0.113733914559
-0.107251640655
-0.100332597028
-0.0930463243458
-0.0854694199068
-0.0776837550992
-0.0697744798406
-0.0618279219159
-0.0539294951681
-0.0461617249822
-0.0386024838955
-0.0313235072768
-0.024389232737
-0.0178559810211
-0.0117714732487
-0.00617466102806
-0.00109583271287
0.00344304916204
0.00742782791398
0.0108514988182
0.0137134669839
0.0160187578143
0.0177772148351
0.0229835871386
0.0236193393499
0.0237374604774
0.0233627226404
0.0225210530143
0.0212390200727
0.0195434024511
0.0174608353159
0.0150175278186
0.0122390445159
0.00915014340752
0.00577466336291
0.00213545408725
-0.00174565768587
-0.00584787143984
-0.0101513905389
-0.0146373785866
-0.0192878980792
-0.024085834314
-0.0290148069247
-0.0340590708954
-0.0392034084416
-0.0444330127588
-0.0497333643243
-0.05509010019
-0.0604888765342
-0.0659152246575
-0.0713544005998
-0.0767912286415
-0.0822099391536
-0.0875940015545
-0.0929259535689
-0.0981872285557
-0.103357983398
-0.108416930339
-0.113341177224
-0.118106081853
-0.122685127568
-0.127049828766
-0.13116967669
-0.135012137547
-0.13854271661
-0.141725103337
-0.144521413455
-0.146892544249
-0.148798658452
-0.15019981012
-0.151056721962
-0.151331717782
-0.150989805488
-0.149999895529
-0.148336126784
-0.145979257249
-0.14291806145
-0.139150661726
-0.134685708558
-0.1295433182
-0.123755676341
-0.117367226066
-0.110434378048
-0.103024711069
-0.0952156686646
-0.0870927977326
-0.0787476130564
-0.0702752047984
-0.0617717287359
-0.0533319261179
-0.0450468107912
-0.0370016381309
-0.0292742376693
-0.0219337552264
-0.0150398164151
-0.00864209500683
-0.00278024821853
0.0025158333208
0.00722552084822
0.0113367499624
0.0148451899785
0.0177533343335
0.0200695588359
0.0218071862338
0.0273939426795
0.0279344328298
0.0279346079284
0.0274227398159
0.0264279488837
0.0249796719393
0.023107225275
0.0208394550391
0.0182044660227
0.0152294196297
0.0119403919205
0.00836228308121
0.00451877035397
0.000432297274946
-0.00387590705169
-0.00838578403568
-0.0130783815632
-0.0179357735576
-0.0229409661113
-0.0280777924894
-0.0333307987209
-0.0386851209782
-0.0441263555154
-0.0496404215905
-0.0552134175209
-0.0608314698273
-0.0664805753234
-0.0721464359811
-0.0778142864801
-0.0834687145436
-0.0890934744635
-0.0946712946652
-0.100183680774
-0.105610716421
-0.11093086501
-0.116120776868
-0.121155107636
-0.126006355392
-0.130644725925
-0.135038037602
-0.139151679475
-0.14294863846
-0.146389613473
-0.149433236027
-0.152036417803
-0.154154845591
-0.155743642378
-0.15675820976
-0.157155260639
-0.15689404208
-0.155937735785
-0.154255007964
-0.151821661831
-0.148622325464
-0.144652087451
-0.139917975016
-0.134440157753
-0.128252757939
-0.121404158058
-0.113956719674
-0.105985866871
-0.0975785383799
-0.0888310655386
-0.0798465833425
-0.0707321268535
-0.061595596976
-0.052542788188
-0.0436746556006
-0.0350849641068
-0.0268584149922
-0.0190692950948
-0.0117806490096
-0.00504393997125
0.00110085934832
0.006624819476
0.0115093295762
0.0157451742291
0.0193314842813
0.0222746254791
0.0245870778529
0.0262863476277
0.0322504645148
0.0326701160274
0.0325260305994
0.0318504267529
0.0306759816862
0.0290352884044
0.0269604213677
0.0244825994004
0.0216319340975
0.0184372521049
0.0149259802348
0.0111240832602
0.00705604528128
0.00274488668761
-0.00178779011983
-0.0065217319872
-0.0114379479489
-0.0165186076113
-0.0217469278898
-0.0271070502569
-0.0325839100124
-0.0381630985231
-0.0438307189153
-0.0495732353218
-0.0553773154889
-0.0612296663291
-0.0671168618853
-0.073025163128
-0.078940329065
-0.0848474188258
-0.090730584675
-0.0965728563609
-0.102355917838
-0.108059878219
-0.113663039879
-0.119141667951
-0.124469767068
-0.129618873111
-0.134557869969
-0.139252843832
-0.14366699028
-0.147760592371
-0.151491090765
-0.154813269564
-0.157679583484
-0.160040652937
-0.161845952815
-0.163044717696
-0.163587080037
-0.163425447992
-0.162516115195
-0.160821075978
-0.158309995996
-0.154962261292
-0.150769000612
-0.145734949894
-0.139880009026
-0.133240334296
-0.125868818703
-0.117834839357
-0.109223202615
-0.100132288329
-0.0906714655698
-0.0809579171059
-0.0711130723532
-0.061258895251
-0.0515142842148
-0.0419918163214
-0.03279501544
-0.0240162538431
-0.0157353256892
-0.00801867230723
-0.000919197352038
0.00552341660514
0.0112819918294
0.0163408438229
0.0206945731173
0.0243467482865
0.0273085540658
0.0295974633985
0.0312359774898
0.0375705178101
0.0378389835562
0.0375200235084
0.0366502610956
0.035266290264
0.0334041332159
0.0310988202057
0.028384076191
0.0252920993101
0.0218534169361
0.0180968062253
0.014049267465
0.0097360400059
0.00518065204656
0.000404996963091
-0.00457056980122
-0.00972711806052
-0.0150470181248
-0.0205138067046
-0.0261120454055
-0.0318271730405
-0.037645352381
-0.0435533114695
-0.0495381792182
-0.0555873146874
-0.0616881292028
-0.0678279003234
-0.073993576603
-0.0801715721222
-0.0863475499226
-0.0925061937507
-0.0986309679524
-0.104703865998
-0.110705148953
-0.116613076345
-0.122403633279
-0.128050259465
-0.133523587975
-0.138791204138
-0.143817438036
-0.148563207444
-0.152985931846
-0.157039542029
-0.16067461362
-0.163838656255
-0.166476592463
-0.168531460945
-0.169945376983
-0.170660777031
-0.170621964207
-0.169776955374
-0.168079608025
-0.16549197586
-0.161986806532
-0.157550056025
-0.152183256267
-0.1459055426
-0.138755133853
-0.130790063369
-0.122087988147
-0.112744971457
-0.102873237199
-0.0925979899638
-0.0820534754276
-0.0713785436412
-0.0607120517743
-0.0501884565862
-0.0399339055304
-0.0300630550689
-0.0206767383665
-0.0118605022741
-0.00368395776292
0.00379916000607
0.0105503521488
0.0165452766129
0.0217723645377
0.0262312551858
0.0299311539775
0.0328891976308
0.0351288898646
0.0366786521763
0.0433717795133
0.0434534185724
0.0429242648199
0.041825802373
0.0401988840398
0.038083205486
0.0355169144669
0.0325363354202
0.0291757908011
0.0254675021326
0.021441555618
0.0171259191421
0.0125464994457
0.00772723012402
0.002690182825
-0.00254430443333
-0.00795748652747
-0.0135320615808
-0.0192520148775
-0.0251024579244
-0.0310694635094
-0.0371398969701
-0.0433012433689
-0.049541429846
-0.0558486420815
-0.0622111335321
-0.0686170259402
-0.0750540995105
-0.0815095711486
-0.0879698592734
-0.0944203339485
-0.100845051482
-0.10722647325
-0.113545169342
-0.119779508766
-0.12590533946
-0.131895663284
-0.137720313568
-0.143345645777
-0.148734255392
-0.153844741273
-0.15863153749
-0.163044841775
-0.167030674093
-0.170531104012
-0.173484689947
-0.175827176047
-0.177492492443
-0.178414100226
-0.178526712443
-0.177768405078
-0.176083105947
-0.173423413369
-0.169753650215
-0.165053005302
-0.159318558634
-0.152567939839
-0.144841344182
-0.1362026297
-0.126739242999
-0.11656081154
-0.105796400262
-0.0945905606275
-0.083098389209
-0.0714799382603
-0.0598944485541
-0.0484948927045
-0.0374232471892
-0.0268067873164
-0.0167555333036
-0.00736082613797
0.00130508323509
0.00918859770374
0.0162536786092
0.0224802800244
0.0278624870354
0.0324065083094
0.0361286448172
0.0390533274667
0.0412112891618
0.0426379130778
0.0496717513613
0.0495251075298
0.0487453520396
0.0473792636919
0.0454722595045
0.0430679063818
0.0402075792619
0.0369302410836
0.0332723221692
0.0292676792046
0.0249476166965
0.0203409564291
0.0154741429175
0.010371375117
0.00505475666748
-0.000455541297454
-0.0061411092157
-0.011985123185
-0.0179721661269
-0.024088047154
-0.0303196195083
-0.0366545967904
-0.0430813666732
-0.0495888008591
-0.0561660596845
-0.0628023894903
-0.0694869106818
-0.0762083942573
-0.0829550245423
-0.0897141459249
-0.0964719915621
-0.103213392366
-0.109921465127
-0.116577279433
-0.123159504152
-0.129644035801
-0.136003613134
-0.142207424884
-0.148220720938
-0.154004441272
-0.159514881946
-0.16470342326
-0.169516351786
-0.173894815254
-0.177774956729
-0.181088281673
-0.183762317223
-0.185721625956
-0.186889234639
-0.187188529833
-0.186545654532
-0.184892411083
-0.182169632273
-0.178330922885
-0.173346600614
-0.167207584018
-0.159928901022
-0.151552450561
-0.142148638914
-0.131816513336
-0.120682130599
-0.108895170235
-0.0966239835218
-0.0840493328566
-0.0713572546147
-0.0587317227849
-0.0463478125009
-0.0343659398109
-0.0229275626688
-0.0121524592005
-0.00213747695326
0.00704346393168
0.0153383708593
0.022715447839
0.029160885049
0.0346763891731
0.0392766345667
0.0429867731742
0.0458401012122
0.047875945554
0.0491378039873
0.0564871288407
0.05606443124
0.0549882351281
0.0533110000769
0.0510829514608
0.0483516566466
0.0451617560611
0.0415548192793
0.0375692999591
0.0332405671984
0.028600994511
0.0236800909642
0.0185046620292
0.0130989903372
0.00748502882066
0.00168260065035
-0.00429039798287
-0.0104177948357
-0.016684939799
-0.0230785048391
-0.0295862854711
-0.0361970029048
-0.0429001054791
-0.0496855675745
-0.0565436838244
-0.0634648561495
-0.0704393709088
-0.0774571632751
-0.0845075658388
-0.0915790384299
-0.0986588762329
-0.105732893515
-0.112785080734
-0.119797233485
-0.126748552804
-0.133615217827
-0.140369933856
-0.146981461612
-0.153414137065
-0.159627395794
-0.165575321555
-0.171206245742
-0.176462432649
-0.181279894948
-0.185588394149
-0.189311691522
-0.192368124948
-0.194671594698
-0.196133043694
-0.196662512431
-0.196171832564
-0.194577992872
-0.191807161277
-0.187799271382
-0.182512982536
-0.175930703387
-0.168063250832
-0.15895365439
-0.148679595524
-0.137353903534
-0.125122655057
-0.112160937571
-0.0986666048732
-0.0848522801014
-0.0709361088376
-0.0571322797011
-0.0436423467552
-0.030648160873
-0.0183069267859
-0.00674844582261
0.00392573134203
0.0136416222486
0.0223509849451
0.0300287118579
0.0366697742429
0.0422859894695
0.0469028204075
0.0505563562399
0.0532905711455
0.0551549136486
0.056202245974
0.0638329979559
0.0630797119948
0.0616555328193
0.0596189049241
0.0570250144233
0.0539254631974
0.0503681014992
0.0463969840595
0.0420524200737
0.0373710925016
0.0323862267033
0.0271277924914
0.0216227271884
0.0158951702549
0.00996670255057
0.00385658534452
-0.00241800411525
-0.00884174229221
-0.0154009350204
-0.0220832989346
-0.0288777477508
-0.035774181872
-0.0427632792943
-0.0498362853798
-0.0569847986955
-0.0642005498055
-0.0714751696416
-0.0787999438415
-0.0861655492623
-0.0935617687716
-0.100977180386
-0.108398816934
-0.115811792708
-0.123198894132
-0.130540132309
-0.137812256748
-0.14498823145
-0.152036677344
-0.158921288789
-0.165600236842
-0.172025578404
-0.178142698556
-0.18388982338
-0.189197652561
-0.193989174907
-0.19817974516
-0.201677516134
-0.204384334432
-0.206197217431
-0.207010529799
-0.206718965995
-0.205221416986
-0.202425745369
-0.198254401245
-0.192650679
-0.185585240534
-0.177062336999
-0.167125075171
-0.155859068365
-0.143393566857
-0.129899213273
-0.115582639047
-0.1006785671
-0.0854395541
-0.070123813327
-0.0549827419431
-0.0402497444454
-0.0261314935856
-0.0128023535206
-0.000401865714011
0.010965312065
0.0212276501447
0.0303437254145
0.0382984260703
0.0450988033713
0.0507698971261
0.0553507674274
0.0588908831767
0.0614469505055
0.063080212192
0.0638542124624
0.0717218302298
0.0705762967882
0.0687467197806
0.0662977079456
0.0632894316877
0.0597774351114
0.0558126031008
0.0514412439661
0.0467052553548
0.0416423475254
0.0362863036265
0.0306672613296
0.0248120040884
0.0187442535179
0.0124849570034
0.00605256674038
-0.000536691917561
-0.00726856360806
-0.0141305173686
-0.021111511234
-0.0282017653005
-0.0353925409907
-0.0426759238024
-0.0500446064466
-0.0574916689265
-0.0650103517852
-0.0725938184568
-0.0802349023595
-0.0879258340999
-0.0956579439356
-0.103421334462
-0.111204518411
-0.118994016543
-0.126773910899
-0.134525349326
-0.142225998299
-0.149849442782
-0.157364534488
-0.16473469362
-0.171917174337
-0.178862311204
-0.185512773062
-0.191802862544
-0.197657914171
-0.202993861696
-0.207717066138
-0.211724519004
-0.21490455867
-0.217138257771
-0.218301649805
-0.218268959878
-0.216916984456
-0.214130713697
-0.20981018365
-0.203878376144
-0.196289729447
-0.187038489486
-0.176166020306
-0.163766308549
-0.149988238245
-0.135032850795
-0.119146223235
-0.102609523287
-0.0857259051813
-0.0688041618071
-0.0521419493736
-0.0360111526797
-0.0206469918751
-0.00624196815631
0.00705585625345
0.0191415110356
0.0299497182161
0.039450180664
0.0476421956266
0.0545491177411
0.0602130476574
0.0646899865387
0.0680455894328
0.070351568538
0.0716827390132
0.0721146633051
0.0801622467268
0.0785554587439
0.0762571752256
0.0733381713029
0.0698634528484
0.0658922522811
0.0614781665039
0.0566693942464
0.0515090391318
0.0460354524657
0.0402825961218
0.0342804111075
0.028055181575
0.0216298873652
0.0150245407796
0.00825650528496
0.00134079542163
-0.00570964163006
-0.0128836614598
-0.020171672741
-0.0275653998369
-0.0350576546335
-0.0426421141591
-0.0503131002192
-0.0580653569406
-0.0658938218
-0.0737933853763
-0.0817586347098
-0.08978357478
-0.0978613222505
-0.105983765268
-0.114141182799
-0.122321816793
-0.130511390451
-0.138692566123
-0.146844337098
-0.154941348851
-0.162953147556
-0.170843357104
-0.178568790964
-0.186078512437
-0.193312866834
-0.200202522443
-0.206667574491
-0.212616788291
-0.217947084814
-0.222543404144
-0.226279118256
-0.229017199517
-0.230612376694
-0.230914521212
-0.229773504065
-0.227045728981
-0.222602435761
-0.216339665717
-0.208189418563
-0.198130916071
-0.186200734124
-0.172501173775
-0.157204712249
-0.140550426066
-0.122834042327
-0.104395635426
-0.085603252644
-0.0668304255555
-0.0484329756076
-0.0307294944189
-0.0139876283892
0.0015819579828
0.0158254503358
0.0286421460902
0.0399786120597
0.0498216291409
0.0581907145302
0.0651308584713
0.0707058818868
0.0749926313534
0.0780760954172
0.0800454331457
0.0809908460828
0.0810011942548
0.0891575250146
0.0870131034646
0.084177088766
0.0807261857303
0.0767298652065
0.0722505940311
0.0673441820413
0.0620602022987
0.0564424514211
0.050529425634
0.0443547950994
0.0379478645332
0.0313340123301
0.0245351036347
0.0175698752183
0.0104542918159
0.00320187490931
-0.00417599409363
-0.0116697936294
-0.0192716015177
-0.0269748507046
-0.0347740973167
-0.0426647968519
-0.0506430840706
-0.058705551849
-0.0668490239378
-0.075070316205
-0.0833659805116
-0.0917320248874
-0.10016360315
-0.108654666534
-0.117197569326
-0.125782619951
-0.134397568551
-0.143027021825
-0.151651776092
-0.160248060221
-0.168786681613
-0.177232071294
-0.185541228684
-0.193662573646
-0.201534723623
-0.209085228044
-0.216229311826
-0.222868705802
-0.228890675679
-0.234167403941
-0.238555931187
-0.241898919622
-0.2440265488
-0.244759885641
-0.243916099295
-0.241315897768
-0.23679346855
-0.230209002633
-0.221463400998
-0.210513551033
-0.197386231264
-0.182190915313
-0.165128670979
-0.146486952377
-0.126624273887
-0.105955683781
-0.0849336085403
-0.0640158664063
-0.0436324173131
-0.0241588159364
-0.00589869807909
0.0109209638244
0.0261458756385
0.0396868002379
0.0515102146579
0.0616280803886
0.0700876753197
0.0769622474574
0.0823428818853
0.0863317157531
0.0890364871996
0.0905663093971
0.0910285095627
0.0905263586105
0.0987038301977
0.095938275142
0.0924902273117
0.0884417757862
0.0838662108319
0.0788285401909
0.0733860826399
0.067589096989
0.0614814166661
0.055101069319
0.0484808679452
0.041648965377
0.0346293678656
0.0274424063558
0.0201051660723
0.0126318764455
0.00503426437641
-0.00267812551337
-0.0104976395818
-0.0184182484589
-0.0264353003868
-0.0345452898923
-0.0427456369115
-0.0510344713049
-0.0594104174495
-0.0678723732783
-0.0764192777502
-0.0850498602225
-0.093762364604
-0.102554240462
-0.111421792441
-0.120359778466
-0.129360946243
-0.138415496657
-0.147510461792
-0.1566289847
-0.165749487886
-0.174844718033
-0.183880656239
-0.192815286537
-0.201597221548
-0.210164193777
-0.218441435619
-0.226339992113
-0.233755039742
-0.240564324574
-0.24662688698
-0.251782311814
-0.25585082838
-0.258634663336
-0.259921108001
-0.259487836432
-0.257111099924
-0.252577390239
-0.245699048001
-0.236333778295
-0.224405542648
-0.209923156633
-0.192999750859
-0.173871533695
-0.152889162428
-0.130490621057
-0.107186048388
-0.0835393952442
-0.0601206401101
-0.0374557997508
-0.0159902090906
0.00393435183295
0.0220800115827
0.0383012241151
0.0525311697852
0.0647676439628
0.0750586448518
0.0834888315628
0.0901677667386
0.0952202260893
0.0987785279554
0.100976698987
0.101946215053
0.101813029975
0.100695622602
0.108788164021
0.105311469969
0.101172578411
0.096458033332
0.0912439692443
0.0855969636006
0.0795749099248
0.0732278760723
0.0665989244038
0.0597248797596
0.0526370377161
0.0453618102788
0.0379213093801
0.0303338707218
0.022614521891
0.014775399518
0.00682612073118
-0.00122588562323
-0.00937508244787
-0.0176175570035
-0.0259507771586
-0.0343733657897
-0.0428848878131
-0.0514856442462
-0.0601764674949
-0.068958511767
-0.0778330320951
-0.0868011448756
-0.0958635621045
-0.10502029061
-0.114270286504
-0.123611053834
-0.133038175019
-0.142544759115
-0.152120792374
-0.161752373981
-0.171420818598
-0.181101606478
-0.190763162123
-0.200365444152
-0.209858333305
-0.219179813514
-0.228253954275
-0.23698872333
-0.245273689348
-0.25297771853
-0.259946832875
-0.266002491224
-0.270940678905
-0.274532314097
-0.276525565672
-0.276650814587
-0.274629231914
-0.270186029113
-0.263069576449
-0.253077472796
-0.240085564642
-0.224071459595
-0.205142912601
-0.183580247529
-0.159820638374
-0.134402189328
-0.107953616559
-0.0811893421237
-0.0548328761854
-0.0295370412146
-0.00583289350856
0.0159013741798
0.0354289381298
0.0526282918719
0.0674711996265
0.0800025830322
0.0903207566186
0.0985597767346
0.104875063
0.109432271053
0.112399022955
0.113939044725
0.114208234123
0.113352205019
0.111504927475
0.11938604627
0.115102782758
0.110190901135
0.104740011204
0.0988277358012
0.092520940716
0.0858769110474
0.0789444499148
0.0717648868958
0.064372991466
0.0567977920124
0.0490633043948
0.0411891760868
0.0331912530644
0.0250820771177
0.016871321353
0.00856617151775
0.000171660491892
-0.00830903704854
-0.0168743431166
-0.0255240416744
-0.0342590645046
-0.0430812916505
-0.051993360402
-0.0609984766685
-0.0701002223014
-0.079302351498
-0.0886085687716
-0.0980222801309
-0.107546308046
-0.117182559434
-0.126931634298
-0.13679236075
-0.146761239976
-0.156831782223
-0.166993712282
-0.177232020169
-0.187525830204
-0.197847059634
-0.208158837128
-0.218413652759
-0.228551215921
-0.238496007892
-0.248154533811
-0.257412307804
-0.266130649462
-0.274143438798
-0.28125409058
-0.287233183132
-0.291817360561
-0.294710244564
-0.295586307679
-0.294099133198
-0.289895657442
-0.282638674122
-0.272041817869
-0.257911444691
-0.240173079617
-0.218906778411
-0.19444968925
-0.167367435827
-0.138322775815
-0.108085159649
-0.0775771439165
-0.0477404836672
-0.0193988636326
0.00681144859537
0.0304870240537
0.0514157930253
0.069524445367
0.0848464034831
0.097495118125
0.10763758863
0.115471865623
0.121210116701
0.125066515243
0.127248953063
0.12795374466
0.127362560741
0.1256409356
0.122937851734
0.130458972158
0.125269937706
0.11950123594
0.113243624905
0.106574437846
0.0995592156987
0.0922531948938
0.0847026438572
0.0769460504169
0.0690151677118
0.0609359292541
0.0527292452465
0.0444116926555
0.0359961113118
0.0274921176952
0.0189065472546
0.0102438352532
0.00150634527525
-0.00730534626046
-0.0161922019104
-0.0251565042468
-0.0342016594501
-0.0433320170522
-0.0525526995519
-0.0618694355581
-0.0712883898663
-0.0808159834299
-0.0904586954905
-0.100222839181
-0.110114300681
-0.120138230403
-0.130298672739
-0.140598118477
-0.151036961161
-0.161612835251
-0.172319810102
-0.183147409418
-0.194079421167
-0.205092458214
-0.216154225617
-0.227221447633
-0.238237407429
-0.249129057267
-0.259803668972
-0.270145017119
-0.280009125217
-0.289219668994
-0.297563254437
-0.304785020625
-0.310585302752
-0.31461825465
-0.316493590084
-0.315783281071
-0.312035052876
-0.304796439952
-0.293662189556
-0.278340633712
-0.258676880527
-0.234670417857
-0.206732722779
-0.175644023808
-0.142215982235
-0.107359857628
-0.0722948677048
-0.0382925000617
-0.00641206170183
0.0225820279562
0.0482942257028
0.0705815197536
0.0894549835939
0.105041414869
0.117551106752
0.127242773759
0.134395548329
0.139290122484
0.14219665796
0.143367489929
0.14303330905
0.1414017141
0.138657258563
0.134962399601
0.141951729822
0.135756286681
0.129047449911
0.121914628727
0.114432644035
0.106663762677
0.098659482549
0.0904620855381
0.0821059792986
0.0736188503445
0.06502265072
0.0563344393408
0.0475670973961
0.0387299353107
0.0298292068603
0.0208685442133
0.0118493260459
0.00277098941756
-0.00636870514624
-0.0155734469416
-0.0248481791612
-0.034198926786
-0.0436326417411
-0.0531570589967
-0.0627805572875
-0.0725120179161
-0.0823606746575
-0.0923359470515
-0.102447248333
-0.112703757877
-0.123114146224
-0.133686238443
-0.144426598761
-0.15534001581
-0.166428863577
-0.177692307949
-0.189125322704
-0.200717471668
-0.212451405874
-0.224301015949
-0.236229171548
-0.24818497293
-0.260100436351
-0.271886536928
-0.283428542668
-0.294580594617
-0.305159527609
-0.314938034166
-0.323637579442
-0.330921953744
-0.336392553682
-0.33958648158
-0.339979194628
-0.336993094069
-0.330018061246
-0.318477065588
-0.301945981386
-0.28016403562
-0.252928784387
-0.220748671741
-0.184812536437
-0.146079377267
-0.105520379134
-0.0648042190101
-0.0257496181552
0.0102570697188
0.0422986348944
0.0700696668714
0.0935743878711
0.112958539575
0.128484291444
0.14049567415
0.149371236999
0.155490193817
0.159213431259
0.160873341019
0.160769111137
0.159165685173
0.156294918472
0.152357852917
0.147527489744
0.153789714831
0.146488898271
0.138759922839
0.130687753146
0.122342036149
0.113779499926
0.105045992552
0.0961782068122
0.0872051335872
0.0781492828671
0.0690277069565
0.0598528561094
0.0506332926982
0.0413742863034
0.0320783088243
0.022745445871
0.0133737382947
0.00395946569591
-0.00550261791855
-0.0150190874908
-0.0245976815125
-0.0342471608839
-0.0439771855912
-0.0537982030813
-0.0637213422735
-0.073758306974
-0.0839212620309
-0.0942227048178
-0.104675313556
-0.115291762514
-0.126084492141
-0.13706541965
-0.148245572311
-0.159634621587
-0.171240291094
-0.183067605
-0.195117935625
-0.207387799445
-0.219867339244
-0.232538416662
-0.245372224432
-0.258326312476
-0.27134090796
-0.28433439689
-0.297197824301
-0.309788260408
-0.321920867972
-0.333359566641
-0.343806603784
-0.352892131203
-0.360164905564
-0.36508422389
-0.367014284512
-0.365222454104
-0.358887863305
-0.34718646637
-0.329518871858
-0.305513239703
-0.27444123441
-0.236945760004
-0.195119027869
-0.14996626055
-0.102223788216
-0.0543395863601
-0.00908551511097
0.0317298358548
0.0670114615112
0.0967304510897
0.121162700169
0.140648601136
0.15563934839
0.166660740752
0.174244456974
0.178889213127
0.181045806867
0.18111217098
0.179433591266
0.17630616243
0.171981732296
0.166673146883
0.160559285295
0.165876443349
0.157376906561
0.148554510763
0.139486110825
0.130233125583
0.120844217398
0.111357505684
0.10180239191
0.0922010618921
0.0825697207502
0.0729196068662
0.0632578233617
0.053588018989
0.0439109447762
0.0342249081774
0.0245261426934
0.0148091078615
0.0050667320111
-0.00470939181827
-0.0145288479771
-0.0244022707463
-0.0343412406451
-0.0443581984712
-0.054466371428
-0.0646797058061
-0.0750128005571
-0.0854808356971
-0.0960994887489
-0.106884831349
-0.117853196641
-0.129021006019
-0.140404541082
-0.152019643154
-0.163881318152
-0.176003218782
-0.188396968628
-0.201071283299
-0.214030831877
-0.227274766907
-0.240794832502
-0.254572938042
-0.268578060504
-0.282762312022
-0.297055977686
-0.311361286346
-0.325544619281
-0.339426779523
-0.352770940152
-0.365268408193
-0.376523368816
-0.386037102784
-0.393190196616
-0.397226797002
-0.397244661356
-0.392171884231
-0.3808200963
-0.362326391535
-0.336361676021
-0.300668118493
-0.256018003678
-0.206825788043
-0.15387091911
-0.0968912167322
-0.0397583945388
0.0131972489741
0.0595757209575
0.0980815521799
0.129398554591
0.154246695695
0.173208722972
0.186990869708
0.196363252927
0.20204774031
0.204678986145
0.204802218728
0.202878728433
0.199294097306
0.194368192824
0.188365152885
0.181502268467
0.173957594478
0.178091538214
0.168310336126
0.158331953372
0.148220996211
0.138027306387
0.127788783667
0.117533655644
0.107282303427
0.0970487301313
0.086841741819
0.0766658967436
0.0665222676558
0.0564090530115
0.0463220658081
0.0362551231187
0.0262003548864
0.0161484469995
0.00608883085277
-0.00399017060961
-0.0141012320787
-0.0242579433347
-0.0344747489753
-0.0447669051073
-0.05515044812
-0.0656421708122
-0.0762596010573
-0.0870209778418
-0.097945218834
-0.109051872609
-0.120361047197
-0.131893304597
-0.143669508162
-0.155710606196
-0.168037330313
-0.180669780947
-0.193626864292
-0.206925534414
-0.220579780397
-0.234599280233
-0.248987619671
-0.263739945269
-0.278839887555
-0.294255551436
-0.309934315027
-0.32579608936
-0.341724577799
-0.357555947907
-0.373064227562
-0.387943057535
-0.401784278647
-0.414052943935
-0.424058879795
-0.430939818193
-0.433646421738
-0.430789954296
-0.420448407485
-0.401203787909
-0.374046078302
-0.332926834197
-0.278149345844
-0.219969491538
-0.1585203916
-0.0902990636981
-0.0205412493468
0.0429626775609
0.0960112946196
0.137300625464
0.169450964521
0.193869824494
0.211376045527
0.223011416069
0.229869323649
0.23289655719
0.232870102257
0.230423651214
0.226070606075
0.220223707707
0.213213550684
0.205304629627
0.196708233868
0.187592678075
0.190289533066
0.179159661357
0.167977914287
0.156792214423
0.145637340347
0.134537697986
0.123509489681
0.112562414731
0.10170100391
0.090925666987
0.0802335145396
0.0696190016479
0.0590744305145
0.048590340898
0.0381558109753
0.0277586863858
0.0173857514788
0.00702285388905
-0.00334500866725
-0.013733632185
-0.024159574868
-0.0346401453969
-0.0451934067018
-0.0558381914098
-0.0665941253138
-0.0774816551621
-0.0885220767898
-0.0997375590212
-0.111151157858
-0.122786814142
-0.134669326
-0.146824284809
-0.15927795998
-0.17205711319
-0.18518871654
-0.198699540864
-0.212615569318
-0.226961176287
-0.241757991205
-0.257023339627
-0.272768119713
-0.288993932644
-0.305689236312
-0.322824206032
-0.340343838146
-0.358158688284
-0.376132545786
-0.394065973913
-0.411674029647
-0.428557348566
-0.444168213874
-0.457778271752
-0.468462153097
-0.475003633005
-0.475355313672
-0.465913708789
-0.44429745461
-0.417034193202
-0.368993123864
-0.300481993173
-0.234838167111
-0.168998011286
-0.0886803523551
0.00243667522186
0.0825379358759
0.144231650305
0.187025207592
0.218570316326
0.241219767964
0.255903354189
0.264107495584
0.267340100138
0.266789953485
0.263360346115
0.257749200373
0.250497159503
0.24202117109
0.232642622187
0.222609677629
0.212113943577
0.20130291405
0.202299894925
0.18977638381
0.177363851432
0.165089073906
0.152968363792
0.141010045754
0.129216335763
0.117584770698
0.106109296738
0.0947810973508
0.0835892215904
0.0725210585254
0.0615626924272
0.05069916503
0.0399146648966
0.0291926592056
0.0185159797323
0.00786687210542
-0.0027729846197
-0.0134224825548
-0.0241011093936
-0.0348289891366
-0.0456269362149
-0.0565165204986
-0.0675201408541
-0.0786611049129
-0.089963712513
-0.101453339818
-0.113156520378
-0.125101018293
-0.137315887047
-0.149831505348
-0.162679578259
-0.17589308773
-0.189506170949
-0.203553897225
-0.21807190324
-0.23309583115
-0.248660492562
-0.264798652484
-0.281539291418
-0.298905162658
-0.316909406491
-0.335550865392
-0.354807534142
-0.374627453317
-0.394916380938
-0.415520685887
-0.436202078514
-0.456604105129
-0.476217849872
-0.494343429209
-0.510012611122
-0.52171293772
-0.526566021263
-0.519340068641
-0.4971858182
-0.487118795669
-0.430293187236
-0.325990645848
-0.254415996513
-0.189576895184
-0.0809174103114
0.0523336942025
0.142964582999
0.211052754136
0.250441413542
0.278721624383
0.297585255948
0.3074852707
0.310536559431
0.308756934566
0.303550401089
0.295889948384
0.286484664862
0.275858428461
0.264397314751
0.252386039064
0.240035066477
0.227499732876
0.214893872936
0.213928687736
0.199994908267
0.186348900332
0.172992159017
0.159919487588
0.147120899309
0.134582999181
0.122289987754
0.110224387967
0.098367567585
0.0867001098863
0.0752020710387
0.0638531522629
0.0526328074033
0.0415203010661
0.0304947284871
0.0195350053759
0.00861983381254
-0.00227235132822
-0.0131634521345
-0.0240757912017
-0.035032207205
-0.0460561612062
-0.057171852716
-0.0684043446993
-0.0797796967388
-0.09132510548
-0.103069051179
-0.115041448672
-0.127273800303
-0.139799347159
-0.152653213244
-0.165872534868
-0.179496564156
-0.19356673099
-0.208126641151
-0.223221978745
-0.238900266372
-0.255210415604
-0.272201973104
-0.289923935616
-0.308422971331
-0.327740830615
-0.34791058224
-0.368951023032
-0.390858489543
-0.413595571833
-0.437075257215
-0.461137031704
-0.485517058078
-0.509810196317
-0.533361069427
-0.555085963666
-0.573665642485
-0.588819310307
-0.598937365821
-0.579751002501
-0.623850345963
-0.652886223825
-0.397085740744
-0.27954281634
-0.200793374739
-0.00316638633273
0.234892587616
0.250813598704
0.313554187677
0.331428217854
0.351818145981
0.364133571328
0.366564487509
0.362251277035
0.35380571831
0.342743008983
0.329988479144
0.316169552778
0.301725702431
0.286964322296
0.27209940005
0.257278865789
0.242603383086
0.228139428838
0.224962259364
0.209635949475
0.194782906515
0.180375958253
0.166386028412
0.152783179493
0.139537291031
0.12661848887
0.113997403139
0.101645307758
0.0895341777547
0.0776366894706
0.0659261808711
0.0543765837974
0.0429623361903
0.031658279671
0.020439546021
0.00928143477949
-0.00184071676
-0.0129516705407
-0.0240764316179
-0.0352403991641
-0.0464695251192
-0.0577904812058
-0.0692308351501
-0.0808192370183
-0.0925856165879
-0.104561392571
-0.116779694284
-0.129275595962
-0.142086363267
-0.155251710504
-0.168814065594
-0.182818837725
-0.197314679576
-0.212353731408
-0.227991826557
-0.244288624919
-0.261307622552
-0.279115964855
-0.297783970673
-0.317384253305
-0.337990282341
-0.359674056352
-0.382502091994
-0.406528684468
-0.431786596989
-0.458276198581
-0.485949832648
-0.514679239985
-0.544153355854
-0.573623454011
-0.601996163834
-0.630164032718
-0.666837303717
-0.718972310441
-0.718637994993
-0.334540809647
1.13635098543e-322
9.88131291682e-324
-3.95252516673e-323
1.38338380836e-322
1.2351641146e-322
1.03199384533e-81
0.256017774931
0.450912539325
0.429803270012
0.439907033433
0.441383789123
0.43273851502
0.418517552627
0.401664969288
0.383563858411
0.364918059302
0.346149564717
0.327529430329
0.309231777627
0.29136358987
0.273984931008
0.257123585904
0.240785524996
0.235173190782
0.218511590315
0.202510658043
0.187112359009
0.172262360597
0.15790995709
0.144007864381
0.130511949981
0.117380936006
0.104576096502
0.0920609608584
0.0798010292897
0.0677635028095
0.0559170279722
0.0442314553806
0.0326776102301
0.0212270727978
0.00985196658943
-0.00147524821857
-0.0127819784193
-0.0240957009007
-0.0354441676561
-0.0468556151078
-0.058358980236
-0.0699841260662
-0.0817620791687
-0.0937252819492
-0.105907862612
-0.118345925773
-0.131077866764
-0.144144712584
-0.157590492279
-0.171462639136
-0.185812426468
-0.200695437765
-0.216172069945
-0.232308063131
-0.249175039587
-0.266851020538
-0.285420882102
-0.304976714056
-0.325618048958
-0.347451920346
-0.370592494238
-0.395159120856
-0.421271169606
-0.4490424258
-0.478583047413
-0.509995563101
-0.543300994958
-0.578226281525
-0.613997807662
-0.650146910182
-0.690373710113
-0.741048548072
-0.715792287293
3.95252516673e-323
-2.96439387505e-323
-6.42285339594e-323
1.8774494542e-322
1.48219693752e-322
9.88131291682e-324
3.45845952089e-323
1.8774494542e-322
1.43279037294e-322
0.367155684995
0.547367388006
0.548545830867
0.528163333811
0.503631002507
0.477327026399
0.450774584475
0.42476490654
0.399655095587
0.375577128508
0.352565700241
0.330614972862
0.309693457621
0.289751279934
0.27072765306
0.252557033291
0.244328503792
0.226431947566
0.209377252529
0.193074935564
0.177445316875
0.16241712942
0.147926302814
0.133914912537
0.120330276512
0.107124178555
0.0942521990882
0.0816731354835
0.0693484966843
0.0572420588621
0.0453194707924
0.0335478992704
0.0218957062978
0.0103321509068
-0.00117289059276
-0.0126491914345
-0.0241264332541
-0.03563446156
-0.047203542155
-0.0588646227461
-0.0706496039787
-0.0825916242507
-0.0947253629025
-0.107087366698
-0.119716404932
-0.132653859027
-0.145944153052
-0.15963523227
-0.173779097663
-0.188432405422
-0.203657141768
-0.219521384255
-0.236100157953
-0.25347638621
-0.271741928272
-0.290998709222
-0.311359982611
-0.332951806157
-0.355914867263
-0.380406476815
-0.406600708553
-0.434684219532
-0.46485826593
-0.497368922526
-0.53251455433
-0.570496267872
-0.61128227393
-0.654854048013
-0.700239013526
-0.7430196788
-0.815869227191
-1.92685601878e-322
-1.92685601878e-322
-1.77863632503e-322
-2.96439387505e-323
4.44659081257e-323
-1.03753785627e-322
-1.03753785627e-322
-1.03753785627e-322
1.97626258336e-323
1.43279037294e-322
-1.58101006669e-322
0.674691195318
0.636968585571
0.614900763902
0.574619470385
0.535687512421
0.499078766038
0.464802048037
0.432972385369
0.403458029193
0.376025938303
0.350456633933
0.326555236872
0.304144569097
0.283063598224
0.263167762967
0.252199897157
0.233213231577
0.215234405902
0.198143863673
0.18183799925
0.166226359996
0.151229373128
0.13677649447
0.122804694126
0.109257209966
0.0960825138568
0.0832334470165
0.0706664899783
0.058341139659
0.0462193715081
0.0342651689483
0.0224441056267
0.0107229685408
-0.000930587946689
-0.0125483657033
-0.0241619314502
-0.0358029170464
-0.0475033175522
-0.0592957929355
-0.071213979202
-0.0832928148746
-0.0955688890916
-0.108080818111
-0.120869657756
-0.133979360295
-0.147457285473
-0.161354776918
-0.175727817214
-0.190637777675
-0.206152282646
-0.222346211776
-0.239302863103
-0.257115292496
-0.275887845614
-0.2957379379
-0.316798209488
-0.339219266405
-0.363173372542
-0.388858827273
-0.416501018446
-0.446346785329
-0.478680875666
-0.513912689058
-0.552589609313
-0.595095303571
-0.64180260799
-0.694208785405
-0.753536548167
-0.777721280133
-1.97626258336e-322
4.44659081257e-323
-9.88131291682e-323
0
-7.41098468762e-323
6.91691904178e-323
1.72922976044e-322
4.94065645841e-324
1.43279037294e-322
-3.95252516673e-323
1.08694442085e-322
-7.90505033346e-323
3.53264691441e-282
0.84493513368
0.710846107227
0.645763868907
0.592225884322
0.544856251298
0.502074527992
0.463519303492
0.428692688565
0.397028233207
0.36805400439
0.341389931002
0.316719715409
0.293776187089
0.272333355501
0.258575608663
0.238686817046
0.219947375424
0.20221119653
0.185353792169
0.16926812207
0.153861322554
0.139052111218
0.124768712551
0.110947185886
0.0975300652304
0.0844652419601
0.0717050374057
0.0592054243141
0.0469253651575
0.0348262420057
0.022871357817
0.0110254928677
-0.000745497035518
-0.0124750517212
-0.0241962567696
-0.0359421809973
-0.0477462089722
-0.0596423758111
-0.0716657113681
-0.0838526010734
-0.096241171119
-0.108871706388
-0.121787110535
-0.135033419011
-0.148660377568
-0.1627221011
-0.177277830785
-0.192392811878
-0.208139320461
-0.224597873611
-0.241858658282
-0.260023207504
-0.279206361848
-0.299538621073
-0.321169095969
-0.344269407167
-0.369039135979
-0.395712060412
-0.424555415004
-0.455858450001
-0.489972700329
-0.527482775991
-0.569131029936
-0.614999523469
-0.665233196478
-0.722727537756
-0.792740118053
-0.957292991265
-1.48219693752e-323
-9.88131291682e-323
-1.48219693752e-322
1.63041663128e-322
-2.02566914795e-322
1.97626258336e-323
4.94065645841e-324
-1.77863632503e-322
-1.82804288961e-322
-1.63041663128e-322
9.38724727098e-323
7.90505033346e-323
9.88131291682e-324
3.23874380896e-81
0.753597558271
0.710449373457
0.643865191588
0.585510779067
0.534518516885
0.489715206009
0.450073949551
0.414646780242
0.382693481271
0.353644361052
0.327045285141
0.302526917155
0.279786740083
0.263273117942
0.242708687746
0.223402005695
0.205186132833
0.187920304516
0.171484645711
0.155776075136
0.140705102596
0.126193302272
0.112171300191
0.0985771550786
0.0853550420807
0.0724541709651
0.0598278866263
0.0474329116762
0.0352286997644
0.02317687493
0.0112407372415
-0.000615181298758
-0.0124255238428
-0.0242244900287
-0.0360462013621
-0.0479250595006
-0.0598961057594
-0.0719953899631
-0.084260356923
-0.0967302593306
-0.109446606691
-0.122453661157
-0.135798992806
-0.14953410911
-0.163715176253
-0.178403853957
-0.193668271095
-0.209584177201
-0.226236312998
-0.24372004474
-0.2621433006
-0.281628864998
-0.302317178647
-0.324369926348
-0.347974897025
-0.373352955548
-0.400765454978
-0.430509530672
-0.46290001879
-0.498348413707
-0.537631983123
-0.581584084217
-0.629493792961
-0.681251296791
-0.743683368424
-0.803504523027
-1.2351641146e-322
1.03753785627e-322
1.33397724377e-322
-6.42285339594e-323
-7.90505033346e-323
-9.38724727098e-323
1.63041663128e-322
-1.72922976044e-322
1.72922976044e-322
-6.42285339594e-323
1.38338380836e-322
1.2351641146e-322
-1.53160350211e-322
1.58101006669e-322
1.2690462419e-240
0.908439505984
0.776183828364
0.686881288981
0.618189496647
0.560066007747
0.509998202446
0.466427489665
0.428001930373
0.393712711832
0.362815335521
0.334735421279
0.309017337682
0.285295295384
0.266151352126
0.245168338085
0.225511257539
0.206999825985
0.189482921446
0.172832542748
0.156939168117
0.141708154
0.127056913704
0.112912684491
0.0992107417852
0.0858929554973
0.0729066098366
0.060203427045
0.0477387494671
0.0354708446389
0.0233603057416
0.0113695254444
-0.000537774603148
-0.0123969732229
-0.0242429504269
-0.0361104700878
-0.0480345541651
-0.0600508574796
-0.0721960517975
-0.0845082281449
-0.0970273268292
-0.109795605564
-0.122858157466
-0.136263492591
-0.150064199131
-0.164317703726
-0.179087154894
-0.194442460037
-0.210461515484
-0.227231678281
-0.244851530417
-0.263432979667
-0.283103765134
-0.304010545066
-0.326322901011
-0.350238859781
-0.375992958915
-0.403864259492
-0.434167819866
-0.4672340288
-0.503534036965
-0.544028255957
-0.589528248154
-0.638610758203
-0.692966276092
-0.765168924672
-0.851115960341
1.92685601878e-322
4.94065645841e-324
9.38724727098e-323
1.33397724377e-322
-1.58101006669e-322
-4.44659081257e-323
-7.41098468762e-323
-1.77863632503e-322
-9.88131291682e-324
6.91691904178e-323
-6.91691904178e-323
-6.91691904178e-323
-8.3991159793e-323
9.38724727098e-323
1.48713759398e-321
0.97947374847
0.808781746827
0.711089644675
0.638443546555
0.576225852451
0.5227972359
0.476693478383
0.436344065575
0.400564898729
0.368495853751
0.339482690884
0.313012491027
0.288677700582
0.267120967616
0.245996150838
0.226220544172
0.207609267471
0.190007642508
0.17328488513
0.157329272868
0.142044404802
0.127346277837
0.113160977503
0.0994228346202
0.0860729377677
0.0730579192879
0.0603289527049
0.0478409140855
0.0355516706544
0.0234214679831
0.0114123930062
-0.000512105465465
-0.0123876537909
-0.0242493607915
-0.0361322062787
-0.0480714206757
-0.0601028649575
-0.0722634198858
-0.08459139368
-0.0971269578335
-0.109912621735
-0.12299375818
-0.136419193805
-0.150241881061
-0.164519671789
-0.179316217179
-0.19470202572
-0.210755720043
-0.227565543344
-0.245231168046
-0.263865852925
-0.283599021111
-0.304579447347
-0.326979407731
-0.351000440872
-0.376881819468
-0.404908734984
-0.435402130054
-0.468697384756
-0.505290661021
-0.546221017033
-0.592282368352
-0.64166233138
-0.696538402661
-0.77191336325
-0.866913249906
4.94065645841e-323
-1.82804288961e-322
2.96439387505e-323
-9.38724727098e-323
2.96439387505e-323
1.67982319586e-322
-4.94065645841e-323
-9.88131291682e-323
-4.44659081257e-323
-4.94065645841e-323
1.97626258336e-322
-9.88131291682e-323
1.67982319586e-322
-1.13635098543e-322
-1.33397724377e-322
0.987113134185
0.815117399266
0.71791083942
0.644981056713
0.581648471525
0.527137490791
0.480183457563
0.439178896762
0.40288993604
0.370419970017
0.341088048203
0.314361545404
0.289818407175
0.266151352126
0.245168338085
0.225511257539
0.206999825985
0.189482921446
0.172832542748
0.156939168117
0.141708154
0.127056913704
0.112912684491
0.0992107417852
0.0858929554974
0.0729066098366
0.0602034270451
0.0477387494671
0.0354708446389
0.0233603057416
0.0113695254444
-0.000537774603138
-0.0123969732229
-0.0242429504269
-0.0361104700878
-0.0480345541651
-0.0600508574796
-0.0721960517975
-0.0845082281449
-0.0970273268292
-0.109795605564
-0.122858157466
-0.136263492591
-0.150064199131
-0.164317703726
-0.179087154894
-0.194442460037
-0.210461515484
-0.227231678281
-0.244851530417
-0.263432979667
-0.283103765134
-0.304010545066
-0.326322901011
-0.350238859781
-0.375992958915
-0.403864259493
-0.434167819866
-0.4672340288
-0.503534036965
-0.544028255957
-0.589528248154
-0.638610758203
-0.692966276092
-0.765168924672
-0.851115960341
-1.18575755002e-322
-1.28457067919e-322
-1.97626258336e-322
4.94065645841e-323
1.63041663128e-322
-1.77863632503e-322
3.95252516673e-323
1.2351641146e-322
-8.89318162514e-323
4.44659081257e-323
-2.96439387505e-323
4.94065645841e-324
-1.58101006669e-322
8.89318162514e-323
6.66000490594e-321
0.97947374847
0.808781746827
0.711089644675
0.638443546555
0.576225852451
0.5227972359
0.476693478383
0.436344065575
0.400564898729
0.368495853751
0.339482690884
0.313012491027
0.288677700582
0.263273117942
0.242708687746
0.223402005695
0.205186132833
0.187920304516
0.171484645711
0.155776075136
0.140705102596
0.126193302272
0.112171300191
0.0985771550787
0.0853550420808
0.0724541709651
0.0598278866263
0.0474329116762
0.0352286997644
0.02317687493
0.0112407372415
-0.000615181298738
-0.0124255238428
-0.0242244900287
-0.0360462013621
-0.0479250595006
-0.0598961057594
-0.0719953899631
-0.084260356923
-0.0967302593306
-0.109446606691
-0.122453661157
-0.135798992806
-0.14953410911
-0.163715176253
-0.178403853957
-0.193668271095
-0.209584177201
-0.226236312998
-0.24372004474
-0.2621433006
-0.281628864998
-0.302317178647
-0.324369926348
-0.347974897025
-0.373352955548
-0.400765454978
-0.430509530672
-0.46290001879
-0.498348413707
-0.537631983123
-0.581584084217
-0.629493792961
-0.681251296791
-0.743683368424
-0.803504523027
1.48219693752e-323
1.2351641146e-322
6.42285339594e-323
-8.89318162514e-323
-4.94065645841e-323
1.13635098543e-322
1.08694442085e-322
-1.2351641146e-322
1.97626258336e-322
-1.03753785627e-322
2.96439387505e-323
1.48219693752e-323
-6.42285339594e-323
1.72922976044e-322
5.30835055873e-240
0.908439505984
0.776183828364
0.686881288981
0.618189496647
0.560066007747
0.509998202446
0.466427489665
0.428001930373
0.393712711832
0.362815335521
0.334735421279
0.309017337682
0.285295295384
0.258575608663
0.238686817046
0.219947375424
0.20221119653
0.185353792169
0.16926812207
0.153861322554
0.139052111218
0.124768712551
0.110947185887
0.0975300652305
0.0844652419602
0.0717050374058
0.0592054243142
0.0469253651576
0.0348262420058
0.0228713578171
0.0110254928677
-0.000745497035486
-0.0124750517211
-0.0241962567696
-0.0359421809973
-0.0477462089722
-0.0596423758111
-0.0716657113681
-0.0838526010734
-0.096241171119
-0.108871706388
-0.121787110535
-0.135033419011
-0.148660377568
-0.1627221011
-0.177277830785
-0.192392811878
-0.208139320461
-0.224597873611
-0.241858658282
-0.260023207504
-0.279206361848
-0.299538621073
-0.321169095969
-0.344269407167
-0.369039135979
-0.395712060412
-0.424555415004
-0.455858450001
-0.489972700329
-0.527482775991
-0.569131029936
-0.614999523469
-0.665233196478
-0.722727537756
-0.792740118054
-0.957292991266
2.02566914795e-322
1.97626258336e-322
-1.13635098543e-322
9.88131291682e-323
-9.88131291682e-323
1.48219693752e-323
3.45845952089e-323
-1.67982319586e-322
-1.08694442085e-322
-1.8774494542e-322
-1.2351641146e-322
9.88131291682e-324
-1.28457067919e-322
1.43392090649e-81
0.753597558271
0.710449373457
0.643865191588
0.585510779067
0.534518516885
0.489715206009
0.450073949551
0.414646780242
0.382693481271
0.353644361052
0.327045285141
0.302526917155
0.279786740083
0.252199897157
0.233213231577
0.215234405903
0.198143863674
0.18183799925
0.166226359996
0.151229373128
0.136776494471
0.122804694126
0.109257209966
0.0960825138569
0.0832334470166
0.0706664899784
0.058341139659
0.0462193715082
0.0342651689484
0.0224441056267
0.0107229685409
-0.000930587946645
-0.0125483657032
-0.0241619314502
-0.0358029170464
-0.0475033175522
-0.0592957929355
-0.071213979202
-0.0832928148746
-0.0955688890916
-0.108080818112
-0.120869657756
-0.133979360296
-0.147457285473
-0.161354776918
-0.175727817214
-0.190637777675
-0.206152282646
-0.222346211776
-0.239302863103
-0.257115292496
-0.275887845614
-0.2957379379
-0.316798209488
-0.339219266405
-0.363173372542
-0.388858827273
-0.416501018446
-0.446346785329
-0.478680875666
-0.513912689058
-0.552589609313
-0.595095303571
-0.641802607991
-0.694208785405
-0.753536548167
-0.777721280133
-7.41098468762e-323
1.13635098543e-322
-1.77863632503e-322
-1.48219693752e-322
1.33397724377e-322
1.8774494542e-322
1.43279037294e-322
-1.67982319586e-322
-4.94065645841e-324
-1.8774494542e-322
4.94065645841e-324
-1.33397724377e-322
-3.64456808593e-282
0.84493513368
0.710846107227
0.645763868907
0.592225884322
0.544856251298
0.502074527992
0.463519303492
0.428692688565
0.397028233207
0.36805400439
0.341389931002
0.316719715409
0.293776187089
0.272333355501
0.244328503792
0.226431947566
0.209377252529
0.193074935565
0.177445316875
0.162417129421
0.147926302814
0.133914912537
0.120330276512
0.107124178555
0.0942521990883
0.0816731354837
0.0693484966845
0.0572420588622
0.0453194707925
0.0335478992705
0.0218957062979
0.0103321509068
-0.00117289059271
-0.0126491914345
-0.0241264332541
-0.03563446156
-0.047203542155
-0.0588646227461
-0.0706496039787
-0.0825916242507
-0.0947253629025
-0.107087366698
-0.119716404932
-0.132653859027
-0.145944153052
-0.15963523227
-0.173779097663
-0.188432405422
-0.203657141768
-0.219521384255
-0.236100157953
-0.25347638621
-0.271741928272
-0.290998709222
-0.311359982611
-0.332951806157
-0.355914867263
-0.380406476816
-0.406600708554
-0.434684219532
-0.464858265931
-0.497368922526
-0.53251455433
-0.570496267872
-0.61128227393
-0.654854048013
-0.700239013526
-0.7430196788
-0.815869227191
1.97626258336e-322
-3.95252516673e-323
4.44659081257e-323
-1.67982319586e-322
-1.72922976044e-322
1.72922976044e-322
6.42285339594e-323
-1.03753785627e-322
-1.72922976044e-322
-1.48219693752e-322
1.58101006669e-322
0.674691195317
0.636968585571
0.614900763902
0.574619470385
0.535687512421
0.499078766038
0.464802048037
0.432972385368
0.403458029193
0.376025938303
0.350456633933
0.326555236872
0.304144569097
0.283063598225
0.263167762967
0.235173190782
0.218511590315
0.202510658043
0.18711235901
0.172262360597
0.15790995709
0.144007864381
0.130511949981
0.117380936006
0.104576096502
0.0920609608586
0.0798010292899
0.0677635028096
0.0559170279724
0.0442314553807
0.0326776102302
0.0212270727979
0.0098519665895
-0.00147524821851
-0.0127819784192
-0.0240957009007
-0.0354441676561
-0.0468556151078
-0.058358980236
-0.0699841260662
-0.0817620791687
-0.0937252819493
-0.105907862612
-0.118345925773
-0.131077866764
-0.144144712584
-0.157590492279
-0.171462639136
-0.185812426468
-0.200695437765
-0.216172069945
-0.232308063131
-0.249175039587
-0.266851020538
-0.285420882102
-0.304976714056
-0.325618048958
-0.347451920346
-0.370592494238
-0.395159120856
-0.421271169606
-0.4490424258
-0.478583047413
-0.509995563102
-0.543300994958
-0.578226281525
-0.613997807662
-0.650146910182
-0.690373710113
-0.741048548072
-0.715792287293
6.91691904178e-323
3.45845952089e-323
-1.72922976044e-322
5.92878775009e-323
-1.18575755002e-322
1.63041663128e-322
-4.94065645841e-323
1.97626258336e-323
1.18575755002e-322
0.367155684995
0.547367388006
0.548545830867
0.52816333381
0.503631002507
0.477327026399
0.450774584475
0.42476490654
0.399655095587
0.375577128508
0.352565700241
0.330614972863
0.309693457621
0.289751279934
0.27072765306
0.252557033291
0.224962259365
0.209635949475
0.194782906515
0.180375958254
0.166386028413
0.152783179494
0.139537291032
0.12661848887
0.113997403139
0.101645307758
0.0895341777549
0.0776366894708
0.0659261808713
0.0543765837976
0.0429623361904
0.0316582796712
0.0204395460211
0.00928143477957
-0.00184071675993
-0.0129516705407
-0.0240764316178
-0.035240399164
-0.0464695251191
-0.0577904812058
-0.0692308351501
-0.0808192370183
-0.0925856165879
-0.104561392571
-0.116779694284
-0.129275595962
-0.142086363267
-0.155251710504
-0.168814065594
-0.182818837725
-0.197314679576
-0.212353731408
-0.227991826557
-0.244288624919
-0.261307622553
-0.279115964855
-0.297783970673
-0.317384253306
-0.337990282341
-0.359674056352
-0.382502091994
-0.406528684468
-0.431786596989
-0.458276198581
-0.485949832648
-0.514679239985
-0.544153355855
-0.573623454011
-0.601996163834
-0.630164032718
-0.666837303718
-0.718972310441
-0.718637994994
-0.334540809647
4.44659081257e-323
-6.42285339594e-323
-1.77863632503e-322
1.97626258336e-323
-1.38338380836e-322
9.02075992789e-82
0.256017774931
0.450912539324
0.429803270011
0.439907033433
0.441383789123
0.43273851502
0.418517552626
0.401664969288
0.383563858411
0.364918059302
0.346149564717
0.327529430329
0.309231777627
0.29136358987
0.273984931009
0.257123585905
0.240785524996
0.213928687736
0.199994908267
0.186348900333
0.172992159017
0.159919487588
0.147120899309
0.134582999182
0.122289987754
0.110224387967
0.0983675675852
0.0867001098865
0.0752020710389
0.0638531522631
0.0526328074035
0.0415203010662
0.0304947284872
0.019535005376
0.00861983381263
-0.00227235132814
-0.0131634521345
-0.0240757912016
-0.035032207205
-0.0460561612061
-0.057171852716
-0.0684043446993
-0.0797796967388
-0.09132510548
-0.103069051179
-0.115041448672
-0.127273800303
-0.139799347159
-0.152653213244
-0.165872534868
-0.179496564156
-0.19356673099
-0.208126641151
-0.223221978745
-0.238900266372
-0.255210415604
-0.272201973104
-0.289923935616
-0.308422971331
-0.327740830615
-0.34791058224
-0.368951023032
-0.390858489543
-0.413595571833
-0.437075257215
-0.461137031704
-0.485517058078
-0.509810196317
-0.533361069427
-0.555085963666
-0.573665642485
-0.588819310307
-0.598937365821
-0.579751002502
-0.623850345964
-0.652886223825
-0.397085740745
-0.279542816341
-0.200793374739
-0.00316638633339
0.234892587615
0.250813598703
0.313554187676
0.331428217854
0.351818145981
0.364133571328
0.366564487509
0.362251277035
0.35380571831
0.342743008983
0.329988479144
0.316169552778
0.301725702431
0.286964322296
0.27209940005
0.257278865789
0.242603383086
0.228139428838
0.202299894925
0.18977638381
0.177363851433
0.165089073906
0.152968363792
0.141010045754
0.129216335763
0.117584770698
0.106109296739
0.0947810973511
0.0835892215907
0.0725210585256
0.0615626924274
0.0506991650301
0.0399146648968
0.0291926592057
0.0185159797324
0.00786687210551
-0.00277298461962
-0.0134224825547
-0.0241011093935
-0.0348289891366
-0.0456269362149
-0.0565165204986
-0.0675201408541
-0.0786611049129
-0.089963712513
-0.101453339818
-0.113156520378
-0.125101018293
-0.137315887047
-0.149831505348
-0.162679578259
-0.17589308773
-0.189506170949
-0.203553897225
-0.21807190324
-0.23309583115
-0.248660492562
-0.264798652484
-0.281539291418
-0.298905162658
-0.316909406491
-0.335550865393
-0.354807534142
-0.374627453317
-0.394916380938
-0.415520685887
-0.436202078514
-0.456604105129
-0.476217849872
-0.49434342921
-0.510012611122
-0.52171293772
-0.526566021263
-0.519340068641
-0.4971858182
-0.48711879567
-0.430293187236
-0.325990645848
-0.254415996513
-0.189576895185
-0.080917410312
0.0523336942019
0.142964582999
0.211052754136
0.250441413541
0.278721624383
0.297585255947
0.3074852707
0.310536559431
0.308756934565
0.303550401089
0.295889948384
0.286484664862
0.275858428461
0.264397314751
0.252386039064
0.240035066477
0.227499732876
0.214893872936
0.190289533067
0.179159661357
0.167977914287
0.156792214424
0.145637340347
0.134537697987
0.123509489681
0.112562414731
0.10170100391
0.0909256669872
0.0802335145398
0.0696190016481
0.0590744305147
0.0485903408982
0.0381558109755
0.027758686386
0.0173857514789
0.00702285388915
-0.00334500866716
-0.0137336321849
-0.0241595748679
-0.0346401453968
-0.0451934067017
-0.0558381914098
-0.0665941253138
-0.0774816551621
-0.0885220767898
-0.0997375590212
-0.111151157858
-0.122786814142
-0.134669326
-0.146824284809
-0.15927795998
-0.17205711319
-0.18518871654
-0.198699540864
-0.212615569318
-0.226961176287
-0.241757991205
-0.257023339628
-0.272768119713
-0.288993932644
-0.305689236312
-0.322824206032
-0.340343838146
-0.358158688284
-0.376132545786
-0.394065973913
-0.411674029647
-0.428557348567
-0.444168213874
-0.457778271752
-0.468462153097
-0.475003633005
-0.475355313673
-0.465913708789
-0.444297454611
-0.417034193203
-0.368993123864
-0.300481993173
-0.234838167111
-0.168998011287
-0.0886803523556
0.00243667522134
0.0825379358754
0.144231650305
0.187025207592
0.218570316326
0.241219767964
0.255903354189
0.264107495583
0.267340100138
0.266789953484
0.263360346115
0.257749200373
0.250497159503
0.24202117109
0.232642622187
0.22260967763
0.212113943577
0.20130291405
0.178091538214
0.168310336126
0.158331953373
0.148220996212
0.138027306387
0.127788783668
0.117533655645
0.107282303427
0.0970487301316
0.0868417418193
0.0766658967438
0.066522267656
0.0564090530117
0.0463220658083
0.0362551231189
0.0262003548865
0.0161484469996
0.00608883085288
-0.00399017060952
-0.0141012320786
-0.0242579433347
-0.0344747489752
-0.0447669051073
-0.05515044812
-0.0656421708122
-0.0762596010572
-0.0870209778418
-0.097945218834
-0.109051872609
-0.120361047197
-0.131893304597
-0.143669508162
-0.155710606196
-0.168037330313
-0.180669780947
-0.193626864292
-0.206925534414
-0.220579780397
-0.234599280233
-0.248987619671
-0.263739945269
-0.278839887555
-0.294255551436
-0.309934315028
-0.32579608936
-0.341724577799
-0.357555947907
-0.373064227562
-0.387943057535
-0.401784278647
-0.414052943936
-0.424058879795
-0.430939818194
-0.433646421739
-0.430789954296
-0.420448407485
-0.40120378791
-0.374046078303
-0.332926834197
-0.278149345845
-0.219969491538
-0.158520391601
-0.0902990636986
-0.0205412493473
0.0429626775604
0.0960112946191
0.137300625463
0.16945096452
0.193869824494
0.211376045527
0.223011416069
0.229869323648
0.232896557189
0.232870102257
0.230423651214
0.226070606075
0.220223707707
0.213213550684
0.205304629628
0.196708233868
0.187592678075
0.16587644335
0.157376906561
0.148554510763
0.139486110826
0.130233125583
0.120844217399
0.111357505685
0.101802391911
0.0922010618924
0.0825697207505
0.0729196068665
0.0632578233619
0.0535880189893
0.0439109447764
0.0342249081775
0.0245261426935
0.0148091078616
0.00506673201121
-0.00470939181817
-0.014528847977
-0.0244022707463
-0.034341240645
-0.0443581984711
-0.054466371428
-0.0646797058061
-0.0750128005571
-0.0854808356971
-0.0960994887489
-0.106884831349
-0.117853196641
-0.129021006019
-0.140404541082
-0.152019643154
-0.163881318152
-0.176003218782
-0.188396968628
-0.201071283299
-0.214030831877
-0.227274766908
-0.240794832502
-0.254572938042
-0.268578060504
-0.282762312022
-0.297055977686
-0.311361286346
-0.325544619282
-0.339426779523
-0.352770940152
-0.365268408193
-0.376523368816
-0.386037102784
-0.393190196616
-0.397226797003
-0.397244661356
-0.392171884231
-0.380820096301
-0.362326391536
-0.336361676022
-0.300668118494
-0.256018003679
-0.206825788044
-0.15387091911
-0.0968912167327
-0.0397583945392
0.0131972489736
0.0595757209571
0.0980815521794
0.129398554591
0.154246695695
0.173208722971
0.186990869708
0.196363252926
0.20204774031
0.204678986145
0.204802218728
0.202878728433
0.199294097306
0.194368192824
0.188365152886
0.181502268468
0.173957594478
0.153789714832
0.146488898272
0.13875992284
0.130687753147
0.12234203615
0.113779499926
0.105045992553
0.0961782068125
0.0872051335875
0.0781492828674
0.0690277069568
0.0598528561096
0.0506332926985
0.0413742863036
0.0320783088245
0.0227454458711
0.0133737382949
0.00395946569603
-0.00550261791845
-0.0150190874907
-0.0245976815124
-0.0342471608838
-0.0439771855911
-0.0537982030813
-0.0637213422735
-0.073758306974
-0.0839212620309
-0.0942227048178
-0.104675313556
-0.115291762514
-0.126084492141
-0.13706541965
-0.148245572311
-0.159634621587
-0.171240291094
-0.183067605
-0.195117935625
-0.207387799445
-0.219867339244
-0.232538416662
-0.245372224432
-0.258326312476
-0.27134090796
-0.28433439689
-0.297197824301
-0.309788260408
-0.321920867972
-0.333359566641
-0.343806603784
-0.352892131204
-0.360164905564
-0.36508422389
-0.367014284512
-0.365222454104
-0.358887863305
-0.34718646637
-0.329518871859
-0.305513239703
-0.27444123441
-0.236945760004
-0.195119027869
-0.14996626055
-0.102223788217
-0.0543395863605
-0.00908551511142
0.0317298358544
0.0670114615108
0.0967304510893
0.121162700169
0.140648601136
0.15563934839
0.166660740752
0.174244456974
0.178889213127
0.181045806867
0.181112170981
0.179433591266
0.176306162431
0.171981732297
0.166673146884
0.160559285296
0.141951729823
0.135756286681
0.129047449911
0.121914628727
0.114432644035
0.106663762677
0.0986594825493
0.0904620855384
0.0821059792989
0.0736188503448
0.0650226507203
0.0563344393411
0.0475670973963
0.0387299353109
0.0298292068605
0.0208685442135
0.0118493260461
0.00277098941768
-0.00636870514614
-0.0155734469415
-0.0248481791612
-0.0341989267859
-0.043632641741
-0.0531570589966
-0.0627805572875
-0.0725120179161
-0.0823606746575
-0.0923359470515
-0.102447248333
-0.112703757877
-0.123114146224
-0.133686238444
-0.144426598761
-0.15534001581
-0.166428863577
-0.177692307949
-0.189125322704
-0.200717471668
-0.212451405874
-0.224301015949
-0.236229171548
-0.24818497293
-0.260100436351
-0.271886536928
-0.283428542668
-0.294580594617
-0.305159527609
-0.314938034167
-0.323637579442
-0.330921953744
-0.336392553682
-0.33958648158
-0.339979194628
-0.336993094069
-0.330018061246
-0.318477065588
-0.301945981387
-0.280164035621
-0.252928784387
-0.220748671742
-0.184812536437
-0.146079377267
-0.105520379135
-0.0648042190105
-0.0257496181556
0.0102570697184
0.0422986348941
0.0700696668711
0.0935743878708
0.112958539574
0.128484291444
0.14049567415
0.149371236999
0.155490193817
0.159213431259
0.160873341019
0.160769111137
0.159165685173
0.156294918472
0.152357852918
0.147527489745
0.130458972159
0.125269937706
0.11950123594
0.113243624905
0.106574437846
0.0995592156991
0.0922531948942
0.0847026438575
0.0769460504172
0.0690151677121
0.0609359292544
0.0527292452468
0.0444116926558
0.035996111312
0.0274921176954
0.0189065472548
0.0102438352534
0.00150634527537
-0.00730534626035
-0.0161922019103
-0.0251565042467
-0.0342016594501
-0.0433320170521
-0.0525526995518
-0.0618694355581
-0.0712883898663
-0.0808159834299
-0.0904586954905
-0.100222839181
-0.110114300681
-0.120138230403
-0.130298672739
-0.140598118477
-0.151036961161
-0.161612835251
-0.172319810102
-0.183147409418
-0.194079421167
-0.205092458214
-0.216154225617
-0.227221447633
-0.238237407429
-0.249129057267
-0.259803668972
-0.270145017119
-0.280009125217
-0.289219668994
-0.297563254437
-0.304785020625
-0.310585302752
-0.314618254651
-0.316493590084
-0.315783281072
-0.312035052876
-0.304796439952
-0.293662189557
-0.278340633713
-0.258676880527
-0.234670417858
-0.206732722779
-0.175644023808
-0.142215982236
-0.107359857629
-0.0722948677052
-0.0382925000621
-0.00641206170223
0.0225820279558
0.0482942257025
0.0705815197533
0.0894549835936
0.105041414869
0.117551106752
0.127242773759
0.134395548329
0.139290122484
0.14219665796
0.143367489929
0.14303330905
0.141401714101
0.138657258564
0.134962399602
0.119386046271
0.115102782759
0.110190901136
0.104740011205
0.0988277358016
0.0925209407163
0.0858769110477
0.0789444499151
0.0717648868961
0.0643729914662
0.0567977920127
0.049063304395
0.041189176087
0.0331912530646
0.0250820771179
0.0168713213531
0.00856617151789
0.000171660492017
-0.00830903704843
-0.0168743431165
-0.0255240416743
-0.0342590645045
-0.0430812916504
-0.051993360402
-0.0609984766685
-0.0701002223014
-0.079302351498
-0.0886085687716
-0.098022280131
-0.107546308046
-0.117182559434
-0.126931634298
-0.13679236075
-0.146761239976
-0.156831782223
-0.166993712282
-0.177232020169
-0.187525830204
-0.197847059634
-0.208158837129
-0.21841365276
-0.228551215921
-0.238496007893
-0.248154533811
-0.257412307804
-0.266130649463
-0.274143438798
-0.281254090581
-0.287233183132
-0.291817360561
-0.294710244564
-0.295586307679
-0.294099133198
-0.289895657442
-0.282638674122
-0.272041817869
-0.257911444691
-0.240173079617
-0.218906778411
-0.19444968925
-0.167367435827
-0.138322775816
-0.108085159649
-0.0775771439169
-0.0477404836676
-0.019398863633
0.00681144859501
0.0304870240534
0.051415793025
0.0695244453667
0.0848464034829
0.0974951181249
0.10763758863
0.115471865623
0.121210116701
0.125066515243
0.127248953064
0.12795374466
0.127362560741
0.1256409356
0.122937851734
0.108788164021
0.105311469969
0.101172578411
0.0964580333324
0.0912439692446
0.0855969636009
0.0795749099251
0.0732278760726
0.0665989244041
0.0597248797598
0.0526370377164
0.045361810279
0.0379213093803
0.030333870722
0.0226145218911
0.0147753995182
0.00682612073132
-0.00122588562311
-0.00937508244776
-0.0176175570034
-0.0259507771586
-0.0343733657896
-0.042884887813
-0.0514856442461
-0.0601764674948
-0.068958511767
-0.0778330320951
-0.0868011448756
-0.0958635621045
-0.10502029061
-0.114270286504
-0.123611053835
-0.133038175019
-0.142544759116
-0.152120792374
-0.161752373981
-0.171420818598
-0.181101606478
-0.190763162124
-0.200365444152
-0.209858333305
-0.219179813515
-0.228253954276
-0.23698872333
-0.245273689348
-0.25297771853
-0.259946832875
-0.266002491224
-0.270940678905
-0.274532314097
-0.276525565673
-0.276650814588
-0.274629231914
-0.270186029114
-0.263069576449
-0.253077472796
-0.240085564642
-0.224071459596
-0.205142912602
-0.183580247529
-0.159820638374
-0.134402189328
-0.10795361656
-0.0811893421242
-0.0548328761858
-0.0295370412149
-0.00583289350891
0.0159013741794
0.0354289381296
0.0526282918717
0.0674711996263
0.0800025830321
0.0903207566185
0.0985597767346
0.104875063
0.109432271053
0.112399022955
0.113939044726
0.114208234123
0.11335220502
0.111504927476
0.0987038301981
0.0959382751423
0.0924902273121
0.0884417757865
0.0838662108322
0.0788285401912
0.0733860826402
0.0675890969892
0.0614814166663
0.0551010693192
0.0484808679454
0.0416489653772
0.0346293678659
0.027442406356
0.0201051660725
0.0126318764456
0.00503426437656
-0.00267812551324
-0.0104976395817
-0.0184182484588
-0.0264353003867
-0.0345452898922
-0.0427456369115
-0.0510344713049
-0.0594104174494
-0.0678723732783
-0.0764192777501
-0.0850498602225
-0.093762364604
-0.102554240462
-0.111421792441
-0.120359778466
-0.129360946243
-0.138415496657
-0.147510461793
-0.1566289847
-0.165749487886
-0.174844718033
-0.183880656239
-0.192815286537
-0.201597221548
-0.210164193777
-0.21844143562
-0.226339992113
-0.233755039743
-0.240564324574
-0.24662688698
-0.251782311814
-0.25585082838
-0.258634663336
-0.259921108001
-0.259487836432
-0.257111099924
-0.252577390239
-0.245699048002
-0.236333778295
-0.224405542648
-0.209923156633
-0.19299975086
-0.173871533696
-0.152889162428
-0.130490621057
-0.107186048388
-0.0835393952446
-0.0601206401105
-0.0374557997512
-0.0159902090909
0.00393435183265
0.0220800115825
0.0383012241149
0.0525311697851
0.0647676439627
0.0750586448517
0.0834888315628
0.0901677667387
0.0952202260895
0.0987785279556
0.100976698988
0.101946215054
0.101813029975
0.100695622603
0.0891575250149
0.0870131034649
0.0841770887663
0.0807261857306
0.0767298652067
0.0722505940314
0.0673441820415
0.0620602022989
0.0564424514213
0.0505294256342
0.0443547950996
0.0379478645334
0.0313340123303
0.0245351036349
0.0175698752184
0.010454291816
0.00320187490946
-0.0041759940935
-0.0116697936292
-0.0192716015176
-0.0269748507045
-0.0347740973166
-0.0426647968518
-0.0506430840705
-0.058705551849
-0.0668490239378
-0.075070316205
-0.0833659805116
-0.0917320248874
-0.10016360315
-0.108654666534
-0.117197569326
-0.125782619951
-0.134397568551
-0.143027021825
-0.151651776092
-0.160248060221
-0.168786681613
-0.177232071294
-0.185541228684
-0.193662573647
-0.201534723624
-0.209085228044
-0.216229311826
-0.222868705802
-0.228890675679
-0.234167403941
-0.238555931187
-0.241898919622
-0.244026548801
-0.244759885641
-0.243916099295
-0.241315897768
-0.23679346855
-0.230209002634
-0.221463400998
-0.210513551034
-0.197386231264
-0.182190915314
-0.165128670979
-0.146486952378
-0.126624273887
-0.105955683782
-0.0849336085406
-0.0640158664067
-0.0436324173135
-0.0241588159367
-0.00589869807938
0.0109209638241
0.0261458756383
0.0396868002377
0.0515102146578
0.0616280803885
0.0700876753198
0.0769622474575
0.0823428818855
0.0863317157533
0.0890364871998
0.0905663093974
0.091028509563
0.0905263586108
0.0801622467271
0.0785554587442
0.0762571752259
0.0733381713031
0.0698634528487
0.0658922522814
0.0614781665042
0.0566693942467
0.0515090391321
0.046035452466
0.040282596122
0.0342804111077
0.0280551815752
0.0216298873654
0.0150245407798
0.00825650528512
0.00134079542178
-0.00570964162992
-0.0128836614597
-0.0201716727409
-0.0275653998368
-0.0350576546334
-0.0426421141591
-0.0503131002191
-0.0580653569406
-0.0658938218
-0.0737933853763
-0.0817586347098
-0.08978357478
-0.0978613222505
-0.105983765268
-0.114141182799
-0.122321816793
-0.130511390451
-0.138692566123
-0.146844337098
-0.154941348852
-0.162953147556
-0.170843357104
-0.178568790965
-0.186078512438
-0.193312866835
-0.200202522444
-0.206667574491
-0.212616788291
-0.217947084814
-0.222543404144
-0.226279118256
-0.229017199517
-0.230612376694
-0.230914521212
-0.229773504065
-0.227045728982
-0.222602435761
-0.216339665717
-0.208189418563
-0.198130916071
-0.186200734125
-0.172501173776
-0.157204712249
-0.140550426066
-0.122834042328
-0.104395635427
-0.0856032526444
-0.0668304255559
-0.0484329756079
-0.0307294944193
-0.0139876283895
0.00158195798256
0.0158254503356
0.02864214609
0.0399786120596
0.0498216291409
0.0581907145302
0.0651308584714
0.070705881887
0.0749926313536
0.0780760954175
0.080045433146
0.0809908460831
0.0810011942551
0.0717218302301
0.0705762967885
0.0687467197809
0.0662977079459
0.063289431688
0.0597774351116
0.055812603101
0.0514412439664
0.046705255355
0.0416423475256
0.0362863036267
0.0306672613298
0.0248120040886
0.0187442535181
0.0124849570036
0.00605256674054
-0.000536691917412
-0.00726856360792
-0.0141305173685
-0.0211115112338
-0.0282017653004
-0.0353925409906
-0.0426759238023
-0.0500446064465
-0.0574916689265
-0.0650103517852
-0.0725938184568
-0.0802349023595
-0.0879258340999
-0.0956579439357
-0.103421334462
-0.111204518411
-0.118994016543
-0.126773910899
-0.134525349326
-0.142225998299
-0.149849442782
-0.157364534488
-0.16473469362
-0.171917174337
-0.178862311204
-0.185512773062
-0.191802862544
-0.197657914171
-0.202993861696
-0.207717066139
-0.211724519005
-0.21490455867
-0.217138257771
-0.218301649805
-0.218268959878
-0.216916984456
-0.214130713697
-0.20981018365
-0.203878376145
-0.196289729448
-0.187038489486
-0.176166020307
-0.163766308549
-0.149988238245
-0.135032850796
-0.119146223235
-0.102609523287
-0.0857259051816
-0.0688041618074
-0.0521419493739
-0.03601115268
-0.0206469918754
-0.00624196815653
0.00705585625327
0.0191415110354
0.029949718216
0.0394501806639
0.0476421956266
0.0545491177412
0.0602130476575
0.0646899865389
0.068045589433
0.0703515685383
0.0716827390135
0.0721146633054
0.0638329979562
0.0630797119951
0.0616555328196
0.0596189049243
0.0570250144236
0.0539254631976
0.0503681014994
0.0463969840597
0.0420524200739
0.0373710925019
0.0323862267035
0.0271277924916
0.0216227271886
0.015895170255
0.00996670255074
0.00385658534468
-0.0024180041151
-0.00884174229207
-0.0154009350203
-0.0220832989345
-0.0288777477507
-0.0357741818719
-0.0427632792942
-0.0498362853797
-0.0569847986954
-0.0642005498054
-0.0714751696416
-0.0787999438415
-0.0861655492623
-0.0935617687717
-0.100977180386
-0.108398816934
-0.115811792709
-0.123198894132
-0.130540132309
-0.137812256749
-0.144988231451
-0.152036677344
-0.15892128879
-0.165600236842
-0.172025578404
-0.178142698556
-0.18388982338
-0.189197652561
-0.193989174907
-0.19817974516
-0.201677516134
-0.204384334432
-0.206197217432
-0.2070105298
-0.206718965995
-0.205221416986
-0.20242574537
-0.198254401246
-0.192650679
-0.185585240534
-0.177062336999
-0.167125075171
-0.155859068365
-0.143393566858
-0.129899213274
-0.115582639047
-0.1006785671
-0.0854395541003
-0.0701238133273
-0.0549827419434
-0.0402497444457
-0.0261314935858
-0.0128023535209
-0.000401865714181
0.0109653120649
0.0212276501446
0.0303437254144
0.0382984260703
0.0450988033714
0.0507698971263
0.0553507674275
0.0588908831769
0.0614469505058
0.0630802121923
0.0638542124627
0.056487128841
0.0560644312403
0.0549882351283
0.0533110000772
0.051082951461
0.0483516566468
0.0451617560613
0.0415548192795
0.0375692999593
0.0332405671986
0.0286009945112
0.0236800909644
0.0185046620294
0.0130989903374
0.00748502882083
0.00168260065051
-0.00429039798272
-0.0104177948355
-0.0166849397989
-0.023078504839
-0.029586285471
-0.0361970029047
-0.042900105479
-0.0496855675745
-0.0565436838244
-0.0634648561495
-0.0704393709088
-0.0774571632751
-0.0845075658388
-0.0915790384299
-0.098658876233
-0.105732893516
-0.112785080734
-0.119797233485
-0.126748552804
-0.133615217827
-0.140369933856
-0.146981461612
-0.153414137065
-0.159627395794
-0.165575321555
-0.171206245742
-0.176462432649
-0.181279894949
-0.185588394149
-0.189311691522
-0.192368124948
-0.194671594698
-0.196133043695
-0.196662512432
-0.196171832564
-0.194577992872
-0.191807161277
-0.187799271382
-0.182512982536
-0.175930703388
-0.168063250832
-0.158953654391
-0.148679595525
-0.137353903534
-0.125122655057
-0.112160937572
-0.0986666048735
-0.0848522801017
-0.0709361088379
-0.0571322797014
-0.0436423467555
-0.0306481608732
-0.0183069267861
-0.00674844582276
0.00392573134191
0.0136416222485
0.022350984945
0.0300287118579
0.0366697742429
0.0422859894696
0.0469028204076
0.0505563562401
0.0532905711457
0.0551549136489
0.0562022459742
0.0496717513615
0.0495251075301
0.0487453520399
0.0473792636921
0.0454722595047
0.0430679063821
0.0402075792621
0.0369302410838
0.0332723221694
0.0292676792048
0.0249476166966
0.0203409564293
0.0154741429177
0.0103713751172
0.00505475666764
-0.000455541297306
-0.00614110921556
-0.0119851231849
-0.0179721661267
-0.0240880471539
-0.0303196195082
-0.0366545967903
-0.0430813666731
-0.0495888008591
-0.0561660596844
-0.0628023894903
-0.0694869106818
-0.0762083942573
-0.0829550245423
-0.089714145925
-0.0964719915622
-0.103213392366
-0.109921465127
-0.116577279433
-0.123159504152
-0.129644035801
-0.136003613134
-0.142207424885
-0.148220720939
-0.154004441272
-0.159514881946
-0.16470342326
-0.169516351787
-0.173894815255
-0.177774956729
-0.181088281673
-0.183762317223
-0.185721625956
-0.186889234639
-0.187188529834
-0.186545654532
-0.184892411083
-0.182169632273
-0.178330922885
-0.173346600615
-0.167207584018
-0.159928901023
-0.151552450561
-0.142148638914
-0.131816513336
-0.120682130599
-0.108895170235
-0.0966239835221
-0.0840493328569
-0.071357254615
-0.0587317227852
-0.0463478125012
-0.0343659398111
-0.022927562669
-0.0121524592006
-0.00213747695337
0.00704346393161
0.0153383708593
0.022715447839
0.0291608850491
0.0346763891732
0.0392766345669
0.0429867731744
0.0458401012124
0.0478759455543
0.0491378039876
0.0433717795136
0.0434534185727
0.0429242648201
0.0418258023732
0.04019888404
0.0380832054862
0.0355169144671
0.0325363354204
0.0291757908013
0.0254675021328
0.0214415556182
0.0171259191423
0.0125464994459
0.00772723012417
0.00269018282515
-0.00254430443319
-0.00795748652734
-0.0135320615807
-0.0192520148774
-0.0251024579243
-0.0310694635093
-0.03713989697
-0.0433012433688
-0.0495414298459
-0.0558486420815
-0.0622111335321
-0.0686170259402
-0.0750540995105
-0.0815095711486
-0.0879698592734
-0.0944203339485
-0.100845051482
-0.10722647325
-0.113545169342
-0.119779508766
-0.12590533946
-0.131895663284
-0.137720313568
-0.143345645777
-0.148734255392
-0.153844741273
-0.15863153749
-0.163044841775
-0.167030674093
-0.170531104012
-0.173484689947
-0.175827176047
-0.177492492443
-0.178414100226
-0.178526712443
-0.177768405078
-0.176083105947
-0.173423413369
-0.169753650215
-0.165053005303
-0.159318558634
-0.152567939839
-0.144841344183
-0.1362026297
-0.126739243
-0.11656081154
-0.105796400263
-0.0945905606278
-0.0830983892093
-0.0714799382605
-0.0598944485544
-0.0484948927048
-0.0374232471894
-0.0268067873165
-0.0167555333038
-0.00736082613807
0.00130508323503
0.00918859770371
0.0162536786092
0.0224802800244
0.0278624870355
0.0324065083096
0.0361286448173
0.0390533274669
0.0412112891621
0.042637913078
0.0375705178104
0.0378389835565
0.0375200235087
0.0366502610958
0.0352662902642
0.0334041332161
0.0310988202059
0.0283840761912
0.0252920993102
0.0218534169363
0.0180968062255
0.0140492674651
0.00973604000605
0.0051806520467
0.000404996963225
-0.00457056980109
-0.00972711806039
-0.0150470181247
-0.0205138067045
-0.0261120454054
-0.0318271730404
-0.0376453523809
-0.0435533114694
-0.0495381792181
-0.0555873146874
-0.0616881292028
-0.0678279003234
-0.0739935766031
-0.0801715721222
-0.0863475499226
-0.0925061937507
-0.0986309679525
-0.104703865998
-0.110705148953
-0.116613076345
-0.122403633279
-0.128050259465
-0.133523587975
-0.138791204138
-0.143817438036
-0.148563207444
-0.152985931846
-0.15703954203
-0.16067461362
-0.163838656255
-0.166476592463
-0.168531460945
-0.169945376983
-0.170660777031
-0.170621964207
-0.169776955375
-0.168079608025
-0.165491975861
-0.161986806533
-0.157550056025
-0.152183256268
-0.1459055426
-0.138755133853
-0.130790063369
-0.122087988148
-0.112744971457
-0.102873237199
-0.0925979899641
-0.0820534754278
-0.0713785436415
-0.0607120517746
-0.0501884565864
-0.0399339055306
-0.0300630550691
-0.0206767383667
-0.0118605022742
-0.00368395776298
0.00379916000604
0.0105503521488
0.0165452766129
0.0217723645378
0.0262312551859
0.0299311539776
0.0328891976311
0.0351288898648
0.0366786521766
0.0322504645151
0.0326701160276
0.0325260305996
0.0318504267531
0.0306759816864
0.0290352884046
0.0269604213679
0.0244825994006
0.0216319340977
0.0184372521051
0.014925980235
0.0111240832604
0.00705604528142
0.00274488668774
-0.00178779011971
-0.00652173198709
-0.0114379479488
-0.0165186076112
-0.0217469278897
-0.0271070502568
-0.0325839100123
-0.038163098523
-0.0438307189152
-0.0495732353217
-0.0553773154889
-0.061229666329
-0.0671168618853
-0.073025163128
-0.078940329065
-0.0848474188259
-0.090730584675
-0.0965728563609
-0.102355917838
-0.108059878219
-0.113663039879
-0.119141667951
-0.124469767068
-0.129618873111
-0.134557869969
-0.139252843832
-0.143666990281
-0.147760592371
-0.151491090765
-0.154813269564
-0.157679583484
-0.160040652937
-0.161845952815
-0.163044717696
-0.163587080038
-0.163425447993
-0.162516115195
-0.160821075978
-0.158309995997
-0.154962261293
-0.150769000612
-0.145734949895
-0.139880009026
-0.133240334296
-0.125868818703
-0.117834839357
-0.109223202615
-0.10013228833
-0.09067146557
-0.0809579171062
-0.0711130723535
-0.0612588952512
-0.051514284215
-0.0419918163215
-0.0327950154402
-0.0240162538432
-0.0157353256893
-0.00801867230729
-0.000919197352071
0.00552341660514
0.0112819918294
0.0163408438229
0.0206945731174
0.0243467482866
0.027308554066
0.0295974633987
0.0312359774901
0.0273939426798
0.0279344328301
0.0279346079286
0.0274227398161
0.0264279488839
0.0249796719395
0.0231072252752
0.0208394550392
0.0182044660228
0.0152294196299
0.0119403919206
0.00836228308133
0.00451877035408
0.000432297275055
-0.00387590705158
-0.00838578403558
-0.0130783815631
-0.0179357735575
-0.0229409661112
-0.0280777924893
-0.0333307987208
-0.0386851209782
-0.0441263555153
-0.0496404215905
-0.0552134175209
-0.0608314698273
-0.0664805753234
-0.0721464359811
-0.0778142864801
-0.0834687145436
-0.0890934744635
-0.0946712946652
-0.100183680774
-0.105610716421
-0.11093086501
-0.116120776869
-0.121155107636
-0.126006355392
-0.130644725925
-0.135038037603
-0.139151679475
-0.14294863846
-0.146389613473
-0.149433236027
-0.152036417803
-0.154154845591
-0.155743642378
-0.156758209761
-0.157155260639
-0.156894042081
-0.155937735785
-0.154255007964
-0.151821661831
-0.148622325464
-0.144652087451
-0.139917975017
-0.134440157754
-0.128252757939
-0.121404158059
-0.113956719674
-0.105985866871
-0.0975785383801
-0.0888310655388
-0.0798465833427
-0.0707321268538
-0.0615955969762
-0.0525427881881
-0.0436746556008
-0.0350849641069
-0.0268584149923
-0.0190692950949
-0.0117806490096
-0.00504393997129
0.00110085934831
0.00662481947602
0.0115093295763
0.0157451742292
0.0193314842814
0.0222746254794
0.0245870778531
0.026286347628
0.0229835871389
0.0236193393502
0.0237374604776
0.0233627226406
0.0225210530145
0.0212390200729
0.0195434024513
0.0174608353161
0.0150175278187
0.0122390445161
0.00915014340763
0.00577466336301
0.00213545408735
-0.00174565768578
-0.00584787143975
-0.0101513905388
-0.0146373785865
-0.0192878980791
-0.0240858343139
-0.0290148069247
-0.0340590708953
-0.0392034084415
-0.0444330127587
-0.0497333643242
-0.05509010019
-0.0604888765342
-0.0659152246575
-0.0713544005998
-0.0767912286415
-0.0822099391536
-0.0875940015546
-0.0929259535689
-0.0981872285558
-0.103357983398
-0.108416930339
-0.113341177224
-0.118106081853
-0.122685127568
-0.127049828766
-0.13116967669
-0.135012137547
-0.138542716611
-0.141725103337
-0.144521413456
-0.146892544249
-0.148798658452
-0.15019981012
-0.151056721962
-0.151331717782
-0.150989805488
-0.14999989553
-0.148336126784
-0.145979257249
-0.142918061451
-0.139150661727
-0.134685708559
-0.1295433182
-0.123755676341
-0.117367226066
-0.110434378048
-0.103024711069
-0.0952156686648
-0.0870927977328
-0.0787476130566
-0.0702752047987
-0.0617717287361
-0.0533319261181
-0.0450468107913
-0.037001638131
-0.0292742376694
-0.0219337552265
-0.0150398164152
-0.00864209500689
-0.00278024821855
0.00251583332081
0.00722552084827
0.0113367499625
0.0148451899787
0.0177533343338
0.0200695588362
0.0218071862341
0.0190027131655
0.0197124104453
0.0199260510221
0.0196653338379
0.0189533499201
0.0178140916651
0.0162720332054
0.0143517790065
0.0120777763391
0.00947408633237
0.00656420782083
0.00337094805471
-8.36655315614e-05
-0.00377843798575
-0.00769302899005
-0.0118079490397
-0.0161045336326
-0.0205648989019
-0.0251718815855
-0.0299089657174
-0.034760197975
-0.0397100932033
-0.0447435312912
-0.0498456462951
-0.0550017084844
-0.060196999832
-0.0654166834111
-0.0706456671587
-0.0758684625615
-0.0810690390158
-0.086230674901
-0.0913358068142
-0.0963658789481
-0.101301195255
-0.106120777844
-0.110802235996
-0.115321651276
-0.119653485388
-0.123770518742
-0.127643828986
-0.131242820059
-0.134535313471
-0.137487714344
-0.14006526518
-0.142232400037
-0.143953210618
-0.145192033422
-0.145914163327
-0.146086693526
-0.145679474572
-0.14466617629
-0.14302542586
-0.140741983823
-0.137807908077
-0.134223645237
-0.129998980653
-0.125153774493
-0.11971841321
-0.11373391456
-0.107251640655
-0.100332597028
-0.093046324346
-0.085469419907
-0.0776837550994
-0.0697744798408
-0.0618279219161
-0.0539294951683
-0.0461617249824
-0.0386024838957
-0.0313235072769
-0.0243892327371
-0.0178559810212
-0.0117714732487
-0.0061746610281
-0.00109583271287
0.00344304916207
0.00742782791406
0.0108514988184
0.0137134669841
0.0160187578145
0.0177772148354
0.0154355895666
0.0162016848824
0.0164918990024
0.0163252582697
0.0157223612249
0.0147049132557
0.0132953220072
0.0115163524936
0.00939083925762
0.0069414518236
0.00419050901105
0.0011598373328
-0.00212933137381
-0.005656427809
-0.00940158302202
-0.01334564027
-0.0174701445987
-0.0217573133783
-0.0261899905845
-0.0307515871832
-0.0354260095895
-0.0401975778105
-0.0450509345768
-0.0499709465213
-0.0549425982673
-0.0599508801593
-0.0649806703208
-0.070016611728
-0.0750429850928
-0.0800435785304
-0.0850015552638
-0.0898993209956
-0.0947183930689
-0.0994392741329
-0.104041333743
-0.108502702148
-0.112800181446
-0.116909180265
-0.120803679203
-0.124456235258
-0.127838034451
-0.130919002605
-0.13366798471
-0.136053003324
-0.13804160585
-0.139601309088
-0.140700147065
-0.141307324474
-0.1413939732
-0.140934003068
-0.139905030467
-0.138289359923
-0.136074984621
-0.133256563001
-0.129836320788
-0.125824822399
-0.121241553751
-0.116115261091
-0.110483998478
-0.104394849967
-0.0979033111869
-0.0910723371618
-0.0839710867016
-0.0766734161362
-0.0692561940669
-0.0617975218507
-0.0543749497069
-0.0470637751684
-0.0399354999477
-0.03305650496
-0.0264869838336
-0.0202801553001
-0.0144817564515
-0.00912980335323
-0.00425459358219
0.000121082870679
0.00398156242046
0.00731779591759
0.0101267442403
0.0124107167829
0.014176683917
0.0122676359226
0.0130758892016
0.0134268159867
0.0133371418706
0.0128252989163
0.0119109862081
0.0106147821137
0.00895780860107
0.0069614463259
0.00464709801635
0.00203599687002
-0.000850943808072
-0.00399324372981
-0.0073709355388
-0.010964615417
-0.014755468055
-0.0187252693489
-0.0228563698473
-0.0271316616099
-0.031534530783
-0.0360487978654
-0.0406586473291
-0.0453485479893
-0.0501031653076
-0.0549072666376
-0.059745620313
-0.0646028894389
-0.069463521262
-0.0743116330935
-0.0791308959359
-0.0839044172224
-0.0886146244235
-0.093243151724
-0.0977707325042
-0.102177100985
-0.106440907117
-0.11053964957
-0.114449632497
-0.118145952605
-0.121602523835
-0.124792147647
-0.127686637373
-0.130257005304
-0.132473720887
-0.134307047592
-0.13572746447
-0.136706175997
-0.137215710442
-0.137230602558
-0.136728150987
-0.135689234395
-0.134099163427
-0.131948538319
-0.129234075286
-0.125959359118
-0.122135475844
-0.117781478617
-0.112924642896
-0.10760047405
-0.101852441684
-0.0957314299262
-0.0892949103299
-0.0826058624787
-0.0757314848516
-0.0687417532746
-0.0617078945658
-0.054700847488
-0.0477897814363
-0.0410407359427
-0.0345154322425
-0.028270293586
-0.0223556954824
-0.0168154522107
-0.0116865328894
-0.00699898986281
-0.00277607445667
0.000965489702406
0.00421510788552
0.00696782213136
0.00922375627622
0.0109875257326
0.00948556070016
0.0103246048936
0.0107230888391
0.0106957798358
0.0102592496641
0.00943146023073
0.00823139314302
0.0066787246316
0.00479354562444
0.00259612553931
0.000106717471004
-0.00265459814453
-0.0056680346539
-0.00891418850761
-0.0123741001771
-0.016029289944
-0.0198617716273
-0.0238540470602
-0.0279890838425
-0.0322502786021
-0.0366214077189
-0.0410865672033
-0.0456301031846
-0.0502365342852
-0.0548904670019
-0.0595765051244
-0.0642791541914
-0.0689827220029
-0.0736712163035
-0.0783282409199
-0.0829368918695
-0.0874796552793
-0.091938309353
-0.0962938330994
-0.100526325085
-0.10461493609
-0.108537820208
-0.112272109599
-0.115793918785
-0.119078384972
-0.122099751329
-0.124831500448
-0.127246545156
-0.129317483385
-0.131016922881
-0.132317879908
-0.133194253798
-0.13362137609
-0.133576629028
-0.133040123527
-0.131995421317
-0.13043028029
-0.128337396328
-0.125715109654
-0.122568039664
-0.118907609799
-0.114752424128
-0.110128460264
-0.105069049439
-0.0996146239191
-0.0938122241094
-0.0877147716326
-0.0813801293576
-0.0748699832255
-0.0682485924721
-0.0615814631609
-0.0549340038987
-0.0483702218648
-0.0419515121613
-0.035735584769
-0.0297755622851
-0.0241192694213
-0.0188087231573
-0.0138798214528
-0.0093622191742
-0.00527937274992
-0.00164873017856
0.0015179597578
0.00421424609625
0.00643850843797
0.00819344828279
0.00707745421275
0.0079383907801
0.00837362034205
0.00839626586827
0.00802132468238
0.00726527741322
0.0061457343117
0.00468112116133
0.00289040543183
0.000792862077416
-0.00159212255823
-0.00424521093459
-0.00714724124217
-0.0102793239399
-0.013622910857
-0.0171598397804
-0.0208723573208
-0.0247431226659
-0.0287551946142
-0.0328920040394
-0.0371373137098
-0.0414751671556
-0.0458898280855
-0.050365711687
-0.0548873090202
-0.0594391056327
-0.0640054955017
-0.0685706914335
-0.0731186331403
-0.0776328943718
-0.0820965906964
-0.0864922898173
-0.0908019266692
-0.0950067259635
-0.0990871353297
-0.103022772734
-0.10679239241
-0.110373874088
-0.113744240848
-0.116879711353
-0.11975579251
-0.122347418742
-0.124629143807
-0.126575390572
-0.128160763096
-0.129360423783
-0.130150536192
-0.130508771185
-0.130414870618
-0.129851258669
-0.128803686338
-0.127261889948
-0.125220239825
-0.122678351281
-0.119641626985
-0.116121698319
-0.112136733828
-0.10771158579
-0.102877751395
-0.0976731329371
-0.092141591469
-0.0863322998075
-0.0802989126312
-0.0740985827052
-0.0677908617985
-0.0614365317488
-0.055096414642
-0.0488302109282
-0.0426954106884
-0.036746316713
-0.0310332094225
-0.0256016739058
-0.0204920994036
-0.0157393522394
-0.0113726150736
-0.00741537881323
-0.00388556874299
-0.000795783422291
0.00184637649743
0.00403791237136
0.00577998629047
0.00503284793197
0.00590887059921
0.00637203565961
0.00643410925122
0.00610878036335
0.00541129060946
0.00435809594568
0.00296656316012
0.00125470243008
-0.000759063995452
-0.0030560978958
-0.0056177075825
-0.00842527892403
-0.0114603773145
-0.0147048231617
-0.0181407435071
-0.0217506023262
-0.0255172119392
-0.0294237277932
-0.033453628689
-0.0375906843329
-0.0418189119056
-0.0461225231653
-0.0504858634698
-0.0548933439845
-0.0593293682793
-0.0637782545002
-0.0682241543285
-0.072650970023
-0.0770422709928
-0.0813812115426
-0.0856504517012
-0.0898320833665
-0.0939075643761
-0.0978576635352
-0.101662420093
-0.105301121626
-0.108752304747
-0.111993783466
-0.115002710356
-0.117755675843
-0.120228850935
-0.122398178355
-0.124239616462
-0.125729439199
-0.126844593817
-0.127563116013
-0.127864599484
-0.127730713779
-0.127145760712
-0.1260972557
-0.124576516425
-0.122579237441
-0.120106026095
-0.117162872916
-0.113761528664
-0.109919761074
-0.105661467065
-0.101016621055
-0.0960210468262
-0.0907160088427
-0.0851476284636
-0.0793661403354
-0.0734250135947
-0.0673799704558
-0.0612879405883
-0.0552059928448
-0.0491902861323
-0.0432950786478
-0.0375718296654
-0.0320684212142
-0.0268285190327
-0.0218910838646
-0.0172900361568
-0.013054070038
-0.00920660646718
-0.00576587087492
-0.00274507749992
-0.000152700907385
0.00200718528817
0.00373452190624
0.00334274949335
0.00422879408791
0.00471276172895
0.00480532557693
0.00451911428266
0.00386835961404
0.00286857167072
0.00153624494186
-0.000111403010503
-0.00205665968199
-0.00428151298452
-0.00676781499108
-0.00949741576322
-0.0124522693157
-0.0156145139798
-0.018966529517
-0.022490973327
-0.0261707980196
-0.0299892524986
-0.0339298685557
-0.0379764348137
-0.0421129596954
-0.0463236249501
-0.0505927311468
-0.054904636448
-0.0592436899187
-0.0635941606144
-0.067940163722
-0.0722655851032
-0.0765540057339
-0.0807886277137
-0.0849522037611
-0.0890269724081
-0.0929946014409
-0.0968361425077
-0.100532000217
-0.104061919449
-0.107404994967
-0.110539707776
-0.113443992858
-0.116095343018
-0.11847095347
-0.120547911389
-0.12230343397
-0.12371515745
-0.124761478068
-0.125421943914
-0.125677694274
-0.125511940147
-0.124910476483
-0.123862213243
-0.122359709016
-0.120399687761
-0.117983516627
-0.115117621118
-0.111813813303
-0.108089509767
-0.103967818589
-0.0994774790205
-0.0946526434557
-0.0895324986087
-0.0841607309273
-0.0785848496605
-0.0728553889251
-0.0670250169073
-0.061147585393
-0.0552771556924
-0.0494670374949
-0.0437688753234
-0.0382318132928
-0.0329017632972
-0.0278207951194
-0.023026659854
-0.018552451054
-0.014426401591
-0.0106718087129
-0.00730707543242
-0.00434585324411
-0.00179726925962
0.000333779940357
0.00204628526776
0.00199966087883
0.00289207832362
0.00339108545956
0.00350650605164
0.00325014052255
0.00263542814237
0.00167713342978
0.000391060321744
-0.0012062037537
-0.00309751296685
-0.0052653573791
-0.00769202724139
-0.0103597486691
-0.013250792458
-0.016347558054
-0.0196326348197
-0.0230888427746
-0.0266992549475
-0.0304472033945
-0.0343162708142
-0.0382902695621
-0.0423532097254
-0.0464892577905
-0.0506826873339
-0.0549178230774
-0.0591789795996
-0.0634503959914
-0.0677161677666
-0.0719601774205
-0.0761660251561
-0.0803169614708
-0.0843958235189
-0.0883849774357
-0.0922662691149
-0.0960209862631
-0.0996298349142
-0.103072933926
-0.106329831301
-0.109379546439
-0.112200642566
-0.114771333622
-0.117069629697
-0.11907352467
-0.120761229001
-0.122111449529
-0.123103716675
-0.123718757601
-0.12393891159
-0.123748581314
-0.123134710775
-0.122087277669
-0.120599784966
-0.118669733798
-0.116299057564
-0.113494495852
-0.110267886479
-0.106636355008
-0.102622383599
-0.0982537449861
-0.0935632927259
-0.088588605295
-0.0833714887244
-0.0779573498023
-0.0723944587962
-0.0667331266065
-0.061024825768
-0.0553212873708
-0.0496736065895
-0.0441313881202
-0.0387419595972
-0.0335496763794
-0.0285953354044
-0.0239157096062
-0.0195432081728
-0.0155056620887
-0.0118262292985
-0.00852340967248
-0.00561115684942
-0.00309907200973
-0.000992663627992
0.000706342856185
0.000997585668572
0.00189383473789
0.00240319552049
0.00253486943385
0.00230004761447
0.00171158417015
0.0007836911787
-0.000468340808397
-0.00202839437962
-0.00387974779548
-0.00600526821323
-0.00838757614949
-0.0110091823129
-0.0138525983584
-0.0169004233896
-0.0201354081983
-0.023540499288
-0.0270988647235
-0.0307939037837
-0.0346092422983
-0.0385287154392
-0.0425363396113
-0.0466162749773
-0.0507527800545
-0.0549301597452
-0.0591327081181
-0.0633446472548
-0.0675500635009
-0.0717328425397
-0.0758766048275
-0.0799646430911
-0.0839798637976
-0.0879047347597
-0.0917212413191
-0.0954108538579
-0.0989545097082
-0.102332612835
-0.10552505494
-0.108511261849
-0.111270269147
-0.113780830998
-0.116021565853
-0.117971142313
-0.119608507641
-0.120913160373
-0.121865467055
-0.122447021344
-0.12264104157
-0.122432800436
-0.121810077848
-0.120763625141
-0.119287626268
-0.117380139173
-0.115043498657
-0.112284661004
-0.109115470489
-0.105552829011
-0.101618752443
-0.0973403009992
-0.0927493757759
-0.0878823794853
-0.0827797458184
-0.0774853484789
-0.0720458071712
-0.0665097132164
-0.0609268015868
-0.0553470986553
-0.0498200756538
-0.0443938367654
-0.0391143680349
-0.0340248692102
-0.0291651855835
-0.0245713513215
-0.0202752500997
-0.0163043934533
-0.0126818124438
-0.00942605424845
-0.00655127221264
-0.00406739582513
-0.00198036593211
-0.00029242020965
0.000332029909344
0.00123038604229
0.00174621150885
0.00188829986702
0.00166744178692
0.0010961057368
0.0001881388051
-0.00104150846016
-0.00257703066472
-0.0044019882673
-0.00649949996713
-0.00885240715817
-0.0114434114263
-0.0142551865005
-0.0172704663626
-0.0204721113996
-0.0238431545618
-0.0273668294995
-0.031026582608
-0.0348060708227
-0.0386891469143
-0.042659833918
-0.0467022902276
-0.0508007668003
-0.0549395578426
-0.0591029463125
-0.063275145566
-0.0674402385077
-0.0715821156757
-0.0756844138113
-0.0797304566193
-0.0837031996209
-0.0875851812476
-0.0913584825821
-0.0950046984447
-0.0985049228214
-0.101839751906
-0.104989308276
-0.107933289903
-0.110651047776
-0.113121695844
-0.115324256746
-0.117237846321
-0.118841899119
-0.120116436114
-0.121042374383
-0.121601876832
-0.121778737966
-0.121558799377
-0.120930386141
-0.119884752687
-0.118416524268
-0.116524117959
-0.114210125412
-0.111481638698
-0.108350500535
-0.1048334613
-0.100952227563
-0.0967333903276
-0.0922082258032
-0.0874123669746
-0.0823853502356
-0.0771700475018
-0.0718120000272
-0.0663586751846
-0.0608586713497
-0.0553608984238
-0.0499137622896
-0.0445643806022
-0.0393578548878
-0.034336620223
-0.0295398891285
-0.0250032011295
-0.0207580841064
-0.016831828437
-0.0132473703158
-0.0100232767553
-0.00717382174606
-0.00470914093841
-0.00263545098649
-0.000955319282025
3.09224302559e-13
0.000899276276451
0.00141820340348
0.00156537312777
0.00135137761556
0.000788493871948
-0.000109612499747
-0.00132816025808
-0.00285149960019
-0.00466333190698
-0.00674690167506
-0.00908516093173
-0.0116609070325
-0.0144568951824
-0.0174559273247
-0.0206409192293
-0.0239949477011
-0.0275012798479
-0.0311433863106
-0.0349049402818
-0.038769804048
-0.0427220046855
-0.0467457004394
-0.0508251392324
-0.0549446106808
-0.0590883929583
-0.0632406958448
-0.0673856013281
-0.0715070031938
-0.0755885471618
-0.0796135732734
-0.08356506243
-0.0874255892201
-0.0911772834257
-0.0948018028774
-0.0982803206176
-0.101593529593
-0.104721668331
-0.107644571225
-0.110341747102
-0.112792489681
-0.114976023269
-0.11687168654
-0.118459156511
-0.119718713762
-0.120631548576
-0.121180105976
-0.121348465616
-0.121122750233
-0.120491553896
-0.119446378837
-0.117982067217
-0.116097212115
-0.11379453045
-0.111081179646
-0.107968999929
-0.104474665228
-0.100619727931
-0.096430546163
-0.0919380866707
-0.0871776017377
-0.082188184293
-0.077012211328
-0.0716946913293
-0.0662825363102
-0.0608237827746
-0.0553667883032
-0.0499594312257
-0.0446483400441
-0.0394781769837
-0.0344909965284
-0.0297256953559
-0.0252175650938
-0.0209979541617
-0.017094039979
-0.0135287082996
-0.0103205326143
-0.0074838435516
-0.00502887608158
-0.00296198107112
-0.00128588726527
)
;

boundaryField
{
    left
    {
        type            cyclic;
    }
    right
    {
        type            cyclic;
    }
    bottom
    {
        type            cyclic;
    }
    top
    {
        type            cyclic;
    }
    frontAndBack
    {
        type            empty;
    }
}


// ************************************************************************* //
