/*--------------------------------*- C++ -*----------------------------------*\
| =========                 |                                                 |
| \\      /  F ield         | OpenFOAM: The Open Source CFD Toolbox           |
|  \\    /   O peration     | Version:  v2106                                 |
|   \\  /    A nd           | Website:  www.openfoam.com                      |
|    \\/     M anipulation  |                                                 |
\*---------------------------------------------------------------------------*/
FoamFile
{
    version     2.0;
    format      ascii;
    arch        "LSB;label=32;scalar=64";
    class       volVectorField;
    location    "12.5";
    object      U;
}
// * * * * * * * * * * * * * * * * * * * * * * * * * * * * * * * * * * * * * //

dimensions      [0 1 -1 0 0 0 0];

internalField   nonuniform List<vector> 
6561
(
(-0.285136047833 0.00148980399173 0)
(-0.287903237375 0.00126511980265 0)
(-0.290206617409 0.00102680051542 0)
(-0.292020501925 0.000776651089764 0)
(-0.293323071166 0.000516723193427 0)
(-0.294096848708 0.000249291781381 0)
(-0.29432912357 -2.31763235659e-05 0)
(-0.294012301533 -0.000298061309617 0)
(-0.293144171345 -0.000572635765965 0)
(-0.291728073782 -0.000844115247511 0)
(-0.2897729646 -0.00110971234239 0)
(-0.2872933661 -0.00136669231698 0)
(-0.284309206117 -0.00161242826683 0)
(-0.280845547515 -0.00184445367806 0)
(-0.276932215488 -0.00206051040859 0)
(-0.272603333802 -0.00225859032518 0)
(-0.267896784412 -0.00243696916342 0)
(-0.262853607393 -0.00259423158696 0)
(-0.257517359755 -0.00272928687657 0)
(-0.251933452368 -0.00284137514404 0)
(-0.246148483991 -0.00293006440655 0)
(-0.240209590244 -0.0029952392453 0)
(-0.23416382359 -0.00303708208631 0)
(-0.228057577945 -0.00305604836792 0)
(-0.221936068855 -0.00305283699409 0)
(-0.21584287722 -0.00302835751851 0)
(-0.209819561649 -0.00298369547095 0)
(-0.203905341728 -0.00292007713827 0)
(-0.198136852027 -0.0028388349637 0)
(-0.192547964416 -0.00274137454707 0)
(-0.187169674585 -0.00262914403053 0)
(-0.182030047212 -0.00250360645349 0)
(-0.177154213309 -0.00236621546806 0)
(-0.172564412671 -0.00221839463113 0)
(-0.168280074094 -0.00206152033615 0)
(-0.164317926041 -0.00189690832058 0)
(-0.160692130722 -0.00172580358451 0)
(-0.157414434923 -0.00154937348116 0)
(-0.154494331523 -0.00136870368846 0)
(-0.151939226238 -0.00118479674114 0)
(-0.149754604788 -0.000998572789698 0)
(-0.147944196392 -0.000810872253806 0)
(-0.146510130125 -0.000622460050325 0)
(-0.14545308132 -0.000434031095412 0)
(-0.144772405755 -0.000246216805281 0)
(-0.144466259906 -5.95923476376e-05 0)
(-0.144531706014 0.000125315576234 0)
(-0.144964801108 0.000308020611168 0)
(-0.14576066951 0.000488068456604 0)
(-0.146913558625 0.000665028548451 0)
(-0.148416878123 0.000838485839461 0)
(-0.150263222807 0.00100803278771 0)
(-0.152444379706 0.00117326165136 0)
(-0.154951320095 0.00133375717999 0)
(-0.157774177315 0.0014890897887 0)
(-0.160902211448 0.00163880930123 0)
(-0.16432376206 0.00178243935086 0)
(-0.168026190427 0.00191947253369 0)
(-0.171995812819 0.00204936641703 0)
(-0.176217826671 0.0021715405153 0)
(-0.180676231666 0.00228537435646 0)
(-0.185353748052 0.00239020677289 0)
(-0.19023173475 0.00248533656004 0)
(-0.195290110137 0.00257002465365 0)
(-0.200507278697 0.00264349798003 0)
(-0.205860067014 0.00270495513193 0)
(-0.211323672924 0.00275357401381 0)
(-0.216871631894 0.00278852158222 0)
(-0.222475804947 0.00280896577819 0)
(-0.228106392595 0.00281408970671 0)
(-0.233731979337 0.00280310806229 0)
(-0.239319613201 0.00277528572768 0)
(-0.244834924601 0.00272995838536 0)
(-0.25024228837 0.00266655487766 0)
(-0.255505032191 0.0025846209345 0)
(-0.260585693789 0.00248384375993 0)
(-0.265446328075 0.00236407683537 0)
(-0.270048864043 0.00222536416625 0)
(-0.274355509517 0.00206796307699 0)
(-0.278329199968 0.00189236455958 0)
(-0.281934085482 0.00169931011346 0)
(-0.284201465185 0.00447942987409 0)
(-0.286988923544 0.00380553659854 0)
(-0.289312719079 0.00309055420215 0)
(-0.291146791211 0.00233989436572 0)
(-0.29246894463 0.00155971475532 0)
(-0.293261338546 0.000756848999837 0)
(-0.293510921182 -6.12876242926e-05 0)
(-0.293209793069 -0.000886815205748 0)
(-0.292355484148 -0.00171152606321 0)
(-0.290951132017 -0.00252703742764 0)
(-0.289005551809 -0.00332495487561 0)
(-0.286533191987 -0.00409704066519 0)
(-0.2835539746 -0.00483538067146 0)
(-0.280093023023 -0.00553254353884 0)
(-0.276180284598 -0.00618172598266 0)
(-0.271850059626 -0.00677687886261 0)
(-0.267140451634 -0.00731280966145 0)
(-0.262092756434 -0.00778525825345 0)
(-0.256750809202 -0.00819094423597 0)
(-0.251160309479 -0.00852758551589 0)
(-0.245368143701 -0.00879388918857 0)
(-0.239421723656 -0.00898951692836 0)
(-0.233368357336 -0.00911502806412 0)
(-0.227254666143 -0.00917180419831 0)
(-0.221126059508 -0.00916195963111 0)
(-0.21502627499 -0.0090882419831 0)
(-0.208996988817 -0.00895392730009 0)
(-0.20307749905 -0.00876271361456 0)
(-0.197304480914 -0.00851861648107 0)
(-0.19171181166 -0.00822586944689 0)
(-0.18633046054 -0.0078888318153 0)
(-0.181188438076 -0.00751190544803 0)
(-0.176310797911 -0.00709946176921 0)
(-0.17171968391 -0.00665577960337 0)
(-0.167434415021 -0.00618499401878 0)
(-0.163471600397 -0.00569105596527 0)
(-0.159845277631 -0.0051777021945 0)
(-0.15656706738 -0.00464843472785 0)
(-0.153646338245 -0.00410650898524 0)
(-0.151090376437 -0.0035549296003 0)
(-0.148904555433 -0.00299645291142 0)
(-0.14709250153 -0.00243359512422 0)
(-0.145656251884 -0.0018686451804 0)
(-0.144596402224 -0.00130368142868 0)
(-0.143912242066 -0.000740591270118 0)
(-0.143601875712 -0.00018109303363 0)
(-0.143662327853 0.000373240576912 0)
(-0.144089632945 0.000920958039587 0)
(-0.14487890792 0.00146070407366 0)
(-0.146024408066 0.00199119463192 0)
(-0.147519566207 0.00251119219821 0)
(-0.149357015492 0.0030194817155 0)
(-0.151528596338 0.00351484743565 0)
(-0.154025348235 0.00399605095791 0)
(-0.156837487278 0.00446181071183 0)
(-0.159954370475 0.00491078313979 0)
(-0.163364448018 0.00534154584235 0)
(-0.167055204912 0.0057525829677 0)
(-0.171013093514 0.006142273151 0)
(-0.17522345876 0.00650888033878 0)
(-0.179670458103 0.0068505478665 0)
(-0.184336978392 0.00716529619025 0)
(-0.189204552273 0.00745102470349 0)
(-0.19425327691 0.00770551809275 0)
(-0.199461738211 0.00792645769897 0)
(-0.204806944007 0.00811143834704 0)
(-0.210264269981 0.00825799108137 0)
(-0.215807422431 0.00836361219378 0)
(-0.221408422192 0.00842579884475 0)
(-0.227037614232 0.00844209145638 0)
(-0.232663707562 0.00841012288835 0)
(-0.238253850028 0.00832767419473 0)
(-0.243773742395 0.00819273649631 0)
(-0.249187795771 0.00800357819312 0)
(-0.254459335783 0.00775881638864 0)
(-0.259550856096 0.00745749101073 0)
(-0.264424322741 0.00709913971029 0)
(-0.269041529283 0.00668387121703 0)
(-0.27336450121 0.00621243445935 0)
(-0.27735594596 0.00568628044499 0)
(-0.280979742886 0.0051076136862 0)
(-0.282328954474 0.00749906772073 0)
(-0.285156884625 0.00637646178536 0)
(-0.287521481448 0.00518475974657 0)
(-0.289395931659 0.00393296982903 0)
(-0.290757284189 0.00263136322285 0)
(-0.291586964056 0.0012913582172 0)
(-0.291871231994 -7.46371528758e-05 0)
(-0.291601572085 -0.00145342136702 0)
(-0.290774991066 -0.0028312298468 0)
(-0.289394215346 -0.00419399274039 0)
(-0.287467775061 -0.00552761145071 0)
(-0.285009968568 -0.00681824391523 0)
(-0.282040705371 -0.00805258783239 0)
(-0.278585230349 -0.00921815086963 0)
(-0.274673736954 -0.0103034974153 0)
(-0.270340881497 -0.0112984626218 0)
(-0.265625214391 -0.0121943262316 0)
(-0.26056854712 -0.0129839408428 0)
(-0.255215275481 -0.0136618116746 0)
(-0.249611680383 -0.014224127345 0)
(-0.243805227088 -0.014668743493 0)
(-0.237843882382 -0.0149951231086 0)
(-0.231775467049 -0.0152042390627 0)
(-0.225647058162 -0.0152984454878 0)
(-0.219504452629 -0.0152813253304 0)
(-0.213391700075 -0.0151575215944 0)
(-0.207350709917 -0.0149325595791 0)
(-0.201420934443 -0.0146126668647 0)
(-0.195639126995 -0.0142045969896 0)
(-0.190039172088 -0.013715461803 0)
(-0.184651982465 -0.0131525764306 0)
(-0.179505456732 -0.0125233197482 0)
(-0.174624490325 -0.0118350122592 0)
(-0.170031032042 -0.0110948123782 0)
(-0.165744178241 -0.0103096313436 0)
(-0.161780296919 -0.00948606634542 0)
(-0.158153174294 -0.00863035095108 0)
(-0.154874176997 -0.00774832155038 0)
(-0.151952423669 -0.00684539829072 0)
(-0.149394960442 -0.00592657883787 0)
(-0.147206935522 -0.00499644324554 0)
(-0.145391768828 -0.00405916823532 0)
(-0.143951313323 -0.0031185492617 0)
(-0.142886005339 -0.00217802884539 0)
(-0.142195001758 -0.00124072979057 0)
(-0.141876302491 -0.000309492046464 0)
(-0.141926857098 0.000613087880889 0)
(-0.14234265484 0.001524615919 0)
(-0.143118797772 0.00242285864338 0)
(-0.144249556793 0.00330570142391 0)
(-0.1457284108 0.0041711071121 0)
(-0.14754806931 0.00501707580023 0)
(-0.14970047911 0.00584160612561 0)
(-0.152176815631 0.00664265855371 0)
(-0.154967459928 0.00741812105495 0)
(-0.158061962263 0.0081657775893 0)
(-0.161448993467 0.00888327982792 0)
(-0.16511628541 0.00956812257077 0)
(-0.16905056208 0.0102176233624 0)
(-0.173237462991 0.010828906858 0)
(-0.177661460849 0.0113988945491 0)
(-0.182305775653 0.0119243005157 0)
(-0.187152287707 0.0124016339241 0)
(-0.192181452298 0.0128272090335 0)
(-0.197372219127 0.0131971634982 0)
(-0.202701959914 0.0135074857545 0)
(-0.208146407942 0.0137540522405 0)
(-0.21367961361 0.0139326751251 0)
(-0.219273920377 0.0140391610813 0)
(-0.224899965701 0.0140693814445 0)
(-0.23052671173 0.0140193538236 0)
(-0.236121510544 0.0138853348816 0)
(-0.241650208624 0.0136639235661 0)
(-0.247077294923 0.0133521735531 0)
(-0.252366096374 0.0129477130742 0)
(-0.257479023896 0.0124488696417 0)
(-0.262377870853 0.0118547964985 0)
(-0.26702416455 0.0111655969261 0)
(-0.271379569656 0.010382441896 0)
(-0.275406340449 0.00950767599778 0)
(-0.279067816559 0.0085449061864 0)
(-0.279511802225 0.0105685832301 0)
(-0.282400269378 0.00899815421954 0)
(-0.284825988583 0.00732969563656 0)
(-0.286761008638 0.00557579332098 0)
(-0.288181233217 0.00375084295704 0)
(-0.289066972379 0.00187088976029 0)
(-0.289403440779 -4.65920517887e-05 0)
(-0.289181182822 -0.00198297657458 0)
(-0.28839640633 -0.00391881369229 0)
(-0.287051208697 -0.00583419700746 0)
(-0.285153683065 -0.00770915980351 0)
(-0.282717896477 -0.00952408452594 0)
(-0.279763737142 -0.0112601100082 0)
(-0.276316633402 -0.0128995203816 0)
(-0.272407152475 -0.0144261003514 0)
(-0.268070492101 -0.015825443256 0)
(-0.263345882485 -0.0170852008959 0)
(-0.258275919212 -0.0181952673292 0)
(-0.252905849811 -0.0191478923853 0)
(-0.247282837365 -0.0199377242743 0)
(-0.241455224046 -0.0205617840877 0)
(-0.235471815798 -0.0210193779569 0)
(-0.22938120683 -0.0213119550003 0)
(-0.223231159397 -0.0214429208508 0)
(-0.217068050731 -0.0214174174788 0)
(-0.210936395312 -0.0212420802613 0)
(-0.204878447052 -0.0209247828753 0)
(-0.198933882653 -0.0204743797334 0)
(-0.193139564522 -0.0199004544637 0)
(-0.187529379221 -0.0192130815001 0)
(-0.182134145577 -0.0184226063173 0)
(-0.176981585249 -0.0175394483145 0)
(-0.172096347686 -0.0165739289209 0)
(-0.167500081053 -0.0155361262034 0)
(-0.163211540607 -0.0144357561589 0)
(-0.15924672633 -0.0132820799728 0)
(-0.155619042059 -0.0120838358309 0)
(-0.152339469035 -0.0108491933708 0)
(-0.14941674752 -0.00958572853146 0)
(-0.146857560916 -0.00830041638223 0)
(-0.14466671764 -0.00699963946022 0)
(-0.142847326762 -0.00568920918865 0)
(-0.141400964165 -0.00437439806584 0)
(-0.140327826634 -0.00305998048146 0)
(-0.139626871911 -0.00175028021346 0)
(-0.139295943243 -0.000449222871821 0)
(-0.139331877456 0.000839608234114 0)
(-0.139730595929 0.00211291412305 0)
(-0.1404871782 0.00336762119611 0)
(-0.141595918209 0.00460082228727 0)
(-0.143050363384 0.00580971853949 0)
(-0.144843336998 0.00699156282514 0)
(-0.146966944371 0.00814360534896 0)
(-0.149412563628 0.00926304201642 0)
(-0.152170821868 0.010346966124 0)
(-0.155231557725 0.011392323929 0)
(-0.158583771423 0.0123958746781 0)
(-0.162215563599 0.0133541557176 0)
(-0.166114064296 0.0142634533722 0)
(-0.170265353754 0.0151197803509 0)
(-0.174654376801 0.0159188605244 0)
(-0.179264852926 0.0166561220027 0)
(-0.184079184369 0.017326699524 0)
(-0.189078364875 0.0179254472325 0)
(-0.194241892094 0.0184469629688 0)
(-0.199547686973 0.0188856252081 0)
(-0.204972023838 0.0192356437423 0)
(-0.210489475245 0.0194911251083 0)
(-0.216072876012 0.0196461535884 0)
(-0.221693311178 0.0196948883504 0)
(-0.227320132823 0.0196316769222 0)
(-0.232921010858 0.0194511847203 0)
(-0.238462022859 0.0191485397446 0)
(-0.243907787816 0.018719490827 0)
(-0.249221648262 0.0181605769823 0)
(-0.254365904525 0.0174693044723 0)
(-0.259302103863 0.016644327196 0)
(-0.263991385865 0.015685625004 0)
(-0.268394883833 0.0145946735636 0)
(-0.272474179777 0.0133745985622 0)
(-0.276191808325 0.0120303064026 0)
(-0.27573988183 0.0137076174544 0)
(-0.278708729078 0.0116907427107 0)
(-0.281215781252 0.00954559776447 0)
(-0.283231553619 0.00728831534041 0)
(-0.284730401215 0.00493742757023 0)
(-0.285691121855 0.00251366348065 0)
(-0.286097507465 3.96653126036e-05 0)
(-0.285938821191 -0.00246037226229 0)
(-0.285210178885 -0.00496113155709 0)
(-0.283912816029 -0.00743665714524 0)
(-0.282054225026 -0.00986088039768 0)
(-0.279648152771 -0.0122081636904 0)
(-0.276714454335 -0.0144538428478 0)
(-0.273278804952 -0.0165747459019 0)
(-0.269372278921 -0.0185496672093 0)
(-0.26503080996 -0.0203597783285 0)
(-0.260294552592 -0.0219889606054 0)
(-0.255207167929 -0.0234240488539 0)
(-0.249815059527 -0.0246549804437 0)
(-0.244166585726 -0.0256748491152 0)
(-0.238311274146 -0.026479867534 0)
(-0.23229906193 -0.0270692466536 0)
(-0.226179582254 -0.0274450031375 0)
(-0.220001513762 -0.0276117082855 0)
(-0.213812005439 -0.0275761930714 0)
(-0.207656185115 -0.0273472241193 0)
(-0.201576755746 -0.026935164832 0)
(-0.195613679941 -0.0263516346255 0)
(-0.189803950037 -0.0256091775015 0)
(-0.184181438528 -0.0247209491899 0)
(-0.17877682173 -0.0237004299947 0)
(-0.173617568296 -0.0225611684067 0)
(-0.168727983439 -0.0213165586235 0)
(-0.164129299486 -0.0199796534143 0)
(-0.159839803498 -0.0185630123246 0)
(-0.155874993146 -0.0170785840566 0)
(-0.152247752658 -0.0155376209769 0)
(-0.148968541475 -0.0139506230851 0)
(-0.146045589126 -0.0123273083795 0)
(-0.143485090704 -0.0106766063636 0)
(-0.141291398252 -0.00900667140246 0)
(-0.139467204184 -0.00732491272121 0)
(-0.138013713632 -0.00563803802046 0)
(-0.136930803339 -0.00395210791995 0)
(-0.136217165291 -0.00227259871538 0)
(-0.135870433857 -0.000604471223625 0)
(-0.13588729559 0.00104775622556 0)
(-0.136263581291 0.00267993231988 0)
(-0.136994340169 0.00428819623941 0)
(-0.138073896242 0.00586890128454 0)
(-0.139495887275 0.00741853968289 0)
(-0.141253286749 0.0089336694574 0)
(-0.143338409461 0.0104108441338 0)
(-0.145742901491 0.0118465459945 0)
(-0.14845771536 0.0132371235549 0)
(-0.151473071309 0.0145787339378 0)
(-0.154778405754 0.0158672908557 0)
(-0.158362308055 0.0170984189677 0)
(-0.162212446927 0.0182674154643 0)
(-0.166315487948 0.0193692198313 0)
(-0.170657003839 0.0203983928617 0)
(-0.175221379425 0.0213491061012 0)
(-0.179991713446 0.0222151430295 0)
(-0.184949719707 0.0229899133811 0)
(-0.190075630394 0.0236664820819 0)
(-0.195348104793 0.0242376143149 0)
(-0.200744146999 0.0246958381993 0)
(-0.206239036695 0.025033526472 0)
(-0.211806277437 0.0252429983596 0)
(-0.217417567333 0.0253166425212 0)
(-0.223042797292 0.0252470614939 0)
(-0.228650082331 0.0250272374728 0)
(-0.234205831516 0.0246507184989 0)
(-0.239674862088 0.0241118231909 0)
(-0.245020563032 0.0234058610686 0)
(-0.250205112802 0.0225293642762 0)
(-0.255189755007 0.0214803251771 0)
(-0.259935134596 0.0202584329043 0)
(-0.264401695371 0.0188653006037 0)
(-0.268550137564 0.0173046738952 0)
(-0.272341931665 0.0155826101286 0)
(-0.270999586565 0.0169354739565 0)
(-0.274068331118 0.0144741535949 0)
(-0.276676753545 0.0118526249456 0)
(-0.27879342652 0.00909052061444 0)
(-0.280390734683 0.00621051846174 0)
(-0.281445544146 0.00323810030907 0)
(-0.281939822973 0.000201205539942 0)
(-0.281861186412 -0.00287021603845 0)
(-0.281203341487 -0.00594474184185 0)
(-0.279966408083 -0.00899008862988 0)
(-0.278157097872 -0.0119737778334 0)
(-0.275788738175 -0.0148638286649 0)
(-0.272881134757 -0.0176294509615 0)
(-0.26946027516 -0.020241708916 0)
(-0.265557881855 -0.0226741280344 0)
(-0.26121083165 -0.0249032207534 0)
(-0.256460463875 -0.0269089108767 0)
(-0.251351804364 -0.028674842933 0)
(-0.245932734943 -0.0301885691537 0)
(-0.240253138893 -0.0314416134548 0)
(-0.234364051771 -0.0324294180303 0)
(-0.228316844328 -0.0331511834906 0)
(-0.222162460405 -0.0336096175991 0)
(-0.215950728011 -0.0338106104143 0)
(-0.209729756784 -0.0337628550262 0)
(-0.203545429976 -0.0334774331843 0)
(-0.197440994447 -0.0329673841536 0)
(-0.191456747951 -0.0322472733338 0)
(-0.185629819612 -0.0313327748186 0)
(-0.179994036746 -0.0302402793866 0)
(-0.174579869295 -0.0289865366415 0)
(-0.169414441939 -0.0275883373327 0)
(-0.164521603346 -0.0260622394168 0)
(-0.159922041988 -0.0244243392706 0)
(-0.155633438306 -0.0226900876672 0)
(-0.151670643663 -0.0208741487107 0)
(-0.148045877408 -0.018990298864 0)
(-0.144768934356 -0.0170513624887 0)
(-0.141847396033 -0.0150691798742 0)
(-0.139286840074 -0.0130546035557 0)
(-0.137091043158 -0.0110175187218 0)
(-0.135262173763 -0.00896688366827 0)
(-0.133800971875 -0.00691078651869 0)
(-0.132706913487 -0.00485651475703 0)
(-0.131978358359 -0.00281063448535 0)
(-0.131612680036 -0.000779076696313 0)
(-0.131606377545 0.00123277178327 0)
(-0.131955168552 0.00321997467508 0)
(-0.132654064022 0.00517795164391 0)
(-0.133697424664 0.00710238412254 0)
(-0.13507899958 0.008989122758 0)
(-0.136791947693 0.010834097493 0)
(-0.138828842595 0.0126332311688 0)
(-0.141181661575 0.0143823574489 0)
(-0.143841759603 0.0160771438288 0)
(-0.146799829168 0.0177130204959 0)
(-0.150045846916 0.0192851158522 0)
(-0.15356900812 0.0207881995838 0)
(-0.157357650146 0.0222166342737 0)
(-0.161399166213 0.0235643366845 0)
(-0.165679910927 0.024824749985 0)
(-0.170185099272 0.0259908283583 0)
(-0.174898701036 0.0270550355819 0)
(-0.179803332928 0.0280093593156 0)
(-0.184880151029 0.0288453429523 0)
(-0.190108746606 0.0295541369511 0)
(-0.195467048792 0.0301265715824 0)
(-0.200931238105 0.0305532529263 0)
(-0.206475675289 0.0308246837693 0)
(-0.212072850473 0.0309314107047 0)
(-0.21769335813 0.030864198236 0)
(-0.223305903704 0.0306142299851 0)
(-0.228877348133 0.0301733362009 0)
(-0.234372796606 0.029534245629 0)
(-0.239755737815 0.0286908584547 0)
(-0.244988239636 0.0276385354763 0)
(-0.250031206385 0.026374396945 0)
(-0.254844701678 0.0248976227039 0)
(-0.259388339247 0.0232097434425 0)
(-0.263621741905 0.0213149112128 0)
(-0.267505066131 0.0192201359664 0)
(-0.265273741603 0.0202709817276 0)
(-0.268461443674 0.0173680166352 0)
(-0.271191013447 0.0142708057799 0)
(-0.27342865589 0.0110024122689 0)
(-0.275144340799 0.00758966122827 0)
(-0.276312555217 0.00406286476941 0)
(-0.276913011001 0.000455414066711 0)
(-0.276931276603 -0.00319675728313 0)
(-0.276359302501 -0.00685582680527 0)
(-0.275195812192 -0.0104828340842 0)
(-0.273446535333 -0.0140385025381 0)
(-0.271124266298 -0.0174840997851 0)
(-0.268248739629 -0.0207823006564 0)
(-0.264846323111 -0.023898015654 0)
(-0.26094953857 -0.026799149044 0)
(-0.256596429341 -0.0294572547522 0)
(-0.251829800749 -0.0318480644252 0)
(-0.24669636549 -0.0339518698383 0)
(-0.241245828918 -0.0357537505273 0)
(-0.235529950007 -0.0372436462793 0)
(-0.229601612198 -0.0384162822254 0)
(-0.223513934881 -0.0392709611171 0)
(-0.217319451339 -0.0398112425646 0)
(-0.211069373235 -0.040044532372 0)
(-0.204812955536 -0.0399816066382 0)
(-0.198596969832 -0.0396360951739 0)
(-0.192465288466 -0.0390239473011 0)
(-0.186458577212 -0.0381629005827 0)
(-0.180614090399 -0.0370719698498 0)
(-0.174965559569 -0.0357709703625 0)
(-0.169543164819 -0.0342800853633 0)
(-0.164373576938 -0.0326194848731 0)
(-0.159480058063 -0.0308089995009 0)
(-0.154882608846 -0.028867850398 0)
(-0.150598150749 -0.0268144343297 0)
(-0.146640733064 -0.0246661611603 0)
(-0.1430217554 -0.0224393398426 0)
(-0.139750197604 -0.0201491082099 0)
(-0.136832850337 -0.0178094014264 0)
(-0.134274540731 -0.0154329538137 0)
(-0.132078348637 -0.0130313288523 0)
(-0.130245810021 -0.0106149724096 0)
(-0.128777104903 -0.00819328461782 0)
(-0.127671228017 -0.00577470626517 0)
(-0.126926140978 -0.00336681603732 0)
(-0.126538905273 -0.000976435427734 0)
(-0.126505795794 0.00139026140726 0)
(-0.126822394942 0.00372763514407 0)
(-0.127483667599 0.00603046805295 0)
(-0.128484017394 0.00829385161492 0)
(-0.12981732486 0.0105130763121 0)
(-0.131476968132 0.012683524697 0)
(-0.133455826896 0.0148005686962 0)
(-0.135746270337 0.0168594720023 0)
(-0.138340129879 0.0188552983688 0)
(-0.14122865749 0.0207828266281 0)
(-0.144402470434 0.0226364733099 0)
(-0.147851483337 0.0244102238321 0)
(-0.151564828557 0.0260975733739 0)
(-0.155530765951 0.0276914787045 0)
(-0.159736583271 0.029184322432 0)
(-0.164168488637 0.0305678913419 0)
(-0.168811496769 0.031833370702 0)
(-0.173649310974 0.0329713566085 0)
(-0.178664203267 0.0339718886217 0)
(-0.183836895415 0.0348245050607 0)
(-0.189146444209 0.0355183233825 0)
(-0.194570134821 0.0360421480257 0)
(-0.200083386705 0.0363846079222 0)
(-0.20565967714 0.036534325546 0)
(-0.211270488145 0.0364801188271 0)
(-0.216885283131 0.0362112364931 0)
(-0.222471520148 0.0357176263671 0)
(-0.227994709037 0.0349902348317 0)
(-0.233418519916 0.0340213340637 0)
(-0.238704950384 0.0328048717476 0)
(-0.243814558279 0.0313368358454 0)
(-0.248706765873 0.029615624698 0)
(-0.253340239816 0.0276424103668 0)
(-0.257673348956 0.025421480864 0)
(-0.261664699275 0.0229605449491 0)
(-0.258541496484 0.0237323250796 0)
(-0.261866591551 0.020391541165 0)
(-0.26473670613 0.0168199596952 0)
(-0.267115234384 0.0130439745113 0)
(-0.268969260169 0.00909454501173 0)
(-0.270270410441 0.00500689465578 0)
(-0.270995670207 0.000820043981276 0)
(-0.271128122175 -0.00342381863539 0)
(-0.270657573876 -0.00768011539175 0)
(-0.269581037407 -0.0119027834586 0)
(-0.267903032089 -0.0160452727674 0)
(-0.265635688153 -0.0200615968473 0)
(-0.262798639551 -0.0239073912013 0)
(-0.259418705283 -0.0275409317558 0)
(-0.255529370385 -0.0309240674965 0)
(-0.251170088655 -0.0340230264663 0)
(-0.246385438542 -0.0368090623407 0)
(-0.241224170334 -0.0392589190237 0)
(-0.235738186602 -0.0413551020637 0)
(-0.22998149847 -0.0430859570826 0)
(-0.224009198097 -0.0444455658425 0)
(-0.217876483109 -0.0454334792597 0)
(-0.211637762471 -0.0460543131103 0)
(-0.205345865949 -0.0463172361577 0)
(-0.19905137181 -0.0462353820181 0)
(-0.192802060134 -0.045825215553 0)
(-0.18664249269 -0.0451058823344 0)
(-0.180613714903 -0.0440985662464 0)
(-0.174753071256 -0.0428258760455 0)
(-0.169094122486 -0.041311277121 0)
(-0.16366665111 -0.0395785801527 0)
(-0.15849674095 -0.037651494112 0)
(-0.153606916315 -0.0355532472931 0)
(-0.149016327106 -0.0333062768958 0)
(-0.144740967135 -0.0309319851505 0)
(-0.140793914315 -0.0284505580698 0)
(-0.137185582846 -0.0258808415827 0)
(-0.133923979048 -0.0232402689876 0)
(-0.131014953983 -0.0205448332605 0)
(-0.128462447391 -0.0178090977013 0)
(-0.126268718702 -0.0150462386068 0)
(-0.124434562004 -0.0122681140414 0)
(-0.122959502752 -0.009485353295 0)
(-0.121841974798 -0.00670746219058 0)
(-0.121079476953 -0.00394294001129 0)
(-0.120668708763 -0.00119940441268 0)
(-0.120605685582 0.00151627875168 0)
(-0.120885833298 0.00419786324598 0)
(-0.121504063238 0.00683959000984 0)
(-0.122454827946 0.00943605617406 0)
(-0.123732158546 0.0119820869313 0)
(-0.125329684482 0.0144726114123 0)
(-0.127240636409 0.0169025435455 0)
(-0.129457832981 0.0192666687637 0)
(-0.131973652306 0.021559537377 0)
(-0.134779988764 0.0237753654473 0)
(-0.137868195938 0.0259079440644 0)
(-0.141229016359 0.0279505580454 0)
(-0.144852498855 0.0298959152446 0)
(-0.148727904341 0.031736087863 0)
(-0.152843601005 0.033462467383 0)
(-0.157186950033 0.0350657350105 0)
(-0.161744183223 0.0365358497765 0)
(-0.166500274148 0.0378620567102 0)
(-0.1714388049 0.0390329177443 0)
(-0.176541830904 0.0400363682045 0)
(-0.18178974682 0.0408598018648 0)
(-0.187161157202 0.0414901875722 0)
(-0.192632756262 0.0419142203254 0)
(-0.198179221892 0.0421185093884 0)
(-0.203773129894 0.0420898054935 0)
(-0.20938489522 0.0418152683784 0)
(-0.214982747834 0.041282774783 0)
(-0.220532751466 0.0404812655481 0)
(-0.225998874107 0.0394011286038 0)
(-0.23134311925 0.0380346123956 0)
(-0.236525726779 0.0363762617074 0)
(-0.241505451625 0.0344233649776 0)
(-0.246239927 0.0321763991721 0)
(-0.250686116811 0.0296394552812 0)
(-0.254800858858 0.0268206247641 0)
(-0.250778200387 0.0273368301994 0)
(-0.254258283709 0.0235633528074 0)
(-0.257287798579 0.0195195834516 0)
(-0.259826866365 0.0152351062847 0)
(-0.261839183833 0.0107449785552 0)
(-0.263292997545 0.00608941299579 0)
(-0.264162049334 0.00131325620324 0)
(-0.264426448677 -0.00353473578323 0)
(-0.264073426345 -0.00840281089374 0)
(-0.263097925699 -0.0132372964265 0)
(-0.261502993694 -0.0179837969 0)
(-0.259299942844 -0.0225884643216 0)
(-0.256508267606 -0.0269992836249 0)
(-0.253155312724 -0.0311673130385 0)
(-0.249275705791 -0.0350478208688 0)
(-0.244910580209 -0.038601266575 0)
(-0.240106626438 -0.0417940844341 0)
(-0.234915017878 -0.0445992414379 0)
(-0.229390262235 -0.0469965558667 0)
(-0.223589029706 -0.0489727777465 0)
(-0.217569006115 -0.0505214457571 0)
(-0.211387812971 -0.0516425460863 0)
(-0.205102028231 -0.0523420066007 0)
(-0.1987663323 -0.0526310643059 0)
(-0.192432794439 -0.0525255455529 0)
(-0.186150305955 -0.0520450972363 0)
(-0.179964158934 -0.0512124039095 0)
(-0.173915763103 -0.0500524209608 0)
(-0.16804248881 -0.0485916483895 0)
(-0.162377621044 -0.0468574638343 0)
(-0.156950407757 -0.044877527794 0)
(-0.151786185251 -0.0426792687614 0)
(-0.146906563812 -0.0402894514626 0)
(-0.142329657874 -0.0377338276806 0)
(-0.138070346549 -0.0350368662461 0)
(-0.134140552154 -0.0322215566694 0)
(-0.130549526266 -0.0293092794943 0)
(-0.127304134688 -0.0263197356591 0)
(-0.12440913449 -0.023270926857 0)
(-0.121867437857 -0.0201791789751 0)
(-0.119680358869 -0.0170592010713 0)
(-0.117847840542 -0.0139241729116 0)
(-0.116368660416 -0.0107858547831 0)
(-0.115240613783 -0.00765471404101 0)
(-0.114460674252 -0.00454006360654 0)
(-0.114025131808 -0.00145020836048 0)
(-0.113929708872 0.00160740394364 0)
(-0.114169655064 0.00462603001206 0)
(-0.114739821525 0.00759947882076 0)
(-0.115634715719 0.0105219616903 0)
(-0.116848537637 0.0133879460461 0)
(-0.118375198298 0.0161920140051 0)
(-0.12020832141 0.0189287267358 0)
(-0.122341228947 0.0215924954141 0)
(-0.124766911373 0.0241774595491 0)
(-0.127477983121 0.0266773734782 0)
(-0.130466623937 0.0290855019107 0)
(-0.133724506591 0.0313945255446 0)
(-0.137242711535 0.0335964579785 0)
(-0.141011629024 0.0356825753849 0)
(-0.145020849374 0.0376433606936 0)
(-0.149259042102 0.0394684643568 0)
(-0.153713824935 0.0411466840961 0)
(-0.158371623919 0.0426659663796 0)
(-0.163217526255 0.0440134327065 0)
(-0.168235127926 0.0451754340629 0)
(-0.173406378791 0.0461376371448 0)
(-0.178711428475 0.046885146061 0)
(-0.184128477237 0.0474026632056 0)
(-0.18963363688 0.0476746927663 0)
(-0.195200807829 0.0476857898577 0)
(-0.200801579553 0.0474208574777 0)
(-0.206405162644 0.0468654923153 0)
(-0.211978361919 0.0460063788347 0)
(-0.217485600822 0.0448317289833 0)
(-0.222889008086 0.0433317622838 0)
(-0.228148577851 0.0414992180034 0)
(-0.233222414121 0.0393298875895 0)
(-0.238067069384 0.0368231517525 0)
(-0.242637985185 0.0339825026604 0)
(-0.246890039364 0.0308160279673 0)
(-0.241955263801 0.0311006960501 0)
(-0.245606813677 0.0269012789882 0)
(-0.248813824293 0.0223886922691 0)
(-0.251532663868 0.0175955163321 0)
(-0.25372310844 0.0125608349234 0)
(-0.255349459312 0.00732991588417 0)
(-0.256381645508 0.00195364223157 0)
(-0.256796258059 -0.00351230884266 0)
(-0.256577459952 -0.00900852540778 0)
(-0.255717716846 -0.0144731278351 0)
(-0.254218299794 -0.0198431959501 0)
(-0.252089522169 -0.0250562945514 0)
(-0.249350687919 -0.0300520255097 0)
(-0.246029746004 -0.0347735301509 0)
(-0.242162664574 -0.039168867391 0)
(-0.237792556208 -0.0431922011504 0)
(-0.232968600539 -0.0468047440858 0)
(-0.227744821173 -0.0499754221229 0)
(-0.222178779269 -0.0526812435905 0)
(-0.216330246257 -0.054907375873 0)
(-0.210259913583 -0.0566469495728 0)
(-0.20402818904 -0.05790062385 0)
(-0.197694118544 -0.0586759561266 0)
(-0.191314460396 -0.0589866245137 0)
(-0.184942927369 -0.0588515524348 0)
(-0.178629601288 -0.0582939826389 0)
(-0.17242051576 -0.0573405429551 0)
(-0.166357395676 -0.0560203396235 0)
(-0.160477537151 -0.054364106677 0)
(-0.154813808526 -0.052403432347 0)
(-0.149394751686 -0.0501700763526 0)
(-0.144244763006 -0.0476953855963 0)
(-0.139384334226 -0.0450098104245 0)
(-0.13483033533 -0.0421425193224 0)
(-0.130596323699 -0.0391211066894 0)
(-0.126692866118 -0.0359713860789 0)
(-0.123127862642 -0.0327172599008 0)
(-0.119906863558 -0.0293806558978 0)
(-0.11703337275 -0.025981520587 0)
(-0.114509132563 -0.0225378601691 0)
(-0.112334386826 -0.0190658200135 0)
(-0.110508119933 -0.0155797946286 0)
(-0.109028270914 -0.0120925609342 0)
(-0.107891922213 -0.00861542859762 0)
(-0.107095463458 -0.00515840212589 0)
(-0.106634730945 -0.00173035028785 0)
(-0.106505123799 0.00166082076172 0)
(-0.106701697965 0.00500799356676 0)
(-0.107219239208 0.00830466696319 0)
(-0.108052316327 0.0115447869738 0)
(-0.109195315709 0.0147225823853 0)
(-0.110642458274 0.0178324060784 0)
(-0.112387799717 0.0208685829663 0)
(-0.114425214869 0.0238252652646 0)
(-0.116748366809 0.0266962957686 0)
(-0.119350661291 0.029475079846 0)
(-0.12222518689 0.0321544669516 0)
(-0.125364641215 0.0347266426392 0)
(-0.128761243442 0.03718303228 0)
(-0.132406633437 0.0395142179809 0)
(-0.136291757724 0.0417098705343 0)
(-0.140406742655 0.0437586986153 0)
(-0.144740755321 0.0456484178524 0)
(-0.149281852922 0.0473657428294 0)
(-0.154016821745 0.0488964055108 0)
(-0.158931007287 0.0502252039889 0)
(-0.164008137703 0.0513360858019 0)
(-0.169230143506 0.0522122703322 0)
(-0.174576977318 0.0528364149016 0)
(-0.180026438579 0.0531908290922 0)
(-0.185554009329 0.0532577414515 0)
(-0.191132708536 0.0530196220287 0)
(-0.196732973911 0.0524595630339 0)
(-0.202322581617 0.0515617182492 0)
(-0.207866615706 0.0503117995614 0)
(-0.213327500319 0.0486976260805 0)
(-0.218665108488 0.046709717746 0)
(-0.223836961643 0.0443419211209 0)
(-0.228798533272 0.0415920503625 0)
(-0.233503668544 0.0384625213315 0)
(-0.237905128612 0.0349609517865 0)
(-0.232040012081 0.0350386547291 0)
(-0.235878035246 0.0304220686791 0)
(-0.239279587122 0.0254456018996 0)
(-0.242196786718 0.020144567368 0)
(-0.244584922251 0.0145619543293 0)
(-0.246403735836 0.008748127604 0)
(-0.24761871313 0.0027602229271 0)
(-0.248202313912 -0.00333876988045 0)
(-0.248135074204 -0.00948122383461 0)
(-0.247406510624 -0.0155963573918 0)
(-0.246015764085 -0.021611926142 0)
(-0.24397193295 -0.0274560476435 0)
(-0.241294064211 -0.0330590694699 0)
(-0.238010793681 -0.0383553838159 0)
(-0.23415965011 -0.0432850936292 0)
(-0.229786061123 -0.0477954453726 0)
(-0.224942118159 -0.0518419611105 0)
(-0.219685171084 -0.0553892255029 0)
(-0.214076329663 -0.0584113085972 0)
(-0.208178948595 -0.0608918301029 0)
(-0.202057166146 -0.062823692638 0)
(-0.195774555195 -0.0642085284794 0)
(-0.189392931376 -0.0650559157275 0)
(-0.182971347845 -0.0653824253776 0)
(-0.176565291575 -0.0652105611405 0)
(-0.170226083091 -0.0645676499427 0)
(-0.16400047093 -0.0634847340732 0)
(-0.157930404216 -0.0619955071176 0)
(-0.152052961481 -0.0601353262235 0)
(-0.146400410991 -0.0579403237355 0)
(-0.141000377065 -0.0554466324784 0)
(-0.135876087589 -0.0526897313496 0)
(-0.131046679798 -0.0497039116233 0)
(-0.126527544016 -0.0465218595202 0)
(-0.12233068793 -0.0431743470885 0)
(-0.118465107063 -0.0396900211299 0)
(-0.114937150018 -0.0360952786143 0)
(-0.111750869763 -0.0324142165568 0)
(-0.1089083546 -0.0286686444814 0)
(-0.106410034513 -0.0248781482106 0)
(-0.10425496023 -0.0210601946357 0)
(-0.102441053677 -0.0172302682041 0)
(-0.100965329551 -0.0134020310439 0)
(-0.0998240884617 -0.00958749981176 0)
(-0.0990130826459 -0.00579723348665 0)
(-0.0985276555991 -0.00204052737108 0)
(-0.0983628571442 0.00167439050137 0)
(-0.0985135355449 0.00534016353601 0)
(-0.098974408241 0.00895011361424 0)
(-0.099740112699 0.0124980527223 0)
(-0.100805238737 0.015978100441 0)
(-0.102164343511 0.0193845082267 0)
(-0.103811950176 0.0227114911848 0)
(-0.10574253102 0.0259530678969 0)
(-0.107950475703 0.0291029088172 0)
(-0.110430045012 0.0321541937994 0)
(-0.113175310409 0.035099479429 0)
(-0.116180079467 0.037930577031 0)
(-0.11943780718 0.0406384424935 0)
(-0.122941493061 0.0432130793704 0)
(-0.126683563889 0.0456434571272 0)
(-0.130655742002 0.0479174468385 0)
(-0.134848899142 0.0500217771429 0)
(-0.139252896043 0.0519420137919 0)
(-0.143856408254 0.0536625666794 0)
(-0.148646739167 0.055166728782 0)
(-0.153609621768 0.0564367519485 0)
(-0.158729011453 0.0574539649061 0)
(-0.163986873221 0.0581989391477 0)
(-0.16936296774 0.0586517084616 0)
(-0.174834642245 0.0587920476782 0)
(-0.180376633838 0.0585998156491 0)
(-0.185960894615 0.0580553664246 0)
(-0.191556449977 0.0571400309481 0)
(-0.197129303503 0.0558366692281 0)
(-0.202642403583 0.0541302897766 0)
(-0.208055688605 0.0520087290573 0)
(-0.213326228413 0.0494633787578 0)
(-0.218408479861 0.0464899429631 0)
(-0.223254673123 0.0430892009695 0)
(-0.227815342664 0.0392677448736 0)
(-0.220995539148 0.0391635431432 0)
(-0.225033117772 0.034141028203 0)
(-0.228644824313 0.0287076341959 0)
(-0.231778022409 0.0229010533282 0)
(-0.234382913248 0.0167679910356 0)
(-0.23641401366 0.0103639114061 0)
(-0.237831667301 0.00375241430958 0)
(-0.23860351197 -0.00299577297785 0)
(-0.238705817243 -0.00980418134247 0)
(-0.238124604662 -0.0165923252731 0)
(-0.236856469152 -0.0232777012852 0)
(-0.234909035673 -0.0297779660943 0)
(-0.232301008097 -0.0360131818486 0)
(-0.229061795689 -0.0419080057911 0)
(-0.225230733476 -0.0473937028599 0)
(-0.220855942669 -0.0524098724532 0)
(-0.215992902492 -0.0569058036023 0)
(-0.210702821957 -0.0608414030277 0)
(-0.205050907976 -0.0641876738672 0)
(-0.199104624582 -0.0669267551237 0)
(-0.192932028501 -0.0690515597328 0)
(-0.186600250972 -0.0705650703011 0)
(-0.180174177075 -0.0714793649792 0)
(-0.173715354328 -0.0718144516325 0)
(-0.167281143974 -0.0715969874223 0)
(-0.160924112641 -0.070858954585 0)
(-0.154691649625 -0.0696363532898 0)
(-0.148625786276 -0.0679679605887 0)
(-0.142763188612 -0.0658941920275 0)
(-0.137135291876 -0.0634560905488 0)
(-0.131768545788 -0.0606944566135 0)
(-0.126684741019 -0.0576491244379 0)
(-0.12190139039 -0.054358382052 0)
(-0.117432141902 -0.0508585275264 0)
(-0.113287204603 -0.0471835500248 0)
(-0.109473772132 -0.0433649221008 0)
(-0.105996432303 -0.0394314886045 0)
(-0.102857554314 -0.0354094374397 0)
(-0.100057647823 -0.0313223379562 0)
(-0.097595690399 -0.0271912337809 0)
(-0.0954694216358 -0.023034778194 0)
(-0.0936756035798 -0.0188694015955 0)
(-0.0922102481295 -0.0147095020971 0)
(-0.0910688127712 -0.0105676517114 0)
(-0.0902463664574 -0.0064548119596 0)
(-0.0897377276814 -0.00238055393884 0)
(-0.0895375768903 0.00164672103813 0)
(-0.0896405453456 0.00561956319345 0)
(-0.0900412824255 0.00953126061637 0)
(-0.0907345031799 0.0133756317483 0)
(-0.0917150177311 0.017146825099 0)
(-0.0929777438654 0.0208391269116 0)
(-0.0945177039037 0.0244467772524 0)
(-0.0963300066743 0.0279637948587 0)
(-0.0984098151541 0.0313838110401 0)
(-0.100752300095 0.0346999129833 0)
(-0.103352579715 0.037904496943 0)
(-0.106205645333 0.0409891320255 0)
(-0.109306272618 0.0439444355687 0)
(-0.112648918008 0.0467599614956 0)
(-0.116227599719 0.0494241034676 0)
(-0.12003576275 0.0519240151795 0)
(-0.124066127301 0.0542455507231 0)
(-0.128310520164 0.0563732285787 0)
(-0.132759688893 0.0582902234778 0)
(-0.137403098946 0.059978391077 0)
(-0.142228714584 0.0614183310737 0)
(-0.147222765066 0.062589495038 0)
(-0.152369498761 0.0634703457615 0)
(-0.157650929046 0.0640385752821 0)
(-0.163046577528 0.0642713888127 0)
(-0.168533221998 0.0641458614965 0)
(-0.1740846588 0.0636393740674 0)
(-0.179671491708 0.0627301319869 0)
(-0.185260962113 0.0613977702754 0)
(-0.19081683791 0.059624042918 0)
(-0.196299380969 0.0573935912574 0)
(-0.201665414986 0.0546947801287 0)
(-0.206868516566 0.0515205836454 0)
(-0.211859352075 0.0478694946903 0)
(-0.216586180641 0.0437464236293 0)
(-0.208780573582 0.0434857638423 0)
(-0.213028288454 0.0380715503201 0)
(-0.216863830529 0.0321907237727 0)
(-0.220229301619 0.0258828886492 0)
(-0.223069189336 0.0191981855092 0)
(-0.225332066275 0.0121971200293 0)
(-0.226972361419 0.00494994778351 0)
(-0.227952111609 -0.00246441592321 0)
(-0.228242587025 -0.00995995995134 0)
(-0.227825679348 -0.0174455761206 0)
(-0.226694947154 -0.024827414553 0)
(-0.224856231149 -0.0320114812407 0)
(-0.222327780491 -0.0389063364991 0)
(-0.219139867545 -0.0454257383811 0)
(-0.215333908401 -0.0514910751629 0)
(-0.21096114585 -0.0570334468745 0)
(-0.206080984574 -0.0619952861694 0)
(-0.200759090579 -0.0663314490886 0)
(-0.1950653761 -0.0700097504059 0)
(-0.189071987831 -0.0730109603654 0)
(-0.1828514026 -0.0753283152058 0)
(-0.176474713605 -0.0769666200117 0)
(-0.170010165676 -0.0779410379568 0)
(-0.163521972858 -0.0782756652866 0)
(-0.157069428701 -0.0780019879798 0)
(-0.150706300601 -0.0771573061802 0)
(-0.144480485211 -0.0757831985537 0)
(-0.138433892405 -0.0739240828693 0)
(-0.132602520117 -0.071625913089 0)
(-0.127016680836 -0.068935038368 0)
(-0.121701341819 -0.0658972364377 0)
(-0.116676544256 -0.0625569232817 0)
(-0.111957871029 -0.0589565329126 0)
(-0.107556937598 -0.0551360552924 0)
(-0.103481885597 -0.0511327167333 0)
(-0.0997378633763 -0.0469807851245 0)
(-0.0963274820687 -0.0427114816993 0)
(-0.0932512393326 -0.038352981442 0)
(-0.0905079060108 -0.0339304853122 0)
(-0.0880948733335 -0.0294663490079 0)
(-0.0860084601592 -0.0249802547669 0)
(-0.0842441811054 -0.0204894145717 0)
(-0.0827969773658 -0.0160087949658 0)
(-0.0816614126108 -0.0115513554262 0)
(-0.0808318366982 -0.00712829381633 0)
(-0.0803025200402 -0.00274929385292 0)
(-0.080067761431 0.00157722927405 0)
(-0.0801219719928 0.0058438879622 0)
(-0.0804597376628 0.0100440879295 0)
(-0.0810758623649 0.0141718019437 0)
(-0.0819653936939 0.0182213523502 0)
(-0.0831236326132 0.0221872028246 0)
(-0.0845461283317 0.0260637595289 0)
(-0.0862286591933 0.0298451817115 0)
(-0.08816720009 0.0335252017584 0)
(-0.0903578765958 0.0370969547733 0)
(-0.0927969057265 0.0405528179172 0)
(-0.0954805229488 0.0438842599789 0)
(-0.0984048948175 0.0470817019852 0)
(-0.101566016396 0.0501343900645 0)
(-0.104959592442 0.0530302822818 0)
(-0.108580901209 0.0557559517467 0)
(-0.112424639685 0.058296508961 0)
(-0.116484749098 0.0606355471199 0)
(-0.120754219715 0.0627551148975 0)
(-0.125224874272 0.0646357221159 0)
(-0.129887129859 0.0662563845955 0)
(-0.134729738884 0.0675947153725 0)
(-0.139739510737 0.0686270702872 0)
(-0.144901017158 0.0693287566248 0)
(-0.150196286099 0.0696743139136 0)
(-0.155604491001 0.0696378760385 0)
(-0.161101645031 0.0691936233282 0)
(-0.166660312855 0.0683163320496 0)
(-0.172249355841 0.0669820265568 0)
(-0.177833730177 0.0651687359856 0)
(-0.183374360917 0.0628573526193 0)
(-0.18882811812 0.0600325827282 0)
(-0.194147923636 0.0566839726987 0)
(-0.199283017988 0.0528069837205 0)
(-0.204179415721 0.0484040774816 0)
(-0.195349375225 0.0480126079442 0)
(-0.199814573611 0.0422245079553 0)
(-0.20388504777 0.0359088968475 0)
(-0.207497146446 0.0291066817533 0)
(-0.210588999661 0.0218710363816 0)
(-0.213102467226 0.0142673639774 0)
(-0.214985213252 0.00637272705868 0)
(-0.216192796945 -0.00172530658333 0)
(-0.21669064893 -0.00993041250421 0)
(-0.21645579179 -0.018139815087 0)
(-0.215478167729 -0.026247059098 0)
(-0.213761457561 -0.0341451072094 0)
(-0.211323310994 -0.0417295860236 0)
(-0.208194953923 -0.0489019819558 0)
(-0.204420190353 -0.0555725860589 0)
(-0.200053868793 -0.0616630064131 0)
(-0.195159927167 -0.0671081069762 0)
(-0.189809159136 -0.0718572859739 0)
(-0.184076855443 -0.0758750657954 0)
(-0.178040467568 -0.0791410215572 0)
(-0.171777421184 -0.0816491209697 0)
(-0.165363178181 -0.0834065802739 0)
(-0.158869613234 -0.0844323585794 0)
(-0.152363738477 -0.084755416848 0)
(-0.145906781252 -0.0844128606001 0)
(-0.13955359709 -0.0834480704877 0)
(-0.133352383795 -0.0819089054755 0)
(-0.127344652533 -0.0798460423401 0)
(-0.121565407336 -0.0773114947523 0)
(-0.116043484314 -0.0743573368293 0)
(-0.110802004918 -0.0710346406194 0)
(-0.105858902697 -0.0673926248311 0)
(-0.101227489155 -0.0634780032047 0)
(-0.0969170308339 -0.059334514944 0)
(-0.0929333160337 -0.0550026161401 0)
(-0.0892791953323 -0.0505193096204 0)
(-0.0859550850333 -0.0459180906843 0)
(-0.0829594268277 -0.0412289872751 0)
(-0.0802891002607 -0.0364786749283 0)
(-0.0779397871443 -0.0316906490274 0)
(-0.0759062889249 -0.0268854392579 0)
(-0.0741827993037 -0.0220808534998 0)
(-0.0727631352338 -0.0172922406508 0)
(-0.0716409298708 -0.0125327639214 0)
(-0.0708097912208 -0.00781367797604 0)
(-0.0702634301898 -0.00314460488121 0)
(-0.0699957615444 0.00146619483614 0)
(-0.0700009810078 0.00601155860035 0)
(-0.0702736213515 0.0104851673469 0)
(-0.0708085899551 0.0148813012067 0)
(-0.071601189894 0.0191946057513 0)
(-0.0726471261998 0.0234198688517 0)
(-0.0739424985312 0.0275518079616 0)
(-0.0754837810903 0.0315848675043 0)
(-0.0772677902362 0.0355130260201 0)
(-0.079291639873 0.0393296128186 0)
(-0.0815526843349 0.0430271340484 0)
(-0.0840484481519 0.0465971083596 0)
(-0.0867765417608 0.0500299126977 0)
(-0.0897345619361 0.0533146392077 0)
(-0.0929199754528 0.0564389647743 0)
(-0.0963299842849 0.0593890353696 0)
(-0.0999613704916 0.0621493681243 0)
(-0.10381031888 0.0647027748908 0)
(-0.107872215586 0.0670303120245 0)
(-0.112141420936 0.0691112621543 0)
(-0.116611015333 0.0709231548386 0)
(-0.121272517615 0.0724418341684 0)
(-0.126115576309 0.0736415825347 0)
(-0.131127635566 0.0744953108458 0)
(-0.136293579443 0.0749748263554 0)
(-0.141595360547 0.0750511897947 0)
(-0.147011621997 0.0746951735085 0)
(-0.152517325247 0.0738778315326 0)
(-0.158083400361 0.0725711907469 0)
(-0.163676439973 0.0707490690749 0)
(-0.169258462898 0.0683880218501 0)
(-0.174786778094 0.0654684106272 0)
(-0.180213983729 0.0619755796497 0)
(-0.18548813878 0.0579011138415 0)
(-0.190553145119 0.0532441387519 0)
(-0.180651688788 0.0527474072371 0)
(-0.185337558174 0.0466074765791 0)
(-0.189650631262 0.0398735848608 0)
(-0.19352105105 0.0325871557866 0)
(-0.196879945686 0.0248038375842 0)
(-0.19966165354 0.0165936669457 0)
(-0.201806147156 0.00804059653895 0)
(-0.203261526736 -0.000758692893901 0)
(-0.203986422717 -0.00969672625579 0)
(-0.203952127991 -0.0186578814671 0)
(-0.203144281171 -0.0275216467396 0)
(-0.201563947449 -0.0361663159477 0)
(-0.19922798852 -0.0444728991387 0)
(-0.196168670469 -0.0523289949166 0)
(-0.192432525544 -0.0596323645186 0)
(-0.188078554076 -0.066293970737 0)
(-0.183175912714 -0.072240298973 0)
(-0.177801272908 -0.0774148515668 0)
(-0.172036045546 -0.0817787857496 0)
(-0.16596365656 -0.0853107380865 0)
(-0.15966702985 -0.0880059363315 0)
(-0.153226394547 -0.089874738853 0)
(-0.146717489985 -0.0909407609747 0)
(-0.140210199991 -0.091238748591 0)
(-0.133767612584 -0.0908123463904 0)
(-0.127445474178 -0.0897118858581 0)
(-0.121291989281 -0.0879922914743 0)
(-0.11534790684 -0.0857111758662 0)
(-0.109646831274 -0.0829271687986 0)
(-0.104215698334 -0.0796985024542 0)
(-0.0990753614447 -0.0760818573251 0)
(-0.0942412417803 -0.0721314593491 0)
(-0.0897240037193 -0.0678984094116 0)
(-0.0855302257166 -0.0634302204474 0)
(-0.0816630444084 -0.0587705344425 0)
(-0.0781227565855 -0.053958990963 0)
(-0.0749073693885 -0.0490312198021 0)
(-0.0720130936727 -0.0440189323853 0)
(-0.0694347790122 -0.0389500892538 0)
(-0.0671662914148 -0.0338491239335 0)
(-0.0652008366063 -0.028737206534 0)
(-0.0635312328918 -0.023632533323 0)
(-0.0621501382343 -0.0185506312131 0)
(-0.061050236436 -0.0135046684808 0)
(-0.0602243872691 -0.00850576511987 0)
(-0.0596657451652 -0.00356329799125 0)
(-0.0593678507002 0.00131480260607 0)
(-0.0593246986643 0.00612176712911 0)
(-0.0595307860093 0.0108517129911 0)
(-0.0599811424577 0.0154993832885 0)
(-0.0606713460446 0.0200598980329 0)
(-0.0615975253684 0.0245285174882 0)
(-0.0627563498406 0.0289004169853 0)
(-0.0641450087671 0.0331704724665 0)
(-0.0657611796421 0.03733305601 0)
(-0.0676029856159 0.0413818406845 0)
(-0.0696689416821 0.0453096142677 0)
(-0.0719578887307 0.049108101646 0)
(-0.0744689142346 0.0527677960915 0)
(-0.0772012579661 0.0562778000811 0)
(-0.0801542007992 0.0596256769025 0)
(-0.0833269343422 0.0627973149892 0)
(-0.0867184088857 0.0657768077366 0)
(-0.0903271569598 0.0685463525064 0)
(-0.094151089715 0.0710861736098 0)
(-0.0981872634021 0.0733744752915 0)
(-0.102431613485 0.0753874320881 0)
(-0.10687865446 0.077099225408 0)
(-0.111521144311 0.078482136706 0)
(-0.116349713865 0.0795067091584 0)
(-0.12135246314 0.0801419911599 0)
(-0.126514529266 0.0803558761179 0)
(-0.131817633803 0.0801155537006 0)
(-0.137239621281 0.0793880876237 0)
(-0.142754005661 0.078141133902 0)
(-0.148329547043 0.076343810822 0)
(-0.153929887189 0.0739677272595 0)
(-0.159513278902 0.0709881688866 0)
(-0.165032450529 0.0673854318533 0)
(-0.170434651886 0.0631462804041 0)
(-0.175661930814 0.058265488594 0)
(-0.164632792934 0.0576884757954 0)
(-0.169537193218 0.0512237401898 0)
(-0.174096009778 0.0440927244893 0)
(-0.178232799441 0.0363363673664 0)
(-0.181871071643 0.0280120332494 0)
(-0.184936813607 0.0191939654471 0)
(-0.187361311893 0.00997298496175 0)
(-0.189084119897 0.000455315742903 0)
(-0.190055975945 -0.00923952440383 0)
(-0.190241444394 -0.018981748427 0)
(-0.189621046216 -0.0286351237558 0)
(-0.188192676128 -0.0380613837986 0)
(-0.185972160353 -0.0471249472587 0)
(-0.182992879418 -0.0556976230577 0)
(-0.179304465897 -0.0636629623023 0)
(-0.17497068328 -0.0709199446871 0)
(-0.170066675278 -0.0773857607482 0)
(-0.164675824565 -0.0829975537708 0)
(-0.158886472162 -0.0877130924951 0)
(-0.152788730046 -0.0915104411093 0)
(-0.146471578842 -0.0943867669745 0)
(-0.140020388582 -0.0963564740565 0)
(-0.133514942432 -0.0974488699167 0)
(-0.127027989464 -0.0977055697602 0)
(-0.12062430878 -0.0971778190888 0)
(-0.114360235798 -0.0959238841777 0)
(-0.108283582139 -0.0940066230738 0)
(-0.102433871662 -0.0914913137754 0)
(-0.0968428146079 -0.088443783849 0)
(-0.0915349470914 -0.084928858746 0)
(-0.086528372094 -0.0810091251465 0)
(-0.0818355488736 -0.0767439906544 0)
(-0.0774640888183 -0.0721890114363 0)
(-0.0734175263462 -0.0673954540589 0)
(-0.0696960428549 -0.0624100558554 0)
(-0.0662971296592 -0.0572749487156 0)
(-0.0632161822767 -0.0520277134536 0)
(-0.0604470233627 -0.0467015351869 0)
(-0.0579823552291 -0.0413254339424 0)
(-0.0558141454096 -0.0359245486384 0)
(-0.053933950341 -0.0305204563921 0)
(-0.0523331831306 -0.025131512618 0)
(-0.0510033317427 -0.0197732005275 0)
(-0.0499361339081 -0.0144584813688 0)
(-0.0491237147625 -0.00919813905611 0)
(-0.048558692749 -0.00400111475964 0)
(-0.0482342587426 0.00112517142066 0)
(-0.0481442327329 0.00617451333276 0)
(-0.0482831017574 0.0111416268745 0)
(-0.0486460421474 0.0160218732759 0)
(-0.0492289285421 0.0208109969884 0)
(-0.0500283315443 0.0255048772544 0)
(-0.0510415053463 0.0300992922224 0)
(-0.052266366133 0.0345896943806 0)
(-0.0537014615773 0.0389709960936 0)
(-0.0553459312676 0.0432373641484 0)
(-0.0571994574481 0.0473820224125 0)
(-0.0592622049997 0.0513970619983 0)
(-0.06153474915 0.0552732587223 0)
(-0.0640179889604 0.058999898129 0)
(-0.0667130442076 0.0625646089511 0)
(-0.0696211328713 0.0659532066064 0)
(-0.0727434260513 0.0691495491995 0)
(-0.0760808768088 0.0721354095249 0)
(-0.079634019185 0.0748903677757 0)
(-0.0834027335235 0.0773917310559 0)
(-0.0873859742931 0.0796144873815 0)
(-0.0915814569325 0.0815313036371 0)
(-0.0959853009184 0.0831125788866 0)
(-0.100591627403 0.0843265664835 0)
(-0.105392111509 0.0851395804741 0)
(-0.110375491865 0.0855163036953 0)
(-0.115527043315 0.0854202165143 0)
(-0.120828023182 0.0848141660297 0)
(-0.126255106946 0.0836610953564 0)
(-0.131779835946 0.0819249508268 0)
(-0.137368107429 0.0795717809523 0)
(-0.142979745856 0.0765710341119 0)
(-0.148568203112 0.0728970514541 0)
(-0.154080443451 0.068530736814 0)
(-0.159457075098 0.0634613662056 0)
(-0.147233700284 0.0628277939743 0)
(-0.152347697269 0.0560710248627 0)
(-0.157149471981 0.0485695815273 0)
(-0.16155573411 0.04036265756 0)
(-0.165481827276 0.0315083251387 0)
(-0.168844570352 0.0220843919188 0)
(-0.1715655234 0.0121883718021 0)
(-0.173574506833 0.00193639443266 0)
(-0.174813139054 -0.00853905338147 0)
(-0.175238104491 -0.019092562128 0)
(-0.174823844994 -0.0295702826586 0)
(-0.173564407319 -0.039815195369 0)
(-0.17147425403 -0.0496728149069 0)
(-0.168587926327 -0.0589969239329 0)
(-0.164958553051 -0.0676548933583 0)
(-0.160655335218 -0.0755321701818 0)
(-0.155760254629 -0.0825356182345 0)
(-0.150364320108 -0.0885955422173 0)
(-0.144563674967 -0.0936663717697 0)
(-0.138455858595 -0.0977261072017 0)
(-0.132136457566 -0.100774722391 0)
(-0.125696308075 -0.102831777486 0)
(-0.119219334058 -0.103933512865 0)
(-0.112781036081 -0.104129682148 0)
(-0.106447592604 -0.10348034677 0)
(-0.100275499338 -0.102052808124 0)
(-0.0943116527027 -0.0999188039976 0)
(-0.0885937768876 -0.0971520495073 0)
(-0.0831510974189 -0.0938261627361 0)
(-0.0780051739178 -0.090012983276 0)
(-0.0731708181809 -0.0857812683123 0)
(-0.0686570383866 -0.0811957350035 0)
(-0.0644679645962 -0.0763164085723 0)
(-0.0606037237287 -0.0711982313781 0)
(-0.0570612433053 -0.065890887929 0)
(-0.05383497228 -0.0604388031063 0)
(-0.0509175142752 -0.0548812748378 0)
(-0.0483001736892 -0.0492527072821 0)
(-0.0459734187215 -0.0435829156867 0)
(-0.0439272676599 -0.0378974790973 0)
(-0.0421516060632 -0.0322181217517 0)
(-0.0406364430107 -0.0265631081454 0)
(-0.039372114586 -0.0209476403704 0)
(-0.0383494423899 -0.0153842493778 0)
(-0.0375598542669 -0.00988317433171 0)
(-0.0369954736927 -0.00445272626805 0)
(-0.0366491834631 0.000900366120274 0)
(-0.0365146685166 0.00617062948964 0)
(-0.0365864419291 0.0113535376138 0)
(-0.0368598573717 0.016445221195 0)
(-0.0373311106188 0.0214421945083 0)
(-0.0379972320441 0.0263410973532 0)
(-0.0388560714385 0.0311384506176 0)
(-0.0399062759182 0.0358304236946 0)
(-0.0411472611603 0.0404126120327 0)
(-0.0425791756934 0.0448798232368 0)
(-0.0442028574711 0.0492258703428 0)
(-0.0460197814662 0.0534433711899 0)
(-0.0480319965264 0.0575235532049 0)
(-0.0502420492309 0.0614560633976 0)
(-0.0526528919758 0.0652287839716 0)
(-0.0552677720053 0.0688276546977 0)
(-0.0580900975939 0.0722365040927 0)
(-0.061123277102 0.0754368925303 0)
(-0.0643705261973 0.0784079717143 0)
(-0.0678346381999 0.0811263664766 0)
(-0.0715177123269 0.0835660866697 0)
(-0.0754208346748 0.0856984790017 0)
(-0.0795437071745 0.087492231016 0)
(-0.0838842206256 0.0889134420056 0)
(-0.0884379694287 0.089925778412 0)
(-0.0931977079564 0.0904907340425 0)
(-0.0981527518725 0.0905680180364 0)
(-0.103288332315 0.0901160956023 0)
(-0.108584916911 0.0890929076722 0)
(-0.11401751927 0.0874567951796 0)
(-0.119555027854 0.0851676508866 0)
(-0.125159595942 0.0821883156311 0)
(-0.130786146117 0.0784862254926 0)
(-0.136382054664 0.0740353006286 0)
(-0.141887091741 0.0688180445468 0)
(-0.128391587503 0.0681493800123 0)
(-0.133697620249 0.0611398909523 0)
(-0.138731830756 0.0533012181822 0)
(-0.143404004133 0.0446692471451 0)
(-0.14762090311 0.0353014424039 0)
(-0.151289428446 0.0252782548448 0)
(-0.154320369414 0.0147034996828 0)
(-0.156632554421 0.0037034543084 0)
(-0.158157126364 -0.007575498713 0)
(-0.158841579374 -0.0189707413754 0)
(-0.158653148645 -0.030308668906 0)
(-0.157581204233 -0.0414109833247 0)
(-0.155638403715 -0.0521015955973 0)
(-0.152860439435 -0.0622136345989 0)
(-0.149304337051 -0.0715959821194 0)
(-0.145045459657 -0.0801187598102 0)
(-0.140173550164 -0.08767734818 0)
(-0.134788227915 -0.0941947292714 0)
(-0.128994356789 -0.0996221443481 0)
(-0.122897653108 -0.103938219626 0)
(-0.116600822004 -0.107146831738 0)
(-0.110200411066 -0.109274053135 0)
(-0.103784466305 -0.110364532256 0)
(-0.0974309864089 -0.110477634301 0)
(-0.091207106635 -0.109683613288 0)
(-0.085168904183 -0.108060020257 0)
(-0.079361698467 -0.105688486573 0)
(-0.0738207177108 -0.102651962105 0)
(-0.0685720125905 -0.0990324393132 0)
(-0.0636335137497 -0.0949091572219 0)
(-0.0590161491863 -0.0903572534736 0)
(-0.0547249570194 -0.0854468167335 0)
(-0.0507601472102 -0.0802422836567 0)
(-0.0471180814747 -0.0748021225562 0)
(-0.043792153436 -0.0691787479624 0)
(-0.0407735610451 -0.0634186149523 0)
(-0.0380519706741 -0.0575624482594 0)
(-0.0356160774226 -0.0516455678701 0)
(-0.0334540694752 -0.0456982794503 0)
(-0.0315540062305 -0.0397463041669 0)
(-0.0299041207222 -0.033811228027 0)
(-0.028493056896 -0.0279109556659 0)
(-0.0273100518393 -0.0220601575766 0)
(-0.026345072266 -0.0162707030975 0)
(-0.025588913594 -0.0105520741599 0)
(-0.0250332689092 -0.00491175690916 0)
(-0.0246707740661 0.000644390063171 0)
(-0.0244950341692 0.00611179090804 0)
(-0.0245006357401 0.0114868302603 0)
(-0.0246831480149 0.0167665520377 0)
(-0.0250391160298 0.0219483773721 0)
(-0.0255660474465 0.0270298394905 0)
(-0.0262623944183 0.0320083332454 0)
(-0.0271275312074 0.036880876967 0)
(-0.0281617277034 0.0416438843846 0)
(-0.0293661184648 0.0462929445124 0)
(-0.0307426663825 0.0508226076129 0)
(-0.0322941195421 0.0552261756455 0)
(-0.0340239593284 0.0594954959907 0)
(-0.0359363372583 0.063620757708 0)
(-0.0380359974457 0.0675902901738 0)
(-0.0403281809918 0.0713903646803 0)
(-0.0428185079596 0.0750050004693 0)
(-0.0455128319475 0.0784157777822 0)
(-0.0484170616466 0.0816016618679 0)
(-0.0515369431924 0.0845388435305 0)
(-0.0548777966504 0.0872006037818 0)
(-0.0584441997098 0.0895572125234 0)
(-0.0622396116854 0.091575873927 0)
(-0.0662659314176 0.0932207343379 0)
(-0.0705229837796 0.0944529720316 0)
(-0.0750079314927 0.0952309919112 0)
(-0.0797146120837 0.0955107520602 0)
(-0.0846328043873 0.095246252633 0)
(-0.0897474353337 0.0943902204119 0)
(-0.0950377461624 0.0928950238008 0)
(-0.100476447882 0.0907138521472 0)
(-0.106028908801 0.0878021888929 0)
(-0.111652432013 0.0841195987152 0)
(-0.11729569704 0.0796318328974 0)
(-0.122898455938 0.0743132330757 0)
(-0.108040567241 0.073627287764 0)
(-0.113510172299 0.0664117006366 0)
(-0.118756248231 0.0582765009913 0)
(-0.123681845801 0.0492523586392 0)
(-0.128184952469 0.0393944485217 0)
(-0.132161954676 0.0287845919319 0)
(-0.135511897894 0.0175322195266 0)
(-0.138141341969 0.00577380582834 0)
(-0.139969503057 -0.00632949621521 0)
(-0.140933227129 -0.0185961719427 0)
(-0.140991239305 -0.0308304821248 0)
(-0.14012721905 -0.0428299718638 0)
(-0.138351414937 -0.0543938148149 0)
(-0.135700556461 -0.0653314045967 0)
(-0.132235931801 -0.0754704293233 0)
(-0.128039808182 -0.0846636141348 0)
(-0.123210654492 -0.0927935650007 0)
(-0.117857724381 -0.0997754667147 0)
(-0.112095535195 -0.105557657149 0)
(-0.106038703213 -0.110120303689 0)
(-0.0997974898292 -0.113472557742 0)
(-0.093474278717 -0.115648646354 0)
(-0.0871610637551 -0.116703365396 0)
(-0.0809379125436 -0.116707384725 0)
(-0.0748722937678 -0.11574269152 0)
(-0.0690191151167 -0.113898405966 0)
(-0.0634213041562 -0.111267116523 0)
(-0.0581107698701 -0.107941807712 0)
(-0.0531096004987 -0.104013395091 0)
(-0.0484313777908 -0.0995688403094 0)
(-0.0440825141985 -0.0946897921542 0)
(-0.0400635447524 -0.089451684751 0)
(-0.0363703275453 -0.0839232186213 0)
(-0.0329951251165 -0.0781661513993 0)
(-0.0299275533995 -0.0722353303808 0)
(-0.0271553955547 -0.0661789068288 0)
(-0.0246652854567 -0.0600386807737 0)
(-0.0224432704104 -0.0538505339312 0)
(-0.0204752654174 -0.0476449167298 0)
(-0.0187474125354 -0.0414473629481 0)
(-0.0172463590028 -0.0352790119479 0)
(-0.0159594672053 -0.0291571239179 0)
(-0.0148749685296 -0.0230955779937 0)
(-0.013982071864 -0.017105346661 0)
(-0.0132710361443 -0.011194942621 0)
(-0.0127332149735 -0.0053708364178 0)
(-0.0123610800517 0.00036215530113 0)
(-0.012148228955 0.0060005098636 0)
(-0.0120893817271 0.0115416651612 0)
(-0.0121803697845 0.0169837103831 0)
(-0.0124181197885 0.0223250981911 0)
(-0.0128006343843 0.0275643754542 0)
(-0.0133269710353 0.0326999296065 0)
(-0.0139972195765 0.0377297477177 0)
(-0.0148124785432 0.04265118547 0)
(-0.0157748297988 0.0474607434039 0)
(-0.0168873104577 0.0521538480164 0)
(-0.0181538805603 0.0567246355757 0)
(-0.0195793844039 0.0611657368785 0)
(-0.0211695028354 0.0654680616089 0)
(-0.0229306931695 0.0696205815112 0)
(-0.0248701127009 0.0736101122778 0)
(-0.0269955210276 0.0774210949186 0)
(-0.0293151555985 0.0810353784645 0)
(-0.0318375740676 0.084432007229 0)
(-0.0345714561999 0.0875870175498 0)
(-0.0375253572901 0.0904732510396 0)
(-0.0407074044 0.0930601939587 0)
(-0.0441249263087 0.0953138554235 0)
(-0.0477840080465 0.0971967008505 0)
(-0.0516889614747 0.0986676612982 0)
(-0.0558417048153 0.0996822441583 0)
(-0.0602410466835 0.100192775827 0)
(-0.0648818744025 0.100148812279 0)
(-0.0697542526357 0.099497758411 0)
(-0.0748424471583 0.0981857409322 0)
(-0.0801239003264 0.096158781382 0)
(-0.0855681998615 0.0933643142154 0)
(-0.09113610098 0.0897530878337 0)
(-0.0967786831636 0.0852814717394 0)
(-0.102436745639 0.0799141680327 0)
(-0.0861129577906 0.0792231653834 0)
(-0.0917039670127 0.0718560627552 0)
(-0.0971283501237 0.0634735195703 0)
(-0.102282987347 0.0540987085403 0)
(-0.107057239334 0.043782411218 0)
(-0.111336665998 0.0326061174404 0)
(-0.115007793506 0.0206837998458 0)
(-0.117963723958 0.0081618900929 0)
(-0.120110274627 -0.00478294413894 0)
(-0.121372086123 -0.0179485514909 0)
(-0.121697907669 -0.0311144730006 0)
(-0.121064491261 -0.0440508745359 0)
(-0.119478831351 -0.0565285902852 0)
(-0.116978391092 -0.0683296747069 0)
(-0.113628977478 -0.0792574574689 0)
(-0.109520453084 -0.0891448780555 0)
(-0.104760954034 -0.0978603301746 0)
(-0.0994703709606 -0.105310749098 0)
(-0.093773767417 -0.111442021983 0)
(-0.0877953047033 -0.116237044228 0)
(-0.0816531129693 -0.11971193773 0)
(-0.0754553676046 -0.121911052508 0)
(-0.0692976363825 -0.122901361117 0)
(-0.0632614137152 -0.122766760459 0)
(-0.0574136698164 -0.121602669303 0)
(-0.0518072024513 -0.11951118282 0)
(-0.0464815727358 -0.11659693243 0)
(-0.0414644230375 -0.112963707395 0)
(-0.0367730049794 -0.10871182662 0)
(-0.0324157809736 -0.103936203624 0)
(-0.0283939980015 -0.0987250212475 0)
(-0.0247031640975 -0.0931589209457 0)
(-0.0213343845443 -0.0873106103625 0)
(-0.0182755357211 -0.0812447986009 0)
(-0.0155122701283 -0.0750183783679 0)
(-0.0130288570173 -0.0686807857726 0)
(-0.0108088701264 -0.0622744805504 0)
(-0.00883573810796 -0.0558355008667 0)
(-0.00709317507809 -0.0493940570825 0)
(-0.00556550901913 -0.0429751376998 0)
(-0.00423792501878 -0.0365991080731 0)
(-0.00309663895507 -0.0302822884521 0)
(-0.00212901553795 -0.02403750266 0)
(-0.00132364279605 -0.0178745923757 0)
(-0.000670373297243 -0.0118008947505 0)
(-0.000160340697416 -0.00582168313565 0)
(0.000214041331437 5.94278527213e-05 0)
(0.000459092112295 0.00584011069049 0)
(0.000579884430724 0.0115189838177 0)
(0.000580269013548 0.0170952977222 0)
(0.000462900466138 0.0225686447068 0)
(0.000229262888512 0.0279386887359 0)
(-0.000120305935581 0.0332049117806 0)
(-0.000586592282534 0.0383663731672 0)
(-0.00117148612173 0.043421478574 0)
(-0.00187796207252 0.0483677555118 0)
(-0.00271006060498 0.0532016323353 0)
(-0.00367286787444 0.0579182181027 0)
(-0.00477249201682 0.0625110809177 0)
(-0.00601603311687 0.0669720227781 0)
(-0.00741154337729 0.0712908494378 0)
(-0.00896797325448 0.0754551344152 0)
(-0.0106950984712 0.0794499770702 0)
(-0.0126034218694 0.083257755695 0)
(-0.0147040430361 0.0868578778928 0)
(-0.0170084875367 0.0902265322061 0)
(-0.0195284864708 0.0933364471227 0)
(-0.0222756959927 0.0961566663124 0)
(-0.0252613455119 0.0986523523355 0)
(-0.028495802672 0.10078463521 0)
(-0.0319880431035 0.102510527203 0)
(-0.0357450136439 0.103782931024 0)
(-0.039770879604 0.104550775197 0)
(-0.0440661501739 0.104759317591 0)
(-0.0486266818078 0.104350665432 0)
(-0.0534425680634 0.103264567094 0)
(-0.0584969366419 0.101439536303 0)
(-0.0637646910102 0.098814371719 0)
(-0.0692112555062 0.0953301317455 0)
(-0.074791409255 0.0909326128635 0)
(-0.0804483246246 0.0855753560335 0)
(-0.0625412643023 0.0848833126896 0)
(-0.0681943943678 0.0774276443654 0)
(-0.0737468252995 0.0688562553177 0)
(-0.0790903294081 0.0591821624695 0)
(-0.0841062934462 0.0484491927337 0)
(-0.0886696144357 0.0367363042682 0)
(-0.0926539267149 0.0241604476466 0)
(-0.095937958743 0.0108773562181 0)
(-0.0984127831542 -0.00292028459913 0)
(-0.0999892976166 -0.0170079769431 0)
(-0.100604714728 -0.0311378394631 0)
(-0.100227361794 -0.0450491690711 0)
(-0.098859763724 -0.0584803893612 0)
(-0.096539476246 -0.0711820165597 0)
(-0.0933368381145 -0.0829293253826 0)
(-0.0893498159648 -0.0935327207036 0)
(-0.0846970021785 -0.102844781611 0)
(-0.0795097945353 -0.110763766309 0)
(-0.0739245671252 -0.117233755923 0)
(-0.068075522511 -0.122241872723 0)
(-0.0620887863735 -0.125813272045 0)
(-0.0560780599909 -0.128004755675 0)
(-0.0501418682656 -0.128897809829 0)
(-0.044362245605 -0.128591709492 0)
(-0.0388046039955 -0.127197143828 0)
(-0.0335184948501 -0.124830644908 0)
(-0.0285389837706 -0.121609957168 0)
(-0.0238883904581 -0.117650373668 0)
(-0.0195781923468 -0.113061988086 0)
(-0.015610939973 -0.107947764489 0)
(-0.0119820779695 -0.102402303746 0)
(-0.00868160451521 -0.0965111795084 0)
(-0.00569553295471 -0.0903507219943 0)
(-0.00300714238253 -0.0839881399242 0)
(-0.00059802017374 -0.0774818862954 0)
(0.00155109003302 -0.0708821899628 0)
(0.00345961527223 -0.0642316906187 0)
(0.00514663262341 -0.0575661288686 0)
(0.00663047796105 -0.050915055251 0)
(0.00792846194793 -0.0443025321569 0)
(0.00905667296165 -0.0377478107543 0)
(0.0100298489307 -0.0312659714047 0)
(0.0108613024972 -0.0248685209624 0)
(0.0115628863277 -0.0185639439814 0)
(0.0121449876324 -0.0123582075059 0)
(0.0126165429727 -0.00625522097911 0)
(0.012985066203 -0.000257254055411 0)
(0.0132566839162 0.00563468408913 0)
(0.0134361740495 0.0114204998824 0)
(0.0135270043942 0.0171007006237 0)
(0.0135313686625 0.0226761055242 0)
(0.0134502185287 0.0281475781908 0)
(0.013283290718 0.0335157763456 0)
(0.0130291287815 0.0387809147186 0)
(0.0126850997159 0.043942537238 0)
(0.0122474060662 0.0489992948449 0)
(0.0117110946384 0.0539487254685 0)
(0.0110700634475 0.0587870329372 0)
(0.0103170690759 0.0635088618696 0)
(0.00944373723118 0.0681070659106 0)
(0.00844057999083 0.0725724670743 0)
(0.00729702403323 0.0768936044802 0)
(0.00600145508428 0.0810564714474 0)
(0.00454128488161 0.0850442408212 0)
(0.00290304816703 0.0888369796285 0)
(0.00107253856433 0.0924113557674 0)
(-0.000965006347399 0.0957403415694 0)
(-0.00322465894928 0.0987929218462 0)
(-0.00572148119752 0.101533817595 0)
(-0.00847011535429 0.103923241038 0)
(-0.0114842703427 0.105916703263 0)
(-0.0147760879986 0.107464902487 0)
(-0.0183553743369 0.108513728986 0)
(-0.022228683385 0.109004431855 0)
(-0.0263982458467 0.108874002844 0)
(-0.0308607427123 0.108055842899 0)
(-0.0356059359648 0.106480786846 0)
(-0.0406151859551 0.104078569276 0)
(-0.0458599090039 0.100779817449 0)
(-0.0513000601262 0.0965186513026 0)
(-0.0568827643812 0.0912359510317 0)
(-0.0372611593767 0.0905351902794 0)
(-0.0428959281671 0.0830622329492 0)
(-0.0485048036319 0.0743703064116 0)
(-0.053976144919 0.0644592821116 0)
(-0.0591847242854 0.0533630241799 0)
(-0.0639956890781 0.0411552257396 0)
(-0.0682701399194 0.0279536640593 0)
(-0.0718721059305 0.0139221431587 0)
(-0.0746769611803 -0.000730522785383 0)
(-0.0765805934391 -0.0157559251526 0)
(-0.0775072083631 -0.0308761295585 0)
(-0.0774149252407 -0.0457960261677 0)
(-0.0762999902325 -0.0602171633533 0)
(-0.0741988155563 -0.0738536448021 0)
(-0.0711858101904 -0.0864483877207 0)
(-0.0673671272752 -0.0977861156852 0)
(-0.0628722104072 -0.107701791407 0)
(-0.0578445075552 -0.116084563005 0)
(-0.0524322065077 -0.122877536434 0)
(-0.0467798105575 -0.128073891596 0)
(-0.0410213194983 -0.13171027675 0)
(-0.0352754276356 -0.133858656477 0)
(-0.0296427268775 -0.134617680386 0)
(-0.0242046443317 -0.134104366964 0)
(-0.0190237448682 -0.132446623668 0)
(-0.0141450134311 -0.129776894091 0)
(-0.00959776075911 -0.126227040489 0)
(-0.00539785260854 -0.121924437688 0)
(-0.0015500309499 -0.116989170412 0)
(0.00194983731226 -0.111532181516 0)
(0.00511269035471 -0.105654202951 0)
(0.0079544399574 -0.0994453045938 0)
(0.0104944035224 -0.0929849107297 0)
(0.0127540001666 -0.086342154414 0)
(0.0147556955738 -0.0795764621849 0)
(0.0165221710031 -0.0727382832831 0)
(0.018075687403 -0.0658698971814 0)
(0.0194376145135 -0.0590062501519 0)
(0.0206280959715 -0.0521757856064 0)
(0.0216658238633 -0.0454012441776 0)
(0.0225678992619 -0.0387004182395 0)
(0.023349758593 -0.032086852156 0)
(0.0240251489056 -0.0255704844111 0)
(0.0246061381194 -0.0191582312284 0)
(0.0251031489867 -0.0128545136703 0)
(0.0255250078163 -0.0066617317768 0)
(0.0258790009639 -0.000580690259735 0)
(0.0261709337262 0.00538901919611 0)
(0.0264051876171 0.0112486737448 0)
(0.0265847731023 0.017000108005 0)
(0.0267113757603 0.0226454302979 0)
(0.0267853945693 0.0281867614719 0)
(0.0268059716227 0.0336259915152 0)
(0.0267710130932 0.0389645493725 0)
(0.0266772017211 0.0442031816145 0)
(0.0265200015325 0.0493417358239 0)
(0.0262936559248 0.0543789447625 0)
(0.0259911807078 0.0593122075836 0)
(0.0256043542043 0.0641373645654 0)
(0.0251237070961 0.0688484620742 0)
(0.0245385154001 0.0734375047555 0)
(0.0238368007798 0.0778941923445 0)
(0.0230053433828 0.0822056390165 0)
(0.0220297135538 0.0863560739417 0)
(0.020894330132 0.0903265227627 0)
(0.0195825546039 0.0940944711628 0)
(0.0180768321475 0.0976335136902 0)
(0.0163588925256 0.100912993718 0)
(0.0144100258147 0.10389764401 0)
(0.0122114499599 0.10654724209 0)
(0.00974478893498 0.108816300618 0)
(0.00699268160086 0.110653820584 0)
(0.00393954177355 0.11200314437 0)
(0.000572489015609 0.112801956798 0)
(-0.00311753349512 0.112982495066 0)
(-0.0071344440064 0.11247204265 0)
(-0.0114755109876 0.11119379723 0)
(-0.0161296636366 0.109068216858 0)
(-0.0210756674109 0.106014959567 0)
(-0.0262802433677 0.101955534786 0)
(-0.0316962569261 0.096816773686 0)
(-0.0102158413796 0.0960833704097 0)
(-0.0157257915214 0.0886719435371 0)
(-0.0212924430075 0.0799374471171 0)
(-0.0268031809131 0.0698634171512 0)
(-0.0321284589484 0.0584704032777 0)
(-0.0371257140051 0.0458236188828 0)
(-0.0416451185589 0.0320388763532 0)
(-0.0455367946704 0.0172860426853 0)
(-0.0486603032126 0.00178958515285 0)
(-0.0508960156838 -0.0141768787701 0)
(-0.0521541868665 -0.0303031670479 0)
(-0.0523806689273 -0.0462566963731 0)
(-0.0515626189267 -0.061697514001 0)
(-0.0497330291281 -0.0762976519998 0)
(-0.0469690594548 -0.0897626984997 0)
(-0.0433842615875 -0.101848136943 0)
(-0.0391184846408 -0.112369235236 0)
(-0.034327115607 -0.121205479836 0)
(-0.0291702145709 -0.128299940242 0)
(-0.0238025186101 -0.133653990009 0)
(-0.0183654891406 -0.137318626597 0)
(-0.0129819968465 -0.139384071774 0)
(-0.00775353941526 -0.139969088937 0)
(-0.00275954658965 -0.13921099016 0)
(0.00194175098135 -0.137256912589 0)
(0.00631139629404 -0.134256642779 0)
(0.0103271716303 -0.130357040917 0)
(0.0139808140742 -0.125697963693 0)
(0.0172752417383 -0.120409498203 0)
(0.0202219624217 -0.114610283638 0)
(0.0228387643556 -0.108406695214 0)
(0.0251477348346 -0.101892682204 0)
(0.0271736148721 -0.095150079259 0)
(0.0289424735673 -0.0882492410901 0)
(0.0304806715361 -0.0812498810762 0)
(0.0318140757803 -0.0742020220153 0)
(0.0329674864508 -0.0671469911173 0)
(0.0339642373044 -0.060118410997 0)
(0.0348259349184 -0.0531431540808 0)
(0.0355723059366 -0.0462422399065 0)
(0.0362211261302 -0.039431663818 0)
(0.0367882094521 -0.0327231520824 0)
(0.0372874392935 -0.0261248430433 0)
(0.0377308277148 -0.0196418969997 0)
(0.0381285914671 -0.0132770394577 0)
(0.0384892361711 -0.00703104355686 0)
(0.0388196421056 -0.000903158045554 0)
(0.0391251467531 0.00510851262891 0)
(0.0394096205906 0.0110066696084 0)
(0.0396755336838 0.0167945160084 0)
(0.0399240114815 0.0224754824069 0)
(0.0401548788656 0.0280529757743 0)
(0.0403666920495 0.0335301465144 0)
(0.0405567583463 0.0389096685842 0)
(0.0407211442153 0.0441935279279 0)
(0.0408546723427 0.0493828146935 0)
(0.0409509088736 0.0544775148838 0)
(0.0410021422974 0.0594762972508 0)
(0.0409993559411 0.0643762913812 0)
(0.0409321965622 0.0691728530569 0)
(0.0407889421925 0.0738593131332 0)
(0.0405564731941 0.0784267064165 0)
(0.0402202514848 0.0828634773616 0)
(0.0397643141036 0.0871551599472 0)
(0.0391712887476 0.0912840299036 0)
(0.0384224406529 0.0952287286749 0)
(0.0374977622116 0.0989638602678 0)
(0.0363761190268 0.10245956465 0)
(0.0350354686521 0.105681074845 0)
(0.0334531709638 0.108588269606 0)
(0.0316064118105 0.111135239839 0)
(0.0294727640361 0.113269895066 0)
(0.027030911811 0.114933646567 0)
(0.0242615649092 0.116061216546 0)
(0.0211485884145 0.116580638045 0)
(0.0176803692157 0.116413528396 0)
(0.0138514319936 0.115475739465 0)
(0.00966430192849 0.113678509984 0)
(0.00513158609543 0.110930266577 0)
(0.000278207200515 0.107139236039 0)
(-0.00485633114837 0.102217033906 0)
(0.0186377466559 0.101404992895 0)
(0.0133904435268 0.0941395063013 0)
(0.00799865197811 0.0854487854408 0)
(0.00257274839696 0.0752969041657 0)
(-0.00275685042931 0.0636876748806 0)
(-0.00784352702305 0.0506743739435 0)
(-0.0125301918082 0.0363674913322 0)
(-0.0166558406596 0.0209399155326 0)
(-0.02006564966 0.00463045990312 0)
(-0.0226256360631 -0.0122610266458 0)
(-0.0242326512157 -0.0293910195076 0)
(-0.0248180454578 -0.0463880211484 0)
(-0.0243552933896 -0.0628663386163 0)
(-0.0228698867996 -0.0784492553682 0)
(-0.0204389538961 -0.092799378578 0)
(-0.0171809747089 -0.105639044342 0)
(-0.0132440957619 -0.116761286207 0)
(-0.00879434965916 -0.126034953989 0)
(-0.00400306461411 -0.133403897511 0)
(0.000965228015551 -0.138880011227 0)
(0.00596228594585 -0.142531847735 0)
(0.0108621099604 -0.144471337493 0)
(0.0155636603847 -0.144840579383 0)
(0.0199910606729 -0.143799871426 0)
(0.0240920176957 -0.141517599334 0)
(0.0278351194611 -0.138162216578 0)
(0.0312065702498 -0.133896271747 0)
(0.0342067887915 -0.128872266642 0)
(0.0368471568213 -0.123230048553 0)
(0.039147088858 -0.117095423627 0)
(0.0411315069628 -0.11057969784 0)
(0.0428287440228 -0.103779889575 0)
(0.0442688603797 -0.0967794016474 0)
(0.0454823360104 -0.0896489842655 0)
(0.046499089337 -0.082447860081 0)
(0.0473477703722 -0.0752249166045 0)
(0.0480552774583 -0.0680198992038 0)
(0.0486464512579 -0.0608645600246 0)
(0.0491439054517 -0.0537837350399 0)
(0.049567959803 -0.0467963339161 0)
(0.0499366472683 -0.0399162362923 0)
(0.0502657723231 -0.033153094188 0)
(0.0505690024591 -0.0265130442828 0)
(0.0508579788687 -0.019999336281 0)
(0.0511424356787 -0.0136128849444 0)
(0.0514303198016 -0.00735275398921 0)
(0.05172790562 -0.00121658014072 0)
(0.0520399004031 0.00479905456796 0)
(0.0523695376463 0.0106982945596 0)
(0.0527186565148 0.0164857193371 0)
(0.0530877663187 0.0221660822636 0)
(0.0534760955078 0.0277440732835 0)
(0.053881625107 0.0332240998142 0)
(0.054301106848 0.0386100804133 0)
(0.0547300665358 0.0439052461328 0)
(0.055162793449 0.0491119447174 0)
(0.0555923168386 0.0542314429647 0)
(0.0560103708954 0.0592637226729 0)
(0.0564073499251 0.0642072656654 0)
(0.0567722559391 0.069058823401 0)
(0.0570926414635 0.0738131667013 0)
(0.0573545511382 0.0784628111805 0)
(0.0575424666449 0.0829977140885 0)
(0.0576392607295 0.0874049385602 0)
(0.0576261675979 0.0916682817886 0)
(0.0574827788196 0.0957678645297 0)
(0.0571870761002 0.0996796807783 0)
(0.0567155149042 0.103375108643 0)
(0.0560431759126 0.106820386651 0)
(0.055144004644 0.109976064272 0)
(0.0539911631266 0.112796441749 0)
(0.0525575210928 0.11522902273 0)
(0.0508163174598 0.117214014255 0)
(0.0487420254056 0.118683922711 0)
(0.0463114554867 0.119563311952 0)
(0.0435051299157 0.119768811456 0)
(0.0403089556137 0.11920948843 0)
(0.0367162111906 0.117787728474 0)
(0.0327298394758 0.115400803247 0)
(0.0283649976586 0.11194333655 0)
(0.0236517560572 0.107310903297 0)
(0.0493202429929 0.1063449222 0)
(0.0445105534891 0.0993116686797 0)
(0.0394682848126 0.0907563007658 0)
(0.0342977634087 0.0806208190835 0)
(0.0291255849616 0.0688893712389 0)
(0.0240965713189 0.0556002216919 0)
(0.0193680631105 0.0408550108449 0)
(0.015105969712 0.0248252214308 0)
(0.0114755100812 0.00776154246821 0)
(0.00862058011356 -0.010008747972 0)
(0.00665361138445 -0.0281099822546 0)
(0.00565986182701 -0.0461344633356 0)
(0.00568749795858 -0.063648066278 0)
(0.00672570707185 -0.0802169320753 0)
(0.00870253011267 -0.0954545248785 0)
(0.0115002196249 -0.109046074665 0)
(0.0149676167748 -0.120758922207 0)
(0.0189313218034 -0.130449155737 0)
(0.0232101791797 -0.13806158209 0)
(0.02763057289 -0.143620878163 0)
(0.0320382530965 -0.147216596678 0)
(0.0363051812375 -0.148986134231 0)
(0.040332156611 -0.149098382434 0)
(0.0440484063293 -0.147739417705 0)
(0.0474091386409 -0.145100845894 0)
(0.0503919161021 -0.141370941279 0)
(0.0529925521562 -0.136728380011 0)
(0.0552210340156 -0.131338182212 0)
(0.0570977798371 -0.125349419401 0)
(0.0586503878084 -0.118894262431 0)
(0.0599109325302 -0.112087998446 0)
(0.0609137998508 -0.105029710264 0)
(0.0616940143693 -0.0978033761965 0)
(0.0622859956285 -0.0904792066137 0)
(0.0627226731279 -0.0831150832785 0)
(0.0630348920076 -0.0757580078376 0)
(0.0632510472757 -0.0684454975062 0)
(0.0633968925226 -0.0612068899001 0)
(0.0634954777217 -0.0540645364218 0)
(0.0635671790549 -0.0470348759053 0)
(0.063629791239 -0.0401293885201 0)
(0.0636986593447 -0.0333554352373 0)
(0.0637868325452 -0.0267169913173 0)
(0.063905226671 -0.0202152839066 0)
(0.0640627859802 -0.0138493444451 0)
(0.0642666373158 -0.0076164865366 0)
(0.0645222319367 -0.00151271948536 0)
(0.064833471909 0.00446689296027 0)
(0.0652028191247 0.0103279198682 0)
(0.0656313858761 0.0160762883711 0)
(0.0661190065313 0.0217180396021 0)
(0.0666642902893 0.0272591086612 0)
(0.067264655298 0.0327051225175 0)
(0.0679163446392 0.038061210194 0)
(0.0686144248532 0.0433318199301 0)
(0.0693527678284 0.0485205382619 0)
(0.0701240170469 0.0536299061027 0)
(0.0709195393816 0.058661226956 0)
(0.0717293639158 0.0636143623757 0)
(0.0725421096329 0.0684875096872 0)
(0.0733449043372 0.073276956855 0)
(0.0741232978561 0.0779768092387 0)
(0.0748611734883 0.0825786828668 0)
(0.0755406628488 0.0870713588475 0)
(0.0761420707807 0.0914403937206 0)
(0.076643818916 0.0956676810568 0)
(0.0770224188226 0.0997309606099 0)
(0.0772524885358 0.103603273064 0)
(0.0773068296488 0.107252361185 0)
(0.0771565860349 0.110640022348 0)
(0.0767715096113 0.113721423491 0)
(0.076120363192 0.116444397892 0)
(0.0751714951596 0.118748754617 0)
(0.0738936250427 0.120565646367 0)
(0.0722568826047 0.121817060794 0)
(0.0702341448152 0.122415524963 0)
(0.06780271344 0.122264143935 0)
(0.0649463677364 0.121257134013 0)
(0.0616578064445 0.119281059519 0)
(0.0579414538985 0.116217036677 0)
(0.0538165386135 0.111944220432 0)
(0.0818180394081 0.110711028831 0)
(0.0776636477991 0.103991954685 0)
(0.0731964999451 0.0956626683985 0)
(0.0685110692351 0.0856417015751 0)
(0.0637244857503 0.0738921697934 0)
(0.0589712189021 0.0604360176698 0)
(0.054396459652 0.045363452598 0)
(0.0501588473922 0.028838118222 0)
(0.0464261142635 0.0111182908672 0)
(0.0433416108121 -0.00743802313536 0)
(0.0410149370377 -0.0264286149978 0)
(0.0395492321009 -0.0454218981093 0)
(0.0390289893821 -0.0639364031882 0)
(0.0394704583012 -0.0814688355419 0)
(0.040815491766 -0.0975777780038 0)
(0.0429588207851 -0.111908326098 0)
(0.0457575368806 -0.12419655062 0)
(0.0490372250451 -0.13428085721 0)
(0.0526090750872 -0.142105511399 0)
(0.0562909012556 -0.147709707742 0)
(0.0599228342998 -0.151207512482 0)
(0.0633754953656 -0.152765804144 0)
(0.0665525490595 -0.152583953268 0)
(0.0693895648062 -0.15087669677 0)
(0.0718505255692 -0.147860755733 0)
(0.0739230996139 -0.14374516656 0)
(0.0756135740143 -0.13872487684 0)
(0.0769420438599 -0.132976972479 0)
(0.077938174052 -0.126658897092 0)
(0.0786376593277 -0.119908103195 0)
(0.0790793928668 -0.112842677502 0)
(0.0793032900457 -0.105562583627 0)
(0.0793486829649 -0.0981512548503 0)
(0.0792531909605 -0.0906773441638 0)
(0.0790519740903 -0.0831964985261 0)
(0.0787772850253 -0.0757530702539 0)
(0.0784582462627 -0.0683817128717 0)
(0.0781207918539 -0.0611088334696 0)
(0.0777877245805 -0.0539538907641 0)
(0.0774788500103 -0.0469305394193 0)
(0.0772111578249 -0.0400476282706 0)
(0.0769990282113 -0.0333100641211 0)
(0.0768544470457 -0.0267195547368 0)
(0.0767872182574 -0.0202752452206 0)
(0.0768051653356 -0.0139742616397 0)
(0.0769143166376 -0.00781217498109 0)
(0.0771190711406 -0.00178339743965 0)
(0.0774223427138 0.00411847809389 0)
(0.0778256819965 0.00990038561098 0)
(0.0783293756544 0.0155695319492 0)
(0.0789325232363 0.0211331733891 0)
(0.0796330921369 0.0265984159276 0)
(0.0804279513305 0.0319720329364 0)
(0.0813128846308 0.0372602944179 0)
(0.0822825842792 0.0424688024507 0)
(0.0833306257011 0.0476023276615 0)
(0.0844494243258 0.052664641673 0)
(0.085630175461 0.0576583404722 0)
(0.0868627783858 0.0625846535362 0)
(0.0881357460961 0.0674432333358 0)
(0.0894361025469 0.0722319195442 0)
(0.0907492698291 0.0769464719333 0)
(0.09205894854 0.0815802655707 0)
(0.0933469957219 0.0861239416019 0)
(0.0945933062168 0.0905650067091 0)
(0.0957757051948 0.0948873743882 0)
(0.0968698620376 0.0990708416684 0)
(0.0978492387769 0.103090496073 0)
(0.0986850899611 0.106916049779 0)
(0.0993465351822 0.110511101541 0)
(0.0998007305234 0.113832332468 0)
(0.100013170776 0.116828649862 0)
(0.0999481602331 0.1194403046 0)
(0.0995694958927 0.121598022964 0)
(0.0988414126859 0.123222214106 0)
(0.0977298451802 0.124222341203 0)
(0.0962040627867 0.124496580026 0)
(0.0942387323286 0.123931936695 0)
(0.091816445923 0.122405061048 0)
(0.0889307135868 0.119784073735 0)
(0.0855893485465 0.115931817239 0)
(0.11606754153 0.114270365303 0)
(0.1128331705 0.107933411025 0)
(0.109226594179 0.099909662389 0)
(0.105330090403 0.0900949917181 0)
(0.101245925424 0.0784334978823 0)
(0.0970869188611 0.0649339618121 0)
(0.0929650254742 0.0496761551921 0)
(0.0890088693647 0.032806234891 0)
(0.0853754629446 0.0145817316454 0)
(0.0821868707381 -0.00459697586143 0)
(0.0795205726502 -0.0243144378888 0)
(0.077496636407 -0.0441484355143 0)
(0.0762644573909 -0.0635792895695 0)
(0.0758877904745 -0.0820118413698 0)
(0.0763356834342 -0.0989483038457 0)
(0.0775391164961 -0.113994193171 0)
(0.079385880519 -0.126843263242 0)
(0.0817110537082 -0.137304913291 0)
(0.0843201031816 -0.145317815184 0)
(0.0870213680305 -0.150936209135 0)
(0.0896483484218 -0.154302097468 0)
(0.0920698146653 -0.155616163668 0)
(0.0941923268671 -0.155112279471 0)
(0.095958244558 -0.153036897879 0)
(0.0973409506101 -0.149633712053 0)
(0.0983387744013 -0.145133254946 0)
(0.0989687959856 -0.13974658791 0)
(0.0992612304755 -0.133662080997 0)
(0.0992546938488 -0.127044388389 0)
(0.0989924145296 -0.120034898897 0)
(0.0985193337244 -0.112753113843 0)
(0.097879981842 -0.10529855086 0)
(0.0971169993989 -0.0977528896734 0)
(0.0962701724152 -0.0901821671737 0)
(0.0953758645817 -0.0826388978039 0)
(0.0944667453569 -0.0751640455231 0)
(0.0935717310453 -0.0677888091348 0)
(0.0927160728084 -0.060536206943 0)
(0.0919215404643 -0.0534224623693 0)
(0.0912066634807 -0.0464582016853 0)
(0.0905870007572 -0.0396494802127 0)
(0.0900754188418 -0.0329986556214 0)
(0.0896823644357 -0.0265051273777 0)
(0.089416121718 -0.0201659606591 0)
(0.0892830484758 -0.0139764117056 0)
(0.0892877875185 -0.00793036993818 0)
(0.0894334516031 -0.00202073046305 0)
(0.0897217812905 0.00376029105274 0)
(0.0901532759298 0.00942089065307 0)
(0.0907272984413 0.0149694463564 0)
(0.0914421548258 0.0204143183795 0)
(0.092295149438 0.0257636722219 0)
(0.0932826170709 0.0310253182655 0)
(0.0943999328471 0.0362065620995 0)
(0.0956415008373 0.0413140601799 0)
(0.097000722245 0.0463536756734 0)
(0.098469943942 0.0513303294127 0)
(0.100040388122 0.0562478408293 0)
(0.101702063909 0.0611087535351 0)
(0.103443661904 0.0659141398862 0)
(0.105252432967 0.0706633784094 0)
(0.107114052985 0.0753538974207 0)
(0.109012476121 0.0799808775284 0)
(0.110929780005 0.0845369050502 0)
(0.112846007765 0.0890115677698 0)
(0.11473901363 0.0933909840057 0)
(0.116584321283 0.0976572558577 0)
(0.118355007268 0.10178783799 0)
(0.120021625667 0.105754814729 0)
(0.121552195028 0.109524081074 0)
(0.122912274219 0.113054428021 0)
(0.124065160367 0.116296540045 0)
(0.124972249257 0.119191923539 0)
(0.125593606146 0.121671800308 0)
(0.125888802791 0.123656021035 0)
(0.125818084183 0.12505208179 0)
(0.125343935298 0.125754365569 0)
(0.124433120828 0.125643786729 0)
(0.123059260202 0.124588098596 0)
(0.121205961253 0.122443239594 0)
(0.11887045817 0.119056237308 0)
(0.151934802857 0.116747483172 0)
(0.149933468552 0.110832527036 0)
(0.147540021702 0.103165904547 0)
(0.144826571012 0.0936248521194 0)
(0.141878339059 0.082142349205 0)
(0.13877398041 0.0687262119776 0)
(0.135557551571 0.0534564250487 0)
(0.132285157627 0.036449223597 0)
(0.129082753669 0.0179420606378 0)
(0.126015298889 -0.0015865535939 0)
(0.123063485636 -0.0217339484173 0)
(0.120358120293 -0.0421653821161 0)
(0.118170231334 -0.0623509985571 0)
(0.116641551957 -0.0815544142528 0)
(0.115788607399 -0.0992346103093 0)
(0.115627292138 -0.114966838538 0)
(0.116119109649 -0.128376772315 0)
(0.117123058082 -0.139219973686 0)
(0.118437441815 -0.14741812512 0)
(0.119856154015 -0.153039183022 0)
(0.121201775636 -0.156256533601 0)
(0.122338121838 -0.157309669674 0)
(0.12317269831 -0.156471710683 0)
(0.12365365221 -0.154024336814 0)
(0.123763298336 -0.15024019771 0)
(0.123510288503 -0.145371940213 0)
(0.122922031281 -0.139646334759 0)
(0.122038165824 -0.133261969471 0)
(0.120905322889 -0.12638928476 0)
(0.119573129451 -0.119172050035 0)
(0.118091302308 -0.111729649467 0)
(0.116507641163 -0.104159743466 0)
(0.114866732961 -0.0965410196907 0)
(0.113209198177 -0.0889358539824 0)
(0.111571335686 -0.0813927770295 0)
(0.109985049999 -0.0739486944328 0)
(0.108477969749 -0.066630842283 0)
(0.107073688154 -0.0594584821141 0)
(0.105792074107 -0.0524443518665 0)
(0.10464961695 -0.0455958961456 0)
(0.103659779088 -0.0389163016451 0)
(0.102833338978 -0.0324053636591 0)
(0.102178713267 -0.0260602081854 0)
(0.101702251325 -0.0198758919314 0)
(0.101408498534 -0.01384590004 0)
(0.101300426912 -0.00796255884862 0)
(0.101379633013 -0.00221737862959 0)
(0.101646503954 0.00339866085365 0)
(0.102100352914 0.00889487099008 0)
(0.102739525663 0.014280651752 0)
(0.103561479758 0.0195653177934 0)
(0.104562837943 0.0247579461428 0)
(0.105739417152 0.0298672392364 0)
(0.107086234339 0.0349013976333 0)
(0.108597490139 0.039867997161 0)
(0.110266531202 0.0447738654644 0)
(0.112085791831 0.0496249529755 0)
(0.114046715496 0.0544261932017 0)
(0.116139656703 0.0591813469478 0)
(0.118353763756 0.0638928246367 0)
(0.120676843139 0.068561480281 0)
(0.123095206592 0.073186369903 0)
(0.125593502536 0.077764466292 0)
(0.128154534389 0.082290320984 0)
(0.130759069615 0.0867556632998 0)
(0.133385645113 0.0911489252843 0)
(0.136010377012 0.0954546806119 0)
(0.138606786097 0.0996529852294 0)
(0.141145654288 0.103718608018 0)
(0.143594932772 0.107620141593 0)
(0.145919728816 0.111318987122 0)
(0.148082405866 0.114768213582 0)
(0.150042840179 0.11791130203 0)
(0.151758886599 0.120680800373 0)
(0.153187116062 0.122996934897 0)
(0.154283897982 0.124766253599 0)
(0.155006911899 0.125880417347 0)
(0.155317182702 0.126215317576 0)
(0.155181729751 0.125630800773 0)
(0.154576876865 0.123971436372 0)
(0.15349218376 0.121068978162 0)
(0.189189959366 0.117826994114 0)
(0.18877818096 0.112326498592 0)
(0.188019677488 0.105015119436 0)
(0.186987717949 0.0957583923679 0)
(0.185757553508 0.0844949658178 0)
(0.184365932293 0.0712616117401 0)
(0.182738051375 0.0561706498444 0)
(0.180777972594 0.0392986252012 0)
(0.178541451326 0.0208252389214 0)
(0.175984724266 0.00139970492294 0)
(0.172860188471 -0.018641372812 0)
(0.169289341717 -0.039225979477 0)
(0.165775105019 -0.0598896518994 0)
(0.162575934951 -0.0796361401498 0)
(0.159796277678 -0.0979253879267 0)
(0.157633669168 -0.114332248769 0)
(0.156201096251 -0.128349077852 0)
(0.155394396585 -0.139627425657 0)
(0.15499254853 -0.148051787885 0)
(0.154761181376 -0.153700925789 0)
(0.154501327576 -0.156784059688 0)
(0.154064059679 -0.157586291921 0)
(0.153352574906 -0.156426388404 0)
(0.152317587194 -0.153625840312 0)
(0.150948329957 -0.149488726998 0)
(0.149262253202 -0.144290518523 0)
(0.147295644915 -0.138273177515 0)
(0.145096025244 -0.131644263255 0)
(0.142716370992 -0.124578407465 0)
(0.140210945354 -0.117220082123 0)
(0.137632440091 -0.109686960595 0)
(0.13503014253 -0.102073430831 0)
(0.132448872179 -0.0944539940891 0)
(0.129928474375 -0.0868864004333 0)
(0.127503701675 -0.0794144498941 0)
(0.125204352905 -0.0720704378687 0)
(0.123055572921 -0.0648772535229 0)
(0.12107824286 -0.0578501569551 0)
(0.119289411485 -0.0509982690898 0)
(0.11770273402 -0.0443258109078 0)
(0.1163288965 -0.0378331278684 0)
(0.115176012049 -0.0315175327548 0)
(0.114249981414 -0.0253739966701 0)
(0.113554814138 -0.0193957141309 0)
(0.113092909395 -0.0135745645317 0)
(0.112865297265 -0.00790148888345 0)
(0.112871842164 -0.00236679774239 0)
(0.11311141071 0.00303957630775 0)
(0.113582006467 0.00832787040925 0)
(0.114280873981 0.0135083179862 0)
(0.115204574371 0.0185910020946 0)
(0.116349034461 0.0235857286866 0)
(0.117709571175 0.0285019137734 0)
(0.119280892572 0.033348479084 0)
(0.121057076619 0.0381337512188 0)
(0.123031528471 0.0428653595037 0)
(0.125196916811 0.0475501277528 0)
(0.127545089546 0.0521939549726 0)
(0.130066969032 0.0568016796765 0)
(0.132752426943 0.0613769219193 0)
(0.135590138944 0.0659218963984 0)
(0.138567419574 0.0704371890139 0)
(0.141670038186 0.0749214881049 0)
(0.144882017572 0.07937126022 0)
(0.148185418025 0.0837803587726 0)
(0.151560111344 0.0881395523403 0)
(0.154983551658 0.092435957846 0)
(0.158430553273 0.0966523626395 0)
(0.161873090167 0.100766418906 0)
(0.165280137554 0.104749694393 0)
(0.168617583349 0.10856656584 0)
(0.171848246454 0.112172946604 0)
(0.174932049561 0.115514848955 0)
(0.177826406175 0.11852679545 0)
(0.180486894614 0.121130114107 0)
(0.182868306088 0.123231180849 0)
(0.18492617113 0.124719714723 0)
(0.186618889283 0.12546729868 0)
(0.187910594918 0.125326419349 0)
(0.188774842295 0.124130530225 0)
(0.18919909914 0.121695959212 0)
(0.227476270583 0.117164404267 0)
(0.229037881276 0.111998939948 0)
(0.2303946249 0.104949789115 0)
(0.231649825121 0.0958774892701 0)
(0.232897838839 0.0847603508879 0)
(0.234144168987 0.0717392154583 0)
(0.235134875877 0.0570414885711 0)
(0.235498711443 0.0406608108332 0)
(0.235092986681 0.0226260167595 0)
(0.23370234026 0.00403212712728 0)
(0.230614684439 -0.0149658433672 0)
(0.225891853408 -0.0349462373408 0)
(0.220464885574 -0.0556742474638 0)
(0.214741279404 -0.07556988742 0)
(0.209056735483 -0.0942406622009 0)
(0.203942614952 -0.111375972821 0)
(0.199796848863 -0.126149487436 0)
(0.196544308799 -0.138012355989 0)
(0.193908111152 -0.146782497965 0)
(0.19159592628 -0.15254691891 0)
(0.189365861286 -0.155558557018 0)
(0.187040959839 -0.156159082504 0)
(0.184510055807 -0.154722729212 0)
(0.181720330324 -0.15161754345 0)
(0.178664095853 -0.147182604136 0)
(0.175364755999 -0.141717350448 0)
(0.171864974887 -0.135478524863 0)
(0.168217733961 -0.128681388255 0)
(0.164479954275 -0.121503129437 0)
(0.160708166743 -0.114087239612 0)
(0.156955746158 -0.106548132133 0)
(0.153271297625 -0.0989755989815 0)
(0.149697861767 -0.0914388891852 0)
(0.146272679042 -0.0839903148513 0)
(0.143027318338 -0.0766683632454 0)
(0.139988028154 -0.0695003351243 0)
(0.137176210293 -0.0625045514238 0)
(0.134608947584 -0.0556921797662 0)
(0.132299540301 -0.049068734019 0)
(0.13025802269 -0.0426352975814 0)
(0.128491642672 -0.0363895162938 0)
(0.127005295772 -0.0303264011818 0)
(0.12580190964 -0.0244389754849 0)
(0.124882778921 -0.0187187950048 0)
(0.12424785226 -0.0131563659621 0)
(0.123895974391 -0.00774148037224 0)
(0.12382508677 -0.00246348540463 0)
(0.124032390326 0.00268849973803 0)
(0.12451447377 0.00772540827446 0)
(0.125267410639 0.0126580824186 0)
(0.126286827825 0.0174971543701 0)
(0.127567947983 0.022252945195 0)
(0.129105607738 0.0269353759483 0)
(0.130894253215 0.0315538860056 0)
(0.132927913994 0.0361173539518 0)
(0.135200156239 0.0406340165558 0)
(0.137704015375 0.0451113813204 0)
(0.140431908425 0.0495561278665 0)
(0.143375525867 0.0539739929755 0)
(0.146525702712 0.0583696334468 0)
(0.149872268473 0.0627464600348 0)
(0.153403875784 0.0671064345754 0)
(0.157107807781 0.071449820981 0)
(0.160969764943 0.0757748790617 0)
(0.164973633169 0.0800774881405 0)
(0.16910123646 0.0843506851877 0)
(0.173332079991 0.0885840998328 0)
(0.177643092792 0.0927632662954 0)
(0.182008384084 0.0968687903146 0)
(0.186399033887 0.10087534805 0)
(0.190782947362 0.104750494356 0)
(0.195124813742 0.108453260844 0)
(0.199386224887 0.111932530971 0)
(0.203526024969 0.115125191572 0)
(0.207500981371 0.117954079005 0)
(0.211266887953 0.120325766056 0)
(0.21478023829 0.12212827692 0)
(0.218000645476 0.123228884039 0)
(0.220894223872 0.123472275789 0)
(0.223438110621 0.122679672181 0)
(0.225626200518 0.120649934323 0)
(0.266275456906 0.114411154929 0)
(0.270185523675 0.109404131405 0)
(0.274159699116 0.102386818994 0)
(0.278396726789 0.0932138778975 0)
(0.283095882713 0.081970460161 0)
(0.288285120501 0.0690828293353 0)
(0.293428844476 0.0550817575038 0)
(0.297784876854 0.0399427731735 0)
(0.30055357317 0.0226917285508 0)
(0.301373046419 0.00585256337981 0)
(0.298678705497 -0.0106837970026 0)
(0.292391135595 -0.0289720565265 0)
(0.284172086169 -0.0493622991734 0)
(0.27441071466 -0.0684684192789 0)
(0.264319905722 -0.0870436715338 0)
(0.254827101498 -0.105112060844 0)
(0.246901904037 -0.120977400642 0)
(0.240409964893 -0.133733821089 0)
(0.234932318583 -0.143095469226 0)
(0.230062596476 -0.149155934456 0)
(0.22547705002 -0.152227228001 0)
(0.220944253798 -0.152727162665 0)
(0.216322562752 -0.15110176873 0)
(0.211546540409 -0.147776250363 0)
(0.206606127083 -0.143130208042 0)
(0.201526751454 -0.137489073071 0)
(0.196354098507 -0.131124314158 0)
(0.191143485488 -0.124257776017 0)
(0.185952791722 -0.11706767162 0)
(0.180837975338 -0.109694946199 0)
(0.175850434607 -0.102249358895 0)
(0.171035649471 -0.0948149714105 0)
(0.166432679372 -0.0874549266915 0)
(0.162074207999 -0.0802155085575 0)
(0.157986916178 -0.0731295298845 0)
(0.154192032812 -0.0662191231027 0)
(0.150705964092 -0.059498015139 0)
(0.147540937007 -0.0529733673582 0)
(0.144705618133 -0.0466472543549 0)
(0.14220568559 -0.040517846546 0)
(0.140044343212 -0.034580352083 0)
(0.138222773177 -0.0288277645955 0)
(0.136740527729 -0.0232514551838 0)
(0.135595863141 -0.0178416400485 0)
(0.134786020405 -0.01258774922 0)
(0.134307457617 -0.00747871695126 0)
(0.134156039056 -0.00250321033327 0)
(0.134327185664 0.00235019051845 0)
(0.134815991182 0.00709284991688 0)
(0.135617307676 0.0117359629244 0)
(0.13672580363 0.0162904633233 0)
(0.13813599721 0.020766947199 0)
(0.139842266782 0.0251756069703 0)
(0.141838840262 0.0295261712907 0)
(0.144119764381 0.0338278465991 0)
(0.146678854522 0.0380892562437 0)
(0.149509625393 0.0423183730218 0)
(0.152605202418 0.0465224406999 0)
(0.155958213441 0.0507078795724 0)
(0.159560660088 0.0548801703667 0)
(0.163403767989 0.05904370978 0)
(0.167477815069 0.0632016296044 0)
(0.171771937283 0.0673555697089 0)
(0.176273911691 0.0715053930674 0)
(0.180969917644 0.0756488285194 0)
(0.185844278392 0.079781024003 0)
(0.190879187812 0.0838939896527 0)
(0.196054430542 0.0879759065259 0)
(0.201347109118 0.0920102730143 0)
(0.20673139929 0.0959748576296 0)
(0.212178365435 0.0998404244497 0)
(0.21765588273 0.103569197148 0)
(0.223128732131 0.107113030697 0)
(0.228558957975 0.110411268195 0)
(0.233906606509 0.113388275498 0)
(0.23913099679 0.115950671226 0)
(0.244192716498 0.117984306835 0)
(0.249056605868 0.119351107271 0)
(0.253696111339 0.119886018409 0)
(0.258099425429 0.119394685521 0)
(0.262277639994 0.117653112457 0)
(0.304875709736 0.109256719178 0)
(0.31143672634 0.104119247865 0)
(0.318476423595 0.0967277695914 0)
(0.326425950052 0.08688823993 0)
(0.335805594997 0.0748496308938 0)
(0.346781346667 0.0615970593209 0)
(0.358467119884 0.0476670113466 0)
(0.369811420786 0.0353725637007 0)
(0.377190879958 0.0197907432046 0)
(0.381560956773 0.00605385493465 0)
(0.379892447174 -0.00589893508418 0)
(0.371720742167 -0.0206121026333 0)
(0.359987163921 -0.0397941224953 0)
(0.343106925969 -0.0558005192941 0)
(0.326418287476 -0.0745407733049 0)
(0.310340017807 -0.0942357195066 0)
(0.297219072203 -0.111817686037 0)
(0.286531665882 -0.126023326194 0)
(0.277547599115 -0.136417369557 0)
(0.26964132758 -0.143087882434 0)
(0.262335764771 -0.146437854369 0)
(0.255302714483 -0.146999545815 0)
(0.248348125912 -0.145319290322 0)
(0.241383347782 -0.141896352577 0)
(0.234390192312 -0.137159256613 0)
(0.227392034624 -0.131462670199 0)
(0.220434024919 -0.125093240781 0)
(0.213570452269 -0.11827852554 0)
(0.206856933868 -0.111196417582 0)
(0.200345817148 -0.103983958099 0)
(0.194083721552 -0.0967450993908 0)
(0.188110475258 -0.0895573065366 0)
(0.182458925352 -0.0824770418705 0)
(0.177155263761 -0.0755442468555 0)
(0.172219630899 -0.0687859605698 0)
(0.16766684365 -0.062219214473 0)
(0.163507152543 -0.0558533318124 0)
(0.159746971965 -0.0496917438931 0)
(0.156389552849 -0.0437334182523 0)
(0.153435583539 -0.0379739774917 0)
(0.150883714596 -0.0324065730014 0)
(0.148731009223 -0.0270225653521 0)
(0.146973324192 -0.0218120527444 0)
(0.145605627687 -0.0167642803929 0)
(0.14462226096 -0.0118679568517 0)
(0.144017150518 -0.00711149781841 0)
(0.143783977102 -0.00248321361122 0)
(0.143916307009 0.00202854686982 0)
(0.144407690626 0.00643528553148 0)
(0.145251732251 0.0107482696962 0)
(0.146442134626 0.0149784653442 0)
(0.147972720883 0.0191364835536 0)
(0.149837436043 0.0232325355363 0)
(0.15203032961 0.0272763922175 0)
(0.154545520281 0.0312773446224 0)
(0.157377143348 0.0352441614393 0)
(0.160519280874 0.0391850400089 0)
(0.163965874371 0.0431075466655 0)
(0.167710619312 0.0470185417974 0)
(0.171746840513 0.0509240841659 0)
(0.176067347181 0.0548293078957 0)
(0.180664266319 0.058738264058 0)
(0.185528853215 0.0626537168432 0)
(0.190651278082 0.0665768818847 0)
(0.196020388665 0.0705070912633 0)
(0.20162345 0.0744413660069 0)
(0.20744586482 0.0783738724398 0)
(0.21347088183 0.0822952335251 0)
(0.21967930478 0.0861916604216 0)
(0.226049223939 0.0900438630491 0)
(0.232555804544 0.0938256919389 0)
(0.2391711858 0.097502457987 0)
(0.245864570498 0.101028873512 0)
(0.252602619909 0.104346558984 0)
(0.259350312839 0.107381066699 0)
(0.266072481324 0.110038389466 0)
(0.272736298806 0.1122009518 0)
(0.279315116835 0.113723116654 0)
(0.2857943218 0.114426339843 0)
(0.292180078523 0.114094511314 0)
(0.298511304378 0.112470711642 0)
(0.342352922586 0.101485530525 0)
(0.351702230485 0.0958245923227 0)
(0.362056898456 0.0874655241903 0)
(0.374282202534 0.0759632329176 0)
(0.389614335811 0.061556868397 0)
(0.407916835997 0.0457824367515 0)
(0.429295228021 0.0284838176146 0)
(0.456862311121 0.0154493282514 0)
(0.469336686979 0.00644472191843 0)
(0.477394279908 0.00163923638723 0)
(0.477636903142 -0.000942041179099 0)
(0.469558396892 -0.00561283701607 0)
(0.455308760589 -0.0157291720373 0)
(0.419860200445 -0.0297606543446 0)
(0.395210782428 -0.0543163676169 0)
(0.370029043167 -0.0768578587243 0)
(0.34995687651 -0.0973052873343 0)
(0.333964457051 -0.113978397287 0)
(0.320835568982 -0.126170376347 0)
(0.309510065213 -0.133944418662 0)
(0.299217666676 -0.137888702881 0)
(0.289474236542 -0.138733300563 0)
(0.280012516821 -0.137174967411 0)
(0.270714142384 -0.133812529819 0)
(0.26155013701 -0.129134864354 0)
(0.2525395891 -0.123530059268 0)
(0.243724586349 -0.117300648638 0)
(0.235155590169 -0.110679134973 0)
(0.226883058972 -0.103841883418 0)
(0.218952906132 -0.0969208817363 0)
(0.211404346738 -0.0900133921861 0)
(0.204269203284 -0.083189720676 0)
(0.197572059969 -0.0764993872511 0)
(0.191330871519 -0.069975979709 0)
(0.185557780122 -0.0636409441791 0)
(0.18025999238 -0.0575065295385 0)
(0.175440631863 -0.0515780649772 0)
(0.171099522913 -0.0458557158081 0)
(0.167233885927 -0.0403358332029 0)
(0.163838938921 -0.0350119891438 0)
(0.160908408312 -0.0298757680693 0)
(0.15843495609 -0.0249173708716 0)
(0.156410532301 -0.0201260744135 0)
(0.154826662197 -0.015490579955 0)
(0.153674676927 -0.0109992762809 0)
(0.152945895919 -0.0066404374537 0)
(0.152631768062 -0.00240237059459 0)
(0.152723977828 0.00172647435493 0)
(0.153214521494 0.00575742357123 0)
(0.154095757709 0.00970151965907 0)
(0.155360435868 0.0135694774883 0)
(0.157001704969 0.0173716507984 0)
(0.15901310504 0.0211180055844 0)
(0.161388542553 0.0248180967708 0)
(0.164122250781 0.0284810449545 0)
(0.167208735487 0.0321155100568 0)
(0.170642705944 0.0357296585762 0)
(0.174418990778 0.0393311207684 0)
(0.178532437797 0.0429269334882 0)
(0.18297779654 0.0465234635399 0)
(0.187749581996 0.0501263051741 0)
(0.192841917677 0.0537401437483 0)
(0.198248356169 0.0573685754297 0)
(0.203961675372 0.0610138700517 0)
(0.20997364919 0.0646766606784 0)
(0.216274792545 0.068355538909 0)
(0.222854082662 0.0720465292682 0)
(0.229698662222 0.0757424089706 0)
(0.236793535769 0.0794318307028 0)
(0.244121280243 0.0830981956337 0)
(0.251661805419 0.0867182115979 0)
(0.259392223542 0.0902600577752 0)
(0.26728692211 0.0936810635568 0)
(0.275317981687 0.09692479667 0)
(0.283456146531 0.0999174444418 0)
(0.291672642553 0.102563369654 0)
(0.299942236131 0.104739740995 0)
(0.308248104384 0.106290145472 0)
(0.316589575645 0.107017059793 0)
(0.324994274358 0.106673306478 0)
(0.333535105842 0.104953413429 0)
(0.377575381075 0.0910610892217 0)
(0.389565610142 0.0844244126456 0)
(0.403007850858 0.0743596515035 0)
(0.419304498794 0.0597333413359 0)
(0.440810557578 0.0404180096211 0)
(0.464747295694 0.020599606148 0)
(0.491233339203 0.00240900062743 0)
(0.5 0 0)
(0.5 0 0)
(0.5 0 0)
(0.5 0 0)
(0.5 0 0)
(0.5 0 0)
(0.492676832151 -0.00149337651077 0)
(0.47052243827 -0.017964697519 0)
(0.432976064495 -0.0480640867077 0)
(0.403164794556 -0.0752313267627 0)
(0.380839226543 -0.0966560448564 0)
(0.363265318898 -0.111948561932 0)
(0.348463010968 -0.121496745761 0)
(0.33514555263 -0.126410045223 0)
(0.322638474962 -0.127786876133 0)
(0.310609928509 -0.126549386615 0)
(0.29892282071 -0.123426874152 0)
(0.287543816889 -0.118980182489 0)
(0.276490260932 -0.113634169631 0)
(0.265801311382 -0.10770721911 0)
(0.255522382679 -0.101435579283 0)
(0.245696888642 -0.0949927389114 0)
(0.236362196743 -0.0885045555473 0)
(0.227548046457 -0.0820609234896 0)
(0.219276369208 -0.075724700511 0)
(0.211561852267 -0.0695384989891 0)
(0.204412846677 -0.0635298314861 0)
(0.19783238546 -0.0577149983922 0)
(0.191819183154 -0.0521020192793 0)
(0.186368551691 -0.0466928399113 0)
(0.18147320521 -0.0414849918094 0)
(0.177123947603 -0.0364728385845 0)
(0.17331024796 -0.031648510556 0)
(0.170020714435 -0.0270026042881 0)
(0.167243479085 -0.0225247048337 0)
(0.164966506321 -0.0182037742597 0)
(0.163177836768 -0.0140284393127 0)
(0.161865777006 -0.00998720303078 0)
(0.161019044248 -0.00606859906433 0)
(0.160626873606 -0.00226130292754 0)
(0.160679094306 0.00144578898821 0)
(0.161166180048 0.00506350434078 0)
(0.162079277716 0.00860235728945 0)
(0.16341021774 0.0120725234352 0)
(0.16515150867 0.0154838232048 0)
(0.167296317849 0.0188457103256 0)
(0.169838439464 0.0221672624685 0)
(0.17277225076 0.0254571713574 0)
(0.17609265667 0.0287237296664 0)
(0.179795022692 0.0319748118497 0)
(0.18387509536 0.0352178456618 0)
(0.188328909269 0.0384597705119 0)
(0.19315267914 0.0417069778788 0)
(0.198342675039 0.0449652277573 0)
(0.203895078482 0.0482395333901 0)
(0.209805816854 0.0515340042445 0)
(0.216070373482 0.05485163414 0)
(0.222683570821 0.0581940174054 0)
(0.229639324959 0.0615609706356 0)
(0.236930371198 0.0649500306767 0)
(0.24454796351 0.0683557904141 0)
(0.252481556027 0.0717690221661 0)
(0.260718483841 0.0751755232065 0)
(0.269243676127 0.0785545982512 0)
(0.278039461123 0.0818770692123 0)
(0.287085564018 0.0851026735823 0)
(0.296359458047 0.088176677822 0)
(0.305837318437 0.0910254862262 0)
(0.315495966255 0.0935509827034 0)
(0.325316342905 0.095623343255 0)
(0.335289242215 0.0970720146578 0)
(0.345424694785 0.0976742054416 0)
(0.355767560638 0.0971400687501 0)
(0.366420714107 0.0950952027542 0)
(0.409252959581 0.0782593403108 0)
(0.423321652454 0.0702336037546 0)
(0.438873214991 0.0577289939483 0)
(0.457881272184 0.0384838769333 0)
(0.485247773567 0.0118414641702 0)
(0.49820958869 0.000684688751759 0)
(0.5 0 0)
(0.5 0 0)
(0.5 0 0)
(0.5 0 0)
(0.5 0 0)
(0.5 0 0)
(0.5 0 0)
(0.5 0 0)
(0.5 0 0)
(0.488665280888 -0.00962251078848 0)
(0.449983353475 -0.0456642384926 0)
(0.423344492845 -0.0742438768548 0)
(0.402510827831 -0.0940271399151 0)
(0.384929317276 -0.105904174436 0)
(0.368927176398 -0.112069545045 0)
(0.353827052952 -0.114180660911 0)
(0.339326657032 -0.113443832158 0)
(0.325313402023 -0.110737092379 0)
(0.311769944497 -0.106697234554 0)
(0.298721454606 -0.101784701176 0)
(0.286208304804 -0.0963310508735 0)
(0.274272126844 -0.0905736347552 0)
(0.262949056228 -0.0846810225673 0)
(0.252266989346 -0.0787716279959 0)
(0.242245037188 -0.0729273258385 0)
(0.232894108442 -0.067203399886 0)
(0.224218001762 -0.061635810109 0)
(0.216214656412 -0.0562465036372 0)
(0.208877374435 -0.0510472990611 0)
(0.202195925243 -0.046042730118 0)
(0.196157499108 -0.0412321295762 0)
(0.190747505722 -0.0366111573816 0)
(0.185950228577 -0.0321729214534 0)
(0.18174935213 -0.0279087992325 0)
(0.178128380252 -0.0238090389191 0)
(0.175070963753 -0.0198631981886 0)
(0.172561152931 -0.0160604628163 0)
(0.170583588908 -0.0123898764492 0)
(0.169123645344 -0.00884050459576 0)
(0.16816753009 -0.00540154993051 0)
(0.167702354583 -0.0020624316271 0)
(0.167716177274 0.00118716177166 0)
(0.168198026093 0.00435723878982 0)
(0.169137903901 0.00745748532114 0)
(0.170526779953 0.0104972545938 0)
(0.172356569683 0.0134855634688 0)
(0.174620104429 0.0164310923398 0)
(0.177311092196 0.0193421862664 0)
(0.180424070008 0.022226855138 0)
(0.183954347981 0.0250927706611 0)
(0.187897944765 0.0279472577658 0)
(0.192251513564 0.0307972776363 0)
(0.197012257506 0.0336493989576 0)
(0.202177832638 0.0365097530589 0)
(0.207746236321 0.0393839673698 0)
(0.21371567827 0.0422770698632 0)
(0.220084430986 0.0451933547731 0)
(0.226850655814 0.0481361966485 0)
(0.234012200586 0.0511077954156 0)
(0.241566364781 0.0541088291773 0)
(0.249509628838 0.0571379834103 0)
(0.257837346027 0.0601913142727 0)
(0.266543399031 0.0632613888065 0)
(0.275619830469 0.0663361243527 0)
(0.285056470374 0.0693972214063 0)
(0.294840609758 0.0724180466666 0)
(0.304956811785 0.0753607749881 0)
(0.315387011421 0.0781725329736 0)
(0.326111157099 0.0807801862906 0)
(0.337108852741 0.0830833014374 0)
(0.348362674742 0.0849447851977 0)
(0.359863860846 0.0861785682072 0)
(0.371621776291 0.086532742851 0)
(0.383681469267 0.0856657040581 0)
(0.396153793371 0.0831153908728 0)
(0.436061863351 0.0638220175267 0)
(0.4511109861 0.0542415515421 0)
(0.467120520858 0.0389622765131 0)
(0.487968306671 0.0141074467627 0)
(0.5 0 0)
(0.5 0 0)
(0.5 0 0)
(0.5 0 0)
(0.5 0 0)
(0.5 0 0)
(0.5 0 0)
(0.5 0 0)
(0.5 0 0)
(0.5 0 0)
(0.5 0 0)
(0.5 0 0)
(0.49028213795 -0.0104401713515 0)
(0.458428334401 -0.048258575748 0)
(0.436400659948 -0.0735063581677 0)
(0.41735976449 -0.0878020956839 0)
(0.399316303551 -0.0952359172842 0)
(0.382004834386 -0.098143208728 0)
(0.36529291329 -0.0980131602097 0)
(0.349147974334 -0.0958599148085 0)
(0.333597625651 -0.0923838678121 0)
(0.31869080504 -0.0880706413052 0)
(0.304477554825 -0.0832570353656 0)
(0.290999868725 -0.0781759464367 0)
(0.278288367966 -0.0729874639604 0)
(0.266362027626 -0.067800538481 0)
(0.255229336982 -0.0626881221898 0)
(0.244890005804 -0.0576977843524 0)
(0.235336761647 -0.0528591828576 0)
(0.226557017959 -0.0481893430519 0)
(0.218534321442 -0.043696401226 0)
(0.211249557015 -0.0393822687124 0)
(0.204681923516 -0.0352445337433 0)
(0.198809707752 -0.0312778224102 0)
(0.193610888445 -0.0274747738962 0)
(0.189063600349 -0.023826739351 0)
(0.185146485445 -0.0203242819212 0)
(0.181838954059 -0.0169575331752 0)
(0.179121374777 -0.0137164455003 0)
(0.176975208477 -0.0105909689661 0)
(0.175383098725 -0.00757117327268 0)
(0.174328928259 -0.00464732976786 0)
(0.173797849223 -0.00180996447964 0)
(0.173776293115 0.000950109795299 0)
(0.174251965092 0.00364177639535 0)
(0.175213826174 0.00627360824218 0)
(0.176652066012 0.00885386844848 0)
(0.178558068171 0.0113905154435 0)
(0.180924369265 0.0138912104702 0)
(0.183744612786 0.0163633255998 0)
(0.18701349798 0.0188139505297 0)
(0.190726723707 0.0212498964022 0)
(0.194880926811 0.0236776946788 0)
(0.199473614047 0.0261035887326 0)
(0.204503086182 0.0285335152341 0)
(0.209968352321 0.0309730715439 0)
(0.215869031916 0.0334274641071 0)
(0.222205241216 0.0359014311553 0)
(0.228977460093 0.0383991306648 0)
(0.23618637429 0.0409239812639 0)
(0.243832687166 0.043478439262 0)
(0.251916894062 0.046063688674 0)
(0.260439011674 0.0486792123152 0)
(0.269398254608 0.0513221996921 0)
(0.278792651933 0.0539867299354 0)
(0.288618599242 0.0566626430265 0)
(0.298870349838 0.0593339766844 0)
(0.309539468785 0.0619767963637 0)
(0.320614306287 0.0645561787998 0)
(0.332079583084 0.0670220095994 0)
(0.343916269718 0.0693030882 0)
(0.356102224371 0.0712988425822 0)
(0.368614304596 0.0728679210977 0)
(0.381432151704 0.0738126721742 0)
(0.394544259689 0.0738567095689 0)
(0.407962719798 0.0726111902261 0)
(0.421753284616 0.0695284935435 0)
(0.456923820752 0.0491125105868 0)
(0.471202639889 0.0390992873801 0)
(0.485350069276 0.0232133364137 0)
(0.499203583681 0.0023846960199 0)
(0.5 0 0)
(0.5 0 0)
(0.5 0 0)
(0.5 0 0)
(0.5 0 0)
(0.5 0 0)
(0.5 0 0)
(0.5 0 0)
(0.5 0 0)
(0.5 0 0)
(0.5 0 0)
(0.5 0 0)
(0.5 0 0)
(0.485455190128 -0.0218276416215 0)
(0.463196792964 -0.052427969813 0)
(0.44437507488 -0.0682898702679 0)
(0.425124238862 -0.0765922133192 0)
(0.40616343074 -0.0801252419182 0)
(0.387656263825 -0.0805759038612 0)
(0.369702100489 -0.0790386525378 0)
(0.352408042092 -0.0762398124328 0)
(0.335868046967 -0.0726652233346 0)
(0.32015381464 -0.068640846047 0)
(0.305314196396 -0.0643851230008 0)
(0.29137777541 -0.0600437740951 0)
(0.278356519493 -0.0557131171449 0)
(0.26624945514 -0.051455760588 0)
(0.255045915414 -0.0473112232088 0)
(0.244728244168 -0.0433031680741 0)
(0.23527396985 -0.039444361651 0)
(0.226657509765 -0.0357400939748 0)
(0.21885148099 -0.0321905506544 0)
(0.211827693319 -0.0287924659751 0)
(0.205557890971 -0.0255402793475 0)
(0.200014298698 -0.0224269461839 0)
(0.195170017196 -0.0194445067211 0)
(0.190999303304 -0.0165844842822 0)
(0.187477762707 -0.013838162736 0)
(0.184582476576 -0.0111967780402 0)
(0.182292078638 -0.00865164849309 0)
(0.180586795272 -0.00619426117811 0)
(0.179448458253 -0.00381632709736 0)
(0.178860497453 -0.001509813964 0)
(0.178807918999 0.000733036858457 0)
(0.179277273057 0.0029197045458 0)
(0.180256614307 0.00505739065568 0)
(0.181735457348 0.00715302601793 0)
(0.183704728622 0.00921328066685 0)
(0.186156715879 0.0112445752019 0)
(0.189085015752 0.0132530921863 0)
(0.192484479609 0.0152447862752 0)
(0.196351157441 0.0172253917215 0)
(0.20068223916 0.0192004257172 0)
(0.20547599225 0.0211751856949 0)
(0.210731694212 0.0231547381856 0)
(0.21644955766 0.0251438960597 0)
(0.222630645221 0.0271471798771 0)
(0.229276770463 0.0291687575311 0)
(0.236390379992 0.031212354186 0)
(0.243974410411 0.0332811214435 0)
(0.252032112126 0.0353774503258 0)
(0.260566829815 0.037502706478 0)
(0.269581726839 0.0396568571349 0)
(0.279079437818 0.0418379466174 0)
(0.289061629864 0.0440413585075 0)
(0.299528448727 0.0462587751226 0)
(0.310477824665 0.0484767040667 0)
(0.321904620982 0.0506743833465 0)
(0.333799618222 0.0528207961268 0)
(0.346148309622 0.054870398823 0)
(0.358929525816 0.0567569416703 0)
(0.372114286454 0.0583845206935 0)
(0.385665495436 0.0596150374776 0)
(0.399537478437 0.0602509665206 0)
(0.413674093035 0.0600101401656 0)
(0.428012810074 0.0584899255013 0)
(0.442486480256 0.0551255921149 0)
(0.472339504049 0.0350493166863 0)
(0.48423816239 0.0258351724221 0)
(0.495968489104 0.00834093268572 0)
(0.5 0 0)
(0.5 0 0)
(0.5 0 0)
(0.5 0 0)
(0.5 0 0)
(0.5 0 0)
(0.5 0 0)
(0.5 0 0)
(0.5 0 0)
(0.5 0 0)
(0.5 0 0)
(0.5 0 0)
(0.5 0 0)
(0.5 0 0)
(0.497742808394 -0.00655096212192 0)
(0.483768849624 -0.0334513252679 0)
(0.464965197097 -0.0487721031356 0)
(0.445341627075 -0.0570022710883 0)
(0.425444287836 -0.0607212460952 0)
(0.405674549617 -0.0615723283196 0)
(0.386330665799 -0.0606214200511 0)
(0.367642033615 -0.0585554592769 0)
(0.34977061805 -0.0558200825055 0)
(0.332822045942 -0.0527057291495 0)
(0.316858851899 -0.0494017383572 0)
(0.301911640076 -0.0460311524285 0)
(0.287988057859 -0.0426732742488 0)
(0.275079687234 -0.0393783576834 0)
(0.263167167459 -0.036177251886 0)
(0.252223953928 -0.0330877908008 0)
(0.242219058029 -0.0301190627707 0)
(0.233119030051 -0.0272742862231 0)
(0.224889382461 -0.0245527605739 0)
(0.217495601762 -0.0219511980726 0)
(0.210903859151 -0.0194646374596 0)
(0.205081501223 -0.0170870726134 0)
(0.199997380412 -0.0148118853496 0)
(0.195622068991 -0.0126321426569 0)
(0.191927988782 -0.0105407995084 0)
(0.188889480229 -0.00853083557874 0)
(0.186482828161 -0.00659534552875 0)
(0.184686257023 -0.00472759660456 0)
(0.18347990492 -0.00292106322831 0)
(0.182845783344 -0.00116944543064 0)
(0.182767727611 0.000533323990575 0)
(0.183231341632 0.00219308007772 0)
(0.184223939645 0.0038154315423 0)
(0.185734486723 0.00540576993399 0)
(0.187753539291 0.00696928071896 0)
(0.190273186376 0.00851095512721 0)
(0.193286991942 0.0100356017876 0)
(0.196789938254 0.0115478572215 0)
(0.200778369908 0.0130521942185 0)
(0.205249937772 0.0145529269583 0)
(0.210203541652 0.0160542114675 0)
(0.21563927001 0.0175600395658 0)
(0.221558334413 0.0190742238259 0)
(0.227962995539 0.0206003701608 0)
(0.234856476527 0.0221418333637 0)
(0.242242857978 0.0237016490834 0)
(0.250126946992 0.0252824330913 0)
(0.258514110068 0.0268862349124 0)
(0.267410056268 0.0285143274203 0)
(0.276820552411 0.03016690599 0)
(0.286751045798 0.0318426590242 0)
(0.297206160864 0.0335381540842 0)
(0.308189023329 0.0352469571802 0)
(0.3197003515 0.0369583621613 0)
(0.331737245841 0.0386555480654 0)
(0.344291583659 0.0403128987812 0)
(0.357347828106 0.0418920796628 0)
(0.370880038108 0.0433362109238 0)
(0.384848389446 0.0445612254079 0)
(0.399195670516 0.0454436077857 0)
(0.413841371852 0.0458033983869 0)
(0.42867228692 0.0453794837619 0)
(0.443543986511 0.0438008756351 0)
(0.458269311438 0.0405777117468 0)
(0.482560635783 0.0223084867061 0)
(0.49259237188 0.0158411252807 0)
(0.499815531677 0.00202480746708 0)
(0.5 0 0)
(0.5 0 0)
(0.5 0 0)
(0.5 0 0)
(0.5 0 0)
(0.5 0 0)
(0.5 0 0)
(0.5 0 0)
(0.5 0 0)
(0.5 0 0)
(0.5 0 0)
(0.5 0 0)
(0.5 0 0)
(0.5 0 0)
(0.500208489379 -0.000824885062579 0)
(0.492814843448 -0.0192702579636 0)
(0.477822457575 -0.0308485383042 0)
(0.459245025926 -0.0374492759558 0)
(0.439225774397 -0.0406008261644 0)
(0.418781335937 -0.0415123174886 0)
(0.398518947821 -0.0410264671221 0)
(0.378840536972 -0.0396898022297 0)
(0.359995881233 -0.0378511076256 0)
(0.342133243997 -0.0357329839929 0)
(0.325333515808 -0.0334774700282 0)
(0.309632501691 -0.0311749879723 0)
(0.2950361696 -0.0288826776243 0)
(0.281531078549 -0.0266360418977 0)
(0.269091454921 -0.0244564133973 0)
(0.257684007363 -0.0223557947672 0)
(0.247271217264 -0.0203400290507 0)
(0.237813587804 -0.0184108958674 0)
(0.229271174699 -0.0165675092702 0)
(0.221604619193 -0.0148072568233 0)
(0.21477583504 -0.0131264340748 0)
(0.208748454373 -0.0115206747108 0)
(0.203488105342 -0.00998524236407 0)
(0.198962572536 -0.00851522796794 0)
(0.195141876041 -0.0071056821655 0)
(0.191998294518 -0.00575170281881 0)
(0.189506350264 -0.00444849135308 0)
(0.187642769045 -0.00319138742508 0)
(0.186386423786 -0.00197588851966 0)
(0.185718268574 -0.000797659097648 0)
(0.185621267545 0.000347467443939 0)
(0.186080321862 0.00146349168366 0)
(0.187082196996 0.00255425429777 0)
(0.188615451792 0.00362344417805 0)
(0.190670370258 0.00467460763079 0)
(0.193238896562 0.00571115793325 0)
(0.196314573386 0.0067363846259 0)
(0.199892483449 0.00775346194789 0)
(0.2039691937 0.00876545578404 0)
(0.208542701344 0.00977532837736 0)
(0.213612380404 0.0107859398618 0)
(0.219178927077 0.0118000453643 0)
(0.225244301365 0.0128202859739 0)
(0.231811661629 0.013849171223 0)
(0.238885287385 0.0148890497992 0)
(0.246470484007 0.0159420638624 0)
(0.254573460551 0.0170100804105 0)
(0.263201168672 0.0180945903277 0)
(0.272361085923 0.0191965616167 0)
(0.282060920232 0.0203162272112 0)
(0.292308202919 0.0214527786102 0)
(0.303109723219 0.0226039227019 0)
(0.314470735672 0.0237652376495 0)
(0.326393844776 0.0249292303547 0)
(0.338877443959 0.0260839486702 0)
(0.351913520481 0.0272109298906 0)
(0.365484443788 0.0282821407213 0)
(0.379558249973 0.0292553256954 0)
(0.394082572633 0.03006694225 0)
(0.408977269283 0.0306219075565 0)
(0.424121691231 0.0307788073202 0)
(0.43933871323 0.0303277152811 0)
(0.454410253572 0.0289701624304 0)
(0.469071553423 0.0263655487185 0)
(0.48698866765 0.0107306207076 0)
(0.499297573058 0.00737995710471 0)
(0.498749278533 0.000164902182237 0)
(0.5 0 0)
(0.5 0 0)
(0.5 0 0)
(0.5 0 0)
(0.5 0 0)
(0.5 0 0)
(0.5 0 0)
(0.5 0 0)
(0.5 0 0)
(0.5 0 0)
(0.5 0 0)
(0.5 0 0)
(0.5 0 0)
(0.5 0 0)
(0.5 0 0)
(0.496425180601 -0.0069569919301 0)
(0.484747620689 -0.0146493321704 0)
(0.467349631218 -0.0184674632966 0)
(0.447450114969 -0.020293770879 0)
(0.426706811664 -0.0208752419392 0)
(0.40594073867 -0.0206887377231 0)
(0.385681135993 -0.0200388196006 0)
(0.366248456116 -0.0191178833929 0)
(0.347826388865 -0.0180474436303 0)
(0.330511751235 -0.0169041444459 0)
(0.314345739405 -0.015736188917 0)
(0.299334245039 -0.0145736688639 0)
(0.285461097899 -0.0134350517631 0)
(0.272696665094 -0.0123312860693 0)
(0.261003472956 -0.0112684278848 0)
(0.250339911568 -0.0102493398427 0)
(0.240662682088 -0.00927480114559 0)
(0.231928408154 -0.0083442396824 0)
(0.224094686856 -0.00745621881743 0)
(0.217120761788 -0.00660876308729 0)
(0.210967940164 -0.00579957693502 0)
(0.205599836216 -0.00502619169614 0)
(0.200982496854 -0.00428606402428 0)
(0.197084447951 -0.00357664120208 0)
(0.193876687767 -0.00289540373769 0)
(0.191332645866 -0.00223989231694 0)
(0.189428120293 -0.00160772395857 0)
(0.18814120191 -0.000996600721994 0)
(0.187452192035 -0.000404313296126 0)
(0.18734351768 0.000171258900041 0)
(0.187799647266 0.000732149954967 0)
(0.188807008796 0.00128031122116 0)
(0.190353911721 0.00181761599634 0)
(0.192430473246 0.00234586468456 0)
(0.195028549406 0.00286679008724 0)
(0.198141670947 0.00338206252358 0)
(0.201764983704 0.00389329449243 0)
(0.205895192927 0.00440204456624 0)
(0.210530510621 0.00490982014709 0)
(0.215670604599 0.00541807861127 0)
(0.221316547372 0.0059282262098 0)
(0.227470762323 0.00644161385685 0)
(0.234136963602 0.0069595285982 0)
(0.241320084833 0.00748317906371 0)
(0.249026189786 0.00801367250057 0)
(0.257262355494 0.0085519799581 0)
(0.266036514444 0.00909888469166 0)
(0.275357237014 0.00965490662914 0)
(0.285233427413 0.0102201924214 0)
(0.295673894642 0.01079435558 0)
(0.306686741709 0.011376243507 0)
(0.318278487952 0.011963596159 0)
(0.330452802233 0.0125525421238 0)
(0.343208681917 0.0131368495228 0)
(0.356537811053 0.0137068071014 0)
(0.370420551611 0.0142475339368 0)
(0.384819828895 0.0147363673865 0)
(0.399672808515 0.0151388227283 0)
(0.414879596378 0.0154025933323 0)
(0.430282448436 0.0154484867874 0)
(0.445639365125 0.015156202949 0)
(0.460656094112 0.0143529174291 0)
(0.47505406279 0.0128622146775 0)
(0.488357599804 -7.60075271279e-14 0)
(0.498437927822 -7.38329372338e-14 0)
(0.499504115325 -7.32558018063e-16 0)
(0.5 0 0)
(0.5 0 0)
(0.5 0 0)
(0.5 0 0)
(0.5 0 0)
(0.5 0 0)
(0.5 0 0)
(0.5 0 0)
(0.5 0 0)
(0.5 0 0)
(0.5 0 0)
(0.5 0 0)
(0.5 0 0)
(0.5 0 0)
(0.5 0 0)
(0.497764092858 5.48395142006e-15 0)
(0.487504225758 1.92994099819e-14 0)
(0.470153834436 2.29692528669e-14 0)
(0.450220353729 2.69232228044e-14 0)
(0.429367982713 3.18535897192e-14 0)
(0.408434536961 3.58471347471e-14 0)
(0.387981769611 3.92233914085e-14 0)
(0.36835226705 4.13871522603e-14 0)
(0.349741974299 4.30172272728e-14 0)
(0.332253590062 4.50013862402e-14 0)
(0.315930469248 4.76822695336e-14 0)
(0.300778653032 5.03842520244e-14 0)
(0.286781124738 5.33727703216e-14 0)
(0.27390697155 5.66012167794e-14 0)
(0.262117306884 5.99159004761e-14 0)
(0.25136912925 6.33319400053e-14 0)
(0.241617843492 6.66466189555e-14 0)
(0.232818902456 7.01137876086e-14 0)
(0.224928865151 7.405663094e-14 0)
(0.21790606534 7.81193560289e-14 0)
(0.211711018794 8.24452580487e-14 0)
(0.206306654863 8.69058295149e-14 0)
(0.201658430104 9.14417648492e-14 0)
(0.197734363236 9.60347993915e-14 0)
(0.194505018325 1.00766742722e-13 0)
(0.191943454683 1.05562443835e-13 0)
(0.190025156259 1.10369597086e-13 0)
(0.188727949319 1.15353390269e-13 0)
(0.188031914476 1.2042887303e-13 0)
(0.187919297248 1.2543163883e-13 0)
(0.188374419924 1.30480077462e-13 0)
(0.189383596626 1.35568914524e-13 0)
(0.190935052711 1.40782437132e-13 0)
(0.193018849213 1.46055310781e-13 0)
(0.195626812582 1.51356154092e-13 0)
(0.198752469725 1.56763065764e-13 0)
(0.202390987996 1.62321564883e-13 0)
(0.20653911957 1.67771819232e-13 0)
(0.211195149241 1.73243775814e-13 0)
(0.216358844313 1.78840962734e-13 0)
(0.222031404711 1.84450625938e-13 0)
(0.228215410702 1.89720910129e-13 0)
(0.234914764605 1.94915827182e-13 0)
(0.242134621501 1.99912297062e-13 0)
(0.249881301932 2.04422295512e-13 0)
(0.258162176763 2.08218299552e-13 0)
(0.266985510403 2.11631764173e-13 0)
(0.276360242766 2.1494966779e-13 0)
(0.286295681961 2.17971970734e-13 0)
(0.296801067103 2.21175798934e-13 0)
(0.307884940892 2.23921307464e-13 0)
(0.319554240723 2.25731472759e-13 0)
(0.331812976127 2.25125197893e-13 0)
(0.344660311522 2.21200750623e-13 0)
(0.358087757426 2.13551631113e-13 0)
(0.372074859824 2.01796388571e-13 0)
(0.386582548917 1.85885104886e-13 0)
(0.401543935892 1.64314172946e-13 0)
(0.416851426658 1.33960259184e-13 0)
(0.432332710134 9.31175354579e-14 0)
(0.447720868966 4.25027624931e-14 0)
(0.462692520173 -7.17082041015e-15 0)
(0.476955229423 -4.97923226528e-14 0)
(0.48698866765 -0.0107306207078 0)
(0.499297573058 -0.00737995710486 0)
(0.498749278533 -0.000164902182241 0)
(0.5 0 0)
(0.5 0 0)
(0.5 0 0)
(0.5 0 0)
(0.5 0 0)
(0.5 0 0)
(0.5 0 0)
(0.5 0 0)
(0.5 0 0)
(0.5 0 0)
(0.5 0 0)
(0.5 0 0)
(0.5 0 0)
(0.5 0 0)
(0.5 0 0)
(0.496425180601 0.00695699193011 0)
(0.484747620689 0.0146493321704 0)
(0.467349631218 0.0184674632966 0)
(0.447450114969 0.020293770879 0)
(0.426706811664 0.0208752419392 0)
(0.40594073867 0.0206887377231 0)
(0.385681135993 0.0200388196007 0)
(0.366248456116 0.0191178833929 0)
(0.347826388865 0.0180474436304 0)
(0.330511751235 0.016904144446 0)
(0.314345739405 0.015736188917 0)
(0.299334245039 0.014573668864 0)
(0.285461097899 0.0134350517632 0)
(0.272696665094 0.0123312860694 0)
(0.261003472956 0.0112684278849 0)
(0.250339911568 0.0102493398428 0)
(0.240662682088 0.00927480114573 0)
(0.231928408154 0.00834423968254 0)
(0.224094686856 0.00745621881758 0)
(0.217120761788 0.00660876308744 0)
(0.210967940164 0.00579957693518 0)
(0.205599836216 0.00502619169631 0)
(0.200982496854 0.00428606402446 0)
(0.197084447951 0.00357664120227 0)
(0.193876687767 0.00289540373789 0)
(0.191332645866 0.00223989231715 0)
(0.189428120293 0.00160772395879 0)
(0.18814120191 0.000996600722224 0)
(0.187452192035 0.000404313296367 0)
(0.18734351768 -0.000171258899791 0)
(0.187799647266 -0.000732149954707 0)
(0.188807008796 -0.00128031122089 0)
(0.190353911721 -0.00181761599606 0)
(0.192430473246 -0.00234586468426 0)
(0.195028549406 -0.00286679008694 0)
(0.198141670947 -0.00338206252327 0)
(0.201764983704 -0.00389329449211 0)
(0.205895192927 -0.00440204456591 0)
(0.210530510621 -0.00490982014674 0)
(0.215670604599 -0.00541807861091 0)
(0.221316547372 -0.00592822620944 0)
(0.227470762323 -0.00644161385647 0)
(0.234136963602 -0.00695952859781 0)
(0.241320084833 -0.00748317906331 0)
(0.249026189786 -0.00801367250016 0)
(0.257262355494 -0.00855197995769 0)
(0.266036514444 -0.00909888469124 0)
(0.275357237014 -0.00965490662871 0)
(0.285233427413 -0.010220192421 0)
(0.295673894642 -0.0107943555796 0)
(0.306686741709 -0.0113762435065 0)
(0.318278487952 -0.0119635961586 0)
(0.330452802233 -0.0125525421233 0)
(0.343208681917 -0.0131368495223 0)
(0.356537811053 -0.013706807101 0)
(0.370420551611 -0.0142475339364 0)
(0.384819828895 -0.0147363673861 0)
(0.399672808515 -0.0151388227279 0)
(0.414879596378 -0.0154025933321 0)
(0.430282448436 -0.0154484867872 0)
(0.445639365125 -0.0151562029489 0)
(0.460656094112 -0.0143529174291 0)
(0.47505406279 -0.0128622146776 0)
(0.482560635783 -0.0223084867062 0)
(0.49259237188 -0.0158411252809 0)
(0.499815531677 -0.00202480746709 0)
(0.5 0 0)
(0.5 0 0)
(0.5 0 0)
(0.5 0 0)
(0.5 0 0)
(0.5 0 0)
(0.5 0 0)
(0.5 0 0)
(0.5 0 0)
(0.5 0 0)
(0.5 0 0)
(0.5 0 0)
(0.5 0 0)
(0.5 0 0)
(0.500208489379 0.00082488506258 0)
(0.492814843448 0.0192702579636 0)
(0.477822457575 0.0308485383042 0)
(0.459245025926 0.0374492759558 0)
(0.439225774397 0.0406008261644 0)
(0.418781335937 0.0415123174887 0)
(0.398518947821 0.0410264671222 0)
(0.378840536972 0.0396898022298 0)
(0.359995881233 0.0378511076257 0)
(0.342133243997 0.035732983993 0)
(0.325333515808 0.0334774700283 0)
(0.309632501691 0.0311749879724 0)
(0.2950361696 0.0288826776244 0)
(0.281531078549 0.0266360418978 0)
(0.269091454921 0.0244564133974 0)
(0.257684007364 0.0223557947673 0)
(0.247271217264 0.0203400290508 0)
(0.237813587804 0.0184108958675 0)
(0.229271174699 0.0165675092703 0)
(0.221604619193 0.0148072568234 0)
(0.21477583504 0.0131264340749 0)
(0.208748454373 0.0115206747109 0)
(0.203488105342 0.00998524236424 0)
(0.198962572536 0.00851522796812 0)
(0.195141876041 0.00710568216569 0)
(0.191998294518 0.00575170281901 0)
(0.189506350264 0.00444849135329 0)
(0.187642769045 0.0031913874253 0)
(0.186386423786 0.00197588851989 0)
(0.185718268574 0.000797659097887 0)
(0.185621267545 -0.00034746744369 0)
(0.186080321862 -0.0014634916834 0)
(0.187082196996 -0.0025542542975 0)
(0.188615451792 -0.00362344417777 0)
(0.190670370258 -0.0046746076305 0)
(0.193238896562 -0.00571115793295 0)
(0.196314573386 -0.00673638462559 0)
(0.199892483449 -0.00775346194756 0)
(0.2039691937 -0.00876545578371 0)
(0.208542701344 -0.00977532837701 0)
(0.213612380404 -0.0107859398614 0)
(0.219178927077 -0.011800045364 0)
(0.225244301365 -0.0128202859735 0)
(0.231811661629 -0.0138491712226 0)
(0.238885287385 -0.0148890497988 0)
(0.246470484007 -0.015942063862 0)
(0.254573460551 -0.0170100804101 0)
(0.263201168673 -0.0180945903272 0)
(0.272361085923 -0.0191965616163 0)
(0.282060920232 -0.0203162272108 0)
(0.292308202919 -0.0214527786098 0)
(0.303109723219 -0.0226039227014 0)
(0.314470735673 -0.0237652376491 0)
(0.326393844776 -0.0249292303543 0)
(0.338877443959 -0.0260839486698 0)
(0.351913520481 -0.0272109298902 0)
(0.365484443788 -0.0282821407209 0)
(0.379558249973 -0.029255325695 0)
(0.394082572634 -0.0300669422497 0)
(0.408977269283 -0.0306219075562 0)
(0.424121691231 -0.03077880732 0)
(0.43933871323 -0.030327715281 0)
(0.454410253572 -0.0289701624304 0)
(0.469071553423 -0.0263655487185 0)
(0.472339504049 -0.0350493166864 0)
(0.48423816239 -0.0258351724222 0)
(0.495968489104 -0.00834093268573 0)
(0.5 0 0)
(0.5 0 0)
(0.5 0 0)
(0.5 0 0)
(0.5 0 0)
(0.5 0 0)
(0.5 0 0)
(0.5 0 0)
(0.5 0 0)
(0.5 0 0)
(0.5 0 0)
(0.5 0 0)
(0.5 0 0)
(0.5 0 0)
(0.497742808394 0.00655096212192 0)
(0.483768849624 0.0334513252679 0)
(0.464965197097 0.0487721031356 0)
(0.445341627075 0.0570022710883 0)
(0.425444287836 0.0607212460953 0)
(0.405674549617 0.0615723283197 0)
(0.386330665799 0.0606214200512 0)
(0.367642033615 0.058555459277 0)
(0.34977061805 0.0558200825056 0)
(0.332822045943 0.0527057291496 0)
(0.316858851899 0.0494017383573 0)
(0.301911640076 0.0460311524286 0)
(0.287988057859 0.0426732742489 0)
(0.275079687234 0.0393783576835 0)
(0.263167167459 0.0361772518861 0)
(0.252223953928 0.0330877908009 0)
(0.242219058029 0.0301190627708 0)
(0.233119030051 0.0272742862233 0)
(0.224889382461 0.0245527605741 0)
(0.217495601762 0.0219511980727 0)
(0.210903859151 0.0194646374598 0)
(0.205081501223 0.0170870726136 0)
(0.199997380412 0.0148118853498 0)
(0.195622068991 0.0126321426571 0)
(0.191927988782 0.0105407995086 0)
(0.188889480229 0.00853083557894 0)
(0.186482828161 0.00659534552896 0)
(0.184686257023 0.00472759660478 0)
(0.18347990492 0.00292106322853 0)
(0.182845783344 0.00116944543088 0)
(0.182767727611 -0.000533323990328 0)
(0.183231341632 -0.00219308007746 0)
(0.184223939645 -0.00381543154203 0)
(0.185734486724 -0.00540576993372 0)
(0.187753539291 -0.00696928071867 0)
(0.190273186376 -0.00851095512691 0)
(0.193286991943 -0.0100356017873 0)
(0.196789938254 -0.0115478572212 0)
(0.200778369908 -0.0130521942182 0)
(0.205249937772 -0.014552926958 0)
(0.210203541652 -0.0160542114671 0)
(0.215639270011 -0.0175600395654 0)
(0.221558334414 -0.0190742238255 0)
(0.227962995539 -0.0206003701604 0)
(0.234856476527 -0.0221418333633 0)
(0.242242857978 -0.023701649083 0)
(0.250126946992 -0.0252824330909 0)
(0.258514110069 -0.026886234912 0)
(0.267410056268 -0.0285143274199 0)
(0.276820552411 -0.0301669059896 0)
(0.286751045798 -0.0318426590238 0)
(0.297206160865 -0.0335381540838 0)
(0.308189023329 -0.0352469571798 0)
(0.319700351501 -0.0369583621609 0)
(0.331737245842 -0.038655548065 0)
(0.344291583659 -0.0403128987808 0)
(0.357347828106 -0.0418920796624 0)
(0.370880038108 -0.0433362109235 0)
(0.384848389447 -0.0445612254076 0)
(0.399195670516 -0.0454436077854 0)
(0.413841371853 -0.0458033983867 0)
(0.42867228692 -0.0453794837617 0)
(0.443543986511 -0.043800875635 0)
(0.458269311438 -0.0405777117468 0)
(0.456923820752 -0.0491125105868 0)
(0.471202639889 -0.0390992873801 0)
(0.485350069276 -0.0232133364137 0)
(0.499203583681 -0.0023846960199 0)
(0.5 0 0)
(0.5 0 0)
(0.5 0 0)
(0.5 0 0)
(0.5 0 0)
(0.5 0 0)
(0.5 0 0)
(0.5 0 0)
(0.5 0 0)
(0.5 0 0)
(0.5 0 0)
(0.5 0 0)
(0.5 0 0)
(0.485455190128 0.0218276416215 0)
(0.463196792964 0.052427969813 0)
(0.444375074881 0.0682898702679 0)
(0.425124238862 0.0765922133192 0)
(0.40616343074 0.0801252419182 0)
(0.387656263825 0.0805759038613 0)
(0.369702100489 0.0790386525378 0)
(0.352408042092 0.0762398124328 0)
(0.335868046967 0.0726652233347 0)
(0.32015381464 0.0686408460471 0)
(0.305314196396 0.0643851230009 0)
(0.29137777541 0.0600437740952 0)
(0.278356519493 0.055713117145 0)
(0.26624945514 0.0514557605881 0)
(0.255045915414 0.0473112232089 0)
(0.244728244168 0.0433031680742 0)
(0.23527396985 0.0394443616511 0)
(0.226657509765 0.0357400939749 0)
(0.21885148099 0.0321905506545 0)
(0.21182769332 0.0287924659752 0)
(0.205557890971 0.0255402793476 0)
(0.200014298698 0.0224269461841 0)
(0.195170017196 0.0194445067213 0)
(0.190999303304 0.0165844842824 0)
(0.187477762707 0.0138381627362 0)
(0.184582476576 0.0111967780404 0)
(0.182292078638 0.0086516484933 0)
(0.180586795272 0.00619426117833 0)
(0.179448458253 0.00381632709759 0)
(0.178860497453 0.00150981396424 0)
(0.178807918999 -0.000733036858213 0)
(0.179277273057 -0.00291970454555 0)
(0.180256614307 -0.00505739065541 0)
(0.181735457348 -0.00715302601766 0)
(0.183704728622 -0.00921328066657 0)
(0.186156715879 -0.0112445752016 0)
(0.189085015752 -0.013253092186 0)
(0.192484479609 -0.0152447862749 0)
(0.196351157441 -0.0172253917212 0)
(0.20068223916 -0.0192004257169 0)
(0.20547599225 -0.0211751856945 0)
(0.210731694212 -0.0231547381853 0)
(0.21644955766 -0.0251438960593 0)
(0.222630645221 -0.0271471798768 0)
(0.229276770463 -0.0291687575307 0)
(0.236390379992 -0.0312123541856 0)
(0.243974410411 -0.0332811214431 0)
(0.252032112127 -0.0353774503254 0)
(0.260566829816 -0.0375027064776 0)
(0.269581726839 -0.0396568571344 0)
(0.279079437818 -0.0418379466169 0)
(0.289061629864 -0.0440413585071 0)
(0.299528448727 -0.0462587751222 0)
(0.310477824666 -0.0484767040663 0)
(0.321904620982 -0.0506743833461 0)
(0.333799618222 -0.0528207961264 0)
(0.346148309622 -0.0548703988227 0)
(0.358929525817 -0.05675694167 0)
(0.372114286455 -0.0583845206932 0)
(0.385665495437 -0.0596150374774 0)
(0.399537478438 -0.0602509665204 0)
(0.413674093035 -0.0600101401654 0)
(0.428012810074 -0.0584899255013 0)
(0.442486480256 -0.0551255921149 0)
(0.436061863351 -0.0638220175266 0)
(0.4511109861 -0.054241551542 0)
(0.467120520858 -0.038962276513 0)
(0.487968306671 -0.0141074467627 0)
(0.5 0 0)
(0.5 0 0)
(0.5 0 0)
(0.5 0 0)
(0.5 0 0)
(0.5 0 0)
(0.5 0 0)
(0.5 0 0)
(0.5 0 0)
(0.5 0 0)
(0.5 0 0)
(0.5 0 0)
(0.49028213795 0.0104401713515 0)
(0.458428334401 0.048258575748 0)
(0.436400659948 0.0735063581677 0)
(0.41735976449 0.0878020956839 0)
(0.399316303551 0.0952359172842 0)
(0.382004834386 0.098143208728 0)
(0.36529291329 0.0980131602097 0)
(0.349147974334 0.0958599148086 0)
(0.333597625651 0.0923838678122 0)
(0.318690805041 0.0880706413053 0)
(0.304477554825 0.0832570353656 0)
(0.290999868725 0.0781759464368 0)
(0.278288367966 0.0729874639605 0)
(0.266362027626 0.0678005384811 0)
(0.255229336982 0.0626881221899 0)
(0.244890005804 0.0576977843525 0)
(0.235336761647 0.0528591828578 0)
(0.22655701796 0.0481893430521 0)
(0.218534321442 0.0436964012261 0)
(0.211249557015 0.0393822687125 0)
(0.204681923516 0.0352445337435 0)
(0.198809707752 0.0312778224103 0)
(0.193610888445 0.0274747738964 0)
(0.189063600349 0.0238267393511 0)
(0.185146485446 0.0203242819213 0)
(0.181838954059 0.0169575331754 0)
(0.179121374777 0.0137164455005 0)
(0.176975208477 0.0105909689663 0)
(0.175383098725 0.0075711732729 0)
(0.17432892826 0.00464732976809 0)
(0.173797849223 0.00180996447987 0)
(0.173776293115 -0.000950109795059 0)
(0.174251965092 -0.0036417763951 0)
(0.175213826174 -0.00627360824192 0)
(0.176652066013 -0.00885386844821 0)
(0.178558068171 -0.0113905154432 0)
(0.180924369265 -0.0138912104699 0)
(0.183744612786 -0.0163633255995 0)
(0.18701349798 -0.0188139505293 0)
(0.190726723707 -0.0212498964019 0)
(0.194880926811 -0.0236776946785 0)
(0.199473614047 -0.0261035887323 0)
(0.204503086182 -0.0285335152338 0)
(0.209968352321 -0.0309730715435 0)
(0.215869031916 -0.0334274641068 0)
(0.222205241216 -0.035901431155 0)
(0.228977460093 -0.0383991306644 0)
(0.23618637429 -0.0409239812635 0)
(0.243832687167 -0.0434784392616 0)
(0.251916894062 -0.0460636886736 0)
(0.260439011674 -0.0486792123148 0)
(0.269398254609 -0.0513221996917 0)
(0.278792651934 -0.0539867299349 0)
(0.288618599242 -0.0566626430261 0)
(0.298870349838 -0.059333976684 0)
(0.309539468785 -0.0619767963633 0)
(0.320614306287 -0.0645561787994 0)
(0.332079583085 -0.0670220095991 0)
(0.343916269718 -0.0693030881996 0)
(0.356102224372 -0.0712988425818 0)
(0.368614304597 -0.0728679210974 0)
(0.381432151704 -0.0738126721739 0)
(0.39454425969 -0.0738567095687 0)
(0.407962719798 -0.0726111902259 0)
(0.421753284617 -0.0695284935434 0)
(0.409252959581 -0.0782593403107 0)
(0.423321652455 -0.0702336037545 0)
(0.438873214991 -0.0577289939481 0)
(0.457881272184 -0.0384838769332 0)
(0.485247773567 -0.0118414641702 0)
(0.49820958869 -0.000684688751758 0)
(0.5 0 0)
(0.5 0 0)
(0.5 0 0)
(0.5 0 0)
(0.5 0 0)
(0.5 0 0)
(0.5 0 0)
(0.5 0 0)
(0.5 0 0)
(0.488665280888 0.00962251078848 0)
(0.449983353475 0.0456642384926 0)
(0.423344492845 0.0742438768548 0)
(0.402510827831 0.0940271399151 0)
(0.384929317276 0.105904174436 0)
(0.368927176398 0.112069545045 0)
(0.353827052952 0.114180660911 0)
(0.339326657032 0.113443832158 0)
(0.325313402023 0.110737092379 0)
(0.311769944497 0.106697234554 0)
(0.298721454606 0.101784701176 0)
(0.286208304804 0.0963310508736 0)
(0.274272126844 0.0905736347553 0)
(0.262949056228 0.0846810225674 0)
(0.252266989346 0.078771627996 0)
(0.242245037188 0.0729273258386 0)
(0.232894108442 0.0672033998861 0)
(0.224218001762 0.0616358101092 0)
(0.216214656412 0.0562465036373 0)
(0.208877374435 0.0510472990612 0)
(0.202195925243 0.0460427301181 0)
(0.196157499108 0.0412321295764 0)
(0.190747505722 0.0366111573818 0)
(0.185950228578 0.0321729214536 0)
(0.18174935213 0.0279087992326 0)
(0.178128380252 0.0238090389193 0)
(0.175070963753 0.0198631981888 0)
(0.172561152931 0.0160604628165 0)
(0.170583588908 0.0123898764494 0)
(0.169123645344 0.00884050459597 0)
(0.16816753009 0.00540154993072 0)
(0.167702354583 0.00206243162732 0)
(0.167716177274 -0.00118716177142 0)
(0.168198026094 -0.00435723878957 0)
(0.169137903901 -0.00745748532088 0)
(0.170526779953 -0.0104972545936 0)
(0.172356569683 -0.0134855634685 0)
(0.17462010443 -0.0164310923395 0)
(0.177311092196 -0.0193421862661 0)
(0.180424070008 -0.0222268551377 0)
(0.183954347982 -0.0250927706608 0)
(0.187897944766 -0.0279472577655 0)
(0.192251513564 -0.030797277636 0)
(0.197012257506 -0.0336493989573 0)
(0.202177832639 -0.0365097530585 0)
(0.207746236322 -0.0393839673695 0)
(0.213715678271 -0.0422770698628 0)
(0.220084430986 -0.0451933547728 0)
(0.226850655814 -0.0481361966481 0)
(0.234012200586 -0.0511077954152 0)
(0.241566364781 -0.0541088291769 0)
(0.249509628838 -0.0571379834099 0)
(0.257837346027 -0.0601913142723 0)
(0.266543399032 -0.0632613888062 0)
(0.27561983047 -0.0663361243523 0)
(0.285056470374 -0.0693972214059 0)
(0.294840609758 -0.0724180466662 0)
(0.304956811785 -0.0753607749877 0)
(0.315387011422 -0.0781725329732 0)
(0.3261111571 -0.0807801862902 0)
(0.337108852742 -0.0830833014371 0)
(0.348362674742 -0.0849447851974 0)
(0.359863860846 -0.0861785682069 0)
(0.371621776292 -0.0865327428507 0)
(0.383681469268 -0.0856657040579 0)
(0.396153793371 -0.0831153908727 0)
(0.377575381075 -0.0910610892216 0)
(0.389565610142 -0.0844244126455 0)
(0.403007850858 -0.0743596515033 0)
(0.419304498795 -0.0597333413357 0)
(0.440810557579 -0.040418009621 0)
(0.464747295694 -0.020599606148 0)
(0.491233339203 -0.00240900062742 0)
(0.5 0 0)
(0.5 0 0)
(0.5 0 0)
(0.5 0 0)
(0.5 0 0)
(0.5 0 0)
(0.492676832151 0.00149337651077 0)
(0.47052243827 0.0179646975189 0)
(0.432976064495 0.0480640867077 0)
(0.403164794556 0.0752313267627 0)
(0.380839226543 0.0966560448563 0)
(0.363265318898 0.111948561932 0)
(0.348463010968 0.121496745761 0)
(0.33514555263 0.126410045223 0)
(0.322638474962 0.127786876133 0)
(0.310609928509 0.126549386615 0)
(0.29892282071 0.123426874152 0)
(0.287543816889 0.118980182489 0)
(0.276490260932 0.113634169631 0)
(0.265801311382 0.10770721911 0)
(0.255522382679 0.101435579283 0)
(0.245696888642 0.0949927389115 0)
(0.236362196743 0.0885045555474 0)
(0.227548046457 0.0820609234897 0)
(0.219276369208 0.0757247005111 0)
(0.211561852267 0.0695384989892 0)
(0.204412846677 0.0635298314863 0)
(0.197832385461 0.0577149983923 0)
(0.191819183154 0.0521020192794 0)
(0.186368551691 0.0466928399115 0)
(0.18147320521 0.0414849918095 0)
(0.177123947603 0.0364728385847 0)
(0.17331024796 0.0316485105562 0)
(0.170020714436 0.0270026042883 0)
(0.167243479085 0.0225247048338 0)
(0.164966506321 0.0182037742599 0)
(0.163177836768 0.0140284393129 0)
(0.161865777006 0.00998720303099 0)
(0.161019044248 0.00606859906454 0)
(0.160626873606 0.00226130292777 0)
(0.160679094306 -0.00144578898798 0)
(0.161166180048 -0.00506350434054 0)
(0.162079277716 -0.0086023572892 0)
(0.16341021774 -0.0120725234349 0)
(0.16515150867 -0.0154838232045 0)
(0.167296317849 -0.0188457103253 0)
(0.169838439464 -0.0221672624682 0)
(0.17277225076 -0.0254571713571 0)
(0.17609265667 -0.0287237296661 0)
(0.179795022692 -0.0319748118494 0)
(0.18387509536 -0.0352178456615 0)
(0.188328909269 -0.0384597705115 0)
(0.19315267914 -0.0417069778785 0)
(0.19834267504 -0.044965227757 0)
(0.203895078482 -0.0482395333898 0)
(0.209805816855 -0.0515340042441 0)
(0.216070373482 -0.0548516341396 0)
(0.222683570821 -0.058194017405 0)
(0.229639324959 -0.0615609706353 0)
(0.236930371198 -0.0649500306764 0)
(0.244547963511 -0.0683557904137 0)
(0.252481556027 -0.0717690221657 0)
(0.260718483842 -0.0751755232061 0)
(0.269243676128 -0.0785545982508 0)
(0.278039461123 -0.0818770692119 0)
(0.287085564018 -0.0851026735819 0)
(0.296359458048 -0.0881766778216 0)
(0.305837318437 -0.0910254862259 0)
(0.315495966256 -0.0935509827031 0)
(0.325316342905 -0.0956233432547 0)
(0.335289242215 -0.0970720146575 0)
(0.345424694785 -0.0976742054414 0)
(0.355767560638 -0.0971400687499 0)
(0.366420714108 -0.095095202754 0)
(0.342352922587 -0.101485530525 0)
(0.351702230485 -0.0958245923225 0)
(0.362056898456 -0.0874655241901 0)
(0.374282202534 -0.0759632329174 0)
(0.389614335812 -0.0615568683968 0)
(0.407916835997 -0.0457824367513 0)
(0.429295228022 -0.0284838176145 0)
(0.456862311121 -0.0154493282513 0)
(0.469336686979 -0.00644472191841 0)
(0.477394279908 -0.00163923638722 0)
(0.477636903142 0.000942041179097 0)
(0.469558396892 0.00561283701606 0)
(0.455308760589 0.0157291720373 0)
(0.419860200446 0.0297606543445 0)
(0.395210782428 0.0543163676168 0)
(0.370029043167 0.0768578587242 0)
(0.34995687651 0.0973052873343 0)
(0.333964457051 0.113978397287 0)
(0.320835568982 0.126170376347 0)
(0.309510065213 0.133944418662 0)
(0.299217666676 0.137888702881 0)
(0.289474236542 0.138733300563 0)
(0.280012516822 0.137174967411 0)
(0.270714142384 0.133812529819 0)
(0.26155013701 0.129134864354 0)
(0.2525395891 0.123530059268 0)
(0.243724586349 0.117300648638 0)
(0.23515559017 0.110679134973 0)
(0.226883058972 0.103841883418 0)
(0.218952906132 0.0969208817364 0)
(0.211404346738 0.0900133921862 0)
(0.204269203284 0.0831897206761 0)
(0.197572059969 0.0764993872512 0)
(0.191330871519 0.0699759797091 0)
(0.185557780122 0.0636409441792 0)
(0.18025999238 0.0575065295386 0)
(0.175440631863 0.0515780649773 0)
(0.171099522913 0.0458557158082 0)
(0.167233885927 0.0403358332031 0)
(0.163838938921 0.035011989144 0)
(0.160908408312 0.0298757680695 0)
(0.15843495609 0.0249173708718 0)
(0.156410532302 0.0201260744137 0)
(0.154826662197 0.0154905799552 0)
(0.153674676927 0.0109992762811 0)
(0.152945895919 0.00664043745391 0)
(0.152631768062 0.00240237059481 0)
(0.152723977828 -0.0017264743547 0)
(0.153214521494 -0.005757423571 0)
(0.154095757709 -0.00970151965883 0)
(0.155360435868 -0.013569477488 0)
(0.157001704969 -0.0173716507982 0)
(0.15901310504 -0.0211180055842 0)
(0.161388542554 -0.0248180967705 0)
(0.164122250781 -0.0284810449542 0)
(0.167208735488 -0.0321155100566 0)
(0.170642705944 -0.0357296585759 0)
(0.174418990778 -0.0393311207681 0)
(0.178532437797 -0.0429269334879 0)
(0.182977796541 -0.0465234635396 0)
(0.187749581996 -0.0501263051738 0)
(0.192841917677 -0.0537401437479 0)
(0.198248356169 -0.0573685754294 0)
(0.203961675372 -0.0610138700514 0)
(0.209973649191 -0.064676660678 0)
(0.216274792545 -0.0683555389087 0)
(0.222854082663 -0.0720465292678 0)
(0.229698662222 -0.0757424089702 0)
(0.23679353577 -0.0794318307024 0)
(0.244121280244 -0.0830981956333 0)
(0.251661805419 -0.0867182115975 0)
(0.259392223543 -0.0902600577749 0)
(0.26728692211 -0.0936810635564 0)
(0.275317981688 -0.0969247966697 0)
(0.283456146532 -0.0999174444415 0)
(0.291672642554 -0.102563369654 0)
(0.299942236132 -0.104739740995 0)
(0.308248104384 -0.106290145472 0)
(0.316589575646 -0.107017059793 0)
(0.324994274358 -0.106673306478 0)
(0.333535105843 -0.104953413429 0)
(0.304875709737 -0.109256719177 0)
(0.311436726341 -0.104119247865 0)
(0.318476423595 -0.0967277695912 0)
(0.326425950053 -0.0868882399297 0)
(0.335805594997 -0.0748496308936 0)
(0.346781346668 -0.0615970593207 0)
(0.358467119884 -0.0476670113465 0)
(0.369811420786 -0.0353725637006 0)
(0.377190879958 -0.0197907432045 0)
(0.381560956774 -0.00605385493462 0)
(0.379892447174 0.00589893508418 0)
(0.371720742167 0.0206121026333 0)
(0.359987163921 0.0397941224952 0)
(0.34310692597 0.055800519294 0)
(0.326418287476 0.0745407733048 0)
(0.310340017807 0.0942357195066 0)
(0.297219072204 0.111817686037 0)
(0.286531665882 0.126023326194 0)
(0.277547599115 0.136417369557 0)
(0.26964132758 0.143087882434 0)
(0.262335764771 0.146437854369 0)
(0.255302714484 0.146999545815 0)
(0.248348125913 0.145319290322 0)
(0.241383347782 0.141896352577 0)
(0.234390192312 0.137159256613 0)
(0.227392034624 0.131462670199 0)
(0.220434024919 0.125093240781 0)
(0.213570452269 0.11827852554 0)
(0.206856933869 0.111196417582 0)
(0.200345817148 0.103983958099 0)
(0.194083721552 0.0967450993909 0)
(0.188110475258 0.0895573065367 0)
(0.182458925352 0.0824770418706 0)
(0.177155263761 0.0755442468557 0)
(0.172219630899 0.0687859605699 0)
(0.16766684365 0.0622192144732 0)
(0.163507152543 0.0558533318125 0)
(0.159746971965 0.0496917438933 0)
(0.15638955285 0.0437334182525 0)
(0.153435583539 0.0379739774918 0)
(0.150883714596 0.0324065730016 0)
(0.148731009223 0.0270225653523 0)
(0.146973324192 0.0218120527446 0)
(0.145605627687 0.0167642803931 0)
(0.14462226096 0.0118679568519 0)
(0.144017150518 0.00711149781862 0)
(0.143783977102 0.00248321361143 0)
(0.143916307009 -0.0020285468696 0)
(0.144407690626 -0.00643528553125 0)
(0.145251732251 -0.010748269696 0)
(0.146442134626 -0.014978465344 0)
(0.147972720883 -0.0191364835533 0)
(0.149837436044 -0.0232325355361 0)
(0.15203032961 -0.0272763922172 0)
(0.154545520282 -0.0312773446221 0)
(0.157377143348 -0.035244161439 0)
(0.160519280874 -0.0391850400086 0)
(0.163965874371 -0.0431075466652 0)
(0.167710619313 -0.0470185417971 0)
(0.171746840513 -0.0509240841656 0)
(0.176067347181 -0.0548293078954 0)
(0.18066426632 -0.0587382640577 0)
(0.185528853215 -0.0626537168429 0)
(0.190651278082 -0.0665768818844 0)
(0.196020388665 -0.070507091263 0)
(0.201623450001 -0.0744413660066 0)
(0.20744586482 -0.0783738724395 0)
(0.21347088183 -0.0822952335247 0)
(0.219679304781 -0.0861916604213 0)
(0.22604922394 -0.0900438630488 0)
(0.232555804544 -0.0938256919386 0)
(0.239171185801 -0.0975024579866 0)
(0.245864570499 -0.101028873511 0)
(0.25260261991 -0.104346558984 0)
(0.259350312839 -0.107381066699 0)
(0.266072481325 -0.110038389465 0)
(0.272736298806 -0.1122009518 0)
(0.279315116836 -0.113723116653 0)
(0.285794321801 -0.114426339843 0)
(0.292180078523 -0.114094511313 0)
(0.298511304379 -0.112470711642 0)
(0.266275456907 -0.114411154929 0)
(0.270185523676 -0.109404131405 0)
(0.274159699117 -0.102386818994 0)
(0.27839672679 -0.0932138778972 0)
(0.283095882714 -0.0819704601607 0)
(0.288285120502 -0.069082829335 0)
(0.293428844476 -0.0550817575036 0)
(0.297784876854 -0.0399427731733 0)
(0.300553573171 -0.0226917285507 0)
(0.30137304642 -0.00585256337976 0)
(0.298678705497 0.0106837970026 0)
(0.292391135595 0.0289720565265 0)
(0.284172086169 0.0493622991734 0)
(0.27441071466 0.0684684192789 0)
(0.264319905722 0.0870436715337 0)
(0.254827101498 0.105112060844 0)
(0.246901904037 0.120977400642 0)
(0.240409964893 0.133733821089 0)
(0.234932318584 0.143095469226 0)
(0.230062596476 0.149155934456 0)
(0.22547705002 0.152227228001 0)
(0.220944253798 0.152727162665 0)
(0.216322562752 0.15110176873 0)
(0.21154654041 0.147776250363 0)
(0.206606127083 0.143130208042 0)
(0.201526751454 0.137489073071 0)
(0.196354098507 0.131124314158 0)
(0.191143485488 0.124257776017 0)
(0.185952791722 0.117067671621 0)
(0.180837975338 0.109694946199 0)
(0.175850434607 0.102249358895 0)
(0.171035649471 0.0948149714106 0)
(0.166432679373 0.0874549266916 0)
(0.162074207999 0.0802155085577 0)
(0.157986916178 0.0731295298846 0)
(0.154192032812 0.0662191231028 0)
(0.150705964093 0.0594980151392 0)
(0.147540937007 0.0529733673584 0)
(0.144705618134 0.046647254355 0)
(0.142205685591 0.0405178465462 0)
(0.140044343212 0.0345803520831 0)
(0.138222773177 0.0288277645956 0)
(0.136740527729 0.023251455184 0)
(0.135595863142 0.0178416400487 0)
(0.134786020405 0.0125877492202 0)
(0.134307457617 0.00747871695146 0)
(0.134156039056 0.00250321033348 0)
(0.134327185664 -0.00235019051824 0)
(0.134815991182 -0.00709284991666 0)
(0.135617307676 -0.0117359629242 0)
(0.136725803631 -0.0162904633231 0)
(0.13813599721 -0.0207669471987 0)
(0.139842266782 -0.02517560697 0)
(0.141838840263 -0.0295261712904 0)
(0.144119764382 -0.0338278465989 0)
(0.146678854522 -0.0380892562434 0)
(0.149509625393 -0.0423183730215 0)
(0.152605202418 -0.0465224406996 0)
(0.155958213441 -0.0507078795721 0)
(0.159560660088 -0.0548801703664 0)
(0.16340376799 -0.0590437097797 0)
(0.16747781507 -0.0632016296041 0)
(0.171771937284 -0.0673555697086 0)
(0.176273911692 -0.0715053930671 0)
(0.180969917644 -0.0756488285191 0)
(0.185844278392 -0.0797810240027 0)
(0.190879187812 -0.0838939896524 0)
(0.196054430542 -0.0879759065255 0)
(0.201347109118 -0.092010273014 0)
(0.206731399291 -0.0959748576293 0)
(0.212178365435 -0.0998404244494 0)
(0.217655882731 -0.103569197147 0)
(0.223128732131 -0.107113030696 0)
(0.228558957976 -0.110411268195 0)
(0.23390660651 -0.113388275498 0)
(0.23913099679 -0.115950671226 0)
(0.244192716499 -0.117984306835 0)
(0.249056605868 -0.11935110727 0)
(0.25369611134 -0.119886018409 0)
(0.25809942543 -0.119394685521 0)
(0.262277639995 -0.117653112456 0)
(0.227476270584 -0.117164404267 0)
(0.229037881277 -0.111998939948 0)
(0.2303946249 -0.104949789114 0)
(0.231649825122 -0.0958774892698 0)
(0.23289783884 -0.0847603508876 0)
(0.234144168988 -0.071739215458 0)
(0.235134875877 -0.0570414885709 0)
(0.235498711443 -0.040660810833 0)
(0.235092986682 -0.0226260167594 0)
(0.23370234026 -0.00403212712719 0)
(0.23061468444 0.0149658433673 0)
(0.225891853408 0.0349462373408 0)
(0.220464885575 0.0556742474638 0)
(0.214741279404 0.0755698874199 0)
(0.209056735483 0.0942406622009 0)
(0.203942614953 0.111375972821 0)
(0.199796848863 0.126149487436 0)
(0.196544308799 0.138012355989 0)
(0.193908111152 0.146782497965 0)
(0.19159592628 0.15254691891 0)
(0.189365861286 0.155558557018 0)
(0.187040959839 0.156159082504 0)
(0.184510055807 0.154722729212 0)
(0.181720330324 0.15161754345 0)
(0.178664095854 0.147182604136 0)
(0.175364756 0.141717350448 0)
(0.171864974887 0.135478524863 0)
(0.168217733961 0.128681388255 0)
(0.164479954275 0.121503129438 0)
(0.160708166744 0.114087239612 0)
(0.156955746158 0.106548132133 0)
(0.153271297625 0.0989755989816 0)
(0.149697861767 0.0914388891853 0)
(0.146272679042 0.0839903148514 0)
(0.143027318339 0.0766683632456 0)
(0.139988028154 0.0695003351245 0)
(0.137176210293 0.0625045514239 0)
(0.134608947585 0.0556921797663 0)
(0.132299540301 0.0490687340192 0)
(0.13025802269 0.0426352975815 0)
(0.128491642673 0.036389516294 0)
(0.127005295772 0.0303264011819 0)
(0.12580190964 0.0244389754851 0)
(0.124882778921 0.018718795005 0)
(0.12424785226 0.0131563659623 0)
(0.123895974391 0.00774148037243 0)
(0.12382508677 0.00246348540483 0)
(0.124032390326 -0.00268849973782 0)
(0.12451447377 -0.00772540827425 0)
(0.125267410639 -0.0126580824183 0)
(0.126286827826 -0.0174971543699 0)
(0.127567947983 -0.0222529451948 0)
(0.129105607739 -0.0269353759481 0)
(0.130894253215 -0.0315538860053 0)
(0.132927913995 -0.0361173539515 0)
(0.13520015624 -0.0406340165556 0)
(0.137704015375 -0.0451113813201 0)
(0.140431908425 -0.0495561278663 0)
(0.143375525867 -0.0539739929752 0)
(0.146525702713 -0.0583696334466 0)
(0.149872268473 -0.0627464600345 0)
(0.153403875784 -0.0671064345751 0)
(0.157107807781 -0.0714498209807 0)
(0.160969764944 -0.0757748790615 0)
(0.164973633169 -0.0800774881402 0)
(0.16910123646 -0.0843506851874 0)
(0.173332079991 -0.0885840998325 0)
(0.177643092793 -0.0927632662951 0)
(0.182008384084 -0.0968687903143 0)
(0.186399033888 -0.100875348049 0)
(0.190782947363 -0.104750494356 0)
(0.195124813743 -0.108453260843 0)
(0.199386224888 -0.111932530971 0)
(0.20352602497 -0.115125191571 0)
(0.207500981372 -0.117954079005 0)
(0.211266887953 -0.120325766056 0)
(0.214780238291 -0.12212827692 0)
(0.218000645477 -0.123228884039 0)
(0.220894223873 -0.123472275789 0)
(0.223438110622 -0.122679672181 0)
(0.225626200519 -0.120649934323 0)
(0.189189959367 -0.117826994114 0)
(0.188778180961 -0.112326498592 0)
(0.188019677489 -0.105015119436 0)
(0.18698771795 -0.0957583923675 0)
(0.185757553509 -0.0844949658175 0)
(0.184365932293 -0.0712616117398 0)
(0.182738051375 -0.0561706498441 0)
(0.180777972595 -0.0392986252009 0)
(0.178541451327 -0.0208252389212 0)
(0.175984724266 -0.00139970492281 0)
(0.172860188471 0.0186413728121 0)
(0.169289341717 0.039225979477 0)
(0.16577510502 0.0598896518994 0)
(0.162575934951 0.0796361401498 0)
(0.159796277679 0.0979253879267 0)
(0.157633669169 0.114332248769 0)
(0.156201096252 0.128349077852 0)
(0.155394396585 0.139627425657 0)
(0.15499254853 0.148051787885 0)
(0.154761181377 0.153700925789 0)
(0.154501327576 0.156784059689 0)
(0.15406405968 0.157586291921 0)
(0.153352574906 0.156426388404 0)
(0.152317587194 0.153625840312 0)
(0.150948329957 0.149488726998 0)
(0.149262253202 0.144290518523 0)
(0.147295644916 0.138273177515 0)
(0.145096025244 0.131644263255 0)
(0.142716370992 0.124578407465 0)
(0.140210945354 0.117220082123 0)
(0.137632440092 0.109686960595 0)
(0.13503014253 0.102073430831 0)
(0.132448872179 0.0944539940892 0)
(0.129928474375 0.0868864004334 0)
(0.127503701675 0.0794144498942 0)
(0.125204352905 0.0720704378688 0)
(0.123055572921 0.0648772535231 0)
(0.12107824286 0.0578501569552 0)
(0.119289411485 0.05099826909 0)
(0.11770273402 0.044325810908 0)
(0.116328896501 0.0378331278685 0)
(0.115176012049 0.031517532755 0)
(0.114249981415 0.0253739966703 0)
(0.113554814138 0.0193957141311 0)
(0.113092909396 0.0135745645319 0)
(0.112865297265 0.00790148888364 0)
(0.112871842164 0.00236679774258 0)
(0.11311141071 -0.00303957630755 0)
(0.113582006467 -0.00832787040905 0)
(0.114280873982 -0.013508317986 0)
(0.115204574371 -0.0185910020944 0)
(0.116349034461 -0.0235857286864 0)
(0.117709571175 -0.0285019137732 0)
(0.119280892572 -0.0333484790838 0)
(0.121057076619 -0.0381337512186 0)
(0.123031528471 -0.0428653595035 0)
(0.125196916811 -0.0475501277526 0)
(0.127545089546 -0.0521939549723 0)
(0.130066969032 -0.0568016796763 0)
(0.132752426943 -0.0613769219191 0)
(0.135590138945 -0.0659218963982 0)
(0.138567419574 -0.0704371890136 0)
(0.141670038187 -0.0749214881047 0)
(0.144882017573 -0.0793712602198 0)
(0.148185418025 -0.0837803587724 0)
(0.151560111344 -0.08813955234 0)
(0.154983551659 -0.0924359578458 0)
(0.158430553274 -0.0966523626393 0)
(0.161873090167 -0.100766418905 0)
(0.165280137555 -0.104749694392 0)
(0.16861758335 -0.108566565839 0)
(0.171848246455 -0.112172946604 0)
(0.174932049562 -0.115514848955 0)
(0.177826406176 -0.11852679545 0)
(0.180486894614 -0.121130114106 0)
(0.182868306089 -0.123231180849 0)
(0.184926171131 -0.124719714723 0)
(0.186618889284 -0.12546729868 0)
(0.187910594919 -0.125326419349 0)
(0.188774842296 -0.124130530225 0)
(0.189199099141 -0.121695959211 0)
(0.151934802858 -0.116747483171 0)
(0.149933468552 -0.110832527036 0)
(0.147540021703 -0.103165904547 0)
(0.144826571013 -0.0936248521191 0)
(0.141878339059 -0.0821423492046 0)
(0.138773980411 -0.0687262119773 0)
(0.135557551572 -0.0534564250484 0)
(0.132285157628 -0.0364492235968 0)
(0.129082753669 -0.0179420606376 0)
(0.12601529889 0.00158655359406 0)
(0.123063485637 0.0217339484175 0)
(0.120358120294 0.0421653821162 0)
(0.118170231335 0.0623509985572 0)
(0.116641551957 0.0815544142528 0)
(0.115788607399 0.0992346103094 0)
(0.115627292138 0.114966838538 0)
(0.116119109649 0.128376772315 0)
(0.117123058083 0.139219973686 0)
(0.118437441815 0.14741812512 0)
(0.119856154016 0.153039183022 0)
(0.121201775637 0.156256533601 0)
(0.122338121839 0.157309669674 0)
(0.12317269831 0.156471710683 0)
(0.12365365221 0.154024336814 0)
(0.123763298337 0.15024019771 0)
(0.123510288503 0.145371940213 0)
(0.122922031281 0.139646334759 0)
(0.122038165824 0.133261969471 0)
(0.120905322889 0.12638928476 0)
(0.119573129451 0.119172050035 0)
(0.118091302309 0.111729649467 0)
(0.116507641163 0.104159743466 0)
(0.114866732961 0.0965410196908 0)
(0.113209198177 0.0889358539825 0)
(0.111571335687 0.0813927770297 0)
(0.109985049999 0.0739486944329 0)
(0.108477969749 0.0666308422832 0)
(0.107073688154 0.0594584821142 0)
(0.105792074107 0.0524443518667 0)
(0.10464961695 0.0455958961458 0)
(0.103659779089 0.0389163016453 0)
(0.102833338978 0.0324053636593 0)
(0.102178713268 0.0260602081856 0)
(0.101702251326 0.0198758919316 0)
(0.101408498535 0.0138459000402 0)
(0.101300426912 0.00796255884881 0)
(0.101379633013 0.00221737862978 0)
(0.101646503954 -0.00339866085345 0)
(0.102100352914 -0.00889487098989 0)
(0.102739525663 -0.0142806517518 0)
(0.103561479758 -0.0195653177932 0)
(0.104562837943 -0.0247579461426 0)
(0.105739417152 -0.0298672392362 0)
(0.107086234339 -0.0349013976331 0)
(0.10859749014 -0.0398679971608 0)
(0.110266531202 -0.0447738654642 0)
(0.112085791831 -0.0496249529753 0)
(0.114046715496 -0.0544261932014 0)
(0.116139656704 -0.0591813469475 0)
(0.118353763756 -0.0638928246364 0)
(0.120676843139 -0.0685614802807 0)
(0.123095206592 -0.0731863699027 0)
(0.125593502537 -0.0777644662918 0)
(0.12815453439 -0.0822903209838 0)
(0.130759069615 -0.0867556632996 0)
(0.133385645114 -0.0911489252841 0)
(0.136010377012 -0.0954546806117 0)
(0.138606786097 -0.0996529852292 0)
(0.141145654289 -0.103718608018 0)
(0.143594932773 -0.107620141593 0)
(0.145919728816 -0.111318987122 0)
(0.148082405866 -0.114768213582 0)
(0.15004284018 -0.11791130203 0)
(0.1517588866 -0.120680800373 0)
(0.153187116062 -0.122996934897 0)
(0.154283897982 -0.124766253599 0)
(0.155006911899 -0.125880417347 0)
(0.155317182703 -0.126215317575 0)
(0.155181729752 -0.125630800773 0)
(0.154576876865 -0.123971436372 0)
(0.153492183761 -0.121068978161 0)
(0.11606754153 -0.114270365303 0)
(0.112833170501 -0.107933411025 0)
(0.10922659418 -0.0999096623887 0)
(0.105330090404 -0.0900949917178 0)
(0.101245925425 -0.0784334978819 0)
(0.0970869188619 -0.0649339618118 0)
(0.092965025475 -0.0496761551918 0)
(0.0890088693654 -0.0328062348908 0)
(0.0853754629453 -0.0145817316452 0)
(0.0821868707388 0.00459697586163 0)
(0.0795205726509 0.024314437889 0)
(0.0774966364077 0.0441484355144 0)
(0.0762644573915 0.0635792895696 0)
(0.0758877904751 0.0820118413699 0)
(0.0763356834347 0.0989483038458 0)
(0.0775391164966 0.113994193171 0)
(0.0793858805195 0.126843263242 0)
(0.0817110537086 0.137304913291 0)
(0.084320103182 0.145317815184 0)
(0.0870213680309 0.150936209135 0)
(0.0896483484221 0.154302097468 0)
(0.0920698146657 0.155616163668 0)
(0.0941923268674 0.155112279471 0)
(0.0959582445584 0.153036897879 0)
(0.0973409506104 0.149633712053 0)
(0.0983387744016 0.145133254946 0)
(0.0989687959859 0.13974658791 0)
(0.0992612304757 0.133662080997 0)
(0.099254693849 0.127044388389 0)
(0.0989924145299 0.120034898897 0)
(0.0985193337247 0.112753113844 0)
(0.0978799818422 0.10529855086 0)
(0.0971169993991 0.0977528896735 0)
(0.0962701724154 0.0901821671738 0)
(0.0953758645819 0.082638897804 0)
(0.0944667453571 0.0751640455233 0)
(0.0935717310455 0.067788809135 0)
(0.0927160728086 0.0605362069431 0)
(0.0919215404645 0.0534224623694 0)
(0.0912066634809 0.0464582016854 0)
(0.0905870007574 0.0396494802128 0)
(0.090075418842 0.0329986556216 0)
(0.089682364436 0.0265051273778 0)
(0.0894161217182 0.0201659606592 0)
(0.089283048476 0.0139764117058 0)
(0.0892877875187 0.00793036993836 0)
(0.0894334516034 0.00202073046323 0)
(0.0897217812907 -0.00376029105256 0)
(0.0901532759301 -0.00942089065288 0)
(0.0907272984416 -0.0149694463562 0)
(0.0914421548261 -0.0204143183793 0)
(0.0922951494383 -0.0257636722217 0)
(0.0932826170712 -0.0310253182653 0)
(0.0943999328474 -0.0362065620993 0)
(0.0956415008376 -0.0413140601797 0)
(0.0970007222454 -0.0463536756732 0)
(0.0984699439423 -0.0513303294125 0)
(0.100040388123 -0.0562478408291 0)
(0.101702063909 -0.0611087535349 0)
(0.103443661905 -0.065914139886 0)
(0.105252432967 -0.0706633784092 0)
(0.107114052986 -0.0753538974205 0)
(0.109012476122 -0.0799808775282 0)
(0.110929780005 -0.0845369050499 0)
(0.112846007765 -0.0890115677696 0)
(0.11473901363 -0.0933909840055 0)
(0.116584321283 -0.0976572558575 0)
(0.118355007268 -0.10178783799 0)
(0.120021625667 -0.105754814728 0)
(0.121552195029 -0.109524081074 0)
(0.12291227422 -0.113054428021 0)
(0.124065160368 -0.116296540045 0)
(0.124972249257 -0.119191923538 0)
(0.125593606147 -0.121671800308 0)
(0.125888802792 -0.123656021035 0)
(0.125818084183 -0.12505208179 0)
(0.125343935299 -0.125754365569 0)
(0.124433120829 -0.125643786729 0)
(0.123059260203 -0.124588098596 0)
(0.121205961254 -0.122443239593 0)
(0.118870458171 -0.119056237308 0)
(0.0818180394089 -0.11071102883 0)
(0.0776636477999 -0.103991954684 0)
(0.0731964999459 -0.0956626683982 0)
(0.068511069236 -0.0856417015747 0)
(0.0637244857511 -0.0738921697931 0)
(0.058971218903 -0.0604360176694 0)
(0.0543964596528 -0.0453634525976 0)
(0.050158847393 -0.0288381182218 0)
(0.0464261142642 -0.0111182908669 0)
(0.0433416108128 0.00743802313559 0)
(0.0410149370384 0.026428614998 0)
(0.0395492321016 0.0454218981094 0)
(0.0390289893827 0.0639364031884 0)
(0.0394704583018 0.081468835542 0)
(0.0408154917665 0.0975777780039 0)
(0.0429588207857 0.111908326099 0)
(0.0457575368811 0.12419655062 0)
(0.0490372250456 0.13428085721 0)
(0.0526090750877 0.1421055114 0)
(0.0562909012561 0.147709707742 0)
(0.0599228343002 0.151207512482 0)
(0.0633754953659 0.152765804145 0)
(0.0665525490599 0.152583953269 0)
(0.0693895648066 0.15087669677 0)
(0.0718505255695 0.147860755733 0)
(0.0739230996142 0.14374516656 0)
(0.0756135740146 0.13872487684 0)
(0.0769420438602 0.132976972479 0)
(0.0779381740523 0.126658897092 0)
(0.078637659328 0.119908103195 0)
(0.0790793928671 0.112842677502 0)
(0.0793032900459 0.105562583628 0)
(0.0793486829652 0.0981512548504 0)
(0.0792531909608 0.0906773441639 0)
(0.0790519740905 0.0831964985262 0)
(0.0787772850255 0.075753070254 0)
(0.078458246263 0.0683817128718 0)
(0.0781207918541 0.0611088334698 0)
(0.0777877245808 0.0539538907642 0)
(0.0774788500105 0.0469305394195 0)
(0.0772111578251 0.0400476282708 0)
(0.0769990282115 0.0333100641212 0)
(0.0768544470459 0.0267195547369 0)
(0.0767872182576 0.0202752452207 0)
(0.0768051653358 0.0139742616399 0)
(0.0769143166379 0.00781217498126 0)
(0.0771190711409 0.00178339743982 0)
(0.077422342714 -0.00411847809371 0)
(0.0778256819968 -0.0099003856108 0)
(0.0783293756546 -0.0155695319491 0)
(0.0789325232366 -0.0211331733889 0)
(0.0796330921372 -0.0265984159274 0)
(0.0804279513308 -0.0319720329362 0)
(0.0813128846312 -0.0372602944178 0)
(0.0822825842795 -0.0424688024505 0)
(0.0833306257015 -0.0476023276613 0)
(0.0844494243262 -0.0526646416728 0)
(0.0856301754614 -0.057658340472 0)
(0.0868627783862 -0.062584653536 0)
(0.0881357460965 -0.0674432333356 0)
(0.0894361025474 -0.072231919544 0)
(0.0907492698296 -0.0769464719331 0)
(0.0920589485405 -0.0815802655705 0)
(0.0933469957224 -0.0861239416017 0)
(0.0945933062173 -0.0905650067089 0)
(0.0957757051954 -0.094887374388 0)
(0.0968698620382 -0.0990708416683 0)
(0.0978492387775 -0.103090496073 0)
(0.0986850899617 -0.106916049779 0)
(0.0993465351829 -0.11051110154 0)
(0.0998007305241 -0.113832332468 0)
(0.100013170777 -0.116828649862 0)
(0.0999481602338 -0.1194403046 0)
(0.0995694958935 -0.121598022964 0)
(0.0988414126866 -0.123222214106 0)
(0.097729845181 -0.124222341203 0)
(0.0962040627874 -0.124496580026 0)
(0.0942387323294 -0.123931936695 0)
(0.0918164459238 -0.122405061047 0)
(0.0889307135876 -0.119784073735 0)
(0.0855893485473 -0.115931817238 0)
(0.0493202429937 -0.106344922199 0)
(0.0445105534899 -0.0993116686793 0)
(0.0394682848134 -0.0907563007655 0)
(0.0342977634095 -0.0806208190832 0)
(0.0291255849624 -0.0688893712385 0)
(0.0240965713197 -0.0556002216916 0)
(0.0193680631113 -0.0408550108446 0)
(0.0151059697128 -0.0248252214305 0)
(0.011475510082 -0.00776154246793 0)
(0.00862058011431 0.0100087479723 0)
(0.00665361138517 0.0281099822548 0)
(0.0056598618277 0.0461344633358 0)
(0.00568749795923 0.0636480662782 0)
(0.00672570707247 0.0802169320755 0)
(0.00870253011325 0.0954545248786 0)
(0.0115002196254 0.109046074665 0)
(0.0149676167753 0.120758922207 0)
(0.0189313218039 0.130449155738 0)
(0.0232101791802 0.13806158209 0)
(0.0276305728904 0.143620878163 0)
(0.0320382530969 0.147216596678 0)
(0.0363051812379 0.148986134231 0)
(0.0403321566114 0.149098382435 0)
(0.0440484063296 0.147739417705 0)
(0.0474091386412 0.145100845894 0)
(0.0503919161025 0.141370941279 0)
(0.0529925521565 0.136728380011 0)
(0.055221034016 0.131338182212 0)
(0.0570977798374 0.125349419401 0)
(0.0586503878087 0.118894262431 0)
(0.0599109325305 0.112087998446 0)
(0.0609137998511 0.105029710264 0)
(0.0616940143696 0.0978033761967 0)
(0.0622859956287 0.0904792066138 0)
(0.0627226731281 0.0831150832786 0)
(0.0630348920078 0.0757580078378 0)
(0.0632510472759 0.0684454975064 0)
(0.0633968925229 0.0612068899002 0)
(0.063495477722 0.0540645364219 0)
(0.0635671790551 0.0470348759054 0)
(0.0636297912392 0.0401293885202 0)
(0.063698659345 0.0333554352375 0)
(0.0637868325455 0.0267169913174 0)
(0.0639052266712 0.0202152839068 0)
(0.0640627859804 0.0138493444452 0)
(0.064266637316 0.00761648653677 0)
(0.0645222319369 0.00151271948553 0)
(0.0648334719093 -0.0044668929601 0)
(0.065202819125 -0.010327919868 0)
(0.0656313858764 -0.0160762883709 0)
(0.0661190065316 -0.021718039602 0)
(0.0666642902896 -0.0272591086611 0)
(0.0672646552983 -0.0327051225173 0)
(0.0679163446396 -0.0380612101939 0)
(0.0686144248536 -0.04333181993 0)
(0.0693527678288 -0.0485205382618 0)
(0.0701240170473 -0.0536299061025 0)
(0.070919539382 -0.0586612269558 0)
(0.0717293639162 -0.0636143623755 0)
(0.0725421096333 -0.0684875096871 0)
(0.0733449043377 -0.0732769568548 0)
(0.0741232978566 -0.0779768092385 0)
(0.0748611734888 -0.0825786828667 0)
(0.0755406628493 -0.0870713588474 0)
(0.0761420707812 -0.0914403937204 0)
(0.0766438189165 -0.0956676810566 0)
(0.0770224188232 -0.0997309606098 0)
(0.0772524885364 -0.103603273064 0)
(0.0773068296494 -0.107252361184 0)
(0.0771565860356 -0.110640022348 0)
(0.0767715096119 -0.113721423491 0)
(0.0761203631927 -0.116444397892 0)
(0.0751714951603 -0.118748754617 0)
(0.0738936250434 -0.120565646366 0)
(0.0722568826055 -0.121817060794 0)
(0.0702341448159 -0.122415524962 0)
(0.0678027134408 -0.122264143935 0)
(0.0649463677372 -0.121257134012 0)
(0.0616578064453 -0.119281059519 0)
(0.0579414538993 -0.116217036677 0)
(0.0538165386143 -0.111944220432 0)
(0.0186377466567 -0.101404992895 0)
(0.0133904435276 -0.094139506301 0)
(0.00799865197893 -0.0854487854404 0)
(0.00257274839778 -0.0752969041653 0)
(-0.00275685042849 -0.0636876748803 0)
(-0.00784352702224 -0.0506743739432 0)
(-0.0125301918074 -0.0363674913319 0)
(-0.0166558406588 -0.0209399155323 0)
(-0.0200656496592 -0.00463045990281 0)
(-0.0226256360623 0.0122610266461 0)
(-0.024232651215 0.0293910195079 0)
(-0.0248180454571 0.0463880211486 0)
(-0.0243552933889 0.0628663386166 0)
(-0.022869886799 0.0784492553684 0)
(-0.0204389538955 0.0927993785782 0)
(-0.0171809747083 0.105639044342 0)
(-0.0132440957613 0.116761286208 0)
(-0.00879434965865 0.12603495399 0)
(-0.00400306461363 0.133403897511 0)
(0.000965228016009 0.138880011227 0)
(0.00596228594629 0.142531847735 0)
(0.0108621099608 0.144471337493 0)
(0.0155636603851 0.144840579383 0)
(0.0199910606732 0.143799871426 0)
(0.0240920176961 0.141517599335 0)
(0.0278351194614 0.138162216578 0)
(0.0312065702501 0.133896271747 0)
(0.0342067887918 0.128872266642 0)
(0.0368471568216 0.123230048553 0)
(0.0391470888583 0.117095423627 0)
(0.041131506963 0.11057969784 0)
(0.0428287440231 0.103779889575 0)
(0.04426886038 0.0967794016476 0)
(0.0454823360107 0.0896489842657 0)
(0.0464990893372 0.0824478600812 0)
(0.0473477703725 0.0752249166047 0)
(0.0480552774585 0.068019899204 0)
(0.0486464512581 0.0608645600248 0)
(0.049143905452 0.0537837350401 0)
(0.0495679598032 0.0467963339162 0)
(0.0499366472685 0.0399162362925 0)
(0.0502657723234 0.0331530941882 0)
(0.0505690024594 0.0265130442829 0)
(0.0508579788689 0.0199993362811 0)
(0.051142435679 0.0136128849445 0)
(0.0514303198019 0.00735275398937 0)
(0.0517279056203 0.00121658014088 0)
(0.0520399004034 -0.0047990545678 0)
(0.0523695376466 -0.0106982945595 0)
(0.0527186565151 -0.016485719337 0)
(0.053087766319 -0.0221660822635 0)
(0.0534760955081 -0.0277440732833 0)
(0.0538816251073 -0.0332240998141 0)
(0.0543011068483 -0.0386100804131 0)
(0.0547300665362 -0.0439052461326 0)
(0.0551627934494 -0.0491119447172 0)
(0.055592316839 -0.0542314429645 0)
(0.0560103708958 -0.0592637226727 0)
(0.0564073499255 -0.0642072656652 0)
(0.0567722559395 -0.0690588234008 0)
(0.057092641464 -0.0738131667012 0)
(0.0573545511387 -0.0784628111803 0)
(0.0575424666454 -0.0829977140884 0)
(0.05763926073 -0.0874049385601 0)
(0.0576261675984 -0.0916682817885 0)
(0.0574827788201 -0.0957678645296 0)
(0.0571870761008 -0.0996796807782 0)
(0.0567155149048 -0.103375108643 0)
(0.0560431759132 -0.10682038665 0)
(0.0551440046447 -0.109976064272 0)
(0.0539911631273 -0.112796441749 0)
(0.0525575210935 -0.11522902273 0)
(0.0508163174605 -0.117214014255 0)
(0.0487420254064 -0.118683922711 0)
(0.0463114554875 -0.119563311952 0)
(0.0435051299164 -0.119768811456 0)
(0.0403089556145 -0.11920948843 0)
(0.0367162111914 -0.117787728474 0)
(0.0327298394765 -0.115400803247 0)
(0.0283649976594 -0.11194333655 0)
(0.023651756058 -0.107310903296 0)
(-0.0102158413788 -0.0960833704094 0)
(-0.0157257915206 -0.0886719435368 0)
(-0.0212924430067 -0.0799374471168 0)
(-0.0268031809123 -0.0698634171508 0)
(-0.0321284589476 -0.0584704032773 0)
(-0.0371257140043 -0.0458236188824 0)
(-0.0416451185581 -0.0320388763528 0)
(-0.0455367946696 -0.017286042685 0)
(-0.0486603032119 -0.00178958515252 0)
(-0.0508960156831 0.0141768787704 0)
(-0.0521541868658 0.0303031670482 0)
(-0.0523806689266 0.0462566963734 0)
(-0.0515626189261 0.0616975140012 0)
(-0.0497330291275 0.0762976520001 0)
(-0.0469690594542 0.0897626984999 0)
(-0.0433842615869 0.101848136943 0)
(-0.0391184846402 0.112369235236 0)
(-0.0343271156065 0.121205479836 0)
(-0.0291702145704 0.128299940242 0)
(-0.0238025186097 0.13365399001 0)
(-0.0183654891401 0.137318626598 0)
(-0.0129819968461 0.139384071774 0)
(-0.00775353941486 0.139969088937 0)
(-0.00275954658926 0.13921099016 0)
(0.00194175098172 0.137256912589 0)
(0.00631139629439 0.134256642779 0)
(0.0103271716306 0.130357040917 0)
(0.0139808140745 0.125697963693 0)
(0.0172752417387 0.120409498204 0)
(0.020221962422 0.114610283638 0)
(0.0228387643559 0.108406695214 0)
(0.0251477348349 0.101892682204 0)
(0.0271736148724 0.0951500792592 0)
(0.0289424735676 0.0882492410903 0)
(0.0304806715363 0.0812498810763 0)
(0.0318140757806 0.0742020220155 0)
(0.032967486451 0.0671469911175 0)
(0.0339642373046 0.0601184109972 0)
(0.0348259349187 0.0531431540809 0)
(0.0355723059368 0.0462422399066 0)
(0.0362211261304 0.0394316638182 0)
(0.0367882094523 0.0327231520826 0)
(0.0372874392938 0.0261248430434 0)
(0.037730827715 0.0196418969999 0)
(0.0381285914674 0.0132770394578 0)
(0.0384892361713 0.00703104355702 0)
(0.0388196421059 0.000903158045708 0)
(0.0391251467534 -0.00510851262876 0)
(0.0394096205908 -0.0110066696082 0)
(0.0396755336841 -0.0167945160082 0)
(0.0399240114818 -0.0224754824068 0)
(0.040154878866 -0.0280529757742 0)
(0.0403666920499 -0.0335301465142 0)
(0.0405567583467 -0.0389096685841 0)
(0.0407211442156 -0.0441935279278 0)
(0.040854672343 -0.0493828146933 0)
(0.0409509088739 -0.0544775148837 0)
(0.0410021422978 -0.0594762972506 0)
(0.0409993559415 -0.064376291381 0)
(0.0409321965626 -0.0691728530567 0)
(0.0407889421929 -0.0738593131331 0)
(0.0405564731945 -0.0784267064164 0)
(0.0402202514853 -0.0828634773614 0)
(0.0397643141041 -0.0871551599471 0)
(0.0391712887481 -0.0912840299035 0)
(0.0384224406534 -0.0952287286748 0)
(0.0374977622122 -0.0989638602677 0)
(0.0363761190274 -0.10245956465 0)
(0.0350354686527 -0.105681074845 0)
(0.0334531709645 -0.108588269606 0)
(0.0316064118111 -0.111135239839 0)
(0.0294727640368 -0.113269895065 0)
(0.0270309118117 -0.114933646567 0)
(0.0242615649099 -0.116061216546 0)
(0.0211485884153 -0.116580638045 0)
(0.0176803692165 -0.116413528396 0)
(0.0138514319943 -0.115475739465 0)
(0.00966430192924 -0.113678509984 0)
(0.00513158609619 -0.110930266577 0)
(0.000278207201286 -0.107139236039 0)
(-0.00485633114759 -0.102217033906 0)
(-0.037261159376 -0.0905351902792 0)
(-0.0428959281663 -0.0830622329489 0)
(-0.0485048036311 -0.0743703064113 0)
(-0.0539761449183 -0.0644592821113 0)
(-0.0591847242846 -0.0533630241795 0)
(-0.0639956890774 -0.0411552257393 0)
(-0.0682701399187 -0.0279536640589 0)
(-0.0718721059297 -0.0139221431583 0)
(-0.0746769611795 0.000730522785726 0)
(-0.0765805934384 0.0157559251529 0)
(-0.0775072083624 0.0308761295588 0)
(-0.07741492524 0.045796026168 0)
(-0.0762999902318 0.0602171633535 0)
(-0.0741988155557 0.0738536448024 0)
(-0.0711858101898 0.086448387721 0)
(-0.0673671272747 0.0977861156855 0)
(-0.0628722104066 0.107701791407 0)
(-0.0578445075547 0.116084563005 0)
(-0.0524322065072 0.122877536434 0)
(-0.0467798105571 0.128073891597 0)
(-0.0410213194978 0.13171027675 0)
(-0.0352754276352 0.133858656477 0)
(-0.0296427268771 0.134617680386 0)
(-0.0242046443314 0.134104366965 0)
(-0.0190237448678 0.132446623668 0)
(-0.0141450134308 0.129776894091 0)
(-0.00959776075877 0.126227040489 0)
(-0.00539785260822 0.121924437688 0)
(-0.00155003094959 0.116989170412 0)
(0.00194983731256 0.111532181516 0)
(0.005112690355 0.105654202951 0)
(0.00795443995768 0.0994453045939 0)
(0.0104944035227 0.0929849107298 0)
(0.0127540001668 0.0863421544142 0)
(0.014755695574 0.0795764621851 0)
(0.0165221710034 0.0727382832833 0)
(0.0180756874033 0.0658698971815 0)
(0.0194376145138 0.0590062501521 0)
(0.0206280959717 0.0521757856065 0)
(0.0216658238635 0.0454012441777 0)
(0.0225678992622 0.0387004182396 0)
(0.0233497585933 0.0320868521561 0)
(0.0240251489059 0.0255704844112 0)
(0.0246061381196 0.0191582312286 0)
(0.025103148987 0.0128545136704 0)
(0.0255250078166 0.00666173177695 0)
(0.0258790009641 0.000580690259883 0)
(0.0261709337264 -0.00538901919596 0)
(0.0264051876174 -0.0112486737446 0)
(0.0265847731026 -0.0170001080049 0)
(0.0267113757607 -0.0226454302977 0)
(0.0267853945696 -0.0281867614718 0)
(0.026805971623 -0.0336259915151 0)
(0.0267710130936 -0.0389645493724 0)
(0.0266772017214 -0.0442031816144 0)
(0.0265200015329 -0.0493417358237 0)
(0.0262936559251 -0.0543789447624 0)
(0.0259911807082 -0.0593122075834 0)
(0.0256043542047 -0.0641373645652 0)
(0.0251237070965 -0.0688484620741 0)
(0.0245385154005 -0.0734375047553 0)
(0.0238368007802 -0.0778941923444 0)
(0.0230053433833 -0.0822056390164 0)
(0.0220297135543 -0.0863560739416 0)
(0.0208943301325 -0.0903265227626 0)
(0.0195825546045 -0.0940944711627 0)
(0.0180768321481 -0.0976335136901 0)
(0.0163588925261 -0.100912993717 0)
(0.0144100258153 -0.10389764401 0)
(0.0122114499606 -0.10654724209 0)
(0.00974478893561 -0.108816300618 0)
(0.00699268160151 -0.110653820584 0)
(0.00393954177422 -0.11200314437 0)
(0.000572489016291 -0.112801956798 0)
(-0.00311753349442 -0.112982495065 0)
(-0.00713444400569 -0.11247204265 0)
(-0.0114755109869 -0.11119379723 0)
(-0.0161296636359 -0.109068216858 0)
(-0.0210756674102 -0.106014959567 0)
(-0.026280243367 -0.101955534786 0)
(-0.0316962569253 -0.0968167736858 0)
(-0.0625412643016 -0.0848833126894 0)
(-0.0681943943671 -0.0774276443651 0)
(-0.0737468252987 -0.0688562553173 0)
(-0.0790903294073 -0.0591821624692 0)
(-0.0841062934454 -0.0484491927333 0)
(-0.088669614435 -0.0367363042678 0)
(-0.0926539267142 -0.0241604476462 0)
(-0.0959379587423 -0.0108773562177 0)
(-0.0984127831535 0.00292028459948 0)
(-0.0999892976159 0.0170079769434 0)
(-0.100604714727 0.0311378394634 0)
(-0.100227361794 0.0450491690714 0)
(-0.0988597637234 0.0584803893615 0)
(-0.0965394762453 0.0711820165599 0)
(-0.0933368381139 0.0829293253828 0)
(-0.0893498159643 0.0935327207038 0)
(-0.084697002178 0.102844781611 0)
(-0.0795097945347 0.11076376631 0)
(-0.0739245671247 0.117233755923 0)
(-0.0680755225105 0.122241872723 0)
(-0.0620887863731 0.125813272045 0)
(-0.0560780599905 0.128004755675 0)
(-0.0501418682652 0.128897809829 0)
(-0.0443622456046 0.128591709492 0)
(-0.0388046039951 0.127197143828 0)
(-0.0335184948497 0.124830644908 0)
(-0.0285389837703 0.121609957169 0)
(-0.0238883904578 0.117650373668 0)
(-0.0195781923465 0.113061988086 0)
(-0.0156109399727 0.107947764489 0)
(-0.0119820779692 0.102402303747 0)
(-0.00868160451493 0.0965111795086 0)
(-0.00569553295444 0.0903507219945 0)
(-0.00300714238226 0.0839881399244 0)
(-0.000598020173478 0.0774818862955 0)
(0.00155109003327 0.070882189963 0)
(0.00345961527249 0.0642316906189 0)
(0.00514663262366 0.0575661288688 0)
(0.0066304779613 0.0509150552512 0)
(0.00792846194818 0.0443025321571 0)
(0.0090566729619 0.0377478107544 0)
(0.0100298489309 0.0312659714049 0)
(0.0108613024975 0.0248685209625 0)
(0.011562886328 0.0185639439815 0)
(0.0121449876327 0.0123582075061 0)
(0.012616542973 0.00625522097925 0)
(0.0129850662033 0.000257254055552 0)
(0.0132566839165 -0.00563468408899 0)
(0.0134361740498 -0.0114204998822 0)
(0.0135270043945 -0.0171007006236 0)
(0.0135313686628 -0.022676105524 0)
(0.013450218529 -0.0281475781907 0)
(0.0132832907183 -0.0335157763455 0)
(0.0130291287819 -0.0387809147185 0)
(0.0126850997162 -0.0439425372379 0)
(0.0122474060666 -0.0489992948447 0)
(0.0117110946388 -0.0539487254684 0)
(0.0110700634479 -0.0587870329371 0)
(0.0103170690763 -0.0635088618695 0)
(0.00944373723161 -0.0681070659105 0)
(0.00844057999128 -0.0725724670742 0)
(0.00729702403369 -0.0768936044801 0)
(0.00600145508476 -0.0810564714473 0)
(0.00454128488211 -0.0850442408212 0)
(0.00290304816754 -0.0888369796284 0)
(0.00107253856486 -0.0924113557673 0)
(-0.00096500634685 -0.0957403415693 0)
(-0.00322465894872 -0.0987929218461 0)
(-0.00572148119693 -0.101533817595 0)
(-0.00847011535369 -0.103923241038 0)
(-0.0114842703421 -0.105916703263 0)
(-0.014776087998 -0.107464902487 0)
(-0.0183553743362 -0.108513728986 0)
(-0.0222286833843 -0.109004431855 0)
(-0.026398245846 -0.108874002844 0)
(-0.0308607427116 -0.108055842899 0)
(-0.0356059359641 -0.106480786846 0)
(-0.0406151859544 -0.104078569276 0)
(-0.0458599090032 -0.100779817449 0)
(-0.0513000601255 -0.0965186513024 0)
(-0.0568827643805 -0.0912359510314 0)
(-0.08611295779 -0.0792231653832 0)
(-0.091703967012 -0.0718560627549 0)
(-0.097128350123 -0.06347351957 0)
(-0.102282987347 -0.05409870854 0)
(-0.107057239333 -0.0437824112176 0)
(-0.111336665997 -0.0326061174401 0)
(-0.115007793506 -0.0206837998454 0)
(-0.117963723957 -0.00816189009253 0)
(-0.120110274626 0.00478294413931 0)
(-0.121372086122 0.0179485514912 0)
(-0.121697907668 0.031114473001 0)
(-0.12106449126 0.0440508745362 0)
(-0.11947883135 0.0565285902855 0)
(-0.116978391092 0.0683296747072 0)
(-0.113628977477 0.0792574574691 0)
(-0.109520453084 0.0891448780558 0)
(-0.104760954033 0.0978603301749 0)
(-0.0994703709601 0.105310749099 0)
(-0.0937737674165 0.111442021983 0)
(-0.0877953047028 0.116237044228 0)
(-0.0816531129689 0.11971193773 0)
(-0.0754553676042 0.121911052509 0)
(-0.0692976363821 0.122901361117 0)
(-0.0632614137148 0.122766760459 0)
(-0.057413669816 0.121602669303 0)
(-0.051807202451 0.119511182821 0)
(-0.0464815727354 0.116596932431 0)
(-0.0414644230371 0.112963707395 0)
(-0.0367730049791 0.10871182662 0)
(-0.0324157809733 0.103936203624 0)
(-0.0283939980012 0.0987250212476 0)
(-0.0247031640973 0.0931589209459 0)
(-0.0213343845441 0.0873106103626 0)
(-0.0182755357208 0.0812447986011 0)
(-0.0155122701281 0.0750183783681 0)
(-0.013028857017 0.0686807857727 0)
(-0.0108088701261 0.0622744805505 0)
(-0.00883573810771 0.0558355008668 0)
(-0.00709317507784 0.0493940570827 0)
(-0.00556550901888 0.0429751376999 0)
(-0.00423792501853 0.0365991080733 0)
(-0.00309663895482 0.0302822884522 0)
(-0.0021290155377 0.0240375026601 0)
(-0.00132364279579 0.0178745923758 0)
(-0.000670373296981 0.0118008947506 0)
(-0.000160340697149 0.00582168313579 0)
(0.00021404133171 -5.9427852587e-05 0)
(0.000459092112575 -0.00584011069036 0)
(0.000579884431012 -0.0115189838176 0)
(0.000580269013845 -0.017095297722 0)
(0.000462900466444 -0.0225686447066 0)
(0.000229262888829 -0.0279386887358 0)
(-0.000120305935253 -0.0332049117805 0)
(-0.000586592282195 -0.038366373167 0)
(-0.00117148612138 -0.0434214785739 0)
(-0.00187796207215 -0.0483677555117 0)
(-0.00271006060461 -0.0532016323353 0)
(-0.00367286787405 -0.0579182181026 0)
(-0.00477249201642 -0.0625110809176 0)
(-0.00601603311645 -0.066972022778 0)
(-0.00741154337686 -0.0712908494377 0)
(-0.00896797325402 -0.0754551344151 0)
(-0.0106950984707 -0.0794499770701 0)
(-0.0126034218689 -0.083257755695 0)
(-0.0147040430356 -0.0868578778927 0)
(-0.0170084875362 -0.090226532206 0)
(-0.0195284864703 -0.0933364471226 0)
(-0.0222756959922 -0.0961566663124 0)
(-0.0252613455113 -0.0986523523354 0)
(-0.0284958026715 -0.10078463521 0)
(-0.0319880431029 -0.102510527203 0)
(-0.0357450136433 -0.103782931024 0)
(-0.0397708796033 -0.104550775197 0)
(-0.0440661501733 -0.104759317591 0)
(-0.0486266818072 -0.104350665432 0)
(-0.0534425680627 -0.103264567094 0)
(-0.0584969366413 -0.101439536302 0)
(-0.0637646910096 -0.0988143717189 0)
(-0.0692112555055 -0.0953301317454 0)
(-0.0747914092543 -0.0909326128633 0)
(-0.0804483246239 -0.0855753560333 0)
(-0.10804056724 -0.0736272877637 0)
(-0.113510172299 -0.0664117006363 0)
(-0.11875624823 -0.058276500991 0)
(-0.1236818458 -0.0492523586388 0)
(-0.128184952468 -0.0393944485214 0)
(-0.132161954675 -0.0287845919316 0)
(-0.135511897893 -0.0175322195262 0)
(-0.138141341969 -0.00577380582797 0)
(-0.139969503057 0.00632949621558 0)
(-0.140933227129 0.0185961719431 0)
(-0.140991239304 0.0308304821251 0)
(-0.140127219049 0.0428299718641 0)
(-0.138351414936 0.0543938148152 0)
(-0.13570055646 0.065331404597 0)
(-0.1322359318 0.0754704293236 0)
(-0.128039808182 0.084663614135 0)
(-0.123210654492 0.092793565001 0)
(-0.11785772438 0.099775466715 0)
(-0.112095535194 0.10555765715 0)
(-0.106038703213 0.110120303689 0)
(-0.0997974898288 0.113472557742 0)
(-0.0934742787166 0.115648646354 0)
(-0.0871610637547 0.116703365396 0)
(-0.0809379125432 0.116707384725 0)
(-0.0748722937674 0.11574269152 0)
(-0.0690191151163 0.113898405966 0)
(-0.0634213041559 0.111267116523 0)
(-0.0581107698698 0.107941807712 0)
(-0.0531096004984 0.104013395091 0)
(-0.0484313777905 0.0995688403096 0)
(-0.0440825141982 0.0946897921544 0)
(-0.0400635447521 0.0894516847512 0)
(-0.036370327545 0.0839232186214 0)
(-0.0329951251163 0.0781661513995 0)
(-0.0299275533992 0.0722353303809 0)
(-0.0271553955544 0.066178906829 0)
(-0.0246652854565 0.0600386807739 0)
(-0.0224432704102 0.0538505339314 0)
(-0.0204752654172 0.04764491673 0)
(-0.0187474125352 0.0414473629483 0)
(-0.0172463590025 0.0352790119481 0)
(-0.0159594672051 0.029157123918 0)
(-0.0148749685294 0.0230955779938 0)
(-0.0139820718638 0.0171053466611 0)
(-0.013271036144 0.0111949426212 0)
(-0.0127332149732 0.00537083641793 0)
(-0.0123610800514 -0.000362155301002 0)
(-0.0121482289547 -0.00600050986347 0)
(-0.0120893817268 -0.0115416651611 0)
(-0.0121803697842 -0.016983710383 0)
(-0.0124181197882 -0.022325098191 0)
(-0.012800634384 -0.0275643754541 0)
(-0.013326971035 -0.0326999296064 0)
(-0.0139972195762 -0.0377297477176 0)
(-0.0148124785428 -0.0426511854699 0)
(-0.0157748297984 -0.0474607434038 0)
(-0.0168873104574 -0.0521538480163 0)
(-0.0181538805599 -0.0567246355756 0)
(-0.0195793844035 -0.0611657368784 0)
(-0.021169502835 -0.0654680616088 0)
(-0.0229306931691 -0.0696205815111 0)
(-0.0248701127005 -0.0736101122777 0)
(-0.0269955210272 -0.0774210949185 0)
(-0.0293151555981 -0.0810353784644 0)
(-0.0318375740671 -0.084432007229 0)
(-0.0345714561994 -0.0875870175497 0)
(-0.0375253572896 -0.0904732510395 0)
(-0.0407074043995 -0.0930601939587 0)
(-0.0441249263082 -0.0953138554235 0)
(-0.0477840080459 -0.0971967008504 0)
(-0.0516889614742 -0.0986676612982 0)
(-0.0558417048147 -0.0996822441582 0)
(-0.060241046683 -0.100192775827 0)
(-0.0648818744019 -0.100148812278 0)
(-0.0697542526351 -0.0994977584109 0)
(-0.0748424471577 -0.0981857409321 0)
(-0.0801239003258 -0.0961587813819 0)
(-0.0855681998609 -0.0933643142153 0)
(-0.0911361009793 -0.0897530878336 0)
(-0.096778683163 -0.0852814717392 0)
(-0.102436745638 -0.0799141680324 0)
(-0.128391587502 -0.068149380012 0)
(-0.133697620249 -0.061139890952 0)
(-0.138731830756 -0.0533012181819 0)
(-0.143404004132 -0.0446692471448 0)
(-0.14762090311 -0.0353014424036 0)
(-0.151289428446 -0.0252782548445 0)
(-0.154320369413 -0.0147034996825 0)
(-0.15663255442 -0.00370345430803 0)
(-0.158157126364 0.00757549871338 0)
(-0.158841579373 0.0189707413758 0)
(-0.158653148644 0.0303086689064 0)
(-0.157581204232 0.0414109833251 0)
(-0.155638403714 0.0521015955976 0)
(-0.152860439434 0.0622136345992 0)
(-0.14930433705 0.0715959821197 0)
(-0.145045459656 0.0801187598105 0)
(-0.140173550163 0.0876773481803 0)
(-0.134788227914 0.0941947292717 0)
(-0.128994356788 0.0996221443484 0)
(-0.122897653107 0.103938219626 0)
(-0.116600822004 0.107146831738 0)
(-0.110200411065 0.109274053135 0)
(-0.103784466305 0.110364532257 0)
(-0.0974309864085 0.110477634301 0)
(-0.0912071066347 0.109683613288 0)
(-0.0851689041827 0.108060020257 0)
(-0.0793616984666 0.105688486574 0)
(-0.0738207177104 0.102651962105 0)
(-0.0685720125902 0.0990324393134 0)
(-0.0636335137494 0.0949091572221 0)
(-0.0590161491861 0.0903572534738 0)
(-0.0547249570191 0.0854468167337 0)
(-0.0507601472099 0.0802422836569 0)
(-0.0471180814744 0.0748021225563 0)
(-0.0437921534357 0.0691787479625 0)
(-0.0407735610448 0.0634186149525 0)
(-0.0380519706739 0.0575624482596 0)
(-0.0356160774224 0.0516455678702 0)
(-0.0334540694749 0.0456982794504 0)
(-0.0315540062303 0.039746304167 0)
(-0.029904120722 0.0338112280271 0)
(-0.0284930568958 0.0279109556661 0)
(-0.027310051839 0.0220601575768 0)
(-0.0263450722658 0.0162707030976 0)
(-0.0255889135937 0.01055207416 0)
(-0.0250332689089 0.00491175690928 0)
(-0.0246707740659 -0.000644390063049 0)
(-0.0244950341689 -0.00611179090793 0)
(-0.0245006357399 -0.0114868302602 0)
(-0.0246831480146 -0.0167665520376 0)
(-0.0250391160295 -0.021948377372 0)
(-0.0255660474462 -0.0270298394904 0)
(-0.026262394418 -0.0320083332453 0)
(-0.0271275312071 -0.0368808769669 0)
(-0.0281617277031 -0.0416438843845 0)
(-0.0293661184644 -0.0462929445124 0)
(-0.0307426663821 -0.0508226076129 0)
(-0.0322941195417 -0.0552261756454 0)
(-0.034023959328 -0.0594954959907 0)
(-0.0359363372579 -0.063620757708 0)
(-0.0380359974453 -0.0675902901737 0)
(-0.0403281809914 -0.0713903646803 0)
(-0.0428185079592 -0.0750050004693 0)
(-0.045512831947 -0.0784157777822 0)
(-0.0484170616461 -0.0816016618679 0)
(-0.0515369431919 -0.0845388435304 0)
(-0.0548777966499 -0.0872006037817 0)
(-0.0584441997092 -0.0895572125234 0)
(-0.0622396116849 -0.0915758739269 0)
(-0.066265931417 -0.0932207343378 0)
(-0.070522983779 -0.0944529720316 0)
(-0.0750079314922 -0.0952309919112 0)
(-0.0797146120831 -0.0955107520602 0)
(-0.0846328043867 -0.095246252633 0)
(-0.0897474353331 -0.0943902204118 0)
(-0.0950377461618 -0.0928950238007 0)
(-0.100476447881 -0.0907138521471 0)
(-0.106028908801 -0.0878021888928 0)
(-0.111652432012 -0.0841195987151 0)
(-0.11729569704 -0.0796318328972 0)
(-0.122898455937 -0.0743132330755 0)
(-0.147233700284 -0.0628277939741 0)
(-0.152347697268 -0.0560710248625 0)
(-0.15714947198 -0.048569581527 0)
(-0.161555734109 -0.0403626575597 0)
(-0.165481827276 -0.0315083251383 0)
(-0.168844570351 -0.0220843919184 0)
(-0.171565523399 -0.0121883718017 0)
(-0.173574506832 -0.00193639443228 0)
(-0.174813139053 0.00853905338185 0)
(-0.175238104491 0.0190925621284 0)
(-0.174823844993 0.029570282659 0)
(-0.173564407319 0.0398151953693 0)
(-0.17147425403 0.0496728149073 0)
(-0.168587926327 0.0589969239333 0)
(-0.16495855305 0.0676548933587 0)
(-0.160655335218 0.0755321701822 0)
(-0.155760254629 0.0825356182348 0)
(-0.150364320108 0.0885955422176 0)
(-0.144563674966 0.09366637177 0)
(-0.138455858594 0.097726107202 0)
(-0.132136457565 0.100774722391 0)
(-0.125696308075 0.102831777486 0)
(-0.119219334058 0.103933512865 0)
(-0.112781036081 0.104129682149 0)
(-0.106447592603 0.10348034677 0)
(-0.100275499338 0.102052808125 0)
(-0.0943116527023 0.0999188039979 0)
(-0.0885937768873 0.0971520495075 0)
(-0.0831510974186 0.0938261627364 0)
(-0.0780051739175 0.0900129832762 0)
(-0.0731708181806 0.0857812683125 0)
(-0.0686570383864 0.0811957350037 0)
(-0.0644679645959 0.0763164085725 0)
(-0.0606037237285 0.0711982313783 0)
(-0.057061243305 0.0658908879292 0)
(-0.0538349722797 0.0604388031064 0)
(-0.0509175142749 0.0548812748379 0)
(-0.0483001736889 0.0492527072823 0)
(-0.0459734187213 0.0435829156869 0)
(-0.0439272676596 0.0378974790974 0)
(-0.0421516060629 0.0322181217518 0)
(-0.0406364430104 0.0265631081455 0)
(-0.0393721145858 0.0209476403705 0)
(-0.0383494423897 0.0153842493779 0)
(-0.0375598542667 0.00988317433184 0)
(-0.0369954736925 0.00445272626817 0)
(-0.0366491834629 -0.000900366120158 0)
(-0.0365146685163 -0.00617062948953 0)
(-0.0365864419288 -0.0113535376137 0)
(-0.0368598573714 -0.0164452211949 0)
(-0.0373311106185 -0.0214421945082 0)
(-0.0379972320438 -0.0263410973531 0)
(-0.0388560714382 -0.0311384506175 0)
(-0.0399062759179 -0.0358304236945 0)
(-0.04114726116 -0.0404126120326 0)
(-0.0425791756931 -0.0448798232367 0)
(-0.0442028574708 -0.0492258703427 0)
(-0.0460197814659 -0.0534433711898 0)
(-0.0480319965261 -0.0575235532048 0)
(-0.0502420492305 -0.0614560633975 0)
(-0.0526528919754 -0.0652287839716 0)
(-0.0552677720049 -0.0688276546977 0)
(-0.0580900975935 -0.0722365040926 0)
(-0.0611232771016 -0.0754368925302 0)
(-0.0643705261968 -0.0784079717142 0)
(-0.0678346381994 -0.0811263664766 0)
(-0.0715177123264 -0.0835660866696 0)
(-0.0754208346744 -0.0856984790017 0)
(-0.079543707174 -0.087492231016 0)
(-0.0838842206251 -0.0889134420055 0)
(-0.0884379694282 -0.089925778412 0)
(-0.0931977079559 -0.0904907340425 0)
(-0.098152751872 -0.0905680180364 0)
(-0.103288332314 -0.0901160956023 0)
(-0.108584916911 -0.0890929076721 0)
(-0.114017519269 -0.0874567951795 0)
(-0.119555027854 -0.0851676508865 0)
(-0.125159595941 -0.0821883156309 0)
(-0.130786146117 -0.0784862254924 0)
(-0.136382054664 -0.0740353006285 0)
(-0.141887091741 -0.0688180445466 0)
(-0.164632792934 -0.0576884757952 0)
(-0.169537193218 -0.0512237401895 0)
(-0.174096009777 -0.044092724489 0)
(-0.178232799441 -0.036336367366 0)
(-0.181871071642 -0.0280120332491 0)
(-0.184936813607 -0.0191939654468 0)
(-0.187361311893 -0.00997298496138 0)
(-0.189084119896 -0.000455315742524 0)
(-0.190055975944 0.00923952440421 0)
(-0.190241444394 0.0189817484274 0)
(-0.189621046216 0.0286351237561 0)
(-0.188192676128 0.038061383799 0)
(-0.185972160353 0.0471249472591 0)
(-0.182992879417 0.055697623058 0)
(-0.179304465897 0.0636629623026 0)
(-0.174970683279 0.0709199446874 0)
(-0.170066675278 0.0773857607485 0)
(-0.164675824565 0.0829975537711 0)
(-0.158886472161 0.0877130924954 0)
(-0.152788730046 0.0915104411096 0)
(-0.146471578842 0.0943867669748 0)
(-0.140020388582 0.0963564740568 0)
(-0.133514942432 0.0974488699169 0)
(-0.127027989464 0.0977055697605 0)
(-0.120624308779 0.0971778190891 0)
(-0.114360235797 0.0959238841779 0)
(-0.108283582139 0.0940066230741 0)
(-0.102433871662 0.0914913137756 0)
(-0.0968428146076 0.0884437838492 0)
(-0.0915349470911 0.0849288587462 0)
(-0.0865283720937 0.0810091251467 0)
(-0.0818355488734 0.0767439906546 0)
(-0.077464088818 0.0721890114365 0)
(-0.073417526346 0.0673954540591 0)
(-0.0696960428546 0.0624100558556 0)
(-0.0662971296589 0.0572749487158 0)
(-0.0632161822765 0.0520277134538 0)
(-0.0604470233624 0.0467015351871 0)
(-0.0579823552288 0.0413254339426 0)
(-0.0558141454093 0.0359245486385 0)
(-0.0539339503408 0.0305204563922 0)
(-0.0523331831304 0.0251315126181 0)
(-0.0510033317425 0.0197732005276 0)
(-0.0499361339079 0.014458481369 0)
(-0.0491237147623 0.00919813905624 0)
(-0.0485586927487 0.00400111475976 0)
(-0.0482342587423 -0.00112517142055 0)
(-0.0481442327326 -0.00617451333266 0)
(-0.0482831017571 -0.0111416268744 0)
(-0.0486460421471 -0.0160218732758 0)
(-0.0492289285418 -0.0208109969884 0)
(-0.050028331544 -0.0255048772543 0)
(-0.051041505346 -0.0300992922223 0)
(-0.0522663661327 -0.0345896943806 0)
(-0.053701461577 -0.0389709960935 0)
(-0.0553459312673 -0.0432373641484 0)
(-0.0571994574478 -0.0473820224125 0)
(-0.0592622049993 -0.0513970619983 0)
(-0.0615347491497 -0.0552732587222 0)
(-0.06401798896 -0.058999898129 0)
(-0.0667130442072 -0.0625646089511 0)
(-0.0696211328709 -0.0659532066064 0)
(-0.0727434260509 -0.0691495491995 0)
(-0.0760808768084 -0.0721354095249 0)
(-0.0796340191846 -0.0748903677757 0)
(-0.0834027335231 -0.0773917310559 0)
(-0.0873859742926 -0.0796144873815 0)
(-0.091581456932 -0.0815313036371 0)
(-0.095985300918 -0.0831125788866 0)
(-0.100591627402 -0.0843265664834 0)
(-0.105392111509 -0.085139580474 0)
(-0.110375491864 -0.0855163036952 0)
(-0.115527043314 -0.0854202165142 0)
(-0.120828023181 -0.0848141660296 0)
(-0.126255106946 -0.0836610953564 0)
(-0.131779835945 -0.0819249508267 0)
(-0.137368107429 -0.0795717809522 0)
(-0.142979745855 -0.0765710341117 0)
(-0.148568203112 -0.0728970514539 0)
(-0.15408044345 -0.0685307368138 0)
(-0.159457075098 -0.0634613662054 0)
(-0.180651688788 -0.0527474072368 0)
(-0.185337558174 -0.0466074765788 0)
(-0.189650631262 -0.0398735848605 0)
(-0.193521051049 -0.0325871557862 0)
(-0.196879945685 -0.0248038375839 0)
(-0.19966165354 -0.0165936669453 0)
(-0.201806147155 -0.00804059653858 0)
(-0.203261526736 0.00075869289428 0)
(-0.203986422717 0.00969672625618 0)
(-0.203952127991 0.0186578814675 0)
(-0.203144281171 0.02752164674 0)
(-0.201563947448 0.0361663159481 0)
(-0.199227988519 0.0444728991391 0)
(-0.196168670468 0.052328994917 0)
(-0.192432525543 0.059632364519 0)
(-0.188078554076 0.0662939707374 0)
(-0.183175912714 0.0722402989733 0)
(-0.177801272907 0.0774148515671 0)
(-0.172036045546 0.08177878575 0)
(-0.16596365656 0.0853107380869 0)
(-0.15966702985 0.0880059363318 0)
(-0.153226394547 0.0898747388534 0)
(-0.146717489985 0.090940760975 0)
(-0.140210199991 0.0912387485912 0)
(-0.133767612584 0.0908123463906 0)
(-0.127445474178 0.0897118858584 0)
(-0.121291989281 0.0879922914745 0)
(-0.11534790684 0.0857111758665 0)
(-0.109646831274 0.0829271687989 0)
(-0.104215698334 0.0796985024545 0)
(-0.0990753614445 0.0760818573253 0)
(-0.0942412417801 0.0721314593493 0)
(-0.0897240037191 0.0678984094118 0)
(-0.0855302257163 0.0634302204476 0)
(-0.0816630444081 0.0587705344427 0)
(-0.0781227565852 0.0539589909632 0)
(-0.0749073693883 0.0490312198023 0)
(-0.0720130936725 0.0440189323855 0)
(-0.069434779012 0.038950089254 0)
(-0.0671662914146 0.0338491239337 0)
(-0.065200836606 0.0287372065341 0)
(-0.0635312328916 0.0236325333232 0)
(-0.062150138234 0.0185506312132 0)
(-0.0610502364357 0.013504668481 0)
(-0.0602243872689 0.00850576511999 0)
(-0.059665745165 0.00356329799136 0)
(-0.0593678507 -0.00131480260596 0)
(-0.059324698664 -0.00612176712901 0)
(-0.0595307860091 -0.010851712991 0)
(-0.0599811424574 -0.0154993832884 0)
(-0.0606713460444 -0.0200598980328 0)
(-0.0615975253681 -0.0245285174881 0)
(-0.0627563498403 -0.0289004169852 0)
(-0.0641450087669 -0.0331704724664 0)
(-0.0657611796418 -0.0373330560099 0)
(-0.0676029856156 -0.0413818406845 0)
(-0.0696689416818 -0.0453096142677 0)
(-0.0719578887304 -0.049108101646 0)
(-0.0744689142343 -0.0527677960915 0)
(-0.0772012579658 -0.0562778000811 0)
(-0.0801542007988 -0.0596256769025 0)
(-0.0833269343418 -0.0627973149891 0)
(-0.0867184088853 -0.0657768077366 0)
(-0.0903271569594 -0.0685463525064 0)
(-0.0941510897146 -0.0710861736098 0)
(-0.0981872634017 -0.0733744752915 0)
(-0.102431613485 -0.0753874320881 0)
(-0.106878654459 -0.077099225408 0)
(-0.11152114431 -0.078482136706 0)
(-0.116349713864 -0.0795067091584 0)
(-0.121352463139 -0.0801419911598 0)
(-0.126514529265 -0.0803558761179 0)
(-0.131817633802 -0.0801155537005 0)
(-0.137239621281 -0.0793880876237 0)
(-0.142754005661 -0.0781411339019 0)
(-0.148329547043 -0.0763438108219 0)
(-0.153929887188 -0.0739677272593 0)
(-0.159513278902 -0.0709881688864 0)
(-0.165032450528 -0.0673854318531 0)
(-0.170434651885 -0.0631462804039 0)
(-0.175661930814 -0.0582654885938 0)
(-0.195349375224 -0.0480126079439 0)
(-0.199814573611 -0.042224507955 0)
(-0.203885047769 -0.0359088968472 0)
(-0.207497146446 -0.029106681753 0)
(-0.210588999661 -0.0218710363813 0)
(-0.213102467225 -0.014267363977 0)
(-0.214985213251 -0.00637272705831 0)
(-0.216192796944 0.00172530658371 0)
(-0.216690648929 0.0099304125046 0)
(-0.216455791789 0.0181398150874 0)
(-0.215478167728 0.0262470590984 0)
(-0.213761457561 0.0341451072097 0)
(-0.211323310993 0.041729586024 0)
(-0.208194953922 0.0489019819562 0)
(-0.204420190352 0.0555725860593 0)
(-0.200053868792 0.0616630064135 0)
(-0.195159927166 0.0671081069765 0)
(-0.189809159136 0.0718572859742 0)
(-0.184076855443 0.0758750657957 0)
(-0.178040467567 0.0791410215575 0)
(-0.171777421183 0.0816491209701 0)
(-0.165363178181 0.0834065802742 0)
(-0.158869613234 0.0844323585797 0)
(-0.152363738477 0.0847554168483 0)
(-0.145906781252 0.0844128606003 0)
(-0.13955359709 0.083448070488 0)
(-0.133352383795 0.0819089054757 0)
(-0.127344652532 0.0798460423404 0)
(-0.121565407336 0.0773114947525 0)
(-0.116043484314 0.0743573368295 0)
(-0.110802004918 0.0710346406196 0)
(-0.105858902697 0.0673926248313 0)
(-0.101227489155 0.0634780032049 0)
(-0.0969170308337 0.0593345149442 0)
(-0.0929333160335 0.0550026161403 0)
(-0.0892791953321 0.0505193096206 0)
(-0.0859550850331 0.0459180906845 0)
(-0.0829594268275 0.0412289872753 0)
(-0.0802891002605 0.0364786749285 0)
(-0.077939787144 0.0316906490276 0)
(-0.0759062889247 0.0268854392581 0)
(-0.0741827993035 0.0220808535 0)
(-0.0727631352336 0.0172922406509 0)
(-0.0716409298705 0.0125327639215 0)
(-0.0708097912206 0.00781367797615 0)
(-0.0702634301895 0.00314460488132 0)
(-0.0699957615441 -0.00146619483605 0)
(-0.0700009810075 -0.00601155860026 0)
(-0.0702736213512 -0.0104851673468 0)
(-0.0708085899549 -0.0148813012066 0)
(-0.0716011898937 -0.0191946057513 0)
(-0.0726471261996 -0.0234198688516 0)
(-0.0739424985309 -0.0275518079616 0)
(-0.07548378109 -0.0315848675043 0)
(-0.0772677902359 -0.03551302602 0)
(-0.0792916398727 -0.0393296128186 0)
(-0.0815526843346 -0.0430271340484 0)
(-0.0840484481516 -0.0465971083596 0)
(-0.0867765417604 -0.0500299126977 0)
(-0.0897345619357 -0.0533146392077 0)
(-0.0929199754524 -0.0564389647743 0)
(-0.0963299842845 -0.0593890353696 0)
(-0.0999613704912 -0.0621493681243 0)
(-0.103810318879 -0.0647027748908 0)
(-0.107872215586 -0.0670303120245 0)
(-0.112141420936 -0.0691112621543 0)
(-0.116611015332 -0.0709231548386 0)
(-0.121272517615 -0.0724418341684 0)
(-0.126115576309 -0.0736415825347 0)
(-0.131127635565 -0.0744953108458 0)
(-0.136293579443 -0.0749748263554 0)
(-0.141595360546 -0.0750511897946 0)
(-0.147011621997 -0.0746951735084 0)
(-0.152517325246 -0.0738778315325 0)
(-0.15808340036 -0.0725711907468 0)
(-0.163676439973 -0.0707490690748 0)
(-0.169258462897 -0.06838802185 0)
(-0.174786778094 -0.065468410627 0)
(-0.180213983729 -0.0619755796495 0)
(-0.18548813878 -0.0579011138413 0)
(-0.190553145119 -0.0532441387517 0)
(-0.208780573581 -0.043485763842 0)
(-0.213028288454 -0.0380715503198 0)
(-0.216863830529 -0.0321907237724 0)
(-0.220229301619 -0.0258828886489 0)
(-0.223069189336 -0.0191981855088 0)
(-0.225332066274 -0.0121971200289 0)
(-0.226972361418 -0.00494994778314 0)
(-0.227952111608 0.00246441592359 0)
(-0.228242587024 0.00995995995173 0)
(-0.227825679347 0.017445576121 0)
(-0.226694947154 0.0248274145534 0)
(-0.224856231149 0.0320114812411 0)
(-0.222327780491 0.0389063364995 0)
(-0.219139867544 0.0454257383815 0)
(-0.215333908401 0.0514910751633 0)
(-0.21096114585 0.0570334468749 0)
(-0.206080984573 0.0619952861698 0)
(-0.200759090579 0.066331449089 0)
(-0.195065376099 0.0700097504063 0)
(-0.189071987831 0.0730109603657 0)
(-0.1828514026 0.0753283152062 0)
(-0.176474713605 0.0769666200121 0)
(-0.170010165676 0.0779410379571 0)
(-0.163521972858 0.0782756652869 0)
(-0.157069428701 0.0780019879801 0)
(-0.150706300601 0.0771573061804 0)
(-0.144480485211 0.075783198554 0)
(-0.138433892405 0.0739240828696 0)
(-0.132602520117 0.0716259130893 0)
(-0.127016680836 0.0689350383683 0)
(-0.121701341819 0.0658972364379 0)
(-0.116676544256 0.0625569232819 0)
(-0.111957871028 0.0589565329128 0)
(-0.107556937598 0.0551360552926 0)
(-0.103481885597 0.0511327167335 0)
(-0.0997378633761 0.0469807851247 0)
(-0.0963274820685 0.0427114816995 0)
(-0.0932512393324 0.0383529814421 0)
(-0.0905079060106 0.0339304853124 0)
(-0.0880948733333 0.029466349008 0)
(-0.086008460159 0.024980254767 0)
(-0.0842441811052 0.0204894145718 0)
(-0.0827969773656 0.0160087949659 0)
(-0.0816614126106 0.0115513554264 0)
(-0.080831836698 0.00712829381645 0)
(-0.08030252004 0.00274929385303 0)
(-0.0800677614308 -0.00157722927395 0)
(-0.0801219719926 -0.00584388796211 0)
(-0.0804597376626 -0.0100440879295 0)
(-0.0810758623647 -0.0141718019437 0)
(-0.0819653936936 -0.0182213523502 0)
(-0.0831236326129 -0.0221872028245 0)
(-0.0845461283314 -0.0260637595288 0)
(-0.086228659193 -0.0298451817115 0)
(-0.0881672000897 -0.0335252017584 0)
(-0.0903578765955 -0.0370969547733 0)
(-0.0927969057262 -0.0405528179171 0)
(-0.0954805229485 -0.0438842599789 0)
(-0.0984048948171 -0.0470817019852 0)
(-0.101566016396 -0.0501343900645 0)
(-0.104959592441 -0.0530302822818 0)
(-0.108580901209 -0.0557559517467 0)
(-0.112424639685 -0.058296508961 0)
(-0.116484749098 -0.06063554712 0)
(-0.120754219715 -0.0627551148975 0)
(-0.125224874271 -0.0646357221159 0)
(-0.129887129858 -0.0662563845955 0)
(-0.134729738884 -0.0675947153725 0)
(-0.139739510736 -0.0686270702872 0)
(-0.144901017157 -0.0693287566247 0)
(-0.150196286099 -0.0696743139136 0)
(-0.155604491 -0.0696378760384 0)
(-0.161101645031 -0.0691936233282 0)
(-0.166660312855 -0.0683163320496 0)
(-0.172249355841 -0.0669820265568 0)
(-0.177833730177 -0.0651687359855 0)
(-0.183374360916 -0.0628573526192 0)
(-0.18882811812 -0.060032582728 0)
(-0.194147923635 -0.0566839726985 0)
(-0.199283017987 -0.0528069837204 0)
(-0.204179415721 -0.0484040774814 0)
(-0.220995539148 -0.039163543143 0)
(-0.225033117772 -0.0341410282027 0)
(-0.228644824312 -0.0287076341956 0)
(-0.231778022409 -0.0229010533279 0)
(-0.234382913248 -0.0167679910353 0)
(-0.236414013659 -0.0103639114058 0)
(-0.2378316673 -0.00375241430922 0)
(-0.238603511969 0.00299577297823 0)
(-0.238705817242 0.00980418134286 0)
(-0.238124604662 0.0165923252735 0)
(-0.236856469152 0.0232777012856 0)
(-0.234909035673 0.0297779660947 0)
(-0.232301008096 0.036013181849 0)
(-0.229061795689 0.0419080057915 0)
(-0.225230733475 0.0473937028603 0)
(-0.220855942669 0.0524098724536 0)
(-0.215992902491 0.0569058036026 0)
(-0.210702821957 0.0608414030281 0)
(-0.205050907976 0.0641876738675 0)
(-0.199104624582 0.0669267551241 0)
(-0.192932028501 0.0690515597331 0)
(-0.186600250972 0.0705650703015 0)
(-0.180174177075 0.0714793649795 0)
(-0.173715354327 0.0718144516328 0)
(-0.167281143973 0.0715969874226 0)
(-0.160924112641 0.0708589545853 0)
(-0.154691649625 0.0696363532901 0)
(-0.148625786275 0.067967960589 0)
(-0.142763188612 0.0658941920277 0)
(-0.137135291876 0.063456090549 0)
(-0.131768545787 0.0606944566138 0)
(-0.126684741018 0.0576491244381 0)
(-0.12190139039 0.0543583820523 0)
(-0.117432141902 0.0508585275266 0)
(-0.113287204603 0.047183550025 0)
(-0.109473772131 0.043364922101 0)
(-0.105996432302 0.0394314886047 0)
(-0.102857554314 0.0354094374399 0)
(-0.100057647823 0.0313223379563 0)
(-0.0975956903988 0.027191233781 0)
(-0.0954694216356 0.0230347781941 0)
(-0.0936756035796 0.0188694015957 0)
(-0.0922102481293 0.0147095020972 0)
(-0.091068812771 0.0105676517115 0)
(-0.0902463664572 0.0064548119597 0)
(-0.0897377276812 0.00238055393894 0)
(-0.0895375768901 -0.00164672103804 0)
(-0.0896405453454 -0.00561956319337 0)
(-0.0900412824253 -0.0095312606163 0)
(-0.0907345031797 -0.0133756317482 0)
(-0.0917150177309 -0.0171468250989 0)
(-0.0929777438652 -0.0208391269116 0)
(-0.0945177039034 -0.0244467772524 0)
(-0.096330006674 -0.0279637948586 0)
(-0.0984098151539 -0.0313838110401 0)
(-0.100752300094 -0.0346999129832 0)
(-0.103352579715 -0.037904496943 0)
(-0.106205645333 -0.0409891320255 0)
(-0.109306272618 -0.0439444355687 0)
(-0.112648918007 -0.0467599614956 0)
(-0.116227599718 -0.0494241034676 0)
(-0.12003576275 -0.0519240151795 0)
(-0.124066127301 -0.0542455507231 0)
(-0.128310520164 -0.0563732285787 0)
(-0.132759688892 -0.0582902234778 0)
(-0.137403098946 -0.059978391077 0)
(-0.142228714583 -0.0614183310737 0)
(-0.147222765065 -0.062589495038 0)
(-0.15236949876 -0.0634703457615 0)
(-0.157650929046 -0.0640385752821 0)
(-0.163046577527 -0.0642713888127 0)
(-0.168533221998 -0.0641458614964 0)
(-0.174084658799 -0.0636393740674 0)
(-0.179671491708 -0.0627301319869 0)
(-0.185260962113 -0.0613977702753 0)
(-0.190816837909 -0.0596240429179 0)
(-0.196299380968 -0.0573935912573 0)
(-0.201665414986 -0.0546947801286 0)
(-0.206868516565 -0.0515205836453 0)
(-0.211859352074 -0.0478694946901 0)
(-0.21658618064 -0.043746423629 0)
(-0.232040012081 -0.0350386547289 0)
(-0.235878035245 -0.0304220686789 0)
(-0.239279587122 -0.0254456018993 0)
(-0.242196786718 -0.0201445673677 0)
(-0.244584922251 -0.0145619543289 0)
(-0.246403735836 -0.00874812760365 0)
(-0.24761871313 -0.00276022292673 0)
(-0.248202313912 0.00333876988083 0)
(-0.248135074204 0.009481223835 0)
(-0.247406510623 0.0155963573922 0)
(-0.246015764085 0.0216119261424 0)
(-0.24397193295 0.0274560476439 0)
(-0.241294064211 0.0330590694703 0)
(-0.238010793681 0.0383553838163 0)
(-0.23415965011 0.0432850936296 0)
(-0.229786061123 0.047795445373 0)
(-0.224942118159 0.0518419611109 0)
(-0.219685171084 0.0553892255033 0)
(-0.214076329663 0.0584113085976 0)
(-0.208178948595 0.0608918301033 0)
(-0.202057166145 0.0628236926383 0)
(-0.195774555195 0.0642085284798 0)
(-0.189392931376 0.0650559157278 0)
(-0.182971347845 0.0653824253779 0)
(-0.176565291575 0.0652105611408 0)
(-0.170226083091 0.064567649943 0)
(-0.16400047093 0.0634847340735 0)
(-0.157930404216 0.0619955071179 0)
(-0.152052961481 0.0601353262238 0)
(-0.146400410991 0.0579403237357 0)
(-0.141000377065 0.0554466324786 0)
(-0.135876087588 0.0526897313498 0)
(-0.131046679798 0.0497039116235 0)
(-0.126527544016 0.0465218595205 0)
(-0.122330687929 0.0431743470887 0)
(-0.118465107062 0.0396900211301 0)
(-0.114937150018 0.0360952786145 0)
(-0.111750869763 0.032414216557 0)
(-0.108908354599 0.0286686444815 0)
(-0.106410034513 0.0248781482108 0)
(-0.10425496023 0.0210601946358 0)
(-0.102441053677 0.0172302682043 0)
(-0.100965329551 0.013402031044 0)
(-0.0998240884615 0.00958749981187 0)
(-0.0990130826457 0.00579723348676 0)
(-0.0985276555989 0.00204052737118 0)
(-0.098362857144 -0.00167439050128 0)
(-0.0985135355447 -0.00534016353594 0)
(-0.0989744082408 -0.00895011361417 0)
(-0.0997401126988 -0.0124980527223 0)
(-0.100805238737 -0.0159781004409 0)
(-0.102164343511 -0.0193845082266 0)
(-0.103811950175 -0.0227114911848 0)
(-0.10574253102 -0.0259530678969 0)
(-0.107950475703 -0.0291029088172 0)
(-0.110430045011 -0.0321541937994 0)
(-0.113175310409 -0.0350994794289 0)
(-0.116180079467 -0.037930577031 0)
(-0.11943780718 -0.0406384424935 0)
(-0.122941493061 -0.0432130793704 0)
(-0.126683563889 -0.0456434571272 0)
(-0.130655742001 -0.0479174468385 0)
(-0.134848899142 -0.0500217771429 0)
(-0.139252896043 -0.0519420137919 0)
(-0.143856408254 -0.0536625666794 0)
(-0.148646739167 -0.0551667287821 0)
(-0.153609621767 -0.0564367519485 0)
(-0.158729011453 -0.0574539649061 0)
(-0.163986873221 -0.0581989391477 0)
(-0.16936296774 -0.0586517084616 0)
(-0.174834642244 -0.0587920476782 0)
(-0.180376633838 -0.058599815649 0)
(-0.185960894614 -0.0580553664246 0)
(-0.191556449977 -0.0571400309481 0)
(-0.197129303503 -0.055836669228 0)
(-0.202642403583 -0.0541302897765 0)
(-0.208055688605 -0.0520087290572 0)
(-0.213326228413 -0.0494633787577 0)
(-0.21840847986 -0.046489942963 0)
(-0.223254673123 -0.0430892009693 0)
(-0.227815342664 -0.0392677448734 0)
(-0.241955263801 -0.0311006960499 0)
(-0.245606813677 -0.026901278988 0)
(-0.248813824292 -0.0223886922688 0)
(-0.251532663867 -0.0175955163318 0)
(-0.253723108439 -0.012560834923 0)
(-0.255349459312 -0.00732991588382 0)
(-0.256381645508 -0.0019536422312 0)
(-0.256796258059 0.00351230884304 0)
(-0.256577459952 0.00900852540817 0)
(-0.255717716845 0.0144731278355 0)
(-0.254218299793 0.0198431959505 0)
(-0.252089522169 0.0250562945518 0)
(-0.249350687919 0.0300520255102 0)
(-0.246029746004 0.0347735301513 0)
(-0.242162664573 0.0391688673915 0)
(-0.237792556207 0.0431922011508 0)
(-0.232968600538 0.0468047440862 0)
(-0.227744821173 0.0499754221233 0)
(-0.222178779269 0.0526812435909 0)
(-0.216330246256 0.0549073758734 0)
(-0.210259913582 0.0566469495732 0)
(-0.204028189039 0.0579006238504 0)
(-0.197694118543 0.058675956127 0)
(-0.191314460396 0.0589866245141 0)
(-0.184942927369 0.0588515524351 0)
(-0.178629601288 0.0582939826392 0)
(-0.17242051576 0.0573405429554 0)
(-0.166357395676 0.0560203396238 0)
(-0.160477537151 0.0543641066773 0)
(-0.154813808525 0.0524034323473 0)
(-0.149394751685 0.0501700763528 0)
(-0.144244763006 0.0476953855966 0)
(-0.139384334226 0.0450098104247 0)
(-0.134830335329 0.0421425193226 0)
(-0.130596323698 0.0391211066896 0)
(-0.126692866118 0.0359713860791 0)
(-0.123127862642 0.032717259901 0)
(-0.119906863558 0.029380655898 0)
(-0.11703337275 0.0259815205872 0)
(-0.114509132563 0.0225378601692 0)
(-0.112334386826 0.0190658200136 0)
(-0.110508119933 0.0155797946288 0)
(-0.109028270914 0.0120925609344 0)
(-0.107891922213 0.00861542859773 0)
(-0.107095463458 0.005158402126 0)
(-0.106634730944 0.00173035028794 0)
(-0.106505123798 -0.00166082076163 0)
(-0.106701697964 -0.00500799356669 0)
(-0.107219239207 -0.00830466696313 0)
(-0.108052316326 -0.0115447869737 0)
(-0.109195315709 -0.0147225823852 0)
(-0.110642458274 -0.0178324060784 0)
(-0.112387799717 -0.0208685829663 0)
(-0.114425214869 -0.0238252652645 0)
(-0.116748366809 -0.0266962957686 0)
(-0.119350661291 -0.029475079846 0)
(-0.12222518689 -0.0321544669516 0)
(-0.125364641215 -0.0347266426392 0)
(-0.128761243442 -0.03718303228 0)
(-0.132406633437 -0.0395142179809 0)
(-0.136291757723 -0.0417098705343 0)
(-0.140406742655 -0.0437586986153 0)
(-0.144740755321 -0.0456484178525 0)
(-0.149281852922 -0.0473657428294 0)
(-0.154016821745 -0.0488964055108 0)
(-0.158931007286 -0.0502252039889 0)
(-0.164008137703 -0.0513360858019 0)
(-0.169230143506 -0.0522122703322 0)
(-0.174576977318 -0.0528364149016 0)
(-0.180026438579 -0.0531908290922 0)
(-0.185554009328 -0.0532577414515 0)
(-0.191132708536 -0.0530196220287 0)
(-0.196732973911 -0.0524595630338 0)
(-0.202322581616 -0.0515617182492 0)
(-0.207866615706 -0.0503117995613 0)
(-0.213327500318 -0.0486976260804 0)
(-0.218665108488 -0.0467097177459 0)
(-0.223836961643 -0.0443419211208 0)
(-0.228798533272 -0.0415920503624 0)
(-0.233503668544 -0.0384625213313 0)
(-0.237905128612 -0.0349609517863 0)
(-0.250778200387 -0.0273368301991 0)
(-0.254258283709 -0.0235633528072 0)
(-0.257287798579 -0.0195195834513 0)
(-0.259826866364 -0.0152351062844 0)
(-0.261839183833 -0.0107449785549 0)
(-0.263292997545 -0.00608941299545 0)
(-0.264162049333 -0.00131325620288 0)
(-0.264426448677 0.00353473578362 0)
(-0.264073426345 0.00840281089414 0)
(-0.263097925699 0.0132372964269 0)
(-0.261502993694 0.0179837969005 0)
(-0.259299942843 0.022588464322 0)
(-0.256508267605 0.0269992836253 0)
(-0.253155312723 0.031167313039 0)
(-0.249275705791 0.0350478208693 0)
(-0.244910580209 0.0386012665754 0)
(-0.240106626438 0.0417940844346 0)
(-0.234915017878 0.0445992414383 0)
(-0.229390262235 0.0469965558671 0)
(-0.223589029706 0.0489727777469 0)
(-0.217569006115 0.0505214457575 0)
(-0.211387812971 0.0516425460867 0)
(-0.20510202823 0.0523420066011 0)
(-0.198766332299 0.0526310643063 0)
(-0.192432794439 0.0525255455533 0)
(-0.186150305955 0.0520450972367 0)
(-0.179964158934 0.0512124039098 0)
(-0.173915763103 0.0500524209611 0)
(-0.16804248881 0.0485916483899 0)
(-0.162377621044 0.0468574638346 0)
(-0.156950407757 0.0448775277943 0)
(-0.151786185251 0.0426792687617 0)
(-0.146906563812 0.0402894514629 0)
(-0.142329657873 0.0377338276809 0)
(-0.138070346548 0.0350368662463 0)
(-0.134140552154 0.0322215566697 0)
(-0.130549526266 0.0293092794945 0)
(-0.127304134687 0.0263197356593 0)
(-0.12440913449 0.0232709268572 0)
(-0.121867437857 0.0201791789753 0)
(-0.119680358869 0.0170592010714 0)
(-0.117847840542 0.0139241729118 0)
(-0.116368660416 0.0107858547832 0)
(-0.115240613783 0.00765471404113 0)
(-0.114460674252 0.00454006360664 0)
(-0.114025131808 0.00145020836057 0)
(-0.113929708872 -0.00160740394357 0)
(-0.114169655064 -0.00462603001199 0)
(-0.114739821524 -0.00759947882071 0)
(-0.115634715719 -0.0105219616903 0)
(-0.116848537637 -0.0133879460461 0)
(-0.118375198298 -0.0161920140051 0)
(-0.12020832141 -0.0189287267358 0)
(-0.122341228947 -0.0215924954141 0)
(-0.124766911372 -0.0241774595491 0)
(-0.127477983121 -0.0266773734782 0)
(-0.130466623936 -0.0290855019108 0)
(-0.133724506591 -0.0313945255447 0)
(-0.137242711535 -0.0335964579786 0)
(-0.141011629024 -0.0356825753849 0)
(-0.145020849374 -0.0376433606937 0)
(-0.149259042102 -0.0394684643569 0)
(-0.153713824934 -0.0411466840961 0)
(-0.158371623919 -0.0426659663797 0)
(-0.163217526254 -0.0440134327066 0)
(-0.168235127926 -0.045175434063 0)
(-0.17340637879 -0.0461376371448 0)
(-0.178711428475 -0.046885146061 0)
(-0.184128477236 -0.0474026632057 0)
(-0.189633636879 -0.0476746927664 0)
(-0.195200807829 -0.0476857898577 0)
(-0.200801579553 -0.0474208574778 0)
(-0.206405162644 -0.0468654923153 0)
(-0.211978361918 -0.0460063788347 0)
(-0.217485600821 -0.0448317289833 0)
(-0.222889008086 -0.0433317622838 0)
(-0.22814857785 -0.0414992180033 0)
(-0.23322241412 -0.0393298875894 0)
(-0.238067069384 -0.0368231517524 0)
(-0.242637985185 -0.0339825026602 0)
(-0.246890039364 -0.0308160279671 0)
(-0.258541496484 -0.0237323250794 0)
(-0.261866591551 -0.0203915411648 0)
(-0.26473670613 -0.0168199596949 0)
(-0.267115234383 -0.013043974511 0)
(-0.268969260169 -0.00909454501138 0)
(-0.270270410441 -0.00500689465542 0)
(-0.270995670207 -0.000820043980904 0)
(-0.271128122175 0.00342381863577 0)
(-0.270657573876 0.00768011539214 0)
(-0.269581037407 0.011902783459 0)
(-0.267903032088 0.0160452727678 0)
(-0.265635688153 0.0200615968477 0)
(-0.26279863955 0.0239073912017 0)
(-0.259418705283 0.0275409317562 0)
(-0.255529370384 0.0309240674969 0)
(-0.251170088655 0.0340230264667 0)
(-0.246385438542 0.0368090623411 0)
(-0.241224170334 0.0392589190241 0)
(-0.235738186602 0.0413551020641 0)
(-0.22998149847 0.0430859570829 0)
(-0.224009198097 0.0444455658428 0)
(-0.217876483109 0.04543347926 0)
(-0.21163776247 0.0460543131106 0)
(-0.205345865949 0.046317236158 0)
(-0.19905137181 0.0462353820184 0)
(-0.192802060134 0.0458252155533 0)
(-0.18664249269 0.0451058823346 0)
(-0.180613714903 0.0440985662467 0)
(-0.174753071255 0.0428258760457 0)
(-0.169094122486 0.0413112771213 0)
(-0.16366665111 0.039578580153 0)
(-0.15849674095 0.0376514941122 0)
(-0.153606916315 0.0355532472933 0)
(-0.149016327106 0.0333062768959 0)
(-0.144740967135 0.0309319851507 0)
(-0.140793914315 0.02845055807 0)
(-0.137185582846 0.0258808415829 0)
(-0.133923979048 0.0232402689878 0)
(-0.131014953983 0.0205448332606 0)
(-0.128462447391 0.0178090977014 0)
(-0.126268718702 0.0150462386069 0)
(-0.124434562004 0.0122681140416 0)
(-0.122959502751 0.00948535329511 0)
(-0.121841974798 0.00670746219068 0)
(-0.121079476953 0.00394294001138 0)
(-0.120668708763 0.00119940441276 0)
(-0.120605685582 -0.0015162787516 0)
(-0.120885833298 -0.00419786324591 0)
(-0.121504063238 -0.00683959000978 0)
(-0.122454827946 -0.00943605617401 0)
(-0.123732158546 -0.0119820869312 0)
(-0.125329684482 -0.0144726114123 0)
(-0.127240636409 -0.0169025435455 0)
(-0.129457832981 -0.0192666687637 0)
(-0.131973652305 -0.021559537377 0)
(-0.134779988764 -0.0237753654473 0)
(-0.137868195938 -0.0259079440644 0)
(-0.141229016359 -0.0279505580454 0)
(-0.144852498855 -0.0298959152446 0)
(-0.148727904341 -0.031736087863 0)
(-0.152843601005 -0.033462467383 0)
(-0.157186950032 -0.0350657350105 0)
(-0.161744183223 -0.0365358497765 0)
(-0.166500274148 -0.0378620567102 0)
(-0.1714388049 -0.0390329177443 0)
(-0.176541830904 -0.0400363682045 0)
(-0.18178974682 -0.0408598018648 0)
(-0.187161157202 -0.0414901875722 0)
(-0.192632756262 -0.0419142203254 0)
(-0.198179221892 -0.0421185093884 0)
(-0.203773129893 -0.0420898054934 0)
(-0.20938489522 -0.0418152683783 0)
(-0.214982747833 -0.0412827747829 0)
(-0.220532751466 -0.040481265548 0)
(-0.225998874107 -0.0394011286037 0)
(-0.23134311925 -0.0380346123954 0)
(-0.236525726779 -0.0363762617073 0)
(-0.241505451625 -0.0344233649774 0)
(-0.246239927 -0.0321763991719 0)
(-0.250686116811 -0.029639455281 0)
(-0.254800858858 -0.0268206247639 0)
(-0.265273741603 -0.0202709817273 0)
(-0.268461443674 -0.0173680166349 0)
(-0.271191013447 -0.0142708057796 0)
(-0.27342865589 -0.0110024122685 0)
(-0.275144340799 -0.00758966122791 0)
(-0.276312555217 -0.00406286476904 0)
(-0.276913011001 -0.000455414066339 0)
(-0.276931276603 0.00319675728351 0)
(-0.276359302501 0.00685582680565 0)
(-0.275195812191 0.0104828340845 0)
(-0.273446535333 0.0140385025385 0)
(-0.271124266298 0.0174840997855 0)
(-0.268248739629 0.0207823006567 0)
(-0.264846323111 0.0238980156544 0)
(-0.26094953857 0.0267991490443 0)
(-0.256596429341 0.0294572547526 0)
(-0.251829800749 0.0318480644255 0)
(-0.24669636549 0.0339518698386 0)
(-0.241245828918 0.0357537505276 0)
(-0.235529950006 0.0372436462796 0)
(-0.229601612198 0.0384162822257 0)
(-0.223513934881 0.0392709611174 0)
(-0.217319451339 0.0398112425649 0)
(-0.211069373235 0.0400445323723 0)
(-0.204812955536 0.0399816066384 0)
(-0.198596969832 0.0396360951741 0)
(-0.192465288466 0.0390239473013 0)
(-0.186458577212 0.0381629005829 0)
(-0.180614090399 0.03707196985 0)
(-0.174965559569 0.0357709703626 0)
(-0.169543164819 0.0342800853634 0)
(-0.164373576938 0.0326194848733 0)
(-0.159480058063 0.0308089995011 0)
(-0.154882608846 0.0288678503982 0)
(-0.150598150749 0.0268144343299 0)
(-0.146640733064 0.0246661611604 0)
(-0.1430217554 0.0224393398427 0)
(-0.139750197604 0.02014910821 0)
(-0.136832850337 0.0178094014265 0)
(-0.134274540731 0.0154329538138 0)
(-0.132078348637 0.0130313288524 0)
(-0.130245810021 0.0106149724097 0)
(-0.128777104903 0.00819328461791 0)
(-0.127671228017 0.00577470626526 0)
(-0.126926140978 0.0033668160374 0)
(-0.126538905273 0.000976435427815 0)
(-0.126505795794 -0.00139026140718 0)
(-0.126822394942 -0.003727635144 0)
(-0.127483667599 -0.00603046805288 0)
(-0.128484017394 -0.00829385161485 0)
(-0.12981732486 -0.010513076312 0)
(-0.131476968132 -0.012683524697 0)
(-0.133455826896 -0.0148005686961 0)
(-0.135746270337 -0.0168594720023 0)
(-0.138340129879 -0.0188552983688 0)
(-0.14122865749 -0.020782826628 0)
(-0.144402470434 -0.0226364733098 0)
(-0.147851483337 -0.0244102238321 0)
(-0.151564828557 -0.0260975733739 0)
(-0.155530765951 -0.0276914787045 0)
(-0.159736583271 -0.029184322432 0)
(-0.164168488637 -0.0305678913419 0)
(-0.168811496768 -0.0318333707019 0)
(-0.173649310974 -0.0329713566084 0)
(-0.178664203267 -0.0339718886216 0)
(-0.183836895415 -0.0348245050606 0)
(-0.189146444209 -0.0355183233824 0)
(-0.194570134821 -0.0360421480256 0)
(-0.200083386705 -0.0363846079221 0)
(-0.20565967714 -0.0365343255459 0)
(-0.211270488145 -0.036480118827 0)
(-0.216885283131 -0.036211236493 0)
(-0.222471520148 -0.0357176263669 0)
(-0.227994709037 -0.0349902348315 0)
(-0.233418519916 -0.0340213340635 0)
(-0.238704950383 -0.0328048717473 0)
(-0.243814558279 -0.0313368358452 0)
(-0.248706765873 -0.0296156246978 0)
(-0.253340239815 -0.0276424103666 0)
(-0.257673348956 -0.0254214808637 0)
(-0.261664699275 -0.0229605449488 0)
(-0.270999586565 -0.0169354739563 0)
(-0.274068331118 -0.0144741535947 0)
(-0.276676753544 -0.0118526249453 0)
(-0.27879342652 -0.00909052061415 0)
(-0.280390734683 -0.00621051846142 0)
(-0.281445544146 -0.00323810030873 0)
(-0.281939822973 -0.000201205539579 0)
(-0.281861186412 0.00287021603883 0)
(-0.281203341487 0.00594474184225 0)
(-0.279966408083 0.00899008863029 0)
(-0.278157097872 0.0119737778338 0)
(-0.275788738175 0.0148638286654 0)
(-0.272881134757 0.017629450962 0)
(-0.26946027516 0.0202417089164 0)
(-0.265557881855 0.0226741280348 0)
(-0.26121083165 0.0249032207538 0)
(-0.256460463875 0.0269089108772 0)
(-0.251351804364 0.0286748429334 0)
(-0.245932734943 0.0301885691541 0)
(-0.240253138893 0.0314416134553 0)
(-0.234364051771 0.0324294180307 0)
(-0.228316844328 0.033151183491 0)
(-0.222162460404 0.0336096175995 0)
(-0.215950728011 0.0338106104147 0)
(-0.209729756783 0.0337628550266 0)
(-0.203545429976 0.0334774331847 0)
(-0.197440994447 0.032967384154 0)
(-0.191456747951 0.0322472733342 0)
(-0.185629819612 0.031332774819 0)
(-0.179994036746 0.0302402793869 0)
(-0.174579869294 0.0289865366418 0)
(-0.169414441939 0.027588337333 0)
(-0.164521603346 0.0260622394171 0)
(-0.159922041988 0.0244243392709 0)
(-0.155633438306 0.0226900876675 0)
(-0.151670643663 0.0208741487109 0)
(-0.148045877408 0.0189902988643 0)
(-0.144768934356 0.0170513624889 0)
(-0.141847396033 0.0150691798744 0)
(-0.139286840074 0.0130546035559 0)
(-0.137091043157 0.011017518722 0)
(-0.135262173763 0.00896688366842 0)
(-0.133800971875 0.00691078651882 0)
(-0.132706913487 0.00485651475715 0)
(-0.131978358359 0.00281063448544 0)
(-0.131612680036 0.000779076696398 0)
(-0.131606377545 -0.0012327717832 0)
(-0.131955168552 -0.00321997467502 0)
(-0.132654064022 -0.00517795164387 0)
(-0.133697424664 -0.00710238412251 0)
(-0.13507899958 -0.00898912275799 0)
(-0.136791947692 -0.010834097493 0)
(-0.138828842595 -0.0126332311688 0)
(-0.141181661575 -0.014382357449 0)
(-0.143841759602 -0.0160771438288 0)
(-0.146799829167 -0.0177130204959 0)
(-0.150045846916 -0.0192851158522 0)
(-0.15356900812 -0.0207881995838 0)
(-0.157357650145 -0.0222166342738 0)
(-0.161399166213 -0.0235643366846 0)
(-0.165679910927 -0.0248247499851 0)
(-0.170185099272 -0.0259908283584 0)
(-0.174898701035 -0.0270550355819 0)
(-0.179803332928 -0.0280093593157 0)
(-0.184880151028 -0.0288453429524 0)
(-0.190108746605 -0.0295541369512 0)
(-0.195467048792 -0.0301265715825 0)
(-0.200931238105 -0.0305532529264 0)
(-0.206475675288 -0.0308246837694 0)
(-0.212072850473 -0.0309314107048 0)
(-0.21769335813 -0.030864198236 0)
(-0.223305903703 -0.0306142299851 0)
(-0.228877348133 -0.0301733362009 0)
(-0.234372796606 -0.0295342456289 0)
(-0.239755737815 -0.0286908584547 0)
(-0.244988239636 -0.0276385354762 0)
(-0.250031206385 -0.0263743969449 0)
(-0.254844701677 -0.0248976227038 0)
(-0.259388339247 -0.0232097434424 0)
(-0.263621741905 -0.0213149112126 0)
(-0.26750506613 -0.0192201359662 0)
(-0.27573988183 -0.0137076174542 0)
(-0.278708729078 -0.0116907427104 0)
(-0.281215781252 -0.00954559776417 0)
(-0.283231553619 -0.00728831534008 0)
(-0.284730401215 -0.00493742756989 0)
(-0.285691121855 -0.0025136634803 0)
(-0.286097507465 -3.9665312239e-05 0)
(-0.285938821191 0.00246037226266 0)
(-0.285210178885 0.00496113155747 0)
(-0.283912816029 0.00743665714563 0)
(-0.282054225026 0.00986088039808 0)
(-0.279648152771 0.0122081636908 0)
(-0.276714454335 0.0144538428482 0)
(-0.273278804952 0.0165747459023 0)
(-0.269372278921 0.0185496672097 0)
(-0.26503080996 0.0203597783289 0)
(-0.260294552592 0.0219889606058 0)
(-0.255207167929 0.0234240488543 0)
(-0.249815059527 0.0246549804441 0)
(-0.244166585726 0.0256748491156 0)
(-0.238311274146 0.0264798675344 0)
(-0.23229906193 0.0270692466539 0)
(-0.226179582254 0.0274450031378 0)
(-0.220001513762 0.0276117082858 0)
(-0.213812005439 0.0275761930717 0)
(-0.207656185115 0.0273472241197 0)
(-0.201576755746 0.0269351648323 0)
(-0.195613679941 0.0263516346258 0)
(-0.189803950037 0.0256091775018 0)
(-0.184181438528 0.0247209491901 0)
(-0.17877682173 0.023700429995 0)
(-0.173617568296 0.0225611684069 0)
(-0.168727983439 0.0213165586238 0)
(-0.164129299485 0.0199796534145 0)
(-0.159839803498 0.0185630123248 0)
(-0.155874993146 0.0170785840568 0)
(-0.152247752658 0.0155376209771 0)
(-0.148968541475 0.0139506230853 0)
(-0.146045589126 0.0123273083796 0)
(-0.143485090703 0.0106766063637 0)
(-0.141291398252 0.0090066714026 0)
(-0.139467204184 0.00732491272133 0)
(-0.138013713632 0.00563803802058 0)
(-0.136930803339 0.00395210792005 0)
(-0.136217165291 0.00227259871547 0)
(-0.135870433857 0.000604471223705 0)
(-0.13588729559 -0.00104775622549 0)
(-0.136263581291 -0.00267993231982 0)
(-0.136994340169 -0.00428819623936 0)
(-0.138073896242 -0.0058689012845 0)
(-0.139495887275 -0.00741853968286 0)
(-0.141253286749 -0.00893366945738 0)
(-0.143338409461 -0.0104108441338 0)
(-0.145742901491 -0.0118465459945 0)
(-0.14845771536 -0.0132371235549 0)
(-0.151473071309 -0.0145787339378 0)
(-0.154778405754 -0.0158672908557 0)
(-0.158362308055 -0.0170984189677 0)
(-0.162212446927 -0.0182674154643 0)
(-0.166315487948 -0.0193692198314 0)
(-0.170657003838 -0.0203983928618 0)
(-0.175221379425 -0.0213491061012 0)
(-0.179991713446 -0.0222151430296 0)
(-0.184949719707 -0.0229899133811 0)
(-0.190075630394 -0.023666482082 0)
(-0.195348104793 -0.0242376143149 0)
(-0.200744146999 -0.0246958381993 0)
(-0.206239036695 -0.025033526472 0)
(-0.211806277437 -0.0252429983596 0)
(-0.217417567333 -0.0253166425212 0)
(-0.223042797292 -0.0252470614938 0)
(-0.228650082331 -0.0250272374727 0)
(-0.234205831516 -0.0246507184989 0)
(-0.239674862088 -0.0241118231909 0)
(-0.245020563032 -0.0234058610685 0)
(-0.250205112801 -0.022529364276 0)
(-0.255189755007 -0.0214803251769 0)
(-0.259935134596 -0.0202584329041 0)
(-0.264401695371 -0.0188653006035 0)
(-0.268550137564 -0.017304673895 0)
(-0.272341931664 -0.0155826101284 0)
(-0.279511802225 -0.0105685832298 0)
(-0.282400269378 -0.00899815421921 0)
(-0.284825988583 -0.00732969563623 0)
(-0.286761008638 -0.00557579332064 0)
(-0.288181233217 -0.00375084295669 0)
(-0.289066972379 -0.00187088975993 0)
(-0.289403440779 4.65920521489e-05 0)
(-0.289181182822 0.00198297657495 0)
(-0.288396406329 0.00391881369266 0)
(-0.287051208697 0.00583419700782 0)
(-0.285153683065 0.00770915980387 0)
(-0.282717896477 0.0095240845263 0)
(-0.279763737142 0.0112601100086 0)
(-0.276316633402 0.0128995203819 0)
(-0.272407152475 0.0144261003518 0)
(-0.268070492101 0.0158254432563 0)
(-0.263345882484 0.0170852008962 0)
(-0.258275919211 0.0181952673295 0)
(-0.25290584981 0.0191478923856 0)
(-0.247282837365 0.0199377242746 0)
(-0.241455224046 0.020561784088 0)
(-0.235471815798 0.0210193779572 0)
(-0.22938120683 0.0213119550006 0)
(-0.223231159397 0.021442920851 0)
(-0.217068050731 0.0214174174791 0)
(-0.210936395312 0.0212420802616 0)
(-0.204878447052 0.0209247828756 0)
(-0.198933882653 0.0204743797337 0)
(-0.193139564522 0.0199004544639 0)
(-0.187529379221 0.0192130815003 0)
(-0.182134145577 0.0184226063174 0)
(-0.176981585249 0.0175394483146 0)
(-0.172096347686 0.0165739289211 0)
(-0.167500081053 0.0155361262036 0)
(-0.163211540607 0.0144357561591 0)
(-0.15924672633 0.013282079973 0)
(-0.155619042059 0.012083835831 0)
(-0.152339469035 0.0108491933709 0)
(-0.14941674752 0.00958572853158 0)
(-0.146857560916 0.00830041638235 0)
(-0.14466671764 0.00699963946034 0)
(-0.142847326762 0.00568920918875 0)
(-0.141400964165 0.00437439806593 0)
(-0.140327826634 0.00305998048155 0)
(-0.139626871911 0.00175028021355 0)
(-0.139295943243 0.000449222871899 0)
(-0.139331877456 -0.000839608234043 0)
(-0.139730595929 -0.00211291412299 0)
(-0.1404871782 -0.00336762119605 0)
(-0.141595918209 -0.00460082228722 0)
(-0.143050363384 -0.00580971853944 0)
(-0.144843336998 -0.00699156282509 0)
(-0.146966944371 -0.00814360534893 0)
(-0.149412563628 -0.00926304201638 0)
(-0.152170821868 -0.010346966124 0)
(-0.155231557725 -0.011392323929 0)
(-0.158583771423 -0.0123958746781 0)
(-0.162215563599 -0.0133541557176 0)
(-0.166114064296 -0.0142634533722 0)
(-0.170265353754 -0.0151197803509 0)
(-0.174654376801 -0.0159188605244 0)
(-0.179264852926 -0.0166561220027 0)
(-0.184079184369 -0.017326699524 0)
(-0.189078364875 -0.0179254472324 0)
(-0.194241892093 -0.0184469629687 0)
(-0.199547686973 -0.018885625208 0)
(-0.204972023838 -0.0192356437423 0)
(-0.210489475245 -0.0194911251082 0)
(-0.216072876012 -0.0196461535884 0)
(-0.221693311178 -0.0196948883503 0)
(-0.227320132823 -0.0196316769221 0)
(-0.232921010858 -0.0194511847202 0)
(-0.238462022859 -0.0191485397445 0)
(-0.243907787816 -0.0187194908269 0)
(-0.249221648261 -0.0181605769822 0)
(-0.254365904525 -0.0174693044721 0)
(-0.259302103863 -0.0166443271958 0)
(-0.263991385865 -0.0156856250037 0)
(-0.268394883833 -0.0145946735633 0)
(-0.272474179777 -0.0133745985619 0)
(-0.276191808325 -0.0120303064023 0)
(-0.282328954474 -0.00749906772048 0)
(-0.285156884625 -0.0063764617851 0)
(-0.287521481448 -0.00518475974629 0)
(-0.289395931659 -0.00393296982874 0)
(-0.290757284188 -0.00263136322253 0)
(-0.291586964056 -0.00129135821686 0)
(-0.291871231994 7.46371532317e-05 0)
(-0.291601572085 0.00145342136739 0)
(-0.290774991066 0.00283122984719 0)
(-0.289394215346 0.00419399274079 0)
(-0.287467775061 0.00552761145114 0)
(-0.285009968568 0.00681824391567 0)
(-0.282040705371 0.00805258783284 0)
(-0.278585230349 0.00921815087008 0)
(-0.274673736954 0.0103034974158 0)
(-0.270340881496 0.0112984626223 0)
(-0.265625214391 0.0121943262321 0)
(-0.26056854712 0.0129839408433 0)
(-0.25521527548 0.0136618116751 0)
(-0.249611680383 0.0142241273455 0)
(-0.243805227088 0.0146687434934 0)
(-0.237843882382 0.014995123109 0)
(-0.231775467049 0.0152042390631 0)
(-0.225647058162 0.0152984454882 0)
(-0.219504452629 0.0152813253309 0)
(-0.213391700075 0.0151575215948 0)
(-0.207350709917 0.0149325595795 0)
(-0.201420934443 0.0146126668651 0)
(-0.195639126995 0.01420459699 0)
(-0.190039172088 0.0137154618033 0)
(-0.184651982465 0.0131525764309 0)
(-0.179505456732 0.0125233197485 0)
(-0.174624490325 0.0118350122595 0)
(-0.170031032042 0.0110948123784 0)
(-0.165744178241 0.0103096313439 0)
(-0.161780296919 0.00948606634568 0)
(-0.158153174294 0.00863035095132 0)
(-0.154874176997 0.0077483215506 0)
(-0.151952423669 0.00684539829092 0)
(-0.149394960442 0.00592657883805 0)
(-0.147206935522 0.00499644324571 0)
(-0.145391768828 0.00405916823547 0)
(-0.143951313323 0.00311854926183 0)
(-0.142886005339 0.00217802884551 0)
(-0.142195001758 0.00124072979067 0)
(-0.141876302491 0.000309492046544 0)
(-0.141926857098 -0.000613087880825 0)
(-0.14234265484 -0.00152461591895 0)
(-0.143118797772 -0.00242285864335 0)
(-0.144249556793 -0.0033057014239 0)
(-0.1457284108 -0.0041711071121 0)
(-0.14754806931 -0.00501707580025 0)
(-0.14970047911 -0.00584160612564 0)
(-0.15217681563 -0.00664265855376 0)
(-0.154967459928 -0.00741812105501 0)
(-0.158061962263 -0.00816577758937 0)
(-0.161448993467 -0.008883279828 0)
(-0.16511628541 -0.00956812257086 0)
(-0.16905056208 -0.0102176233625 0)
(-0.173237462991 -0.0108289068581 0)
(-0.177661460849 -0.0113988945492 0)
(-0.182305775652 -0.0119243005158 0)
(-0.187152287707 -0.0124016339243 0)
(-0.192181452298 -0.0128272090336 0)
(-0.197372219127 -0.0131971634984 0)
(-0.202701959914 -0.0135074857546 0)
(-0.208146407942 -0.0137540522406 0)
(-0.213679613609 -0.0139326751252 0)
(-0.219273920377 -0.0140391610814 0)
(-0.224899965701 -0.0140693814446 0)
(-0.23052671173 -0.0140193538237 0)
(-0.236121510544 -0.0138853348817 0)
(-0.241650208624 -0.0136639235661 0)
(-0.247077294922 -0.0133521735531 0)
(-0.252366096374 -0.0129477130742 0)
(-0.257479023896 -0.0124488696416 0)
(-0.262377870853 -0.0118547964984 0)
(-0.26702416455 -0.011165596926 0)
(-0.271379569656 -0.0103824418959 0)
(-0.275406340449 -0.0095076759976 0)
(-0.279067816559 -0.00854490618617 0)
(-0.284201465185 -0.00447942987382 0)
(-0.286988923544 -0.00380553659824 0)
(-0.289312719079 -0.00309055420184 0)
(-0.291146791211 -0.0023398943654 0)
(-0.29246894463 -0.00155971475499 0)
(-0.293261338546 -0.000756848999496 0)
(-0.293510921182 6.1287624645e-05 0)
(-0.293209793069 0.000886815206113 0)
(-0.292355484148 0.00171152606358 0)
(-0.290951132017 0.00252703742803 0)
(-0.289005551809 0.003324954876 0)
(-0.286533191987 0.00409704066559 0)
(-0.283553974599 0.00483538067187 0)
(-0.280093023023 0.00553254353926 0)
(-0.276180284598 0.00618172598308 0)
(-0.271850059626 0.00677687886302 0)
(-0.267140451634 0.00731280966186 0)
(-0.262092756434 0.00778525825386 0)
(-0.256750809202 0.00819094423638 0)
(-0.251160309479 0.00852758551629 0)
(-0.245368143701 0.00879388918896 0)
(-0.239421723656 0.00898951692875 0)
(-0.233368357336 0.0091150280645 0)
(-0.227254666143 0.00917180419868 0)
(-0.221126059508 0.00916195963147 0)
(-0.21502627499 0.00908824198345 0)
(-0.208996988817 0.00895392730042 0)
(-0.20307749905 0.00876271361488 0)
(-0.197304480914 0.00851861648138 0)
(-0.19171181166 0.00822586944718 0)
(-0.18633046054 0.00788883181558 0)
(-0.181188438076 0.00751190544829 0)
(-0.176310797911 0.00709946176947 0)
(-0.17171968391 0.00665577960361 0)
(-0.167434415021 0.006184994019 0)
(-0.163471600397 0.00569105596548 0)
(-0.159845277631 0.0051777021947 0)
(-0.15656706738 0.00464843472803 0)
(-0.153646338245 0.00410650898541 0)
(-0.151090376437 0.00355492960046 0)
(-0.148904555433 0.00299645291156 0)
(-0.14709250153 0.00243359512435 0)
(-0.145656251884 0.00186864518051 0)
(-0.144596402224 0.00130368142879 0)
(-0.143912242066 0.000740591270208 0)
(-0.143601875711 0.000181093033708 0)
(-0.143662327853 -0.000373240576846 0)
(-0.144089632945 -0.000920958039533 0)
(-0.14487890792 -0.00146070407362 0)
(-0.146024408066 -0.00199119463189 0)
(-0.147519566207 -0.00251119219819 0)
(-0.149357015492 -0.00301948171549 0)
(-0.151528596338 -0.00351484743565 0)
(-0.154025348235 -0.00399605095792 0)
(-0.156837487278 -0.00446181071186 0)
(-0.159954370475 -0.00491078313982 0)
(-0.163364448018 -0.00534154584238 0)
(-0.167055204912 -0.00575258296774 0)
(-0.171013093514 -0.00614227315105 0)
(-0.17522345876 -0.00650888033884 0)
(-0.179670458103 -0.00685054786656 0)
(-0.184336978392 -0.00716529619031 0)
(-0.189204552273 -0.00745102470355 0)
(-0.19425327691 -0.00770551809281 0)
(-0.199461738211 -0.00792645769903 0)
(-0.204806944007 -0.00811143834709 0)
(-0.210264269981 -0.00825799108141 0)
(-0.215807422431 -0.00836361219382 0)
(-0.221408422192 -0.00842579884478 0)
(-0.227037614232 -0.0084420914564 0)
(-0.232663707562 -0.00841012288836 0)
(-0.238253850028 -0.00832767419472 0)
(-0.243773742395 -0.00819273649627 0)
(-0.249187795771 -0.00800357819307 0)
(-0.254459335783 -0.00775881638856 0)
(-0.259550856096 -0.00745749101062 0)
(-0.264424322741 -0.00709913971015 0)
(-0.269041529283 -0.00668387121686 0)
(-0.27336450121 -0.00621243445915 0)
(-0.27735594596 -0.00568628044475 0)
(-0.280979742886 -0.00510761368596 0)
(-0.285136047834 -0.00148980399144 0)
(-0.287903237375 -0.00126511980234 0)
(-0.290206617409 -0.00102680051507 0)
(-0.292020501925 -0.000776651089419 0)
(-0.293323071166 -0.000516723193083 0)
(-0.294096848708 -0.000249291781035 0)
(-0.29432912357 2.31763239162e-05 0)
(-0.294012301533 0.000298061309972 0)
(-0.293144171345 0.000572635766324 0)
(-0.291728073782 0.000844115247875 0)
(-0.2897729646 0.00110971234276 0)
(-0.2872933661 0.00136669231735 0)
(-0.284309206117 0.0016124282672 0)
(-0.280845547515 0.00184445367843 0)
(-0.276932215488 0.00206051040895 0)
(-0.272603333802 0.00225859032554 0)
(-0.267896784412 0.00243696916378 0)
(-0.262853607393 0.00259423158731 0)
(-0.257517359755 0.00272928687691 0)
(-0.251933452368 0.00284137514437 0)
(-0.246148483991 0.00293006440688 0)
(-0.240209590244 0.00299523924562 0)
(-0.23416382359 0.00303708208661 0)
(-0.228057577945 0.00305604836821 0)
(-0.221936068855 0.00305283699437 0)
(-0.21584287722 0.00302835751878 0)
(-0.209819561649 0.00298369547121 0)
(-0.203905341728 0.00292007713852 0)
(-0.198136852027 0.00283883496394 0)
(-0.192547964416 0.0027413745473 0)
(-0.187169674585 0.00262914403075 0)
(-0.182030047212 0.00250360645369 0)
(-0.177154213309 0.00236621546825 0)
(-0.172564412671 0.00221839463132 0)
(-0.168280074093 0.00206152033633 0)
(-0.164317926041 0.00189690832074 0)
(-0.160692130722 0.00172580358467 0)
(-0.157414434923 0.0015493734813 0)
(-0.154494331523 0.00136870368859 0)
(-0.151939226238 0.00118479674127 0)
(-0.149754604788 0.000998572789817 0)
(-0.147944196392 0.000810872253916 0)
(-0.146510130125 0.000622460050427 0)
(-0.14545308132 0.000434031095506 0)
(-0.144772405755 0.000246216805366 0)
(-0.144466259906 5.95923477143e-05 0)
(-0.144531706014 -0.000125315576166 0)
(-0.144964801108 -0.000308020611108 0)
(-0.14576066951 -0.000488068456551 0)
(-0.146913558625 -0.000665028548405 0)
(-0.148416878123 -0.000838485839421 0)
(-0.150263222807 -0.00100803278767 0)
(-0.152444379706 -0.00117326165133 0)
(-0.154951320095 -0.00133375717997 0)
(-0.157774177315 -0.00148908978868 0)
(-0.160902211448 -0.00163880930122 0)
(-0.16432376206 -0.00178243935085 0)
(-0.168026190427 -0.00191947253369 0)
(-0.171995812819 -0.00204936641703 0)
(-0.176217826671 -0.0021715405153 0)
(-0.180676231666 -0.00228537435646 0)
(-0.185353748052 -0.00239020677289 0)
(-0.19023173475 -0.00248533656004 0)
(-0.195290110137 -0.00257002465365 0)
(-0.200507278697 -0.00264349798002 0)
(-0.205860067014 -0.00270495513192 0)
(-0.211323672923 -0.00275357401379 0)
(-0.216871631894 -0.00278852158219 0)
(-0.222475804947 -0.00280896577815 0)
(-0.228106392595 -0.00281408970666 0)
(-0.233731979337 -0.00280310806223 0)
(-0.239319613201 -0.0027752857276 0)
(-0.244834924601 -0.00272995838526 0)
(-0.25024228837 -0.00266655487754 0)
(-0.255505032191 -0.00258462093436 0)
(-0.260585693789 -0.00248384375976 0)
(-0.265446328075 -0.00236407683517 0)
(-0.270048864043 -0.00222536416602 0)
(-0.274355509517 -0.00206796307673 0)
(-0.278329199968 -0.00189236455931 0)
(-0.281934085482 -0.00169931011319 0)
)
;

boundaryField
{
    left
    {
        type            cyclic;
    }
    right
    {
        type            cyclic;
    }
    bottom
    {
        type            cyclic;
    }
    top
    {
        type            cyclic;
    }
    frontAndBack
    {
        type            empty;
    }
}


// ************************************************************************* //
