/*--------------------------------*- C++ -*----------------------------------*\
| =========                 |                                                 |
| \\      /  F ield         | OpenFOAM: The Open Source CFD Toolbox           |
|  \\    /   O peration     | Version:  v2106                                 |
|   \\  /    A nd           | Website:  www.openfoam.com                      |
|    \\/     M anipulation  |                                                 |
\*---------------------------------------------------------------------------*/
FoamFile
{
    version     2.0;
    format      ascii;
    arch        "LSB;label=32;scalar=64";
    class       volVectorField;
    location    "5";
    object      U;
}
// * * * * * * * * * * * * * * * * * * * * * * * * * * * * * * * * * * * * * //

dimensions      [0 1 -1 0 0 0 0];

internalField   nonuniform List<vector> 
6561
(
(-0.175642908716 -0.00270424343964 0)
(-0.170364967374 -0.00256695900482 0)
(-0.165374413842 -0.002417723068 0)
(-0.160693633249 -0.00225800540746 0)
(-0.15634211215 -0.0020892245183 0)
(-0.152336556765 -0.00191273479155 0)
(-0.148691033262 -0.00172981709945 0)
(-0.14541712348 -0.0015416725262 0)
(-0.142524090088 -0.00134941893793 0)
(-0.140019045811 -0.00115409006005 0)
(-0.137907122059 -0.000956636721585 0)
(-0.136191632963 -0.000757929930718 0)
(-0.134874231504 -0.000558765460403 0)
(-0.133955055032 -0.000359869644685 0)
(-0.133432858046 -0.000161906112559 0)
(-0.133305130637 3.45167858416e-05 0)
(-0.133568201456 0.000228838077064 0)
(-0.134217324447 0.000420535975305 0)
(-0.135246748976 0.000609119570428 0)
(-0.136649773262 0.000794120534605 0)
(-0.138418781275 0.000975084970748 0)
(-0.140545263515 0.00115156551083 0)
(-0.143019822271 0.00132311376134 0)
(-0.145832162141 0.00148927318627 0)
(-0.148971066787 0.00164957251487 0)
(-0.152424363039 0.00180351976146 0)
(-0.156178873676 0.00195059694863 0)
(-0.160220360364 0.00209025563122 0)
(-0.16453345845 0.00222191332658 0)
(-0.169101605528 0.00234495096735 0)
(-0.173906965934 0.00245871150289 0)
(-0.178930353584 0.002562499786 0)
(-0.184151155869 0.00265558389084 0)
(-0.189547261596 0.00273719801328 0)
(-0.195094996303 0.0028065471074 0)
(-0.200769068555 0.00286281340719 0)
(-0.206542531138 0.00290516497047 0)
(-0.212386761338 0.00293276636058 0)
(-0.218271464678 0.00294479154728 0)
(-0.224164706631 0.00294043906206 0)
(-0.230032976849 0.00291894938054 0)
(-0.235841290335 0.00287962442736 0)
(-0.24155332968 0.00282184900509 0)
(-0.247131632025 0.00274511383957 0)
(-0.252537823659 0.00264903981281 0)
(-0.257732904199 0.00253340282341 0)
(-0.262677581043 0.00239815858084 0)
(-0.26733265327 0.00224346651011 0)
(-0.271659442381 0.00206971182797 0)
(-0.275620265272 0.0018775247608 0)
(-0.279178942721 0.00166779582095 0)
(-0.282301334391 0.00144168605342 0)
(-0.284955889232 0.00120063122041 0)
(-0.287114198119 0.000946339014847 0)
(-0.288751533894 0.000680778591762 0)
(-0.28984736276 0.000406161974177 0)
(-0.290385810349 0.000124917224214 0)
(-0.290356065926 -0.00016034634761 0)
(-0.289752709128 -0.00044688025199 0)
(-0.288575945391 -0.000731845075907 0)
(-0.286831738855 -0.00101236345067 0)
(-0.284531834844 -0.00128557594451 0)
(-0.281693667899 -0.00154869786651 0)
(-0.278340155599 -0.00179907485853 0)
(-0.274499382752 -0.002034235169 0)
(-0.270204184682 -0.00225193664878 0)
(-0.265491642144 -0.00245020677501 0)
(-0.260402503456 -0.00262737437322 0)
(-0.254980551733 -0.00278209214115 0)
(-0.249271936455 -0.00291334954611 0)
(-0.243324488966 -0.0030204761349 0)
(-0.237187040967 -0.00310313572836 0)
(-0.23090876367 -0.0031613123458 0)
(-0.22453854325 -0.00319528899551 0)
(-0.218124405648 -0.00320562066935 0)
(-0.211713000947 -0.00319310298691 0)
(-0.205349154535 -0.00315873795513 0)
(-0.199075489354 -0.00310369825333 0)
(-0.192932120763 -0.00302929133577 0)
(-0.186956423112 -0.00293692448131 0)
(-0.181182865026 -0.00282807172959 0)
(-0.174872846569 -0.00811371165372 0)
(-0.169593310998 -0.00770158504522 0)
(-0.164601665492 -0.00725365212792 0)
(-0.159920189511 -0.00677432956785 0)
(-0.155568251689 -0.0062678779061 0)
(-0.151562432528 -0.00573836323161 0)
(-0.1479166688 -0.00518962911653 0)
(-0.144642412995 -0.00462527801568 0)
(-0.141748801759 -0.00404866119704 0)
(-0.139242827955 -0.00346287619635 0)
(-0.137129511679 -0.00287077076525 0)
(-0.135412066267 -0.00227495229899 0)
(-0.134092056005 -0.00167780177582 0)
(-0.133169542886 -0.00108149130737 0)
(-0.132643220328 -0.00048800447958 0)
(-0.1325105323 0.000100841251012 0)
(-0.132767776758 0.000683370753258 0)
(-0.133410192673 0.00125802657487 0)
(-0.13443203032 0.00182334394225 0)
(-0.13582660474 0.00237792582837 0)
(-0.137586332597 0.00292041845463 0)
(-0.139702752825 0.00344948754766 0)
(-0.142166531686 0.00396379563905 0)
(-0.144967453022 0.0044619806761 0)
(-0.148094394655 0.00494263620121 0)
(-0.151535292054 0.00540429335949 0)
(-0.155277090561 0.00584540500497 0)
(-0.159305687632 0.00626433219484 0)
(-0.163605866775 0.00665933338697 0)
(-0.168161225047 0.00702855668659 0)
(-0.172954096252 0.00737003552019 0)
(-0.17796547219 0.00768168814681 0)
(-0.183174924655 0.00796132144433 0)
(-0.188560531128 0.00820663942813 0)
(-0.194098807455 0.00841525696573 0)
(-0.199764651119 0.00858471914095 0)
(-0.205531298994 0.00871252668597 0)
(-0.211370303786 0.00879616783676 0)
(-0.217251533569 0.00883315686882 0)
(-0.223143198983 0.00882107943127 0)
(-0.229011912724 0.00875764461334 0)
(-0.234822785857 0.0086407434456 0)
(-0.240539565249 0.00846851325684 0)
(-0.246124815937 0.00823940698078 0)
(-0.251540151585 0.007952266139 0)
(-0.256746515193 0.00760639583106 0)
(-0.261704511026 0.00720163965489 0)
(-0.266374787195 0.00673845208506 0)
(-0.270718466515 0.00621796548 0)
(-0.274697621288 0.00564204860707 0)
(-0.278275785408 0.00501335340178 0)
(-0.281418494906 0.00433534665346 0)
(-0.284093845794 0.00361232346544 0)
(-0.286273055908 0.00284939970397 0)
(-0.287931015672 0.00205248123845 0)
(-0.289046811325 0.00122820858412 0)
(-0.289604203448 0.000383876567339 0)
(-0.289592043661 -0.000472670203624 0)
(-0.289004613205 -0.00133316402982 0)
(-0.287841868935 -0.00218905968639 0)
(-0.286109584879 -0.00303169440956 0)
(-0.283819380914 -0.0038524568821 0)
(-0.28098863418 -0.00464295909859 0)
(-0.27764027324 -0.00539520464733 0)
(-0.273802459557 -0.00610174699244 0)
(-0.269508165221 -0.00675583178183 0)
(-0.264794659821 -0.00735151801701 0)
(-0.259702922578 -0.00788377403386 0)
(-0.254276998251 -0.00834854556777 0)
(-0.248563316723 -0.00874279460812 0)
(-0.24260999653 -0.00906450917438 0)
(-0.236466152009 -0.0093126854675 0)
(-0.23018122224 -0.00948728498455 0)
(-0.223804337822 -0.00958917006928 0)
(-0.217383738796 -0.00962002197782 0)
(-0.21096625405 -0.00958224585993 0)
(-0.204596849441 -0.00947886711012 0)
(-0.19831824881 -0.00931342336434 0)
(-0.192170629252 -0.009089856053 0)
(-0.186191389497 -0.00881240492137 0)
(-0.18041498811 -0.00848550834567 0)
(-0.173332146054 -0.0135259781144 0)
(-0.168049715263 -0.012838189247 0)
(-0.163056177539 -0.0120908855079 0)
(-0.158373597835 -0.0112914522918 0)
(-0.154021106121 -0.0104470071759 0)
(-0.150015029017 -0.00956433650498 0)
(-0.146369042445 -0.00864984922594 0)
(-0.143094338517 -0.00770954658691 0)
(-0.140199800516 -0.0067490060972 0)
(-0.137692180584 -0.00577337803164 0)
(-0.135576275469 -0.00478739273115 0)
(-0.133855096426 -0.00379537698764 0)
(-0.13253003004 -0.00280127788496 0)
(-0.131600987407 -0.00180869258682 0)
(-0.131066539685 -0.000820902701292 0)
(-0.130924038542 0.000159088002011 0)
(-0.131169720488 0.00112851359643 0)
(-0.131798794469 0.00208480465892 0)
(-0.132805512433 0.00302554639248 0)
(-0.134183222864 0.00394843690219 0)
(-0.13592440752 0.00485124622398 0)
(-0.138020701821 0.00573177662865 0)
(-0.140462899513 0.00658782466989 0)
(-0.143240942379 0.00741714541093 0)
(-0.146343895966 0.00821741924851 0)
(-0.149759912381 0.00898622175542 0)
(-0.153476181444 0.00972099698296 0)
(-0.15747887158 0.0104190346967 0)
(-0.16175306208 0.0110774520631 0)
(-0.166282668518 0.0116931803588 0)
(-0.171050363393 0.0122629573284 0)
(-0.176037494277 0.0127833258741 0)
(-0.181224002074 0.0132506398102 0)
(-0.186588342271 0.0136610774514 0)
(-0.192107412423 0.0140106638199 0)
(-0.197756489407 0.0142953022455 0)
(-0.203509180359 0.0145108160808 0)
(-0.209337391474 0.0146530011549 0)
(-0.215211319148 0.0147176894319 0)
(-0.221099468146 0.0147008241168 0)
(-0.226968701573 0.0145985461495 0)
(-0.232784327426 0.0144072916451 0)
(-0.238510226299 0.0141238993734 0)
(-0.24410902445 0.0137457268205 0)
(-0.249542315788 0.013270772759 0)
(-0.254770935464 0.0126978035805 0)
(-0.259755286522 0.0120264799464 0)
(-0.264455719591 0.0112574796285 0)
(-0.268832963775 0.0103926117888 0)
(-0.272848604803 0.00943491743857 0)
(-0.276465604203 0.00838875049461 0)
(-0.279648850809 0.00725983377237 0)
(-0.282365733421 0.00605528448202 0)
(-0.284586721106 0.00478360438179 0)
(-0.286285935513 0.00345463071326 0)
(-0.287441698006 0.00207944539966 0)
(-0.28803703342 0.000670241698367 0)
(-0.288060112093 -0.000759850513169 0)
(-0.287504612569 -0.00219697748786 0)
(-0.286369989135 -0.00362680689029 0)
(-0.284661631046 -0.00503479807727 0)
(-0.28239090393 -0.00640648814124 0)
(-0.279575068158 -0.00772778325128 0)
(-0.276237073769 -0.00898524420422 0)
(-0.272405236496 -0.0101663551575 0)
(-0.268112804213 -0.011259765265 0)
(-0.263397427459 -0.0122554943306 0)
(-0.258300551246 -0.0131450955184 0)
(-0.252866747946 -0.0139217704503 0)
(-0.24714301254 -0.0145804344979 0)
(-0.241178041869 -0.015117732544 0)
(-0.235021518798 -0.0155320077604 0)
(-0.22872342054 -0.0158232278996 0)
(-0.222333367946 -0.0159928751011 0)
(-0.21590002962 -0.016043806235 0)
(-0.209470591417 -0.015980091333 0)
(-0.20309029857 -0.0158068377204 0)
(-0.196802074385 -0.0155300071304 0)
(-0.190646216494 -0.0151562324332 0)
(-0.184660169008 -0.0146926397374 0)
(-0.178878366755 -0.0141466806124 0)
(-0.171019667369 -0.0189424209302 0)
(-0.165733629632 -0.0179776026849 0)
(-0.160737985145 -0.0169298102535 0)
(-0.156054469197 -0.015809433643 0)
(-0.15170184673 -0.01462647185 0)
(-0.147696057465 -0.0133904450979 0)
(-0.144050380966 -0.0121103315236 0)
(-0.140775614653 -0.0107945262568 0)
(-0.137880258534 -0.00945082054754 0)
(-0.135370701246 -0.00808639845808 0)
(-0.133251402792 -0.00670784860743 0)
(-0.131525070147 -0.0053211885266 0)
(-0.130192822628 -0.00393189931514 0)
(-0.129254344593 -0.00254496846945 0)
(-0.128708023616 -0.00116493895917 0)
(-0.128551072813 0.000204037157701 0)
(-0.128779636428 0.00155814207436 0)
(-0.129388878195 0.00289383382116 0)
(-0.130373052255 0.00420778720596 0)
(-0.131725556753 0.00549683505496 0)
(-0.13343897037 0.00675791056843 0)
(-0.135505072313 0.00798799149865 0)
(-0.137914846383 0.00918404678076 0)
(-0.140658469916 0.0103429862011 0)
(-0.143725288518 0.0114616136652 0)
(-0.147103777639 0.0125365846321 0)
(-0.150781492169 0.0135643683138 0)
(-0.154745005413 0.0145412152812 0)
(-0.158979838935 0.015463131188 0)
(-0.163470384985 0.0163258573983 0)
(-0.168199823446 0.0171248593895 0)
(-0.173150035474 0.0178553238823 0)
(-0.178301516296 0.0185121657322 0)
(-0.183633289973 0.0190900456717 0)
(-0.189122829228 0.0195834000289 0)
(-0.194745983838 0.0199864835415 0)
(-0.200476921444 0.0202934263287 0)
(-0.206288084983 0.0204983059582 0)
(-0.212150171299 0.0205952353423 0)
(-0.218032135746 0.0205784668966 0)
(-0.223901227814 0.0204425129849 0)
(-0.229723062874 0.0201822821506 0)
(-0.23546173507 0.0197932299838 0)
(-0.241079976096 0.0192715227031 0)
(-0.246539364079 0.0186142106539 0)
(-0.251800585976 0.0178194079573 0)
(-0.256823755763 0.0168864735334 0)
(-0.261568789211 0.0158161877083 0)
(-0.265995834196 0.0146109176815 0)
(-0.270065753365 0.0132747643414 0)
(-0.273740653434 0.0118136823853 0)
(-0.276984452796 0.0102355655064 0)
(-0.279763476272 0.00855028866032 0)
(-0.282047063141 0.00676970019023 0)
(-0.28380817212 0.00490755792617 0)
(-0.285023964893 0.00297940528755 0)
(-0.285676348485 0.00100238587106 0)
(-0.285752456243 -0.00100500210573 0)
(-0.285245047765 -0.00302320697594 0)
(-0.284152809802 -0.00503197265868 0)
(-0.28248054296 -0.00701072477791 0)
(-0.280239222976 -0.00893898051389 0)
(-0.277445930071 -0.01079676696 0)
(-0.274123645255 -0.0125650317806 0)
(-0.270300918088 -0.0142260300042 0)
(-0.266011415802 -0.0157636718652 0)
(-0.261293368659 -0.0171638186491 0)
(-0.256188930429 -0.0184145163429 0)
(-0.250743475811 -0.0195061602836 0)
(-0.245004858234 -0.0204315876673 0)
(-0.239022651831 -0.0211860984182 0)
(-0.232847400417 -0.0217674082706 0)
(-0.226529894349 -0.022175540749 0)
(-0.22012049328 -0.0224126669186 0)
(-0.213668509452 -0.0224829032202 0)
(-0.207221662434 -0.0223920784244 0)
(-0.200825612481 -0.0221474807694 0)
(-0.194523576117 -0.0217575958071 0)
(-0.188356024283 -0.0212318444816 0)
(-0.182360460626 -0.0205803296533 0)
(-0.176571275232 -0.0198135977833 0)
(-0.167933733409 -0.0243636817802 0)
(-0.162644267818 -0.0231199204836 0)
(-0.157647186109 -0.0217700862076 0)
(-0.152963769289 -0.0203276226826 0)
(-0.148612282558 -0.0188054431685 0)
(-0.144608138567 -0.0172158194706 0)
(-0.14096407907 -0.015570302888 0)
(-0.137690367718 -0.0138796742494 0)
(-0.134794987664 -0.0121539198502 0)
(-0.132283838559 -0.0104022299581 0)
(-0.130160928387 -0.00863301655067 0)
(-0.128428556448 -0.00685394706963 0)
(-0.127087484552 -0.00507199117325 0)
(-0.126137094165 -0.00329347772212 0)
(-0.125575527869 -0.00152415951871 0)
(-0.125399813987 0.000230716388677 0)
(-0.125605973674 0.00196633473721 0)
(-0.126189110135 0.00367823604803 0)
(-0.127143479926 0.00536223998096 0)
(-0.128462546514 0.00701436922283 0)
(-0.130139016507 0.00863077491478 0)
(-0.132164859076 0.0102076644852 0)
(-0.134531309247 0.0117412326567 0)
(-0.137228855854 0.013227596336 0)
(-0.14024721503 0.0146627340697 0)
(-0.143575290248 0.0160424307551 0)
(-0.14720112 0.0173622283398 0)
(-0.151111814364 0.0186173833028 0)
(-0.155293481846 0.0198028318037 0)
(-0.159731148037 0.0209131634888 0)
(-0.164408667899 0.0219426050588 0)
(-0.169308633656 0.0228850148211 0)
(-0.174412280625 0.0237338895599 0)
(-0.179699393599 0.0244823851513 0)
(-0.185148216775 0.0251233524072 0)
(-0.19073537059 0.0256493896513 0)
(-0.196435779272 0.0260529134746 0)
(-0.202222613295 0.0263262489861 0)
(-0.208067251371 0.0264617406385 0)
(-0.21393926698 0.0264518843479 0)
(-0.219806444739 0.0262894811234 0)
(-0.225634832146 0.0259678117674 0)
(-0.231388832287 0.0254808313791 0)
(-0.237031342966 0.0248233814029 0)
(-0.242523947344 0.0239914158117 0)
(-0.247827160504 0.022982236737 0)
(-0.252900735293 0.0217947334892 0)
(-0.257704029414 0.0204296175269 0)
(-0.26219643384 0.0188896446168 0)
(-0.266337860398 0.0171798142852 0)
(-0.270089283662 0.015307535829 0)
(-0.273413329354 0.0132827497637 0)
(-0.276274898211 0.011117993771 0)
(-0.278641811106 0.0088284030954 0)
(-0.280485458104 0.0064316370062 0)
(-0.281781431567 0.00394772541939 0)
(-0.282510121456 0.0013988330249 0)
(-0.282657250044 -0.00119105784003 0)
(-0.282214323468 -0.00379654001093 0)
(-0.28117897913 -0.00639123998816 0)
(-0.279555210913 -0.00894832784045 0)
(-0.277353458481 -0.0114410606174 0)
(-0.274590552314 -0.0138433386718 0)
(-0.271289512321 -0.0161302528398 0)
(-0.267479204404 -0.0182786003937 0)
(-0.263193865731 -0.0202673491172 0)
(-0.258472515273 -0.0220780316475 0)
(-0.253358270897 -0.0236950561583 0)
(-0.247897597696 -0.0251059241571 0)
(-0.242139514072 -0.0263013512463 0)
(-0.236134782347 -0.0272752917174 0)
(-0.229935109487 -0.0280248724407 0)
(-0.223592381011 -0.0285502453703 0)
(-0.217157947797 -0.0288543709021 0)
(-0.210681981442 -0.0289427462191 0)
(-0.204212909492 -0.0288230936264 0)
(-0.197796937614 -0.0285050238208 0)
(-0.191477661718 -0.0279996881958 0)
(-0.185295769463 -0.0273194328428 0)
(-0.179288827608 -0.0264774650587 0)
(-0.173491149267 -0.0254875410988 0)
(-0.164072171726 -0.0297893607199 0)
(-0.158780657901 -0.0282641987494 0)
(-0.153783997406 -0.0266103483765 0)
(-0.149102879807 -0.0248443681746 0)
(-0.144754924867 -0.0229821256033 0)
(-0.140754868691 -0.0210386644044 0)
(-0.137114766139 -0.0190281117576 0)
(-0.13384420199 -0.0169636214053 0)
(-0.130950504412 -0.0148573485909 0)
(-0.128438955332 -0.0127204525246 0)
(-0.12631299329 -0.0105631221397 0)
(-0.124574405247 -0.00839462109844 0)
(-0.123223504664 -0.00622334828413 0)
(-0.122259293829 -0.00405691036781 0)
(-0.121679609052 -0.00190220341114 0)
(-0.121481247852 0.000234499153733 0)
(-0.121660077634 0.00234745445483 0)
(-0.12221112576 0.00443135596954 0)
(-0.123128651114 0.00648123881448 0)
(-0.12440619751 0.00849238591385 0)
(-0.126036629433 0.0104602362108 0)
(-0.128012150728 0.0123802959154 0)
(-0.130324306936 0.0142480536628 0)
(-0.132963972071 0.0160589003837 0)
(-0.135921320687 0.0178080546592 0)
(-0.139185786163 0.0194904943441 0)
(-0.142746006206 0.0211008952973 0)
(-0.146589756692 0.0226335781422 0)
(-0.150703875055 0.024082464092 0)
(-0.155074174621 0.0254410410169 0)
(-0.159685351459 0.026702341078 0)
(-0.164520885543 0.0278589314133 0)
(-0.169562938342 0.0289029195133 0)
(-0.174792249214 0.0298259750603 0)
(-0.180188033431 0.0306193701039 0)
(-0.185727885034 0.0312740394945 0)
(-0.191387688197 0.0317806634711 0)
(-0.19714154128 0.0321297741731 0)
(-0.202961698246 0.0323118876008 0)
(-0.208818532625 0.0323176621489 0)
(-0.214680529658 0.0321380842637 0)
(-0.220514312651 0.0317646810019 0)
(-0.226284709792 0.0311897582774 0)
(-0.231954867797 0.0304066623717 0)
(-0.237486418534 0.0294100608508 0)
(-0.242839704304 0.0281962374143 0)
(-0.247974066572 0.026763393439 0)
(-0.252848201596 0.0251119471512 0)
(-0.257420584577 0.0232448195852 0)
(-0.26164996159 0.0211676948802 0)
(-0.265495905648 0.0188892412232 0)
(-0.26891942991 0.0164212780238 0)
(-0.271883647341 0.0137788749208 0)
(-0.274354462235 0.01098036912 0)
(-0.276301275222 0.00804728951046 0)
(-0.277697679947 0.00500417904055 0)
(-0.278522126895 0.00187831094956 0)
(-0.278758528194 -0.00130070050923 0)
(-0.278396776994 -0.00450138852955 0)
(-0.277433156367 -0.00769100910947 0)
(-0.275870615787 -0.0108361852717 0)
(-0.273718898037 -0.0139035971097 0)
(-0.270994505623 -0.0168606908525 0)
(-0.267720503049 -0.0196763780332 0)
(-0.263926159129 -0.0223216956677 0)
(-0.259646441172 -0.0247704001702 0)
(-0.254921379892 -0.0269994714257 0)
(-0.249795329567 -0.0289895086896 0)
(-0.244316152015 -0.0307250062774 0)
(-0.238534355022 -0.0321945038069 0)
(-0.232502216058 -0.0333906124431 0)
(-0.226272920438 -0.0343099246741 0)
(-0.219899739974 -0.0349528201868 0)
(-0.213435273937 -0.0353231841614 0)
(-0.206930769266 -0.0354280566505 0)
(-0.200435531793 -0.0352772326899 0)
(-0.193996435272 -0.0348828325311 0)
(-0.187657530357 -0.0342588601219 0)
(-0.18145975171 -0.0334207659371 0)
(-0.175440718132 -0.0323850277424 0)
(-0.169634618143 -0.0311687601124 0)
(-0.159432375309 -0.035217700541 0)
(-0.154141713699 -0.0334081430941 0)
(-0.149148834745 -0.0314479029035 0)
(-0.144473683877 -0.0293567248167 0)
(-0.140133076292 -0.0271534756542 0)
(-0.136140910839 -0.024855992182 0)
(-0.132508397352 -0.0224809770531 0)
(-0.129244289644 -0.0200439377885 0)
(-0.12635511764 -0.0175591635137 0)
(-0.123845413314 -0.0150397340893 0)
(-0.121717926197 -0.0124975564106 0)
(-0.11997382519 -0.00994342294396 0)
(-0.1186128843 -0.0073870879653 0)
(-0.117633650615 -0.0048373574224 0)
(-0.117033593456 -0.0023021888302 0)
(-0.116809234144 0.000211201914294 0)
(-0.116956256182 0.00269622944778 0)
(-0.11746959599 0.00514682581878 0)
(-0.118343514524 0.00755732718743 0)
(-0.119571650291 0.00992236188648 0)
(-0.121147054384 0.0122367411274 0)
(-0.123062208235 0.0144953534323 0)
(-0.125309024824 0.0166930637305 0)
(-0.127878834148 0.0188246179775 0)
(-0.130762353736 0.0208845541183 0)
(-0.133949645079 0.0228671202403 0)
(-0.13743005684 0.024766200825 0)
(-0.141192155802 0.0265752521173 0)
(-0.145223646601 0.0282872477727 0)
(-0.149511281387 0.0298946361191 0)
(-0.154040760759 0.0313893105619 0)
(-0.158796627517 0.0327625948679 0)
(-0.163762155038 0.0340052452711 0)
(-0.168919232425 0.0351074715288 0)
(-0.174248248964 0.0360589792166 0)
(-0.179727980887 0.0368490356481 0)
(-0.185335483945 0.0374665618266 0)
(-0.191045995875 0.0379002527461 0)
(-0.196832853469 0.0381387281242 0)
(-0.202667429579 0.0381707152462 0)
(-0.208519096026 0.0379852649744 0)
(-0.214355218971 0.0375720011188 0)
(-0.220141193792 0.0369214022245 0)
(-0.225840526827 0.0360251134141 0)
(-0.231414971442 0.0348762842008 0)
(-0.236824725624 0.0334699262108 0)
(-0.242028697657 0.0318032825439 0)
(-0.24698484524 0.0298761981601 0)
(-0.251650591645 0.0276914783327 0)
(-0.25598332008 0.0252552200126 0)
(-0.259940944274 0.0225770991295 0)
(-0.263482549567 0.0196705956454 0)
(-0.266569094401 0.0165531378386 0)
(-0.269164157472 0.0132461480797 0)
(-0.271234710971 0.00977497448173 0)
(-0.272751895875 0.00616869637762 0)
(-0.273691771472 0.00245979661712 0)
(-0.27403600869 -0.00131629997041 0)
(-0.27377249587 -0.00512181527541 0)
(-0.272895826631 -0.00891731927812 0)
(-0.271407642701 -0.0126625219421 0)
(-0.269316809962 -0.0163171267113 0)
(-0.266639413282 -0.0198417114924 0)
(-0.263398564443 -0.0231985999848 0)
(-0.259624026947 -0.0263526857794 0)
(-0.255351670969 -0.0292721738913 0)
(-0.25062278026 -0.0319292091887 0)
(-0.245483239829 -0.0343003680611 0)
(-0.239982638079 -0.036366997979 0)
(-0.234173319491 -0.0381153985323 0)
(-0.228109423935 -0.0395368463054 0)
(-0.221845946439 -0.0406274738151 0)
(-0.215437847186 -0.0413880191923 0)
(-0.208939236201 -0.0418234679639 0)
(-0.202402651138 -0.0419426111023 0)
(-0.195878440355 -0.0417575445058 0)
(-0.189414257548 -0.0412831344867 0)
(-0.183054668836 -0.040536471972 0)
(-0.176840868727 -0.0395363353345 0)
(-0.170810497814 -0.0383026784042 0)
(-0.164997552494 -0.0368561566014 0)
(-0.154011386509 -0.0406452579928 0)
(-0.148726331427 -0.0385477867849 0)
(-0.143742418806 -0.0362784153733 0)
(-0.139078678861 -0.0338601543469 0)
(-0.134750947452 -0.0313149178298 0)
(-0.130772112631 -0.0286633549675 0)
(-0.127152370973 -0.0259247379843 0)
(-0.123899485669 -0.0231169005129 0)
(-0.12101903986 -0.0202562195964 0)
(-0.118514679999 -0.0173576347878 0)
(-0.116388345305 -0.0144346980312 0)
(-0.114640480401 -0.0114996484447 0)
(-0.11327022914 -0.0085635066579 0)
(-0.112275608355 -0.00563618395832 0)
(-0.111653660895 -0.00272660210944 0)
(-0.111400587732 0.000157179700364 0)
(-0.111511859334 0.00300783375698 0)
(-0.111982306692 0.00581863104222 0)
(-0.112806192631 0.00858330880877 0)
(-0.113977264093 0.0112959401631 0)
(-0.115488786176 0.0139508070113 0)
(-0.117333558715 0.0165422774885 0)
(-0.119503916214 0.0190646888294 0)
(-0.121991711902 0.0215122365469 0)
(-0.124788286679 0.0238788707494 0)
(-0.127884423693 0.0261582004566 0)
(-0.131270289309 0.0283434068577 0)
(-0.134935361218 0.0304271665862 0)
(-0.138868344521 0.0324015862622 0)
(-0.143057076676 0.0342581497694 0)
(-0.147488422356 0.035987679973 0)
(-0.152148159441 0.0375803168488 0)
(-0.157020857635 0.0390255142602 0)
(-0.162089751495 0.0403120578799 0)
(-0.167336610091 0.0414281069749 0)
(-0.172741605987 0.0423612629544 0)
(-0.178283186806 0.0430986676665 0)
(-0.183937953293 0.0436271344025 0)
(-0.189680548533 0.0439333143878 0)
(-0.195483563772 0.0440039011532 0)
(-0.201317467101 0.0438258745538 0)
(-0.207150562118 0.0433867852851 0)
(-0.21294898442 0.0426750794936 0)
(-0.218676744429 0.0416804614671 0)
(-0.224295825482 0.0403942903908 0)
(-0.229766346189 0.0388100047906 0)
(-0.235046795728 0.0369235655885 0)
(-0.240094349805 0.0347339057527 0)
(-0.244865273376 0.0322433714885 0)
(-0.249315413774 0.029458136966 0)
(-0.253400784563 0.0263885719912 0)
(-0.257078236187 0.0230495401042 0)
(-0.260306204448 0.0194606036725 0)
(-0.263045522151 0.0156461130081 0)
(-0.26526027326 0.0116351586736 0)
(-0.266918662996 0.00746137018341 0)
(-0.267993872153 0.00316255032464 0)
(-0.268464859957 -0.00121985782048 0)
(-0.26831707783 -0.00564146476419 0)
(-0.267543056899 -0.0100557728923 0)
(-0.266142835312 -0.0144151325007 0)
(-0.264124197531 -0.0186717798556 0)
(-0.261502706451 -0.0227789144211 0)
(-0.258301519796 -0.0266917681035 0)
(-0.25455099401 -0.0303686184792 0)
(-0.250288090582 -0.0337717006936 0)
(-0.245555610545 -0.0368679788687 0)
(-0.240401291505 -0.0396297468334 0)
(-0.234876807597 -0.0420350388521 0)
(-0.229036715503 -0.0440678427092 0)
(-0.222937389389 -0.0457181188722 0)
(-0.216635984517 -0.0469816395618 0)
(-0.210189463919 -0.0478596696818 0)
(-0.203653715776 -0.0483585172927 0)
(-0.197082781554 -0.0484889845566 0)
(-0.190528207379 -0.0482657509652 0)
(-0.184038523984 -0.0477067195295 0)
(-0.177658854387 -0.0468323538964 0)
(-0.171430643328 -0.0456650305466 0)
(-0.165391498667 -0.0442284257906 0)
(-0.159575132289 -0.0425469526265 0)
(-0.147806009754 -0.0460665594604 0)
(-0.142533516869 -0.0436771569522 0)
(-0.137565912845 -0.0410955906442 0)
(-0.132921120622 -0.0383482214012 0)
(-0.128613804473 -0.0354600582661 0)
(-0.12465565412 -0.0324545773112 0)
(-0.121055673978 -0.029353606031 0)
(-0.117820469356 -0.0261772653386 0)
(-0.114954523124 -0.0229439610399 0)
(-0.112460457962 -0.0196704168426 0)
(-0.110339280612 -0.0163717413924 0)
(-0.108590605703 -0.0130615224419 0)
(-0.107212857685 -0.00975194197505 0)
(-0.1062034501 -0.00645390686605 0)
(-0.105558942054 -0.00317719041717 0)
(-0.105275172144 6.94191603844e-05 0)
(-0.105347370415 0.00327796658305 0)
(-0.105770249121 0.00644117631396 0)
(-0.106538073184 0.00955230051238 0)
(-0.10764471129 0.0126049698264 0)
(-0.109083668553 0.0155930483999 0)
(-0.11084810168 0.018510494198 0)
(-0.112930817457 0.0213512255755 0)
(-0.115324255359 0.0241089949124 0)
(-0.118020454981 0.0267772701034 0)
(-0.121011008926 0.0293491247314 0)
(-0.124287001748 0.0318171378534 0)
(-0.127838935504 0.034173304486 0)
(-0.131656642478 0.0364089580897 0)
(-0.135729185682 0.0385147066108 0)
(-0.140044747845 0.0404803839328 0)
(-0.144590509731 0.0422950189156 0)
(-0.149352518872 0.0439468245398 0)
(-0.154315550117 0.0454232100143 0)
(-0.159462959767 0.0467108190175 0)
(-0.164776535615 0.0477955975205 0)
(-0.170236345788 0.0486628948232 0)
(-0.175820590057 0.0492976015081 0)
(-0.181505458104 0.0496843279232 0)
(-0.187265000212 0.0498076264902 0)
(-0.193071016874 0.0496522605488 0)
(-0.198892974936 0.049203521522 0)
(-0.20469795894 0.0484475948638 0)
(-0.210450667415 0.0473719734821 0)
(-0.216113464617 0.0459659150696 0)
(-0.221646498822 0.0442209370177 0)
(-0.227007898313 0.0421313393621 0)
(-0.232154055616 0.0396947425825 0)
(-0.237040009222 0.0369126232154 0)
(-0.241619929618 0.0337908263429 0)
(-0.245847712986 0.0303400304182 0)
(-0.249677681257 0.0265761369625 0)
(-0.253065381327 0.0225205558711 0)
(-0.255968469415 0.0182003569019 0)
(-0.258347659012 0.0136482598378 0)
(-0.260167703206 0.00890244018454 0)
(-0.261398375106 0.00400613428511 0)
(-0.262015404353 -0.000992962696684 0)
(-0.262001324264 -0.00604350078043 0)
(-0.261346183728 -0.0110914629623 0)
(-0.2600480811 -0.016081305311 0)
(-0.258113484236 -0.0209572056896 0)
(-0.255557311167 -0.0256643676829 0)
(-0.25240275897 -0.0301503202332 0)
(-0.248680883068 -0.0343661518966 0)
(-0.244429944048 -0.038267621872 0)
(-0.239694552676 -0.0418160978152 0)
(-0.234524654758 -0.0449792821217 0)
(-0.228974404861 -0.0477317025538 0)
(-0.223100981198 -0.0500549583017 0)
(-0.216963393149 -0.0519377272672 0)
(-0.210621328592 -0.0533755532353 0)
(-0.204134081131 -0.0543704417423 0)
(-0.197559588553 -0.0549303003521 0)
(-0.19095360431 -0.0550682626612 0)
(-0.184369014496 -0.0548019359171 0)
(-0.177855304191 -0.0541526101606 0)
(-0.171458169822 -0.0531444629075 0)
(-0.165219268428 -0.0518037882308 0)
(-0.159176090563 -0.0501582732946 0)
(-0.15336194096 -0.0482363394642 0)
(-0.140812960141 -0.0514737391356 0)
(-0.135562549529 -0.048787927845 0)
(-0.130621097406 -0.0458908440507 0)
(-0.126005204214 -0.042812284696 0)
(-0.121728151568 -0.039580397157 0)
(-0.11780022876 -0.0362214904222 0)
(-0.114229058566 -0.0327599210827 0)
(-0.111019914113 -0.0292180442457 0)
(-0.108176020565 -0.0256162194935 0)
(-0.105698837152 -0.0219728624143 0)
(-0.103588316527 -0.0183045329018 0)
(-0.101843139625 -0.0146260522674 0)
(-0.100460925204 -0.0109506421346 0)
(-0.09943841393 -0.00729007904437 0)
(-0.0987716274443 -0.00365485962564 0)
(-0.0984560032144 -5.43720554499e-05 0)
(-0.0984865062086 0.00350292967574 0)
(-0.0988577185703 0.0070093514852 0)
(-0.0995639085094 0.0104577871042 0)
(-0.10059907961 0.0138415498752 0)
(-0.101957001685 0.0171542097629 0)
(-0.103631224201 0.0203894366054 0)
(-0.105615073197 0.0235408504369 0)
(-0.107901632445 0.0266018796042 0)
(-0.11048370953 0.0295656273693 0)
(-0.113353787349 0.0324247477384 0)
(-0.116503961442 0.0351713313822 0)
(-0.119925863506 0.037796802695 0)
(-0.123610571351 0.0402918292912 0)
(-0.127548505579 0.0426462455435 0)
(-0.131729313306 0.044848992119 0)
(-0.136141739356 0.0468880738612 0)
(-0.140773485525 0.0487505387935 0)
(-0.145611058837 0.0504224814444 0)
(-0.150639610043 0.0518890741274 0)
(-0.15584276418 0.0531346301948 0)
(-0.161202445634 0.0541427036044 0)
(-0.166698700934 0.0548962293449 0)
(-0.172309523524 0.0553777093057 0)
(-0.17801068582 0.0555694479878 0)
(-0.183775585171 0.0554538419637 0)
(-0.189575111739 0.0550137261235 0)
(-0.195377547732 0.0542327784166 0)
(-0.201148508953 0.0530959829224 0)
(-0.206850940907 0.0515901486023 0)
(-0.212445182819 0.049704477955 0)
(-0.217889113552 0.0474311760036 0)
(-0.223138393373 0.0447660856643 0)
(-0.228146814538 0.0417093307067 0)
(-0.23286677161 0.0382659424583 0)
(-0.237249858853 0.0344464414953 0)
(-0.241247596985 0.0302673412715 0)
(-0.244812284907 0.0257515375484 0)
(-0.2478979638 0.0209285462861 0)
(-0.250461471642 0.0158345539877 0)
(-0.252463556344 0.0105122489538 0)
(-0.253870006082 0.0050104098673 0)
(-0.25465274729 -0.000616760376676 0)
(-0.254790855209 -0.00631055310847 0)
(-0.254271420061 -0.0120089053722 0)
(-0.25309021467 -0.0176477478131 0)
(-0.251252117123 -0.0231624959919 0)
(-0.248771254455 -0.0284896188387 0)
(-0.245670849573 -0.0335682093647 0)
(-0.241982772118 -0.0383414800678 0)
(-0.237746812904 -0.0427581092501 0)
(-0.233009719037 -0.0467733745046 0)
(-0.227824040733 -0.0503500248257 0)
(-0.222246850108 -0.0534588613743 0)
(-0.21633839598 -0.0560790167741 0)
(-0.210160757143 -0.0581979418029 0)
(-0.203776550549 -0.0598111247141 0)
(-0.197247741323 -0.0609215809838 0)
(-0.190634590197 -0.0615391594605 0)
(-0.183994761851 -0.0616797147284 0)
(-0.177382606091 -0.0613641954152 0)
(-0.170848613492 -0.0606176949439 0)
(-0.164439038651 -0.0594685056994 0)
(-0.158195677791 -0.0579472106525 0)
(-0.152155783038 -0.0560858389413 0)
(-0.146352093225 -0.0539171044103 0)
(-0.13302905661 -0.0568561583618 0)
(-0.127813191583 -0.053869060911 0)
(-0.122910589008 -0.0506529646913 0)
(-0.118336286817 -0.0472411850225 0)
(-0.114101953443 -0.0436650420895 0)
(-0.110216261296 -0.0399536707489 0)
(-0.106685252309 -0.0361339145771 0)
(-0.10351268749 -0.0322302919922 0)
(-0.100700374646 -0.0282650225748 0)
(-0.0982484704252 -0.0242581024233 0)
(-0.0961557544153 -0.020227418356 0)
(-0.0944198742501 -0.0161888919016 0)
(-0.0930375616822 -0.0121566452053 0)
(-0.0920048202474 -0.00814318215718 0)
(-0.0913170856375 -0.00415957916847 0)
(-0.0909693601985 -0.000215681045127 0)
(-0.0909563231271 0.00367970167324 0)
(-0.0912724179866 0.00751859674961 0)
(-0.091911919119 0.0112936778335 0)
(-0.0928689784336 0.0149980772162 0)
(-0.0941376539019 0.0186252049605 0)
(-0.0957119209185 0.0221685752845 0)
(-0.097585667494 0.0256216408732 0)
(-0.0997526740521 0.0289776356776 0)
(-0.102206578407 0.0322294267344 0)
(-0.104940826316 0.0353693756051 0)
(-0.107948607828 0.0383892101716 0)
(-0.111222779519 0.0412799077447 0)
(-0.114755772583 0.0440315907235 0)
(-0.118539486685 0.0466334364035 0)
(-0.12256516947 0.0490736029388 0)
(-0.126823281675 0.0513391739324 0)
(-0.131303347921 0.0534161246414 0)
(-0.135993793499 0.05528931332 0)
(-0.140881767828 0.0569425017735 0)
(-0.145952955748 0.058358409733 0)
(-0.151191378487 0.0595188081375 0)
(-0.156579186992 0.0604046567943 0)
(-0.162096451359 0.0609962921148 0)
(-0.167720951411 0.06127367062 0)
(-0.173427974928 0.0612166735878 0)
(-0.179190131781 0.0608054774875 0)
(-0.184977194066 0.060020993584 0)
(-0.190755974312 0.0588453782072 0)
(-0.196490255771 0.0572626125414 0)
(-0.202140790579 0.0552591473256 0)
(-0.207665382919 0.0528246035089 0)
(-0.213019075014 0.0499525147031 0)
(-0.218154453497 0.046641091324 0)
(-0.223022092035 0.0428939798603 0)
(-0.227571142752 0.0387209841432 0)
(-0.231750083665 0.034138709386 0)
(-0.235507621847 0.0291710848567 0)
(-0.238793742353 0.0238497182222 0)
(-0.241560881458 0.0182140348262 0)
(-0.243765190085 0.0123111592989 0)
(-0.245367840512 0.00619550564923 0)
(-0.246336317973 -7.19444292872e-05 0)
(-0.246645630263 -0.00642467729214 0)
(-0.246279364473 -0.0127919779969 0)
(-0.245230521944 -0.0191005139034 0)
(-0.24350207111 -0.0252761073731 0)
(-0.241107172868 -0.0312456155124 0)
(-0.238069053296 -0.0369388227669 0)
(-0.234420522042 -0.0422902478159 0)
(-0.23020315912 -0.0472407705285 0)
(-0.225466215386 -0.0517389975691 0)
(-0.220265289961 -0.0557423051174 0)
(-0.214660859458 -0.0592175215828 0)
(-0.208716738196 -0.0621412391733 0)
(-0.202498545842 -0.0644997677582 0)
(-0.196072250327 -0.066288765232 0)
(-0.18950284119 -0.0675125940413 0)
(-0.182853173611 -0.0681834630522 0)
(-0.176183008065 -0.068320417724 0)
(-0.16954825618 -0.0679482403577 0)
(-0.163000431009 -0.0670963171004 0)
(-0.156586290096 -0.06579752063 0)
(-0.150347652611 -0.064087148188 0)
(-0.144321367322 -0.0620019448997 0)
(-0.138539406007 -0.059579232912 0)
(-0.124451470157 -0.0622000057607 0)
(-0.11928595091 -0.0589064325357 0)
(-0.114438110764 -0.0553677726523 0)
(-0.109921159555 -0.0516209327023 0)
(-0.10574490288 -0.0477004255256 0)
(-0.10191616664 -0.0436381865056 0)
(-0.0984392048844 -0.0394634835004 0)
(-0.0953160832678 -0.0352029055979 0)
(-0.0925470330155 -0.0308804165814 0)
(-0.0901307723968 -0.026517460104 0)
(-0.0880647944017 -0.0221331049282 0)
(-0.0863456205746 -0.017744220061 0)
(-0.0849690218891 -0.0133656710992 0)
(-0.0839302081773 -0.00901053053338 0)
(-0.0832239880215 -0.00469029608517 0)
(-0.0828449012119 -0.000415112343048 0)
(-0.0827873259345 0.00380600799024 0)
(-0.0830455627915 0.00796496603557 0)
(-0.0836138976213 0.012054363918 0)
(-0.0844866448912 0.0160672986482 0)
(-0.0856581732047 0.0199971637065 0)
(-0.0871229142147 0.0238374589946 0)
(-0.0888753559685 0.0275816095955 0)
(-0.0909100214481 0.031222793676 0)
(-0.09322143281 0.0347537798462 0)
(-0.0958040615795 0.0381667743627 0)
(-0.0986522648301 0.041453278733 0)
(-0.101760207168 0.0446039585174 0)
(-0.105121768166 0.0476085244468 0)
(-0.108730434776 0.0504556273824 0)
(-0.112579178122 0.0531327691111 0)
(-0.11666031413 0.0556262315122 0)
(-0.120965347437 0.0579210272404 0)
(-0.125484798266 0.0600008757188 0)
(-0.130208012203 0.0618482089266 0)
(-0.135122953301 0.0634442121666 0)
(-0.140215981579 0.0647689056662 0)
(-0.145471616848 0.0658012734714 0)
(-0.150872291936 0.0665194465593 0)
(-0.156398099798 0.0669009473429 0)
(-0.162026540693 0.0669230026848 0)
(-0.167732277652 0.0665629320326 0)
(-0.17348691075 0.0657986162194 0)
(-0.179258783218 0.0646090506738 0)
(-0.185012835065 0.0629749840975 0)
(-0.190710522485 0.060879639957 0)
(-0.196309823569 0.0583095132785 0)
(-0.201765352561 0.0552552291856 0)
(-0.207028605465 0.0517124424501 0)
(-0.212048359023 0.047682749227 0)
(-0.216771242169 0.0431745735468 0)
(-0.221142493751 0.0382039826843 0)
(-0.225106912127 0.0327953781099 0)
(-0.228609991041 0.0269820035256 0)
(-0.23159922221 0.0208062098118 0)
(-0.234025528974 0.0143194198771 0)
(-0.235844778465 0.00758174557294 0)
(-0.237019303792 0.00066122457189 0)
(-0.237519355076 -0.00636733280777 0)
(-0.237324390947 -0.0134238696486 0)
(-0.236424122585 -0.0204249341974 0)
(-0.23481923166 -0.0272857808204 0)
(-0.232521701588 -0.0339226186918 0)
(-0.229554726761 -0.0402548896495 0)
(-0.225952194405 -0.0462074497413 0)
(-0.221757765438 -0.0517125337115 0)
(-0.217023610102 -0.056711398094 0)
(-0.211808877612 -0.0611555647222 0)
(-0.206177993741 -0.0650076187619 0)
(-0.200198885087 -0.0682415495745 0)
(-0.193941224174 -0.0708426546279 0)
(-0.187474777365 -0.0728070530045 0)
(-0.180867920376 -0.0741408739123 0)
(-0.174186366661 -0.0748591964091 0)
(-0.16749213442 -0.074984819836 0)
(-0.160842760236 -0.0745469414186 0)
(-0.154290752539 -0.0735798097412 0)
(-0.147883266805 -0.0721214120112 0)
(-0.141661976682 -0.070212240755 0)
(-0.135663110865 -0.0678941731139 0)
(-0.129917623956 -0.0652094842116 0)
(-0.115078039439 -0.067487879058 0)
(-0.109982408914 -0.063882451712 0)
(-0.105208823968 -0.0600177735006 0)
(-0.100768375564 -0.0559343986251 0)
(-0.0966687392244 -0.0516700310788 0)
(-0.0929146540082 -0.0472593571005 0)
(-0.0895083742724 -0.0427339803206 0)
(-0.0864500872783 -0.0381224417822 0)
(-0.0837382925626 -0.0334503082544 0)
(-0.0813701412616 -0.0287403138814 0)
(-0.0793417352956 -0.0240125420311 0)
(-0.0776483875695 -0.0192846360899 0)
(-0.0762848451881 -0.0145720297742 0)
(-0.0752454782153 -0.0098881892432 0)
(-0.0745244367711 -0.0052448608462 0)
(-0.0741157793351 -0.000652319697986 0)
(-0.0740135750517 0.00388038454526 0)
(-0.0742119826564 0.00834518735628 0)
(-0.0747053083926 0.0127347762945 0)
(-0.0754880449968 0.017042366451 0)
(-0.0765548935046 0.0212614850994 0)
(-0.0779007692998 0.0253857659202 0)
(-0.0795207934887 0.0294087529407 0)
(-0.0814102703491 0.0333237142302 0)
(-0.0835646512808 0.037123465377 0)
(-0.0859794853724 0.0408002028677 0)
(-0.0886503564081 0.0443453476744 0)
(-0.0915728058675 0.0477493996238 0)
(-0.094742241228 0.0510018034796 0)
(-0.0981538286747 0.0540908281198 0)
(-0.101802369163 0.0570034607166 0)
(-0.105682156684 0.0597253184427 0)
(-0.109786817556 0.0622405809301 0)
(-0.114109129674 0.0645319474793 0)
(-0.118640820844 0.0665806238507 0)
(-0.123372345743 0.0683663443601 0)
(-0.128292641621 0.0698674358859 0)
(-0.133388863745 0.0710609312606 0)
(-0.138646102707 0.0719227402857 0)
(-0.144047087257 0.0724278871861 0)
(-0.149571878181 0.0725508236142 0)
(-0.155197561094 0.0722658261634 0)
(-0.160897948716 0.0715474865987 0)
(-0.166643306335 0.0703713014596 0)
(-0.172400117562 0.0687143651092 0)
(-0.178130911032 0.0665561664904 0)
(-0.183794172106 0.0638794845815 0)
(-0.189344366558 0.0606713706969 0)
(-0.19473210516 0.0569241973078 0)
(-0.199904478411 0.0526367431069 0)
(-0.20480558874 0.0478152730016 0)
(-0.209377302551 0.0424745602877 0)
(-0.213560235922 0.0366387874988 0)
(-0.217294975125 0.030342253819 0)
(-0.220523516408 0.023629812267 0)
(-0.223190889341 0.0165569610555 0)
(-0.225246905847 0.00918952242255 0)
(-0.226647955219 0.00160286001255 0)
(-0.227358746836 -0.00611938735194 0)
(-0.227353890334 -0.0138870431815 0)
(-0.22661920075 -0.0216055504623 0)
(-0.22515262593 -0.0291784572196 0)
(-0.222964715203 -0.0365101051148 0)
(-0.220078579948 -0.0435083716384 0)
(-0.216529335105 -0.0500873056861 0)
(-0.212363052094 -0.0561695011072 0)
(-0.207635292469 -0.0616880738411 0)
(-0.202409322502 -0.0665881429004 0)
(-0.196754127633 -0.0708277585172 0)
(-0.190742350965 -0.0743782661214 0)
(-0.184448272442 -0.0772241364193 0)
(-0.177945927994 -0.0793623251869 0)
(-0.171307444589 -0.0808012491595 0)
(-0.16460164148 -0.0815594762475 0)
(-0.157892923104 -0.0816642303237 0)
(-0.151240467229 -0.0811498049096 0)
(-0.144697694348 -0.0800559685465 0)
(-0.138311991561 -0.0784264297731 0)
(-0.132124656063 -0.0763074134667 0)
(-0.126171019441 -0.0737463844431 0)
(-0.120480713389 -0.0707909397844 0)
(-0.104907668097 -0.0726983513256 0)
(-0.0999056252944 -0.0687756717927 0)
(-0.0952297306473 -0.0645818152626 0)
(-0.0908886422163 -0.0601610147995 0)
(-0.086887623775 -0.055554134934 0)
(-0.0832290804998 -0.0507985319703 0)
(-0.0799130550384 -0.0459280253061 0)
(-0.076937678218 -0.0409729585935 0)
(-0.0742995717541 -0.0359603314967 0)
(-0.0719942026779 -0.0309139850584 0)
(-0.0700161909037 -0.0258548260685 0)
(-0.0683595725179 -0.0208010781695 0)
(-0.0670180220863 -0.0157685496436 0)
(-0.0659850376495 -0.0107709098341 0)
(-0.0652540921799 -0.00581996793747 0)
(-0.0648187551877 -0.00092594942869 0)
(-0.0646727879404 0.00390223331595 0)
(-0.0648102154455 0.00865671857094 0)
(-0.0652253779758 0.0133304425029 0)
(-0.0659129645111 0.017916896943 0)
(-0.0668680300585 0.0224098980382 0)
(-0.068085998391 0.0268033657718 0)
(-0.0695626513361 0.031091114126 0)
(-0.0712941053437 0.0352666515624 0)
(-0.0732767756783 0.0393229915012 0)
(-0.0755073282059 0.0432524725826 0)
(-0.0779826183958 0.0470465887068 0)
(-0.0806996168183 0.0506958291329 0)
(-0.0836553201107 0.0541895293105 0)
(-0.086846646099 0.0575157336022 0)
(-0.0902703115226 0.0606610716357 0)
(-0.0939226906145 0.0636106507071 0)
(-0.0977996526787 0.06634796745 0)
(-0.101896376784 0.0688548428745 0)
(-0.106207141803 0.0711113858695 0)
(-0.110725090317 0.0730959913452 0)
(-0.115441965409 0.0747853803206 0)
(-0.120347820146 0.0761546904263 0)
(-0.12543070069 0.0771776264057 0)
(-0.130676305517 0.0778266811916 0)
(-0.136067625215 0.0780734388747 0)
(-0.14158456994 0.0778889712234 0)
(-0.147203594684 0.0772443391407 0)
(-0.152897336271 0.076111209328 0)
(-0.158634280195 0.0744625941635 0)
(-0.164378480062 0.0722737190954 0)
(-0.170089357129 0.0695230163685 0)
(-0.175721611924 0.066193236378 0)
(-0.181225283557 0.062272658198 0)
(-0.186545994449 0.0577563688688 0)
(-0.191625417728 0.0526475671529 0)
(-0.196402000678 0.0469588323804 0)
(-0.200811969157 0.0407132838866 0)
(-0.20479062412 0.0339455432121 0)
(-0.208273921824 0.0267024020329 0)
(-0.211200304378 0.019043096497 0)
(-0.213512718614 0.0110390960816 0)
(-0.215160731542 0.0027733344391 0)
(-0.216102624063 -0.00566115833164 0)
(-0.216307325443 -0.0141632190808 0)
(-0.215756044464 -0.022626056127 0)
(-0.214443462765 -0.0309401868354 0)
(-0.212378382128 -0.0389966533113 0)
(-0.209583756979 -0.0466903276463 0)
(-0.206096092525 -0.0539231015524 0)
(-0.201964243275 -0.0606067592498 0)
(-0.197247698799 -0.0666653593776 0)
(-0.192014484559 -0.0720369979977 0)
(-0.186338829902 -0.0766748827313 0)
(-0.180298760586 -0.080547708729 0)
(-0.173973761068 -0.083639381694 0)
(-0.1674426269 -0.0859481752861 0)
(-0.160781595702 -0.08748543731 0)
(-0.154062811522 -0.0882739713833 0)
(-0.1473531459 -0.0883462203 0)
(-0.140713372143 -0.0877423670102 0)
(-0.134197668738 -0.0865084522831 0)
(-0.127853413619 -0.084694587844 0)
(-0.121721222944 -0.082353322654 0)
(-0.115835185024 -0.0795381999988 0)
(-0.110223241054 -0.0763025254599 0)
(-0.0939408200959 -0.0778055267858 0)
(-0.0890606332375 -0.0735604029276 0)
(-0.0845101578067 -0.0690347554695 0)
(-0.0802952856745 -0.0642764925643 0)
(-0.0764185779137 -0.0593295707694 0)
(-0.0728798579578 -0.0542338971121 0)
(-0.0696767507651 -0.0490253492366 0)
(-0.0668051640088 -0.0437358887983 0)
(-0.0642597105746 -0.0383937460673 0)
(-0.0620340740139 -0.0330236567237 0)
(-0.0601213202009 -0.0276471348476 0)
(-0.0585141594441 -0.0222827689738 0)
(-0.0572051638153 -0.0169465306957 0)
(-0.0561869446251 -0.0116520876268 0)
(-0.0554522948699 -0.00641111453445 0)
(-0.0549943011961 -0.00123359814983 0)
(-0.0548064295298 0.00387186743587 0)
(-0.0548825880502 0.00889779674983 0)
(-0.0552171706825 0.0138375413578 0)
(-0.0558050837683 0.0186850311062 0)
(-0.0566417580598 0.0234345280723 0)
(-0.0577231476845 0.028080392759 0)
(-0.0590457172449 0.0326168618666 0)
(-0.0606064177547 0.0370378368929 0)
(-0.0624026516695 0.0413366828315 0)
(-0.0644322268405 0.0455060363629 0)
(-0.0666932988112 0.0495376231545 0)
(-0.0691843004769 0.0534220841965 0)
(-0.0719038577479 0.0571488115111 0)
(-0.0748506894978 0.0607057940914 0)
(-0.0780234897444 0.0640794755438 0)
(-0.0814207897206 0.0672546256519 0)
(-0.0850407972583 0.0702142289517 0)
(-0.0888812107666 0.0729393944095 0)
(-0.0929390050509 0.0754092914307 0)
(-0.0972101863687 0.0776011187126 0)
(-0.101689514476 0.0794901138369 0)
(-0.10637019007 0.0810496129874 0)
(-0.111243507077 0.0822511716978 0)
(-0.11629847071 0.083064759002 0)
(-0.121521384297 0.0834590386708 0)
(-0.126895410592 0.0834017521833 0)
(-0.132400116757 0.0828602184849 0)
(-0.138011016469 0.0818019651324 0)
(-0.143699127682 0.0801955037529 0)
(-0.149430570344 0.0780112594419 0)
(-0.155166234662 0.0752226583234 0)
(-0.160861556829 0.0718073695466 0)
(-0.166466445003 0.0677486871182 0)
(-0.171925402716 0.0630370229556 0)
(-0.177177898797 0.0576714655228 0)
(-0.18215903085 0.0516613389661 0)
(-0.186800521897 0.0450276770306 0)
(-0.191032075481 0.0378045063309 0)
(-0.194783092299 0.0300398177626 0)
(-0.197984721279 0.0217960968409 0)
(-0.200572181221 0.0131502878162 0)
(-0.202487249333 0.00419308627468 0)
(-0.203680775205 -0.00497250762389 0)
(-0.204115049265 -0.0142333888271 0)
(-0.203765840735 -0.0234692456976 0)
(-0.20262392877 -0.0325560297413 0)
(-0.20069598228 -0.041369805221 0)
(-0.198004693168 -0.049790740706 0)
(-0.194588129884 -0.0577069792404 0)
(-0.190498349948 -0.065018125121 0)
(-0.185799380743 -0.0716381194822 0)
(-0.180564733367 -0.0774973394369 0)
(-0.174874645881 -0.0825438344531 0)
(-0.168813257037 -0.0867436956811 0)
(-0.162465892065 -0.0900806257862 0)
(-0.155916606164 -0.0925548297333 0)
(-0.149246087726 -0.0941813784076 0)
(-0.142529979265 -0.094988208477 0)
(-0.135837634262 -0.0950139170484 0)
(-0.129231295691 -0.0943054928629 0)
(-0.122765658167 -0.0929161016008 0)
(-0.116487760483 -0.0909030154731 0)
(-0.110437147769 -0.0883257499314 0)
(-0.104646241248 -0.0852444453596 0)
(-0.0991408568256 -0.0817185104069 0)
(-0.0821801311807 -0.0827785945609 0)
(-0.077455039471 -0.0782063349193 0)
(-0.0730623344145 -0.0733471487774 0)
(-0.0690047957691 -0.0682525692594 0)
(-0.0652819892887 -0.0629695288856 0)
(-0.0618909160902 -0.0575403196293 0)
(-0.0588265916957 -0.0520026762256 0)
(-0.0560825531952 -0.0463899540106 0)
(-0.0536512962831 -0.0407313764223 0)
(-0.0515246461749 -0.0350523312116 0)
(-0.0496940678115 -0.0293746981516 0)
(-0.0481509214987 -0.0237171944704 0)
(-0.0468866703678 -0.0180957272693 0)
(-0.0458930459384 -0.0125237448242 0)
(-0.0451621777051 -0.00701258088398 0)
(-0.0446866921651 -0.00157178790931 0)
(-0.0444597861063 0.00379054331754 0)
(-0.0444752783409 0.00906747911167 0)
(-0.0447276434233 0.014252953827 0)
(-0.045212030261 0.019341496133 0)
(-0.0459242679205 0.0243279699628 0)
(-0.0468608603529 0.0292073291414 0)
(-0.048018971219 0.033974384522 0)
(-0.0493963994758 0.0386235823996 0)
(-0.0509915458908 0.0431487930095 0)
(-0.0528033701766 0.0475431080574 0)
(-0.054831337975 0.0517986464663 0)
(-0.0570753564686 0.0559063678452 0)
(-0.0595356969514 0.0598558936124 0)
(-0.0622129022547 0.0636353362388 0)
(-0.0651076765032 0.0672311377267 0)
(-0.068220754272 0.0706279192216 0)
(-0.0715527458612 0.0738083445931 0)
(-0.0751039551078 0.0767530019157 0)
(-0.07887416596 0.0794403080579 0)
(-0.0828623939987 0.0818464430564 0)
(-0.0870665992566 0.0839453226038 0)
(-0.0914833571424 0.0857086187974 0)
(-0.096107485132 0.0871058412628 0)
(-0.100931624238 0.0881044927777 0)
(-0.105945776261 0.0886703154945 0)
(-0.111136800594 0.0887676456099 0)
(-0.116487878057 0.0883598956027 0)
(-0.121977953946 0.0874101836506 0)
(-0.127581178376 0.0858821290795 0)
(-0.133266368912 0.083740830192 0)
(-0.138996528454 0.0809540359191 0)
(-0.144728459814 0.0774935147799 0)
(-0.150412526959 0.0733366129605 0)
(-0.155992620351 0.0684679774143 0)
(-0.161406388965 0.0628813995606 0)
(-0.166585802573 0.0565817107429 0)
(-0.171458102728 0.049586633225 0)
(-0.175947187173 0.0419284624372 0)
(-0.179975448261 0.0336554311147 0)
(-0.183466050245 0.0248325890807 0)
(-0.18634558398 0.0155420300773 0)
(-0.188546984746 0.00588231543351 0)
(-0.190012546239 -0.00403301304979 0)
(-0.190696818987 -0.0140778717701 0)
(-0.190569155383 -0.0241169772701 0)
(-0.189615669699 -0.0340099426409 0)
(-0.187840421041 -0.0436158912671 0)
(-0.185265687928 -0.0527982883094 0)
(-0.181931280048 -0.0614296519393 0)
(-0.177892927466 -0.0693958004025 0)
(-0.173219885377 -0.0765993338225 0)
(-0.167991969023 -0.0829621353171 0)
(-0.162296274969 -0.0884267849367 0)
(-0.156223847907 -0.0929568923836 0)
(-0.149866520767 -0.0965364496871 0)
(-0.143314103533 -0.0991683707413 0)
(-0.136652036551 -0.100872419662 0)
(-0.129959566687 -0.101682738489 0)
(-0.123308455054 -0.10164517269 0)
(-0.116762186222 -0.100814566682 0)
(-0.110375621976 -0.0992521674191 0)
(-0.104195027097 -0.0970232375417 0)
(-0.0982583886952 -0.0941949445033 0)
(-0.0925959520163 -0.0908345613143 0)
(-0.0872309022142 -0.0870079893539 0)
(-0.0696311559533 -0.0875813929342 0)
(-0.0650997441038 -0.0826781841377 0)
(-0.0609020719349 -0.0774849692036 0)
(-0.0570374584029 -0.0720567972566 0)
(-0.0535021901989 -0.066443402897 0)
(-0.050290223487 -0.0606892428172 0)
(-0.0473937971785 -0.0548336581701 0)
(-0.0448039593676 -0.0489111299785 0)
(-0.0425110117545 -0.0429515999879 0)
(-0.0405048788741 -0.0369808342924 0)
(-0.0387754100111 -0.0310208116 0)
(-0.037312622057 -0.025090122026 0)
(-0.0361068914393 -0.0192043657668 0)
(-0.0351491028101 -0.0133765439306 0)
(-0.0344307615228 -0.00761743620101 0)
(-0.0339440761612 -0.00193596193927 0)
(-0.0336820165703 0.0036604771299 0)
(-0.0336383520281 0.00916567333048 0)
(-0.0338076734069 0.0145743083367 0)
(-0.0341854024313 0.0198816665063 0)
(-0.0347677904468 0.0250833649477 0)
(-0.0355519084645 0.0301750987375 0)
(-0.0365356296531 0.0351523995541 0)
(-0.0377176048822 0.0400104059693 0)
(-0.039097231393 0.044743643697 0)
(-0.0406746141568 0.049345814256 0)
(-0.0424505189803 0.0538095907486 0)
(-0.0444263159198 0.0581264197859 0)
(-0.0466039110626 0.0622863290145 0)
(-0.0489856642296 0.0662777402437 0)
(-0.0515742896399 0.0700872888237 0)
(-0.0543727360697 0.073699650734 0)
(-0.0573840425435 0.0770973798189 0)
(-0.0606111651398 0.0802607587728 0)
(-0.0640567701035 0.0831676688693 0)
(-0.0677229881995 0.0857934850664 0)
(-0.0716111251549 0.088111005015 0)
(-0.0757213232314 0.0900904226613 0)
(-0.0800521695508 0.0916993595493 0)
(-0.0846002478915 0.0929029695427 0)
(-0.0893596324606 0.093664135406 0)
(-0.0943213248203 0.0939437783558 0)
(-0.0994726388902 0.0937013040585 0)
(-0.104796543994 0.0928952102581 0)
(-0.110270982428 0.0914838817765 0)
(-0.115868186088 0.0894265973841 0)
(-0.121554026327 0.0866847691987 0)
(-0.12728744207 0.0832234279009 0)
(-0.133020002814 0.0790129551549 0)
(-0.138695674418 0.0740310472539 0)
(-0.144250865044 0.0682648705164 0)
(-0.149614834129 0.0617133391948 0)
(-0.154710546123 0.0543894113627 0)
(-0.159456039592 0.0463222596082 0)
(-0.163766357584 0.0375591355888 0)
(-0.167556044411 0.0281667172839 0)
(-0.170742156651 0.0182317143687 0)
(-0.17324766711 0.00786052064579 0)
(-0.175005068325 -0.00282225106845 0)
(-0.175959915383 -0.0136764359876 0)
(-0.176074001571 -0.0245501543763 0)
(-0.175327861648 -0.0352846450679 0)
(-0.1737223499 -0.0457198005075 0)
(-0.171279114145 -0.0557000286396 0)
(-0.168039876564 -0.0650800097827 0)
(-0.164064556811 -0.073729892897 0)
(-0.159428412059 -0.0815395275306 0)
(-0.154218476739 -0.0884214472883 0)
(-0.148529640482 -0.0943124733967 0)
(-0.142460701537 -0.0991739638031 0)
(-0.136110681963 -0.102990860133 0)
(-0.129575613801 -0.105769764775 0)
(-0.122945924174 -0.107536316668 0)
(-0.116304473282 -0.108332136289 0)
(-0.109725238122 -0.108211586935 0)
(-0.10327258927 -0.107238559731 0)
(-0.0970010786737 -0.105483442348 0)
(-0.0909556416241 -0.103020383101 0)
(-0.0851721129297 -0.0999249177743 0)
(-0.0796779628248 -0.0962719890048 0)
(-0.0744931691217 -0.0921343587275 0)
(-0.0563032707553 -0.0921720020288 0)
(-0.0520097947973 -0.0869353829404 0)
(-0.0480495580603 -0.0814093852048 0)
(-0.0444180810283 -0.0756523927995 0)
(-0.0411081103671 -0.0697167002682 0)
(-0.0381103660517 -0.0636486466655 0)
(-0.0354141803864 -0.0574888741802 0)
(-0.0330080345624 -0.0512726748287 0)
(-0.0308800012779 -0.0450303951621 0)
(-0.0290181034896 -0.0387878749784 0)
(-0.0274105999385 -0.0325669013972 0)
(-0.0260462079723 -0.0263856642698 0)
(-0.0249142736118 -0.0202592027564 0)
(-0.0240048979573 -0.0141998360727 0)
(-0.0233090280308 -0.00821757394082 0)
(-0.0228185190994 -0.0023205042663 0)
(-0.0225261744801 0.00348484290007 0)
(-0.0224257678355 0.00919315491611 0)
(-0.0225120520407 0.014800018581 0)
(-0.022780757856 0.0203016230218 0)
(-0.0232285848701 0.0256944814315 0)
(-0.0238531864768 0.0309751694232 0)
(-0.0246531500115 0.0361400776667 0)
(-0.0256279725809 0.041185176483 0)
(-0.026778032563 0.0461057901591 0)
(-0.0281045562203 0.050896378915 0)
(-0.029609578339 0.0555503267081 0)
(-0.0312958952768 0.0600597333805 0)
(-0.0331670082549 0.0644152100729 0)
(-0.0352270541623 0.0686056773552 0)
(-0.0374807205498 0.072618166166 0)
(-0.0399331408719 0.0764376224572 0)
(-0.0425897654078 0.0800467174276 0)
(-0.0454562026627 0.0834256664352 0)
(-0.0485380254516 0.0865520611443 0)
(-0.0518405353551 0.0894007212418 0)
(-0.0553684788551 0.0919435741591 0)
(-0.0591257083157 0.0941495737218 0)
(-0.0631147811916 0.0959846715117 0)
(-0.0673364915609 0.0974118579576 0)
(-0.0717893295146 0.0983912937022 0)
(-0.0764688663131 0.0988805555105 0)
(-0.0813670668151 0.0988350246299 0)
(-0.0864715358052 0.0982084487554 0)
(-0.0917647117847 0.0969537110264 0)
(-0.0972230307787 0.0950238400712 0)
(-0.102816093914 0.09237329302 0)
(-0.10850588582 0.0889595374331 0)
(-0.114246105864 0.0847449468279 0)
(-0.119981689972 0.0796990064666 0)
(-0.125648615623 0.0738007999677 0)
(-0.131174094321 0.0670417122699 0)
(-0.136477261045 0.0594282404401 0)
(-0.141470464295 0.050984752369 0)
(-0.146061237932 0.0417559788476 0)
(-0.150154991703 0.031808974942 0)
(-0.153658388074 0.0212342550945 0)
(-0.156483284134 0.0101458096283 0)
(-0.158551020964 -0.00132024199626 0)
(-0.15979674518 -0.0130085140126 0)
(-0.160173365781 -0.0247487365419 0)
(-0.159654741654 -0.0363614539936 0)
(-0.158237773005 -0.047664667643 0)
(-0.155943159267 -0.0584809609919 0)
(-0.152814676373 -0.0686445640196 0)
(-0.148916987461 -0.0780077457759 0)
(-0.144332207553 -0.0864459831878 0)
(-0.139155599944 -0.0938615255947 0)
(-0.133490858337 -0.100185192636 0)
(-0.127445418801 -0.105376467007 0)
(-0.1211261612 -0.109422113294 0)
(-0.114635745203 -0.112333647151 0)
(-0.108069716261 -0.114144011212 0)
(-0.101514423441 -0.114903803553 0)
(-0.0950457172052 -0.114677364025 0)
(-0.0887283431712 -0.113538965577 0)
(-0.0826159172339 -0.111569292733 0)
(-0.0767513550237 -0.108852326557 0)
(-0.071167630296 -0.105472700071 0)
(-0.0658887480911 -0.101513543238 0)
(-0.0609308353435 -0.0970548031197 0)
(-0.0422107520067 -0.0965023894297 0)
(-0.0382053881634 -0.0909318357722 0)
(-0.0345302709248 -0.0850766106404 0)
(-0.0311768139433 -0.0789981660243 0)
(-0.0281340033094 -0.0727510360782 0)
(-0.0253891793913 -0.0663830910217 0)
(-0.0229286899334 -0.0599359100796 0)
(-0.0207384249594 -0.0534452332876 0)
(-0.0188042463161 -0.0469414601421 0)
(-0.0171123255773 -0.0404501703083 0)
(-0.015649403931 -0.0339926478023 0)
(-0.0144029869336 -0.0275863952306 0)
(-0.0133614858897 -0.0212456288687 0)
(-0.0125143163021 -0.0149817487056 0)
(-0.0118519624563 -0.0088037801808 0)
(-0.0113660158461 -0.00271878631611 0)
(-0.0110491938741 0.00326774957745 0)
(-0.0108953440879 0.00915156937875 0)
(-0.0108994381589 0.0149293118404 0)
(-0.011057558877 0.0205982080009 0)
(-0.0113668826003 0.0261557975595 0)
(-0.0118256588656 0.0315996632884 0)
(-0.0124331882027 0.0369271805215 0)
(-0.0131897985924 0.0421352788109 0)
(-0.0140968204478 0.0472202129611 0)
(-0.0151565594526 0.0521773408314 0)
(-0.0163722660574 0.0570009055513 0)
(-0.0177480998829 0.0616838201005 0)
(-0.019289086702 0.066217452595 0)
(-0.0210010650641 0.0705914111191 0)
(-0.022890618958 0.0747933275459 0)
(-0.0249649922005 0.0788086405592 0)
(-0.0272319794761 0.0826203790551 0)
(-0.029699788152 0.0862089483009 0)
(-0.0323768641734 0.0895519227311 0)
(-0.0352716745558 0.0926238511189 0)
(-0.0383924382736 0.0953960821295 0)
(-0.041746796808 0.0978366210164 0)
(-0.0453414153746 0.0999100314996 0)
(-0.0491815060718 0.101577400696 0)
(-0.0532702650988 0.102796389348 0)
(-0.0576082180807 0.10352139444 0)
(-0.0621924707226 0.103703856378 0)
(-0.0670158669262 0.103292747981 0)
(-0.072066063546 0.102235286938 0)
(-0.0773245405572 0.100477916402 0)
(-0.0827655779191 0.0979675988448 0)
(-0.0883552459603 0.0946534647181 0)
(-0.0940504745349 0.0904888479902 0)
(-0.099798286731 0.0854337232066 0)
(-0.105535304109 0.0794575311816 0)
(-0.111187649997 0.072542340919 0)
(-0.116671391631 0.064686242502 0)
(-0.12189366511 0.0559067996521 0)
(-0.126754611439 0.0462443148747 0)
(-0.131150207627 0.0357645832915 0)
(-0.134975995471 0.0245607512476 0)
(-0.138131598193 0.0127538806349 0)
(-0.140525791726 0.000491865040705 0)
(-0.142081759076 -0.0120535607185 0)
(-0.142742009424 -0.0246917928875 0)
(-0.142472417294 -0.0372200693763 0)
(-0.141264974745 -0.0494314328735 0)
(-0.139138958853 -0.0611233966107 0)
(-0.136140266346 -0.0721066521305 0)
(-0.132338868068 -0.0822129878971 0)
(-0.127824660074 -0.091301642148 0)
(-0.122702225541 -0.0992635709551 0)
(-0.117085127877 -0.106023430356 0)
(-0.11109032833 -0.111539400987 0)
(-0.104833177567 -0.115801210084 0)
(-0.0984232590511 -0.118826803967 0)
(-0.0919612170651 -0.120658141169 0)
(-0.0855365877877 -0.121356544704 0)
(-0.0792265650751 -0.120997986988 0)
(-0.0730955749685 -0.119668597487 0)
(-0.0671955029332 -0.117460596 0)
(-0.0615664102839 -0.114468773871 0)
(-0.0562375849541 -0.110787577474 0)
(-0.0512287908445 -0.106508795696 0)
(-0.04655160432 -0.101719815894 0)
(-0.0273740472887 -0.100518141265 0)
(-0.0237130278719 -0.0946157727589 0)
(-0.0203760170648 -0.088437859999 0)
(-0.0173500659046 -0.0820485576838 0)
(-0.0146202412861 -0.0755042324963 0)
(-0.0121704276974 -0.0688538608714 0)
(-0.00998397933541 -0.0621395345475 0)
(-0.00804423891549 -0.0553970307986 0)
(-0.00633494088032 -0.0486564141218 0)
(-0.00484051668485 -0.0419426445857 0)
(-0.00354631888233 -0.0352761750375 0)
(-0.00243877924706 -0.0286735250023 0)
(-0.00150551441235 -0.0221478235494 0)
(-0.000735390672063 -0.0157093168213 0)
(-0.000118557809281 -0.00936583849823 0)
(0.000353539848083 -0.00312324334943 0)
(0.000688168447759 0.00301419462164 0)
(0.000891320345031 0.00904341701593 0)
(0.000967736342275 0.0149622458344 0)
(0.000920931237225 0.0207690748386 0)
(0.000753220348491 0.0264625839076 0)
(0.000465745438715 0.0320414727577 0)
(5.84991173497e-05 0.037504210429 0)
(-0.000469652601689 0.0428487970469 0)
(-0.00112094936248 0.0480725345193 0)
(-0.00189871639605 0.0531718030189 0)
(-0.00280734403507 0.0581418403531 0)
(-0.00385226498515 0.0629765215994 0)
(-0.00503992693668 0.0676681367427 0)
(-0.00637775746008 0.0722071644884 0)
(-0.00787411741473 0.076582040972 0)
(-0.00953823830822 0.080778922786 0)
(-0.0113801381649 0.0847814446468 0)
(-0.0134105094981 0.0885704731742 0)
(-0.0156405719431 0.0921238597302 0)
(-0.0180818810339 0.0954161971451 0)
(-0.0207460835321 0.0984185875183 0)
(-0.0236446087357 0.101098431234 0)
(-0.0267882844229 0.103419250956 0)
(-0.0301868656963 0.105340568745 0)
(-0.0338484652228 0.106817859645 0)
(-0.037778874541 0.107802611062 0)
(-0.0419807686231 0.108242523957 0)
(-0.0464527902375 0.108081898932 0)
(-0.0511885174182 0.107262257285 0)
(-0.0561753271094 0.105723253121 0)
(-0.061393181407 0.103403936455 0)
(-0.066813380197 0.100244427174 0)
(-0.0723973455588 0.0961880534873 0)
(-0.0780955286297 0.0911839933439 0)
(-0.0838465575647 0.0851904301643 0)
(-0.0895767739086 0.0781781920941 0)
(-0.0952003307562 0.0701347835193 0)
(-0.10062004307 0.0610686364403 0)
(-0.105729178208 0.051013308267 0)
(-0.11041433727 0.0400312387337 0)
(-0.114559485465 0.0282165744334 0)
(-0.118051048766 0.0156965242058 0)
(-0.120783847337 0.00263074953563 0)
(-0.122667453854 -0.0107916271915 0)
(-0.123632289854 -0.0243576212725 0)
(-0.123634700791 -0.0378382823758 0)
(-0.122660539501 -0.0509982047726 0)
(-0.120726935149 -0.0636060410434 0)
(-0.117881815694 -0.0754452866001 0)
(-0.114200979011 -0.086324177333 0)
(-0.109783057352 -0.0960835630362 0)
(-0.104743093632 -0.104602033216 0)
(-0.0992055975774 -0.111798044815 0)
(-0.0932978891645 -0.117629306979 0)
(-0.087144283008 -0.122089974967 0)
(-0.0808614088329 -0.125206283995 0)
(-0.0745547804696 -0.127031236046 0)
(-0.0683165928784 -0.127638889111 0)
(-0.0622246280825 -0.127118699656 0)
(-0.0563420893493 -0.125570252754 0)
(-0.0507181565036 -0.12309859924 0)
(-0.0453890557273 -0.119810317812 0)
(-0.0403794558819 -0.115810338081 0)
(-0.0357040327127 -0.111199500241 0)
(-0.0313690759197 -0.106072787047 0)
(-0.0118212514209 -0.104158320585 0)
(-0.00856684307208 -0.0979297390014 0)
(-0.00562609022153 -0.0914394419171 0)
(-0.00298150646976 -0.0847538122299 0)
(-0.000614168085882 -0.0779305493184 0)
(0.0014954835668 -0.0710192350239 0)
(0.00336700935998 -0.0640619894903 0)
(0.00501948661541 -0.0570941718463 0)
(0.00647114719519 -0.0501450923487 0)
(0.00773911766501 -0.0432387121856 0)
(0.00883924171736 -0.0363943147946 0)
(0.00978596740252 -0.0296271385287 0)
(0.0105922841744 -0.0229489650371 0)
(0.0112696971339 -0.0163686611038 0)
(0.0118282280483 -0.00989267411848 0)
(0.012276434685 -0.00352548304768 0)
(0.0126214417065 0.00272999207851 0)
(0.0128689778407 0.00887201843206 0)
(0.013023415281 0.0148997122586 0)
(0.0130878083128 0.0208127300068 0)
(0.0130639290427 0.0266109843302 0)
(0.0129522988461 0.0322943806241 0)
(0.0127522147875 0.0378625698796 0)
(0.0124617708287 0.0433147138072 0)
(0.0120778741565 0.0486492583566 0)
(0.0115962574537 0.0538637119725 0)
(0.0110114884363 0.0589544251527 0)
(0.0103169785067 0.0639163681254 0)
(0.00950499294583 0.0687429037617 0)
(0.00856666572045 0.0734255532058 0)
(0.00749202271755 0.0779537521645 0)
(0.0062700180732 0.0823145963933 0)
(0.00488858923519 0.0864925757186 0)
(0.00333473750778 0.0904692969728 0)
(0.00159464206691 0.0942231976094 0)
(-0.000346183211904 0.0977292535895 0)
(-0.00250267933298 0.100958687494 0)
(-0.00488996593661 0.103878685867 0)
(-0.00752298564926 0.106452138672 0)
(-0.0104160543527 0.108637418565 0)
(-0.0135823021162 0.110388223646 0)
(-0.0170329898104 0.111653514455 0)
(-0.0207766880032 0.112377584278 0)
(-0.0248183082069 0.112500311096 0)
(-0.0291579826073 0.111957649379 0)
(-0.0337897978087 0.110682429462 0)
(-0.0387004017307 0.10860554031 0)
(-0.0438675213187 0.105657576052 0)
(-0.0492584527551 0.101771025218 0)
(-0.0548286153441 0.09688307074 0)
(-0.0605202944809 0.0909390445958 0)
(-0.0662617371358 0.0838965391731 0)
(-0.0719668030871 0.0757301126324 0)
(-0.0775354108782 0.0664364312385 0)
(-0.0828550378739 0.0560395635029 0)
(-0.0878035152921 0.0445959789349 0)
(-0.0922532581277 0.0321986317065 0)
(-0.096076889526 0.0189794169785 0)
(-0.0991540684566 0.00510933641621 0)
(-0.1013791332 -0.00920426866152 0)
(-0.102668631431 -0.0237239698259 0)
(-0.10296759968 -0.038191560225 0)
(-0.102254138186 -0.0523393140142 0)
(-0.100542083483 -0.0659026330255 0)
(-0.0978809960354 -0.0786334685217 0)
(-0.0943528691168 -0.0903128484503 0)
(-0.0900659874699 -0.100760746806 0)
(-0.0851469784764 -0.109842265308 0)
(-0.0797323073565 -0.117469812497 0)
(-0.0739603413427 -0.123601783768 0)
(-0.0679646407846 -0.128238613762 0)
(-0.0618687486684 -0.131417067798 0)
(-0.0557825425076 -0.133203555341 0)
(-0.0498000716829 -0.133687142826 0)
(-0.0439986942776 -0.132972801227 0)
(-0.0384392639928 -0.131175265232 0)
(-0.0331670986276 -0.128413732076 0)
(-0.0282134740004 -0.124807502815 0)
(-0.023597419174 -0.120472572201 0)
(-0.0193276310871 -0.115519105899 0)
(-0.0154043715377 -0.110049702799 0)
(0.00441020887405 -0.107355505232 0)
(0.0071899382725 -0.100810765544 0)
(0.00967146071076 -0.0940230305665 0)
(0.011876860714 -0.0870603206183 0)
(0.0138290084869 -0.0799810731477 0)
(0.0155507803271 -0.0728349005831 0)
(0.0170644669735 -0.0656634124756 0)
(0.018391339838 -0.0585010564449 0)
(0.0195513465584 -0.0513759457706 0)
(0.020562909963 -0.0443106520358 0)
(0.0214428077371 -0.0373229493685 0)
(0.0222061134071 -0.0304265029381 0)
(0.0228661824651 -0.0236314988113 0)
(0.0234346703804 -0.0169452154386 0)
(0.0239215718348 -0.0103725391954 0)
(0.0243352727432 -0.00391642779986 0)
(0.0246826084995 0.00242167371327 0)
(0.0249689234472 0.00864145933152 0)
(0.0251981278562 0.0147434254077 0)
(0.0253727497381 0.0207285656934 0)
(0.0254939796806 0.0265980928766 0)
(0.0255617075894 0.032353181611 0)
(0.0255745508108 0.0379947282415 0)
(0.0255298736146 0.0435231226592 0)
(0.0254237984754 0.0489380279341 0)
(0.0252512100316 0.0542381635883 0)
(0.0250057530439 0.0594210885826 0)
(0.0246798261632 0.0644829802975 0)
(0.0242645738567 0.0694184060164 0)
(0.0237498794767 0.0742200836981 0)
(0.0231243631963 0.0788786291673 0)
(0.0223753894199 0.0833822873177 0)
(0.0214890893194 0.0877166455701 0)
(0.0204504053655 0.0918643287103 0)
(0.0192431661452 0.0958046754594 0)
(0.0178502013607 0.0995133988146 0)
(0.016253508697 0.102962234465 0)
(0.0144344861632 0.106118584613 0)
(0.0123742454675 0.108945168535 0)
(0.0100540238358 0.111399696341 0)
(0.00745571316972 0.113434588984 0)
(0.00456252621652 0.114996775691 0)
(0.00135981899404 0.116027609884 0)
(-0.00216391358725 0.116462956212 0)
(-0.00601585693317 0.116233514213 0)
(-0.0101975074074 0.11526545771 0)
(-0.0147031242084 0.113481481884 0)
(-0.0195180311504 0.110802360288 0)
(-0.0246168224868 0.107149118781 0)
(-0.0299615592947 0.102445928858 0)
(-0.0355000818272 0.0966238043525 0)
(-0.0411646088857 0.0896251482228 0)
(-0.0468708484416 0.0814091325934 0)
(-0.052517901592 0.0719577939272 0)
(-0.0579892965923 0.0612825733618 0)
(-0.0631555113252 0.0494308120188 0)
(-0.0678782371583 0.0364914313841 0)
(-0.0720163836509 0.0225988597146 0)
(-0.0754337163098 0.007934383549 0)
(-0.0780079621895 -0.0072759812942 0)
(-0.0796401006215 -0.0227684264007 0)
(-0.0802619163154 -0.0382524355366 0)
(-0.0798416053608 -0.0534238783179 0)
(-0.0783878437416 -0.0679798966815 0)
(-0.0759508341961 -0.0816356925697 0)
(-0.0726187879413 -0.094140680017 0)
(-0.0685103900993 -0.105291052284 0)
(-0.0637648474251 -0.114937279231 0)
(-0.0585313888386 -0.122986132401 0)
(-0.052959831902 -0.129398249984 0)
(-0.0471929298307 -0.134182632603 0)
(-0.0413606553843 -0.137389223749 0)
(-0.0355764017306 -0.139100540655 0)
(-0.0299349538632 -0.139423174253 0)
(-0.0245119622817 -0.138479782905 0)
(-0.0193645857965 -0.136401993083 0)
(-0.0145329631899 -0.133324431588 0)
(-0.0100422022583 -0.129379962509 0)
(-0.00590462366965 -0.124696090563 0)
(-0.00212205511382 -0.119392419497 0)
(0.00131197070058 -0.11357901467 0)
(0.0212716915887 -0.11003606824 0)
(0.0235033794971 -0.103190775504 0)
(0.0254584782133 -0.0961261593134 0)
(0.0271635800743 -0.0889111689236 0)
(0.0286453117418 -0.0816042939307 0)
(0.0299296048164 -0.0742545355544 0)
(0.0310411692275 -0.0669024082213 0)
(0.0320031317851 -0.0595809273822 0)
(0.0328368057915 -0.0523165543318 0)
(0.0335615619516 -0.0451300800758 0)
(0.0341947753699 -0.0380374386311 0)
(0.0347518277736 -0.0310504461189 0)
(0.035246148053 -0.0241774661488 0)
(0.0356892776663 -0.0174240047516 0)
(0.0360909503857 -0.0107932398458 0)
(0.0364591783021 -0.00428649120986 0)
(0.0368003379981 0.00209636258798 0)
(0.0371192524 0.00835651372778 0)
(0.037419265099 0.0144958946683 0)
(0.0377023049404 0.0205168814204 0)
(0.0379689394756 0.0264220246217 0)
(0.0382184165054 0.0322138027857 0)
(0.0384486934517 0.0378943924149 0)
(0.0386564547248 0.0434654499625 0)
(0.0388371176335 0.0489279008767 0)
(0.0389848277485 0.0542817311768 0)
(0.0390924450064 0.059525777201 0)
(0.0391515222612 0.0646575093153 0)
(0.0391522784774 0.0696728055239 0)
(0.03908356935 0.0745657110905 0)
(0.0389328588549 0.079328180486 0)
(0.0386861961132 0.0839497982786 0)
(0.0383282030303 0.0884174760393 0)
(0.0378420794683 0.0927151230056 0)
(0.0372096342662 0.0968232892433 0)
(0.0364113522492 0.100718781502 0)
(0.0354265094716 0.104374254018 0)
(0.0342333513043 0.107757779388 0)
(0.0328093505271 0.110832408608 0)
(0.0311315652045 0.113555734638 0)
(0.0291771185662 0.115879480905 0)
(0.0269238250335 0.117749145141 0)
(0.0243509873823 0.119103740384 0)
(0.0214403890988 0.119875688719 0)
(0.0181775023352 0.119990939543 0)
(0.0145529244533 0.119369401862 0)
(0.0105640437876 0.117925798415 0)
(0.00621691673684 0.115571065995 0)
(0.00152831237363 0.11221443841 0)
(-0.00347215295226 0.10776635178 0)
(-0.0087399092612 0.102142301474 0)
(-0.0142135218855 0.0952677515871 0)
(-0.019813204541 0.087084143392 0)
(-0.0254400634027 0.0775559524839 0)
(-0.0309764791758 0.0666785828033 0)
(-0.036288133343 0.0544866055461 0)
(-0.0412280844861 0.0410613979349 0)
(-0.0456428667701 0.0265369219339 0)
(-0.0493805884589 0.011102773337 0)
(-0.0523016412163 -0.00499650463496 0)
(-0.0542902571598 -0.0214691051804 0)
(-0.0552631151959 -0.0379895926591 0)
(-0.0551755858282 -0.0542135900212 0)
(-0.0540280261954 -0.0697944217186 0)
(-0.0518691763002 -0.0844042203973 0)
(-0.0487927938002 -0.0977553582894 0)
(-0.04492831856 -0.109616797886 0)
(-0.0404282051383 -0.119823249049 0)
(-0.0354548315388 -0.128276604115 0)
(-0.0301693750583 -0.134941752599 0)
(-0.0247232417682 -0.139838996775 0)
(-0.0192519083322 -0.143034498626 0)
(-0.0138710502851 -0.144629884105 0)
(-0.00867474869387 -0.144751976422 0)
(-0.00373541210158 -0.143543376131 0)
(0.00089501950075 -0.141154326898 0)
(0.00518301133157 -0.137736071372 0)
(0.00911088354481 -0.133435722413 0)
(0.0126740768035 -0.128392548927 0)
(0.0158784593851 -0.122735499275 0)
(0.0187378279645 -0.116581750581 0)
(0.0387012866534 -0.112120773991 0)
(0.0403071247769 -0.104997285101 0)
(0.0416652962153 -0.0976829842665 0)
(0.0428066212941 -0.0902469298228 0)
(0.0437611171207 -0.0827468969441 0)
(0.044557348577 -0.0752305802542 0)
(0.0452219921182 -0.0677367838016 0)
(0.0457795671646 -0.060296558137 0)
(0.0462522957676 -0.052934260192 0)
(0.0466600574752 -0.0456685232509 0)
(0.0470204122954 -0.0385131324618 0)
(0.0473486700454 -0.0314778068433 0)
(0.0476579890339 -0.0245688922996 0)
(0.0479594909323 -0.0177899722945 0)
(0.0482623818992 -0.011142403982 0)
(0.0485740725908 -0.00462578804192 0)
(0.0489002917304 0.00176161950326 0)
(0.0492451894889 0.00802254548211 0)
(0.0496114281508 0.0141603801814 0)
(0.0500002584642 0.0201788932487 0)
(0.0504115807767 0.0260819782754 0)
(0.050843990589 0.0318734199051 0)
(0.0512948085696 0.0375566777329 0)
(0.0517600953992 0.0431346816199 0)
(0.0522346521012 0.0486096333279 0)
(0.052712006782 0.0539828095953 0)
(0.0531843889963 0.0592543619338 0)
(0.053642693287 0.0644231085175 0)
(0.0540764338648 0.0694863135946 0)
(0.0544736929143 0.0744394499021 0)
(0.0548210656817 0.0792759396102 0)
(0.0551036063493 0.0839868694381 0)
(0.0553047797688 0.0885606758064 0)
(0.0554064254688 0.0929827963003 0)
(0.0553887419904 0.0972352844152 0)
(0.0552303016081 0.101296385693 0)
(0.054908107862 0.105140075088 0)
(0.054397711094 0.108735557982 0)
(0.0536734002945 0.11204674102 0)
(0.0527084929309 0.115031684169 0)
(0.0514757478424 0.117642052693 0)
(0.0499479293652 0.119822597454 0)
(0.0480985530466 0.121510704684 0)
(0.0459028437798 0.122636072446 0)
(0.0433389349024 0.123120590406 0)
(0.0403893305134 0.122878521886 0)
(0.0370426417395 0.12181711096 0)
(0.0332955895792 0.11983776076 0)
(0.0291552408855 0.116837948784 0)
(0.0246414099114 0.112714056472 0)
(0.0197891183638 0.107365288686 0)
(0.0146509620424 0.100698841656 0)
(0.00929917288634 0.0926364401801 0)
(0.00382708091517 0.0831222892338 0)
(-0.00165046750434 0.0721323471384 0)
(-0.00699842385379 0.0596845132195 0)
(-0.0120652171706 0.0458485796794 0)
(-0.0166885056352 0.0307541226541 0)
(-0.0207027826825 0.0145957155871 0)
(-0.0239517105953 -0.00236460180009 0)
(-0.0263029919796 -0.0198058859344 0)
(-0.0276571214466 -0.0373664700405 0)
(-0.0279526154962 -0.0546592225624 0)
(-0.0271759804676 -0.0712878230647 0)
(-0.0253703008097 -0.0868734368401 0)
(-0.0226329047614 -0.101084467476 0)
(-0.0191035665863 -0.113658439596 0)
(-0.01494799814 -0.124413255975 0)
(-0.0103413233657 -0.133247112088 0)
(-0.0054552009228 -0.140131595238 0)
(-0.000448504559434 -0.145101426758 0)
(0.00453920005191 -0.148242336956 0)
(0.0093915513679 -0.149678275887 0)
(0.0140168705033 -0.149559112443 0)
(0.018347692032 -0.148049642633 0)
(0.0223389029506 -0.145320357246 0)
(0.0259650078948 -0.141540132239 0)
(0.0292169609721 -0.136870797031 0)
(0.0320989097281 -0.131463396027 0)
(0.0346250964184 -0.125455882096 0)
(0.0368170698793 -0.118971955713 0)
(0.0566216495178 -0.113525771212 0)
(0.0575206467883 -0.1061544628 0)
(0.0582093517755 -0.0986253656928 0)
(0.0587223065946 -0.0910067322351 0)
(0.0590923497841 -0.0833547952026 0)
(0.0593500790689 -0.0757152142977 0)
(0.0595235307314 -0.0681244579934 0)
(0.0596380231426 -0.0606110871101 0)
(0.0597161206148 -0.0531969230244 0)
(0.0597776820084 -0.045898094772 0)
(0.0598399659479 -0.0387259667865 0)
(0.0599177708653 -0.0316879536792 0)
(0.0600235933601 -0.0247882311245 0)
(0.0601677926258 -0.01802835322 0)
(0.0603587520595 -0.0114077870834 0)
(0.0606030317821 -0.00492437526444 0)
(0.0609055077916 0.00142526395787 0)
(0.0612694949631 0.00764538901737 0)
(0.0616968522122 0.0137408316212 0)
(0.0621880689369 0.0197167295518 0)
(0.0627423324233 0.0255782885354 0)
(0.0633575763028 0.0313305666108 0)
(0.0640305104361 0.0369782749474 0)
(0.0647566328079 0.0425255894888 0)
(0.0655302241894 0.047975968097 0)
(0.0663443264917 0.0533319680906 0)
(0.0671907059171 0.0585950591886 0)
(0.0680598022584 0.0637654269012 0)
(0.068940666015 0.0688417613701 0)
(0.0698208854319 0.0738210265774 0)
(0.070686506162 0.0786982047218 0)
(0.0715219470322 0.0834660104609 0)
(0.0723099164329 0.088114569683 0)
(0.0730313351739 0.0926310575707 0)
(0.073665273346 0.0969992910567 0)
(0.0741889108375 0.101199271496 0)
(0.0745775337435 0.105206674678 0)
(0.074804582019 0.108992287427 0)
(0.0748417673545 0.112521393408 0)
(0.0746592843442 0.115753115746 0)
(0.0742261423712 0.118639731356 0)
(0.0735106498939 0.121125982154 0)
(0.0724810863467 0.123148422262 0)
(0.0711065987119 0.124634858641 0)
(0.0693583587043 0.125503965553 0)
(0.0672110109302 0.125665180409 0)
(0.0646444309133 0.125019018494 0)
(0.0616457931505 0.12345797436 0)
(0.0582119217291 0.120868204733 0)
(0.0543518599582 0.117132206432 0)
(0.050089557781 0.11213270716 0)
(0.0454665416484 0.105757978198 0)
(0.0405443921829 0.0979087583832 0)
(0.0354068013391 0.0885069411093 0)
(0.0301608136625 0.0775061264092 0)
(0.0249363352532 0.0649038904448 0)
(0.0198828264659 0.0507543938359 0)
(0.0151643284841 0.0351782141378 0)
(0.0109546916778 0.0183695110057 0)
(0.00742400778292 0.000605587996046 0)
(0.00471773583766 -0.0177626575499 0)
(0.00295015927476 -0.0363390071702 0)
(0.00220521539094 -0.0546949159584 0)
(0.00252027480881 -0.0723790456042 0)
(0.00386600631648 -0.0889511373117 0)
(0.00614584203517 -0.104026322789 0)
(0.00921150899409 -0.117305376646 0)
(0.0128852549181 -0.128588548602 0)
(0.0169810045143 -0.137771950258 0)
(0.0213186634349 -0.144836560369 0)
(0.0257338070685 -0.149834792705 0)
(0.0300845929765 -0.152875419134 0)
(0.0342557676353 -0.15410799874 0)
(0.0381598243407 -0.153708250379 0)
(0.0417359241693 -0.15186532369 0)
(0.0449473021723 -0.148771412593 0)
(0.0477777936977 -0.144613808733 0)
(0.0502280013875 -0.139569253428 0)
(0.0523114968068 -0.133800292843 0)
(0.0540513203513 -0.127453268293 0)
(0.0554769285217 -0.120657564612 0)
(0.0749378108536 -0.114164067043 0)
(0.0750475390063 -0.106584608616 0)
(0.0749938886825 -0.0988843113025 0)
(0.074814360601 -0.0911296387788 0)
(0.0745438227356 -0.0833744208068 0)
(0.0742141153155 -0.0756615492513 0)
(0.0738538687785 -0.0680245486567 0)
(0.0734884758278 -0.0604889976826 0)
(0.0731401703046 -0.0530737939672 0)
(0.0728281759386 -0.0457922654007 0)
(0.0725688968309 -0.0386531370311 0)
(0.0723761287307 -0.0316613661881 0)
(0.072261275897 -0.0248188598645 0)
(0.0722335627963 -0.0181250886308 0)
(0.0723002332791 -0.0115776108546 0)
(0.0724667324154 -0.00517252007916 0)
(0.0727368680215 0.00109517268023 0)
(0.0731129502431 0.00723121111707 0)
(0.0735959084824 0.0132418107963 0)
(0.074185385588 0.0191334128113 0)
(0.0748798096294 0.0249124663475 0)
(0.0756764438315 0.0305852333085 0)
(0.0765714153884 0.0361576087747 0)
(0.0775597239567 0.0416349515332 0)
(0.0786352306805 0.0470219192506 0)
(0.0797906286468 0.0523223030544 0)
(0.0810173957518 0.0575388563788 0)
(0.0823057310869 0.0626731128834 0)
(0.0836444761718 0.067725188119 0)
(0.0850210226983 0.0726935593901 0)
(0.0864212089407 0.0775748179656 0)
(0.087829207688 0.0823633874613 0)
(0.0892274095131 0.0870512018978 0)
(0.0905963064804 0.0916273366871 0)
(0.091914383083 0.0960775857189 0)
(0.0931580233799 0.100383977955 0)
(0.0943014460583 0.104524227673 0)
(0.0953166825537 0.108471114051 0)
(0.0961736174725 0.112191788538 0)
(0.0968401153567 0.115647013004 0)
(0.0972822631499 0.118790338739 0)
(0.0974647632064 0.121567246943 0)
(0.0973515166037 0.123914286471 0)
(0.0969064397355 0.125758265298 0)
(0.0960945569945 0.127015579142 0)
(0.0948834067573 0.127591793588 0)
(0.0932447849378 0.127381633241 0)
(0.091156828463 0.126269569529 0)
(0.0886064077425 0.124131233534 0)
(0.0855917524107 0.120835903983 0)
(0.0821251910771 0.116250323653 0)
(0.0782358611951 0.110244083221 0)
(0.0739722436011 0.102696797485 0)
(0.0694044283299 0.0935073023075 0)
(0.0646259445905 0.0826052336233 0)
(0.059753952976 0.069965429753 0)
(0.0549255060408 0.0556236581014 0)
(0.0502929405093 0.0396872236679 0)
(0.0460274687503 0.0223410358574 0)
(0.0423061528106 0.00387388326464 0)
(0.039277718898 -0.0153314279714 0)
(0.0370633077957 -0.0348520901701 0)
(0.0357770830416 -0.0542288945379 0)
(0.0354990428936 -0.0729521555435 0)
(0.0362289691349 -0.0905049793128 0)
(0.0378795167939 -0.106436043832 0)
(0.0402982835248 -0.12040243231 0)
(0.0432989219611 -0.132186301831 0)
(0.0466885769214 -0.14168344633 0)
(0.0502823154697 -0.14888657402 0)
(0.0539126231783 -0.153868721067 0)
(0.0574371749451 -0.156764985557 0)
(0.0607433798726 -0.157753706774 0)
(0.0637493545734 -0.157039140099 0)
(0.0664022241975 -0.154836783687 0)
(0.0686747381184 -0.151361768418 0)
(0.0705609924858 -0.14682031126 0)
(0.0720718846234 -0.141403959109 0)
(0.0732307537288 -0.135286181314 0)
(0.0740694899116 -0.128620806384 0)
(0.0746252494771 -0.121541815436 0)
(0.0935350933523 -0.113947561555 0)
(0.0927739712481 -0.106210107336 0)
(0.0919068577294 -0.0983918153393 0)
(0.0909731734513 -0.0905563499874 0)
(0.0900087926168 -0.0827542831455 0)
(0.0890458172293 -0.0750250370255 0)
(0.0881125523004 -0.0673986329015 0)
(0.0872336180792 -0.0598972354761 0)
(0.0864301500225 -0.0525364976966 0)
(0.0857200495733 -0.0453267194137 0)
(0.085118258811 -0.0382738376147 0)
(0.0846370398672 -0.0313802675651 0)
(0.0842862459834 -0.024645614107 0)
(0.0840735755551 -0.0180672713326 0)
(0.0840048037703 -0.0116409273197 0)
(0.0840839887796 -0.00536098889842 0)
(0.0843136509586 0.000779060299306 0)
(0.0846949249097 0.00678635687627 0)
(0.0852276845531 0.0126683996181 0)
(0.0859106420715 0.0184328274427 0)
(0.0867414216928 0.0240872255185 0)
(0.0877166093767 0.0296389525881 0)
(0.0888317794652 0.0350949832232 0)
(0.0900814993019 0.0404617592505 0)
(0.0914593127518 0.0457450449291 0)
(0.0929577034829 0.0509497806398 0)
(0.09456803884 0.0560799298937 0)
(0.0962804951569 0.0611383143471 0)
(0.0980839654649 0.0661264312772 0)
(0.0999659507746 0.0710442476045 0)
(0.101912436495 0.0758899640706 0)
(0.103907756141 0.0806597426109 0)
(0.105934445346 0.0853473893408 0)
(0.107973090404 0.0899439849406 0)
(0.110002177216 0.0944374536718 0)
(0.111997948731 0.0988120619206 0)
(0.113934281836 0.103047837227 0)
(0.115782598323 0.107119899545 0)
(0.117511829186 0.11099769844 0)
(0.119088456965 0.114644153745 0)
(0.12047666733 0.118014703801 0)
(0.121638647913 0.121056276026 0)
(0.122535079057 0.123706210807 0)
(0.123125866004 0.125891193038 0)
(0.123371163019 0.127526277497 0)
(0.123232733831 0.128514134742 0)
(0.122675676667 0.128744691248 0)
(0.121670513484 0.128095386761 0)
(0.120195596903 0.126432316917 0)
(0.118239719668 0.123612557665 0)
(0.115804738266 0.119487959939 0)
(0.112907984528 0.113910662256 0)
(0.109584272637 0.10674052755 0)
(0.105887576071 0.0978546924664 0)
(0.101892774122 0.0871597749182 0)
(0.0976960086273 0.0746083393853 0)
(0.0934078443654 0.0602189318571 0)
(0.0891448988876 0.0440847633826 0)
(0.085054646055 0.0263657637936 0)
(0.0813089043631 0.0073560875419 0)
(0.0780370846464 -0.0125205272011 0)
(0.0753437318399 -0.0328348784161 0)
(0.073383861758 -0.0531290602807 0)
(0.0723157739349 -0.0728372755709 0)
(0.0721968205148 -0.0913413690001 0)
(0.0729646460609 -0.108104209563 0)
(0.0744719081984 -0.122729841576 0)
(0.0765311944727 -0.134982553231 0)
(0.0789509379709 -0.144758591449 0)
(0.0815465526434 -0.152062904901 0)
(0.0841495028218 -0.156990838841 0)
(0.0866176824783 -0.159706516985 0)
(0.0888415840428 -0.160419983367 0)
(0.0907453960185 -0.159366585332 0)
(0.0922846947888 -0.156790030263 0)
(0.0934421886667 -0.152929430915 0)
(0.0942225347669 -0.14801019132 0)
(0.0946470016828 -0.142238273731 0)
(0.0947485127524 -0.135797203528 0)
(0.0945673685994 -0.128847129688 0)
(0.0941477639363 -0.121525318132 0)
(0.112277313027 -0.112789705566 0)
(0.110567461318 -0.104955891474 0)
(0.108820143029 -0.0970831095068 0)
(0.107075384946 -0.0892312373002 0)
(0.105368821746 -0.0814467864393 0)
(0.103731660455 -0.0737650803974 0)
(0.102190825064 -0.0662121629056 0)
(0.100769214116 -0.0588064440345 0)
(0.0994860217808 -0.0515601035395 0)
(0.0983570870898 -0.0444802767791 0)
(0.0973952468946 -0.0375700502433 0)
(0.0966106762899 -0.0308292930837 0)
(0.0960112062049 -0.0242553491285 0)
(0.0956026121304 -0.0178436113853 0)
(0.0953888709123 -0.0115879983968 0)
(0.0953723845394 -0.00548134925322 0)
(0.0955541711431 0.000484248270814 0)
(0.0959340242186 0.00631718405903 0)
(0.0965106414981 0.0120260958653 0)
(0.0972817250913 0.0176196742709 0)
(0.0982440545217 0.0231064944995 0)
(0.0993935341907 0.0284948681697 0)
(0.100725216645 0.0337927088126 0)
(0.102233302835 0.039007405528 0)
(0.103911120347 0.0441456994868 0)
(0.105751080432 0.0492135581524 0)
(0.107744614477 0.0542160420871 0)
(0.10988209051 0.0591571590286 0)
(0.112152710311 0.064039699575 0)
(0.114544387799 0.0688650483256 0)
(0.117043609652 0.0736329636528 0)
(0.11963527957 0.0783413184754 0)
(0.122302548347 0.0829857934654 0)
(0.125026633014 0.0875595130783 0)
(0.127786629925 0.0920526137229 0)
(0.130559328824 0.0964517323975 0)
(0.133319037935 0.100739403381 0)
(0.136037434044 0.104893350406 0)
(0.138683456635 0.108885662669 0)
(0.14122327152 0.112681845738 0)
(0.14362033714 0.1162397442 0)
(0.145835615412 0.11950834319 0)
(0.147827978043 0.122426473026 0)
(0.14955486678 0.124921467448 0)
(0.150973269386 0.126907863865 0)
(0.152041067518 0.128286284889 0)
(0.152718793109 0.128942702658 0)
(0.15297179185 0.128748355068 0)
(0.152772724731 0.127560646919 0)
(0.152104222705 0.125225409616 0)
(0.150961364429 0.121580876052 0)
(0.149353535868 0.116463651107 0)
(0.147305202636 0.109716825077 0)
(0.144855651046 0.101200066484 0)
(0.142059233895 0.0908018737331 0)
(0.138985233753 0.0784577776361 0)
(0.135701976831 0.0641791852455 0)
(0.132247958747 0.0480577726634 0)
(0.12870768717 0.0301989976905 0)
(0.125228843376 0.0108897268853 0)
(0.121876709747 -0.00937175691425 0)
(0.118681174149 -0.0301927309528 0)
(0.115851401916 -0.0511953677186 0)
(0.113690950323 -0.071775989419 0)
(0.112365614084 -0.0911696734248 0)
(0.111868328186 -0.108722837258 0)
(0.112076210954 -0.123973261857 0)
(0.112815700959 -0.13666871306 0)
(0.113910420739 -0.146702507757 0)
(0.115181514729 -0.154087548159 0)
(0.116458427148 -0.158940650553 0)
(0.117596624188 -0.161456822182 0)
(0.118487404138 -0.161880636224 0)
(0.119059436575 -0.160481217947 0)
(0.11927571509 -0.157532459272 0)
(0.119128201256 -0.153298499895 0)
(0.118631504868 -0.148024073568 0)
(0.117816584646 -0.141928970215 0)
(0.116725105443 -0.135205678924 0)
(0.11540475429 -0.128019291197 0)
(0.113905583364 -0.120508875545 0)
(0.13100549001 -0.110608812442 0)
(0.128276148376 -0.102752419624 0)
(0.125589265425 -0.0948993145687 0)
(0.122983911099 -0.0871046829485 0)
(0.1204940427 -0.0794102785574 0)
(0.118148672178 -0.0718468146762 0)
(0.115972183984 -0.0644360057691 0)
(0.113984735363 -0.0571922882327 0)
(0.112202691541 -0.0501242568323 0)
(0.110639063798 -0.0432358552428 0)
(0.109303929819 -0.0365273574835 0)
(0.108204823852 -0.0299961737092 0)
(0.107347089852 -0.0236375098363 0)
(0.106734194615 -0.0174449064379 0)
(0.106368000398 -0.0114106785585 0)
(0.106248998061 -0.00552627470432 0)
(0.106376502656 0.000217429659996 0)
(0.10674881381 0.00582989126215 0)
(0.107363343387 0.011320700039 0)
(0.108216712839 0.0166994129144 0)
(0.109304822454 0.0219754125854 0)
(0.11062289445 0.0271577846064 0)
(0.112165491564 0.0322552068439 0)
(0.113926512454 0.0372758459278 0)
(0.115899164939 0.0422272556544 0)
(0.118075917819 0.047116272429 0)
(0.120448431761 0.0519489027825 0)
(0.123007469569 0.0567301977467 0)
(0.125742786014 0.0614641084318 0)
(0.128642997446 0.0661533165229 0)
(0.131695431492 0.0707990325679 0)
(0.134885957544 0.0754007538794 0)
(0.138198799312 0.0799559726125 0)
(0.141616331746 0.08445982311 0)
(0.145118866092 0.0889046559634 0)
(0.148684429025 0.0932795245109 0)
(0.152288544866 0.0975695678143 0)
(0.155904034082 0.101755272832 0)
(0.159500846929 0.105811598031 0)
(0.163045958503 0.109706941895 0)
(0.166503360891 0.113401944035 0)
(0.169834199416 0.116848115929 0)
(0.172997112652 0.119986315592 0)
(0.175948848269 0.122745109315 0)
(0.17864523559 0.125039108441 0)
(0.181042594787 0.126767433889 0)
(0.183099643547 0.127812545994 0)
(0.184779916538 0.128039775184 0)
(0.186054620643 0.127297989478 0)
(0.186905667915 0.125421917635 0)
(0.18732836594 0.122236664108 0)
(0.187332934561 0.117564864785 0)
(0.186943548398 0.111236572278 0)
(0.186194078333 0.1031007241 0)
(0.185124200992 0.0930366118941 0)
(0.18378016034 0.0809733567404 0)
(0.18218118315 0.0669435557701 0)
(0.180214810171 0.0510911835384 0)
(0.177830467544 0.0334129620199 0)
(0.175117605341 0.0141620708552 0)
(0.172001917147 -0.00599216750988 0)
(0.16831002082 -0.026783777296 0)
(0.164314695187 -0.0480968371685 0)
(0.160586247925 -0.0693519285501 0)
(0.157488138972 -0.0895377669355 0)
(0.155134210541 -0.107829216728 0)
(0.153466157153 -0.123678473488 0)
(0.152350637512 -0.136820108928 0)
(0.15164753036 -0.1471295487 0)
(0.151183996854 -0.154613578224 0)
(0.150777326302 -0.159406020411 0)
(0.15027052364 -0.161734304392 0)
(0.149548372695 -0.161881163437 0)
(0.148539067392 -0.160153167473 0)
(0.147209741367 -0.156857128122 0)
(0.145559375623 -0.152283687584 0)
(0.143610817693 -0.146697200199 0)
(0.141403168197 -0.140330663793 0)
(0.138985267737 -0.133384324479 0)
(0.136410543286 -0.126026713043 0)
(0.133733185384 -0.118397123865 0)
(0.149537335694 -0.107332003587 0)
(0.145728779412 -0.0995391319995 0)
(0.14205372853 -0.0917904443291 0)
(0.138548541153 -0.0841356739464 0)
(0.135243923231 -0.0766112776505 0)
(0.132165301527 -0.0692430089222 0)
(0.129333309092 -0.0620480592526 0)
(0.126764317094 -0.0550368215661 0)
(0.124470969781 -0.0482143313771 0)
(0.122462695692 -0.0415814379192 0)
(0.120746179583 -0.0351357518029 0)
(0.119325787199 -0.0288724093837 0)
(0.118203940042 -0.0227846877943 0)
(0.117381440418 -0.0168644989576 0)
(0.116857748923 -0.0111027859769 0)
(0.116631217507 -0.00548984113939 0)
(0.116699281667 -1.5561315174e-05 0)
(0.117058615384 0.00533034629534 0)
(0.117705252207 0.0105581973957 0)
(0.11863467559 0.0156781939534 0)
(0.11984188118 0.0207003102576 0)
(0.121321413335 0.0256341953269 0)
(0.123067377712 0.030489086113 0)
(0.125073431338 0.0352737264927 0)
(0.127332751198 0.039996287348 0)
(0.129837981977 0.0446642831323 0)
(0.132581163277 0.049284480221 0)
(0.135553636359 0.0538627920264 0)
(0.138745930256 0.0584041553331 0)
(0.142147626966 0.0629123815553 0)
(0.145747205508 0.0673899756087 0)
(0.149531864787 0.0718379138053 0)
(0.15348732572 0.0762553705947 0)
(0.157597613913 0.0806393820603 0)
(0.161844825564 0.0849844318244 0)
(0.166208881339 0.0892819424689 0)
(0.170667276096 0.0935196527936 0)
(0.175194836762 0.0976808584825 0)
(0.179763506947 0.10174349146 0)
(0.184342185467 0.105679012252 0)
(0.188896657491 0.109451091481 0)
(0.193389671869 0.113014063655 0)
(0.197781236271 0.116311152228 0)
(0.202029222249 0.119272494712 0)
(0.206090392526 0.121813047557 0)
(0.209921975476 0.123830531163 0)
(0.213483903759 0.1252036901 0)
(0.216741793798 0.125791286317 0)
(0.219670645445 0.125432411768 0)
(0.222259014898 0.123948904045 0)
(0.224513008318 0.121150799796 0)
(0.226458693073 0.116845709663 0)
(0.228139740804 0.110852328264 0)
(0.22960650449 0.10301558608 0)
(0.230904075073 0.0932178532419 0)
(0.232084967743 0.0813984951626 0)
(0.233153029473 0.0676744146192 0)
(0.233723600035 0.0524128134735 0)
(0.233507827147 0.0353330574215 0)
(0.232409769442 0.0166203968961 0)
(0.230114885377 -0.0026031154038 0)
(0.226001771162 -0.0224097474121 0)
(0.220391544932 -0.0433382806636 0)
(0.214328692685 -0.0649413123375 0)
(0.208518049429 -0.0857577074167 0)
(0.203368680829 -0.104725180657 0)
(0.19896136892 -0.121186196511 0)
(0.195239484016 -0.13485668782 0)
(0.192124143414 -0.145545259781 0)
(0.189429513073 -0.153220477815 0)
(0.186929901236 -0.158025847095 0)
(0.184432395778 -0.160225181652 0)
(0.181800068616 -0.160146366753 0)
(0.178951060348 -0.158139966525 0)
(0.175850664891 -0.154550440823 0)
(0.172501023099 -0.149697562813 0)
(0.168930432036 -0.143866145527 0)
(0.165183783402 -0.137301964123 0)
(0.161314867687 -0.130211836279 0)
(0.157380639559 -0.122766203306 0)
(0.153437223882 -0.115103001046 0)
(0.167667809315 -0.102899696466 0)
(0.162735631659 -0.0952682873726 0)
(0.158038174744 -0.0877186674133 0)
(0.153607229013 -0.0802945605376 0)
(0.149468621835 -0.07302679409 0)
(0.145642789023 -0.0659360124485 0)
(0.142145412821 -0.0590348777049 0)
(0.138988065794 -0.0523298400342 0)
(0.136178824358 -0.0458225536245 0)
(0.13372283196 -0.0395110042797 0)
(0.131622802588 -0.0333904045031 0)
(0.129879461944 -0.0274539022011 0)
(0.128491927683 -0.021693140643 0)
(0.127458032347 -0.0160987001223 0)
(0.126774593743 -0.0106604458209 0)
(0.126437637846 -0.0053678015386 0)
(0.126442579272 -0.000209965083662 0)
(0.126784363955 0.00482392196999 0)
(0.127457578239 0.00974463988141 0)
(0.128456527997 0.0145627833061 0)
(0.129775290838 0.0192886738925 0)
(0.131407743899 0.0239322870598 0)
(0.133347569175 0.0285031878855 0)
(0.135588237845 0.0330104715524 0)
(0.138122974559 0.0374627040781 0)
(0.140944702242 0.0418678591142 0)
(0.144045967554 0.0462332464522 0)
(0.147418846807 0.0505654275003 0)
(0.151054831859 0.0548701123894 0)
(0.154944695282 0.0591520325083 0)
(0.159078334034 0.0634147811044 0)
(0.163444590917 0.0676606130805 0)
(0.168031053447 0.0718901932251 0)
(0.172823830421 0.0761022797404 0)
(0.177807307703 0.0802933270464 0)
(0.18296388669 0.0844569883792 0)
(0.188273711993 0.0885834946691 0)
(0.193714399463 0.0926588816903 0)
(0.199260782524 0.0966640328714 0)
(0.204884704564 0.100573501145 0)
(0.210554899083 0.104354071252 0)
(0.216237018419 0.107963026516 0)
(0.221893897169 0.111346095459 0)
(0.227486168944 0.114435080252 0)
(0.232973394953 0.117145221439 0)
(0.238315902955 0.119372446657 0)
(0.243477557589 0.12099079655 0)
(0.248429680959 0.121850518949 0)
(0.253156309711 0.121777601035 0)
(0.257660787331 0.120575926808 0)
(0.261973139937 0.118033661573 0)
(0.266156293899 0.113935652902 0)
(0.270305178864 0.108083674842 0)
(0.274528446969 0.100323657695 0)
(0.278922976481 0.0905654817046 0)
(0.283631749449 0.07877749187 0)
(0.288793849061 0.0652264668833 0)
(0.293455312535 0.0510611096268 0)
(0.297166037414 0.035317227751 0)
(0.299069886238 0.0175236390455 0)
(0.298583680248 0.000374995688519 0)
(0.294259249268 -0.0169545201054 0)
(0.286441565983 -0.036429387955 0)
(0.276899636363 -0.057903731838 0)
(0.266703602659 -0.0788647314044 0)
(0.257202258677 -0.0983662691239 0)
(0.248748600499 -0.115537892794 0)
(0.241384357904 -0.129998389809 0)
(0.23509473719 -0.141337178003 0)
(0.229605927239 -0.149422297642 0)
(0.224577930705 -0.154404811346 0)
(0.219738034318 -0.156599522774 0)
(0.214902441355 -0.156395464723 0)
(0.209964790894 -0.154200060011 0)
(0.204880278291 -0.150404011375 0)
(0.199649268917 -0.145360930074 0)
(0.194302113484 -0.139377898589 0)
(0.188886685623 -0.132713421674 0)
(0.183459086264 -0.125579827084 0)
(0.178077201496 -0.1181479888 0)
(0.172796544895 -0.110552965404 0)
(0.185171035953 -0.0972704559074 0)
(0.179090582633 -0.0899090172896 0)
(0.173354502208 -0.0826616796249 0)
(0.167988184405 -0.0755658492191 0)
(0.163011005284 -0.0686466347277 0)
(0.158437081362 -0.0619196494777 0)
(0.154276036688 -0.0553932255216 0)
(0.150533732278 -0.0490701528768 0)
(0.14721293147 -0.0429490401817 0)
(0.144313889837 -0.0370253759586 0)
(0.141834867411 -0.0312923543849 0)
(0.13977256618 -0.0257415164885 0)
(0.138122498511 -0.0203632470144 0)
(0.136879293371 -0.0151471586287 0)
(0.136036947402 -0.0100823883261 0)
(0.135589027658 -0.00515782555522 0)
(0.135528832199 -0.00036228741765 0)
(0.135849514008 0.00431534694117 0)
(0.13654417297 0.00888603311746 0)
(0.137605919869 0.0133604816779 0)
(0.139027915653 0.0177490955358 0)
(0.14080338857 0.022061919226 0)
(0.142925631143 0.0263085955701 0)
(0.145387978391 0.0304983257029 0)
(0.148183768207 0.0346398286669 0)
(0.151306284299 0.0387412968023 0)
(0.154748681666 0.0428103429714 0)
(0.158503894202 0.0468539352316 0)
(0.162564523628 0.0508783139035 0)
(0.166922708698 0.0548888850339 0)
(0.171569973386 0.0588900829562 0)
(0.176497052728 0.062885192958 0)
(0.181693695113 0.0668761228714 0)
(0.187148440305 0.0708631096031 0)
(0.192848373441 0.0748443430807 0)
(0.19877885697 0.0788154856858 0)
(0.204923245369 0.0827690598161 0)
(0.211262591977 0.0866936697162 0)
(0.217775364421 0.0905730162491 0)
(0.224437195799 0.0943846552647 0)
(0.231220714911 0.0980984427508 0)
(0.238095522269 0.101674605231 0)
(0.24502841209 0.105061375968 0)
(0.251983988207 0.10819215349 0)
(0.258925889708 0.110982181811 0)
(0.265818926161 0.113324843923 0)
(0.272632502236 0.115087822573 0)
(0.279345806073 0.116109622123 0)
(0.285955395351 0.116197332815 0)
(0.29248580765 0.115127209968 0)
(0.299003299199 0.112650480113 0)
(0.305631732174 0.108508098623 0)
(0.312564492617 0.10246287139 0)
(0.320049158835 0.0943610475598 0)
(0.32832048083 0.0841864689706 0)
(0.337745365128 0.0718866676585 0)
(0.349127411968 0.0577236329483 0)
(0.360031835241 0.0441341808359 0)
(0.371011112826 0.0316915589175 0)
(0.377507990357 0.0154764639587 0)
(0.380211179046 0.00205579693374 0)
(0.376272657266 -0.0104082377953 0)
(0.365894110794 -0.0263421616448 0)
(0.351739905766 -0.0470430155133 0)
(0.333843141352 -0.0665765635505 0)
(0.317194564031 -0.0869321331952 0)
(0.302690524529 -0.105290443168 0)
(0.290301372052 -0.12122573678 0)
(0.279974845771 -0.133794115118 0)
(0.271128929062 -0.142702671526 0)
(0.263168136356 -0.148148342594 0)
(0.255672691168 -0.150541358991 0)
(0.248378859696 -0.150366762169 0)
(0.241139079921 -0.148112817234 0)
(0.23389016411 -0.14423102192 0)
(0.226626321937 -0.139116374766 0)
(0.219377032358 -0.133101209459 0)
(0.212190577207 -0.126457102276 0)
(0.20512276966 -0.11940092906 0)
(0.198229762105 -0.112102567587 0)
(0.191563805754 -0.104692773542 0)
(0.201803837181 -0.0904259312978 0)
(0.194574497892 -0.0834513605786 0)
(0.187805053887 -0.0766159858292 0)
(0.181512832672 -0.0699508610609 0)
(0.175709367112 -0.0634755479849 0)
(0.170401309739 -0.0572009444819 0)
(0.165591299463 -0.0511314611959 0)
(0.161278745307 -0.0452666905913 0)
(0.15746051355 -0.0396026836393 0)
(0.154131517098 -0.0341329244952 0)
(0.151285212593 -0.0288490733062 0)
(0.148914013871 -0.023741531229 0)
(0.14700963158 -0.0187998691932 0)
(0.145563348643 -0.014013152275 0)
(0.144566240633 -0.00937018412732 0)
(0.144009349143 -0.00485969024998 0)
(0.143883815197 -0.000470454592653 0)
(0.144180978681 0.00380857928373 0)
(0.144892448791 0.00798823371898 0)
(0.146010149601 0.0120790422128 0)
(0.14752634402 0.0160912088755 0)
(0.149433638707 0.0200345774953 0)
(0.151724971821 0.0239186063266 0)
(0.15439358493 0.0277523451295 0)
(0.157432979853 0.0315444111813 0)
(0.160836860694 0.0353029609624 0)
(0.16459906089 0.039035653996 0)
(0.168713454639 0.0427496048598 0)
(0.173173851661 0.0464513186765 0)
(0.177973873898 0.0501466043778 0)
(0.18310681241 0.0538404586447 0)
(0.188565462513 0.0575369115765 0)
(0.194341935169 0.0612388227003 0)
(0.200427442787 0.0649476127446 0)
(0.206812058276 0.0686629124526 0)
(0.213484447441 0.0723821043657 0)
(0.220431577229 0.0760997266334 0)
(0.227638406398 0.0798066992179 0)
(0.235087571971 0.0834893220949 0)
(0.242759095705 0.0871279821496 0)
(0.250630151976 0.0906954907241 0)
(0.258674964989 0.094154958411 0)
(0.266864943469 0.0974571005054 0)
(0.275169223641 0.100536860919 0)
(0.283555891775 0.103309257072 0)
(0.291994299691 0.105664413396 0)
(0.300459046812 0.107461895686 0)
(0.308936440941 0.108524660814 0)
(0.317434734415 0.10863326241 0)
(0.325999838433 0.107521805599 0)
(0.334738561235 0.104878691297 0)
(0.34385451931 0.100358592545 0)
(0.353701911863 0.0936254349989 0)
(0.364806750058 0.0844706401851 0)
(0.377628760938 0.0729407028432 0)
(0.392847409318 0.0587147606451 0)
(0.412655583375 0.0426696604991 0)
(0.431371146306 0.024774582889 0)
(0.460732713141 0.0128132394365 0)
(0.472471744418 0.00455230526765 0)
(0.478063825575 0.000746603260876 0)
(0.475527301118 -0.00207088816555 0)
(0.464749787753 -0.00823615554882 0)
(0.446715598719 -0.020515873319 0)
(0.411454011271 -0.0403599720881 0)
(0.382573605892 -0.0666909879819 0)
(0.359729299193 -0.0883273148014 0)
(0.340776002489 -0.107368719317 0)
(0.325662677722 -0.122214698144 0)
(0.313051460702 -0.132600956756 0)
(0.30188542541 -0.13892695674 0)
(0.291527031932 -0.141796071828 0)
(0.281604086497 -0.141852695021 0)
(0.271916703225 -0.139704910962 0)
(0.262379927732 -0.13588659268 0)
(0.252980944646 -0.130844407748 0)
(0.243747627707 -0.124939653659 0)
(0.234727341046 -0.11845729955 0)
(0.225973677151 -0.111617631898 0)
(0.217538737323 -0.104588007985 0)
(0.209469059909 -0.0974934950081 0)
(0.217311035167 -0.0823755073231 0)
(0.208960028601 -0.0759099738347 0)
(0.201186923726 -0.0695998430314 0)
(0.193999656563 -0.0634700533381 0)
(0.187400839953 -0.0575350461457 0)
(0.18138881198 -0.0518015462087 0)
(0.175958569919 -0.0462706458844 0)
(0.171102575352 -0.0409393652834 0)
(0.166811432667 -0.0358018188897 0)
(0.163074451233 -0.0308500869959 0)
(0.15988010479 -0.0260748657195 0)
(0.157216402222 -0.0214659508225 0)
(0.155071183177 -0.0170125966543 0)
(0.153432350639 -0.0127037811767 0)
(0.152288050965 -0.00852840031929 0)
(0.151626810368 -0.00447540916929 0)
(0.151437635317 -0.000533923249184 0)
(0.15171008303 0.00330671003431 0)
(0.152434307074 0.00705686202929 0)
(0.153601082085 0.0107265895491 0)
(0.155201810745 0.0143256128989 0)
(0.157228515415 0.0178633013518 0)
(0.159673816147 0.0213486628076 0)
(0.162530896225 0.0247903347334 0)
(0.16579345584 0.0281965736264 0)
(0.169455654024 0.0315752401907 0)
(0.173512038473 0.0349337771675 0)
(0.177957462464 0.0382791762799 0)
(0.182786987572 0.041617930023 0)
(0.187995770495 0.0449559629835 0)
(0.193578931818 0.0482985359325 0)
(0.199531404177 0.0516501139803 0)
(0.205847756963 0.0550141874727 0)
(0.212521994559 0.0583930308139 0)
(0.219547325234 0.0617873797546 0)
(0.22691589848 0.0651960015067 0)
(0.234618510099 0.0686151238261 0)
(0.242644277406 0.0720376783562 0)
(0.250980292512 0.0754522993463 0)
(0.259611271304 0.0788420005729 0)
(0.268519231876 0.0821824300267 0)
(0.277683262578 0.0854395731432 0)
(0.287079481989 0.0885667411052 0)
(0.296681364144 0.0915006413421 0)
(0.306460732814 0.0941562913039 0)
(0.316389935114 0.096420544747 0)
(0.326445926705 0.0981440798604 0)
(0.336617314237 0.0991316875879 0)
(0.34691629508 0.0991305547672 0)
(0.357398747991 0.0978171286385 0)
(0.368197796009 0.0947857114689 0)
(0.379587265906 0.089543382043 0)
(0.392111646222 0.0815280099143 0)
(0.406699483104 0.0702449600085 0)
(0.424019062756 0.0555451748475 0)
(0.446441659876 0.0362365213447 0)
(0.478129715107 0.0125658496612 0)
(0.494827018336 0.000734125180271 0)
(0.5 0 0)
(0.5 0 0)
(0.5 0 0)
(0.5 0 0)
(0.5 0 0)
(0.5 0 0)
(0.487091700961 -0.00628833623808 0)
(0.447067404169 -0.0340513436205 0)
(0.416524944906 -0.0627097710716 0)
(0.390417786491 -0.0875559669812 0)
(0.370414676886 -0.106163675644 0)
(0.35402043431 -0.118866817946 0)
(0.339638065273 -0.126575156456 0)
(0.326395971446 -0.130235803161 0)
(0.3138092098 -0.130744155813 0)
(0.301631579876 -0.128881363137 0)
(0.289764977567 -0.125290482837 0)
(0.278196200221 -0.120480786217 0)
(0.266955102491 -0.1148452813 0)
(0.256089192644 -0.108681495711 0)
(0.24564923031 -0.102211153298 0)
(0.23568172355 -0.095597130801 0)
(0.226225567019 -0.0889573072277 0)
(0.231432546414 -0.0731602242041 0)
(0.222017795712 -0.0673271657735 0)
(0.213297332863 -0.0616555853336 0)
(0.205268860099 -0.0561647833938 0)
(0.19792543641 -0.0508647304332 0)
(0.191256632732 -0.0457587132373 0)
(0.185249501015 -0.040845268969 0)
(0.179889369634 -0.0361195992737 0)
(0.175160485699 -0.0315746043295 0)
(0.171046526838 -0.0272016386088 0)
(0.16753100399 -0.0229910624265 0)
(0.164597574473 -0.0189326432863 0)
(0.162230281892 -0.0150158465016 0)
(0.160413736787 -0.0112300440405 0)
(0.159133249521 -0.00756466289886 0)
(0.158374924751 -0.00400928874951 0)
(0.15812572507 -0.000553736575135 0)
(0.158373509856 0.00281190295995 0)
(0.159107054117 0.00609723478929 0)
(0.160316051093 0.00931154331942 0)
(0.161991101454 0.0124637849642 0)
(0.164123691243 0.0155625861757 0)
(0.166706160035 0.0186162443224 0)
(0.169731660255 0.0216327290634 0)
(0.173194108068 0.024619681966 0)
(0.177088125805 0.0275844120394 0)
(0.181408975392 0.0305338845909 0)
(0.186152481818 0.0334747003378 0)
(0.19131494515 0.0364130609809 0)
(0.196893039116 0.0393547164173 0)
(0.202883693693 0.0423048873217 0)
(0.20928395857 0.0452681548593 0)
(0.216090843727 0.0482483066063 0)
(0.223301132798 0.0512481241057 0)
(0.230911164373 0.0542690925205 0)
(0.23891657616 0.0573110060847 0)
(0.247312007129 0.0603714337893 0)
(0.256090754134 0.0634449970844 0)
(0.265244382808 0.0665223941621 0)
(0.274762299143 0.0695890819858 0)
(0.284631300344 0.0726234953263 0)
(0.29483514495 0.0755946387973 0)
(0.30535421747 0.0784588290804 0)
(0.316165428546 0.0811552812256 0)
(0.32724264533 0.0836001265003 0)
(0.338558218766 0.0856783840279 0)
(0.350086356713 0.08723339834 0)
(0.361809208651 0.0880528015196 0)
(0.37372808789 0.0878489345723 0)
(0.385885416493 0.0862329123329 0)
(0.398402918276 0.0826852845729 0)
(0.41155043782 0.0765165390565 0)
(0.42593153917 0.0668017624558 0)
(0.442754836227 0.0524870764386 0)
(0.462183923446 0.0335110378209 0)
(0.491986256407 0.00586471905054 0)
(0.5 0 0)
(0.5 0 0)
(0.5 0 0)
(0.5 0 0)
(0.5 0 0)
(0.5 0 0)
(0.5 0 0)
(0.5 0 0)
(0.5 0 0)
(0.496108602843 -0.00225809661402 0)
(0.469500310467 -0.0267807628084 0)
(0.436050759903 -0.061120016856 0)
(0.411959947505 -0.085690994401 0)
(0.392332275003 -0.101658232074 0)
(0.375099666661 -0.111222585907 0)
(0.359215574952 -0.115938594095 0)
(0.344112871442 -0.117078103674 0)
(0.329534080353 -0.115655854911 0)
(0.315396880807 -0.112448104569 0)
(0.301706145455 -0.1080322462 0)
(0.288503488665 -0.102830970537 0)
(0.275840792519 -0.0971502568848 0)
(0.263767076236 -0.0912093846398 0)
(0.252322754697 -0.0851638502816 0)
(0.241537905712 -0.0791225075635 0)
(0.243912091675 -0.0628554989485 0)
(0.23352379282 -0.0577748898338 0)
(0.22393991751 -0.0528510464907 0)
(0.215147708803 -0.0480982948025 0)
(0.207130587176 -0.043522949551 0)
(0.199869385302 -0.0391257312743 0)
(0.19334332357 -0.0349034914724 0)
(0.187530769997 -0.030850446448 0)
(0.182409824957 -0.0269590605542 0)
(0.177958765659 -0.0232206782573 0)
(0.174156379461 -0.0196259755365 0)
(0.170982209694 -0.0161652808794 0)
(0.168416732995 -0.0128288018523 0)
(0.166441483262 -0.00960678312918 0)
(0.165039134151 -0.00648961468781 0)
(0.164193549499 -0.00346790376608 0)
(0.163889808971 -0.000532520517246 0)
(0.164114214641 0.00232537532365 0)
(0.164854282871 0.00511432133017 0)
(0.166098724825 0.00784254874073 0)
(0.167837418117 0.0105179851418 0)
(0.170061371359 0.0131482609869 0)
(0.172762682836 0.0157407178791 0)
(0.17593449397 0.0183024167801 0)
(0.179570937813 0.0208401443679 0)
(0.183667082346 0.0233604156737 0)
(0.188218867918 0.0258694708705 0)
(0.193223037689 0.0283732636326 0)
(0.198677059429 0.0308774378052 0)
(0.204579036409 0.0333872881463 0)
(0.210927604482 0.0359076995313 0)
(0.21772181159 0.0384430571144 0)
(0.224960975035 0.0409971173248 0)
(0.232644510741 0.0435728259591 0)
(0.240771727449 0.0461720646318 0)
(0.24934157739 0.0487952998838 0)
(0.258352353493 0.0514410994877 0)
(0.267801322154 0.0541054667798 0)
(0.277684280444 0.0567809246085 0)
(0.287995028287 0.0594552532736 0)
(0.298724750999 0.0621097478454 0)
(0.309861318083 0.0647168041973 0)
(0.321388520256 0.0672365602384 0)
(0.333285307925 0.0696121865302 0)
(0.34552526932 0.0717632324437 0)
(0.358076938402 0.0735763018234 0)
(0.370905468886 0.074892244176 0)
(0.383975678086 0.0754879051804 0)
(0.397259627578 0.075047808445 0)
(0.410758886014 0.0731232095093 0)
(0.424541847386 0.0690795355422 0)
(0.438783298725 0.0620049778501 0)
(0.453986625353 0.0504374631695 0)
(0.471977412836 0.0317417878385 0)
(0.494666189709 0.00615041948065 0)
(0.5 0 0)
(0.5 0 0)
(0.5 0 0)
(0.5 0 0)
(0.5 0 0)
(0.5 0 0)
(0.5 0 0)
(0.5 0 0)
(0.5 0 0)
(0.5 0 0)
(0.5 0 0)
(0.498023730426 -0.00240328641292 0)
(0.473238884077 -0.0318202201331 0)
(0.446920972169 -0.0623828799954 0)
(0.425923315187 -0.0819019734942 0)
(0.406810785191 -0.0934518389058 0)
(0.388857544554 -0.0992536630716 0)
(0.371589484905 -0.101066318766 0)
(0.354838264852 -0.100166908201 0)
(0.338597157437 -0.0974625099579 0)
(0.322921423665 -0.0935866463028 0)
(0.307880060472 -0.088979166123 0)
(0.293536105715 -0.0839445794885 0)
(0.279939276072 -0.0786928702373 0)
(0.267124340803 -0.0733678951416 0)
(0.255112213522 -0.0680671418693 0)
(0.254507143111 -0.0515722131464 0)
(0.243267683575 -0.0473553581954 0)
(0.232931651672 -0.0432798228775 0)
(0.223476311198 -0.0393557317343 0)
(0.214875977973 -0.035586646522 0)
(0.207103308606 -0.0319716543935 0)
(0.200130260193 -0.0285068277525 0)
(0.193928797458 -0.0251862479007 0)
(0.188471407473 -0.0220027238027 0)
(0.183731468541 -0.0189482964974 0)
(0.17968350896 -0.0160145920177 0)
(0.176303382929 -0.0131930667726 0)
(0.173568384344 -0.0104751763047 0)
(0.17145731425 -0.00785248930225 0)
(0.169950513894 -0.00531676243414 0)
(0.16902987246 -0.00285998714817 0)
(0.168678816322 -0.000474416458236 0)
(0.168882284993 0.00184742246194 0)
(0.169626697612 0.00411272562031 0)
(0.170899912848 0.00632841632339 0)
(0.172691184255 0.00850115367732 0)
(0.174991112514 0.0106373435973 0)
(0.177791595458 0.0127431507759 0)
(0.181085776311 0.0148245102351 0)
(0.184867990174 0.0168871371177 0)
(0.189133708378 0.0189365332777 0)
(0.193879479904 0.0209779889946 0)
(0.199102868591 0.0230165777314 0)
(0.204802384335 0.0250571412554 0)
(0.210977405797 0.0271042615722 0)
(0.217628091334 0.0291622148973 0)
(0.224755273851 0.0312349011778 0)
(0.232360333965 0.0333257402901 0)
(0.240445044244 0.0354375226986 0)
(0.249011375128 0.0375721976724 0)
(0.258061250435 0.0397305755213 0)
(0.267596236873 0.0419119108254 0)
(0.277617147997 0.0441133200298 0)
(0.28812353863 0.0463289671952 0)
(0.299113060667 0.0485489231496 0)
(0.310580645793 0.0507575608513 0)
(0.322517474203 0.0529312861889 0)
(0.334909669954 0.0550353028124 0)
(0.34773665677 0.0570189325723 0)
(0.360969312289 0.0588087473634 0)
(0.374568521411 0.0602985908468 0)
(0.388484099346 0.0613354034107 0)
(0.40265209223 0.0616976248298 0)
(0.416994603415 0.0610582659644 0)
(0.431439218627 0.0589300738176 0)
(0.445951979682 0.0545939315547 0)
(0.460471010069 0.0469279377684 0)
(0.474609892201 0.0341575153838 0)
(0.49143187203 0.01216245736 0)
(0.5 0 0)
(0.5 0 0)
(0.5 0 0)
(0.5 0 0)
(0.5 0 0)
(0.5 0 0)
(0.5 0 0)
(0.5 0 0)
(0.5 0 0)
(0.5 0 0)
(0.5 0 0)
(0.5 0 0)
(0.5 0 0)
(0.497393881637 -0.00516610192951 0)
(0.47520179013 -0.0387270031744 0)
(0.453246607203 -0.0612666567265 0)
(0.43354121334 -0.0742138138706 0)
(0.414324099063 -0.0807406364295 0)
(0.395372793957 -0.0830641687558 0)
(0.376782535262 -0.0826655095345 0)
(0.35869820035 -0.0805321434061 0)
(0.341260128231 -0.0773152927768 0)
(0.324580120563 -0.0734456933545 0)
(0.308738871296 -0.0692096968918 0)
(0.293789376643 -0.0647980007852 0)
(0.279761736041 -0.0603372310679 0)
(0.266668105725 -0.0559107000445 0)
(0.262999538294 -0.0394558129968 0)
(0.251061521262 -0.0362000097757 0)
(0.24011001635 -0.0330601801374 0)
(0.230113524155 -0.0300430395171 0)
(0.221038426916 -0.0271502929159 0)
(0.212850309293 -0.0243802995489 0)
(0.20551488905 -0.0217292167284 0)
(0.198998665024 -0.0191917888146 0)
(0.193269360335 -0.0167618921843 0)
(0.188296217399 -0.0144329112718 0)
(0.184050185908 -0.0121979969325 0)
(0.180504033686 -0.0100502424239 0)
(0.177632402328 -0.00798280147832 0)
(0.175411823581 -0.00598896556271 0)
(0.173820708216 -0.00406221233282 0)
(0.172839315947 -0.00219623376844 0)
(0.172449712719 -0.000384950025962 0)
(0.172635719919 0.00137748667055 0)
(0.173382858861 0.00309669497786 0)
(0.174678292905 0.00477807193484 0)
(0.176510768844 0.00642680330763 0)
(0.178870558649 0.00804787545197 0)
(0.181749402173 0.00964608760372 0)
(0.185140451021 0.0112260636287 0)
(0.189038213448 0.0127922622762 0)
(0.193438499745 0.0143489848911 0)
(0.198338367218 0.0159003793481 0)
(0.20373606336 0.017450438638 0)
(0.209630965286 0.0190029920487 0)
(0.216023512755 0.0205616861769 0)
(0.222915131185 0.022129952001 0)
(0.230308139838 0.0237109528317 0)
(0.238205638714 0.0253075059744 0)
(0.246611365528 0.0269219681243 0)
(0.255529511159 0.0285560705357 0)
(0.264964477893 0.0302106842919 0)
(0.274920559287 0.0318854877233 0)
(0.285401513425 0.0335784959497 0)
(0.296409992201 0.0352853948516 0)
(0.307946776673 0.0369985954112 0)
(0.320009751274 0.038705884208 0)
(0.332592521541 0.0403884840074 0)
(0.345682512182 0.0420182347172 0)
(0.35925830378 0.0435534078594 0)
(0.373286211864 0.0449323659775 0)
(0.387716683019 0.0460641061416 0)
(0.402479292143 0.0468144720475 0)
(0.417470602502 0.0469835230397 0)
(0.43254137571 0.0462631117439 0)
(0.447510777985 0.0441758189743 0)
(0.462160351574 0.0400156414566 0)
(0.476355702721 0.0326891975503 0)
(0.489963475756 0.0205811378475 0)
(0.499659300675 0.00268043221278 0)
(0.5 0 0)
(0.5 0 0)
(0.5 0 0)
(0.5 0 0)
(0.5 0 0)
(0.5 0 0)
(0.5 0 0)
(0.5 0 0)
(0.5 0 0)
(0.5 0 0)
(0.5 0 0)
(0.5 0 0)
(0.5 0 0)
(0.5 0 0)
(0.491070672816 -0.0159747425805 0)
(0.472692695746 -0.0414055887054 0)
(0.454573935641 -0.0545488021919 0)
(0.434849089104 -0.0610562863074 0)
(0.414708139272 -0.0635172974057 0)
(0.394671048673 -0.0634911626523 0)
(0.375079343017 -0.0619413154587 0)
(0.356179236219 -0.0594698044457 0)
(0.338133947362 -0.0564590382266 0)
(0.321045334702 -0.0531549978421 0)
(0.304971361876 -0.0497168713936 0)
(0.28993861783 -0.0462476486043 0)
(0.275951589503 -0.0428134273774 0)
(0.269206013711 -0.02668319473 0)
(0.256748288798 -0.0244666772673 0)
(0.245339935086 -0.0223325017121 0)
(0.2349426007 -0.020284687539 0)
(0.22551649984 -0.0183238729494 0)
(0.217021749196 -0.0164484746525 0)
(0.209419266963 -0.0146554746077 0)
(0.202671367098 -0.0129409559302 0)
(0.196742140873 -0.0113004684632 0)
(0.191597689949 -0.00972927774261 0)
(0.187206256055 -0.00822253359951 0)
(0.18353827902 -0.0067753830861 0)
(0.18056640567 -0.00538304467142 0)
(0.178265465557 -0.00404085542477 0)
(0.176612424894 -0.00274429934228 0)
(0.1755863268 -0.00148902252467 0)
(0.175168223604 -0.000270839228315 0)
(0.175341105304 0.000914268359411 0)
(0.176089827013 0.00207015458177 0)
(0.177401037379 0.00320051753295 0)
(0.17926310925 0.00430890794382 0)
(0.181666073391 0.00539873889154 0)
(0.184601555616 0.00647329564528 0)
(0.188062717364 0.00753574503558 0)
(0.192044199443 0.00858914373651 0)
(0.196542068275 0.00963644478442 0)
(0.201553763675 0.0106805015164 0)
(0.207078046677 0.0117240678793 0)
(0.21311494536 0.0127697937134 0)
(0.219665695873 0.0138202131144 0)
(0.226732674795 0.0148777232637 0)
(0.234319317599 0.0159445501071 0)
(0.242430016063 0.0170226958354 0)
(0.251069984859 0.0181138610847 0)
(0.260245083831 0.0192193318725 0)
(0.269961577286 0.020339817081 0)
(0.28022580432 0.021475216145 0)
(0.29104372446 0.0226242875472 0)
(0.302420289526 0.023784175308 0)
(0.314358573234 0.0249497303723 0)
(0.326858561962 0.0261125325214 0)
(0.339915460438 0.0272594696399 0)
(0.353517244975 0.0283706459262 0)
(0.367641044306 0.0294162199098 0)
(0.382248241029 0.0303515175755 0)
(0.397278828599 0.031109671282 0)
(0.412641997033 0.0315907776443 0)
(0.428191965324 0.0316428065377 0)
(0.443699284426 0.0310231221437 0)
(0.458862618512 0.029344197561 0)
(0.473226396391 0.0260052993766 0)
(0.485851626394 0.0199943499343 0)
(0.495615543076 0.00911852812375 0)
(0.5 0 0)
(0.5 0 0)
(0.5 0 0)
(0.5 0 0)
(0.5 0 0)
(0.5 0 0)
(0.5 0 0)
(0.5 0 0)
(0.5 0 0)
(0.5 0 0)
(0.5 0 0)
(0.5 0 0)
(0.5 0 0)
(0.5 0 0)
(0.5 0 0)
(0.498703264605 -0.00578269588437 0)
(0.487740579053 -0.0250135006851 0)
(0.469965475627 -0.0354846699347 0)
(0.449916210071 -0.0407877601531 0)
(0.428992729701 -0.0428763230127 0)
(0.407915066954 -0.0430348455458 0)
(0.387204994646 -0.0420434981376 0)
(0.367208245819 -0.0403732711946 0)
(0.348135485905 -0.0383145378181 0)
(0.330108159796 -0.0360494411709 0)
(0.313189300246 -0.0336932611571 0)
(0.297403099821 -0.0313190862957 0)
(0.282748060983 -0.0289729321279 0)
(0.272987771356 -0.0134573514383 0)
(0.26020957135 -0.0123349602129 0)
(0.248519942761 -0.0112553054624 0)
(0.237876166988 -0.010220251091 0)
(0.22823454274 -0.00922995838465 0)
(0.219551728376 -0.00828348156478 0)
(0.21178561685 -0.00737916855266 0)
(0.204895892569 -0.00651493184507 0)
(0.19884437125 -0.0056884318467 0)
(0.193595191787 -0.00489720068628 0)
(0.18911490758 -0.00413872528712 0)
(0.185372510117 -0.00341050239071 0)
(0.182339407593 -0.00271007419633 0)
(0.179989374451 -0.00203505057194 0)
(0.178298482928 -0.00138312195588 0)
(0.177245024346 -0.00075206581656 0)
(0.17680942554 -0.000139748677884 0)
(0.17697416414 0.000455874875145 0)
(0.177723685258 0.00103676520573 0)
(0.179044321255 0.00160480192582 0)
(0.180924215669 0.00216178895618 0)
(0.183353251889 0.0027094599391 0)
(0.1863229868 0.0032494836722 0)
(0.189826589315 0.00378346926759 0)
(0.193858783406 0.00431297073962 0)
(0.198415794926 0.00483949068911 0)
(0.20349530117 0.00536448267878 0)
(0.209096381648 0.00588935177385 0)
(0.215219467971 0.00641545254234 0)
(0.221866289922 0.00694408355012 0)
(0.229039813722 0.00747647701474 0)
(0.236744166961 0.00801378175575 0)
(0.244984542595 0.00855703683148 0)
(0.253767071474 0.00910713218482 0)
(0.263098648677 0.00966475108691 0)
(0.272986692936 0.0102302869379 0)
(0.283438809979 0.010803723703 0)
(0.29446231895 0.0113844644045 0)
(0.30606358487 0.0119710848573 0)
(0.31824707605 0.0125609788253 0)
(0.33101403003 0.0131498437399 0)
(0.344360546752 0.013730929469 0)
(0.358274767007 0.0142939249339 0)
(0.37273259503 0.0148232591689 0)
(0.387691832678 0.0152954528123 0)
(0.403085319035 0.015675140994 0)
(0.418808513267 0.0159092546676 0)
(0.434686945052 0.0159163261518 0)
(0.450441129759 0.0155642891143 0)
(0.465696390827 0.0146423527007 0)
(0.479892106223 0.0128190694932 0)
(0.491764877531 0.00955106105132 0)
(0.498626829118 0.00376083800092 0)
(0.5 0 0)
(0.5 0 0)
(0.5 0 0)
(0.5 0 0)
(0.5 0 0)
(0.5 0 0)
(0.5 0 0)
(0.5 0 0)
(0.5 0 0)
(0.5 0 0)
(0.5 0 0)
(0.5 0 0)
(0.5 0 0)
(0.5 0 0)
(0.5 0 0)
(0.500505615712 -0.0013427043299 0)
(0.495099678131 -0.0113248370094 0)
(0.478719294661 -0.0172926170423 0)
(0.458918229697 -0.0203414717851 0)
(0.437690861747 -0.0215708590368 0)
(0.416034469312 -0.0217233372373 0)
(0.394651291111 -0.0212478119426 0)
(0.37397926764 -0.0204083570658 0)
(0.354269389686 -0.0193639507984 0)
(0.335659081815 -0.0182123942565 0)
(0.318215814948 -0.0170145788394 0)
(0.301962618028 -0.0158085680622 0)
(0.286894245664 -0.0146180210666 0)
(0.274258176655 2.58216829638e-13 0)
(0.261371672806 2.40686362024e-13 0)
(0.249587062925 2.18791633132e-13 0)
(0.238860128429 1.91872234144e-13 0)
(0.22914582558 1.66516243391e-13 0)
(0.220399629202 1.44036143592e-13 0)
(0.2125783987 1.24392699201e-13 0)
(0.205640921526 1.07475267302e-13 0)
(0.199548238295 9.27385424109e-14 0)
(0.194263820207 7.98478987356e-14 0)
(0.189753647001 6.84001881345e-14 0)
(0.185986218566 5.82505370519e-14 0)
(0.182932523088 4.91693603811e-14 0)
(0.180565977541 4.10596508429e-14 0)
(0.17886235153 3.3765529842e-14 0)
(0.177799682059 2.71164780053e-14 0)
(0.177358184518 2.11370577527e-14 0)
(0.177520163447 1.57469732662e-14 0)
(0.178269925541 1.084256001e-14 0)
(0.17959369647 6.26946224358e-15 0)
(0.181479542493 2.05806218417e-15 0)
(0.183917297422 -1.82625254052e-15 0)
(0.186898495081 -5.50278599077e-15 0)
(0.190416307137 -8.90321338075e-15 0)
(0.1944654859 -1.20932416955e-14 0)
(0.199042311339 -1.49646461372e-14 0)
(0.204144541257 -1.75545967716e-14 0)
(0.209771363079 -1.98557702109e-14 0)
(0.215923345117 -2.20696303213e-14 0)
(0.222602384377 -2.40622348567e-14 0)
(0.229811646833 -2.59806476108e-14 0)
(0.237555494572 -2.78663183437e-14 0)
(0.245839392025 -2.95298685124e-14 0)
(0.254669780508 -3.11467501239e-14 0)
(0.26405390588 -3.24769019915e-14 0)
(0.273999577941 -3.37181162405e-14 0)
(0.284514831188 -3.46690997994e-14 0)
(0.295607444368 -3.52979515637e-14 0)
(0.307284258918 -3.58636437326e-14 0)
(0.319550210792 -3.60668409293e-14 0)
(0.332406952307 -3.53973569557e-14 0)
(0.345850870351 -3.43996902081e-14 0)
(0.359870132085 -3.31419706727e-14 0)
(0.374440175106 -3.1407795717e-14 0)
(0.389517513591 -2.91655100463e-14 0)
(0.405032496314 -2.62292827346e-14 0)
(0.420875833153 -2.29906932622e-14 0)
(0.436862869017 -1.923589309e-14 0)
(0.452696960185 -1.56921602008e-14 0)
(0.467981882131 -1.19225378135e-14 0)
(0.48212224504 -7.78073416038e-15 0)
(0.493781041508 -3.44428204411e-15 0)
(0.499502708074 -1.26123139936e-15 0)
(0.5 0 0)
(0.5 0 0)
(0.5 0 0)
(0.5 0 0)
(0.5 0 0)
(0.5 0 0)
(0.5 0 0)
(0.5 0 0)
(0.5 0 0)
(0.5 0 0)
(0.5 0 0)
(0.5 0 0)
(0.5 0 0)
(0.5 0 0)
(0.5 0 0)
(0.500578733307 1.29638690424e-15 0)
(0.496986572073 2.32480294839e-14 0)
(0.48144226156 4.06326253759e-14 0)
(0.461869040705 5.69734469447e-14 0)
(0.44059580138 7.21829590353e-14 0)
(0.418764759512 8.70483349598e-14 0)
(0.397160689562 1.02084762035e-13 0)
(0.376261929552 1.18704209239e-13 0)
(0.356336563799 1.38409869929e-13 0)
(0.337528662909 1.62240844743e-13 0)
(0.319907625765 1.91488572096e-13 0)
(0.303496209309 2.30364645805e-13 0)
(0.288287912319 2.60724199608e-13 0)
(0.272987771356 0.0134573514388 0)
(0.26020957135 0.0123349602134 0)
(0.248519942761 0.0112553054628 0)
(0.237876166988 0.0102202510913 0)
(0.22823454274 0.00922995838499 0)
(0.219551728376 0.00828348156507 0)
(0.21178561685 0.00737916855291 0)
(0.204895892569 0.00651493184528 0)
(0.19884437125 0.00568843184689 0)
(0.193595191787 0.00489720068644 0)
(0.18911490758 0.00413872528726 0)
(0.185372510117 0.00341050239082 0)
(0.182339407593 0.00271007419643 0)
(0.179989374451 0.00203505057203 0)
(0.178298482928 0.00138312195595 0)
(0.177245024346 0.000752065816614 0)
(0.17680942554 0.000139748677926 0)
(0.17697416414 -0.000455874875113 0)
(0.177723685258 -0.00103676520571 0)
(0.179044321255 -0.00160480192581 0)
(0.180924215669 -0.00216178895618 0)
(0.183353251889 -0.0027094599391 0)
(0.1863229868 -0.00324948367221 0)
(0.189826589315 -0.00378346926761 0)
(0.193858783406 -0.00431297073964 0)
(0.198415794926 -0.00483949068914 0)
(0.20349530117 -0.00536448267881 0)
(0.209096381648 -0.00588935177389 0)
(0.215219467971 -0.00641545254239 0)
(0.221866289922 -0.00694408355016 0)
(0.229039813722 -0.00747647701479 0)
(0.236744166961 -0.00801378175581 0)
(0.244984542595 -0.00855703683154 0)
(0.253767071474 -0.00910713218488 0)
(0.263098648677 -0.00966475108697 0)
(0.272986692936 -0.010230286938 0)
(0.283438809979 -0.0108037237031 0)
(0.29446231895 -0.0113844644045 0)
(0.30606358487 -0.0119710848573 0)
(0.31824707605 -0.0125609788254 0)
(0.33101403003 -0.0131498437399 0)
(0.344360546752 -0.0137309294691 0)
(0.358274767007 -0.014293924934 0)
(0.37273259503 -0.0148232591689 0)
(0.387691832678 -0.0152954528124 0)
(0.403085319035 -0.015675140994 0)
(0.418808513267 -0.0159092546676 0)
(0.434686945052 -0.0159163261519 0)
(0.450441129759 -0.0155642891143 0)
(0.465696390827 -0.0146423527008 0)
(0.479892106223 -0.0128190694932 0)
(0.491764877531 -0.00955106105133 0)
(0.498626829118 -0.00376083800092 0)
(0.5 0 0)
(0.5 0 0)
(0.5 0 0)
(0.5 0 0)
(0.5 0 0)
(0.5 0 0)
(0.5 0 0)
(0.5 0 0)
(0.5 0 0)
(0.5 0 0)
(0.5 0 0)
(0.5 0 0)
(0.5 0 0)
(0.5 0 0)
(0.5 0 0)
(0.500505615712 0.00134270432991 0)
(0.495099678131 0.0113248370094 0)
(0.478719294661 0.0172926170424 0)
(0.458918229697 0.0203414717852 0)
(0.437690861747 0.021570859037 0)
(0.416034469312 0.0217233372375 0)
(0.394651291111 0.0212478119428 0)
(0.37397926764 0.020408357066 0)
(0.354269389686 0.0193639507987 0)
(0.335659081815 0.0182123942568 0)
(0.318215814948 0.0170145788398 0)
(0.301962618028 0.0158085680627 0)
(0.286894245663 0.0146180210671 0)
(0.269206013711 0.0266831947305 0)
(0.256748288798 0.0244666772678 0)
(0.245339935086 0.0223325017125 0)
(0.2349426007 0.0202846875394 0)
(0.22551649984 0.0183238729497 0)
(0.217021749196 0.0164484746528 0)
(0.209419266963 0.014655474608 0)
(0.202671367098 0.0129409559304 0)
(0.196742140873 0.0113004684634 0)
(0.191597689949 0.00972927774277 0)
(0.187206256055 0.00822253359965 0)
(0.18353827902 0.00677538308622 0)
(0.18056640567 0.00538304467152 0)
(0.178265465557 0.00404085542485 0)
(0.176612424894 0.00274429934235 0)
(0.1755863268 0.00148902252472 0)
(0.175168223604 0.000270839228358 0)
(0.175341105304 -0.000914268359378 0)
(0.176089827013 -0.00207015458175 0)
(0.177401037379 -0.00320051753293 0)
(0.17926310925 -0.00430890794382 0)
(0.181666073392 -0.00539873889154 0)
(0.184601555616 -0.00647329564529 0)
(0.188062717364 -0.00753574503559 0)
(0.192044199443 -0.00858914373654 0)
(0.196542068275 -0.00963644478445 0)
(0.201553763675 -0.0106805015164 0)
(0.207078046677 -0.0117240678793 0)
(0.21311494536 -0.0127697937135 0)
(0.219665695873 -0.0138202131145 0)
(0.226732674796 -0.0148777232637 0)
(0.234319317599 -0.0159445501072 0)
(0.242430016063 -0.0170226958355 0)
(0.251069984859 -0.0181138610848 0)
(0.260245083831 -0.0192193318726 0)
(0.269961577286 -0.0203398170811 0)
(0.28022580432 -0.0214752161451 0)
(0.29104372446 -0.0226242875472 0)
(0.302420289526 -0.023784175308 0)
(0.314358573234 -0.0249497303723 0)
(0.326858561962 -0.0261125325215 0)
(0.339915460438 -0.02725946964 0)
(0.353517244975 -0.0283706459263 0)
(0.367641044306 -0.0294162199099 0)
(0.382248241029 -0.0303515175756 0)
(0.397278828599 -0.0311096712821 0)
(0.412641997033 -0.0315907776443 0)
(0.428191965324 -0.0316428065378 0)
(0.443699284426 -0.0310231221438 0)
(0.458862618512 -0.029344197561 0)
(0.473226396391 -0.0260052993766 0)
(0.485851626394 -0.0199943499343 0)
(0.495615543076 -0.00911852812376 0)
(0.5 0 0)
(0.5 0 0)
(0.5 0 0)
(0.5 0 0)
(0.5 0 0)
(0.5 0 0)
(0.5 0 0)
(0.5 0 0)
(0.5 0 0)
(0.5 0 0)
(0.5 0 0)
(0.5 0 0)
(0.5 0 0)
(0.5 0 0)
(0.5 0 0)
(0.498703264605 0.00578269588438 0)
(0.487740579053 0.0250135006851 0)
(0.469965475627 0.0354846699348 0)
(0.449916210071 0.0407877601532 0)
(0.428992729701 0.0428763230128 0)
(0.407915066954 0.043034845546 0)
(0.387204994646 0.0420434981378 0)
(0.367208245819 0.0403732711949 0)
(0.348135485905 0.0383145378183 0)
(0.330108159796 0.0360494411712 0)
(0.313189300246 0.0336932611575 0)
(0.297403099821 0.0313190862962 0)
(0.282748060983 0.0289729321284 0)
(0.262999538294 0.0394558129973 0)
(0.251061521262 0.0362000097762 0)
(0.24011001635 0.0330601801378 0)
(0.230113524155 0.0300430395175 0)
(0.221038426916 0.0271502929162 0)
(0.212850309293 0.0243802995492 0)
(0.20551488905 0.0217292167287 0)
(0.198998665024 0.0191917888148 0)
(0.193269360335 0.0167618921845 0)
(0.188296217399 0.0144329112719 0)
(0.184050185908 0.0121979969327 0)
(0.180504033686 0.010050242424 0)
(0.177632402328 0.00798280147842 0)
(0.175411823581 0.00598896556279 0)
(0.173820708216 0.00406221233289 0)
(0.172839315947 0.0021962337685 0)
(0.172449712719 0.000384950026007 0)
(0.172635719919 -0.00137748667051 0)
(0.173382858861 -0.00309669497783 0)
(0.174678292905 -0.00477807193483 0)
(0.176510768844 -0.00642680330762 0)
(0.178870558649 -0.00804787545197 0)
(0.181749402173 -0.00964608760372 0)
(0.185140451021 -0.0112260636288 0)
(0.189038213448 -0.0127922622762 0)
(0.193438499745 -0.0143489848911 0)
(0.198338367218 -0.0159003793482 0)
(0.20373606336 -0.017450438638 0)
(0.209630965286 -0.0190029920487 0)
(0.216023512755 -0.020561686177 0)
(0.222915131185 -0.022129952001 0)
(0.230308139838 -0.0237109528317 0)
(0.238205638714 -0.0253075059744 0)
(0.246611365528 -0.0269219681244 0)
(0.255529511159 -0.0285560705357 0)
(0.264964477893 -0.030210684292 0)
(0.274920559287 -0.0318854877234 0)
(0.285401513425 -0.0335784959498 0)
(0.296409992201 -0.0352853948516 0)
(0.307946776673 -0.0369985954113 0)
(0.320009751274 -0.0387058842081 0)
(0.332592521541 -0.0403884840075 0)
(0.345682512182 -0.0420182347172 0)
(0.35925830378 -0.0435534078595 0)
(0.373286211864 -0.0449323659775 0)
(0.387716683019 -0.0460641061416 0)
(0.402479292143 -0.0468144720475 0)
(0.417470602502 -0.0469835230398 0)
(0.43254137571 -0.046263111744 0)
(0.447510777985 -0.0441758189744 0)
(0.462160351574 -0.0400156414567 0)
(0.476355702721 -0.0326891975503 0)
(0.489963475756 -0.0205811378475 0)
(0.499659300675 -0.00268043221278 0)
(0.5 0 0)
(0.5 0 0)
(0.5 0 0)
(0.5 0 0)
(0.5 0 0)
(0.5 0 0)
(0.5 0 0)
(0.5 0 0)
(0.5 0 0)
(0.5 0 0)
(0.5 0 0)
(0.5 0 0)
(0.5 0 0)
(0.5 0 0)
(0.491070672816 0.0159747425805 0)
(0.472692695746 0.0414055887054 0)
(0.454573935641 0.054548802192 0)
(0.434849089104 0.0610562863076 0)
(0.414708139272 0.0635172974059 0)
(0.394671048673 0.0634911626525 0)
(0.375079343017 0.0619413154589 0)
(0.356179236219 0.059469804446 0)
(0.338133947362 0.0564590382269 0)
(0.321045334702 0.0531549978424 0)
(0.304971361876 0.049716871394 0)
(0.28993861783 0.0462476486048 0)
(0.275951589503 0.0428134273779 0)
(0.254507143111 0.0515722131469 0)
(0.243267683575 0.0473553581959 0)
(0.232931651672 0.0432798228779 0)
(0.223476311198 0.0393557317347 0)
(0.214875977973 0.0355866465223 0)
(0.207103308606 0.0319716543937 0)
(0.200130260193 0.0285068277528 0)
(0.193928797458 0.0251862479009 0)
(0.188471407473 0.0220027238029 0)
(0.183731468541 0.0189482964975 0)
(0.17968350896 0.0160145920179 0)
(0.176303382929 0.0131930667727 0)
(0.173568384344 0.0104751763048 0)
(0.17145731425 0.00785248930234 0)
(0.169950513894 0.00531676243421 0)
(0.16902987246 0.00285998714823 0)
(0.168678816322 0.000474416458283 0)
(0.168882284993 -0.0018474224619 0)
(0.169626697612 -0.00411272562028 0)
(0.170899912848 -0.00632841632337 0)
(0.172691184255 -0.00850115367731 0)
(0.174991112514 -0.0106373435973 0)
(0.177791595458 -0.0127431507759 0)
(0.181085776311 -0.0148245102351 0)
(0.184867990174 -0.0168871371177 0)
(0.189133708378 -0.0189365332777 0)
(0.193879479904 -0.0209779889946 0)
(0.199102868591 -0.0230165777314 0)
(0.204802384335 -0.0250571412554 0)
(0.210977405797 -0.0271042615722 0)
(0.217628091334 -0.0291622148973 0)
(0.224755273851 -0.0312349011778 0)
(0.232360333965 -0.0333257402901 0)
(0.240445044244 -0.0354375226986 0)
(0.249011375128 -0.0375721976725 0)
(0.258061250435 -0.0397305755213 0)
(0.267596236873 -0.0419119108254 0)
(0.277617147997 -0.0441133200299 0)
(0.28812353863 -0.0463289671953 0)
(0.299113060667 -0.0485489231497 0)
(0.310580645793 -0.0507575608514 0)
(0.322517474203 -0.052931286189 0)
(0.334909669954 -0.0550353028125 0)
(0.34773665677 -0.0570189325724 0)
(0.360969312289 -0.0588087473635 0)
(0.37456852141 -0.0602985908468 0)
(0.388484099346 -0.0613354034108 0)
(0.40265209223 -0.0616976248299 0)
(0.416994603415 -0.0610582659644 0)
(0.431439218627 -0.0589300738176 0)
(0.445951979682 -0.0545939315548 0)
(0.460471010069 -0.0469279377684 0)
(0.474609892201 -0.0341575153838 0)
(0.49143187203 -0.01216245736 0)
(0.5 0 0)
(0.5 0 0)
(0.5 0 0)
(0.5 0 0)
(0.5 0 0)
(0.5 0 0)
(0.5 0 0)
(0.5 0 0)
(0.5 0 0)
(0.5 0 0)
(0.5 0 0)
(0.5 0 0)
(0.5 0 0)
(0.497393881637 0.00516610192951 0)
(0.47520179013 0.0387270031745 0)
(0.453246607203 0.0612666567266 0)
(0.43354121334 0.0742138138707 0)
(0.414324099063 0.0807406364296 0)
(0.395372793957 0.083064168756 0)
(0.376782535262 0.0826655095347 0)
(0.35869820035 0.0805321434063 0)
(0.341260128231 0.0773152927771 0)
(0.324580120563 0.0734456933548 0)
(0.308738871296 0.0692096968921 0)
(0.293789376643 0.0647980007855 0)
(0.279761736041 0.0603372310683 0)
(0.266668105725 0.055910700045 0)
(0.243912091675 0.0628554989489 0)
(0.23352379282 0.0577748898342 0)
(0.22393991751 0.0528510464911 0)
(0.215147708803 0.0480982948028 0)
(0.207130587176 0.0435229495513 0)
(0.199869385302 0.0391257312746 0)
(0.19334332357 0.0349034914726 0)
(0.187530769998 0.0308504464482 0)
(0.182409824957 0.0269590605544 0)
(0.177958765659 0.0232206782575 0)
(0.174156379461 0.0196259755367 0)
(0.170982209694 0.0161652808795 0)
(0.168416732995 0.0128288018524 0)
(0.166441483262 0.00960678312927 0)
(0.165039134151 0.00648961468789 0)
(0.164193549499 0.00346790376614 0)
(0.163889808971 0.000532520517294 0)
(0.164114214641 -0.00232537532361 0)
(0.164854282871 -0.00511432133015 0)
(0.166098724826 -0.00784254874072 0)
(0.167837418117 -0.0105179851418 0)
(0.170061371359 -0.0131482609869 0)
(0.172762682836 -0.0157407178791 0)
(0.17593449397 -0.0183024167801 0)
(0.179570937813 -0.0208401443679 0)
(0.183667082346 -0.0233604156737 0)
(0.188218867918 -0.0258694708705 0)
(0.193223037689 -0.0283732636326 0)
(0.198677059429 -0.0308774378053 0)
(0.204579036409 -0.0333872881464 0)
(0.210927604482 -0.0359076995313 0)
(0.21772181159 -0.0384430571144 0)
(0.224960975035 -0.0409971173249 0)
(0.232644510741 -0.0435728259592 0)
(0.240771727449 -0.0461720646319 0)
(0.24934157739 -0.0487952998839 0)
(0.258352353493 -0.0514410994877 0)
(0.267801322154 -0.0541054667799 0)
(0.277684280444 -0.0567809246086 0)
(0.287995028287 -0.0594552532737 0)
(0.298724750999 -0.0621097478455 0)
(0.309861318083 -0.0647168041973 0)
(0.321388520256 -0.0672365602384 0)
(0.333285307925 -0.0696121865303 0)
(0.34552526932 -0.0717632324437 0)
(0.358076938402 -0.0735763018235 0)
(0.370905468886 -0.0748922441761 0)
(0.383975678086 -0.0754879051804 0)
(0.397259627578 -0.075047808445 0)
(0.410758886014 -0.0731232095093 0)
(0.424541847386 -0.0690795355422 0)
(0.438783298725 -0.0620049778501 0)
(0.453986625353 -0.0504374631695 0)
(0.471977412836 -0.0317417878385 0)
(0.494666189709 -0.00615041948065 0)
(0.5 0 0)
(0.5 0 0)
(0.5 0 0)
(0.5 0 0)
(0.5 0 0)
(0.5 0 0)
(0.5 0 0)
(0.5 0 0)
(0.5 0 0)
(0.5 0 0)
(0.5 0 0)
(0.498023730426 0.00240328641293 0)
(0.473238884077 0.0318202201332 0)
(0.446920972169 0.0623828799955 0)
(0.425923315187 0.0819019734943 0)
(0.406810785191 0.093451838906 0)
(0.388857544554 0.0992536630717 0)
(0.371589484905 0.101066318766 0)
(0.354838264851 0.100166908202 0)
(0.338597157437 0.0974625099581 0)
(0.322921423665 0.0935866463031 0)
(0.307880060472 0.0889791661233 0)
(0.293536105715 0.0839445794888 0)
(0.279939276072 0.0786928702376 0)
(0.267124340803 0.073367895142 0)
(0.255112213522 0.0680671418698 0)
(0.231432546413 0.0731602242045 0)
(0.222017795712 0.0673271657739 0)
(0.213297332863 0.061655585334 0)
(0.2052688601 0.0561647833942 0)
(0.19792543641 0.0508647304335 0)
(0.191256632732 0.0457587132375 0)
(0.185249501015 0.0408452689693 0)
(0.179889369634 0.0361195992739 0)
(0.175160485699 0.0315746043297 0)
(0.171046526838 0.027201638609 0)
(0.16753100399 0.0229910624267 0)
(0.164597574473 0.0189326432864 0)
(0.162230281892 0.0150158465017 0)
(0.160413736788 0.0112300440406 0)
(0.159133249521 0.00756466289893 0)
(0.158374924751 0.00400928874957 0)
(0.15812572507 0.000553736575184 0)
(0.158373509856 -0.00281190295992 0)
(0.159107054117 -0.00609723478926 0)
(0.160316051093 -0.0093115433194 0)
(0.161991101454 -0.0124637849642 0)
(0.164123691243 -0.0155625861757 0)
(0.166706160035 -0.0186162443224 0)
(0.169731660255 -0.0216327290634 0)
(0.173194108068 -0.024619681966 0)
(0.177088125805 -0.0275844120394 0)
(0.181408975392 -0.030533884591 0)
(0.186152481818 -0.0334747003378 0)
(0.19131494515 -0.036413060981 0)
(0.196893039116 -0.0393547164174 0)
(0.202883693693 -0.0423048873218 0)
(0.20928395857 -0.0452681548593 0)
(0.216090843727 -0.0482483066063 0)
(0.223301132798 -0.0512481241058 0)
(0.230911164373 -0.0542690925206 0)
(0.23891657616 -0.0573110060848 0)
(0.247312007129 -0.0603714337894 0)
(0.256090754134 -0.0634449970845 0)
(0.265244382808 -0.0665223941622 0)
(0.274762299143 -0.0695890819858 0)
(0.284631300344 -0.0726234953264 0)
(0.29483514495 -0.0755946387973 0)
(0.30535421747 -0.0784588290805 0)
(0.316165428546 -0.0811552812257 0)
(0.32724264533 -0.0836001265004 0)
(0.338558218766 -0.085678384028 0)
(0.350086356713 -0.08723339834 0)
(0.361809208651 -0.0880528015197 0)
(0.37372808789 -0.0878489345724 0)
(0.385885416493 -0.086232912333 0)
(0.398402918276 -0.0826852845729 0)
(0.41155043782 -0.0765165390565 0)
(0.42593153917 -0.0668017624558 0)
(0.442754836227 -0.0524870764386 0)
(0.462183923446 -0.0335110378209 0)
(0.491986256407 -0.00586471905054 0)
(0.5 0 0)
(0.5 0 0)
(0.5 0 0)
(0.5 0 0)
(0.5 0 0)
(0.5 0 0)
(0.5 0 0)
(0.5 0 0)
(0.5 0 0)
(0.496108602843 0.00225809661402 0)
(0.469500310467 0.0267807628084 0)
(0.436050759903 0.061120016856 0)
(0.411959947505 0.085690994401 0)
(0.392332275003 0.101658232074 0)
(0.375099666661 0.111222585907 0)
(0.359215574952 0.115938594095 0)
(0.344112871442 0.117078103674 0)
(0.329534080353 0.115655854911 0)
(0.315396880806 0.112448104569 0)
(0.301706145455 0.108032246201 0)
(0.288503488665 0.102830970538 0)
(0.275840792519 0.0971502568851 0)
(0.263767076236 0.0912093846401 0)
(0.252322754697 0.085163850282 0)
(0.241537905712 0.079122507564 0)
(0.217311035167 0.0823755073235 0)
(0.208960028601 0.0759099738351 0)
(0.201186923726 0.0695998430317 0)
(0.193999656563 0.0634700533384 0)
(0.187400839953 0.057535046146 0)
(0.18138881198 0.051801546209 0)
(0.175958569919 0.0462706458846 0)
(0.171102575352 0.0409393652836 0)
(0.166811432667 0.0358018188899 0)
(0.163074451233 0.030850086996 0)
(0.15988010479 0.0260748657196 0)
(0.157216402222 0.0214659508227 0)
(0.155071183178 0.0170125966544 0)
(0.153432350639 0.0127037811768 0)
(0.152288050965 0.00852840031936 0)
(0.151626810368 0.00447540916936 0)
(0.151437635317 0.000533923249235 0)
(0.15171008303 -0.00330671003427 0)
(0.152434307074 -0.00705686202926 0)
(0.153601082085 -0.010726589549 0)
(0.155201810745 -0.0143256128989 0)
(0.157228515415 -0.0178633013518 0)
(0.159673816147 -0.0213486628076 0)
(0.162530896225 -0.0247903347334 0)
(0.16579345584 -0.0281965736264 0)
(0.169455654024 -0.0315752401907 0)
(0.173512038473 -0.0349337771675 0)
(0.177957462464 -0.0382791762799 0)
(0.182786987572 -0.041617930023 0)
(0.187995770495 -0.0449559629835 0)
(0.193578931818 -0.0482985359326 0)
(0.199531404177 -0.0516501139804 0)
(0.205847756963 -0.0550141874728 0)
(0.212521994559 -0.0583930308139 0)
(0.219547325234 -0.0617873797547 0)
(0.22691589848 -0.0651960015068 0)
(0.234618510099 -0.0686151238262 0)
(0.242644277406 -0.0720376783562 0)
(0.250980292512 -0.0754522993464 0)
(0.259611271304 -0.078842000573 0)
(0.268519231876 -0.0821824300268 0)
(0.277683262578 -0.0854395731432 0)
(0.287079481989 -0.0885667411053 0)
(0.296681364144 -0.0915006413421 0)
(0.306460732814 -0.094156291304 0)
(0.316389935114 -0.0964205447471 0)
(0.326445926705 -0.0981440798605 0)
(0.336617314237 -0.099131687588 0)
(0.34691629508 -0.0991305547672 0)
(0.357398747991 -0.0978171286386 0)
(0.368197796009 -0.0947857114689 0)
(0.379587265906 -0.0895433820431 0)
(0.392111646222 -0.0815280099143 0)
(0.406699483104 -0.0702449600085 0)
(0.424019062756 -0.0555451748475 0)
(0.446441659876 -0.0362365213447 0)
(0.478129715107 -0.0125658496612 0)
(0.494827018336 -0.000734125180271 0)
(0.5 0 0)
(0.5 0 0)
(0.5 0 0)
(0.5 0 0)
(0.5 0 0)
(0.5 0 0)
(0.487091700961 0.00628833623808 0)
(0.447067404168 0.0340513436205 0)
(0.416524944906 0.0627097710716 0)
(0.390417786491 0.0875559669813 0)
(0.370414676886 0.106163675645 0)
(0.35402043431 0.118866817946 0)
(0.339638065273 0.126575156456 0)
(0.326395971445 0.130235803161 0)
(0.3138092098 0.130744155813 0)
(0.301631579876 0.128881363137 0)
(0.289764977567 0.125290482838 0)
(0.278196200221 0.120480786217 0)
(0.266955102491 0.1148452813 0)
(0.256089192644 0.108681495711 0)
(0.24564923031 0.102211153298 0)
(0.23568172355 0.0955971308014 0)
(0.226225567019 0.0889573072281 0)
(0.201803837181 0.0904259312981 0)
(0.194574497892 0.0834513605789 0)
(0.187805053887 0.0766159858296 0)
(0.181512832672 0.0699508610612 0)
(0.175709367112 0.0634755479851 0)
(0.170401309739 0.0572009444821 0)
(0.165591299463 0.0511314611961 0)
(0.161278745307 0.0452666905915 0)
(0.15746051355 0.0396026836395 0)
(0.154131517099 0.0341329244953 0)
(0.151285212593 0.0288490733064 0)
(0.148914013871 0.0237415312291 0)
(0.14700963158 0.0187998691933 0)
(0.145563348643 0.0140131522751 0)
(0.144566240633 0.0093701841274 0)
(0.144009349143 0.00485969025005 0)
(0.143883815197 0.000470454592707 0)
(0.144180978681 -0.00380857928369 0)
(0.144892448791 -0.00798823371895 0)
(0.146010149601 -0.0120790422128 0)
(0.14752634402 -0.0160912088755 0)
(0.149433638708 -0.0200345774953 0)
(0.151724971821 -0.0239186063266 0)
(0.15439358493 -0.0277523451295 0)
(0.157432979853 -0.0315444111814 0)
(0.160836860694 -0.0353029609624 0)
(0.164599060891 -0.039035653996 0)
(0.168713454639 -0.0427496048598 0)
(0.173173851661 -0.0464513186766 0)
(0.177973873898 -0.0501466043778 0)
(0.18310681241 -0.0538404586447 0)
(0.188565462513 -0.0575369115765 0)
(0.194341935169 -0.0612388227003 0)
(0.200427442787 -0.0649476127446 0)
(0.206812058276 -0.0686629124527 0)
(0.213484447441 -0.0723821043657 0)
(0.220431577229 -0.0760997266335 0)
(0.227638406399 -0.079806699218 0)
(0.235087571971 -0.083489322095 0)
(0.242759095705 -0.0871279821496 0)
(0.250630151976 -0.0906954907242 0)
(0.258674964989 -0.094154958411 0)
(0.266864943469 -0.0974571005055 0)
(0.275169223641 -0.100536860919 0)
(0.283555891775 -0.103309257072 0)
(0.291994299691 -0.105664413396 0)
(0.300459046812 -0.107461895686 0)
(0.308936440941 -0.108524660815 0)
(0.317434734415 -0.10863326241 0)
(0.325999838433 -0.107521805599 0)
(0.334738561235 -0.104878691297 0)
(0.34385451931 -0.100358592545 0)
(0.353701911863 -0.0936254349989 0)
(0.364806750058 -0.0844706401851 0)
(0.377628760938 -0.0729407028432 0)
(0.392847409318 -0.0587147606451 0)
(0.412655583375 -0.0426696604991 0)
(0.431371146306 -0.024774582889 0)
(0.460732713141 -0.0128132394365 0)
(0.472471744418 -0.00455230526765 0)
(0.478063825575 -0.000746603260876 0)
(0.475527301118 0.00207088816555 0)
(0.464749787753 0.00823615554882 0)
(0.446715598719 0.020515873319 0)
(0.411454011271 0.0403599720881 0)
(0.382573605892 0.0666909879819 0)
(0.359729299193 0.0883273148014 0)
(0.340776002489 0.107368719317 0)
(0.325662677722 0.122214698144 0)
(0.313051460702 0.132600956757 0)
(0.30188542541 0.13892695674 0)
(0.291527031932 0.141796071828 0)
(0.281604086497 0.141852695021 0)
(0.271916703225 0.139704910962 0)
(0.262379927732 0.13588659268 0)
(0.252980944645 0.130844407748 0)
(0.243747627707 0.124939653659 0)
(0.234727341046 0.11845729955 0)
(0.225973677151 0.111617631899 0)
(0.217538737323 0.104588007986 0)
(0.209469059909 0.0974934950085 0)
(0.185171035953 0.0972704559077 0)
(0.179090582633 0.08990901729 0)
(0.173354502208 0.0826616796252 0)
(0.167988184405 0.0755658492194 0)
(0.163011005284 0.0686466347279 0)
(0.158437081362 0.0619196494779 0)
(0.154276036688 0.0553932255219 0)
(0.150533732278 0.0490701528771 0)
(0.14721293147 0.0429490401819 0)
(0.144313889837 0.0370253759588 0)
(0.141834867411 0.031292354385 0)
(0.13977256618 0.0257415164886 0)
(0.138122498511 0.0203632470145 0)
(0.136879293371 0.0151471586288 0)
(0.136036947402 0.0100823883262 0)
(0.135589027658 0.00515782555529 0)
(0.135528832199 0.000362287417705 0)
(0.135849514008 -0.00431534694113 0)
(0.13654417297 -0.00888603311743 0)
(0.137605919869 -0.0133604816779 0)
(0.139027915653 -0.0177490955358 0)
(0.140803388571 -0.022061919226 0)
(0.142925631143 -0.0263085955701 0)
(0.145387978391 -0.0304983257029 0)
(0.148183768208 -0.0346398286669 0)
(0.151306284299 -0.0387412968023 0)
(0.154748681666 -0.0428103429714 0)
(0.158503894202 -0.0468539352316 0)
(0.162564523628 -0.0508783139035 0)
(0.166922708698 -0.0548888850339 0)
(0.171569973386 -0.0588900829563 0)
(0.176497052728 -0.062885192958 0)
(0.181693695113 -0.0668761228715 0)
(0.187148440305 -0.0708631096032 0)
(0.192848373441 -0.0748443430808 0)
(0.19877885697 -0.0788154856859 0)
(0.204923245369 -0.0827690598161 0)
(0.211262591977 -0.0866936697162 0)
(0.217775364421 -0.0905730162492 0)
(0.224437195799 -0.0943846552648 0)
(0.231220714911 -0.0980984427508 0)
(0.238095522269 -0.101674605231 0)
(0.24502841209 -0.105061375968 0)
(0.251983988207 -0.10819215349 0)
(0.258925889708 -0.110982181811 0)
(0.265818926161 -0.113324843923 0)
(0.272632502236 -0.115087822573 0)
(0.279345806073 -0.116109622123 0)
(0.285955395351 -0.116197332815 0)
(0.29248580765 -0.115127209968 0)
(0.299003299199 -0.112650480113 0)
(0.305631732174 -0.108508098623 0)
(0.312564492617 -0.10246287139 0)
(0.320049158835 -0.0943610475598 0)
(0.32832048083 -0.0841864689706 0)
(0.337745365128 -0.0718866676585 0)
(0.349127411968 -0.0577236329483 0)
(0.360031835241 -0.0441341808359 0)
(0.371011112826 -0.0316915589175 0)
(0.377507990357 -0.0154764639587 0)
(0.380211179046 -0.00205579693374 0)
(0.376272657266 0.0104082377953 0)
(0.365894110794 0.0263421616448 0)
(0.351739905766 0.0470430155133 0)
(0.333843141352 0.0665765635506 0)
(0.317194564031 0.0869321331952 0)
(0.302690524529 0.105290443168 0)
(0.290301372051 0.12122573678 0)
(0.279974845771 0.133794115118 0)
(0.271128929062 0.142702671526 0)
(0.263168136356 0.148148342594 0)
(0.255672691168 0.150541358991 0)
(0.248378859696 0.150366762169 0)
(0.241139079921 0.148112817234 0)
(0.23389016411 0.14423102192 0)
(0.226626321937 0.139116374766 0)
(0.219377032358 0.133101209459 0)
(0.212190577207 0.126457102276 0)
(0.20512276966 0.119400929061 0)
(0.198229762105 0.112102567588 0)
(0.191563805754 0.104692773542 0)
(0.167667809315 0.102899696466 0)
(0.162735631659 0.0952682873729 0)
(0.158038174744 0.0877186674135 0)
(0.153607229013 0.0802945605379 0)
(0.149468621835 0.0730267940902 0)
(0.145642789023 0.0659360124488 0)
(0.142145412821 0.0590348777051 0)
(0.138988065794 0.0523298400344 0)
(0.136178824358 0.0458225536247 0)
(0.13372283196 0.0395110042798 0)
(0.131622802588 0.0333904045032 0)
(0.129879461944 0.0274539022012 0)
(0.128491927683 0.0216931406431 0)
(0.127458032347 0.0160987001224 0)
(0.126774593743 0.010660445821 0)
(0.126437637847 0.00536780153867 0)
(0.126442579272 0.000209965083719 0)
(0.126784363955 -0.00482392196995 0)
(0.127457578239 -0.00974463988137 0)
(0.128456527997 -0.0145627833061 0)
(0.129775290838 -0.0192886738925 0)
(0.131407743899 -0.0239322870598 0)
(0.133347569175 -0.0285031878855 0)
(0.135588237845 -0.0330104715524 0)
(0.138122974559 -0.0374627040781 0)
(0.140944702242 -0.0418678591142 0)
(0.144045967554 -0.0462332464522 0)
(0.147418846807 -0.0505654275004 0)
(0.151054831859 -0.0548701123894 0)
(0.154944695282 -0.0591520325083 0)
(0.159078334034 -0.0634147811044 0)
(0.163444590917 -0.0676606130806 0)
(0.168031053447 -0.0718901932251 0)
(0.172823830421 -0.0761022797404 0)
(0.177807307703 -0.0802933270464 0)
(0.18296388669 -0.0844569883793 0)
(0.188273711993 -0.0885834946692 0)
(0.193714399463 -0.0926588816904 0)
(0.199260782524 -0.0966640328715 0)
(0.204884704564 -0.100573501145 0)
(0.210554899083 -0.104354071252 0)
(0.216237018419 -0.107963026516 0)
(0.221893897169 -0.111346095459 0)
(0.227486168944 -0.114435080252 0)
(0.232973394953 -0.117145221439 0)
(0.238315902955 -0.119372446657 0)
(0.243477557589 -0.12099079655 0)
(0.248429680959 -0.121850518949 0)
(0.253156309711 -0.121777601035 0)
(0.257660787331 -0.120575926808 0)
(0.261973139937 -0.118033661573 0)
(0.266156293899 -0.113935652902 0)
(0.270305178864 -0.108083674842 0)
(0.274528446969 -0.100323657695 0)
(0.278922976481 -0.0905654817046 0)
(0.283631749449 -0.07877749187 0)
(0.288793849061 -0.0652264668833 0)
(0.293455312535 -0.0510611096267 0)
(0.297166037414 -0.035317227751 0)
(0.299069886238 -0.0175236390455 0)
(0.298583680248 -0.000374995688513 0)
(0.294259249268 0.0169545201054 0)
(0.286441565983 0.036429387955 0)
(0.276899636363 0.057903731838 0)
(0.266703602658 0.0788647314044 0)
(0.257202258677 0.0983662691239 0)
(0.248748600499 0.115537892795 0)
(0.241384357904 0.129998389809 0)
(0.23509473719 0.141337178004 0)
(0.229605927238 0.149422297642 0)
(0.224577930705 0.154404811346 0)
(0.219738034318 0.156599522774 0)
(0.214902441355 0.156395464723 0)
(0.209964790894 0.154200060011 0)
(0.20488027829 0.150404011376 0)
(0.199649268917 0.145360930074 0)
(0.194302113484 0.13937789859 0)
(0.188886685622 0.132713421674 0)
(0.183459086264 0.125579827085 0)
(0.178077201496 0.1181479888 0)
(0.172796544895 0.110552965404 0)
(0.149537335694 0.107332003587 0)
(0.145728779412 0.0995391319998 0)
(0.14205372853 0.0917904443294 0)
(0.138548541153 0.0841356739467 0)
(0.135243923231 0.0766112776507 0)
(0.132165301527 0.0692430089225 0)
(0.129333309092 0.0620480592528 0)
(0.126764317094 0.0550368215663 0)
(0.124470969781 0.0482143313773 0)
(0.122462695692 0.0415814379194 0)
(0.120746179583 0.0351357518031 0)
(0.119325787199 0.0288724093838 0)
(0.118203940042 0.0227846877944 0)
(0.117381440418 0.0168644989577 0)
(0.116857748923 0.011102785977 0)
(0.116631217507 0.00548984113946 0)
(0.116699281667 1.55613152319e-05 0)
(0.117058615384 -0.0053303462953 0)
(0.117705252207 -0.0105581973957 0)
(0.11863467559 -0.0156781939534 0)
(0.11984188118 -0.0207003102575 0)
(0.121321413335 -0.0256341953269 0)
(0.123067377712 -0.030489086113 0)
(0.125073431338 -0.0352737264927 0)
(0.127332751199 -0.039996287348 0)
(0.129837981978 -0.0446642831323 0)
(0.132581163277 -0.049284480221 0)
(0.135553636359 -0.0538627920264 0)
(0.138745930256 -0.0584041553332 0)
(0.142147626966 -0.0629123815553 0)
(0.145747205508 -0.0673899756087 0)
(0.149531864788 -0.0718379138053 0)
(0.15348732572 -0.0762553705948 0)
(0.157597613913 -0.0806393820603 0)
(0.161844825564 -0.0849844318245 0)
(0.166208881339 -0.089281942469 0)
(0.170667276096 -0.0935196527936 0)
(0.175194836762 -0.0976808584825 0)
(0.179763506947 -0.10174349146 0)
(0.184342185467 -0.105679012252 0)
(0.188896657491 -0.109451091481 0)
(0.193389671869 -0.113014063655 0)
(0.197781236271 -0.116311152228 0)
(0.202029222249 -0.119272494712 0)
(0.206090392526 -0.121813047557 0)
(0.209921975476 -0.123830531163 0)
(0.213483903759 -0.1252036901 0)
(0.216741793798 -0.125791286317 0)
(0.219670645445 -0.125432411768 0)
(0.222259014898 -0.123948904045 0)
(0.224513008318 -0.121150799796 0)
(0.226458693073 -0.116845709663 0)
(0.228139740804 -0.110852328264 0)
(0.22960650449 -0.10301558608 0)
(0.230904075073 -0.0932178532419 0)
(0.232084967743 -0.0813984951626 0)
(0.233153029473 -0.0676744146192 0)
(0.233723600035 -0.0524128134735 0)
(0.233507827147 -0.0353330574215 0)
(0.232409769442 -0.0166203968961 0)
(0.230114885377 0.00260311540381 0)
(0.226001771162 0.0224097474121 0)
(0.220391544932 0.0433382806636 0)
(0.214328692685 0.0649413123375 0)
(0.208518049428 0.0857577074168 0)
(0.203368680829 0.104725180657 0)
(0.19896136892 0.121186196511 0)
(0.195239484016 0.13485668782 0)
(0.192124143414 0.145545259781 0)
(0.189429513073 0.153220477816 0)
(0.186929901236 0.158025847095 0)
(0.184432395778 0.160225181653 0)
(0.181800068616 0.160146366753 0)
(0.178951060348 0.158139966525 0)
(0.175850664891 0.154550440824 0)
(0.172501023099 0.149697562814 0)
(0.168930432036 0.143866145527 0)
(0.165183783402 0.137301964123 0)
(0.161314867687 0.130211836279 0)
(0.157380639559 0.122766203307 0)
(0.153437223882 0.115103001047 0)
(0.13100549001 0.110608812443 0)
(0.128276148376 0.102752419624 0)
(0.125589265425 0.094899314569 0)
(0.122983911099 0.0871046829488 0)
(0.1204940427 0.0794102785576 0)
(0.118148672178 0.0718468146764 0)
(0.115972183984 0.0644360057693 0)
(0.113984735363 0.0571922882329 0)
(0.112202691541 0.0501242568325 0)
(0.110639063798 0.043235855243 0)
(0.109303929819 0.0365273574836 0)
(0.108204823852 0.0299961737093 0)
(0.107347089852 0.0236375098364 0)
(0.106734194615 0.017444906438 0)
(0.106368000398 0.0114106785586 0)
(0.106248998061 0.00552627470439 0)
(0.106376502656 -0.000217429659937 0)
(0.10674881381 -0.0058298912621 0)
(0.107363343387 -0.011320700039 0)
(0.108216712839 -0.0166994129144 0)
(0.109304822454 -0.0219754125853 0)
(0.11062289445 -0.0271577846064 0)
(0.112165491564 -0.0322552068439 0)
(0.113926512454 -0.0372758459278 0)
(0.115899164939 -0.0422272556544 0)
(0.118075917819 -0.047116272429 0)
(0.120448431761 -0.0519489027825 0)
(0.123007469569 -0.0567301977468 0)
(0.125742786014 -0.0614641084319 0)
(0.128642997446 -0.0661533165229 0)
(0.131695431492 -0.0707990325679 0)
(0.134885957544 -0.0754007538794 0)
(0.138198799312 -0.0799559726125 0)
(0.141616331746 -0.08445982311 0)
(0.145118866092 -0.0889046559635 0)
(0.148684429025 -0.0932795245109 0)
(0.152288544866 -0.0975695678143 0)
(0.155904034082 -0.101755272832 0)
(0.159500846929 -0.105811598031 0)
(0.163045958503 -0.109706941895 0)
(0.166503360891 -0.113401944035 0)
(0.169834199416 -0.116848115929 0)
(0.172997112652 -0.119986315592 0)
(0.175948848269 -0.122745109315 0)
(0.17864523559 -0.125039108441 0)
(0.181042594787 -0.126767433889 0)
(0.183099643547 -0.127812545994 0)
(0.184779916538 -0.128039775184 0)
(0.186054620643 -0.127297989478 0)
(0.186905667915 -0.125421917635 0)
(0.18732836594 -0.122236664108 0)
(0.187332934561 -0.117564864785 0)
(0.186943548398 -0.111236572278 0)
(0.186194078333 -0.1031007241 0)
(0.185124200992 -0.0930366118941 0)
(0.18378016034 -0.0809733567404 0)
(0.18218118315 -0.0669435557701 0)
(0.180214810171 -0.0510911835384 0)
(0.177830467544 -0.0334129620199 0)
(0.175117605341 -0.0141620708551 0)
(0.172001917147 0.0059921675099 0)
(0.16831002082 0.026783777296 0)
(0.164314695187 0.0480968371686 0)
(0.160586247925 0.0693519285502 0)
(0.157488138972 0.0895377669356 0)
(0.155134210541 0.107829216728 0)
(0.153466157152 0.123678473488 0)
(0.152350637512 0.136820108928 0)
(0.15164753036 0.1471295487 0)
(0.151183996854 0.154613578224 0)
(0.150777326302 0.159406020411 0)
(0.15027052364 0.161734304392 0)
(0.149548372695 0.161881163437 0)
(0.148539067392 0.160153167473 0)
(0.147209741367 0.156857128122 0)
(0.145559375623 0.152283687584 0)
(0.143610817692 0.1466972002 0)
(0.141403168197 0.140330663793 0)
(0.138985267737 0.133384324479 0)
(0.136410543285 0.126026713043 0)
(0.133733185384 0.118397123866 0)
(0.112277313027 0.112789705566 0)
(0.110567461318 0.104955891474 0)
(0.108820143029 0.097083109507 0)
(0.107075384946 0.0892312373004 0)
(0.105368821746 0.0814467864395 0)
(0.103731660455 0.0737650803976 0)
(0.102190825064 0.0662121629058 0)
(0.100769214116 0.0588064440347 0)
(0.0994860217809 0.0515601035396 0)
(0.0983570870899 0.0444802767792 0)
(0.0973952468946 0.0375700502434 0)
(0.09661067629 0.0308292930838 0)
(0.096011206205 0.0242553491286 0)
(0.0956026121304 0.0178436113853 0)
(0.0953888709124 0.0115879983969 0)
(0.0953723845394 0.00548134925329 0)
(0.0955541711432 -0.000484248270754 0)
(0.0959340242187 -0.00631718405898 0)
(0.0965106414981 -0.0120260958652 0)
(0.0972817250913 -0.0176196742708 0)
(0.0982440545218 -0.0231064944995 0)
(0.0993935341908 -0.0284948681697 0)
(0.100725216645 -0.0337927088126 0)
(0.102233302835 -0.039007405528 0)
(0.103911120347 -0.0441456994868 0)
(0.105751080432 -0.0492135581524 0)
(0.107744614477 -0.0542160420871 0)
(0.10988209051 -0.0591571590286 0)
(0.112152710311 -0.064039699575 0)
(0.114544387799 -0.0688650483257 0)
(0.117043609652 -0.0736329636529 0)
(0.11963527957 -0.0783413184754 0)
(0.122302548347 -0.0829857934654 0)
(0.125026633014 -0.0875595130783 0)
(0.127786629925 -0.092052613723 0)
(0.130559328824 -0.0964517323976 0)
(0.133319037935 -0.100739403381 0)
(0.136037434044 -0.104893350406 0)
(0.138683456635 -0.108885662669 0)
(0.14122327152 -0.112681845738 0)
(0.14362033714 -0.1162397442 0)
(0.145835615412 -0.11950834319 0)
(0.147827978043 -0.122426473026 0)
(0.14955486678 -0.124921467448 0)
(0.150973269386 -0.126907863865 0)
(0.152041067518 -0.12828628489 0)
(0.152718793109 -0.128942702658 0)
(0.15297179185 -0.128748355068 0)
(0.152772724731 -0.127560646919 0)
(0.152104222705 -0.125225409616 0)
(0.150961364429 -0.121580876052 0)
(0.149353535868 -0.116463651107 0)
(0.147305202636 -0.109716825077 0)
(0.144855651046 -0.101200066484 0)
(0.142059233895 -0.0908018737331 0)
(0.138985233753 -0.0784577776361 0)
(0.135701976831 -0.0641791852455 0)
(0.132247958747 -0.0480577726634 0)
(0.12870768717 -0.0301989976905 0)
(0.125228843376 -0.0108897268853 0)
(0.121876709747 0.00937175691428 0)
(0.118681174149 0.0301927309529 0)
(0.115851401916 0.0511953677187 0)
(0.113690950323 0.0717759894191 0)
(0.112365614084 0.0911696734248 0)
(0.111868328186 0.108722837258 0)
(0.112076210954 0.123973261857 0)
(0.112815700959 0.13666871306 0)
(0.113910420739 0.146702507757 0)
(0.115181514729 0.154087548159 0)
(0.116458427148 0.158940650553 0)
(0.117596624188 0.161456822183 0)
(0.118487404138 0.161880636224 0)
(0.119059436575 0.160481217948 0)
(0.11927571509 0.157532459272 0)
(0.119128201256 0.153298499896 0)
(0.118631504868 0.148024073568 0)
(0.117816584646 0.141928970215 0)
(0.116725105443 0.135205678924 0)
(0.11540475429 0.128019291197 0)
(0.113905583364 0.120508875545 0)
(0.0935350933523 0.113947561555 0)
(0.0927739712481 0.106210107337 0)
(0.0919068577294 0.0983918153395 0)
(0.0909731734513 0.0905563499876 0)
(0.0900087926168 0.0827542831457 0)
(0.0890458172293 0.0750250370257 0)
(0.0881125523004 0.0673986329017 0)
(0.0872336180793 0.0598972354763 0)
(0.0864301500226 0.0525364976968 0)
(0.0857200495733 0.0453267194138 0)
(0.085118258811 0.0382738376148 0)
(0.0846370398672 0.0313802675652 0)
(0.0842862459835 0.0246456141072 0)
(0.0840735755552 0.0180672713327 0)
(0.0840048037704 0.0116409273198 0)
(0.0840839887797 0.00536098889849 0)
(0.0843136509587 -0.000779060299246 0)
(0.0846949249098 -0.00678635687622 0)
(0.0852276845532 -0.0126683996181 0)
(0.0859106420716 -0.0184328274427 0)
(0.0867414216928 -0.0240872255185 0)
(0.0877166093768 -0.0296389525881 0)
(0.0888317794653 -0.0350949832232 0)
(0.090081499302 -0.0404617592505 0)
(0.0914593127518 -0.0457450449291 0)
(0.092957703483 -0.0509497806399 0)
(0.09456803884 -0.0560799298937 0)
(0.096280495157 -0.0611383143471 0)
(0.098083965465 -0.0661264312772 0)
(0.0999659507746 -0.0710442476045 0)
(0.101912436495 -0.0758899640706 0)
(0.103907756141 -0.080659742611 0)
(0.105934445346 -0.0853473893409 0)
(0.107973090404 -0.0899439849407 0)
(0.110002177216 -0.0944374536718 0)
(0.111997948731 -0.0988120619207 0)
(0.113934281836 -0.103047837228 0)
(0.115782598323 -0.107119899545 0)
(0.117511829186 -0.11099769844 0)
(0.119088456965 -0.114644153745 0)
(0.12047666733 -0.118014703801 0)
(0.121638647913 -0.121056276026 0)
(0.122535079057 -0.123706210807 0)
(0.123125866004 -0.125891193038 0)
(0.123371163019 -0.127526277497 0)
(0.123232733831 -0.128514134742 0)
(0.122675676667 -0.128744691248 0)
(0.121670513484 -0.128095386761 0)
(0.120195596903 -0.126432316917 0)
(0.118239719668 -0.123612557665 0)
(0.115804738266 -0.119487959939 0)
(0.112907984528 -0.113910662256 0)
(0.109584272637 -0.10674052755 0)
(0.105887576071 -0.0978546924664 0)
(0.101892774122 -0.0871597749182 0)
(0.0976960086273 -0.0746083393853 0)
(0.0934078443654 -0.0602189318571 0)
(0.0891448988876 -0.0440847633826 0)
(0.085054646055 -0.0263657637936 0)
(0.0813089043631 -0.00735608754188 0)
(0.0780370846463 0.0125205272012 0)
(0.0753437318399 0.0328348784161 0)
(0.0733838617579 0.0531290602807 0)
(0.0723157739349 0.072837275571 0)
(0.0721968205147 0.0913413690001 0)
(0.0729646460608 0.108104209563 0)
(0.0744719081983 0.122729841576 0)
(0.0765311944726 0.134982553231 0)
(0.0789509379708 0.144758591449 0)
(0.0815465526433 0.152062904901 0)
(0.0841495028217 0.156990838841 0)
(0.0866176824783 0.159706516986 0)
(0.0888415840427 0.160419983367 0)
(0.0907453960184 0.159366585332 0)
(0.0922846947887 0.156790030263 0)
(0.0934421886666 0.152929430915 0)
(0.0942225347669 0.14801019132 0)
(0.0946470016828 0.142238273731 0)
(0.0947485127523 0.135797203528 0)
(0.0945673685993 0.128847129688 0)
(0.0941477639363 0.121525318133 0)
(0.0749378108536 0.114164067043 0)
(0.0750475390063 0.106584608616 0)
(0.0749938886825 0.0988843113027 0)
(0.074814360601 0.091129638779 0)
(0.0745438227356 0.083374420807 0)
(0.0742141153155 0.0756615492515 0)
(0.0738538687786 0.0680245486569 0)
(0.0734884758278 0.0604889976828 0)
(0.0731401703046 0.0530737939673 0)
(0.0728281759386 0.0457922654009 0)
(0.072568896831 0.0386531370313 0)
(0.0723761287308 0.0316613661882 0)
(0.0722612758971 0.0248188598646 0)
(0.0722335627963 0.0181250886309 0)
(0.0723002332792 0.0115776108547 0)
(0.0724667324155 0.00517252007923 0)
(0.0727368680216 -0.00109517268017 0)
(0.0731129502431 -0.00723121111702 0)
(0.0735959084824 -0.0132418107963 0)
(0.074185385588 -0.0191334128113 0)
(0.0748798096294 -0.0249124663474 0)
(0.0756764438315 -0.0305852333085 0)
(0.0765714153884 -0.0361576087746 0)
(0.0775597239568 -0.0416349515332 0)
(0.0786352306806 -0.0470219192506 0)
(0.0797906286469 -0.0523223030544 0)
(0.0810173957518 -0.0575388563788 0)
(0.0823057310869 -0.0626731128834 0)
(0.0836444761719 -0.0677251881191 0)
(0.0850210226984 -0.0726935593902 0)
(0.0864212089408 -0.0775748179657 0)
(0.087829207688 -0.0823633874613 0)
(0.0892274095131 -0.0870512018978 0)
(0.0905963064804 -0.0916273366871 0)
(0.091914383083 -0.0960775857189 0)
(0.0931580233799 -0.100383977955 0)
(0.0943014460583 -0.104524227673 0)
(0.0953166825537 -0.108471114051 0)
(0.0961736174725 -0.112191788538 0)
(0.0968401153567 -0.115647013004 0)
(0.0972822631499 -0.118790338739 0)
(0.0974647632064 -0.121567246943 0)
(0.0973515166037 -0.123914286471 0)
(0.0969064397355 -0.125758265298 0)
(0.0960945569945 -0.127015579142 0)
(0.0948834067573 -0.127591793588 0)
(0.0932447849378 -0.127381633241 0)
(0.091156828463 -0.126269569529 0)
(0.0886064077425 -0.124131233534 0)
(0.0855917524107 -0.120835903983 0)
(0.0821251910771 -0.116250323653 0)
(0.0782358611951 -0.110244083221 0)
(0.0739722436011 -0.102696797485 0)
(0.0694044283299 -0.0935073023075 0)
(0.0646259445905 -0.0826052336233 0)
(0.059753952976 -0.069965429753 0)
(0.0549255060408 -0.0556236581014 0)
(0.0502929405093 -0.0396872236679 0)
(0.0460274687503 -0.0223410358573 0)
(0.0423061528106 -0.00387388326461 0)
(0.039277718898 0.0153314279714 0)
(0.0370633077956 0.0348520901701 0)
(0.0357770830415 0.0542288945379 0)
(0.0354990428935 0.0729521555435 0)
(0.0362289691349 0.0905049793128 0)
(0.0378795167939 0.106436043833 0)
(0.0402982835248 0.12040243231 0)
(0.043298921961 0.132186301831 0)
(0.0466885769214 0.14168344633 0)
(0.0502823154696 0.148886574021 0)
(0.0539126231782 0.153868721067 0)
(0.0574371749451 0.156764985557 0)
(0.0607433798725 0.157753706774 0)
(0.0637493545733 0.157039140099 0)
(0.0664022241974 0.154836783688 0)
(0.0686747381184 0.151361768419 0)
(0.0705609924858 0.14682031126 0)
(0.0720718846234 0.141403959109 0)
(0.0732307537288 0.135286181314 0)
(0.0740694899115 0.128620806384 0)
(0.0746252494771 0.121541815436 0)
(0.0566216495178 0.113525771212 0)
(0.0575206467883 0.1061544628 0)
(0.0582093517755 0.098625365693 0)
(0.0587223065946 0.0910067322353 0)
(0.0590923497841 0.0833547952028 0)
(0.0593500790689 0.0757152142979 0)
(0.0595235307315 0.0681244579936 0)
(0.0596380231427 0.0606110871102 0)
(0.0597161206149 0.0531969230245 0)
(0.0597776820084 0.0458980947721 0)
(0.0598399659479 0.0387259667867 0)
(0.0599177708653 0.0316879536793 0)
(0.0600235933601 0.0247882311246 0)
(0.0601677926259 0.0180283532201 0)
(0.0603587520596 0.0114077870835 0)
(0.0606030317822 0.00492437526451 0)
(0.0609055077916 -0.00142526395781 0)
(0.0612694949631 -0.00764538901732 0)
(0.0616968522122 -0.0137408316212 0)
(0.062188068937 -0.0197167295517 0)
(0.0627423324233 -0.0255782885354 0)
(0.0633575763028 -0.0313305666107 0)
(0.0640305104362 -0.0369782749474 0)
(0.0647566328079 -0.0425255894888 0)
(0.0655302241895 -0.047975968097 0)
(0.0663443264917 -0.0533319680906 0)
(0.0671907059171 -0.0585950591886 0)
(0.0680598022585 -0.0637654269012 0)
(0.068940666015 -0.0688417613701 0)
(0.069820885432 -0.0738210265774 0)
(0.070686506162 -0.0786982047218 0)
(0.0715219470323 -0.0834660104609 0)
(0.072309916433 -0.088114569683 0)
(0.0730313351739 -0.0926310575708 0)
(0.0736652733461 -0.0969992910567 0)
(0.0741889108375 -0.101199271496 0)
(0.0745775337436 -0.105206674678 0)
(0.074804582019 -0.108992287427 0)
(0.0748417673545 -0.112521393409 0)
(0.0746592843442 -0.115753115746 0)
(0.0742261423712 -0.118639731356 0)
(0.0735106498939 -0.121125982154 0)
(0.0724810863467 -0.123148422262 0)
(0.0711065987119 -0.124634858641 0)
(0.0693583587044 -0.125503965553 0)
(0.0672110109302 -0.125665180409 0)
(0.0646444309133 -0.125019018494 0)
(0.0616457931505 -0.12345797436 0)
(0.0582119217291 -0.120868204733 0)
(0.0543518599582 -0.117132206432 0)
(0.050089557781 -0.11213270716 0)
(0.0454665416484 -0.105757978198 0)
(0.0405443921829 -0.0979087583832 0)
(0.0354068013391 -0.0885069411093 0)
(0.0301608136625 -0.0775061264092 0)
(0.0249363352532 -0.0649038904448 0)
(0.0198828264658 -0.0507543938359 0)
(0.0151643284841 -0.0351782141378 0)
(0.0109546916778 -0.0183695110057 0)
(0.0074240077829 -0.000605587996015 0)
(0.00471773583763 0.01776265755 0)
(0.00295015927473 0.0363390071702 0)
(0.0022052153909 0.0546949159585 0)
(0.00252027480877 0.0723790456043 0)
(0.00386600631643 0.0889511373117 0)
(0.00614584203512 0.104026322789 0)
(0.00921150899403 0.117305376646 0)
(0.012885254918 0.128588548603 0)
(0.0169810045142 0.137771950258 0)
(0.0213186634349 0.144836560369 0)
(0.0257338070684 0.149834792705 0)
(0.0300845929764 0.152875419134 0)
(0.0342557676353 0.15410799874 0)
(0.0381598243406 0.153708250379 0)
(0.0417359241692 0.15186532369 0)
(0.0449473021723 0.148771412593 0)
(0.0477777936976 0.144613808733 0)
(0.0502280013874 0.139569253428 0)
(0.0523114968068 0.133800292843 0)
(0.0540513203512 0.127453268293 0)
(0.0554769285217 0.120657564612 0)
(0.0387012866534 0.112120773991 0)
(0.0403071247769 0.104997285101 0)
(0.0416652962153 0.0976829842667 0)
(0.0428066212941 0.090246929823 0)
(0.0437611171207 0.0827468969443 0)
(0.044557348577 0.0752305802544 0)
(0.0452219921182 0.0677367838017 0)
(0.0457795671646 0.0602965581372 0)
(0.0462522957677 0.0529342601921 0)
(0.0466600574752 0.0456685232511 0)
(0.0470204122954 0.0385131324619 0)
(0.0473486700455 0.0314778068434 0)
(0.0476579890339 0.0245688922997 0)
(0.0479594909324 0.0177899722946 0)
(0.0482623818992 0.0111424039821 0)
(0.0485740725909 0.00462578804199 0)
(0.0489002917305 -0.0017616195032 0)
(0.049245189489 -0.00802254548206 0)
(0.0496114281509 -0.0141603801813 0)
(0.0500002584643 -0.0201788932487 0)
(0.0504115807767 -0.0260819782753 0)
(0.0508439905891 -0.0318734199051 0)
(0.0512948085697 -0.0375566777329 0)
(0.0517600953993 -0.0431346816199 0)
(0.0522346521013 -0.0486096333279 0)
(0.0527120067821 -0.0539828095953 0)
(0.0531843889963 -0.0592543619338 0)
(0.053642693287 -0.0644231085175 0)
(0.0540764338649 -0.0694863135947 0)
(0.0544736929143 -0.0744394499021 0)
(0.0548210656818 -0.0792759396103 0)
(0.0551036063493 -0.0839868694381 0)
(0.0553047797689 -0.0885606758064 0)
(0.0554064254688 -0.0929827963003 0)
(0.0553887419905 -0.0972352844152 0)
(0.0552303016082 -0.101296385693 0)
(0.054908107862 -0.105140075088 0)
(0.0543977110941 -0.108735557982 0)
(0.0536734002945 -0.11204674102 0)
(0.0527084929309 -0.115031684169 0)
(0.0514757478424 -0.117642052693 0)
(0.0499479293652 -0.119822597454 0)
(0.0480985530466 -0.121510704684 0)
(0.0459028437798 -0.122636072446 0)
(0.0433389349024 -0.123120590406 0)
(0.0403893305134 -0.122878521886 0)
(0.0370426417395 -0.12181711096 0)
(0.0332955895792 -0.11983776076 0)
(0.0291552408855 -0.116837948784 0)
(0.0246414099114 -0.112714056472 0)
(0.0197891183638 -0.107365288686 0)
(0.0146509620424 -0.100698841656 0)
(0.00929917288634 -0.0926364401801 0)
(0.00382708091516 -0.0831222892338 0)
(-0.00165046750435 -0.0721323471384 0)
(-0.0069984238538 -0.0596845132195 0)
(-0.0120652171706 -0.0458485796794 0)
(-0.0166885056352 -0.0307541226541 0)
(-0.0207027826826 -0.0145957155871 0)
(-0.0239517105953 0.00236460180013 0)
(-0.0263029919796 0.0198058859345 0)
(-0.0276571214466 0.0373664700406 0)
(-0.0279526154962 0.0546592225625 0)
(-0.0271759804676 0.0712878230648 0)
(-0.0253703008098 0.0868734368402 0)
(-0.0226329047615 0.101084467476 0)
(-0.0191035665863 0.113658439596 0)
(-0.01494799814 0.124413255975 0)
(-0.0103413233657 0.133247112088 0)
(-0.00545520092287 0.140131595238 0)
(-0.000448504559499 0.145101426758 0)
(0.00453920005185 0.148242336957 0)
(0.00939155136783 0.149678275887 0)
(0.0140168705032 0.149559112443 0)
(0.0183476920319 0.148049642633 0)
(0.0223389029506 0.145320357246 0)
(0.0259650078948 0.14154013224 0)
(0.0292169609721 0.136870797032 0)
(0.0320989097281 0.131463396027 0)
(0.0346250964183 0.125455882096 0)
(0.0368170698793 0.118971955713 0)
(0.0212716915887 0.110036068241 0)
(0.0235033794971 0.103190775504 0)
(0.0254584782133 0.0961261593136 0)
(0.0271635800743 0.0889111689238 0)
(0.0286453117418 0.0816042939308 0)
(0.0299296048164 0.0742545355546 0)
(0.0310411692275 0.0669024082214 0)
(0.0320031317852 0.0595809273824 0)
(0.0328368057916 0.0523165543319 0)
(0.0335615619516 0.0451300800759 0)
(0.03419477537 0.0380374386312 0)
(0.0347518277736 0.031050446119 0)
(0.035246148053 0.0241774661489 0)
(0.0356892776664 0.0174240047517 0)
(0.0360909503857 0.0107932398459 0)
(0.0364591783021 0.00428649120993 0)
(0.0368003379982 -0.00209636258792 0)
(0.0371192524001 -0.00835651372773 0)
(0.0374192650991 -0.0144958946683 0)
(0.0377023049404 -0.0205168814204 0)
(0.0379689394756 -0.0264220246217 0)
(0.0382184165055 -0.0322138027857 0)
(0.0384486934518 -0.0378943924149 0)
(0.0386564547249 -0.0434654499625 0)
(0.0388371176336 -0.0489279008767 0)
(0.0389848277485 -0.0542817311768 0)
(0.0390924450065 -0.059525777201 0)
(0.0391515222613 -0.0646575093153 0)
(0.0391522784774 -0.0696728055239 0)
(0.03908356935 -0.0745657110905 0)
(0.0389328588549 -0.0793281804861 0)
(0.0386861961132 -0.0839497982787 0)
(0.0383282030304 -0.0884174760394 0)
(0.0378420794683 -0.0927151230056 0)
(0.0372096342663 -0.0968232892433 0)
(0.0364113522493 -0.100718781502 0)
(0.0354265094717 -0.104374254018 0)
(0.0342333513043 -0.107757779388 0)
(0.0328093505272 -0.110832408608 0)
(0.0311315652045 -0.113555734639 0)
(0.0291771185662 -0.115879480905 0)
(0.0269238250335 -0.117749145141 0)
(0.0243509873824 -0.119103740384 0)
(0.0214403890989 -0.119875688719 0)
(0.0181775023352 -0.119990939543 0)
(0.0145529244533 -0.119369401862 0)
(0.0105640437876 -0.117925798415 0)
(0.00621691673684 -0.115571065995 0)
(0.00152831237363 -0.11221443841 0)
(-0.00347215295226 -0.10776635178 0)
(-0.0087399092612 -0.102142301474 0)
(-0.0142135218855 -0.0952677515871 0)
(-0.019813204541 -0.087084143392 0)
(-0.0254400634027 -0.0775559524839 0)
(-0.0309764791758 -0.0666785828033 0)
(-0.036288133343 -0.0544866055461 0)
(-0.0412280844861 -0.0410613979349 0)
(-0.0456428667702 -0.0265369219339 0)
(-0.049380588459 -0.011102773337 0)
(-0.0523016412163 0.004996504635 0)
(-0.0542902571599 0.0214691051805 0)
(-0.0552631151959 0.0379895926591 0)
(-0.0551755858282 0.0542135900213 0)
(-0.0540280261954 0.0697944217187 0)
(-0.0518691763002 0.0844042203974 0)
(-0.0487927938003 0.0977553582895 0)
(-0.04492831856 0.109616797886 0)
(-0.0404282051384 0.119823249049 0)
(-0.0354548315388 0.128276604116 0)
(-0.0301693750584 0.134941752599 0)
(-0.0247232417683 0.139838996775 0)
(-0.0192519083322 0.143034498626 0)
(-0.0138710502851 0.144629884105 0)
(-0.00867474869392 0.144751976422 0)
(-0.00373541210163 0.143543376131 0)
(0.000895019500707 0.141154326898 0)
(0.00518301133153 0.137736071372 0)
(0.00911088354478 0.133435722413 0)
(0.0126740768034 0.128392548927 0)
(0.0158784593851 0.122735499275 0)
(0.0187378279645 0.116581750581 0)
(0.00441020887404 0.107355505232 0)
(0.0071899382725 0.100810765544 0)
(0.00967146071077 0.0940230305667 0)
(0.011876860714 0.0870603206185 0)
(0.0138290084869 0.0799810731478 0)
(0.0155507803272 0.0728349005833 0)
(0.0170644669735 0.0656634124757 0)
(0.0183913398381 0.058501056445 0)
(0.0195513465584 0.0513759457708 0)
(0.0205629099631 0.0443106520359 0)
(0.0214428077371 0.0373229493686 0)
(0.0222061134071 0.0304265029382 0)
(0.0228661824651 0.0236314988114 0)
(0.0234346703805 0.0169452154387 0)
(0.0239215718348 0.0103725391955 0)
(0.0243352727432 0.00391642779993 0)
(0.0246826084996 -0.00242167371321 0)
(0.0249689234472 -0.00864145933147 0)
(0.0251981278563 -0.0147434254076 0)
(0.0253727497382 -0.0207285656934 0)
(0.0254939796806 -0.0265980928766 0)
(0.0255617075894 -0.032353181611 0)
(0.0255745508109 -0.0379947282415 0)
(0.0255298736146 -0.0435231226592 0)
(0.0254237984755 -0.0489380279341 0)
(0.0252512100316 -0.0542381635883 0)
(0.025005753044 -0.0594210885826 0)
(0.0246798261632 -0.0644829802975 0)
(0.0242645738567 -0.0694184060164 0)
(0.0237498794768 -0.0742200836981 0)
(0.0231243631963 -0.0788786291673 0)
(0.02237538942 -0.0833822873177 0)
(0.0214890893194 -0.0877166455701 0)
(0.0204504053655 -0.0918643287104 0)
(0.0192431661452 -0.0958046754594 0)
(0.0178502013607 -0.0995133988147 0)
(0.0162535086971 -0.102962234465 0)
(0.0144344861632 -0.106118584613 0)
(0.0123742454675 -0.108945168535 0)
(0.0100540238359 -0.111399696341 0)
(0.00745571316974 -0.113434588984 0)
(0.00456252621653 -0.114996775691 0)
(0.00135981899406 -0.116027609884 0)
(-0.00216391358724 -0.116462956212 0)
(-0.00601585693316 -0.116233514213 0)
(-0.0101975074074 -0.11526545771 0)
(-0.0147031242083 -0.113481481884 0)
(-0.0195180311504 -0.110802360288 0)
(-0.0246168224868 -0.107149118781 0)
(-0.0299615592947 -0.102445928858 0)
(-0.0355000818272 -0.0966238043525 0)
(-0.0411646088857 -0.0896251482228 0)
(-0.0468708484416 -0.0814091325934 0)
(-0.052517901592 -0.0719577939272 0)
(-0.0579892965923 -0.0612825733618 0)
(-0.0631555113252 -0.0494308120188 0)
(-0.0678782371583 -0.036491431384 0)
(-0.0720163836509 -0.0225988597146 0)
(-0.0754337163098 -0.00793438354897 0)
(-0.0780079621895 0.00727598129425 0)
(-0.0796401006216 0.0227684264007 0)
(-0.0802619163154 0.0382524355366 0)
(-0.0798416053609 0.053423878318 0)
(-0.0783878437416 0.0679798966816 0)
(-0.0759508341961 0.0816356925698 0)
(-0.0726187879414 0.0941406800171 0)
(-0.0685103900994 0.105291052284 0)
(-0.0637648474252 0.114937279231 0)
(-0.0585313888387 0.122986132402 0)
(-0.052959831902 0.129398249984 0)
(-0.0471929298308 0.134182632603 0)
(-0.0413606553843 0.137389223749 0)
(-0.0355764017307 0.139100540655 0)
(-0.0299349538633 0.139423174253 0)
(-0.0245119622818 0.138479782905 0)
(-0.0193645857966 0.136401993083 0)
(-0.0145329631899 0.133324431588 0)
(-0.0100422022583 0.129379962509 0)
(-0.00590462366966 0.124696090563 0)
(-0.00212205511384 0.119392419497 0)
(0.00131197070057 0.11357901467 0)
(-0.0118212514209 0.104158320585 0)
(-0.00856684307207 0.0979297390016 0)
(-0.00562609022152 0.0914394419173 0)
(-0.00298150646974 0.0847538122301 0)
(-0.000614168085864 0.0779305493186 0)
(0.00149548356682 0.071019235024 0)
(0.00336700936 0.0640619894905 0)
(0.00501948661544 0.0570941718464 0)
(0.00647114719522 0.0501450923489 0)
(0.00773911766505 0.0432387121857 0)
(0.0088392417174 0.0363943147947 0)
(0.00978596740256 0.0296271385288 0)
(0.0105922841744 0.0229489650372 0)
(0.0112696971339 0.0163686611039 0)
(0.0118282280484 0.00989267411856 0)
(0.0122764346851 0.00352548304775 0)
(0.0126214417065 -0.00272999207845 0)
(0.0128689778407 -0.008872018432 0)
(0.0130234152811 -0.0148997122585 0)
(0.0130878083129 -0.0208127300067 0)
(0.0130639290428 -0.0266109843302 0)
(0.0129522988462 -0.0322943806241 0)
(0.0127522147875 -0.0378625698796 0)
(0.0124617708288 -0.0433147138072 0)
(0.0120778741566 -0.0486492583566 0)
(0.0115962574537 -0.0538637119725 0)
(0.0110114884364 -0.0589544251527 0)
(0.0103169785067 -0.0639163681254 0)
(0.00950499294586 -0.0687429037617 0)
(0.00856666572049 -0.0734255532059 0)
(0.00749202271758 -0.0779537521645 0)
(0.00627001807323 -0.0823145963933 0)
(0.00488858923522 -0.0864925757186 0)
(0.00333473750781 -0.0904692969728 0)
(0.00159464206694 -0.0942231976094 0)
(-0.000346183211877 -0.0977292535895 0)
(-0.00250267933295 -0.100958687494 0)
(-0.00488996593659 -0.103878685867 0)
(-0.00752298564924 -0.106452138672 0)
(-0.0104160543527 -0.108637418565 0)
(-0.0135823021162 -0.110388223646 0)
(-0.0170329898104 -0.111653514455 0)
(-0.0207766880032 -0.112377584278 0)
(-0.0248183082069 -0.112500311096 0)
(-0.0291579826073 -0.111957649379 0)
(-0.0337897978086 -0.110682429462 0)
(-0.0387004017307 -0.10860554031 0)
(-0.0438675213187 -0.105657576052 0)
(-0.0492584527551 -0.101771025218 0)
(-0.0548286153441 -0.09688307074 0)
(-0.0605202944809 -0.0909390445958 0)
(-0.0662617371358 -0.0838965391732 0)
(-0.0719668030871 -0.0757301126324 0)
(-0.0775354108782 -0.0664364312385 0)
(-0.082855037874 -0.0560395635029 0)
(-0.0878035152921 -0.0445959789349 0)
(-0.0922532581277 -0.0321986317065 0)
(-0.0960768895261 -0.0189794169785 0)
(-0.0991540684566 -0.00510933641617 0)
(-0.1013791332 0.00920426866156 0)
(-0.102668631431 0.023723969826 0)
(-0.10296759968 0.038191560225 0)
(-0.102254138186 0.0523393140142 0)
(-0.100542083483 0.0659026330256 0)
(-0.0978809960355 0.0786334685218 0)
(-0.0943528691169 0.0903128484505 0)
(-0.0900659874699 0.100760746806 0)
(-0.0851469784765 0.109842265308 0)
(-0.0797323073565 0.117469812497 0)
(-0.0739603413427 0.123601783769 0)
(-0.0679646407847 0.128238613763 0)
(-0.0618687486684 0.131417067798 0)
(-0.0557825425076 0.133203555341 0)
(-0.049800071683 0.133687142827 0)
(-0.0439986942777 0.132972801228 0)
(-0.0384392639928 0.131175265232 0)
(-0.0331670986276 0.128413732076 0)
(-0.0282134740004 0.124807502815 0)
(-0.023597419174 0.120472572201 0)
(-0.0193276310871 0.1155191059 0)
(-0.0154043715377 0.110049702799 0)
(-0.0273740472887 0.100518141266 0)
(-0.0237130278718 0.0946157727591 0)
(-0.0203760170648 0.0884378599991 0)
(-0.0173500659045 0.082048557684 0)
(-0.0146202412861 0.0755042324965 0)
(-0.0121704276973 0.0688538608716 0)
(-0.00998397933538 0.0621395345476 0)
(-0.00804423891546 0.0553970307987 0)
(-0.00633494088029 0.0486564141219 0)
(-0.00484051668482 0.0419426445858 0)
(-0.0035463188823 0.0352761750376 0)
(-0.00243877924702 0.0286735250024 0)
(-0.00150551441231 0.0221478235495 0)
(-0.000735390672021 0.0157093168214 0)
(-0.000118557809238 0.00936583849831 0)
(0.000353539848126 0.0031232433495 0)
(0.000688168447803 -0.00301419462158 0)
(0.000891320345075 -0.00904341701588 0)
(0.000967736342318 -0.0149622458343 0)
(0.000920931237269 -0.0207690748386 0)
(0.000753220348534 -0.0264625839075 0)
(0.000465745438758 -0.0320414727577 0)
(5.84991173917e-05 -0.0375042104289 0)
(-0.000469652601649 -0.0428487970469 0)
(-0.00112094936244 -0.0480725345193 0)
(-0.00189871639601 -0.0531718030189 0)
(-0.00280734403503 -0.0581418403531 0)
(-0.00385226498512 -0.0629765215994 0)
(-0.00503992693665 -0.0676681367427 0)
(-0.00637775746005 -0.0722071644884 0)
(-0.0078741174147 -0.0765820409721 0)
(-0.00953823830819 -0.0807789227861 0)
(-0.0113801381649 -0.0847814446468 0)
(-0.0134105094981 -0.0885704731742 0)
(-0.0156405719431 -0.0921238597303 0)
(-0.0180818810339 -0.0954161971451 0)
(-0.0207460835321 -0.0984185875183 0)
(-0.0236446087357 -0.101098431234 0)
(-0.0267882844229 -0.103419250956 0)
(-0.0301868656963 -0.105340568745 0)
(-0.0338484652228 -0.106817859645 0)
(-0.037778874541 -0.107802611062 0)
(-0.0419807686231 -0.108242523957 0)
(-0.0464527902375 -0.108081898932 0)
(-0.0511885174182 -0.107262257285 0)
(-0.0561753271094 -0.105723253121 0)
(-0.061393181407 -0.103403936455 0)
(-0.066813380197 -0.100244427174 0)
(-0.0723973455588 -0.0961880534873 0)
(-0.0780955286297 -0.0911839933439 0)
(-0.0838465575647 -0.0851904301644 0)
(-0.0895767739086 -0.0781781920941 0)
(-0.0952003307562 -0.0701347835193 0)
(-0.10062004307 -0.0610686364403 0)
(-0.105729178208 -0.051013308267 0)
(-0.11041433727 -0.0400312387337 0)
(-0.114559485465 -0.0282165744334 0)
(-0.118051048766 -0.0156965242058 0)
(-0.120783847337 -0.00263074953559 0)
(-0.122667453854 0.0107916271915 0)
(-0.123632289854 0.0243576212725 0)
(-0.123634700791 0.0378382823759 0)
(-0.122660539501 0.0509982047726 0)
(-0.120726935149 0.0636060410435 0)
(-0.117881815694 0.0754452866002 0)
(-0.114200979011 0.0863241773331 0)
(-0.109783057352 0.0960835630363 0)
(-0.104743093632 0.104602033216 0)
(-0.0992055975774 0.111798044815 0)
(-0.0932978891646 0.117629306979 0)
(-0.0871442830081 0.122089974968 0)
(-0.080861408833 0.125206283996 0)
(-0.0745547804696 0.127031236047 0)
(-0.0683165928785 0.127638889111 0)
(-0.0622246280826 0.127118699657 0)
(-0.0563420893493 0.125570252754 0)
(-0.0507181565036 0.12309859924 0)
(-0.0453890557273 0.119810317812 0)
(-0.0403794558819 0.115810338081 0)
(-0.0357040327127 0.111199500241 0)
(-0.0313690759197 0.106072787047 0)
(-0.0422107520067 0.0965023894299 0)
(-0.0382053881634 0.0909318357724 0)
(-0.0345302709247 0.0850766106406 0)
(-0.0311768139433 0.0789981660245 0)
(-0.0281340033094 0.0727510360784 0)
(-0.0253891793912 0.0663830910219 0)
(-0.0229286899333 0.0599359100797 0)
(-0.0207384249594 0.0534452332877 0)
(-0.0188042463161 0.0469414601422 0)
(-0.0171123255772 0.0404501703085 0)
(-0.0156494039309 0.0339926478024 0)
(-0.0144029869336 0.0275863952307 0)
(-0.0133614858896 0.0212456288688 0)
(-0.0125143163021 0.0149817487057 0)
(-0.0118519624563 0.00880378018088 0)
(-0.011366015846 0.00271878631617 0)
(-0.0110491938741 -0.00326774957739 0)
(-0.0108953440878 -0.0091515693787 0)
(-0.0108994381589 -0.0149293118403 0)
(-0.011057558877 -0.0205982080008 0)
(-0.0113668826002 -0.0261557975594 0)
(-0.0118256588656 -0.0315996632884 0)
(-0.0124331882027 -0.0369271805215 0)
(-0.0131897985924 -0.0421352788109 0)
(-0.0140968204478 -0.0472202129611 0)
(-0.0151565594525 -0.0521773408314 0)
(-0.0163722660574 -0.0570009055514 0)
(-0.0177480998828 -0.0616838201005 0)
(-0.019289086702 -0.0662174525951 0)
(-0.0210010650641 -0.0705914111191 0)
(-0.022890618958 -0.0747933275459 0)
(-0.0249649922005 -0.0788086405592 0)
(-0.0272319794761 -0.0826203790551 0)
(-0.0296997881519 -0.0862089483009 0)
(-0.0323768641734 -0.0895519227311 0)
(-0.0352716745558 -0.0926238511189 0)
(-0.0383924382735 -0.0953960821295 0)
(-0.0417467968079 -0.0978366210165 0)
(-0.0453414153746 -0.0999100314997 0)
(-0.0491815060718 -0.101577400696 0)
(-0.0532702650988 -0.102796389348 0)
(-0.0576082180807 -0.10352139444 0)
(-0.0621924707226 -0.103703856378 0)
(-0.0670158669262 -0.103292747981 0)
(-0.072066063546 -0.102235286938 0)
(-0.0773245405572 -0.100477916402 0)
(-0.082765577919 -0.0979675988449 0)
(-0.0883552459603 -0.0946534647181 0)
(-0.0940504745349 -0.0904888479902 0)
(-0.099798286731 -0.0854337232067 0)
(-0.105535304109 -0.0794575311816 0)
(-0.111187649997 -0.072542340919 0)
(-0.116671391631 -0.064686242502 0)
(-0.12189366511 -0.0559067996521 0)
(-0.126754611439 -0.0462443148747 0)
(-0.131150207627 -0.0357645832914 0)
(-0.134975995471 -0.0245607512476 0)
(-0.138131598193 -0.0127538806349 0)
(-0.140525791726 -0.000491865040663 0)
(-0.142081759076 0.0120535607186 0)
(-0.142742009424 0.0246917928876 0)
(-0.142472417294 0.0372200693764 0)
(-0.141264974745 0.0494314328736 0)
(-0.139138958853 0.0611233966108 0)
(-0.136140266346 0.0721066521306 0)
(-0.132338868068 0.0822129878972 0)
(-0.127824660074 0.0913016421481 0)
(-0.122702225541 0.0992635709552 0)
(-0.117085127877 0.106023430356 0)
(-0.11109032833 0.111539400987 0)
(-0.104833177567 0.115801210084 0)
(-0.0984232590512 0.118826803967 0)
(-0.0919612170651 0.120658141169 0)
(-0.0855365877877 0.121356544704 0)
(-0.0792265650751 0.120997986988 0)
(-0.0730955749685 0.119668597487 0)
(-0.0671955029332 0.117460596001 0)
(-0.0615664102839 0.114468773871 0)
(-0.0562375849541 0.110787577474 0)
(-0.0512287908445 0.106508795696 0)
(-0.04655160432 0.101719815894 0)
(-0.0563032707553 0.092172002029 0)
(-0.0520097947973 0.0869353829406 0)
(-0.0480495580602 0.081409385205 0)
(-0.0444180810282 0.0756523927997 0)
(-0.041108110367 0.0697167002684 0)
(-0.0381103660517 0.0636486466657 0)
(-0.0354141803863 0.0574888741804 0)
(-0.0330080345624 0.0512726748288 0)
(-0.0308800012779 0.0450303951622 0)
(-0.0290181034896 0.0387878749785 0)
(-0.0274105999385 0.0325669013973 0)
(-0.0260462079723 0.0263856642699 0)
(-0.0249142736118 0.0202592027565 0)
(-0.0240048979572 0.0141998360728 0)
(-0.0233090280308 0.00821757394089 0)
(-0.0228185190993 0.00232050426637 0)
(-0.02252617448 -0.00348484290001 0)
(-0.0224257678355 -0.00919315491606 0)
(-0.0225120520407 -0.0148000185809 0)
(-0.022780757856 -0.0203016230217 0)
(-0.0232285848701 -0.0256944814315 0)
(-0.0238531864767 -0.0309751694232 0)
(-0.0246531500115 -0.0361400776667 0)
(-0.0256279725809 -0.041185176483 0)
(-0.026778032563 -0.0461057901591 0)
(-0.0281045562203 -0.050896378915 0)
(-0.029609578339 -0.0555503267081 0)
(-0.0312958952768 -0.0600597333805 0)
(-0.0331670082549 -0.0644152100729 0)
(-0.0352270541623 -0.0686056773552 0)
(-0.0374807205498 -0.072618166166 0)
(-0.0399331408718 -0.0764376224572 0)
(-0.0425897654078 -0.0800467174277 0)
(-0.0454562026626 -0.0834256664352 0)
(-0.0485380254516 -0.0865520611443 0)
(-0.0518405353551 -0.0894007212418 0)
(-0.0553684788551 -0.0919435741591 0)
(-0.0591257083157 -0.0941495737218 0)
(-0.0631147811916 -0.0959846715117 0)
(-0.0673364915608 -0.0974118579576 0)
(-0.0717893295146 -0.0983912937022 0)
(-0.0764688663131 -0.0988805555105 0)
(-0.081367066815 -0.09883502463 0)
(-0.0864715358052 -0.0982084487555 0)
(-0.0917647117847 -0.0969537110264 0)
(-0.0972230307787 -0.0950238400712 0)
(-0.102816093914 -0.0923732930201 0)
(-0.10850588582 -0.0889595374331 0)
(-0.114246105864 -0.0847449468279 0)
(-0.119981689972 -0.0796990064666 0)
(-0.125648615623 -0.0738007999677 0)
(-0.131174094321 -0.0670417122699 0)
(-0.136477261045 -0.05942824044 0)
(-0.141470464295 -0.050984752369 0)
(-0.146061237932 -0.0417559788476 0)
(-0.150154991703 -0.0318089749419 0)
(-0.153658388074 -0.0212342550945 0)
(-0.156483284134 -0.0101458096283 0)
(-0.158551020964 0.0013202419963 0)
(-0.15979674518 0.0130085140127 0)
(-0.160173365781 0.0247487365419 0)
(-0.159654741654 0.0363614539936 0)
(-0.158237773005 0.0476646676431 0)
(-0.155943159267 0.058480960992 0)
(-0.152814676373 0.0686445640197 0)
(-0.148916987461 0.078007745776 0)
(-0.144332207553 0.0864459831879 0)
(-0.139155599944 0.0938615255948 0)
(-0.133490858337 0.100185192636 0)
(-0.127445418801 0.105376467007 0)
(-0.1211261612 0.109422113295 0)
(-0.114635745203 0.112333647151 0)
(-0.108069716261 0.114144011213 0)
(-0.101514423441 0.114903803553 0)
(-0.0950457172052 0.114677364026 0)
(-0.0887283431712 0.113538965577 0)
(-0.0826159172339 0.111569292733 0)
(-0.0767513550237 0.108852326557 0)
(-0.071167630296 0.105472700071 0)
(-0.0658887480911 0.101513543238 0)
(-0.0609308353434 0.09705480312 0)
(-0.0696311559532 0.0875813929345 0)
(-0.0650997441038 0.0826781841379 0)
(-0.0609020719349 0.0774849692037 0)
(-0.0570374584028 0.0720567972568 0)
(-0.0535021901988 0.0664434028972 0)
(-0.050290223487 0.0606892428173 0)
(-0.0473937971785 0.0548336581702 0)
(-0.0448039593676 0.0489111299787 0)
(-0.0425110117545 0.042951599988 0)
(-0.0405048788741 0.0369808342925 0)
(-0.0387754100111 0.0310208116002 0)
(-0.037312622057 0.0250901220261 0)
(-0.0361068914393 0.0192043657668 0)
(-0.03514910281 0.0133765439307 0)
(-0.0344307615228 0.00761743620109 0)
(-0.0339440761612 0.00193596193934 0)
(-0.0336820165703 -0.00366047712984 0)
(-0.0336383520281 -0.00916567333043 0)
(-0.0338076734068 -0.0145743083367 0)
(-0.0341854024313 -0.0198816665062 0)
(-0.0347677904467 -0.0250833649477 0)
(-0.0355519084645 -0.0301750987375 0)
(-0.0365356296531 -0.0351523995541 0)
(-0.0377176048821 -0.0400104059693 0)
(-0.039097231393 -0.044743643697 0)
(-0.0406746141568 -0.049345814256 0)
(-0.0424505189802 -0.0538095907486 0)
(-0.0444263159197 -0.0581264197859 0)
(-0.0466039110626 -0.0622863290145 0)
(-0.0489856642296 -0.0662777402437 0)
(-0.0515742896399 -0.0700872888237 0)
(-0.0543727360697 -0.073699650734 0)
(-0.0573840425435 -0.0770973798189 0)
(-0.0606111651398 -0.0802607587728 0)
(-0.0640567701035 -0.0831676688693 0)
(-0.0677229881995 -0.0857934850664 0)
(-0.0716111251549 -0.088111005015 0)
(-0.0757213232313 -0.0900904226613 0)
(-0.0800521695508 -0.0916993595494 0)
(-0.0846002478915 -0.0929029695428 0)
(-0.0893596324606 -0.093664135406 0)
(-0.0943213248203 -0.0939437783558 0)
(-0.0994726388902 -0.0937013040585 0)
(-0.104796543994 -0.0928952102581 0)
(-0.110270982428 -0.0914838817766 0)
(-0.115868186088 -0.0894265973841 0)
(-0.121554026327 -0.0866847691987 0)
(-0.12728744207 -0.0832234279009 0)
(-0.133020002814 -0.0790129551549 0)
(-0.138695674418 -0.0740310472539 0)
(-0.144250865044 -0.0682648705164 0)
(-0.149614834129 -0.0617133391948 0)
(-0.154710546123 -0.0543894113627 0)
(-0.159456039592 -0.0463222596082 0)
(-0.163766357584 -0.0375591355887 0)
(-0.167556044411 -0.0281667172839 0)
(-0.170742156651 -0.0182317143687 0)
(-0.17324766711 -0.00786052064575 0)
(-0.175005068325 0.0028222510685 0)
(-0.175959915383 0.0136764359876 0)
(-0.176074001571 0.0245501543764 0)
(-0.175327861648 0.035284645068 0)
(-0.173722349901 0.0457198005076 0)
(-0.171279114145 0.0557000286397 0)
(-0.168039876565 0.0650800097828 0)
(-0.164064556811 0.0737298928971 0)
(-0.159428412059 0.0815395275307 0)
(-0.154218476739 0.0884214472884 0)
(-0.148529640482 0.0943124733968 0)
(-0.142460701538 0.0991739638032 0)
(-0.136110681963 0.102990860133 0)
(-0.129575613801 0.105769764775 0)
(-0.122945924174 0.107536316668 0)
(-0.116304473282 0.108332136289 0)
(-0.109725238122 0.108211586935 0)
(-0.10327258927 0.107238559731 0)
(-0.0970010786737 0.105483442348 0)
(-0.0909556416241 0.103020383101 0)
(-0.0851721129297 0.0999249177745 0)
(-0.0796779628248 0.096271989005 0)
(-0.0744931691217 0.0921343587277 0)
(-0.0821801311807 0.0827785945611 0)
(-0.077455039471 0.0782063349194 0)
(-0.0730623344145 0.0733471487776 0)
(-0.0690047957691 0.0682525692596 0)
(-0.0652819892887 0.0629695288858 0)
(-0.0618909160902 0.0575403196295 0)
(-0.0588265916957 0.0520026762258 0)
(-0.0560825531952 0.0463899540107 0)
(-0.0536512962831 0.0407313764225 0)
(-0.0515246461748 0.0350523312118 0)
(-0.0496940678115 0.0293746981518 0)
(-0.0481509214986 0.0237171944705 0)
(-0.0468866703678 0.0180957272694 0)
(-0.0458930459383 0.0125237448243 0)
(-0.0451621777051 0.00701258088405 0)
(-0.0446866921651 0.00157178790938 0)
(-0.0444597861063 -0.00379054331748 0)
(-0.0444752783408 -0.00906747911162 0)
(-0.0447276434232 -0.014252953827 0)
(-0.045212030261 -0.019341496133 0)
(-0.0459242679205 -0.0243279699628 0)
(-0.0468608603528 -0.0292073291414 0)
(-0.048018971219 -0.033974384522 0)
(-0.0493963994757 -0.0386235823996 0)
(-0.0509915458908 -0.0431487930095 0)
(-0.0528033701766 -0.0475431080574 0)
(-0.0548313379749 -0.0517986464663 0)
(-0.0570753564686 -0.0559063678452 0)
(-0.0595356969514 -0.0598558936124 0)
(-0.0622129022547 -0.0636353362388 0)
(-0.0651076765032 -0.0672311377268 0)
(-0.068220754272 -0.0706279192216 0)
(-0.0715527458611 -0.0738083445931 0)
(-0.0751039551078 -0.0767530019157 0)
(-0.07887416596 -0.0794403080579 0)
(-0.0828623939987 -0.0818464430564 0)
(-0.0870665992566 -0.0839453226038 0)
(-0.0914833571424 -0.0857086187974 0)
(-0.096107485132 -0.0871058412629 0)
(-0.100931624238 -0.0881044927777 0)
(-0.105945776261 -0.0886703154946 0)
(-0.111136800594 -0.0887676456099 0)
(-0.116487878057 -0.0883598956027 0)
(-0.121977953946 -0.0874101836506 0)
(-0.127581178376 -0.0858821290795 0)
(-0.133266368912 -0.083740830192 0)
(-0.138996528454 -0.0809540359191 0)
(-0.144728459814 -0.0774935147799 0)
(-0.150412526959 -0.0733366129605 0)
(-0.155992620351 -0.0684679774143 0)
(-0.161406388965 -0.0628813995606 0)
(-0.166585802573 -0.0565817107429 0)
(-0.171458102728 -0.049586633225 0)
(-0.175947187173 -0.0419284624372 0)
(-0.179975448261 -0.0336554311147 0)
(-0.183466050245 -0.0248325890807 0)
(-0.18634558398 -0.0155420300773 0)
(-0.188546984746 -0.00588231543347 0)
(-0.190012546239 0.00403301304983 0)
(-0.190696818987 0.0140778717702 0)
(-0.190569155383 0.0241169772701 0)
(-0.189615669699 0.034009942641 0)
(-0.187840421041 0.0436158912672 0)
(-0.185265687928 0.0527982883095 0)
(-0.181931280048 0.0614296519394 0)
(-0.177892927466 0.0693958004027 0)
(-0.173219885377 0.0765993338227 0)
(-0.167991969023 0.0829621353172 0)
(-0.162296274969 0.0884267849369 0)
(-0.156223847907 0.0929568923838 0)
(-0.149866520767 0.0965364496873 0)
(-0.143314103533 0.0991683707415 0)
(-0.136652036551 0.100872419662 0)
(-0.129959566687 0.101682738489 0)
(-0.123308455054 0.101645172691 0)
(-0.116762186222 0.100814566682 0)
(-0.110375621976 0.0992521674193 0)
(-0.104195027097 0.0970232375419 0)
(-0.0982583886952 0.0941949445035 0)
(-0.0925959520163 0.0908345613145 0)
(-0.0872309022142 0.0870079893541 0)
(-0.0939408200958 0.077805526786 0)
(-0.0890606332375 0.0735604029278 0)
(-0.0845101578067 0.0690347554697 0)
(-0.0802952856745 0.0642764925645 0)
(-0.0764185779137 0.0593295707696 0)
(-0.0728798579578 0.0542338971123 0)
(-0.0696767507651 0.0490253492368 0)
(-0.0668051640088 0.0437358887984 0)
(-0.0642597105746 0.0383937460674 0)
(-0.0620340740139 0.0330236567238 0)
(-0.0601213202009 0.0276471348477 0)
(-0.0585141594441 0.0222827689739 0)
(-0.0572051638153 0.0169465306958 0)
(-0.0561869446251 0.0116520876269 0)
(-0.0554522948699 0.00641111453453 0)
(-0.0549943011961 0.0012335981499 0)
(-0.0548064295298 -0.00387186743581 0)
(-0.0548825880502 -0.00889779674978 0)
(-0.0552171706825 -0.0138375413577 0)
(-0.0558050837683 -0.0186850311061 0)
(-0.0566417580597 -0.0234345280722 0)
(-0.0577231476844 -0.028080392759 0)
(-0.0590457172449 -0.0326168618666 0)
(-0.0606064177547 -0.0370378368929 0)
(-0.0624026516695 -0.0413366828315 0)
(-0.0644322268405 -0.0455060363629 0)
(-0.0666932988112 -0.0495376231545 0)
(-0.0691843004769 -0.0534220841965 0)
(-0.0719038577479 -0.0571488115111 0)
(-0.0748506894977 -0.0607057940914 0)
(-0.0780234897444 -0.0640794755439 0)
(-0.0814207897205 -0.0672546256519 0)
(-0.0850407972582 -0.0702142289518 0)
(-0.0888812107666 -0.0729393944095 0)
(-0.0929390050509 -0.0754092914308 0)
(-0.0972101863687 -0.0776011187127 0)
(-0.101689514476 -0.0794901138369 0)
(-0.10637019007 -0.0810496129874 0)
(-0.111243507077 -0.0822511716978 0)
(-0.11629847071 -0.083064759002 0)
(-0.121521384297 -0.0834590386709 0)
(-0.126895410592 -0.0834017521833 0)
(-0.132400116757 -0.0828602184849 0)
(-0.138011016469 -0.0818019651324 0)
(-0.143699127682 -0.0801955037529 0)
(-0.149430570344 -0.0780112594419 0)
(-0.155166234662 -0.0752226583234 0)
(-0.160861556829 -0.0718073695466 0)
(-0.166466445003 -0.0677486871182 0)
(-0.171925402716 -0.0630370229556 0)
(-0.177177898797 -0.0576714655228 0)
(-0.18215903085 -0.0516613389661 0)
(-0.186800521897 -0.0450276770306 0)
(-0.191032075481 -0.0378045063309 0)
(-0.194783092299 -0.0300398177626 0)
(-0.197984721279 -0.0217960968409 0)
(-0.200572181221 -0.0131502878161 0)
(-0.202487249333 -0.00419308627464 0)
(-0.203680775205 0.00497250762394 0)
(-0.204115049265 0.0142333888272 0)
(-0.203765840735 0.0234692456977 0)
(-0.20262392877 0.0325560297414 0)
(-0.20069598228 0.041369805221 0)
(-0.198004693169 0.0497907407061 0)
(-0.194588129884 0.0577069792406 0)
(-0.190498349948 0.0650181251211 0)
(-0.185799380743 0.0716381194823 0)
(-0.180564733367 0.0774973394371 0)
(-0.174874645881 0.0825438344532 0)
(-0.168813257037 0.0867436956813 0)
(-0.162465892065 0.0900806257864 0)
(-0.155916606164 0.0925548297335 0)
(-0.149246087726 0.0941813784078 0)
(-0.142529979265 0.0949882084772 0)
(-0.135837634262 0.0950139170486 0)
(-0.129231295691 0.0943054928631 0)
(-0.122765658167 0.092916101601 0)
(-0.116487760483 0.0909030154733 0)
(-0.110437147769 0.0883257499316 0)
(-0.104646241248 0.0852444453598 0)
(-0.0991408568256 0.0817185104071 0)
(-0.104907668097 0.0726983513258 0)
(-0.0999056252944 0.0687756717929 0)
(-0.0952297306473 0.0645818152628 0)
(-0.0908886422163 0.0601610147997 0)
(-0.086887623775 0.0555541349342 0)
(-0.0832290804998 0.0507985319705 0)
(-0.0799130550384 0.0459280253062 0)
(-0.076937678218 0.0409729585937 0)
(-0.0742995717541 0.0359603314968 0)
(-0.0719942026779 0.0309139850585 0)
(-0.0700161909037 0.0258548260686 0)
(-0.0683595725179 0.0208010781696 0)
(-0.0670180220863 0.0157685496437 0)
(-0.0659850376495 0.0107709098342 0)
(-0.0652540921799 0.00581996793754 0)
(-0.0648187551877 0.000925949428755 0)
(-0.0646727879404 -0.0039022333159 0)
(-0.0648102154455 -0.00865671857089 0)
(-0.0652253779758 -0.0133304425028 0)
(-0.0659129645111 -0.0179168969429 0)
(-0.0668680300584 -0.0224098980381 0)
(-0.068085998391 -0.0268033657718 0)
(-0.0695626513361 -0.0310911141259 0)
(-0.0712941053437 -0.0352666515624 0)
(-0.0732767756783 -0.0393229915012 0)
(-0.0755073282059 -0.0432524725826 0)
(-0.0779826183957 -0.0470465887068 0)
(-0.0806996168183 -0.0506958291329 0)
(-0.0836553201107 -0.0541895293105 0)
(-0.086846646099 -0.0575157336022 0)
(-0.0902703115226 -0.0606610716357 0)
(-0.0939226906144 -0.0636106507071 0)
(-0.0977996526787 -0.06634796745 0)
(-0.101896376784 -0.0688548428745 0)
(-0.106207141803 -0.0711113858695 0)
(-0.110725090317 -0.0730959913452 0)
(-0.115441965409 -0.0747853803206 0)
(-0.120347820146 -0.0761546904263 0)
(-0.12543070069 -0.0771776264058 0)
(-0.130676305517 -0.0778266811916 0)
(-0.136067625215 -0.0780734388748 0)
(-0.14158456994 -0.0778889712234 0)
(-0.147203594684 -0.0772443391407 0)
(-0.152897336271 -0.076111209328 0)
(-0.158634280195 -0.0744625941635 0)
(-0.164378480062 -0.0722737190954 0)
(-0.170089357129 -0.0695230163685 0)
(-0.175721611924 -0.066193236378 0)
(-0.181225283557 -0.0622726581981 0)
(-0.186545994449 -0.0577563688688 0)
(-0.191625417728 -0.0526475671529 0)
(-0.196402000678 -0.0469588323804 0)
(-0.200811969157 -0.0407132838866 0)
(-0.20479062412 -0.033945543212 0)
(-0.208273921824 -0.0267024020329 0)
(-0.211200304378 -0.0190430964969 0)
(-0.213512718614 -0.0110390960816 0)
(-0.215160731542 -0.00277333443906 0)
(-0.216102624063 0.00566115833169 0)
(-0.216307325443 0.0141632190809 0)
(-0.215756044464 0.022626056127 0)
(-0.214443462765 0.0309401868355 0)
(-0.212378382128 0.0389966533114 0)
(-0.209583756979 0.0466903276464 0)
(-0.206096092525 0.0539231015525 0)
(-0.201964243275 0.0606067592499 0)
(-0.197247698799 0.0666653593777 0)
(-0.192014484559 0.0720369979979 0)
(-0.186338829902 0.0766748827315 0)
(-0.180298760586 0.0805477087292 0)
(-0.173973761068 0.0836393816942 0)
(-0.1674426269 0.0859481752862 0)
(-0.160781595702 0.0874854373102 0)
(-0.154062811522 0.0882739713834 0)
(-0.1473531459 0.0883462203002 0)
(-0.140713372143 0.0877423670104 0)
(-0.134197668738 0.0865084522833 0)
(-0.127853413619 0.0846945878442 0)
(-0.121721222944 0.0823533226542 0)
(-0.115835185024 0.079538199999 0)
(-0.110223241054 0.0763025254601 0)
(-0.115078039439 0.0674878790582 0)
(-0.109982408914 0.0638824517122 0)
(-0.105208823968 0.0600177735008 0)
(-0.100768375564 0.0559343986253 0)
(-0.0966687392244 0.051670031079 0)
(-0.0929146540082 0.0472593571007 0)
(-0.0895083742724 0.0427339803208 0)
(-0.0864500872783 0.0381224417823 0)
(-0.0837382925626 0.0334503082545 0)
(-0.0813701412616 0.0287403138815 0)
(-0.0793417352956 0.0240125420312 0)
(-0.0776483875695 0.01928463609 0)
(-0.0762848451881 0.0145720297743 0)
(-0.0752454782153 0.00988818924328 0)
(-0.0745244367711 0.00524486084627 0)
(-0.0741157793351 0.00065231969805 0)
(-0.0740135750517 -0.0038803845452 0)
(-0.0742119826564 -0.00834518735624 0)
(-0.0747053083926 -0.0127347762945 0)
(-0.0754880449968 -0.017042366451 0)
(-0.0765548935045 -0.0212614850994 0)
(-0.0779007692997 -0.0253857659201 0)
(-0.0795207934887 -0.0294087529407 0)
(-0.0814102703491 -0.0333237142302 0)
(-0.0835646512808 -0.037123465377 0)
(-0.0859794853724 -0.0408002028677 0)
(-0.088650356408 -0.0443453476744 0)
(-0.0915728058675 -0.0477493996238 0)
(-0.094742241228 -0.0510018034796 0)
(-0.0981538286746 -0.0540908281198 0)
(-0.101802369163 -0.0570034607167 0)
(-0.105682156684 -0.0597253184427 0)
(-0.109786817556 -0.0622405809301 0)
(-0.114109129674 -0.0645319474793 0)
(-0.118640820844 -0.0665806238508 0)
(-0.123372345743 -0.0683663443602 0)
(-0.128292641621 -0.0698674358859 0)
(-0.133388863745 -0.0710609312607 0)
(-0.138646102707 -0.0719227402857 0)
(-0.144047087257 -0.0724278871861 0)
(-0.149571878181 -0.0725508236142 0)
(-0.155197561094 -0.0722658261634 0)
(-0.160897948716 -0.0715474865987 0)
(-0.166643306335 -0.0703713014596 0)
(-0.172400117562 -0.0687143651092 0)
(-0.178130911032 -0.0665561664904 0)
(-0.183794172106 -0.0638794845815 0)
(-0.189344366558 -0.0606713706969 0)
(-0.19473210516 -0.0569241973078 0)
(-0.199904478411 -0.0526367431069 0)
(-0.20480558874 -0.0478152730016 0)
(-0.209377302551 -0.0424745602877 0)
(-0.213560235922 -0.0366387874988 0)
(-0.217294975125 -0.0303422538189 0)
(-0.220523516408 -0.023629812267 0)
(-0.223190889341 -0.0165569610555 0)
(-0.225246905847 -0.00918952242252 0)
(-0.226647955219 -0.00160286001252 0)
(-0.227358746836 0.00611938735199 0)
(-0.227353890334 0.0138870431815 0)
(-0.22661920075 0.0216055504624 0)
(-0.22515262593 0.0291784572196 0)
(-0.222964715203 0.0365101051149 0)
(-0.220078579948 0.0435083716385 0)
(-0.216529335105 0.0500873056862 0)
(-0.212363052094 0.0561695011073 0)
(-0.207635292469 0.0616880738413 0)
(-0.202409322502 0.0665881429005 0)
(-0.196754127633 0.0708277585174 0)
(-0.190742350965 0.0743782661216 0)
(-0.184448272442 0.0772241364195 0)
(-0.177945927994 0.0793623251871 0)
(-0.171307444589 0.0808012491597 0)
(-0.16460164148 0.0815594762477 0)
(-0.157892923104 0.0816642303239 0)
(-0.151240467229 0.0811498049098 0)
(-0.144697694348 0.0800559685467 0)
(-0.138311991561 0.0784264297733 0)
(-0.132124656063 0.0763074134669 0)
(-0.126171019441 0.0737463844433 0)
(-0.120480713389 0.0707909397846 0)
(-0.124451470157 0.0622000057609 0)
(-0.11928595091 0.0589064325359 0)
(-0.114438110764 0.0553677726525 0)
(-0.109921159555 0.0516209327025 0)
(-0.10574490288 0.0477004255258 0)
(-0.10191616664 0.0436381865057 0)
(-0.0984392048844 0.0394634835005 0)
(-0.0953160832678 0.035202905598 0)
(-0.0925470330155 0.0308804165815 0)
(-0.0901307723968 0.0265174601041 0)
(-0.0880647944017 0.0221331049283 0)
(-0.0863456205746 0.0177442200611 0)
(-0.084969021889 0.0133656710993 0)
(-0.0839302081773 0.00901053053346 0)
(-0.0832239880215 0.00469029608524 0)
(-0.0828449012119 0.000415112343111 0)
(-0.0827873259345 -0.00380600799018 0)
(-0.0830455627914 -0.00796496603552 0)
(-0.0836138976213 -0.012054363918 0)
(-0.0844866448912 -0.0160672986481 0)
(-0.0856581732046 -0.0199971637065 0)
(-0.0871229142146 -0.0238374589946 0)
(-0.0888753559685 -0.0275816095954 0)
(-0.0909100214481 -0.031222793676 0)
(-0.0932214328099 -0.0347537798462 0)
(-0.0958040615795 -0.0381667743627 0)
(-0.0986522648301 -0.041453278733 0)
(-0.101760207167 -0.0446039585174 0)
(-0.105121768166 -0.0476085244468 0)
(-0.108730434776 -0.0504556273824 0)
(-0.112579178122 -0.0531327691111 0)
(-0.11666031413 -0.0556262315122 0)
(-0.120965347437 -0.0579210272404 0)
(-0.125484798266 -0.0600008757188 0)
(-0.130208012203 -0.0618482089267 0)
(-0.135122953301 -0.0634442121667 0)
(-0.140215981579 -0.0647689056662 0)
(-0.145471616848 -0.0658012734715 0)
(-0.150872291936 -0.0665194465593 0)
(-0.156398099798 -0.0669009473429 0)
(-0.162026540693 -0.0669230026849 0)
(-0.167732277652 -0.0665629320326 0)
(-0.17348691075 -0.0657986162194 0)
(-0.179258783218 -0.0646090506739 0)
(-0.185012835065 -0.0629749840975 0)
(-0.190710522485 -0.060879639957 0)
(-0.196309823569 -0.0583095132785 0)
(-0.201765352561 -0.0552552291856 0)
(-0.207028605465 -0.0517124424501 0)
(-0.212048359023 -0.047682749227 0)
(-0.216771242169 -0.0431745735468 0)
(-0.221142493751 -0.0382039826843 0)
(-0.225106912127 -0.0327953781099 0)
(-0.228609991041 -0.0269820035256 0)
(-0.23159922221 -0.0208062098118 0)
(-0.234025528974 -0.0143194198771 0)
(-0.235844778465 -0.00758174557291 0)
(-0.237019303792 -0.000661224571851 0)
(-0.237519355076 0.00636733280782 0)
(-0.237324390947 0.0134238696486 0)
(-0.236424122585 0.0204249341975 0)
(-0.23481923166 0.0272857808205 0)
(-0.232521701588 0.0339226186919 0)
(-0.229554726761 0.0402548896496 0)
(-0.225952194405 0.0462074497414 0)
(-0.221757765438 0.0517125337117 0)
(-0.217023610102 0.0567113980941 0)
(-0.211808877612 0.0611555647223 0)
(-0.206177993741 0.065007618762 0)
(-0.200198885087 0.0682415495746 0)
(-0.193941224174 0.070842654628 0)
(-0.187474777365 0.0728070530047 0)
(-0.180867920376 0.0741408739125 0)
(-0.174186366661 0.0748591964093 0)
(-0.16749213442 0.0749848198362 0)
(-0.160842760236 0.0745469414188 0)
(-0.154290752539 0.0735798097414 0)
(-0.147883266805 0.0721214120114 0)
(-0.141661976682 0.0702122407552 0)
(-0.135663110865 0.0678941731141 0)
(-0.129917623956 0.0652094842118 0)
(-0.13302905661 0.056856158362 0)
(-0.127813191583 0.0538690609112 0)
(-0.122910589008 0.0506529646915 0)
(-0.118336286817 0.0472411850226 0)
(-0.114101953443 0.0436650420897 0)
(-0.110216261296 0.0399536707491 0)
(-0.106685252309 0.0361339145773 0)
(-0.10351268749 0.0322302919923 0)
(-0.100700374646 0.0282650225749 0)
(-0.0982484704252 0.0242581024234 0)
(-0.0961557544153 0.0202274183561 0)
(-0.0944198742501 0.0161888919017 0)
(-0.0930375616822 0.0121566452054 0)
(-0.0920048202474 0.00814318215726 0)
(-0.0913170856375 0.00415957916854 0)
(-0.0909693601985 0.000215681045189 0)
(-0.0909563231271 -0.00367970167318 0)
(-0.0912724179866 -0.00751859674956 0)
(-0.091911919119 -0.0112936778334 0)
(-0.0928689784336 -0.0149980772162 0)
(-0.0941376539019 -0.0186252049605 0)
(-0.0957119209184 -0.0221685752845 0)
(-0.097585667494 -0.0256216408732 0)
(-0.0997526740521 -0.0289776356776 0)
(-0.102206578407 -0.0322294267344 0)
(-0.104940826316 -0.0353693756051 0)
(-0.107948607828 -0.0383892101716 0)
(-0.111222779519 -0.0412799077447 0)
(-0.114755772583 -0.0440315907235 0)
(-0.118539486685 -0.0466334364036 0)
(-0.12256516947 -0.0490736029388 0)
(-0.126823281675 -0.0513391739324 0)
(-0.131303347921 -0.0534161246414 0)
(-0.135993793499 -0.05528931332 0)
(-0.140881767828 -0.0569425017735 0)
(-0.145952955748 -0.058358409733 0)
(-0.151191378487 -0.0595188081375 0)
(-0.156579186992 -0.0604046567943 0)
(-0.162096451359 -0.0609962921148 0)
(-0.167720951411 -0.06127367062 0)
(-0.173427974928 -0.0612166735878 0)
(-0.179190131781 -0.0608054774875 0)
(-0.184977194066 -0.060020993584 0)
(-0.190755974312 -0.0588453782073 0)
(-0.196490255771 -0.0572626125415 0)
(-0.202140790579 -0.0552591473256 0)
(-0.207665382919 -0.052824603509 0)
(-0.213019075014 -0.0499525147031 0)
(-0.218154453497 -0.046641091324 0)
(-0.223022092035 -0.0428939798604 0)
(-0.227571142752 -0.0387209841432 0)
(-0.231750083665 -0.034138709386 0)
(-0.235507621847 -0.0291710848567 0)
(-0.238793742353 -0.0238497182222 0)
(-0.241560881458 -0.0182140348262 0)
(-0.243765190085 -0.0123111592988 0)
(-0.245367840512 -0.0061955056492 0)
(-0.246336317973 7.19444293266e-05 0)
(-0.246645630263 0.00642467729219 0)
(-0.246279364473 0.012791977997 0)
(-0.245230521944 0.0191005139035 0)
(-0.24350207111 0.0252761073731 0)
(-0.241107172868 0.0312456155125 0)
(-0.238069053296 0.036938822767 0)
(-0.234420522042 0.042290247816 0)
(-0.23020315912 0.0472407705286 0)
(-0.225466215386 0.0517389975692 0)
(-0.220265289961 0.0557423051176 0)
(-0.214660859458 0.0592175215829 0)
(-0.208716738196 0.0621412391735 0)
(-0.202498545842 0.0644997677583 0)
(-0.196072250327 0.0662887652321 0)
(-0.18950284119 0.0675125940414 0)
(-0.182853173611 0.0681834630524 0)
(-0.176183008065 0.0683204177242 0)
(-0.16954825618 0.0679482403578 0)
(-0.163000431009 0.0670963171006 0)
(-0.156586290096 0.0657975206302 0)
(-0.150347652611 0.0640871481882 0)
(-0.144321367322 0.0620019448999 0)
(-0.138539406007 0.0595792329122 0)
(-0.140812960141 0.0514737391358 0)
(-0.135562549529 0.0487879278452 0)
(-0.130621097406 0.0458908440509 0)
(-0.126005204214 0.0428122846962 0)
(-0.121728151568 0.0395803971571 0)
(-0.11780022876 0.0362214904223 0)
(-0.114229058566 0.0327599210829 0)
(-0.111019914113 0.0292180442459 0)
(-0.108176020565 0.0256162194936 0)
(-0.105698837152 0.0219728624144 0)
(-0.103588316527 0.0183045329019 0)
(-0.101843139625 0.0146260522675 0)
(-0.100460925204 0.0109506421347 0)
(-0.09943841393 0.00729007904445 0)
(-0.0987716274443 0.00365485962571 0)
(-0.0984560032144 5.43720555102e-05 0)
(-0.0984865062086 -0.00350292967569 0)
(-0.0988577185703 -0.00700935148516 0)
(-0.0995639085094 -0.0104577871041 0)
(-0.10059907961 -0.0138415498752 0)
(-0.101957001685 -0.0171542097629 0)
(-0.103631224201 -0.0203894366054 0)
(-0.105615073197 -0.0235408504369 0)
(-0.107901632445 -0.0266018796042 0)
(-0.11048370953 -0.0295656273693 0)
(-0.113353787349 -0.0324247477384 0)
(-0.116503961442 -0.0351713313822 0)
(-0.119925863506 -0.037796802695 0)
(-0.123610571351 -0.0402918292912 0)
(-0.127548505579 -0.0426462455436 0)
(-0.131729313306 -0.044848992119 0)
(-0.136141739356 -0.0468880738613 0)
(-0.140773485525 -0.0487505387935 0)
(-0.145611058837 -0.0504224814444 0)
(-0.150639610043 -0.0518890741274 0)
(-0.15584276418 -0.0531346301948 0)
(-0.161202445634 -0.0541427036044 0)
(-0.166698700934 -0.0548962293449 0)
(-0.172309523524 -0.0553777093057 0)
(-0.17801068582 -0.0555694479879 0)
(-0.183775585171 -0.0554538419637 0)
(-0.189575111739 -0.0550137261235 0)
(-0.195377547732 -0.0542327784167 0)
(-0.201148508953 -0.0530959829224 0)
(-0.206850940907 -0.0515901486023 0)
(-0.212445182819 -0.049704477955 0)
(-0.217889113552 -0.0474311760036 0)
(-0.223138393373 -0.0447660856643 0)
(-0.228146814538 -0.0417093307067 0)
(-0.23286677161 -0.0382659424583 0)
(-0.237249858853 -0.0344464414953 0)
(-0.241247596985 -0.0302673412715 0)
(-0.244812284907 -0.0257515375484 0)
(-0.2478979638 -0.0209285462861 0)
(-0.250461471642 -0.0158345539877 0)
(-0.252463556344 -0.0105122489538 0)
(-0.253870006082 -0.00501040986727 0)
(-0.25465274729 0.000616760376715 0)
(-0.254790855209 0.00631055310852 0)
(-0.254271420061 0.0120089053722 0)
(-0.25309021467 0.0176477478132 0)
(-0.251252117123 0.023162495992 0)
(-0.248771254455 0.0284896188388 0)
(-0.245670849573 0.0335682093648 0)
(-0.241982772118 0.0383414800679 0)
(-0.237746812904 0.0427581092502 0)
(-0.233009719037 0.0467733745048 0)
(-0.227824040733 0.0503500248259 0)
(-0.222246850108 0.0534588613745 0)
(-0.21633839598 0.0560790167742 0)
(-0.210160757143 0.058197941803 0)
(-0.203776550549 0.0598111247143 0)
(-0.197247741323 0.060921580984 0)
(-0.190634590197 0.0615391594607 0)
(-0.183994761851 0.0616797147285 0)
(-0.177382606091 0.0613641954154 0)
(-0.170848613492 0.0606176949441 0)
(-0.164439038651 0.0594685056996 0)
(-0.158195677791 0.0579472106527 0)
(-0.152155783038 0.0560858389415 0)
(-0.146352093225 0.0539171044105 0)
(-0.147806009754 0.0460665594606 0)
(-0.142533516869 0.0436771569524 0)
(-0.137565912845 0.0410955906444 0)
(-0.132921120622 0.0383482214014 0)
(-0.128613804473 0.0354600582663 0)
(-0.12465565412 0.0324545773114 0)
(-0.121055673978 0.0293536060312 0)
(-0.117820469356 0.0261772653388 0)
(-0.114954523124 0.02294396104 0)
(-0.112460457962 0.0196704168428 0)
(-0.110339280612 0.0163717413925 0)
(-0.108590605703 0.013061522442 0)
(-0.107212857685 0.00975194197515 0)
(-0.1062034501 0.00645390686613 0)
(-0.105558942054 0.00317719041725 0)
(-0.105275172144 -6.94191603246e-05 0)
(-0.105347370415 -0.003277966583 0)
(-0.10577024912 -0.00644117631392 0)
(-0.106538073184 -0.00955230051235 0)
(-0.10764471129 -0.0126049698264 0)
(-0.109083668553 -0.0155930483999 0)
(-0.11084810168 -0.018510494198 0)
(-0.112930817457 -0.0213512255755 0)
(-0.115324255359 -0.0241089949124 0)
(-0.118020454981 -0.0267772701034 0)
(-0.121011008926 -0.0293491247314 0)
(-0.124287001748 -0.0318171378534 0)
(-0.127838935504 -0.034173304486 0)
(-0.131656642477 -0.0364089580897 0)
(-0.135729185682 -0.0385147066108 0)
(-0.140044747845 -0.0404803839329 0)
(-0.144590509731 -0.0422950189156 0)
(-0.149352518872 -0.0439468245399 0)
(-0.154315550117 -0.0454232100144 0)
(-0.159462959767 -0.0467108190175 0)
(-0.164776535615 -0.0477955975205 0)
(-0.170236345787 -0.0486628948232 0)
(-0.175820590057 -0.0492976015082 0)
(-0.181505458104 -0.0496843279233 0)
(-0.187265000212 -0.0498076264902 0)
(-0.193071016874 -0.0496522605489 0)
(-0.198892974935 -0.0492035215221 0)
(-0.20469795894 -0.0484475948638 0)
(-0.210450667415 -0.0473719734822 0)
(-0.216113464617 -0.0459659150697 0)
(-0.221646498822 -0.0442209370178 0)
(-0.227007898313 -0.0421313393622 0)
(-0.232154055616 -0.0396947425826 0)
(-0.237040009222 -0.0369126232154 0)
(-0.241619929618 -0.0337908263429 0)
(-0.245847712986 -0.0303400304183 0)
(-0.249677681257 -0.0265761369625 0)
(-0.253065381327 -0.0225205558711 0)
(-0.255968469415 -0.0182003569019 0)
(-0.258347659012 -0.0136482598378 0)
(-0.260167703206 -0.00890244018452 0)
(-0.261398375106 -0.00400613428508 0)
(-0.262015404353 0.000992962696719 0)
(-0.262001324264 0.00604350078048 0)
(-0.261346183728 0.0110914629623 0)
(-0.2600480811 0.0160813053111 0)
(-0.258113484236 0.0209572056897 0)
(-0.255557311167 0.025664367683 0)
(-0.25240275897 0.0301503202333 0)
(-0.248680883067 0.0343661518968 0)
(-0.244429944048 0.0382676218721 0)
(-0.239694552676 0.0418160978153 0)
(-0.234524654758 0.0449792821219 0)
(-0.228974404861 0.047731702554 0)
(-0.223100981198 0.0500549583019 0)
(-0.216963393149 0.0519377272674 0)
(-0.210621328592 0.0533755532355 0)
(-0.204134081131 0.0543704417425 0)
(-0.197559588553 0.0549303003523 0)
(-0.19095360431 0.0550682626614 0)
(-0.184369014496 0.0548019359174 0)
(-0.177855304191 0.0541526101608 0)
(-0.171458169822 0.0531444629078 0)
(-0.165219268428 0.051803788231 0)
(-0.159176090563 0.0501582732949 0)
(-0.15336194096 0.0482363394645 0)
(-0.154011386509 0.040645257993 0)
(-0.148726331427 0.0385477867851 0)
(-0.143742418806 0.0362784153735 0)
(-0.139078678861 0.033860154347 0)
(-0.134750947452 0.0313149178299 0)
(-0.130772112632 0.0286633549676 0)
(-0.127152370973 0.0259247379844 0)
(-0.123899485669 0.023116900513 0)
(-0.12101903986 0.0202562195965 0)
(-0.118514679999 0.0173576347879 0)
(-0.116388345305 0.0144346980313 0)
(-0.114640480401 0.0114996484447 0)
(-0.11327022914 0.00856350665798 0)
(-0.112275608355 0.00563618395839 0)
(-0.111653660895 0.0027266021095 0)
(-0.111400587732 -0.000157179700308 0)
(-0.111511859334 -0.00300783375693 0)
(-0.111982306692 -0.00581863104217 0)
(-0.112806192631 -0.00858330880873 0)
(-0.113977264094 -0.0112959401631 0)
(-0.115488786176 -0.0139508070113 0)
(-0.117333558715 -0.0165422774885 0)
(-0.119503916214 -0.0190646888294 0)
(-0.121991711902 -0.0215122365469 0)
(-0.124788286679 -0.0238788707494 0)
(-0.127884423693 -0.0261582004566 0)
(-0.131270289309 -0.0283434068577 0)
(-0.134935361218 -0.0304271665861 0)
(-0.138868344521 -0.0324015862621 0)
(-0.143057076676 -0.0342581497694 0)
(-0.147488422356 -0.035987679973 0)
(-0.152148159441 -0.0375803168487 0)
(-0.157020857635 -0.0390255142602 0)
(-0.162089751495 -0.0403120578799 0)
(-0.167336610091 -0.0414281069748 0)
(-0.172741605987 -0.0423612629544 0)
(-0.178283186806 -0.0430986676665 0)
(-0.183937953293 -0.0436271344025 0)
(-0.189680548533 -0.0439333143878 0)
(-0.195483563772 -0.0440039011532 0)
(-0.201317467101 -0.0438258745538 0)
(-0.207150562118 -0.0433867852851 0)
(-0.21294898442 -0.0426750794936 0)
(-0.218676744429 -0.0416804614671 0)
(-0.224295825482 -0.0403942903907 0)
(-0.229766346189 -0.0388100047905 0)
(-0.235046795728 -0.0369235655885 0)
(-0.240094349805 -0.0347339057527 0)
(-0.244865273376 -0.0322433714884 0)
(-0.249315413774 -0.0294581369659 0)
(-0.253400784563 -0.0263885719912 0)
(-0.257078236187 -0.0230495401042 0)
(-0.260306204448 -0.0194606036725 0)
(-0.263045522152 -0.015646113008 0)
(-0.26526027326 -0.0116351586735 0)
(-0.266918662996 -0.00746137018337 0)
(-0.267993872153 -0.0031625503246 0)
(-0.268464859957 0.00121985782052 0)
(-0.26831707783 0.00564146476423 0)
(-0.267543056899 0.0100557728924 0)
(-0.266142835312 0.0144151325008 0)
(-0.264124197531 0.0186717798557 0)
(-0.261502706451 0.0227789144212 0)
(-0.258301519796 0.0266917681035 0)
(-0.25455099401 0.0303686184793 0)
(-0.250288090582 0.0337717006937 0)
(-0.245555610545 0.0368679788688 0)
(-0.240401291505 0.0396297468335 0)
(-0.234876807597 0.0420350388522 0)
(-0.229036715503 0.0440678427093 0)
(-0.222937389389 0.0457181188723 0)
(-0.216635984517 0.046981639562 0)
(-0.210189463919 0.0478596696819 0)
(-0.203653715776 0.0483585172928 0)
(-0.197082781554 0.0484889845567 0)
(-0.190528207379 0.0482657509653 0)
(-0.184038523984 0.0477067195297 0)
(-0.177658854387 0.0468323538966 0)
(-0.171430643328 0.0456650305468 0)
(-0.165391498668 0.0442284257907 0)
(-0.159575132289 0.0425469526266 0)
(-0.159432375309 0.0352177005411 0)
(-0.154141713699 0.0334081430942 0)
(-0.149148834745 0.0314479029036 0)
(-0.144473683877 0.0293567248168 0)
(-0.140133076292 0.0271534756543 0)
(-0.136140910839 0.0248559921821 0)
(-0.132508397352 0.0224809770532 0)
(-0.129244289644 0.0200439377886 0)
(-0.12635511764 0.0175591635137 0)
(-0.123845413314 0.0150397340894 0)
(-0.121717926197 0.0124975564106 0)
(-0.11997382519 0.00994342294402 0)
(-0.1186128843 0.00738708796535 0)
(-0.117633650615 0.00483735742246 0)
(-0.117033593456 0.00230218883025 0)
(-0.116809234144 -0.00021120191424 0)
(-0.116956256182 -0.00269622944772 0)
(-0.11746959599 -0.00514682581873 0)
(-0.118343514524 -0.00755732718738 0)
(-0.119571650291 -0.00992236188643 0)
(-0.121147054384 -0.0122367411274 0)
(-0.123062208235 -0.0144953534323 0)
(-0.125309024825 -0.0166930637305 0)
(-0.127878834148 -0.0188246179774 0)
(-0.130762353736 -0.0208845541183 0)
(-0.133949645079 -0.0228671202403 0)
(-0.13743005684 -0.0247662008249 0)
(-0.141192155802 -0.0265752521172 0)
(-0.145223646601 -0.0282872477727 0)
(-0.149511281387 -0.0298946361191 0)
(-0.154040760759 -0.0313893105618 0)
(-0.158796627518 -0.0327625948678 0)
(-0.163762155038 -0.034005245271 0)
(-0.168919232425 -0.0351074715287 0)
(-0.174248248964 -0.0360589792165 0)
(-0.179727980887 -0.036849035648 0)
(-0.185335483945 -0.0374665618265 0)
(-0.191045995875 -0.037900252746 0)
(-0.196832853469 -0.0381387281241 0)
(-0.20266742958 -0.0381707152461 0)
(-0.208519096027 -0.0379852649743 0)
(-0.214355218972 -0.0375720011187 0)
(-0.220141193792 -0.0369214022244 0)
(-0.225840526827 -0.036025113414 0)
(-0.231414971442 -0.0348762842007 0)
(-0.236824725624 -0.0334699262107 0)
(-0.242028697657 -0.0318032825438 0)
(-0.24698484524 -0.02987619816 0)
(-0.251650591645 -0.0276914783326 0)
(-0.25598332008 -0.0252552200126 0)
(-0.259940944274 -0.0225770991294 0)
(-0.263482549567 -0.0196705956453 0)
(-0.266569094401 -0.0165531378385 0)
(-0.269164157473 -0.0132461480796 0)
(-0.271234710971 -0.00977497448168 0)
(-0.272751895875 -0.00616869637757 0)
(-0.273691771473 -0.00245979661707 0)
(-0.274036008691 0.00131629997044 0)
(-0.27377249587 0.00512181527545 0)
(-0.272895826631 0.00891731927815 0)
(-0.271407642701 0.0126625219421 0)
(-0.269316809962 0.0163171267113 0)
(-0.266639413282 0.0198417114924 0)
(-0.263398564443 0.0231985999849 0)
(-0.259624026947 0.0263526857794 0)
(-0.255351670969 0.0292721738914 0)
(-0.25062278026 0.0319292091887 0)
(-0.245483239829 0.0343003680611 0)
(-0.239982638079 0.036366997979 0)
(-0.234173319491 0.0381153985323 0)
(-0.228109423935 0.0395368463054 0)
(-0.221845946439 0.0406274738151 0)
(-0.215437847186 0.0413880191923 0)
(-0.208939236201 0.041823467964 0)
(-0.202402651138 0.0419426111023 0)
(-0.195878440355 0.0417575445059 0)
(-0.189414257548 0.0412831344868 0)
(-0.183054668836 0.0405364719721 0)
(-0.176840868727 0.0395363353346 0)
(-0.170810497814 0.0383026784043 0)
(-0.164997552494 0.0368561566015 0)
(-0.164072171726 0.0297893607202 0)
(-0.158780657901 0.0282641987497 0)
(-0.153783997406 0.0266103483768 0)
(-0.149102879807 0.0248443681748 0)
(-0.144754924867 0.0229821256035 0)
(-0.140754868691 0.0210386644046 0)
(-0.137114766139 0.0190281117578 0)
(-0.13384420199 0.0169636214054 0)
(-0.130950504412 0.0148573485911 0)
(-0.128438955332 0.0127204525247 0)
(-0.12631299329 0.0105631221398 0)
(-0.124574405247 0.00839462109854 0)
(-0.123223504664 0.00622334828422 0)
(-0.122259293829 0.00405691036789 0)
(-0.121679609052 0.0019022034112 0)
(-0.121481247852 -0.000234499153681 0)
(-0.121660077634 -0.00234745445478 0)
(-0.12221112576 -0.00443135596951 0)
(-0.123128651114 -0.00648123881445 0)
(-0.12440619751 -0.00849238591383 0)
(-0.126036629433 -0.0104602362108 0)
(-0.128012150728 -0.0123802959154 0)
(-0.130324306936 -0.0142480536628 0)
(-0.132963972071 -0.0160589003837 0)
(-0.135921320687 -0.0178080546592 0)
(-0.139185786163 -0.0194904943441 0)
(-0.142746006206 -0.0211008952973 0)
(-0.146589756692 -0.0226335781423 0)
(-0.150703875055 -0.0240824640921 0)
(-0.155074174621 -0.0254410410169 0)
(-0.159685351459 -0.0267023410781 0)
(-0.164520885543 -0.0278589314133 0)
(-0.169562938342 -0.0289029195133 0)
(-0.174792249214 -0.0298259750604 0)
(-0.180188033431 -0.0306193701039 0)
(-0.185727885034 -0.0312740394945 0)
(-0.191387688197 -0.0317806634711 0)
(-0.19714154128 -0.0321297741731 0)
(-0.202961698246 -0.0323118876009 0)
(-0.208818532625 -0.032317662149 0)
(-0.214680529658 -0.0321380842638 0)
(-0.220514312651 -0.0317646810019 0)
(-0.226284709792 -0.0311897582775 0)
(-0.231954867797 -0.0304066623718 0)
(-0.237486418533 -0.0294100608508 0)
(-0.242839704304 -0.0281962374144 0)
(-0.247974066572 -0.0267633934391 0)
(-0.252848201596 -0.0251119471513 0)
(-0.257420584577 -0.0232448195852 0)
(-0.26164996159 -0.0211676948803 0)
(-0.265495905648 -0.0188892412232 0)
(-0.26891942991 -0.0164212780238 0)
(-0.271883647341 -0.0137788749208 0)
(-0.274354462235 -0.01098036912 0)
(-0.276301275222 -0.00804728951046 0)
(-0.277697679947 -0.00500417904054 0)
(-0.278522126895 -0.00187831094954 0)
(-0.278758528194 0.00130070050926 0)
(-0.278396776994 0.0045013885296 0)
(-0.277433156367 0.00769100910953 0)
(-0.275870615787 0.0108361852718 0)
(-0.273718898037 0.0139035971098 0)
(-0.270994505623 0.0168606908526 0)
(-0.267720503049 0.0196763780333 0)
(-0.263926159129 0.0223216956679 0)
(-0.259646441172 0.0247704001704 0)
(-0.254921379892 0.0269994714259 0)
(-0.249795329567 0.0289895086897 0)
(-0.244316152015 0.0307250062776 0)
(-0.238534355022 0.0321945038071 0)
(-0.232502216058 0.0333906124433 0)
(-0.226272920438 0.0343099246743 0)
(-0.219899739974 0.0349528201871 0)
(-0.213435273937 0.0353231841617 0)
(-0.206930769266 0.0354280566508 0)
(-0.200435531793 0.0352772326902 0)
(-0.193996435272 0.0348828325313 0)
(-0.187657530357 0.0342588601222 0)
(-0.18145975171 0.0334207659373 0)
(-0.175440718132 0.0323850277426 0)
(-0.169634618143 0.0311687601127 0)
(-0.167933733409 0.0243636817804 0)
(-0.162644267818 0.0231199204838 0)
(-0.157647186109 0.0217700862078 0)
(-0.152963769289 0.0203276226827 0)
(-0.148612282558 0.0188054431686 0)
(-0.144608138567 0.0172158194707 0)
(-0.14096407907 0.0155703028882 0)
(-0.137690367718 0.0138796742495 0)
(-0.134794987664 0.0121539198503 0)
(-0.132283838559 0.0104022299582 0)
(-0.130160928387 0.00863301655076 0)
(-0.128428556448 0.00685394706971 0)
(-0.127087484552 0.00507199117332 0)
(-0.126137094165 0.00329347772218 0)
(-0.125575527869 0.00152415951876 0)
(-0.125399813987 -0.000230716388628 0)
(-0.125605973674 -0.00196633473717 0)
(-0.126189110135 -0.00367823604799 0)
(-0.127143479926 -0.00536223998092 0)
(-0.128462546514 -0.0070143692228 0)
(-0.130139016507 -0.00863077491475 0)
(-0.132164859076 -0.0102076644852 0)
(-0.134531309247 -0.0117412326566 0)
(-0.137228855854 -0.013227596336 0)
(-0.14024721503 -0.0146627340696 0)
(-0.143575290248 -0.0160424307551 0)
(-0.14720112 -0.0173622283398 0)
(-0.151111814364 -0.0186173833028 0)
(-0.155293481846 -0.0198028318037 0)
(-0.159731148037 -0.0209131634888 0)
(-0.164408667899 -0.0219426050588 0)
(-0.169308633656 -0.0228850148211 0)
(-0.174412280625 -0.0237338895599 0)
(-0.179699393599 -0.0244823851513 0)
(-0.185148216775 -0.0251233524072 0)
(-0.19073537059 -0.0256493896513 0)
(-0.196435779272 -0.0260529134746 0)
(-0.202222613295 -0.026326248986 0)
(-0.208067251371 -0.0264617406385 0)
(-0.21393926698 -0.0264518843479 0)
(-0.219806444739 -0.0262894811234 0)
(-0.225634832146 -0.0259678117674 0)
(-0.231388832287 -0.0254808313791 0)
(-0.237031342966 -0.0248233814029 0)
(-0.242523947344 -0.0239914158117 0)
(-0.247827160504 -0.022982236737 0)
(-0.252900735293 -0.0217947334892 0)
(-0.257704029414 -0.0204296175269 0)
(-0.26219643384 -0.0188896446168 0)
(-0.266337860398 -0.0171798142852 0)
(-0.270089283662 -0.015307535829 0)
(-0.273413329354 -0.0132827497637 0)
(-0.276274898211 -0.011117993771 0)
(-0.278641811106 -0.00882840309538 0)
(-0.280485458104 -0.00643163700618 0)
(-0.281781431567 -0.00394772541936 0)
(-0.282510121456 -0.00139883302487 0)
(-0.282657250044 0.00119105784007 0)
(-0.282214323468 0.00379654001097 0)
(-0.28117897913 0.00639123998821 0)
(-0.279555210913 0.0089483278405 0)
(-0.277353458481 0.0114410606174 0)
(-0.274590552314 0.0138433386719 0)
(-0.271289512321 0.0161302528399 0)
(-0.267479204404 0.0182786003938 0)
(-0.263193865731 0.0202673491173 0)
(-0.258472515273 0.0220780316476 0)
(-0.253358270897 0.0236950561584 0)
(-0.247897597696 0.0251059241572 0)
(-0.242139514072 0.0263013512464 0)
(-0.236134782347 0.0272752917175 0)
(-0.229935109487 0.0280248724408 0)
(-0.223592381011 0.0285502453704 0)
(-0.217157947797 0.0288543709022 0)
(-0.210681981442 0.0289427462192 0)
(-0.204212909492 0.0288230936266 0)
(-0.197796937614 0.028505023821 0)
(-0.191477661718 0.027999688196 0)
(-0.185295769463 0.027319432843 0)
(-0.179288827608 0.0264774650589 0)
(-0.173491149267 0.025487541099 0)
(-0.171019667369 0.0189424209303 0)
(-0.165733629632 0.017977602685 0)
(-0.160737985145 0.0169298102536 0)
(-0.156054469197 0.0158094336431 0)
(-0.15170184673 0.0146264718501 0)
(-0.147696057466 0.013390445098 0)
(-0.144050380967 0.0121103315237 0)
(-0.140775614653 0.0107945262569 0)
(-0.137880258534 0.00945082054761 0)
(-0.135370701246 0.00808639845815 0)
(-0.133251402792 0.00670784860749 0)
(-0.131525070147 0.00532118852665 0)
(-0.130192822628 0.00393189931519 0)
(-0.129254344593 0.0025449684695 0)
(-0.128708023616 0.00116493895922 0)
(-0.128551072813 -0.000204037157653 0)
(-0.128779636428 -0.00155814207431 0)
(-0.129388878195 -0.00289383382112 0)
(-0.130373052255 -0.00420778720591 0)
(-0.131725556753 -0.00549683505491 0)
(-0.13343897037 -0.00675791056839 0)
(-0.135505072313 -0.0079879914986 0)
(-0.137914846383 -0.00918404678071 0)
(-0.140658469916 -0.0103429862011 0)
(-0.143725288519 -0.0114616136651 0)
(-0.147103777639 -0.0125365846321 0)
(-0.150781492169 -0.0135643683138 0)
(-0.154745005414 -0.0145412152812 0)
(-0.158979838935 -0.0154631311879 0)
(-0.163470384985 -0.0163258573983 0)
(-0.168199823446 -0.0171248593895 0)
(-0.173150035474 -0.0178553238823 0)
(-0.178301516296 -0.0185121657321 0)
(-0.183633289973 -0.0190900456717 0)
(-0.189122829228 -0.0195834000288 0)
(-0.194745983838 -0.0199864835414 0)
(-0.200476921444 -0.0202934263286 0)
(-0.206288084983 -0.0204983059581 0)
(-0.212150171299 -0.0205952353423 0)
(-0.218032135746 -0.0205784668966 0)
(-0.223901227814 -0.0204425129848 0)
(-0.229723062874 -0.0201822821505 0)
(-0.23546173507 -0.0197932299837 0)
(-0.241079976096 -0.0192715227031 0)
(-0.246539364079 -0.0186142106538 0)
(-0.251800585976 -0.0178194079573 0)
(-0.256823755764 -0.0168864735333 0)
(-0.261568789211 -0.0158161877083 0)
(-0.265995834196 -0.0146109176814 0)
(-0.270065753365 -0.0132747643413 0)
(-0.273740653434 -0.0118136823852 0)
(-0.276984452796 -0.0102355655063 0)
(-0.279763476272 -0.00855028866027 0)
(-0.282047063141 -0.00676970019019 0)
(-0.28380817212 -0.00490755792614 0)
(-0.285023964893 -0.00297940528752 0)
(-0.285676348485 -0.00100238587103 0)
(-0.285752456243 0.00100500210576 0)
(-0.285245047765 0.00302320697597 0)
(-0.284152809802 0.0050319726587 0)
(-0.28248054296 0.00701072477793 0)
(-0.280239222976 0.00893898051391 0)
(-0.277445930071 0.0107967669601 0)
(-0.274123645255 0.0125650317806 0)
(-0.270300918088 0.0142260300042 0)
(-0.266011415802 0.0157636718652 0)
(-0.261293368659 0.0171638186491 0)
(-0.256188930429 0.0184145163429 0)
(-0.250743475811 0.0195061602837 0)
(-0.245004858234 0.0204315876673 0)
(-0.239022651831 0.0211860984183 0)
(-0.232847400417 0.0217674082706 0)
(-0.226529894349 0.0221755407491 0)
(-0.22012049328 0.0224126669187 0)
(-0.213668509452 0.0224829032203 0)
(-0.207221662434 0.0223920784245 0)
(-0.200825612481 0.0221474807695 0)
(-0.194523576117 0.0217575958073 0)
(-0.188356024283 0.0212318444818 0)
(-0.182360460626 0.0205803296535 0)
(-0.176571275233 0.0198135977835 0)
(-0.173332146054 0.0135259781147 0)
(-0.168049715263 0.0128381892473 0)
(-0.163056177539 0.0120908855082 0)
(-0.158373597835 0.0112914522921 0)
(-0.154021106121 0.0104470071762 0)
(-0.150015029017 0.00956433650519 0)
(-0.146369042445 0.00864984922612 0)
(-0.143094338517 0.00770954658708 0)
(-0.140199800516 0.00674900609735 0)
(-0.137692180584 0.00577337803176 0)
(-0.135576275469 0.00478739273126 0)
(-0.133855096426 0.00379537698774 0)
(-0.13253003004 0.00280127788504 0)
(-0.131600987407 0.00180869258689 0)
(-0.131066539685 0.000820902701348 0)
(-0.130924038542 -0.000159088001967 0)
(-0.131169720488 -0.0011285135964 0)
(-0.131798794469 -0.0020848046589 0)
(-0.132805512433 -0.00302554639246 0)
(-0.134183222864 -0.00394843690219 0)
(-0.13592440752 -0.00485124622399 0)
(-0.138020701821 -0.00573177662867 0)
(-0.140462899513 -0.00658782466991 0)
(-0.143240942379 -0.00741714541096 0)
(-0.146343895966 -0.00821741924855 0)
(-0.149759912381 -0.00898622175546 0)
(-0.153476181443 -0.00972099698301 0)
(-0.15747887158 -0.0104190346967 0)
(-0.16175306208 -0.0110774520632 0)
(-0.166282668518 -0.0116931803589 0)
(-0.171050363393 -0.0122629573284 0)
(-0.176037494277 -0.0127833258741 0)
(-0.181224002074 -0.0132506398103 0)
(-0.186588342271 -0.0136610774515 0)
(-0.192107412423 -0.01401066382 0)
(-0.197756489407 -0.0142953022455 0)
(-0.203509180359 -0.0145108160809 0)
(-0.209337391474 -0.014653001155 0)
(-0.215211319148 -0.014717689432 0)
(-0.221099468146 -0.0147008241169 0)
(-0.226968701573 -0.0145985461495 0)
(-0.232784327426 -0.0144072916452 0)
(-0.238510226299 -0.0141238993735 0)
(-0.24410902445 -0.0137457268205 0)
(-0.249542315788 -0.013270772759 0)
(-0.254770935464 -0.0126978035806 0)
(-0.259755286522 -0.0120264799465 0)
(-0.264455719591 -0.0112574796286 0)
(-0.268832963775 -0.0103926117889 0)
(-0.272848604803 -0.00943491743862 0)
(-0.276465604203 -0.00838875049465 0)
(-0.279648850809 -0.0072598337724 0)
(-0.282365733421 -0.00605528448204 0)
(-0.284586721106 -0.0047836043818 0)
(-0.286285935513 -0.00345463071327 0)
(-0.287441698006 -0.00207944539965 0)
(-0.28803703342 -0.000670241698346 0)
(-0.288060112093 0.000759850513203 0)
(-0.287504612569 0.00219697748791 0)
(-0.286369989135 0.00362680689035 0)
(-0.284661631046 0.00503479807735 0)
(-0.28239090393 0.00640648814134 0)
(-0.279575068158 0.00772778325139 0)
(-0.276237073769 0.00898524420434 0)
(-0.272405236496 0.0101663551576 0)
(-0.268112804213 0.0112597652652 0)
(-0.263397427458 0.0122554943308 0)
(-0.258300551246 0.0131450955186 0)
(-0.252866747946 0.0139217704505 0)
(-0.24714301254 0.0145804344982 0)
(-0.241178041869 0.0151177325443 0)
(-0.235021518798 0.0155320077606 0)
(-0.22872342054 0.0158232278998 0)
(-0.222333367946 0.0159928751014 0)
(-0.21590002962 0.0160438062352 0)
(-0.209470591417 0.0159800913332 0)
(-0.20309029857 0.0158068377207 0)
(-0.196802074385 0.0155300071307 0)
(-0.190646216494 0.0151562324336 0)
(-0.184660169008 0.0146926397377 0)
(-0.178878366755 0.0141466806128 0)
(-0.174872846569 0.00811371165402 0)
(-0.169593310998 0.00770158504547 0)
(-0.164601665492 0.00725365212816 0)
(-0.159920189511 0.00677432956806 0)
(-0.155568251689 0.00626787790628 0)
(-0.151562432528 0.00573836323176 0)
(-0.1479166688 0.00518962911667 0)
(-0.144642412995 0.0046252780158 0)
(-0.141748801759 0.00404866119715 0)
(-0.139242827955 0.00346287619645 0)
(-0.137129511679 0.00287077076534 0)
(-0.135412066267 0.00227495229907 0)
(-0.134092056005 0.00167780177589 0)
(-0.133169542886 0.00108149130743 0)
(-0.132643220328 0.00048800447963 0)
(-0.1325105323 -0.000100841250969 0)
(-0.132767776758 -0.000683370753221 0)
(-0.133410192673 -0.00125802657483 0)
(-0.13443203032 -0.00182334394222 0)
(-0.13582660474 -0.00237792582835 0)
(-0.137586332597 -0.00292041845462 0)
(-0.139702752825 -0.00344948754765 0)
(-0.142166531686 -0.00396379563905 0)
(-0.144967453022 -0.00446198067609 0)
(-0.148094394655 -0.00494263620121 0)
(-0.151535292054 -0.00540429335949 0)
(-0.155277090561 -0.00584540500497 0)
(-0.159305687632 -0.00626433219484 0)
(-0.163605866775 -0.00665933338698 0)
(-0.168161225047 -0.0070285566866 0)
(-0.172954096252 -0.0073700355202 0)
(-0.17796547219 -0.00768168814682 0)
(-0.183174924655 -0.00796132144435 0)
(-0.188560531128 -0.00820663942815 0)
(-0.194098807455 -0.00841525696575 0)
(-0.199764651119 -0.00858471914096 0)
(-0.205531298994 -0.00871252668598 0)
(-0.211370303786 -0.00879616783677 0)
(-0.217251533569 -0.00883315686884 0)
(-0.223143198983 -0.00882107943128 0)
(-0.229011912724 -0.00875764461335 0)
(-0.234822785857 -0.00864074344561 0)
(-0.240539565249 -0.00846851325685 0)
(-0.246124815937 -0.00823940698079 0)
(-0.251540151585 -0.00795226613901 0)
(-0.256746515193 -0.00760639583107 0)
(-0.261704511026 -0.0072016396549 0)
(-0.266374787195 -0.00673845208507 0)
(-0.270718466515 -0.00621796548001 0)
(-0.274697621288 -0.00564204860707 0)
(-0.278275785408 -0.00501335340178 0)
(-0.281418494906 -0.00433534665346 0)
(-0.284093845794 -0.00361232346543 0)
(-0.286273055908 -0.00284939970396 0)
(-0.287931015672 -0.00205248123844 0)
(-0.289046811325 -0.0012282085841 0)
(-0.289604203448 -0.000383876567314 0)
(-0.289592043661 0.000472670203655 0)
(-0.289004613205 0.00133316402986 0)
(-0.287841868935 0.00218905968644 0)
(-0.286109584879 0.00303169440962 0)
(-0.283819380914 0.00385245688216 0)
(-0.28098863418 0.00464295909866 0)
(-0.27764027324 0.00539520464741 0)
(-0.273802459557 0.00610174699253 0)
(-0.269508165221 0.00675583178193 0)
(-0.264794659821 0.00735151801712 0)
(-0.259702922578 0.00788377403398 0)
(-0.254276998251 0.00834854556789 0)
(-0.248563316723 0.00874279460826 0)
(-0.24260999653 0.00906450917453 0)
(-0.236466152009 0.00931268546765 0)
(-0.23018122224 0.00948728498471 0)
(-0.223804337822 0.00958917006945 0)
(-0.217383738796 0.009620021978 0)
(-0.21096625405 0.00958224586012 0)
(-0.204596849441 0.00947886711034 0)
(-0.19831824881 0.00931342336458 0)
(-0.192170629252 0.00908985605325 0)
(-0.186191389497 0.00881240492164 0)
(-0.18041498811 0.00848550834596 0)
(-0.175642908716 0.00270424343989 0)
(-0.170364967375 0.00256695900504 0)
(-0.165374413842 0.00241772306817 0)
(-0.160693633249 0.0022580054076 0)
(-0.15634211215 0.00208922451842 0)
(-0.152336556765 0.00191273479166 0)
(-0.148691033262 0.00172981709954 0)
(-0.14541712348 0.00154167252628 0)
(-0.142524090088 0.001349418938 0)
(-0.140019045811 0.00115409006012 0)
(-0.137907122059 0.000956636721645 0)
(-0.136191632963 0.000757929930773 0)
(-0.134874231504 0.000558765460454 0)
(-0.133955055032 0.000359869644734 0)
(-0.133432858046 0.000161906112605 0)
(-0.133305130637 -3.45167857981e-05 0)
(-0.133568201456 -0.000228838077022 0)
(-0.134217324447 -0.000420535975265 0)
(-0.135246748976 -0.000609119570389 0)
(-0.136649773262 -0.000794120534566 0)
(-0.138418781275 -0.000975084970709 0)
(-0.140545263515 -0.00115156551079 0)
(-0.143019822271 -0.0013231137613 0)
(-0.145832162141 -0.00148927318623 0)
(-0.148971066787 -0.00164957251483 0)
(-0.152424363039 -0.00180351976141 0)
(-0.156178873676 -0.00195059694859 0)
(-0.160220360364 -0.00209025563118 0)
(-0.16453345845 -0.00222191332653 0)
(-0.169101605528 -0.00234495096731 0)
(-0.173906965934 -0.00245871150284 0)
(-0.178930353584 -0.00256249978595 0)
(-0.184151155869 -0.00265558389078 0)
(-0.189547261596 -0.00273719801322 0)
(-0.195094996303 -0.00280654710735 0)
(-0.200769068555 -0.00286281340713 0)
(-0.206542531138 -0.00290516497042 0)
(-0.212386761338 -0.00293276636052 0)
(-0.218271464678 -0.00294479154722 0)
(-0.224164706631 -0.002940439062 0)
(-0.230032976849 -0.00291894938048 0)
(-0.235841290335 -0.00287962442731 0)
(-0.24155332968 -0.00282184900503 0)
(-0.247131632025 -0.00274511383952 0)
(-0.252537823659 -0.00264903981276 0)
(-0.257732904199 -0.00253340282336 0)
(-0.262677581043 -0.00239815858079 0)
(-0.26733265327 -0.00224346651007 0)
(-0.271659442381 -0.00206971182792 0)
(-0.275620265272 -0.00187752476076 0)
(-0.279178942721 -0.00166779582091 0)
(-0.282301334391 -0.00144168605339 0)
(-0.284955889232 -0.00120063122037 0)
(-0.287114198119 -0.000946339014816 0)
(-0.288751533894 -0.000680778591734 0)
(-0.28984736276 -0.000406161974149 0)
(-0.290385810349 -0.000124917224187 0)
(-0.290356065926 0.000160346347636 0)
(-0.289752709128 0.000446880252016 0)
(-0.288575945391 0.000731845075934 0)
(-0.286831738855 0.0010123634507 0)
(-0.284531834844 0.00128557594454 0)
(-0.281693667899 0.00154869786654 0)
(-0.278340155599 0.00179907485857 0)
(-0.274499382752 0.00203423516904 0)
(-0.270204184682 0.00225193664882 0)
(-0.265491642144 0.00245020677506 0)
(-0.260402503456 0.00262737437328 0)
(-0.254980551733 0.0027820921412 0)
(-0.249271936455 0.00291334954618 0)
(-0.243324488966 0.00302047613496 0)
(-0.237187040967 0.00310313572844 0)
(-0.23090876367 0.00316131234588 0)
(-0.22453854325 0.0031952889956 0)
(-0.218124405648 0.00320562066945 0)
(-0.211713000947 0.00319310298702 0)
(-0.205349154535 0.00315873795526 0)
(-0.199075489354 0.00310369825349 0)
(-0.192932120763 0.00302929133595 0)
(-0.186956423112 0.00293692448154 0)
(-0.181182865026 0.00282807172985 0)
)
;

boundaryField
{
    left
    {
        type            cyclic;
    }
    right
    {
        type            cyclic;
    }
    bottom
    {
        type            cyclic;
    }
    top
    {
        type            cyclic;
    }
    frontAndBack
    {
        type            empty;
    }
}


// ************************************************************************* //
