/*--------------------------------*- C++ -*----------------------------------*\
| =========                 |                                                 |
| \\      /  F ield         | OpenFOAM: The Open Source CFD Toolbox           |
|  \\    /   O peration     | Version:  v2106                                 |
|   \\  /    A nd           | Website:  www.openfoam.com                      |
|    \\/     M anipulation  |                                                 |
\*---------------------------------------------------------------------------*/
FoamFile
{
    version     2.0;
    format      ascii;
    arch        "LSB;label=32;scalar=64";
    class       volScalarField;
    location    "10";
    object      p;
}
// * * * * * * * * * * * * * * * * * * * * * * * * * * * * * * * * * * * * * //

dimensions      [0 2 -2 0 0 0 0];

internalField   nonuniform List<scalar> 
6561
(
-5.99920993476e-15
0.00518654922076
0.0105248259911
0.0159680412751
0.0214680997869
0.0269763978823
0.0324446254338
0.0378255449804
0.043073723275
0.0481461934817
0.053003030407
0.0576078259448
0.0619280570006
0.0659353431782
0.0696055961608
0.0729190667567
0.0758602988306
0.0784180017391
0.0805848544141
0.0823572549386
0.0837350294466
0.0847211135558
0.0853212184782
0.0855434925601
0.0853981874304
0.0848973362907
0.0840544502555
0.0828842371173
0.0814023455268
0.0796251363572
0.0775694819992
0.0752525934948
0.0726918747604
0.06990480266
0.0669088313473
0.0637213190708
0.0603594755204
0.0568403277593
0.0531807027972
0.0493972249368
0.0455063261049
0.0415242674856
0.0374671708705
0.0333510582337
0.0291918981045
0.0250056573652
0.0208083571019
0.0166161311265
0.0124452857184
0.00831235903486
0.00423417849568
0.000227914266216
-0.00368887326045
-0.0074981943258
-0.0111816016252
-0.0147201759759
-0.0180945289854
-0.0212848261009
-0.0242708335933
-0.0270319930964
-0.0295475272643
-0.0317965798781
-0.0337583932837
-0.0354125253386
-0.036739107058
-0.0377191408402
-0.0383348375313
-0.0385699886612
-0.0384103679912
-0.0378441541455
-0.0368623636563
-0.035459281388
-0.0336328731992
-0.0313851640517
-0.0287225637869
-0.0256561226584
-0.0222016995891
-0.0183800281069
-0.0142166680241
-0.00974183507508
-0.00499010573274
-0.000205868460835
0.00501989754027
0.0103987045849
0.015883215013
0.0214247745773
0.0269742261045
0.0324827265515
0.0379025400121
0.0431877811797
0.0482950870553
0.0531841990081
0.0578184422668
0.0621650951835
0.0661956457725
0.069885937787
0.0732162127095
0.0761710573166
0.0787392688805
0.0809136515657
0.0826907582352
0.0840705918066
0.0850562796119
0.0856537330808
0.085871303615
0.0857194438916
0.0852103821432
0.0843578152979
0.0831766253068
0.0816826215774
0.079892311205
0.077822697664
0.0754911077829
0.0729150461761
0.0701120758194
0.0670997231243
0.0638954056495
0.0605163804835
0.056979711303
0.0533022521386
0.0495006459541
0.0455913362426
0.0415905899446
0.0375145301032
0.033379176764
0.0292004946976
0.0249944465776
0.0207770502517
0.0165644387283
0.0123729214378
0.00821904521883
0.00411965333882
9.19406682282e-05
-0.00384649709945
-0.00767762254292
-0.0113829265623
-0.014943412312
-0.018339596217
-0.0215515295194
-0.0245588439842
-0.0273408254793
-0.0298765190985
-0.0321448692773
-0.0341248979097
-0.0357959227726
-0.0371378175721
-0.0381313136007
-0.0387583413475
-0.0390024084342
-0.0388490080064
-0.0382860492704
-0.0373042993448
-0.0358978231429
-0.0340644058072
-0.0318059404792
-0.0291287631368
-0.0260439160477
-0.0225673222632
-0.0187198555936
-0.0145272936943
-0.0100201461675
-0.00523335475472
-0.000617755934688
0.00468687391137
0.0101471783061
0.0157147094918
0.0213396826403
0.02697182168
0.0325612072729
0.0380590979886
0.043418697916
0.0485958475702
0.0535496196359
0.0582428064473
0.0626422917124
0.0667193044545
0.0704495581265
0.0738132821134
0.0767951561917
0.0793841609144
0.0815733583279
0.0833596179833
0.0847433030056
0.0857279301615
0.0863198165956
0.0865277243262
0.0863625118507
0.0858368004261
0.0849646608565
0.0837613250034
0.082242924798
0.0804262602813
0.0783285971613
0.0759674935446
0.0733606548503
0.0705258154505
0.0674806452601
0.064242679306
0.060829268217
0.0572575475651
0.0535444240357
0.0497065764911
0.045760470104
0.0417223818531
0.0376084357896
0.033434646586
0.029216969956
0.0249713585905
0.0207138222638
0.0164604907494
0.0122276781186
0.00803194688306
0.00389017029338
-0.000180409090222
-0.00416212668253
-0.00803685140614
-0.0117859521634
-0.0153902782506
-0.0188301570137
-0.0220854123185
-0.0251354076222
-0.0279591175467
-0.0305352318396
-0.0328422954129
-0.0348588877248
-0.0365638440775
-0.0379365204004
-0.0389571017352
-0.0396069529382
-0.0398690080688
-0.0397281925742
-0.0391718698088
-0.0381903007358
-0.0367771030293
-0.0349296934109
-0.0326496951413
-0.0299432913935
-0.0268215049541
-0.0233003855505
-0.0194010881869
-0.0151498292143
-0.0105777113937
-0.00572041471972
-0.0012359557849
0.00418805720317
0.00977171115451
0.0154648604854
0.0212159923384
0.0269731222584
0.0326846899782
0.0383004239947
0.043772146214
0.0490544920841
0.0541055269178
0.0588872450644
0.0633659447546
0.0675124773631
0.0713023751663
0.0747158661479
0.0777377878483
0.0803574146433
0.0825682141664
0.0843675489867
0.0857563392486
0.0867387009441
0.0873215730019
0.0875143446059
0.08732849224
0.0867772340328
0.0858752071349
0.0846381721646
0.0830827472681
0.0812261730638
0.0790861086905
0.0766804583533
0.07402722713
0.0711444043569
0.0680498726237
0.0647613402379
0.0612962949654
0.0576719768676
0.0539053681316
0.0500131978973
0.0460119602236
0.0419179434615
0.0377472694425
0.0335159409992
0.0292398964227
0.0249350695266
0.0206174539967
0.0163031706939
0.0120085365073
0.00775013323735
0.0035448748303
-0.000589928925504
-0.00463651439154
-0.00857661419899
-0.0123914182618
-0.0160615487947
-0.0195670527825
-0.0228874156628
-0.0260016002469
-0.0288881150627
-0.0315251163343
-0.0338905476611
-0.0359623210617
-0.037718542369
-0.0391377829521
-0.0401993983455
-0.0408838925902
-0.0411733249185
-0.0410517528969
-0.0405057033455
-0.039524659416
-0.0381015492879
-0.0362332192683
-0.0339208718847
-0.0311704481254
-0.0279929325513
-0.0244045608022
-0.0204269111996
-0.0160868657348
-0.0114164306642
-0.00645241297646
-0.00206088851506
0.00352436495589
0.00927457769652
0.0151372777637
0.0210585867611
0.026984185078
0.0328602741691
0.0386345012068
0.0442568146296
0.0496802240286
0.054861443963
0.0597614081166
0.0643456471537
0.0685845302014
0.0724533756843
0.0759324419964
0.0790068120437
0.0816661880296
0.0839046140211
0.0857201439764
0.0871144722202
0.0880925420012
0.0886621459839
0.08883353048
0.0886190130771
0.088032621212
0.0870897572439
0.0858068937945
0.0842013015605
0.0822908104978
0.0800936042214
0.0776280466492
0.0749125393145
0.0719654073606
0.0688048119849
0.0654486869684
0.0619146969154
0.0582202148834
0.0543823171894
0.050417793325
0.0463431690742
0.0421747410802
0.037928621268
0.0336207896519
0.0292671541616
0.0248836161882
0.0204861405733
0.0160908287444
0.0117139936362
0.00737223490331
0.00308251276604
-0.0011377814025
-0.00527075992272
-0.00929798158357
-0.0132004052061
-0.0169583572464
-0.0205515170774
-0.0239589239646
-0.027159010076
-0.0301296640971
-0.0328483301169
-0.0352921463588
-0.0374381279817
-0.0392633975239
-0.0407454655434
-0.0418625625707
-0.0425940216092
-0.0429207080925
-0.0428254914542
-0.0422937493824
-0.0413138925292
-0.0398778941234
-0.0379818058327
-0.0356262386127
-0.0328167854977
-0.0295643626094
-0.0258854453778
-0.021802179257
-0.0173423481451
-0.0125391892123
-0.00743104964499
-0.00309307777904
0.00269711454121
0.00865896089256
0.0147369772667
0.0208742262519
0.0270133744491
0.0330977424804
0.0390723083989
0.0448846293556
0.0504856524013
0.0558303926489
0.0608784650323
0.0655944639024
0.0699481921201
0.073914747701
0.0774744811688
0.0806128404111
0.0833201220675
0.0855911493778
0.0874248962028
0.0888240758195
0.0897947113181
0.0903457022453
0.0904883997338
0.0902361999119
0.0896041630358
0.0886086636235
0.087267074955
0.0855974896745
0.0836184768923
0.0813488751274
0.07880761964
0.0760136021426
0.0729855605124
0.0697419959362
0.0663011148483
0.0626807930575
0.058898559572
0.054971597777
0.0509167618143
0.0467506062026
0.0424894269269
0.0381493124045
0.0337462028847
0.0292959569523
0.0248144238892
0.0203175206713
0.0158213123668
0.0113420946244
0.00689647680881
0.00250146415103
-0.00182546296638
-0.00606627478691
-0.0102023255752
-0.0142142975971
-0.0180821591034
-0.0217851401893
-0.0253017308593
-0.0286097060369
-0.0316861825792
-0.0345077135456
-0.0370504249627
-0.0392902000504
-0.0412029152657
-0.0427647315112
-0.0439524423646
-0.0447438791963
-0.0451183705105
-0.0450572498065
-0.0445444027832
-0.0435668409325
-0.0421152846995
-0.0401847356944
-0.0377750142638
-0.0348912364348
-0.0315442032122
-0.0277506757723
-0.0235335125129
-0.0189216482784
-0.0139499023305
-0.00865860948438
-0.00433311746292
0.00170810831785
0.00792908869714
0.014270565744
0.0206717752893
0.0270716230926
0.0334098472543
0.0396281217252
0.0456710610317
0.0514870938769
0.0570291822766
0.0622553724831
0.0671291733495
0.0716197662878
0.075702058106
0.0793565934756
0.0825693474797
0.0853314207031
0.0876386598348
0.0894912260152
0.0908931314881
0.0918517627821
0.0923774059424
0.0924827864804
0.0921826338922
0.0914932779612
0.0904322816902
0.0890181136619
0.0872698609271
0.0852069821558
0.0828490997475
0.0802158288453
0.077326640693
0.0742007574821
0.0708570757125
0.0673141150925
0.0635899901105
0.0597024015832
0.055668645692
0.0515056382603
0.0472299522592
0.0428578667559
0.0384054257251
0.0338885053207
0.0293228883353
0.0247243446719
0.0201087166842
0.0154920082315
0.010890476215
0.00632072321938
0.00179978967896
-0.00265475628928
-0.0070247335916
-0.0112912700151
-0.0154347343192
-0.0194346821646
-0.0232698200257
-0.0269179917833
-0.0303561932187
-0.0335606200699
-0.0365067556201
-0.0391695039058
-0.0415233744527
-0.0435427239189
-0.0452020590412
-0.0464764037528
-0.0473417312255
-0.0477754588285
-0.0477570005968
-0.0472683678468
-0.0462948041808
-0.0448254365336
-0.0428539194364
-0.0403790457041
-0.037405293754
-0.0339432801964
-0.0300100866538
-0.0256294322926
-0.0208316684569
-0.015653579029
-0.0101379793853
-0.00578162898008
0.000559746175159
0.00709041523655
0.0137464857678
0.0204625032668
0.0271727779392
0.0338126887163
0.0403199116318
0.0466355266556
0.0527049667261
0.0584787839495
0.0639132196298
0.068970575988
0.073619397283
0.0778344760373
0.0815967059092
0.0848928064003
0.0877149462257
0.0900602920817
0.0919305080868
0.0933312287438
0.0942715252017
0.0947633812422
0.0948211920052
0.0944612952121
0.0937015416811
0.0925609093331
0.0910591627044
0.0892165582219
0.0870535941257
0.084590802924
0.0818485835773
0.0788470701891
0.0756060337778
0.0721448136767
0.0684822752008
0.0646367904125
0.0606262390646
0.0564680270784
0.0521791202119
0.04777609086
0.0432751761964
0.0386923461104
0.0340433795925
0.029343948379
0.0246097067743
0.0198563866144
0.0150998963236
0.0103564229411
0.00564253583407
0.000975290594705
-0.00362766868738
-0.00814801097448
-0.0125666263083
-0.0168635435095
-0.0210178613502
-0.0250076976433
-0.0288101613683
-0.0324013536117
-0.0357564036961
-0.0388495473422
-0.0416542539848
-0.0441434103374
-0.0462895668852
-0.0480652530692
-0.0494433653845
-0.0503976303766
-0.0509031415023
-0.0509369650035
-0.0504788053871
-0.0495117159319
-0.0480228341234
-0.0460041163917
-0.0434530414963
-0.0403732479103
-0.0367750682262
-0.0326759235044
-0.0281005430925
-0.0230809810022
-0.0176564084292
-0.011872673091
-0.00743920762829
-0.000744829888756
0.00614985452644
0.0131753319519
0.0202604722081
0.0273340448101
0.0343261996753
0.0411698494539
0.0478019000227
0.0541642882291
0.0602048001907
0.0658776579179
0.0711438755102
0.0759713976827
0.0803350423359
0.0842162750287
0.0876028466278
0.0904883264189
0.0928715619862
0.0947560947195
0.0961495563676
0.0970630680621
0.0975106590689
0.0975087184508
0.0970754890613
0.096230609962
0.0949947105257
0.0933890571844
0.091435251975
0.0891549807006
0.0865698075858
0.0837010127256
0.0805694683171
0.0771955495838
0.0735990763941
0.0697992817799
0.0658148038554
0.0616636979772
0.057363466345
0.0529311026044
0.0483831493653
0.0437357668554
0.0390048112209
0.0342059212092
0.0293546121558
0.0244663763203
0.0195567886724
0.0146416172256
0.00973693693456
0.00485924600522
2.55832283412e-05
-0.00474635538916
-0.00943810285334
-0.0140303129476
-0.0185026608221
-0.0228337564042
-0.0270010753888
-0.030980913389
-0.0347483696579
-0.0382773675782
-0.0415407197979
-0.0445102463803
-0.0471569545212
-0.0494512881461
-0.0513634549086
-0.0528638366006
-0.0539234866474
-0.0545147150745
-0.0546117570373
-0.0541915157283
-0.0532343643458
-0.051724985083
-0.0496532162107
-0.0470148718471
-0.043812493654
-0.0400559902506
-0.035763119381
-0.0309597704638
-0.0256800114691
-0.0199658741789
-0.0138668653927
-0.00930635651039
-0.00220155293389
0.00511607741265
0.0125702528898
0.0200830288189
0.0275765511291
0.0349747564238
0.0422049427264
0.049199148044
0.0558952904565
0.0622380416683
0.0681794240415
0.0736791375019
0.078704636201
0.0832309847823
0.0872405303952
0.0907224294696
0.0936720682635
0.096090413945
0.0979833291616
0.0993608782976
0.100236648457
0.100627103051
0.100550981038
0.100028750513
0.0990821216517
0.0977336209542
0.0960062263429
0.0939230608585
0.0915071414424
0.0887811784737
0.0857674212897
0.0824875447697
0.0789625721345
0.0752128293576
0.0712579269203
0.0671167650649
0.0628075591431
0.0583478821054
0.0537547216228
0.049044549738
0.0442334033116
0.0393369738568
0.0343707056169
0.0293499009515
0.0242898322408
0.0192058595873
0.0141135535961
0.00902882243572
0.00396804220335
-0.00105181063456
-0.00601302632515
-0.0108970305093
-0.0156842571536
-0.0203540290884
-0.0248844503222
-0.0292523152063
-0.0334330405166
-0.0374006275553
-0.0411276623985
-0.0445853633645
-0.0477436855513
-0.050571492759
-0.0530368071401
-0.0551071463282
-0.0567499563964
-0.0579331466072
-0.0586257283756
-0.0587985560457
-0.0584251609676
-0.0574826630432
-0.0559527356741
-0.053822591365
-0.0510859468222
-0.0477439191388
-0.0438057995985
-0.0392896498473
-0.0342226675825
-0.0286412760907
-0.0225909040717
-0.0161254388891
-0.0113834061084
-0.00380520175814
0.00399988591809
0.0119474580501
0.0199514238526
0.0279260517922
0.0357879414405
0.0434578237
0.0508621149725
0.0579341729666
0.0646152254653
0.0708549661501
0.0766118315906
0.0818529893057
0.086554077731
0.0906987450357
0.094278035551
0.097289671005
0.099737269687
0.101629541026
0.102979486629
0.103803632204
0.104121308488
0.10395399357
0.103324724064
0.10225757852
0.100777233215
0.0989085880297
0.0966764584176
0.0941053283023
0.0912191581481
0.0880412421848
0.0845941088342
0.080899458653
0.07697813453
0.0728501193776
0.0685345571152
0.0640497933118
0.0594134324017
0.0546424089161
0.0497530706508
0.0447612721136
0.0396824769646
0.0345318684648
0.0293244671835
0.0240752553829
0.0187993075822
0.0135119268157
0.00822878602226
0.0029660738213
-0.00225935634054
-0.00742983508191
-0.0125267259506
-0.0175302768351
-0.02241947729
-0.0271719260792
-0.0317637143006
-0.0361693306486
-0.040361596649
-0.0443116410162
-0.0479889235619
-0.0513613202258
-0.0543952816554
-0.0570560781568
-0.0593081435775
-0.0611155294961
-0.0624424787546
-0.0632541236227
-0.0635173085197
-0.0632015301525
-0.0622799791815
-0.0607306573873
-0.0585375333044
-0.0556916882775
-0.0521923950205
-0.0480480633835
-0.0432769846425
-0.0379078075519
-0.0319796874849
-0.0255420645604
-0.0186540475431
-0.0136704171119
-0.00554911424613
0.00281468375484
0.0113268550392
0.0198915889955
0.0284138109948
0.036801490995
0.0449677223346
0.0528324822136
0.0603240152219
0.0673798120885
0.0739471846905
0.0799834628974
0.085455857231
0.0903410429681
0.0946245266175
0.0982998556998
0.101367728797
0.103835056229
0.105714013631
0.107021122137
0.107776380503
0.108002466832
0.107724020936
0.106967012777
0.105758198071
0.104124658802
0.102093423993
0.0996911645556
0.0969439551354
0.0938770954798
0.090514983932
0.0868810359355
0.0829976409663
0.0788861519436
0.0745669018591
0.0700592430864
0.0653816055314
0.0605515704437
0.0555859573259
0.0505009219279
0.0453120637908
0.0400345422263
0.03468319995
0.0292726938548
0.0238176326016
0.0183327208045
0.0128329096133
0.00733355342559
0.0018505722778
-0.00359938081762
-0.00899874873815
-0.0143288970331
-0.0195699410408
-0.0247005766427
-0.0296979190203
-0.0345373550165
-0.0391924161135
-0.0436346806073
-0.0478337152168
-0.0517570680547
-0.0553703265042
-0.0586372549016
-0.0615200278544
-0.0639795752422
-0.0659760541555
-0.0674694608875
-0.0684203922522
-0.068790959634
-0.0685458510543
-0.0676535261144
-0.0660875161619
-0.063827788011
-0.0608621150558
-0.0571873861035
-0.0528107715323
-0.0477506605206
-0.0420372840551
-0.0357129474012
-0.0288318132138
-0.0214592028369
-0.0161670635155
-0.00742482909956
0.00157706783754
0.0107328508157
0.0199351109927
0.0290777027963
0.0380584703584
0.0467816635396
0.0551599382547
0.0631158764418
0.0705830013164
0.0775063002869
0.0838422980303
0.089558743432
0.094633985868
0.0990561197622
0.102821973308
0.10593600976
0.108409199562
0.110257910322
0.111502850421
0.112168091594
0.112280186703
0.111867391268
0.110958991252
0.109584734987
0.10777436384
0.105557234046
0.102962020867
0.100016495725
0.0967473669157
0.093180174945
0.0893392341353
0.0852476129842
0.080927146633
0.0763984757141
0.0716811067377
0.0667934900265
0.0617531119776
0.0565765991411
0.0512798322256
0.0458780686765
0.0403860729361
0.0348182538654
0.0291888091041
0.0235118763577
0.017801691723
0.0120727552067
0.00634000352712
0.000618990119171
-0.00507392802897
-0.0107213975058
-0.01630487097
-0.0218044071673
-0.0271984715992
-0.0324637421682
-0.0375749255408
-0.0425045916253
-0.0472230354533
-0.0516981778139
-0.0558955181816
-0.0597781556795
-0.0633068958419
-0.0664404625834
-0.0691358357094
-0.0713487341394
-0.073034263318
-0.0741477415508
-0.0746457137454
-0.0744871518391
-0.0736348288294
-0.0720568378993
-0.0697282102397
-0.0666325660233
-0.0627637144288
-0.0581271030511
-0.0527410073954
-0.0466373503995
-0.0398620516549
-0.0324748267378
-0.0245483905048
-0.0188724922656
-0.00942163703475
0.000307573833371
0.0101953614403
0.0201204554262
0.0299635863475
0.0396107317352
0.048955939145
0.0579036015908
0.0663701162398
0.0742849098793
0.0815908614826
0.0882441892461
0.0942138934056
0.0994808568479
0.104036705379
0.107882521623
0.111027493932
0.113487566739
0.115284143519
0.116442879032
0.116992584775
0.1169642609
0.116390259265
0.115303575893
0.113737266443
0.11172397531
0.109295567145
0.106482848866
0.103315370152
0.0998212909407
0.096027305241
0.0919586116744
0.0876389222603
0.0830905021644
0.0783342342615
0.0733897034461
0.0682752966219
0.0630083151874
0.0576050976346
0.0520811505653
0.0464512870203
0.0407297715168
0.0349304715987
0.0290670160212
0.0231529599367
0.0172019575863
0.0112279430685
0.00524531971045
-0.000730841589347
-0.00668459496176
-0.0125989034548
-0.0184554151712
-0.0242342334235
-0.029913683721
-0.0354700817242
-0.0408775078977
-0.0461075965163
-0.0511293489167
-0.0559089834207
-0.0604098371337
-0.0645923377453
-0.0684140663358
-0.071829934782
-0.0747925032915
-0.0772524643985
-0.0791593188462
-0.0804622654997
-0.0811113210275
-0.0810586748965
-0.080260270716
-0.0786775860343
-0.0762795598437
-0.0730445916932
-0.0689625107586
-0.0640363906275
-0.0582840701291
-0.0517392369499
-0.044451941015
-0.0364884284164
-0.0279302288369
-0.0217851547749
-0.0115260162329
-0.000968380020563
0.00975108989728
0.0204945096394
0.0311270291391
0.041520726182
0.0515579186537
0.0611337496492
0.0701579757172
0.0785559565919
0.0862689045533
0.0932534972449
0.0994809838911
0.104935922203
0.109614676647
0.113523793351
0.116678347058
0.119100334256
0.120817166267
0.121860297873
0.122264011803
0.122064367227
0.121298311188
0.120002945365
0.118214936274
0.115970054503
0.113302827497
0.110246290327
0.106831819547
0.103089036337
0.0990457665415
0.0947280467207
0.0901601668711
0.0853647419667
0.0803628058617
0.0751739223715
0.0698163094923
0.0643069737159
0.0586618522774
0.0528959619237
0.0470235534204
0.0410582715557
0.0350133208302
0.0289016373698
0.0227360678616
0.0165295564813
0.0102953408656
0.00404715817378
-0.00220053786132
-0.00843234824071
-0.0146316881373
-0.0207805348502
-0.0268591654895
-0.0328458867114
-0.0387167602454
-0.0444453297316
-0.0500023565643
-0.0553555750601
-0.0604694803132
-0.0653051655646
-0.0698202297055
-0.0739687794727
-0.0777015547328
-0.0809662085666
-0.0837077760912
-0.0858693663616
-0.0873931093845
-0.0882213841929
-0.0882983430229
-0.0875717299037
-0.0859949689192
-0.083529468285
-0.0801470527616
-0.0758324016887
-0.0705853370888
-0.0644227819003
-0.0573802004032
-0.0495123435674
-0.0408931473726
-0.0316146837077
-0.0249026044529
-0.0137209182681
-0.0022192912556
0.00944515195763
0.0211145374148
0.0326354748307
0.043863761793
0.0546682799284
0.0649339188631
0.074563465519
0.0834784823854
0.0916192752304
0.0989441075759
0.105427845993
0.111060220016
0.115843862816
0.119792272031
0.122927800201
0.12527975481
0.126882661493
0.12777472169
0.127996478279
0.127589689374
0.126596401064
0.125058203703
0.123015652865
0.120507834546
0.117572054091
0.114243629288
0.110555769555
0.106539525097
0.102223791906
0.0976353605747
0.0927989988355
0.0877375595629
0.0824721076384
0.077022060522
0.0714053386628
0.065638522975
0.0597370175487
0.0537152165651
0.0475866750467
0.0413642836351
0.0350604480449
0.0286872742053
0.0222567603895
0.0157809978242
0.0092723813931
0.0027438320666
-0.00379096740452
-0.0103173222091
-0.0168192596688
-0.0232792475515
-0.0296778969737
-0.0359936514866
-0.0422024654408
-0.0482774766425
-0.0541886807418
-0.0599026177915
-0.0653820850161
-0.0705858940565
-0.0754686957691
-0.079980900897
-0.0840687303598
-0.0876744340788
-0.0907367215022
-0.0931914494304
-0.0949726122002
-0.0960136743099
-0.0962492745538
-0.0956173119892
-0.0940613963638
-0.091533608701
-0.0879974731777
-0.0834309928103
-0.0778295536171
-0.0712084633985
-0.0636048767648
-0.0550788703023
-0.0457134538993
-0.0356133613257
-0.0282212532497
-0.0159848592583
-0.00340603303981
0.00933315810108
0.0220506693653
0.0345709831055
0.0467308276972
0.0583837623635
0.0694034552826
0.0796856141913
0.0891486327947
0.0977331168987
0.105400526621
0.112131194669
0.117921965054
0.122783660631
0.126738544471
0.129817896545
0.132059787624
0.133507098948
0.134205809779
0.134203555202
0.13354844268
0.132288107031
0.130468978418
0.128135735944
0.125330919336
0.1220946726
0.118464595747
0.114475683302
0.110160331175
0.105548396246
0.100667295662
0.0955421352503
0.0901958586343
0.0846494104882
0.0789219090313
0.0730308242358
0.0669921593929
0.0608206346765
0.0545298721623
0.0481325824382
0.0416407535164
0.0350658432178
0.0284189765821
0.0217111501602
0.014953445269
0.00815725244583
0.00133450940843
-0.00550204521569
-0.0123386002748
-0.0191599807947
-0.0259493357236
-0.0326878042141
-0.0393541610436
-0.0459244432949
-0.0523715624311
-0.0586649085307
-0.0647699568003
-0.0706478906386
-0.0762552605739
-0.0815437043646
-0.0864597603343
-0.0909448134241
-0.094935221036
-0.0983626727878
-0.101154843741
-0.103236403041
-0.104530437293
-0.104960338036
-0.104452182615
-0.102937605235
-0.100357108481
-0.0966637066557
-0.0918267253139
-0.085835511445
-0.0787027471135
-0.0704670355419
-0.0611944485449
-0.0509787319013
-0.0399399082058
-0.0317360795615
-0.0182907555355
-0.0044798655511
0.00948389873355
0.0233890961986
0.0370337105257
0.050232138943
0.0628205717507
0.0746606114236
0.0856411361393
0.095678527395
0.104715519958
0.112719028941
0.119677320878
0.125596850354
0.130499018251
0.134417040639
0.137393056319
0.139475549579
0.140717124133
0.141172634291
0.140897658661
0.139947288616
0.138375196579
0.136232946377
0.133569508096
0.130430942002
0.126860219364
0.122897151865
0.118578405243
0.113937576718
0.109005319354
0.103809499738
0.0983753782547
0.0927258036422
0.086881415673
0.0808608515087
0.0746809527786
0.068356971625
0.0619027749616
0.055331047014
0.0486534908793
0.041881030408
0.0350240141695
0.0280924236468
0.0210960881316
0.0140449090368
0.00694909655012
-0.000180578321932
-0.0073325132348
-0.0144939824859
-0.0216508206829
-0.0287870797061
-0.035884657236
-0.0429228961302
-0.0498781554091
-0.0567233556335
-0.0634275042139
-0.0699552098246
-0.0762661997668
-0.082314860004
-0.0880498248041
-0.0934136514756
-0.098342625485
-0.102766751914
-0.106610000007
-0.109790877298
-0.112223416704
-0.11381866166
-0.114486727395
-0.114139496815
-0.112693972488
-0.110076248583
-0.106225988862
-0.101101205084
-0.0946830278456
-0.0869800604842
-0.0780318690681
-0.0679112108298
-0.056724573852
-0.0446105606112
-0.035440279258
-0.0206044207363
-0.00537984537745
0.00998283734056
0.0252361936555
0.0401463586796
0.054501604558
0.068118599654
0.0808463034804
0.0925675822678
0.103198732329
0.112687310158
0.121008806151
0.128162679592
0.134168171106
0.139060197051
0.142885531391
0.145699398432
0.14756253547
0.148538737586
0.148692865044
0.14808927408
0.146790621537
0.14485699005
0.142345281278
0.13930882818
0.135797182396
0.131856038476
0.127527262494
0.122848998088
0.117855827964
0.11257897337
0.107046517848
0.101283644847
0.0953128814702
0.0891543428937
0.0828259738011
0.0763437846866
0.0697220820606
0.0629736925733
0.056110181853
0.0491420694915
0.0420790421422
0.0349301671396
0.0277041094241
0.0204093548944
0.013054443586
0.00564821632998
-0.00179992125159
-0.00927971342892
-0.0167797436776
-0.0242870946455
-0.0317869750541
-0.0392623103035
-0.0466932943968
-0.0540569021165
-0.0613263623162
-0.0684705959367
-0.0754536261495
-0.0822339730983
-0.0887640523491
-0.0949896046266
-0.100849194896
-0.106273831421
-0.11118676988
-0.11550358329
-0.119132594123
-0.121975778639
-0.123930262177
-0.124890523527
-0.124751410372
-0.123412028485
-0.120780497259
-0.1167794621
-0.111352129929
-0.10446844502
-0.0961308485317
-0.0863790023875
-0.0752930043791
-0.0629945185023
-0.0496449039263
-0.0393248479784
-0.0228826062179
-0.00602941267265
0.0109367023048
0.0277238971561
0.0440598957423
0.0597024843798
0.0744466629213
0.0881286636035
0.100627036162
0.111861035424
0.121786926518
0.130393035412
0.13769427455
0.143726667026
0.148542211946
0.152204295035
0.154783743252
0.15635554626
0.156996217318
0.156781736114
0.155786000843
0.154079712125
0.151729613404
0.148798018615
0.14534256591
0.141416145053
0.137066954632
0.132338653262
0.127270576049
0.121897993717
0.116252397063
0.110361793683
0.104251007468
0.097941974254
0.0914540292813
0.084804183929
0.0780073906588
0.0710767961963
0.0640239838862
0.056859206867
0.04959161427
0.0422294731356
0.034780389137
0.0272515295665
0.0196498523782
0.0119823453899
0.00425628005731
-0.00352051547611
-0.0113393591024
-0.0191903880803
-0.0270621976908
-0.0349414399697
-0.0428123775042
-0.0506563878515
-0.0584514151758
-0.0661713673715
-0.0737854595003
-0.0812575081156
-0.088545186302
-0.0955992564651
-0.102362807516
-0.108770535512
-0.114748122446
-0.120211786772
-0.12506810102
-0.12921419534
-0.132538488988
-0.134922111459
-0.136241185729
-0.136370139277
-0.135186171745
-0.132574925848
-0.128437274586
-0.122696972758
-0.115308708767
-0.106265779
-0.0956064806847
-0.0834187526293
-0.0698423971876
-0.0550669238516
-0.0433780816426
-0.025070426676
-0.00633184797724
0.012479583619
0.0310167617945
0.0489609601829
0.0660345802179
0.08200902128
0.0967085434487
0.110010411251
0.12184149412
0.132172297403
0.141009739265
0.148389696184
0.154369940806
0.159023820058
0.16243484092
0.164692205559
0.165887254955
0.166110732709
0.165450758422
0.163991394409
0.161811694501
0.158985134503
0.155579337378
0.151656020035
0.147271101839
0.142474926737
0.137312561212
0.131824138934
0.126045230157
0.120007219723
0.11373768217
0.10726074616
0.100597443244
0.0937660382645
0.0867823403425
0.0796599947151
0.0724107566739
0.0650447495994
0.0575707096822
0.0499962203796
0.0423279400611
0.0345718266377
0.0267333633048
0.0188177898635
0.0108303444256
0.00277652067633
-0.00533765373874
-0.0135053117515
-0.0217184079801
-0.0299673397046
-0.0382405207494
-0.0465239012075
-0.0548004261129
-0.0630494267715
-0.0712459396758
-0.0793599500525
-0.0873555604914
-0.095190090213
-0.102813117951
-0.110165491836
-0.117178343831
-0.123772164951
-0.129856021374
-0.135327020599
-0.140070170289
-0.143958808561
-0.146855820311
-0.148615883831
-0.149089004311
-0.148125566953
-0.14558305163
-0.141334375988
-0.135277621832
-0.127346617206
-0.1175212536
-0.105836085497
-0.0923869849609
-0.0773355047064
-0.0609064523745
-0.0475850524451
-0.0270980388073
-0.00616422994592
0.0147810540789
0.0353212667635
0.0550814654732
0.0737433959987
0.0910534896641
0.106826144172
0.120942384209
0.133343677539
0.144022559741
0.15301224243
0.160376609037
0.166201260742
0.170585890129
0.173638052572
0.175468271031
0.176186331898
0.175898596054
0.174706144223
0.172703586897
0.16997838897
0.166610582347
0.162672762645
0.158230286897
0.153341607168
0.148058690147
0.142427485175
0.136488413168
0.130276856744
0.123823638024
0.117155475256
0.110295412988
0.103263223201
0.0960757767615
0.0887473860277
0.0812901204816
0.0737140980167
0.0660277550735
0.0582380992293
0.0503509481708
0.0423711592746
0.034302854286
0.026149643878
0.017914857198
0.00960178187255
0.00121392038126
-0.00724473079725
-0.0157693723125
-0.0243540557758
-0.0329912920977
-0.0416716055201
-0.0503830239847
-0.0591104961283
-0.067835225179
-0.076533910546
-0.0851778892712
-0.093732172163
-0.102154373909
-0.110393543515
-0.118388912034
-0.126068589827
-0.133348266988
-0.14012999946
-0.14630120063
-0.15173400381
-0.156285213778
-0.159797123877
-0.162099534195
-0.163013353647
-0.162356177909
-0.159950147392
-0.155632157572
-0.149266235916
-0.140757585329
-0.13006663993
-0.117220447516
-0.10232196157
-0.0855588775414
-0.0672011695728
-0.0519273721784
-0.028876587184
-0.00536947679789
0.018056979088
0.0408980788595
0.0627110608849
0.0831318167635
0.101881539271
0.118768966892
0.133686960349
0.146601945029
0.157539370876
0.166568937537
0.173791404378
0.179327493091
0.183308941328
0.185871585661
0.187150235656
0.187275047031
0.186369100118
0.184546915346
0.181913674914
0.178564960586
0.174586856548
0.170056300194
0.165041592001
0.159602998317
0.15379339899
0.147658945703
0.14123970763
0.134570289087
0.127680409834
0.120595443066
0.113336909291
0.105922926509
0.0983686186643
0.0906864854013
0.0828867368197
0.0749775974091
0.0669655836127
0.0588557596833
0.0506519766394
0.042357099291
0.0339732264791
0.0255019099061
0.0169443772405
0.00830176556656
-0.000424628248085
-0.00923307308457
-0.0181210971009
-0.0270851404996
-0.0361201578228
-0.0452191590387
-0.0543726776048
-0.0635681526778
-0.072789211813
-0.0820148400479
-0.0912184215109
-0.100366641114
-0.109418237057
-0.118322600749
-0.127018230543
-0.135431060987
-0.143472712293
-0.151038737924
-0.158006993957
-0.164236313153
-0.169565739617
-0.173814667587
-0.176784329352
-0.178261182667
-0.178022827021
-0.175847025395
-0.171524094923
-0.164872632103
-0.155758378714
-0.14411380914
-0.12995270479
-0.113382135918
-0.0946211951873
-0.0739995465538
-0.056383625621
-0.0302932077998
-0.00374548017154
0.0225842975477
0.0480784879585
0.0722134689639
0.0945751301894
0.11486095166
0.132881321153
0.148553601977
0.161884476676
0.172947417817
0.181861938324
0.18877662629
0.193855832578
0.197269591112
0.199186330212
0.199767878542
0.199166269036
0.197521899115
0.194962679295
0.19160387648
0.187548426165
0.182887545313
0.177701523449
0.172060604586
0.166025899082
0.159650284276
0.152979267327
0.146051794153
0.138900995891
0.131554869517
0.12403689281
0.116366576238
0.10855995585
0.100630032146
0.0925871604258
0.0844393983245
0.0761928163048
0.0678517768614
0.0594191881262
0.0508967375151
0.0422851110644
0.0335842041683
0.0247933295932
0.0159114289302
0.00693729404063
-0.00213019438008
-0.0112918032725
-0.0205476499743
-0.0298968614202
-0.0393371786275
-0.048864493824
-0.0584723058909
-0.0681510779853
-0.0778874793851
-0.0876634918934
-0.097455359857
-0.107232362438
-0.11695538784
-0.126575292776
-0.136031037991
-0.14524760417
-0.154133715049
-0.16257943014
-0.170453722563
-0.177602230827
-0.183845468704
-0.188977899769
-0.192768439596
-0.194963141677
-0.195291041183
-0.193474198734
-0.18924253992
-0.182353702024
-0.172618702605
-0.159930301874
-0.144280571069
-0.125772834742
-0.104663455578
-0.0813653601099
-0.060930247747
-0.0312042395911
-0.00102900920074
0.0287224891119
0.0572873945815
0.0840485741458
0.108540836684
0.130441954793
0.149575714478
0.165903731354
0.179495557296
0.19049350347
0.199084007157
0.205476637762
0.209888907652
0.212535601896
0.213621727574
0.213338240421
0.211859795156
0.209343910108
0.205931078381
0.201745478896
0.19689603997
0.191477684872
0.185572644783
0.179251764197
0.172575751653
0.165596348168
0.158357399159
0.150895824622
0.143242488264
0.13542296994
0.127458247966
0.119365299049
0.11115762406
0.102845707959
0.094437421979
0.0859383758267
0.0773522272781
0.0686809561477
0.0599251092754
0.0510840228937
0.0421560285836
0.0331386489708
0.0240287894027
0.0148229320939
0.00551733963468
-0.00389172462592
-0.0134077509786
-0.0230337031245
-0.0327716925486
-0.0426225950693
-0.0525855951607
-0.0626576412971
-0.0728327928829
-0.083101436345
-0.0934493447471
-0.103856552061
-0.114296010365
-0.124731996263
-0.135118232775
-0.145395696264
-0.15549008709
-0.165308961181
-0.174738553865
-0.18364038443
-0.191847815617
-0.199162858818
-0.20535367189
-0.2101534123
-0.21326142461
-0.214348231312
-0.213066183585
-0.209066891101
-0.202025767624
-0.191677182959
-0.177858234692
-0.160527966281
-0.139766224906
-0.115871425297
-0.089383536708
-0.0655467219182
-0.031430914252
0.00312647102069
0.0369446759254
0.0690758415121
0.0988027895832
0.125615351848
0.149178164354
0.169346433491
0.186157123852
0.199776226839
0.210443233183
0.218432871563
0.224030813307
0.227517736588
0.2291591752
0.229199731087
0.227860401279
0.225337977373
0.221805746512
0.217414949904
0.212296628027
0.206563611866
0.200312511848
0.193625617311
0.18657265858
0.179212408926
0.171594119847
0.16375879308
0.155740298581
0.147566350792
0.139259356823
0.130837150419
0.122313625154
0.113699279528
0.105001685656
0.0962258922867
0.0873747718533
0.0784493204161
0.0694489185549
0.0603715606401
0.0512140594051
0.041972232414
0.032641076845
0.023214939012
0.0136876852604
0.00405288126702
-0.00569601256056
-0.015565420975
-0.0255613992416
-0.0356893325322
-0.0459535759464
-0.0563570192927
-0.0669005577432
-0.0775824458684
-0.0883975083092
-0.0993361754166
-0.110383306688
-0.121516758928
-0.132705650142
-0.143908264955
-0.155069544245
-0.166118102843
-0.17696272874
-0.187488343463
-0.197551458283
-0.206975253714
-0.215544539272
-0.22300102493
-0.229039599808
-0.233306792412
-0.235403559821
-0.234895623194
-0.231333170388
-0.224279649171
-0.213359801424
-0.198334552958
-0.179120185101
-0.15572572231
-0.128487825564
-0.0981659362287
-0.070240035655
-0.0307649656516
0.00918711730734
0.0478850234607
0.0841656808711
0.11722891925
0.146539142934
0.171753361808
0.192785072284
0.209796956644
0.223101693477
0.233073767933
0.240101671891
0.244563332491
0.246811918342
0.247168128947
0.245917231644
0.243309203906
0.239560669278
0.23485775049
0.229359282728
0.223200047846
0.216493841467
0.209336282297
0.201807329321
0.193973503452
0.185889827014
0.177601503234
0.169145361755
0.16055109692
0.151842324596
0.143037481441
0.134150588214
0.125191896432
0.116168435401
0.107084474562
0.097941914215
0.0887406160835
0.0794786837401
0.0701527018028
0.0607579418633
0.0512885423921
0.0417376693829
0.0320976641995
0.0223601850211
0.0125163484379
0.00255687813688
-0.00752773170547
-0.0177470297236
-0.0281103874289
-0.0386267343309
-0.0493042341256
-0.060149885082
-0.0711690241234
-0.0823647095997
-0.093736952233
-0.105281757016
-0.116989930861
-0.128845601485
-0.140824382331
-0.152891106622
-0.164997041637
-0.177076483506
-0.189042626992
-0.20078261371
-0.212151704612
-0.222966610709
-0.232998138806
-0.241963471379
-0.24951868447
-0.255252728918
-0.258685695183
-0.259276577258
-0.256443613969
-0.249594798044
-0.23819306954
-0.221900492271
-0.200603047509
-0.17413060494
-0.142819725724
-0.107862250643
-0.0750466176371
-0.0288976726635
0.0178785086978
0.0624416460959
0.103511924053
0.140291776242
0.17224846253
0.199013211826
0.220596006313
0.237370630564
0.249872614125
0.258660248857
0.264263790873
0.267168427183
0.267806393736
0.266554641879
0.263736861166
0.259627972462
0.254459613184
0.248425771475
0.241688119513
0.234380827499
0.226614787141
0.218481256038
0.210054970472
0.201396785771
0.19255590465
0.183571750939
0.174475540903
0.165291598271
0.156038452944
0.146729757624
0.137375051474
0.127980395539
0.118548900778
0.109081166402
0.0995756434394
0.0900289362283
0.0804360526884
0.0707906127072
0.0610850228295
0.0513106245192
0.0414578226452
0.0315162004485
0.0214746271019
0.0113213640851
0.00104417695009
-0.00936954026842
-0.0199326197457
-0.0306579440123
-0.041558228005
-0.0526457449955
-0.0639319791682
-0.0754271834851
-0.0871398162144
-0.0990758228507
-0.111237721783
-0.123623441672
-0.136224845678
-0.149025861923
-0.162000120355
-0.175107973288
-0.188292750298
-0.201476069615
-0.214552007583
-0.227379940004
-0.239775932225
-0.251502647576
-0.262257871041
-0.27166197473
-0.279245060916
-0.284436437671
-0.286564710691
-0.284876427217
-0.278564670525
-0.266849530841
-0.249268950877
-0.225760546463
-0.19570864846
-0.159290442162
-0.118677509488
-0.0798835573818
-0.0252264451374
0.0304037212292
0.0818869311975
0.128338380083
0.169193022445
0.203914604662
0.231997815433
0.253606463094
0.269480362966
0.280495118445
0.287452209377
0.291049729084
0.291889783569
0.290484189345
0.287261420592
0.282576277631
0.27672044837
0.269932529138
0.262406947378
0.25430163403
0.245744469768
0.236838627304
0.227666970208
0.218295664818
0.208777141684
0.199152521489
0.189453601388
0.179704481209
0.16992289477
0.160121299606
0.150307768541
0.140486718582
0.130659506106
0.12082491207
0.110979536746
0.101118120005
0.0912338004723
0.0813183246118
0.0713622150868
0.061354906383
0.0512848546395
0.0411396279212
0.0309059826956
0.0205699320709
0.010116811413
-0.000468652730245
-0.0112022638284
-0.0221002591446
-0.0331791871505
-0.0444557477172
-0.0559465816587
-0.0676679928396
-0.0796355816215
-0.0918637626383
-0.104365132397
-0.117149642498
-0.130223521873
-0.143587875546
-0.157236866917
-0.17115536379
-0.185315893744
-0.199674709748
-0.214166709153
-0.228698882808
-0.243141925539
-0.257319653638
-0.270995940689
-0.283858972555
-0.29550252228
-0.305403067675
-0.312893296254
-0.317147511052
-0.317203078752
-0.311980452893
-0.300318170861
-0.281544455936
-0.255943114296
-0.221807439148
-0.178534395815
-0.130783054641
-0.0850740196178
-0.0203419915062
0.0471811296188
0.10726589512
0.159868676182
0.205309746285
0.242982289575
0.271977409113
0.292763753016
0.306753493162
0.315341629222
0.31963500503
0.320513416868
0.318693026651
0.314754955348
0.309165548526
0.302296377226
0.294442430269
0.285837360751
0.2766658805
0.267073704649
0.257175454612
0.247060908883
0.236799948272
0.226446477993
0.216041546264
0.205615829419
0.195191616085
0.184784394256
0.174404122475
0.164056248818
0.153742527704
0.14346167407
0.13320988628
0.122981262831
0.112768132851
0.102561316552
0.0923503286684
0.0821235355264
0.0718682745014
0.0615709432045
0.0512170646278
0.0407913337287
0.0302776504238
0.019659143713
0.00891819166929
-0.00196355771574
-0.0130051592726
-0.0242263305147
-0.0356473908525
-0.0472891705477
-0.0591728773074
-0.0713199050914
-0.0837515652249
-0.0964887139545
-0.109551242685
-0.122957386718
-0.136722794722
-0.150859283315
-0.165373177144
-0.18026310189
-0.195517052727
-0.211108499184
-0.22699119675
-0.243092242854
-0.25930277575
-0.275465670895
-0.291359664162
-0.30667930354
-0.321009131528
-0.333787048911
-0.344253723478
-0.351418884328
-0.354096918996
-0.350865940157
-0.339797385839
-0.319628042359
-0.292078635724
-0.253353073184
-0.200438112706
-0.143866196917
-0.0945162590139
-0.0205325342177
0.0657851748162
0.139042380277
0.199034144597
0.250256618492
0.291340092213
0.320537375731
0.339119755736
0.349782329888
0.354684787689
0.355272409471
0.352586720016
0.347431451184
0.34043008625
0.332060994784
0.322689384117
0.312593948517
0.30198736038
0.291031746499
0.279850395713
0.268536624855
0.257160507056
0.24577400476
0.23441491094
0.223109892146
0.211876848471
0.200726750472
0.18966507328
0.178692918584
0.167807893228
0.157004796802
0.146276158533
0.135612654636
0.125003430417
0.114436346124
0.103898161492
0.0933746708227
0.0828507980085
0.0723106590828
0.0617375984865
0.051114204167
0.0404223059002
0.0296429607137
0.0187564290299
0.00774214511329
-0.0034213144053
-0.0147562596881
-0.0262859095188
-0.0380343996512
-0.0500267698912
-0.0622889198743
-0.0748475204462
-0.0877298633493
-0.100963626204
-0.114576522073
-0.128595792584
-0.143047490081
-0.157955476194
-0.173340039178
-0.189215996371
-0.205590097854
-0.222457476248
-0.239796767299
-0.257563309096
-0.275679562482
-0.294021796945
-0.31240215665
-0.330544879833
-0.348053613525
-0.364361084884
-0.378650419214
-0.389780529032
-0.396279695386
-0.396073577417
-0.38549430743
-0.362216713995
-0.333274352165
-0.2878678291
-0.221227811974
-0.156967778827
-0.113866472883
-0.0207424586256
0.112079691207
0.190370257638
0.250517506817
0.307396499716
0.351944475003
0.379770633078
0.393802987693
0.399031303943
0.398605619129
0.394232649999
0.387024508876
0.377807250178
0.367196476618
0.355641566762
0.343468295843
0.330913147497
0.318147911938
0.305297003563
0.292449829577
0.279669735443
0.2670005326
0.254471305888
0.242099986228
0.229896025425
0.217862409975
0.205997183743
0.194294602775
0.182746012323
0.171340512314
0.160065460407
0.148906849411
0.137849586881
0.126877698035
0.11597446812
0.105122536641
0.0943039530139
0.0835002010259
0.0726921978893
0.061860272435
0.0509841260677
0.0400427794588
0.0290145075018
0.0178767647966
0.00660610386621
-0.0048219115865
-0.016432795733
-0.02825322875
-0.0403111399063
-0.0526357801724
-0.0652577770807
-0.0782091620169
-0.0915233565178
-0.105235099143
-0.119380287626
-0.133995701846
-0.149118561212
-0.164785854112
-0.181033354176
-0.197894203961
-0.215396899701
-0.23356244599
-0.252400317996
-0.27190256738
-0.292034988128
-0.312724079823
-0.333838587715
-0.35516430232
-0.376371323061
-0.396965409323
-0.41617568768
-0.432718285565
-0.444531838974
-0.448331911152
-0.437902247034
-0.410973721926
-0.400008137703
-0.352269174766
-0.246347718999
-0.172344370307
-0.133340842783
0.0353966208492
0.332805937373
0.279811188365
0.333657778522
0.385942362073
0.429733227662
0.452376513915
0.457905038222
0.454704231345
0.446881266017
0.4361015075
0.423342503863
0.409330368584
0.394591183302
0.379486483347
0.364259545365
0.349073336371
0.33403616985
0.319218463557
0.304663969304
0.290397511185
0.276430409527
0.262764325709
0.249394011496
0.236309287552
0.223496472924
0.21093941964
0.198620260804
0.186519948844
0.174618638551
0.16289595423
0.151331169547
0.13990332105
0.128591270846
0.117373729861
0.106229250173
0.0951361926607
0.0840726745965
0.0730165005671
0.0619450791976
0.0508353274629
0.0396635638844
0.0284053915553
0.0170355717161
0.00552788851813
-0.00614499437073
-0.0180116844783
-0.0301022173595
-0.0424482177879
-0.0550830626611
-0.068042041706
-0.0813625102344
-0.0950840254977
-0.109248454296
-0.123900034124
-0.139085363109
-0.154853285211
-0.171254625624
-0.188341713886
-0.206167605187
-0.224784877603
-0.244243850937
-0.264589973515
-0.28585974795
-0.308073899428
-0.331226171775
-0.355266777071
-0.380082615651
-0.405485231831
-0.431198970094
-0.456691246664
-0.48056283992
-0.500053206664
-0.512184122057
-0.510604796492
-0.482216261704
-0.512846991238
-0.594765607212
-0.337998260254
-0.200271146734
-9.88131291682e-324
1.63041663128e-322
1.07772446422e-169
0.0720567650815
0.493458286181
0.503573525495
0.532166109112
0.541349308837
0.532068117272
0.51645752823
0.498792024839
0.480053174764
0.460737065337
0.441273610114
0.421979304511
0.403051612026
0.384601498531
0.366685130341
0.349324810897
0.33252155488
0.316262822344
0.30052751555
0.285289294812
0.270518789366
0.256185063616
0.242256579104
0.228701814276
0.21548965137
0.202589604122
0.189971935933
0.177607702167
0.165468739525
0.153527618239
0.141757567981
0.130132384942
0.118626325129
0.107213987193
0.0958701868821
0.0845698242967
0.073287744478
0.061998591391
0.0506766549839
0.0392957107483
0.0278288509884
0.0162483068494
0.00452526005991
-0.00737035673273
-0.0194700721311
-0.0318071016686
-0.044416587818
-0.0573358547691
-0.0706046778223
-0.0842655662934
-0.0983640572284
-0.112949014773
-0.12807292666
-0.143792185223
-0.160167335989
-0.177263271383
-0.195149337359
-0.213899304068
-0.233591143325
-0.254306592954
-0.276130485036
-0.299149318575
-0.323447322851
-0.349097891505
-0.376151630332
-0.404631711063
-0.434562751876
-0.46602065362
-0.498931168513
-0.53222337767
-0.563973798747
-0.596291882878
-0.629792468548
-0.63884412189
-0.264203286285
7.41098468762e-323
1.82804288961e-322
-2.96439387505e-323
-1.72922976044e-322
1.48219693752e-323
-3.45845952089e-323
-1.33397724377e-322
6.08328463133e-44
0.638526061657
0.659272725964
0.647274472446
0.614829342071
0.58243021846
0.552621462529
0.524612157028
0.497981695258
0.472634858418
0.448546251305
0.425674255406
0.403953619305
0.383306436124
0.36365139743
0.34490856065
0.327001454589
0.309858007115
0.293410904505
0.277597610581
0.262360173696
0.247644914771
0.233402060386
0.219585360105
0.206151709833
0.193060792122
0.180274738067
0.167757811849
0.155476117059
0.143397322934
0.131490408105
0.1197254192
0.108073241578
0.0965053794467
0.0849937426791
0.0735104376919
0.0620275598144
0.050516984582
0.0389501554074
0.0272978650349
0.015530028111
0.00361544210263
-0.00847846635764
-0.020785912779
-0.0333430470341
-0.0461882699665
-0.0593625780301
-0.072909939751
-0.0868777078071
-0.101317070139
-0.116283542645
-0.131837504924
-0.148044779962
-0.164977259281
-0.182713576105
-0.201339827066
-0.220950335949
-0.241648475977
-0.263547724164
-0.286773291134
-0.311463835644
-0.337770264063
-0.365848821731
-0.395854993912
-0.427954861532
-0.462374093458
-0.499507646793
-0.5399659733
-0.584097232743
-0.632046335719
-0.680154145456
-0.696163623125
1.08694442085e-322
4.94065645841e-324
-4.94065645841e-323
2.02566914795e-322
-4.44659081257e-323
5.92878775009e-323
-4.94065645841e-324
-1.63041663128e-322
-1.77863632503e-322
-4.94065645841e-323
-2.65511436078e-85
0.757917913461
0.756182971511
0.697695170335
0.647295110713
0.604991045458
0.567484496335
0.533421947548
0.502173064952
0.473336762869
0.446606057148
0.421722525122
0.398462805125
0.376634292447
0.356071111736
0.336629827018
0.318185695846
0.30062962931
0.283865707073
0.26780910884
0.252384381486
0.23752398768
0.223167090006
0.209258529512
0.195747963244
0.182589131133
0.169739227942
0.1571583604
0.144809073312
0.132655931324
0.120665145291
0.108804233994
0.097041713354
0.0853468064137
0.0736891681641
0.0620386199771
0.0503648888164
0.0386373467226
0.0268247462049
0.0148949471999
0.00281463116433
-0.00945100236374
-0.0219385617249
-0.0346868170657
-0.0477370882852
-0.0611336737778
-0.0749243276295
-0.0891607938749
-0.103899407241
-0.119201770513
-0.135135519924
-0.151775192923
-0.16920321811
-0.187511053824
-0.206800505231
-0.227185246723
-0.248792635525
-0.271766254784
-0.296270057353
-0.322493314338
-0.350650630095
-0.380974085218
-0.413714454364
-0.449158304829
-0.487636154255
-0.529769943505
-0.577481602278
-0.633466164321
-0.693940310834
-0.730070706026
-8.89318162514e-323
2.47032822921e-323
-9.88131291682e-323
4.94065645841e-323
1.97626258336e-322
1.18575755002e-322
1.08694442085e-322
7.90505033346e-323
-8.89318162514e-323
2.02566914795e-322
2.96439387505e-323
1.77863632503e-322
1.01764008718
0.823267367469
0.762140591276
0.70395813292
0.652117648307
0.606231937014
0.565327825352
0.52859599475
0.495360298302
0.465076862886
0.437303832006
0.411676622978
0.387893901255
0.365706049717
0.344904821379
0.325314937791
0.306787597182
0.289195436411
0.272428555979
0.256391352484
0.240999981798
0.226180317238
0.211866295181
0.197998563804
0.184523369545
0.171391630687
0.158558158718
0.145980996678
0.133620850167
0.121440591586
0.109404821929
0.0974794772727
0.0856314693032
0.0738283508386
0.0620379985558
0.050228305976
0.0383668803786
0.0264207376449
0.0143559891539
0.00213751477875
-0.0102713842671
-0.0229093594626
-0.0358174233254
-0.0490394004766
-0.0626224310645
-0.0766175377384
-0.0910802691774
-0.106071435053
-0.121657949439
-0.137913803069
-0.154921190999
-0.172771831468
-0.191568522245
-0.211426984991
-0.232478038067
-0.254870238153
-0.278773783278
-0.304387227793
-0.331945123256
-0.361715841644
-0.393989613576
-0.429096514341
-0.467421208227
-0.509253056659
-0.555123468546
-0.608353121312
-0.673684342205
-0.727206260555
-0.869800680959
1.58101006669e-322
-1.82804288961e-322
2.96439387505e-323
-1.77863632503e-322
-1.18575755002e-322
-1.48219693752e-322
-1.63041663128e-322
1.53160350211e-322
-4.44659081257e-323
1.97626258336e-323
-2.47032822921e-323
8.89318162514e-323
-1.32813208194e-210
0.899431060152
0.833875614532
0.757218997196
0.693504983276
0.63944370066
0.592310601708
0.550738758192
0.513687135419
0.480356030976
0.450124996474
0.422498323724
0.397075841713
0.373532783138
0.351603311241
0.331067615799
0.311742162411
0.293472281482
0.276126439505
0.259591762036
0.243770513138
0.228577310157
0.21393690354
0.199782391515
0.186053770945
0.172696749389
0.159661761099
0.14690314283
0.134378435127
0.122047782098
0.109873408206
0.0978191547745
0.0858500620737
0.0739319851924
0.0620312336802
0.0501142261823
0.0381471521635
0.0260956333286
0.0139243775531
0.00159681809024
-0.0109252695403
-0.0236821811751
-0.0367167372551
-0.0500747860931
-0.0638057692162
-0.0779633629615
-0.0926062130197
-0.107798781353
-0.123612328191
-0.14012605698
-0.157428458792
-0.175618904525
-0.194809545336
-0.215127581377
-0.236717928931
-0.259746463712
-0.284405069103
-0.310920719855
-0.339564284472
-0.370641063573
-0.404473867605
-0.441458110253
-0.482051598728
-0.526287616052
-0.574431221035
-0.632002188585
-0.710894853644
-0.793234455442
1.8774494542e-322
-1.72922976044e-322
1.67982319586e-322
-1.58101006669e-322
-5.43472210425e-323
9.38724727098e-323
-5.92878775009e-323
-7.41098468762e-323
-1.2351641146e-322
1.82804288961e-322
-1.77863632503e-322
-1.72922976044e-322
4.44659081257e-323
-1.77863632503e-322
1.09178130389
0.898209135407
0.798749919013
0.726094064978
0.665140376403
0.612865245302
0.567465207574
0.527458009941
0.491787525094
0.459680656516
0.430535686654
0.403873707654
0.379310550868
0.3565351457
0.335292886996
0.31537322777
0.296600356195
0.278826062549
0.261924217348
0.245786468384
0.230318866339
0.215439197916
0.201074859254
0.187161143998
0.173639851482
0.160458143316
0.147567593567
0.134923390216
0.122483654858
0.110208854614
0.0980612854368
0.0860046099286
0.0740034357549
0.0620229228902
0.0500284095084
0.0379850474049
0.025857438485
0.0136092641413
0.00120289930444
-0.0114009974422
-0.02424392699
-0.0373700364608
-0.0508266614912
-0.0646649379321
-0.0789404993983
-0.0937142801375
-0.109053446039
-0.125032480719
-0.141734460104
-0.159252559347
-0.177691849303
-0.197171452263
-0.217827118792
-0.239814232798
-0.263311459034
-0.288526736966
-0.315708369497
-0.345153380012
-0.377187737289
-0.412149104364
-0.450493164537
-0.492685681626
-0.538161900392
-0.587002505523
-0.652355743662
-0.743517954816
-0.712208218382
-2.47032822921e-323
3.95252516673e-323
1.28457067919e-322
-5.43472210425e-323
1.77863632503e-322
-8.3991159793e-323
9.88131291682e-323
-1.18575755002e-322
-6.91691904178e-323
-1.28457067919e-322
-7.90505033346e-323
4.94065645841e-323
-1.38338380836e-322
1.18575755002e-322
1.05866109387e-42
0.921083373173
0.822154921747
0.745189617809
0.680617430428
0.625429934306
0.577768885227
0.535964546369
0.49884820649
0.465574593003
0.435484149731
0.408051095716
0.382854539577
0.359555022084
0.337875977372
0.317589786134
0.298507284472
0.280469750271
0.263342717708
0.247011174588
0.231375811113
0.216350067451
0.201857789322
0.187831348711
0.174210122516
0.160939248119
0.147968594182
0.135251899175
0.122746040753
0.110410406987
0.0982063464045
0.0860966782002
0.074045247337
0.0620165116838
0.0499751500988
0.0378856815866
0.0257120863922
0.01341742023
0.000963412821178
-0.0116899585047
-0.0245849301446
-0.0377664596718
-0.05128279224
-0.0651861009696
-0.0795332191543
-0.0943864854748
-0.109814727134
-0.125894410454
-0.142710995793
-0.160360545149
-0.178951645174
-0.19860772103
-0.219469802914
-0.241699735325
-0.265484088993
-0.291040897998
-0.318632346353
-0.348572630168
-0.38120130706
-0.416877184844
-0.456154257524
-0.499620532011
-0.546542054217
-0.597037445495
-0.662674241425
-0.751940427481
4.94065645841e-324
9.38724727098e-323
2.02566914795e-322
1.77863632503e-322
-1.18575755002e-322
3.45845952089e-323
1.03753785627e-322
1.38338380836e-322
-3.95252516673e-323
4.94065645841e-324
-1.43279037294e-322
1.63041663128e-322
-1.8774494542e-322
-5.92878775009e-323
5.43472210425e-323
-3.84038232253e-85
0.943084006657
0.831736050102
0.751545045045
0.685690201237
0.629603512792
0.581225365354
0.538832173144
0.501232562867
0.467565273096
0.437154633654
0.409460189456
0.38404896629
0.360571957449
0.338745138544
0.318335068233
0.299148023548
0.281021693394
0.263818768124
0.247421966024
0.231730152769
0.216655290895
0.202120020565
0.188055722844
0.174400953924
0.161100166111
0.148102651461
0.135361658819
0.122833646023
0.110477637281
0.0982546618881
0.086127255057
0.074059005107
0.0620141337831
0.0499570983084
0.0378522050377
0.0256632253456
0.0133530047359
0.000883056136372
-0.0117868720802
-0.0246992635852
-0.0378993485419
-0.0514356781697
-0.0653607748401
-0.0797318760189
-0.0946117938217
-0.110069915807
-0.126183377423
-0.143038444143
-0.16073215319
-0.179374279505
-0.199089703432
-0.220021242061
-0.242332928876
-0.266214024487
-0.291886053431
-0.319616136706
-0.349724710778
-0.382556686801
-0.418482412097
-0.458107273716
-0.502087685786
-0.549653713654
-0.601260296357
-0.669041990742
-0.76208803795
7.41098468762e-323
-7.90505033346e-323
-4.94065645841e-324
1.92685601878e-322
-5.43472210425e-323
-1.97626258336e-323
7.41098468762e-323
-1.48219693752e-323
1.77863632503e-322
1.67982319586e-322
-1.97626258336e-323
-1.48219693752e-323
-1.18575755002e-322
1.08694442085e-322
1.92685601878e-322
7.52543129248e-44
0.921083373173
0.822154921746
0.745189617809
0.680617430428
0.625429934306
0.577768885227
0.535964546369
0.49884820649
0.465574593003
0.435484149731
0.408051095716
0.382854539577
0.359555022084
0.337875977372
0.317589786134
0.298507284472
0.280469750271
0.263342717708
0.247011174588
0.231375811113
0.216350067451
0.201857789322
0.187831348711
0.174210122516
0.160939248119
0.147968594182
0.135251899175
0.122746040753
0.110410406987
0.0982063464045
0.0860966782002
0.074045247337
0.0620165116838
0.0499751500988
0.0378856815866
0.0257120863922
0.01341742023
0.000963412821177
-0.0116899585047
-0.0245849301446
-0.0377664596718
-0.05128279224
-0.0651861009696
-0.0795332191543
-0.0943864854748
-0.109814727134
-0.125894410454
-0.142710995793
-0.160360545149
-0.178951645174
-0.19860772103
-0.219469802914
-0.241699735325
-0.265484088993
-0.291040897998
-0.318632346353
-0.348572630168
-0.38120130706
-0.416877184844
-0.456154257524
-0.499620532011
-0.546542054217
-0.597037445495
-0.662674241425
-0.751940427481
-9.38724727098e-323
5.43472210425e-323
2.02566914795e-322
-1.33397724377e-322
-1.48219693752e-322
-3.45845952089e-323
-1.82804288961e-322
1.18575755002e-322
-1.33397724377e-322
-1.28457067919e-322
2.02566914795e-322
1.53160350211e-322
2.02566914795e-322
1.72922976044e-322
-6.42285339594e-323
1.09178130389
0.898209135406
0.798749919012
0.726094064978
0.665140376403
0.612865245302
0.567465207574
0.52745800994
0.491787525094
0.459680656516
0.430535686654
0.403873707654
0.379310550868
0.3565351457
0.335292886996
0.31537322777
0.296600356195
0.278826062549
0.261924217348
0.245786468384
0.230318866339
0.215439197916
0.201074859254
0.187161143998
0.173639851482
0.160458143316
0.147567593567
0.134923390216
0.122483654858
0.110208854614
0.0980612854368
0.0860046099286
0.0740034357549
0.0620229228902
0.0500284095084
0.0379850474049
0.025857438485
0.0136092641413
0.00120289930443
-0.0114009974422
-0.02424392699
-0.0373700364609
-0.0508266614912
-0.0646649379321
-0.0789404993983
-0.0937142801375
-0.109053446039
-0.125032480719
-0.141734460104
-0.159252559347
-0.177691849303
-0.197171452263
-0.217827118792
-0.239814232798
-0.263311459034
-0.288526736966
-0.315708369497
-0.345153380012
-0.377187737289
-0.412149104364
-0.450493164537
-0.492685681626
-0.538161900392
-0.587002505523
-0.652355743662
-0.743517954816
-0.712208218382
-5.92878775009e-323
-5.43472210425e-323
2.47032822921e-323
1.08694442085e-322
-7.41098468762e-323
5.43472210425e-323
-2.47032822921e-323
-2.47032822921e-323
1.77863632503e-322
-8.89318162514e-323
-5.92878775009e-323
8.3991159793e-323
-2.47032822921e-323
-3.5121664789e-212
0.899431060152
0.833875614531
0.757218997196
0.693504983276
0.63944370066
0.592310601708
0.550738758192
0.513687135419
0.480356030975
0.450124996474
0.422498323724
0.397075841713
0.373532783138
0.351603311241
0.331067615799
0.311742162411
0.293472281482
0.276126439505
0.259591762036
0.243770513138
0.228577310157
0.21393690354
0.199782391515
0.186053770945
0.172696749389
0.159661761099
0.14690314283
0.134378435127
0.122047782098
0.109873408206
0.0978191547745
0.0858500620737
0.0739319851924
0.0620312336802
0.0501142261823
0.0381471521635
0.0260956333286
0.0139243775531
0.00159681809023
-0.0109252695403
-0.0236821811751
-0.0367167372551
-0.0500747860931
-0.0638057692162
-0.0779633629615
-0.0926062130197
-0.107798781353
-0.123612328191
-0.14012605698
-0.157428458792
-0.175618904525
-0.194809545336
-0.215127581377
-0.236717928931
-0.259746463712
-0.284405069103
-0.310920719855
-0.339564284472
-0.370641063573
-0.404473867605
-0.441458110253
-0.482051598728
-0.526287616052
-0.574431221035
-0.632002188585
-0.710894853644
-0.793234455442
-1.58101006669e-322
-1.63041663128e-322
-2.47032822921e-323
6.42285339594e-323
1.67982319586e-322
-1.58101006669e-322
1.63041663128e-322
0
-9.88131291682e-324
-7.90505033346e-323
-9.88131291682e-323
1.97626258336e-322
7.41098468762e-323
1.01764008718
0.823267367468
0.762140591276
0.70395813292
0.652117648307
0.606231937014
0.565327825352
0.528595994749
0.495360298301
0.465076862886
0.437303832006
0.411676622978
0.387893901255
0.365706049717
0.344904821379
0.325314937791
0.306787597182
0.289195436411
0.272428555979
0.256391352484
0.240999981798
0.226180317238
0.211866295181
0.197998563804
0.184523369545
0.171391630687
0.158558158718
0.145980996678
0.133620850167
0.121440591586
0.109404821929
0.0974794772727
0.0856314693032
0.0738283508386
0.0620379985558
0.050228305976
0.0383668803785
0.0264207376449
0.0143559891539
0.00213751477874
-0.0102713842671
-0.0229093594627
-0.0358174233254
-0.0490394004766
-0.0626224310645
-0.0766175377384
-0.0910802691774
-0.106071435053
-0.121657949439
-0.137913803069
-0.154921190999
-0.172771831468
-0.191568522245
-0.211426984991
-0.232478038067
-0.254870238153
-0.278773783278
-0.304387227793
-0.331945123256
-0.361715841644
-0.393989613576
-0.429096514341
-0.467421208227
-0.509253056659
-0.555123468546
-0.608353121312
-0.673684342205
-0.727206260555
-0.869800680958
-1.92685601878e-322
-1.33397724377e-322
-1.82804288961e-322
1.53160350211e-322
-1.97626258336e-322
8.89318162514e-323
-1.63041663128e-322
1.53160350211e-322
-7.90505033346e-323
1.82804288961e-322
1.03753785627e-322
-1.04613399562e-85
0.75791791346
0.75618297151
0.697695170334
0.647295110713
0.604991045458
0.567484496335
0.533421947548
0.502173064952
0.473336762869
0.446606057148
0.421722525122
0.398462805125
0.376634292447
0.356071111736
0.336629827018
0.318185695846
0.30062962931
0.283865707073
0.26780910884
0.252384381486
0.23752398768
0.223167090006
0.209258529513
0.195747963244
0.182589131133
0.169739227942
0.1571583604
0.144809073312
0.132655931324
0.120665145291
0.108804233994
0.097041713354
0.0853468064137
0.0736891681641
0.062038619977
0.0503648888164
0.0386373467226
0.0268247462049
0.0148949471999
0.00281463116431
-0.00945100236375
-0.0219385617249
-0.0346868170657
-0.0477370882852
-0.0611336737778
-0.0749243276295
-0.0891607938749
-0.103899407241
-0.119201770513
-0.135135519924
-0.151775192923
-0.16920321811
-0.187511053824
-0.206800505231
-0.227185246723
-0.248792635525
-0.271766254784
-0.296270057353
-0.322493314338
-0.350650630095
-0.380974085218
-0.413714454364
-0.449158304829
-0.487636154255
-0.529769943505
-0.577481602278
-0.633466164321
-0.693940310834
-0.730070706025
1.48219693752e-323
3.95252516673e-323
-1.2351641146e-322
-1.18575755002e-322
1.97626258336e-322
-4.94065645841e-324
-7.90505033346e-323
1.72922976044e-322
1.92685601878e-322
3.45845952089e-323
6.07791764884e-44
0.638526061656
0.659272725963
0.647274472445
0.61482934207
0.582430218459
0.552621462528
0.524612157028
0.497981695258
0.472634858418
0.448546251305
0.425674255406
0.403953619305
0.383306436124
0.36365139743
0.34490856065
0.327001454589
0.309858007115
0.293410904505
0.277597610581
0.262360173696
0.247644914771
0.233402060386
0.219585360105
0.206151709833
0.193060792122
0.180274738067
0.167757811849
0.155476117059
0.143397322934
0.131490408105
0.1197254192
0.108073241578
0.0965053794467
0.084993742679
0.0735104376919
0.0620275598144
0.050516984582
0.0389501554073
0.0272978650349
0.015530028111
0.00361544210261
-0.00847846635766
-0.020785912779
-0.0333430470341
-0.0461882699666
-0.0593625780301
-0.072909939751
-0.0868777078071
-0.101317070139
-0.116283542645
-0.131837504924
-0.148044779962
-0.164977259281
-0.182713576105
-0.201339827066
-0.220950335949
-0.241648475977
-0.263547724164
-0.286773291134
-0.311463835644
-0.337770264063
-0.365848821731
-0.395854993912
-0.427954861532
-0.462374093458
-0.499507646793
-0.539965973299
-0.584097232743
-0.632046335719
-0.680154145455
-0.696163623124
-1.58101006669e-322
3.45845952089e-323
-1.48219693752e-323
2.47032822921e-323
-1.33397724377e-322
-9.38724727098e-323
1.92685601878e-322
-1.47489611197e-168
0.0720567650804
0.493458286179
0.503573525494
0.532166109112
0.541349308837
0.532068117272
0.51645752823
0.498792024839
0.480053174763
0.460737065337
0.441273610114
0.421979304511
0.403051612026
0.38460149853
0.366685130341
0.349324810897
0.33252155488
0.316262822344
0.30052751555
0.285289294812
0.270518789366
0.256185063616
0.242256579104
0.228701814276
0.21548965137
0.202589604122
0.189971935933
0.177607702167
0.165468739525
0.153527618239
0.141757567981
0.130132384942
0.118626325129
0.107213987193
0.0958701868821
0.0845698242967
0.073287744478
0.061998591391
0.0506766549839
0.0392957107483
0.0278288509884
0.0162483068494
0.00452526005989
-0.00737035673275
-0.0194700721311
-0.0318071016686
-0.044416587818
-0.0573358547691
-0.0706046778223
-0.0842655662934
-0.0983640572284
-0.112949014773
-0.12807292666
-0.143792185223
-0.160167335989
-0.177263271383
-0.195149337359
-0.213899304068
-0.233591143325
-0.254306592954
-0.276130485036
-0.299149318575
-0.323447322851
-0.349097891505
-0.376151630332
-0.404631711063
-0.434562751875
-0.46602065362
-0.498931168513
-0.53222337767
-0.563973798747
-0.596291882878
-0.629792468547
-0.63884412189
-0.264203286286
7.90505033346e-323
1.97626258336e-322
1.2351641146e-322
-0.133340842784
0.0353966208479
0.332805937372
0.279811188364
0.333657778521
0.385942362073
0.429733227661
0.452376513914
0.457905038221
0.454704231344
0.446881266017
0.4361015075
0.423342503863
0.409330368584
0.394591183302
0.379486483347
0.364259545365
0.349073336371
0.33403616985
0.319218463557
0.304663969304
0.290397511185
0.276430409527
0.262764325709
0.249394011496
0.236309287552
0.223496472924
0.21093941964
0.198620260804
0.186519948844
0.174618638551
0.16289595423
0.151331169547
0.13990332105
0.128591270846
0.117373729861
0.106229250173
0.0951361926607
0.0840726745965
0.0730165005671
0.0619450791976
0.0508353274629
0.0396635638844
0.0284053915553
0.017035571716
0.00552788851811
-0.00614499437076
-0.0180116844783
-0.0301022173596
-0.0424482177879
-0.0550830626611
-0.068042041706
-0.0813625102344
-0.0950840254977
-0.109248454296
-0.123900034124
-0.139085363109
-0.154853285211
-0.171254625624
-0.188341713886
-0.206167605187
-0.224784877603
-0.244243850937
-0.264589973515
-0.28585974795
-0.308073899428
-0.331226171775
-0.355266777071
-0.380082615651
-0.405485231831
-0.431198970094
-0.456691246664
-0.48056283992
-0.500053206664
-0.512184122057
-0.510604796492
-0.482216261704
-0.512846991238
-0.594765607212
-0.337998260255
-0.200271146735
-0.113866472884
-0.0207424586266
0.112079691206
0.190370257637
0.250517506816
0.307396499716
0.351944475003
0.379770633077
0.393802987693
0.399031303943
0.398605619129
0.394232649998
0.387024508876
0.377807250178
0.367196476618
0.355641566762
0.343468295843
0.330913147497
0.318147911938
0.305297003563
0.292449829577
0.279669735443
0.2670005326
0.254471305888
0.242099986228
0.229896025425
0.217862409975
0.205997183743
0.194294602775
0.182746012323
0.171340512314
0.160065460407
0.148906849411
0.137849586881
0.126877698035
0.11597446812
0.105122536641
0.0943039530139
0.0835002010259
0.0726921978892
0.061860272435
0.0509841260677
0.0400427794587
0.0290145075017
0.0178767647965
0.00660610386617
-0.00482191158653
-0.016432795733
-0.02825322875
-0.0403111399063
-0.0526357801724
-0.0652577770807
-0.0782091620169
-0.0915233565178
-0.105235099143
-0.119380287626
-0.133995701846
-0.149118561212
-0.164785854112
-0.181033354176
-0.197894203961
-0.215396899701
-0.23356244599
-0.252400317996
-0.27190256738
-0.292034988128
-0.312724079823
-0.333838587715
-0.35516430232
-0.376371323061
-0.396965409323
-0.41617568768
-0.432718285565
-0.444531838974
-0.448331911152
-0.437902247034
-0.410973721926
-0.400008137703
-0.352269174766
-0.246347719
-0.172344370308
-0.0945162590147
-0.0205325342186
0.0657851748154
0.139042380276
0.199034144597
0.250256618491
0.291340092213
0.320537375731
0.339119755736
0.349782329888
0.354684787689
0.355272409471
0.352586720016
0.347431451183
0.340430086249
0.332060994784
0.322689384117
0.312593948517
0.30198736038
0.2910317465
0.279850395713
0.268536624855
0.257160507056
0.24577400476
0.23441491094
0.223109892146
0.211876848471
0.200726750472
0.18966507328
0.178692918584
0.167807893228
0.157004796802
0.146276158533
0.135612654636
0.125003430417
0.114436346124
0.103898161492
0.0933746708227
0.0828507980084
0.0723106590828
0.0617375984864
0.051114204167
0.0404223059002
0.0296429607137
0.0187564290298
0.00774214511325
-0.00342131440534
-0.0147562596882
-0.0262859095188
-0.0380343996512
-0.0500267698912
-0.0622889198743
-0.0748475204462
-0.0877298633493
-0.100963626204
-0.114576522073
-0.128595792584
-0.143047490081
-0.157955476194
-0.173340039178
-0.189215996371
-0.205590097854
-0.222457476248
-0.239796767299
-0.257563309096
-0.275679562482
-0.294021796945
-0.31240215665
-0.330544879833
-0.348053613525
-0.364361084884
-0.378650419214
-0.389780529032
-0.396279695386
-0.396073577417
-0.38549430743
-0.362216713996
-0.333274352165
-0.287867829101
-0.221227811975
-0.156967778828
-0.0850740196186
-0.020341991507
0.0471811296181
0.107265895119
0.159868676181
0.205309746284
0.242982289575
0.271977409113
0.292763753016
0.306753493162
0.315341629222
0.31963500503
0.320513416868
0.318693026651
0.314754955348
0.309165548526
0.302296377226
0.294442430269
0.285837360751
0.2766658805
0.267073704649
0.257175454612
0.247060908883
0.236799948272
0.226446477993
0.216041546264
0.205615829419
0.195191616085
0.184784394256
0.174404122475
0.164056248818
0.153742527704
0.14346167407
0.13320988628
0.122981262831
0.112768132851
0.102561316552
0.0923503286684
0.0821235355264
0.0718682745014
0.0615709432045
0.0512170646277
0.0407913337286
0.0302776504238
0.0196591437129
0.00891819166925
-0.00196355771578
-0.0130051592726
-0.0242263305148
-0.0356473908526
-0.0472891705477
-0.0591728773074
-0.0713199050914
-0.083751565225
-0.0964887139545
-0.109551242685
-0.122957386718
-0.136722794722
-0.150859283315
-0.165373177144
-0.18026310189
-0.195517052727
-0.211108499184
-0.22699119675
-0.243092242854
-0.25930277575
-0.275465670895
-0.291359664162
-0.30667930354
-0.321009131528
-0.333787048911
-0.344253723478
-0.351418884329
-0.354096918996
-0.350865940157
-0.339797385839
-0.31962804236
-0.292078635724
-0.253353073185
-0.200438112706
-0.143866196918
-0.0798835573826
-0.0252264451381
0.0304037212285
0.081886931197
0.128338380083
0.169193022445
0.203914604662
0.231997815433
0.253606463094
0.269480362965
0.280495118445
0.287452209377
0.291049729084
0.291889783569
0.290484189345
0.287261420592
0.282576277631
0.27672044837
0.269932529138
0.262406947378
0.25430163403
0.245744469768
0.236838627304
0.227666970208
0.218295664818
0.208777141684
0.19915252149
0.189453601388
0.179704481209
0.16992289477
0.160121299606
0.150307768541
0.140486718582
0.130659506106
0.12082491207
0.110979536746
0.101118120005
0.0912338004723
0.0813183246118
0.0713622150867
0.0613549063829
0.0512848546395
0.0411396279212
0.0309059826956
0.0205699320709
0.0101168114129
-0.000468652730291
-0.0112022638285
-0.0221002591447
-0.0331791871506
-0.0444557477173
-0.0559465816587
-0.0676679928397
-0.0796355816216
-0.0918637626383
-0.104365132397
-0.117149642498
-0.130223521873
-0.143587875546
-0.157236866917
-0.17115536379
-0.185315893744
-0.199674709748
-0.214166709153
-0.228698882808
-0.243141925539
-0.257319653639
-0.27099594069
-0.283858972556
-0.29550252228
-0.305403067675
-0.312893296254
-0.317147511052
-0.317203078752
-0.311980452893
-0.300318170861
-0.281544455936
-0.255943114296
-0.221807439149
-0.178534395816
-0.130783054642
-0.0750466176378
-0.0288976726641
0.0178785086973
0.0624416460956
0.103511924053
0.140291776242
0.17224846253
0.199013211826
0.220596006313
0.237370630564
0.249872614125
0.258660248857
0.264263790873
0.267168427183
0.267806393736
0.266554641879
0.263736861166
0.259627972462
0.254459613184
0.248425771475
0.241688119514
0.234380827499
0.226614787141
0.218481256038
0.210054970473
0.201396785771
0.19255590465
0.183571750939
0.174475540903
0.165291598271
0.156038452945
0.146729757624
0.137375051474
0.127980395539
0.118548900778
0.109081166402
0.0995756434393
0.0900289362283
0.0804360526884
0.0707906127072
0.0610850228295
0.0513106245192
0.0414578226452
0.0315162004484
0.0214746271019
0.011321364085
0.00104417695004
-0.00936954026847
-0.0199326197458
-0.0306579440124
-0.0415582280051
-0.0526457449956
-0.0639319791683
-0.0754271834852
-0.0871398162145
-0.0990758228508
-0.111237721783
-0.123623441672
-0.136224845678
-0.149025861923
-0.162000120355
-0.175107973288
-0.188292750298
-0.201476069616
-0.214552007583
-0.227379940004
-0.239775932226
-0.251502647576
-0.262257871042
-0.27166197473
-0.279245060916
-0.284436437671
-0.286564710691
-0.284876427217
-0.278564670526
-0.266849530841
-0.249268950878
-0.225760546463
-0.195708648461
-0.159290442163
-0.118677509489
-0.0702400356557
-0.0307649656522
0.00918711730697
0.0478850234605
0.084165680871
0.11722891925
0.146539142934
0.171753361809
0.192785072284
0.209796956644
0.223101693477
0.233073767934
0.240101671891
0.244563332491
0.246811918342
0.247168128947
0.245917231644
0.243309203906
0.239560669278
0.23485775049
0.229359282728
0.223200047846
0.216493841467
0.209336282297
0.201807329321
0.193973503452
0.185889827014
0.177601503234
0.169145361755
0.16055109692
0.151842324596
0.143037481441
0.134150588214
0.125191896432
0.116168435401
0.107084474562
0.097941914215
0.0887406160835
0.07947868374
0.0701527018028
0.0607579418632
0.0512885423921
0.0417376693828
0.0320976641994
0.022360185021
0.0125163484379
0.00255687813683
-0.00752773170552
-0.0177470297237
-0.028110387429
-0.038626734331
-0.0493042341257
-0.060149885082
-0.0711690241235
-0.0823647095998
-0.0937369522331
-0.105281757016
-0.116989930861
-0.128845601485
-0.140824382331
-0.152891106622
-0.164997041637
-0.177076483506
-0.189042626992
-0.20078261371
-0.212151704612
-0.222966610709
-0.232998138806
-0.241963471379
-0.24951868447
-0.255252728918
-0.258685695184
-0.259276577259
-0.256443613969
-0.249594798045
-0.238193069541
-0.221900492271
-0.200603047509
-0.174130604941
-0.142819725725
-0.107862250643
-0.0655467219188
-0.0314309142524
0.00312647102048
0.0369446759254
0.0690758415122
0.0988027895832
0.125615351848
0.149178164354
0.169346433491
0.186157123852
0.199776226839
0.210443233183
0.218432871563
0.224030813307
0.227517736588
0.2291591752
0.229199731087
0.227860401279
0.225337977373
0.221805746512
0.217414949904
0.212296628027
0.206563611866
0.200312511848
0.193625617311
0.18657265858
0.179212408926
0.171594119847
0.16375879308
0.155740298581
0.147566350792
0.139259356823
0.130837150419
0.122313625154
0.113699279528
0.105001685656
0.0962258922867
0.0873747718533
0.0784493204161
0.0694489185548
0.0603715606401
0.051214059405
0.041972232414
0.0326410768449
0.023214939012
0.0136876852603
0.00405288126696
-0.00569601256061
-0.015565420975
-0.0255613992417
-0.0356893325322
-0.0459535759465
-0.0563570192928
-0.0669005577432
-0.0775824458685
-0.0883975083092
-0.0993361754167
-0.110383306688
-0.121516758928
-0.132705650142
-0.143908264955
-0.155069544245
-0.166118102843
-0.17696272874
-0.187488343463
-0.197551458283
-0.206975253714
-0.215544539272
-0.22300102493
-0.229039599808
-0.233306792413
-0.235403559822
-0.234895623195
-0.231333170388
-0.224279649171
-0.213359801424
-0.198334552959
-0.179120185102
-0.155725722311
-0.128487825564
-0.0981659362294
-0.0609302477474
-0.0312042395914
-0.00102900920079
0.028722489112
0.0572873945816
0.084048574146
0.108540836684
0.130441954793
0.149575714478
0.165903731354
0.179495557296
0.19049350347
0.199084007157
0.205476637762
0.209888907652
0.212535601896
0.213621727574
0.213338240421
0.211859795156
0.209343910108
0.205931078381
0.201745478896
0.19689603997
0.191477684872
0.185572644784
0.179251764197
0.172575751653
0.165596348168
0.158357399159
0.150895824622
0.143242488264
0.13542296994
0.127458247966
0.119365299049
0.11115762406
0.102845707959
0.0944374219789
0.0859383758267
0.0773522272781
0.0686809561477
0.0599251092754
0.0510840228937
0.0421560285836
0.0331386489708
0.0240287894026
0.0148229320938
0.00551733963463
-0.00389172462598
-0.0134077509787
-0.0230337031246
-0.0327716925487
-0.0426225950694
-0.0525855951608
-0.0626576412971
-0.0728327928829
-0.0831014363451
-0.0934493447472
-0.103856552061
-0.114296010365
-0.124731996263
-0.135118232775
-0.145395696264
-0.15549008709
-0.165308961181
-0.174738553866
-0.183640384431
-0.191847815617
-0.199162858819
-0.20535367189
-0.2101534123
-0.213261424611
-0.214348231313
-0.213066183586
-0.209066891101
-0.202025767625
-0.191677182959
-0.177858234692
-0.160527966282
-0.139766224907
-0.115871425297
-0.0893835367087
-0.0563836256213
-0.0302932077999
-0.00374548017145
0.0225842975479
0.0480784879587
0.0722134689641
0.0945751301895
0.11486095166
0.132881321153
0.148553601978
0.161884476676
0.172947417818
0.181861938324
0.18877662629
0.193855832578
0.197269591112
0.199186330212
0.199767878542
0.199166269037
0.197521899115
0.194962679295
0.19160387648
0.187548426165
0.182887545313
0.177701523449
0.172060604586
0.166025899082
0.159650284276
0.152979267327
0.146051794153
0.138900995891
0.131554869517
0.12403689281
0.116366576238
0.10855995585
0.100630032146
0.0925871604258
0.0844393983244
0.0761928163048
0.0678517768614
0.0594191881261
0.050896737515
0.0422851110644
0.0335842041682
0.0247933295932
0.0159114289302
0.00693729404058
-0.00213019438014
-0.0112918032725
-0.0205476499743
-0.0298968614203
-0.0393371786275
-0.048864493824
-0.0584723058909
-0.0681510779854
-0.0778874793852
-0.0876634918934
-0.0974553598571
-0.107232362438
-0.11695538784
-0.126575292776
-0.136031037991
-0.145247604171
-0.154133715049
-0.16257943014
-0.170453722563
-0.177602230827
-0.183845468704
-0.188977899769
-0.192768439597
-0.194963141677
-0.195291041183
-0.193474198735
-0.189242539921
-0.182353702024
-0.172618702606
-0.159930301874
-0.14428057107
-0.125772834742
-0.104663455578
-0.0813653601105
-0.0519273721785
-0.0288765871839
-0.00536947679768
0.0180569790883
0.0408980788598
0.0627110608851
0.0831318167636
0.101881539272
0.118768966892
0.133686960349
0.146601945029
0.157539370876
0.166568937537
0.173791404379
0.179327493091
0.183308941328
0.185871585661
0.187150235656
0.187275047031
0.186369100118
0.184546915346
0.181913674914
0.178564960587
0.174586856548
0.170056300194
0.165041592001
0.159602998317
0.15379339899
0.147658945703
0.14123970763
0.134570289087
0.127680409834
0.120595443066
0.113336909291
0.105922926509
0.0983686186642
0.0906864854013
0.0828867368197
0.0749775974091
0.0669655836126
0.0588557596832
0.0506519766394
0.0423570992909
0.0339732264791
0.0255019099061
0.0169443772404
0.00830176556651
-0.00042462824814
-0.00923307308463
-0.018121097101
-0.0270851404997
-0.0361201578229
-0.0452191590388
-0.0543726776049
-0.0635681526778
-0.0727892118131
-0.082014840048
-0.091218421511
-0.100366641114
-0.109418237057
-0.118322600749
-0.127018230543
-0.135431060987
-0.143472712293
-0.151038737924
-0.158006993957
-0.164236313154
-0.169565739617
-0.173814667587
-0.176784329352
-0.178261182667
-0.178022827022
-0.175847025396
-0.171524094924
-0.164872632103
-0.155758378715
-0.144113809141
-0.12995270479
-0.113382135918
-0.094621195188
-0.0739995465542
-0.0475850524451
-0.0270980388071
-0.00616422994563
0.0147810540792
0.0353212667637
0.0550814654734
0.0737433959988
0.0910534896642
0.106826144173
0.120942384209
0.133343677539
0.144022559741
0.15301224243
0.160376609037
0.166201260742
0.170585890129
0.173638052572
0.175468271031
0.176186331898
0.175898596054
0.174706144223
0.172703586897
0.16997838897
0.166610582347
0.162672762645
0.158230286897
0.153341607168
0.148058690147
0.142427485175
0.136488413168
0.130276856744
0.123823638024
0.117155475256
0.110295412988
0.103263223201
0.0960757767614
0.0887473860277
0.0812901204816
0.0737140980167
0.0660277550735
0.0582380992293
0.0503509481708
0.0423711592746
0.034302854286
0.026149643878
0.0179148571979
0.00960178187251
0.0012139203812
-0.00724473079731
-0.0157693723126
-0.0243540557758
-0.0329912920978
-0.0416716055202
-0.0503830239848
-0.0591104961284
-0.0678352251791
-0.0765339105461
-0.0851778892713
-0.0937321721632
-0.102154373909
-0.110393543515
-0.118388912034
-0.126068589827
-0.133348266989
-0.14012999946
-0.14630120063
-0.151734003811
-0.156285213778
-0.159797123878
-0.162099534196
-0.163013353647
-0.16235617791
-0.159950147392
-0.155632157572
-0.149266235917
-0.14075758533
-0.130066639931
-0.117220447517
-0.10232196157
-0.085558877542
-0.0672011695731
-0.0433780816425
-0.0250704266757
-0.00633184797691
0.0124795836193
0.0310167617948
0.0489609601831
0.0660345802181
0.0820090212801
0.0967085434488
0.110010411251
0.12184149412
0.132172297403
0.141009739265
0.148389696184
0.154369940806
0.159023820058
0.16243484092
0.164692205559
0.165887254955
0.166110732709
0.165450758422
0.163991394409
0.161811694501
0.158985134503
0.155579337378
0.151656020035
0.147271101839
0.142474926737
0.137312561212
0.131824138934
0.126045230157
0.120007219723
0.11373768217
0.10726074616
0.100597443244
0.0937660382645
0.0867823403425
0.079659994715
0.0724107566738
0.0650447495994
0.0575707096822
0.0499962203796
0.0423279400611
0.0345718266377
0.0267333633047
0.0188177898635
0.0108303444255
0.00277652067628
-0.00533765373879
-0.0135053117515
-0.0217184079802
-0.0299673397047
-0.0382405207494
-0.0465239012076
-0.0548004261129
-0.0630494267716
-0.0712459396759
-0.0793599500526
-0.0873555604915
-0.0951900902132
-0.102813117951
-0.110165491836
-0.117178343832
-0.123772164951
-0.129856021374
-0.135327020599
-0.14007017029
-0.143958808561
-0.146855820311
-0.148615883832
-0.149089004312
-0.148125566954
-0.14558305163
-0.141334375989
-0.135277621833
-0.127346617207
-0.117521253601
-0.105836085498
-0.0923869849616
-0.0773355047068
-0.0609064523747
-0.0393248479782
-0.0228826062175
-0.00602941267231
0.0109367023051
0.0277238971563
0.0440598957424
0.0597024843799
0.0744466629214
0.0881286636035
0.100627036162
0.111861035424
0.121786926518
0.130393035412
0.13769427455
0.143726667026
0.148542211946
0.152204295035
0.154783743252
0.15635554626
0.156996217318
0.156781736114
0.155786000844
0.154079712125
0.151729613405
0.148798018615
0.145342565911
0.141416145053
0.137066954632
0.132338653262
0.127270576049
0.121897993717
0.116252397063
0.110361793683
0.104251007468
0.097941974254
0.0914540292813
0.084804183929
0.0780073906588
0.0710767961963
0.0640239838862
0.0568592068669
0.04959161427
0.0422294731356
0.034780389137
0.0272515295664
0.0196498523782
0.0119823453899
0.00425628005726
-0.00352051547616
-0.0113393591025
-0.0191903880804
-0.0270621976909
-0.0349414399698
-0.0428123775042
-0.0506563878516
-0.0584514151759
-0.0661713673716
-0.0737854595004
-0.0812575081158
-0.0885451863021
-0.0955992564653
-0.102362807516
-0.108770535512
-0.114748122446
-0.120211786772
-0.12506810102
-0.12921419534
-0.132538488989
-0.134922111459
-0.136241185729
-0.136370139277
-0.135186171746
-0.132574925848
-0.128437274586
-0.122696972758
-0.115308708767
-0.106265779001
-0.0956064806854
-0.0834187526299
-0.0698423971879
-0.0550669238517
-0.0354402792579
-0.020604420736
-0.00537984537712
0.00998283734082
0.0252361936557
0.0401463586797
0.0545016045581
0.0681185996541
0.0808463034804
0.0925675822678
0.103198732329
0.112687310158
0.121008806151
0.128162679592
0.134168171106
0.139060197051
0.142885531391
0.145699398433
0.14756253547
0.148538737586
0.148692865044
0.14808927408
0.146790621537
0.14485699005
0.142345281278
0.13930882818
0.135797182396
0.131856038476
0.127527262494
0.122848998088
0.117855827964
0.11257897337
0.107046517848
0.101283644847
0.0953128814702
0.0891543428937
0.0828259738011
0.0763437846866
0.0697220820606
0.0629736925733
0.056110181853
0.0491420694915
0.0420790421422
0.0349301671396
0.0277041094241
0.0204093548944
0.0130544435859
0.00564821632994
-0.00179992125164
-0.00927971342897
-0.0167797436776
-0.0242870946456
-0.0317869750542
-0.0392623103036
-0.0466932943969
-0.0540569021166
-0.0613263623163
-0.0684705959368
-0.0754536261496
-0.0822339730984
-0.0887640523493
-0.0949896046268
-0.100849194896
-0.106273831421
-0.11118676988
-0.11550358329
-0.119132594123
-0.12197577864
-0.123930262177
-0.124890523527
-0.124751410373
-0.123412028486
-0.120780497259
-0.116779462101
-0.11135212993
-0.104468445021
-0.0961308485324
-0.0863790023881
-0.0752930043796
-0.0629945185026
-0.0496449039263
-0.0317360795613
-0.0182907555352
-0.00447986555081
0.00948389873377
0.0233890961988
0.0370337105258
0.050232138943
0.0628205717507
0.0746606114236
0.0856411361393
0.095678527395
0.104715519958
0.112719028941
0.119677320878
0.125596850354
0.130499018252
0.134417040639
0.137393056319
0.139475549579
0.140717124133
0.141172634291
0.140897658661
0.139947288616
0.138375196579
0.136232946377
0.133569508096
0.130430942002
0.126860219364
0.122897151865
0.118578405243
0.113937576718
0.109005319354
0.103809499738
0.0983753782548
0.0927258036422
0.0868814156731
0.0808608515087
0.0746809527786
0.068356971625
0.0619027749616
0.055331047014
0.0486534908793
0.041881030408
0.0350240141694
0.0280924236468
0.0210960881316
0.0140449090367
0.00694909655008
-0.000180578321982
-0.00733251323486
-0.014493982486
-0.0216508206829
-0.0287870797062
-0.0358846572361
-0.0429228961303
-0.0498781554092
-0.0567233556336
-0.063427504214
-0.0699552098248
-0.076266199767
-0.0823148600042
-0.0880498248043
-0.0934136514758
-0.0983426254852
-0.102766751914
-0.106610000008
-0.109790877298
-0.112223416705
-0.11381866166
-0.114486727395
-0.114139496816
-0.112693972489
-0.110076248584
-0.106225988862
-0.101101205085
-0.0946830278462
-0.0869800604848
-0.0780318690686
-0.0679112108302
-0.0567245738523
-0.0446105606113
-0.0282212532495
-0.015984859258
-0.00340603303957
0.00933315810125
0.0220506693654
0.0345709831055
0.0467308276972
0.0583837623636
0.0694034552826
0.0796856141913
0.0891486327947
0.0977331168987
0.105400526621
0.112131194669
0.117921965054
0.122783660631
0.126738544471
0.129817896545
0.132059787624
0.133507098948
0.134205809779
0.134203555202
0.133548442681
0.132288107031
0.130468978418
0.128135735944
0.125330919336
0.1220946726
0.118464595747
0.114475683302
0.110160331175
0.105548396246
0.100667295662
0.0955421352503
0.0901958586344
0.0846494104882
0.0789219090313
0.0730308242358
0.0669921593929
0.0608206346765
0.0545298721623
0.0481325824382
0.0416407535163
0.0350658432178
0.0284189765821
0.0217111501602
0.0149534452689
0.00815725244579
0.00133450940838
-0.00550204521574
-0.0123386002748
-0.0191599807948
-0.0259493357237
-0.0326878042141
-0.0393541610436
-0.045924443295
-0.0523715624312
-0.0586649085308
-0.0647699568005
-0.0706478906388
-0.0762552605741
-0.0815437043648
-0.0864597603345
-0.0909448134243
-0.0949352210362
-0.0983626727881
-0.101154843741
-0.103236403041
-0.104530437294
-0.104960338036
-0.104452182615
-0.102937605236
-0.100357108482
-0.0966637066563
-0.0918267253145
-0.0858355114456
-0.0787027471141
-0.0704670355423
-0.0611944485452
-0.0509787319015
-0.0399399082058
-0.0249026044527
-0.0137209182679
-0.0022192912554
0.00944515195776
0.0211145374149
0.0326354748307
0.043863761793
0.0546682799284
0.0649339188631
0.074563465519
0.0834784823854
0.0916192752304
0.0989441075759
0.105427845993
0.111060220016
0.115843862816
0.119792272031
0.122927800201
0.12527975481
0.126882661493
0.12777472169
0.127996478279
0.127589689374
0.126596401064
0.125058203703
0.123015652865
0.120507834546
0.117572054091
0.114243629288
0.110555769555
0.106539525097
0.102223791906
0.0976353605747
0.0927989988355
0.0877375595629
0.0824721076385
0.077022060522
0.0714053386628
0.065638522975
0.0597370175487
0.0537152165651
0.0475866750467
0.041364283635
0.0350604480449
0.0286872742053
0.0222567603894
0.0157809978242
0.00927238139306
0.00274383206656
-0.00379096740457
-0.0103173222092
-0.0168192596689
-0.0232792475515
-0.0296778969738
-0.0359936514867
-0.0422024654409
-0.0482774766427
-0.054188680742
-0.0599026177916
-0.0653820850162
-0.0705858940567
-0.0754686957693
-0.0799809008972
-0.08406873036
-0.0876744340791
-0.0907367215024
-0.0931914494307
-0.0949726122005
-0.0960136743103
-0.0962492745542
-0.0956173119897
-0.0940613963643
-0.0915336087015
-0.0879974731782
-0.0834309928109
-0.0778295536176
-0.071208463399
-0.0636048767652
-0.0550788703026
-0.0457134538994
-0.0356133613257
-0.0217851547748
-0.0115260162328
-0.00096838002041
0.00975108989737
0.0204945096394
0.0311270291391
0.041520726182
0.0515579186537
0.0611337496492
0.0701579757172
0.0785559565918
0.0862689045533
0.0932534972449
0.0994809838911
0.104935922203
0.109614676647
0.113523793351
0.116678347058
0.119100334256
0.120817166267
0.121860297873
0.122264011803
0.122064367227
0.121298311188
0.120002945365
0.118214936274
0.115970054503
0.113302827497
0.110246290327
0.106831819547
0.103089036337
0.0990457665416
0.0947280467208
0.0901601668711
0.0853647419668
0.0803628058617
0.0751739223715
0.0698163094923
0.0643069737159
0.0586618522774
0.0528959619237
0.0470235534204
0.0410582715557
0.0350133208302
0.0289016373698
0.0227360678616
0.0165295564812
0.0102953408656
0.00404715817374
-0.00220053786137
-0.00843234824077
-0.0146316881374
-0.0207805348502
-0.0268591654896
-0.0328458867115
-0.0387167602455
-0.0444453297317
-0.0500023565644
-0.0553555750603
-0.0604694803134
-0.0653051655648
-0.0698202297056
-0.0739687794729
-0.077701554733
-0.0809662085669
-0.0837077760914
-0.0858693663619
-0.0873931093848
-0.0882213841933
-0.0882983430233
-0.0875717299041
-0.0859949689197
-0.0835294682855
-0.080147052762
-0.0758324016892
-0.0705853370892
-0.0644227819007
-0.0573802004035
-0.0495123435676
-0.0408931473728
-0.0316146837077
-0.0188724922655
-0.0094216370346
0.000307573833491
0.0101953614404
0.0201204554262
0.0299635863475
0.0396107317352
0.048955939145
0.0579036015908
0.0663701162398
0.0742849098792
0.0815908614826
0.0882441892461
0.0942138934056
0.0994808568479
0.104036705379
0.107882521623
0.111027493932
0.113487566739
0.115284143519
0.116442879032
0.116992584775
0.1169642609
0.116390259265
0.115303575893
0.113737266443
0.11172397531
0.109295567145
0.106482848866
0.103315370152
0.0998212909407
0.096027305241
0.0919586116744
0.0876389222603
0.0830905021644
0.0783342342615
0.0733897034462
0.0682752966219
0.0630083151875
0.0576050976346
0.0520811505653
0.0464512870203
0.0407297715168
0.0349304715987
0.0290670160212
0.0231529599366
0.0172019575863
0.0112279430684
0.00524531971041
-0.000730841589396
-0.00668459496181
-0.0125989034549
-0.0184554151713
-0.0242342334236
-0.0299136837211
-0.0354700817243
-0.0408775078978
-0.0461075965164
-0.0511293489168
-0.0559089834208
-0.0604098371338
-0.0645923377454
-0.068414066336
-0.0718299347822
-0.0747925032918
-0.0772524643988
-0.0791593188464
-0.0804622655
-0.0811113210279
-0.0810586748969
-0.0802602707164
-0.0786775860347
-0.0762795598441
-0.0730445916936
-0.068962510759
-0.0640363906279
-0.0582840701295
-0.0517392369502
-0.0444519410151
-0.0364884284165
-0.0279302288369
-0.0161670635154
-0.00742482909943
0.00157706783764
0.0107328508157
0.0199351109927
0.0290777027962
0.0380584703584
0.0467816635395
0.0551599382547
0.0631158764418
0.0705830013164
0.0775063002869
0.0838422980303
0.089558743432
0.094633985868
0.0990561197622
0.102821973308
0.10593600976
0.108409199562
0.110257910322
0.111502850421
0.112168091594
0.112280186703
0.111867391268
0.110958991252
0.109584734987
0.10777436384
0.105557234046
0.102962020867
0.100016495725
0.0967473669157
0.0931801749451
0.0893392341354
0.0852476129842
0.080927146633
0.0763984757141
0.0716811067377
0.0667934900265
0.0617531119776
0.0565765991411
0.0512798322256
0.0458780686765
0.0403860729361
0.0348182538654
0.0291888091041
0.0235118763577
0.017801691723
0.0120727552066
0.00634000352708
0.000618990119124
-0.00507392802902
-0.0107213975058
-0.01630487097
-0.0218044071674
-0.0271984715993
-0.0324637421683
-0.0375749255409
-0.0425045916254
-0.0472230354534
-0.051698177814
-0.0558955181818
-0.0597781556796
-0.063306895842
-0.0664404625836
-0.0691358357096
-0.0713487341397
-0.0730342633183
-0.0741477415511
-0.0746457137457
-0.0744871518394
-0.0736348288298
-0.0720568378997
-0.0697282102401
-0.0666325660236
-0.0627637144291
-0.0581271030514
-0.0527410073957
-0.0466373503997
-0.0398620516551
-0.0324748267379
-0.0245483905048
-0.0136704171118
-0.00554911424601
0.00281468375493
0.0113268550393
0.0198915889955
0.0284138109948
0.0368014909949
0.0449677223346
0.0528324822135
0.0603240152219
0.0673798120885
0.0739471846904
0.0799834628974
0.085455857231
0.0903410429681
0.0946245266175
0.0982998556998
0.101367728797
0.103835056229
0.105714013631
0.107021122137
0.107776380503
0.108002466832
0.107724020936
0.106967012777
0.105758198071
0.104124658802
0.102093423993
0.0996911645557
0.0969439551355
0.0938770954798
0.0905149839321
0.0868810359355
0.0829976409663
0.0788861519436
0.0745669018591
0.0700592430864
0.0653816055314
0.0605515704437
0.0555859573259
0.0505009219279
0.0453120637908
0.0400345422263
0.03468319995
0.0292726938547
0.0238176326016
0.0183327208045
0.0128329096133
0.00733355342555
0.00185057227775
-0.00359938081767
-0.0089987487382
-0.0143288970332
-0.0195699410409
-0.0247005766428
-0.0296979190204
-0.0345373550166
-0.0391924161136
-0.0436346806074
-0.0478337152169
-0.0517570680548
-0.0553703265043
-0.0586372549017
-0.0615200278546
-0.0639795752424
-0.0659760541558
-0.0674694608877
-0.0684203922524
-0.0687909596343
-0.0685458510546
-0.0676535261147
-0.0660875161622
-0.0638277880113
-0.0608621150561
-0.0571873861038
-0.0528107715326
-0.0477506605209
-0.0420372840553
-0.0357129474013
-0.0288318132139
-0.0214592028369
-0.0113834061083
-0.00380520175801
0.00399988591818
0.0119474580502
0.0199514238526
0.0279260517922
0.0357879414404
0.0434578236999
0.0508621149724
0.0579341729665
0.0646152254652
0.07085496615
0.0766118315906
0.0818529893056
0.086554077731
0.0906987450357
0.094278035551
0.097289671005
0.099737269687
0.101629541026
0.102979486629
0.103803632204
0.104121308488
0.10395399357
0.103324724064
0.10225757852
0.100777233215
0.0989085880297
0.0966764584176
0.0941053283023
0.0912191581481
0.0880412421849
0.0845941088342
0.080899458653
0.07697813453
0.0728501193776
0.0685345571152
0.0640497933118
0.0594134324018
0.0546424089161
0.0497530706508
0.0447612721136
0.0396824769646
0.0345318684648
0.0293244671835
0.0240752553829
0.0187993075821
0.0135119268157
0.00822878602222
0.00296607382126
-0.00225935634058
-0.00742983508195
-0.0125267259506
-0.0175302768351
-0.0224194772901
-0.0271719260793
-0.0317637143007
-0.0361693306487
-0.040361596649
-0.0443116410163
-0.047988923562
-0.0513613202259
-0.0543952816555
-0.0570560781569
-0.0593081435777
-0.0611155294963
-0.0624424787548
-0.0632541236229
-0.0635173085199
-0.0632015301528
-0.0622799791818
-0.0607306573876
-0.0585375333047
-0.0556916882778
-0.0521923950208
-0.0480480633837
-0.0432769846427
-0.0379078075521
-0.031979687485
-0.0255420645605
-0.0186540475431
-0.00930635651026
-0.00220155293373
0.00511607741275
0.0125702528898
0.0200830288189
0.027576551129
0.0349747564238
0.0422049427263
0.049199148044
0.0558952904565
0.0622380416683
0.0681794240415
0.0736791375019
0.0787046362009
0.0832309847822
0.0872405303952
0.0907224294696
0.0936720682635
0.096090413945
0.0979833291616
0.0993608782976
0.100236648457
0.100627103051
0.100550981038
0.100028750513
0.0990821216517
0.0977336209542
0.0960062263429
0.0939230608585
0.0915071414424
0.0887811784737
0.0857674212897
0.0824875447697
0.0789625721346
0.0752128293576
0.0712579269203
0.067116765065
0.0628075591431
0.0583478821054
0.0537547216228
0.049044549738
0.0442334033116
0.0393369738568
0.0343707056169
0.0293499009515
0.0242898322408
0.0192058595873
0.0141135535961
0.0090288224357
0.00396804220331
-0.0010518106346
-0.0060130263252
-0.0108970305094
-0.0156842571537
-0.0203540290885
-0.0248844503222
-0.0292523152063
-0.0334330405167
-0.0374006275554
-0.0411276623986
-0.0445853633646
-0.0477436855514
-0.0505714927592
-0.0530368071402
-0.0551071463284
-0.0567499563966
-0.0579331466074
-0.0586257283758
-0.0587985560459
-0.0584251609678
-0.0574826630434
-0.0559527356744
-0.0538225913653
-0.0510859468225
-0.047743919139
-0.0438057995987
-0.0392896498475
-0.0342226675826
-0.0286412760908
-0.0225909040718
-0.016125438889
-0.00743920762813
-0.000744829888578
0.00614985452655
0.013175331952
0.0202604722081
0.0273340448101
0.0343261996752
0.0411698494538
0.0478019000226
0.0541642882291
0.0602048001906
0.0658776579179
0.0711438755102
0.0759713976827
0.0803350423359
0.0842162750287
0.0876028466279
0.0904883264189
0.0928715619862
0.0947560947196
0.0961495563676
0.0970630680622
0.097510659069
0.0975087184508
0.0970754890613
0.096230609962
0.0949947105258
0.0933890571844
0.0914352519751
0.0891549807007
0.0865698075858
0.0837010127257
0.0805694683172
0.0771955495838
0.0735990763941
0.06979928178
0.0658148038554
0.0616636979773
0.057363466345
0.0529311026045
0.0483831493653
0.0437357668554
0.0390048112209
0.0342059212092
0.0293546121558
0.0244663763203
0.0195567886723
0.0146416172256
0.00973693693453
0.00485924600518
2.55832282948e-05
-0.00474635538921
-0.0094381028534
-0.0140303129476
-0.0185026608221
-0.0228337564042
-0.0270010753889
-0.0309809133891
-0.034748369658
-0.0382773675783
-0.041540719798
-0.0445102463804
-0.0471569545213
-0.0494512881462
-0.0513634549088
-0.0528638366008
-0.0539234866476
-0.0545147150747
-0.0546117570375
-0.0541915157285
-0.0532343643461
-0.0517249850833
-0.049653216211
-0.0470148718474
-0.0438124936542
-0.0400559902508
-0.0357631193812
-0.0309597704639
-0.0256800114692
-0.0199658741789
-0.0138668653926
-0.00578162897986
0.000559746175395
0.0070904152367
0.0137464857678
0.0204625032668
0.0271727779392
0.0338126887162
0.0403199116318
0.0466355266555
0.052704966726
0.0584787839495
0.0639132196298
0.0689705759879
0.073619397283
0.0778344760373
0.0815967059092
0.0848928064003
0.0877149462257
0.0900602920817
0.0919305080868
0.0933312287438
0.0942715252017
0.0947633812422
0.0948211920052
0.0944612952121
0.0937015416811
0.0925609093331
0.0910591627044
0.0892165582219
0.0870535941257
0.084590802924
0.0818485835773
0.0788470701891
0.0756060337778
0.0721448136767
0.0684822752008
0.0646367904125
0.0606262390646
0.0564680270784
0.0521791202119
0.04777609086
0.0432751761964
0.0386923461104
0.0340433795925
0.029343948379
0.0246097067743
0.0198563866144
0.0150998963236
0.010356422941
0.00564253583405
0.000975290594687
-0.0036276686874
-0.0081480109745
-0.0125666263083
-0.0168635435096
-0.0210178613502
-0.0250076976434
-0.0288101613684
-0.0324013536118
-0.0357564036962
-0.0388495473423
-0.0416542539849
-0.0441434103375
-0.0462895668853
-0.0480652530693
-0.0494433653846
-0.0503976303767
-0.0509031415024
-0.0509369650037
-0.0504788053873
-0.0495117159321
-0.0480228341236
-0.0460041163919
-0.0434530414965
-0.0403732479104
-0.0367750682263
-0.0326759235044
-0.0281005430925
-0.0230809810022
-0.0176564084291
-0.0118726730908
-0.00433311746263
0.00170810831814
0.00792908869733
0.0142705657441
0.0206717752892
0.0270716230925
0.0334098472543
0.0396281217252
0.0456710610316
0.0514870938768
0.0570291822766
0.062255372483
0.0671291733494
0.0716197662878
0.0757020581059
0.0793565934755
0.0825693474796
0.0853314207031
0.0876386598348
0.0894912260152
0.090893131488
0.0918517627821
0.0923774059424
0.0924827864804
0.0921826338922
0.0914932779612
0.0904322816901
0.0890181136618
0.087269860927
0.0852069821558
0.0828490997474
0.0802158288453
0.077326640693
0.0742007574821
0.0708570757125
0.0673141150925
0.0635899901105
0.0597024015832
0.055668645692
0.0515056382603
0.0472299522592
0.0428578667559
0.0384054257251
0.0338885053207
0.0293228883353
0.0247243446719
0.0201087166842
0.0154920082315
0.0108904762149
0.00632072321937
0.00179978967895
-0.00265475628929
-0.00702473359162
-0.0112912700151
-0.0154347343192
-0.0194346821646
-0.0232698200257
-0.0269179917833
-0.0303561932188
-0.0335606200699
-0.0365067556201
-0.0391695039059
-0.0415233744527
-0.043542723919
-0.0452020590413
-0.0464764037528
-0.0473417312256
-0.0477754588286
-0.0477570005969
-0.0472683678469
-0.0462948041809
-0.0448254365337
-0.0428539194365
-0.0403790457043
-0.0374052937541
-0.0339432801965
-0.0300100866539
-0.0256294322926
-0.0208316684568
-0.0156535790288
-0.0101379793851
-0.00309307777874
0.00269711454151
0.00865896089275
0.0147369772667
0.0208742262519
0.027013374449
0.0330977424803
0.0390723083988
0.0448846293555
0.0504856524012
0.0558303926489
0.0608784650322
0.0655944639024
0.06994819212
0.073914747701
0.0774744811688
0.0806128404111
0.0833201220675
0.0855911493778
0.0874248962028
0.0888240758196
0.0897947113181
0.0903457022453
0.0904883997338
0.0902361999119
0.0896041630358
0.0886086636236
0.087267074955
0.0855974896745
0.0836184768924
0.0813488751274
0.07880761964
0.0760136021426
0.0729855605124
0.0697419959362
0.0663011148483
0.0626807930576
0.058898559572
0.054971597777
0.0509167618143
0.0467506062027
0.0424894269269
0.0381493124045
0.0337462028847
0.0292959569523
0.0248144238892
0.0203175206713
0.0158213123668
0.0113420946244
0.00689647680878
0.002501464151
-0.00182546296641
-0.00606627478695
-0.0102023255752
-0.0142142975972
-0.0180821591035
-0.0217851401894
-0.0253017308594
-0.028609706037
-0.0316861825793
-0.0345077135457
-0.0370504249628
-0.0392902000505
-0.0412029152658
-0.0427647315113
-0.0439524423647
-0.0447438791964
-0.0451183705106
-0.0450572498067
-0.0445444027834
-0.0435668409327
-0.0421152846996
-0.0401847356946
-0.037775014264
-0.034891236435
-0.0315442032123
-0.0277506757724
-0.0235335125129
-0.0189216482783
-0.0139499023304
-0.00865860948415
-0.00206088851473
0.00352436495624
0.00927457769674
0.0151372777637
0.0210585867611
0.0269841850779
0.0328602741689
0.0386345012067
0.0442568146295
0.0496802240285
0.0548614439629
0.0597614081166
0.0643456471537
0.0685845302013
0.0724533756842
0.0759324419964
0.0790068120437
0.0816661880296
0.0839046140211
0.0857201439764
0.0871144722202
0.0880925420012
0.0886621459839
0.08883353048
0.0886190130772
0.088032621212
0.0870897572439
0.0858068937945
0.0842013015605
0.0822908104978
0.0800936042214
0.0776280466492
0.0749125393145
0.0719654073606
0.0688048119849
0.0654486869684
0.0619146969154
0.0582202148834
0.0543823171894
0.050417793325
0.0463431690742
0.0421747410802
0.037928621268
0.0336207896519
0.0292671541616
0.0248836161882
0.0204861405733
0.0160908287444
0.0117139936362
0.0073722349033
0.00308251276603
-0.00113778140252
-0.00527075992273
-0.00929798158359
-0.0132004052061
-0.0169583572464
-0.0205515170774
-0.0239589239646
-0.027159010076
-0.0301296640971
-0.032848330117
-0.0352921463589
-0.0374381279818
-0.0392633975239
-0.0407454655435
-0.0418625625708
-0.0425940216093
-0.0429207080926
-0.0428254914543
-0.0422937493826
-0.0413138925293
-0.0398778941236
-0.0379818058329
-0.0356262386129
-0.0328167854978
-0.0295643626095
-0.0258854453779
-0.0218021792569
-0.017342348145
-0.0125391892121
-0.00743104964471
-0.00123595578458
0.00418805720354
0.00977171115476
0.0154648604854
0.0212159923383
0.0269731222583
0.032684689978
0.0383004239946
0.0437721462139
0.0490544920841
0.0541055269178
0.0588872450644
0.0633659447546
0.067512477363
0.0713023751663
0.0747158661479
0.0777377878483
0.0803574146433
0.0825682141664
0.0843675489867
0.0857563392486
0.0867387009441
0.0873215730018
0.0875143446059
0.0873284922399
0.0867772340328
0.0858752071349
0.0846381721646
0.0830827472681
0.0812261730638
0.0790861086905
0.0766804583533
0.07402722713
0.0711444043569
0.0680498726237
0.0647613402379
0.0612962949654
0.0576719768676
0.0539053681316
0.0500131978973
0.0460119602236
0.0419179434615
0.0377472694425
0.0335159409992
0.0292398964227
0.0249350695266
0.0206174539967
0.0163031706939
0.0120085365073
0.00775013323734
0.00354487483028
-0.000589928925516
-0.00463651439156
-0.00857661419901
-0.0123914182618
-0.0160615487948
-0.0195670527825
-0.0228874156628
-0.0260016002469
-0.0288881150627
-0.0315251163343
-0.0338905476612
-0.0359623210618
-0.0377185423691
-0.0391377829521
-0.0401993983456
-0.0408838925902
-0.0411733249186
-0.0410517528969
-0.0405057033456
-0.0395246594161
-0.038101549288
-0.0362332192684
-0.0339208718848
-0.0311704481255
-0.0279929325514
-0.0244045608023
-0.0204269111996
-0.0160868657346
-0.0114164306639
-0.00645241297617
-0.000617755934466
0.00468687391168
0.0101471783064
0.0157147094919
0.0213396826403
0.0269718216799
0.0325612072729
0.0380590979886
0.043418697916
0.0485958475701
0.0535496196359
0.0582428064473
0.0626422917123
0.0667193044544
0.0704495581265
0.0738132821134
0.0767951561917
0.0793841609144
0.0815733583279
0.0833596179833
0.0847433030056
0.0857279301615
0.0863198165956
0.0865277243262
0.0863625118507
0.0858368004262
0.0849646608565
0.0837613250034
0.0822429247981
0.0804262602813
0.0783285971613
0.0759674935446
0.0733606548503
0.0705258154505
0.0674806452601
0.064242679306
0.060829268217
0.0572575475651
0.0535444240358
0.0497065764911
0.045760470104
0.0417223818531
0.0376084357896
0.033434646586
0.029216969956
0.0249713585905
0.0207138222638
0.0164604907494
0.0122276781186
0.00803194688305
0.00389017029337
-0.000180409090242
-0.00416212668255
-0.00803685140616
-0.0117859521634
-0.0153902782506
-0.0188301570137
-0.0220854123186
-0.0251354076222
-0.0279591175467
-0.0305352318397
-0.032842295413
-0.0348588877248
-0.0365638440775
-0.0379365204005
-0.0389571017352
-0.0396069529383
-0.0398690080689
-0.0397281925743
-0.0391718698089
-0.0381903007359
-0.0367771030295
-0.034929693411
-0.0326496951414
-0.0299432913937
-0.0268215049542
-0.0233003855505
-0.0194010881868
-0.0151498292141
-0.0105777113934
-0.00572041471952
-0.000205868460742
0.00501989754047
0.0103987045851
0.0158832150131
0.0214247745773
0.0269742261044
0.0324827265514
0.0379025400121
0.0431877811797
0.0482950870553
0.0531841990081
0.0578184422667
0.0621650951835
0.0661956457725
0.069885937787
0.0732162127095
0.0761710573166
0.0787392688805
0.0809136515657
0.0826907582352
0.0840705918066
0.0850562796119
0.0856537330808
0.085871303615
0.0857194438916
0.0852103821432
0.0843578152979
0.0831766253068
0.0816826215774
0.079892311205
0.077822697664
0.0754911077829
0.0729150461761
0.0701120758194
0.0670997231243
0.0638954056495
0.0605163804835
0.056979711303
0.0533022521386
0.0495006459541
0.0455913362426
0.0415905899446
0.0375145301032
0.033379176764
0.0292004946976
0.0249944465776
0.0207770502517
0.0165644387283
0.0123729214378
0.00821904521883
0.00411965333881
9.19406682222e-05
-0.00384649709946
-0.00767762254293
-0.0113829265624
-0.014943412312
-0.018339596217
-0.0215515295194
-0.0245588439842
-0.0273408254793
-0.0298765190985
-0.0321448692773
-0.0341248979097
-0.0357959227726
-0.0371378175721
-0.0381313136008
-0.0387583413475
-0.0390024084343
-0.0388490080064
-0.0382860492705
-0.0373042993449
-0.035897823143
-0.0340644058073
-0.0318059404793
-0.0291287631369
-0.0260439160477
-0.0225673222632
-0.0187198555935
-0.014527293694
-0.0100201461673
-0.00523335475464
5.18656601752e-15
0.00518654922084
0.0105248259912
0.0159680412752
0.0214680997869
0.0269763978823
0.0324446254338
0.0378255449803
0.043073723275
0.0481461934817
0.053003030407
0.0576078259448
0.0619280570006
0.0659353431782
0.0696055961608
0.0729190667567
0.0758602988306
0.0784180017391
0.0805848544141
0.0823572549386
0.0837350294466
0.0847211135558
0.0853212184782
0.0855434925601
0.0853981874304
0.0848973362907
0.0840544502555
0.0828842371173
0.0814023455268
0.0796251363572
0.0775694819992
0.0752525934948
0.0726918747604
0.06990480266
0.0669088313473
0.0637213190707
0.0603594755204
0.0568403277593
0.0531807027972
0.0493972249368
0.0455063261049
0.0415242674856
0.0374671708705
0.0333510582337
0.0291918981045
0.0250056573652
0.0208083571019
0.0166161311265
0.0124452857184
0.00831235903485
0.00423417849567
0.000227914266206
-0.00368887326046
-0.0074981943258
-0.0111816016252
-0.0147201759759
-0.0180945289854
-0.0212848261009
-0.0242708335933
-0.0270319930964
-0.0295475272643
-0.0317965798781
-0.0337583932837
-0.0354125253386
-0.036739107058
-0.0377191408402
-0.0383348375313
-0.0385699886613
-0.0384103679913
-0.0378441541456
-0.0368623636564
-0.035459281388
-0.0336328731993
-0.0313851640518
-0.0287225637869
-0.0256561226584
-0.0222016995891
-0.0183800281068
-0.014216668024
-0.00974183507501
-0.00499010573273
)
;

boundaryField
{
    left
    {
        type            cyclic;
    }
    right
    {
        type            cyclic;
    }
    bottom
    {
        type            cyclic;
    }
    top
    {
        type            cyclic;
    }
    frontAndBack
    {
        type            empty;
    }
}


// ************************************************************************* //
