/*--------------------------------*- C++ -*----------------------------------*\
| =========                 |                                                 |
| \\      /  F ield         | OpenFOAM: The Open Source CFD Toolbox           |
|  \\    /   O peration     | Version:  v2106                                 |
|   \\  /    A nd           | Website:  www.openfoam.com                      |
|    \\/     M anipulation  |                                                 |
\*---------------------------------------------------------------------------*/
FoamFile
{
    version     2.0;
    format      ascii;
    arch        "LSB;label=32;scalar=64";
    class       surfaceScalarField;
    location    "10";
    object      phi;
}
// * * * * * * * * * * * * * * * * * * * * * * * * * * * * * * * * * * * * * //

dimensions      [0 3 -1 0 0 0 0];

oriented        oriented;

internalField   nonuniform List<scalar> 
12960
(
-0.00439005449888
-3.49054573459e-05
-0.00434733545879
-4.27190400861e-05
-0.00429715603876
-5.01794200287e-05
-0.00423994426549
-5.72117732649e-05
-0.00417619644268
-6.37478228088e-05
-0.00410646935011
-6.97270925668e-05
-0.00403137143262
-7.50979174923e-05
-0.00395155325272
-7.98181798942e-05
-0.00386769749674
-8.38557559808e-05
-0.00378050882558
-8.71886711556e-05
-0.00369070384956
-8.98049760149e-05
-0.0035990014828
-9.17023667592e-05
-0.00350611389949
-9.28875833103e-05
-0.00341273827484
-9.33756246412e-05
-0.00331954944977
-9.31888250677e-05
-0.00322719361366
-9.23558361045e-05
-0.00313628305682
-9.09105568404e-05
-0.00304739200367
-8.8891053146e-05
-0.00296105350326
-8.63385004145e-05
-0.00287775732375
-8.32961795026e-05
-0.00279794877466
-7.98085490945e-05
-0.0027220283633
-7.59204113551e-05
-0.00265035218105
-7.16761822492e-05
-0.00258323290867
-6.71192723714e-05
-0.00252094132927
-6.22915793992e-05
-0.00246370823945
-5.7233089826e-05
-0.00241172665498
-5.19815844631e-05
-0.00236515421506
-4.65724399152e-05
-0.00232411569802
-4.10385170471e-05
-0.00228870557157
-3.54101264482e-05
-0.00225899051104
-2.97150605276e-05
-0.00223501182885
-2.39786821841e-05
-0.00221678776858
-1.82240602703e-05
-0.00220431562589
-1.24721426926e-05
-0.00219757366698
-6.74195890377e-06
-0.00219652282269
-1.05084428617e-06
-0.00220110814288
4.58532018652e-06
-0.00221126000161
1.01518587353e-05
-0.00222689504865
1.56350470323e-05
-0.00224791690686
2.1021858215e-05
-0.00227421661925
2.62997123928e-05
-0.0023056728522
3.14562329506e-05
-0.00234215186471
3.64790125045e-05
-0.00238350725604
4.13553913338e-05
-0.00242957950681
4.60722507722e-05
-0.00248019533105
5.06158242388e-05
-0.00253516685969
5.49715286436e-05
-0.00259429067864
5.91238189505e-05
-0.00265734674778
6.30560691403e-05
-0.00272409723083
6.67504830528e-05
-0.00279428526959
7.01880387541e-05
-0.00286763374025
7.33484706653e-05
-0.00294384403413
7.62102938801e-05
-0.00302259490927
7.87508751379e-05
-0.0031035414646
8.09465553266e-05
-0.00318631429279
8.27728281962e-05
-0.00327051887227
8.42045794721e-05
-0.00335573526261
8.52163903415e-05
-0.00344151817082
8.5782908211e-05
-0.00352739745695
8.58792861283e-05
-0.00361287914783
8.54816908829e-05
-0.00369744702521
8.45678773845e-05
-0.00378056484921
8.3117824002e-05
-0.00386167926994
8.11144207239e-05
-0.00394022346812
7.8544198184e-05
-0.0040156215496
7.53980814819e-05
-0.00408729369861
7.16721490025e-05
-0.00415466207081
6.73683722051e-05
-0.00421715737927
6.24953084641e-05
-0.00427422609581
5.70687165373e-05
-0.00432533815741
5.11120616012e-05
-0.00436999503414
4.46568767267e-05
-0.00440773798273
3.77429485887e-05
-0.00443815628108
3.04182983542e-05
-0.00446089521544
2.2738934357e-05
-0.00447566357611
1.47683606735e-05
-0.00448224041153
6.57683542749e-06
-0.0044804807957
-1.75961583172e-06
-0.00447032038165
-1.01604140494e-05
-0.00445177854407
-1.8541837578e-05
-2.68185878363e-05
-0.00437845980601
-6.96863171761e-05
-0.00433583037233
-8.53484737676e-05
-0.00428570609594
-0.000100303696418
-0.00422851650011
-0.000114401369095
-0.00416476025802
-0.000127504064894
-0.00409499726156
-0.000139490089028
-0.00401983965322
-0.000150255525834
-0.00393994210469
-0.000159715728426
-0.00385599164197
-0.000167806218694
-0.00376869731814
-0.000174482994992
-0.00367878002171
-0.000179722272447
-0.00358696268361
-0.00018351970485
-0.0034939611103
-0.000185889156628
-0.00340047562903
-0.000186861105912
-0.0033071836859
-0.000186480768189
-0.00321473349049
-0.00018480603152
-0.00312373875663
-0.000181905290704
-0.00303477454764
-0.00017785526213
-0.00294837419861
-0.00017273884945
-0.00286502725832
-0.000166643119791
-0.0027851783704
-0.000159657437014
-0.0027092269962
-0.000151871785551
-0.00263752787123
-0.00014337530722
-0.00257039208143
-0.000134255062178
-0.00250808864514
-0.000124595015684
-0.00245084648956
-0.000114475245411
-0.00239885671632
-0.000103971357701
-0.00235227505955
-9.31540966831e-05
-0.00231122444876
-8.20891278355e-05
-0.00227579759957
-7.08369756439e-05
-0.00224605956577
-5.94530943261e-05
-0.00222205019665
-4.79880513032e-05
-0.00220378645321
-3.64878037068e-05
-0.00219126454638
-2.49940495232e-05
-0.00218446186843
-1.35446368503e-05
-0.00218333869645
-2.17401627339e-06
-0.00218783965309
9.08627682786e-06
-0.00219789491578
2.02071214287e-05
-0.00221342117018
3.11613014276e-05
-0.00223432230808
4.19229961175e-05
-0.00226048987361
5.24672779222e-05
-0.00229180326457
6.27696239077e-05
-0.00232812969873
7.28054466677e-05
-0.00236932395752
8.25496501247e-05
-0.00241522792186
9.19762151152e-05
-0.00246566991764
0.000101057820016
-0.00252046389079
0.000109765501791
-0.00257940843478
0.000118068362946
-0.00264228569644
0.0001259333308
-0.00270886018937
0.000133324975981
-0.00277887754801
0.000140205397397
-0.0028520632595
0.000146534182149
-0.00292812141488
0.000152268449263
-0.00300673352596
0.000157362986217
-0.00308755745876
0.000161770488126
-0.00317022653966
0.000165441909099
-0.00325434889453
0.000168326934339
-0.00333950708541
0.000170374581219
-0.00342525811266
0.000171533935465
-0.00351113385214
0.000171755025607
-0.00359664199747
0.000170989836215
-0.00368126757566
0.000169193455571
-0.00376447509935
0.000166325347691
-0.00384571141152
0.000162350732896
-0.00392440926682
0.000157242053483
-0.00399999167804
0.000150980492705
-0.00407187703671
0.000143557507669
-0.00413948499258
0.000134976328075
-0.00420224304881
0.000125253364695
-0.0042595937984
0.00011441946613
-0.00431100269362
0.000102520956821
-0.00435596620567
8.96203887712e-05
-0.00439402019807
7.57969409931e-05
-0.00442474830649
6.11464067741e-05
-0.00444779009218
4.57807200457e-05
-0.00446284871872
2.98269872142e-05
-0.00446969789374
1.34260104525e-05
-0.00446818782148
-3.26968809803e-06
-0.00445824992892
-2.00983066124e-05
-0.00443990015882
-3.6891607673e-05
-5.34780808181e-05
-0.00435522572997
-0.000104216786313
-0.00431277660381
-0.000127797599926
-0.00426276360711
-0.000150316693118
-0.00420561927609
-0.000171545700114
-0.00414184706116
-0.000191276279822
-0.00407201313084
-0.000209324019349
-0.00399673708449
-0.000225531572191
-0.00391668187718
-0.000239770935735
-0.00383254327745
-0.000251944818421
-0.00374503917898
-0.000261987093463
-0.00365489907227
-0.000269862379155
-0.00356285395387
-0.000275564823254
-0.00346962691149
-0.000279116199005
-0.00337592457783
-0.00028056343957
-0.00328242959592
-0.000279975750103
-0.00318979418897
-0.000277441438464
-0.0030986348803
-0.000273064599381
-0.00300952836499
-0.000266961777437
-0.0029230084985
-0.000259258715935
-0.00283956433619
-0.000250087282101
-0.00275963913469
-0.00023958263852
-0.00268363020966
-0.000227880710579
-0.00261188953437
-0.00021511598251
-0.00254472495905
-0.000201419637498
-0.00248240193183
-0.000186918042902
-0.00242514560604
-0.000171731571203
-0.00237314322586
-0.000155973737879
-0.00232654669177
-0.000139750630775
-0.00228547521736
-0.000123160602249
-0.00225001800037
-0.000106294192631
-0.00222023684193
-8.92342527654e-05
-0.00219616865864
-7.20562345946e-05
-0.00217782784246
-5.48286198852e-05
-0.0021652084327
-3.7613459283e-05
-0.00215828607272
-2.04669968333e-05
-0.00215701973149
-3.44035750099e-06
-0.00216135317665
1.34197219915e-05
-0.00217121619115
3.00701359205e-05
-0.00218652553037
4.64706406514e-05
-0.0022071856208
6.25830865492e-05
-0.00223308900438
7.83706615e-05
-0.00226411653601
9.37971555383e-05
-0.00230013734406
0.000108826254716
-0.00234100856619
0.000123420872255
-0.00238657487511
0.000137542524035
-0.00243666781114
0.000151150756048
-0.00249110494102
0.000164202631666
-0.00254968886481
0.000176652286739
-0.00261220609598
0.000188450561967
-0.00267842584274
0.00019954472275
-0.00274809872267
0.000209878277323
-0.00282095544634
0.000219390905822
-0.00289670551071
0.000228018513636
-0.00297503594717
0.000235693422667
-0.00305561017456
0.000242344715521
-0.00313806701271
0.000247898747252
-0.00322201991644
0.000252279838069
-0.00330705649522
0.000255411159997
-0.00339273838727
0.000257215827511
-0.00347860155958
0.000257618197919
-0.0035641571067
0.000256545383333
-0.00364889262016
0.000253928969029
-0.00373227419675
0.000249706924288
-0.00381374914722
0.000243825683364
-0.00389274945627
0.00023624236253
-0.00396869603002
0.000226927066456
-0.00404100374773
0.000215865225386
-0.00410908731067
0.00020305989101
-0.00417236785221
0.000188533906238
-0.00423028024134
0.000172331855252
-0.0042822809755
0.00015452169099
-0.0043278565223
0.000135195935566
-0.004366531932
0.000114472350695
-0.00439787950888
9.24939836556e-05
-0.00442152729967
6.94285108324e-05
-0.004437167136
4.54668235457e-05
-0.00444456195644
2.08208308929e-05
-0.00444355213507
-4.27950947204e-06
-0.00443406055921
-2.95898824673e-05
-0.00441609622938
-5.48559375097e-05
-7.98181110891e-05
-0.00432026214933
-0.000138368681328
-0.00427808622192
-0.000169973527338
-0.00422824262803
-0.000200160287005
-0.00417116847342
-0.000228619854723
-0.004107374471
-0.000255070282243
-0.00403743633678
-0.000279262153567
-0.00396198501076
-0.000300982898212
-0.00388169603712
-0.000320059909373
-0.00379727845701
-0.000336362398534
-0.00370946356628
-0.000349801984197
-0.00361899387209
-0.000360332073344
-0.00352661254851
-0.000367946146834
-0.00343305364587
-0.000372675101639
-0.00333903325649
-0.000374583828957
-0.00324524178301
-0.000373767223584
-0.00315233740032
-0.000370345821155
-0.00306094074966
-0.000364461250036
-0.00297163085679
-0.000356271670303
-0.00288494222688
-0.000345947345852
-0.00280136303708
-0.000333666471895
-0.00272133432451
-0.000319611351089
-0.0026452500515
-0.000303964983593
-0.00257345792152
-0.000286908112488
-0.00250626081634
-0.00026861674268
-0.00244391872738
-0.000249260131864
-0.00238665106038
-0.000228999238202
-0.0023346392013
-0.000207985596958
-0.00228802924232
-0.000186360589756
-0.00224693477849
-0.000164255066078
-0.00221143969776
-0.000141789273359
-0.00218160089917
-0.000119073051356
-0.0021574508853
-9.62062484636e-05
-0.00213900018574
-7.32793194436e-05
-0.00212623957789
-5.03740671391e-05
-0.00211914207984
-2.75644948847e-05
-0.00211766469761
-4.91773972692e-06
-0.0021217499152
1.75049395801e-05
-0.00213132692131
3.96471420336e-05
-0.00214631257121
6.1456290551e-05
-0.00216661208571
8.28826010489e-05
-0.00219211949255
0.000103878068334
-0.00222271781798
0.000124395480975
-0.00225827903876
0.000144387475491
-0.0022986638066
0.000163805640097
-0.00234372095948
0.000182599676911
-0.00239328683578
0.000200716632355
-0.00244718440988
0.000218100205765
-0.00250522226966
0.00023469014652
-0.00256719345963
0.000250421751929
-0.00263287421611
0.000265225479232
-0.00270202262469
0.000279026685905
-0.00277437723394
0.000291745515077
-0.00284965566423
0.000303296943925
-0.002927553255
0.000313591013429
-0.00300774179942
0.000322533259946
-0.00308986842094
0.000330025368773
-0.00317355465139
0.00033596606852
-0.00325839577621
0.000340252284812
-0.00334396051695
0.000342780568252
-0.00342979112519
0.000343448806159
-0.00351540396454
0.000342158222682
-0.00360029065819
0.000338815662678
-0.00368391987721
0.000333336143313
-0.00376573983988
0.000325645646033
-0.00384518158314
0.000315684105792
-0.00392166305375
0.000303408537059
-0.00399459404808
0.000288796219722
-0.00406338200604
0.000271847848967
-0.00412743863478
0.000252590534974
-0.00418618730462
0.000231080525094
-0.00423907112071
0.000207405507085
-0.00428556153336
0.000181686348214
-0.0043251673081
0.000154078125436
-0.00435744363641
0.000124770311963
-0.00438200113243
9.39860068527e-05
-0.0043985144334
6.19801245156e-05
-0.00440673010454
2.90365020384e-05
-0.00440647354644
-4.53606757763e-06
-0.00439765461589
-3.84088130115e-05
-0.00438027170177
-7.22388516349e-05
-0.000105675768512
-0.00427343200677
-0.000172010235884
-0.00423162545677
-0.000211780077336
-0.00418201237599
-0.000249773367785
-0.00412503605785
-0.000285596172868
-0.00406121708202
-0.000318889258069
-0.00399114414593
-0.000349335089657
-0.00391546360465
-0.000376663439497
-0.00383486809775
-0.000400655416267
-0.00375008466235
-0.000421145833936
-0.00366186272869
-0.000438023917857
-0.00357096237111
-0.000451232430926
-0.00347814314566
-0.000460765372282
-0.00338415379151
-0.000466664455793
-0.00328972301139
-0.000469014609072
-0.00319555148151
-0.000467938753467
-0.00310230517759
-0.000463592125079
-0.00301061004578
-0.000456156381838
-0.00292104799547
-0.000445833720621
-0.00283415414911
-0.00043284119221
-0.00275041525172
-0.000417405369279
-0.002670269119
-0.000399757483812
-0.0025941049891
-0.000380129113495
-0.00252226463618
-0.000358748465404
-0.00245504410355
-0.000335837275317
-0.00239269591923
-0.000311608316179
-0.00233543166561
-0.000286263491819
-0.00228342478576
-0.000259992476814
-0.00223681352239
-0.000232971853123
-0.00219570389882
-0.000205364689649
-0.00216017266472
-0.000177320507455
-0.00213027014296
-0.000148975573116
-0.00210602292563
-0.000120453465802
-0.00208743637863
-9.18658664357e-05
-0.00207449692418
-6.3313521597e-05
-0.00206717407864
-3.48873404239e-05
-0.00206542223108
-6.66958727929e-06
-0.00206918215349
2.12648619839e-05
-0.00207838223886
4.88472274088e-05
-0.00209293946769
7.6013519381e-05
-0.00211276010629
0.000102703239648
-0.00213774014347
0.000128858105512
-0.00216776547408
0.000154420811583
-0.00220271183982
0.000179333841237
-0.00224244453947
0.000203538339744
-0.00228681792201
0.000226973059453
-0.00233567467809
0.000249573388429
-0.00238884494672
0.000271270474396
-0.0024461452564
0.000291990456206
-0.00250737732208
0.000311653817602
-0.00257232672233
0.000330174879484
-0.00264076148454
0.000347461448115
-0.00271243060958
0.000363414640122
-0.00278706257231
0.000377928906653
-0.00286436383891
0.000390892280027
-0.00294401744803
0.000402186869062
-0.00302568170858
0.00041168962933
-0.00310898907335
0.000419273433285
-0.00319354525392
0.000424808465382
-0.00327892864889
0.000428163963226
-0.00336469016238
0.000429210319649
-0.00345035349455
0.000427821554847
-0.00353541598853
0.000423878156667
-0.00361935011828
0.000417270273063
-0.00370160569891
0.000407901226655
-0.00378161289449
0.000395691301372
-0.00385878608627
0.000380581728844
-0.00393252864716
0.00036253878061
-0.0040022386451
0.000341557846907
-0.00406731546808
0.000317667357954
-0.00412716732772
0.00029093238473
-0.00418121955647
0.000261457735837
-0.00422892356772
0.000229390359463
-0.0042697662995
0.000194920857221
-0.0043032799146
0.000158283927059
-0.00432905148548
0.000119757577732
-0.00434673235609
7.96609951258e-05
-0.00435604684739
3.83509933462e-05
-0.00435679996437
-3.78295060036e-06
-0.00434888377128
-4.63250060987e-05
-0.00433228213186
-8.88404910631e-05
-0.000130884339042
-0.0042145489972
-0.000205004910516
-0.00417321239241
-0.000253116682123
-0.00412389493279
-0.000299090827406
-0.00406704780197
-0.000342443303684
-0.00400320421442
-0.000382732845619
-0.00393296950695
-0.000419569797127
-0.00385700978545
-0.000452623160997
-0.0037760395649
-0.000481625636823
-0.00369080886373
-0.000506376535106
-0.003602090208
-0.00052674257358
-0.00351066596947
-0.000542656669457
-0.00341731640972
-0.00055411493204
-0.00332280873579
-0.000561172129719
-0.00322788739827
-0.000563935946589
-0.00313326578553
-0.000562560366211
-0.0030396193943
-0.000557238516307
-0.00294758049036
-0.000548195285774
-0.00285773421585
-0.00053567999513
-0.0027706160548
-0.000519959353263
-0.00268671053446
-0.000501310889625
-0.00260645101739
-0.000480017000878
-0.00253022042714
-0.000456359703742
-0.0024583527461
-0.000430616146446
-0.00239113512745
-0.000403054893969
-0.00232881047159
-0.000373932972036
-0.00227158032937
-0.000343493634041
-0.00221960800888
-0.000311964797302
-0.00217302177848
-0.000279558083524
-0.00213191807423
-0.0002464683939
-0.00209636463551
-0.00021287394617
-0.00206640350704
-0.000178936701587
-0.00204205385848
-0.00014480311437
-0.00202331458459
-0.000110605140321
-0.00201016665907
-7.64614471142e-05
-0.00200257522349
-4.24787760118e-05
-0.00200049140016
-8.75341060878e-06
-0.00200385382356
2.46272853854e-05
-0.00201258988934
5.75832931917e-05
-0.00202661672388
9.00403539191e-05
-0.00204584187998
0.000121928395749
-0.00207016376656
0.000153179992094
-0.0020994718218
0.00018372886682
-0.00213364644046
0.000213508459903
-0.00217255866743
0.000242450566709
-0.00221606967022
0.000270484062239
-0.0022640300047
0.000297533722909
-0.00231627868936
0.000323519159057
-0.00237264210507
0.000348353871922
-0.00243293273941
0.000371944451937
-0.00249694779704
0.00039418993712
-0.00256446770089
0.000414981351956
-0.00263525451226
0.000434201451492
-0.00270905030313
0.000451724697527
-0.00278557551837
0.000467417495262
-0.00286452737199
0.000481138722685
-0.00294557832823
0.000492740585571
-0.00302837472502
0.000502069830077
-0.00311253560539
0.000508969345757
-0.00319765182996
0.00051328018779
-0.00328328555085
0.000514844040542
-0.00336897013449
0.000513506138484
-0.00345421062568
0.000509118647853
-0.00353848484868
0.000501544496069
-0.00362124524114
0.000490661619112
-0.00370192151272
0.000476367572953
-0.00377992421134
0.00045858442746
-0.0038546492646
0.000437263833878
-0.00392548354209
0.000412392124396
-0.00399181145364
0.0003839952695
-0.00405302256133
0.000352143492423
-0.00410852013679
0.000316955311291
-0.00415773054321
0.000278600765887
-0.00420011326499
0.000237303578997
-0.00423517134895
0.000193342011022
-0.00426246196583
0.000147048194607
-0.00428160675151
9.88057808131e-05
-0.00429230155159
4.90457934213e-05
-0.00429432517376
-1.75932842748e-06
-0.00428754675623
-5.31034236304e-05
-0.00427193138806
-0.000104455859237
-0.00015527205527
-0.00414337437517
-0.000237210204777
-0.00410261378292
-0.000293877274376
-0.00405366207955
-0.000348042530779
-0.00399698015076
-0.000399125232469
-0.00393311682664
-0.000446596169745
-0.00386269803232
-0.000489988591439
-0.00378641429835
-0.000528906894974
-0.00370500714709
-0.000563032788078
-0.00361925489786
-0.000592128784336
-0.00352995842257
-0.000616039048869
-0.00343792734238
-0.000634687749653
-0.00334396708889
-0.000648075185523
-0.00324886717016
-0.000656272048449
-0.00315339088994
-0.000659412226808
-0.00305826667626
-0.000657684579894
-0.00296418108823
-0.000651324104338
-0.00287177349383
-0.00064060288017
-0.00278163234743
-0.00062582114153
-0.00269429294728
-0.000607298753418
-0.00261023651841
-0.000585367318493
-0.00252989044525
-0.000560363074036
-0.00245362946887
-0.000532620680126
-0.00238177766381
-0.000502467951505
-0.0023146110171
-0.000470221540679
-0.00225236044501
-0.000436183544127
-0.00219521509956
-0.00040063897949
-0.00214332583506
-0.000363854061805
-0.00209680872404
-0.00032607519454
-0.00205574853046
-0.000287528587481
-0.00202020206541
-0.000248420411223
-0.00199020136679
-0.000208937400207
-0.00196575665831
-0.000169247822846
-0.00194685905547
-0.000129502743159
-0.00193348299653
-8.98375060573e-05
-0.00192558838495
-5.03733875945e-05
-0.00192312243665
-1.12193589e-05
-0.00192602123087
2.75260796009e-05
-0.00193421096729
6.57730296131e-05
-0.00194760893558
0.000103438322207
-0.00196612420517
0.000140443665336
-0.00198965804495
0.000176713831876
-0.00201810408344
0.000212174905311
-0.00205134822056
0.000246752597023
-0.00208926830281
0.000280370648959
-0.00213173357391
0.000312949333338
-0.00217860391358
0.000344404062578
-0.0022297288779
0.000374644123378
-0.00228494655568
0.000403571549701
-0.00234408225684
0.000431080153097
-0.00240694705099
0.000457054731268
-0.00247333617691
0.000481370477881
-0.00254302734742
0.000503892621997
-0.00261577897825
0.000524476328361
-0.00269132837504
0.000542966892056
-0.00276938991854
0.000559200266182
-0.00284965329562
0.000573003962652
-0.00293178183157
0.000584198366026
-0.0030154109881
0.000592598502285
-0.00310014710111
0.000598016300799
-0.00318556644171
0.000600263381141
-0.00327121469359
0.000599154390371
-0.00335660694847
0.000594510902726
-0.0034412283277
0.000586165875305
-0.00352453534276
0.000573968634166
-0.00360595810673
0.000557790336921
-0.00368490350401
0.00053752982474
-0.00376075941307
0.000513119742943
-0.00383290005708
0.000484532768409
-0.00390069252721
0.000451787739631
-0.00396350448409
0.000414955449294
-0.00402071299237
0.000374163819573
-0.0040717143842
0.000329602157723
-0.00411593497996
0.000281524174757
-0.00415284242332
0.000230249454375
-0.00418195731668
0.000176163087967
-0.00420286477824
0.000119713242373
-0.00421522548989
6.14065050745e-05
-0.00421878577351
1.80095519427e-06
-0.00421338622728
-5.8502969864e-05
-0.00419896847875
-0.000118873607768
-0.000178660864581
-0.00405961278149
-0.000268476470746
-0.00401954089501
-0.000333949160858
-0.00397103117102
-0.000396552254767
-0.0039145561456
-0.000455600257889
-0.0038506835127
-0.000510468802653
-0.00378006409991
-0.000560608004229
-0.00370341795859
-0.000605553036289
-0.00362151918721
-0.000644931559463
-0.00353518013543
-0.000678467836107
-0.00344523561947
-0.000705983564836
-0.00335252772227
-0.000727395646848
-0.0032578916661
-0.0007427112417
-0.00316214313848
-0.000752020576061
-0.00306606733941
-0.00075548802588
-0.00297040990437
-0.000753342014938
-0.00287586975498
-0.000745864253724
-0.00278309384038
-0.000733378794777
-0.00269267366091
-0.000716241321
-0.0026051434139
-0.000694829000427
-0.002520979566
-0.000669531166384
-0.00244060163832
-0.000640741001719
-0.00236437398536
-0.00060884833309
-0.00229260835451
-0.000574233582351
-0.00222556702608
-0.000537262869106
-0.00216346635286
-0.000498284217346
-0.00210648053994
-0.00045762479241
-0.00205474552855
-0.000415589073196
-0.00200836287069
-0.000372457852404
-0.00196740350292
-0.000328487955255
-0.00193191134756
-0.000283912566583
-0.00190190668721
-0.000238942060553
-0.00187738927358
-0.000193765236478
-0.00185834114435
-0.000148550872389
-0.0018447291324
-0.000103449518007
-0.00183650705982
-5.85954601734e-05
-0.00183361761569
-1.4108803031e-05
-0.00183599392138
2.9902385297e-05
-0.00184356079059
7.33398988205e-05
-0.00185623569348
0.000116113225091
-0.0018739294359
0.000158137407758
-0.00189654656525
0.000199330961232
-0.00192398551477
0.000239613854828
-0.00195613849793
0.000278905580182
-0.00199289116454
0.000317123315573
-0.00203412202961
0.000354180198404
-0.00207970168598
0.00038998371895
-0.002129491812
0.000424434249399
-0.00218334398558
0.000457423723277
-0.0022410983172
0.000488834484724
-0.00230258191602
0.000518538330081
-0.00236760720511
0.000546395766978
-0.00243597010564
0.000572255522523
-0.00250744811331
0.000595954336034
-0.00258179829616
0.000617317074904
-0.00265875524884
0.000636157218858
-0.00273802904663
0.000652277760446
-0.00281930325117
0.000665472570566
-0.00290223303023
0.000675528281346
-0.00298644346551
0.000682226736074
-0.00307152813419
0.000685348049823
-0.00315704806303
0.000684674319215
-0.00324253116588
0.00067999400557
-0.00332747228661
0.000671106996039
-0.00341133397861
0.00065783032617
-0.00349354815679
0.000640004515096
-0.00357351875778
0.000617500425729
-0.00365062553646
0.000590226521629
-0.00372422910983
0.000558136341778
-0.0037936773309
0.000521235960701
-0.00385831303491
0.000479591153305
-0.00391748314523
0.000433333929885
-0.00397054905898
0.000382668071477
-0.00401689815324
0.000327873269018
-0.00405595616475
0.00026930746589
-0.0040872001063
0.000207407029517
-0.00411017129666
0.000142684432734
-0.00412448800832
7.57232167329e-05
-0.00412985718676
7.17013363299e-06
-0.00412608467605
-6.22754805807e-05
-0.0041130834047
-0.000131874879111
-0.00020086522182
-0.00396290694632
-0.000298645725662
-0.00392364423884
-0.000373211868332
-0.00387565991834
-0.000444536575265
-0.00381944028569
-0.000511819890538
-0.00375557547552
-0.000574333612822
-0.00368474598014
-0.000631437499613
-0.00360770698359
-0.000682592032835
-0.00352527125738
-0.000727367285682
-0.00343829140045
-0.000765447693031
-0.00334764217893
-0.000796632786355
-0.00325420364345
-0.000820834182334
-0.00315884558863
-0.000838069296516
-0.00306241378354
-0.00084845238115
-0.00296571825923
-0.000852183550188
-0.00286952380181
-0.000849536472359
-0.00277454267593
-0.000840845379608
-0.00268142950113
-0.000826491969572
-0.00259077812376
-0.00080689269837
-0.00250312027183
-0.000782486852362
-0.00241892574667
-0.000753725691543
-0.00233860389081
-0.00072106285758
-0.00226250607285
-0.000684946151055
-0.00219092894298
-0.000645810712221
-0.00212411823385
-0.000604073578228
-0.0020622729077
-0.000560129543498
-0.00200554947882
-0.000514348221289
-0.00195406636935
-0.000467072182672
-0.00190790818362
-0.000418616038129
-0.00186712981175
-0.00036926632713
-0.00183176029515
-0.000319282083185
-0.00180180640647
-0.000268895949226
-0.00177725591217
-0.000218315730784
-0.00175808049913
-0.000167726285421
-0.0017442383575
-0.00011729165964
-0.00173567641918
-6.71573984938e-05
-0.0017323322579
-1.74529643076e-05
-0.00173413566035
3.17057877448e-05
-0.00174100988058
8.02141190473e-05
-0.00175287259133
0.000127975935842
-0.00176963654633
0.000174901362755
-0.00179120996739
0.000220904382298
-0.00181749666967
0.000265900557111
-0.0018483959372
0.000309804847705
-0.00188380215998
0.000352529538357
-0.00192360424281
0.000393982281229
-0.0019676847948
0.000434064270945
-0.0020159191084
0.000472668563
-0.00206817393584
0.000509678550712
-0.00212430607163
0.00054496662051
-0.00218416075047
0.000578393008925
-0.00224756987154
0.000609804888045
-0.00231435006283
0.000639035713813
-0.00238430060319
0.000665904876393
-0.00245720122441
0.000690217696123
-0.00253280982254
0.000711765816988
-0.0026108601157
0.000730328053612
-0.0026910592954
0.000745671750259
-0.00277308573002
0.000757554715973
-0.00285658679288
0.000765727798926
-0.00294117690143
0.000769938158377
-0.00302643587117
0.000769933288959
-0.00311190770386
0.000765465838259
-0.00319709994627
0.000756299238448
-0.00328148377046
0.000742214150362
-0.00336449493813
0.000723015682768
-0.0034455358176
0.000698541305198
-0.00352397862072
0.000668669324751
-0.00359917001513
0.000633327736179
-0.00367043724195
0.000592503187521
-0.00373709582902
0.00054624974038
-0.0037984589311
0.000494697031967
-0.00385384825283
0.000438057393209
-0.00390260641708
0.000376631433261
-0.00394411053433
0.000310811583145
-0.00397778661482
0.000241083110001
-0.00400312435154
0.000168022169462
-0.00401969170182
9.22905670122e-05
-0.00402714861873
1.46270505347e-05
-0.00402525924547
-6.41648538324e-05
-0.00401390189505
-0.000143232229534
-0.000221690915639
-0.00385283108313
-0.000327550459622
-0.00381450700769
-0.00041153594377
-0.00376713991119
-0.000491903671766
-0.00371123217187
-0.000567727629857
-0.00364740033886
-0.000638165445835
-0.00357635987252
-0.000702477965955
-0.00349890732033
-0.000760044585019
-0.00341590085105
-0.000810373754965
-0.00332824010326
-0.00085310844082
-0.00323684626158
-0.000888026628039
-0.00314264316753
-0.000915037276385
-0.00304654012193
-0.000934172342112
-0.00294941686069
-0.000945575642388
-0.00285211100637
-0.000949489404509
-0.00275540812838
-0.000946239350349
-0.00266003439717
-0.000936219110823
-0.00256665169912
-0.000919874667621
-0.00247585499076
-0.000897689406729
-0.00238817161368
-0.000870170229437
-0.00230406226116
-0.000837835044066
-0.00222392327978
-0.000801201838964
-0.00214808999973
-0.000760779431103
-0.00207684080986
-0.000717059902094
-0.00201040172433
-0.00067051266375
-0.0019489512231
-0.000621580044735
-0.00189262518413
-0.000570674260256
-0.00184152176095
-0.000518175605856
-0.00179570609127
-0.000464431707805
-0.00175521475179
-0.000409757666613
-0.0017200598989
-0.000354436936071
-0.00169023305639
-0.00029872279174
-0.0016657085277
-0.000242840259468
-0.00164644642402
-0.000186988389103
-0.00163239530918
-0.000131342774479
-0.00162349446998
-7.60582376946e-05
-0.00161967582515
-2.12716091371e-05
-0.00162086548948
3.28954520689e-05
-0.0016269850109
8.63336404727e-05
-0.00163795229889
0.000138943223829
-0.00165368226162
0.000190631325484
-0.00167408716847
0.000241309289154
-0.0016990767526
0.000290890141231
-0.00172855806631
0.000339286161425
-0.00176243510045
0.000386406572494
-0.00180060817631
0.000432155357092
-0.00184297311758
0.000476429212213
-0.00188942020774
0.000519115653156
-0.00193983293752
0.000560091280497
-0.00199408654641
0.000599220229396
-0.00205204636221
0.000636352824726
-0.00211356594381
0.000671324469647
-0.00217848503407
0.000703954804075
-0.00224662733322
0.000734047175545
-0.00231779810762
0.000761388470514
-0.0023917816552
0.000785749364572
-0.0024683386575
0.000806885055912
-0.00254720345812
0.000824536550883
-0.00262808132092
0.000838432578772
-0.00271064573618
0.000848292214182
-0.00279453586073
0.000853828282923
-0.00287935419794
0.000854751626178
-0.0029646646451
0.000850776285416
-0.00304999105761
0.000841625650957
-0.0031348165018
0.00082703959455
-0.00321858338716
0.000806782568125
-0.00330069468357
0.00078065260161
-0.00338051643614
0.000748491077318
-0.00345738178587
0.000710193085917
-0.00353059668505
0.000665718086696
-0.00359944745815
0.000615100513478
-0.003663210299
0.000558459872823
-0.0037211627107
0.000496009804906
-0.00377259678668
0.000428065509237
-0.0038168341021
0.000355048898572
-0.00385324184091
0.00027749084881
-0.0038812496358
0.000196029964348
-0.00390036646048
0.000111407391695
-0.0039101968025
2.44573925565e-05
-0.00391045527795
-6.39063783824e-05
-0.00390097884253
-0.000152708664958
-0.000240933941079
-0.00372888272255
-0.000355012431748
-0.00369163698488
-0.000448781681435
-0.00364498865317
-0.000538552003474
-0.00358945872726
-0.00062325755577
-0.00352569461759
-0.000701929555507
-0.00345445270079
-0.00077371988275
-0.00337657785095
-0.000837919434857
-0.00329298109117
-0.000893970514748
-0.00320461654402
-0.000941472987973
-0.00311245879308
-0.000980184378976
-0.0030174816214
-0.00101001444807
-0.00292063889251
-0.001031015071
-0.00282284811342
-0.00104336642148
-0.00272497699171
-0.00104736052622
-0.00262783309057
-0.00104338325149
-0.0025321565095
-0.00103189569189
-0.00243861538209
-0.00101341579504
-0.00234780388626
-0.000988500902558
-0.00226024240576
-0.000957731709935
-0.00217637945708
-0.000921697992743
-0.00209659499885
-0.000880986297201
-0.00202120476294
-0.000836169667005
-0.00195046528203
-0.000787799383013
-0.00188457933074
-0.00073639861504
-0.00182370154426
-0.000682457831211
-0.00176794402286
-0.00062643178166
-0.00171738177365
-0.000568737855066
-0.00167205787917
-0.000509755602278
-0.00163198831505
-0.000449827230735
-0.0015971663666
-0.000389258884526
-0.00156756661675
-0.00032832254159
-0.00154314849487
-0.000267258381345
-0.00152385938922
-0.000206277494755
-0.00150963733524
-0.000145564828456
-0.00150041329821
-8.52822747274e-05
-0.00149611307236
-2.55718349838e-05
-0.00149665882064
3.34412003467e-05
-0.00150197027917
9.16450990019e-05
-0.00151196564981
0.000148938594473
-0.00152656220226
0.000205227877936
-0.00154567660481
0.000260423691698
-0.00156922500016
0.000314438536588
-0.0015971228399
0.000367184001157
-0.00162928448794
0.000418568220534
-0.00166562260085
0.000468493470005
-0.00170604728979
0.000516853901156
-0.00175046506675
0.000563533430112
-0.00179877757553
0.000608403789277
-0.00185088010663
0.000651322760498
-0.0019066598943
0.000692132612398
-0.00196599419409
0.000730658769437
-0.00202874814044
0.000766708750416
-0.00209477238626
0.000800071421373
-0.00216390053061
0.000830516614864
-0.00223594634619
0.000857795180153
-0.00231070082722
0.000881639536942
-0.00238792908846
0.000901764812122
-0.00246736716032
0.000917870650627
-0.00254871874189
0.000929643795758
-0.00263165199406
0.000936761535089
-0.00271579647843
0.000938896110547
-0.00280074037486
0.000935720181845
-0.00288602813878
0.00092691341488
-0.00297115878981
0.000912170245582
-0.003055585052
0.000891208830312
-0.00313871359119
0.000863781140797
-0.00321990661323
0.000829684099357
-0.00329848509319
0.000788771565876
-0.00337373389526
0.000740966888769
-0.00344490901114
0.000686275629355
-0.00351124708475
0.000624797946437
-0.00357197730087
0.000556740021024
-0.00362633559134
0.000482423799706
-0.00367358095788
0.000402294265118
-0.00371301353106
0.00031692342199
-0.00374399379302
0.000227010226303
-0.00376596220484
0.000133375803518
-0.00377845832033
3.69535080417e-05
-0.00378113836041
-6.12263382957e-05
-0.00377379018964
-0.000160056835735
-0.000258379436042
-0.00359047265581
-0.000380841444513
-0.00355445660153
-0.00048479773571
-0.00350863981643
-0.000584368788575
-0.00345356473079
-0.000678332641414
-0.00338991461915
-0.000765579667142
-0.0033184934817
-0.000845141020202
-0.00324020233785
-0.000916210578708
-0.00315601336521
-0.000978159487386
-0.00306694334798
-0.0010305430052
-0.00297402779762
-0.00107309992934
-0.00287829690557
-0.00110574534012
-0.00278075422031
-0.00112855775626
-0.00268235864667
-0.00114176199511
-0.0025840100782
-0.0011457090947
-0.00248653871682
-0.00114085461286
-0.0023906979254
-0.00112773648331
-0.00229716030365
-0.00110695341679
-0.00220651657615
-0.00107914463006
-0.00211927682823
-0.00104497145785
-0.00203587361187
-0.0010051012091
-0.00195666646107
-0.000960193448006
-0.00188194739496
-0.000910888733114
-0.00181194703847
-0.0008577997395
-0.0017468410481
-0.000801504605416
-0.00168675658934
-0.000742542289969
-0.00163177866816
-0.000681409702838
-0.00158195616929
-0.000618560353933
-0.00153730749844
-0.000554404273133
-0.00149782576207
-0.000489308967101
-0.0014634834484
-0.000423601198193
-0.00143423659641
-0.000357569393581
-0.00141002845718
-0.000291466520575
-0.00139079266431
-0.000225513287627
-0.00137645593841
-0.000159901554357
-0.00136694035561
-9.47978575277e-05
-0.00136216521222
-3.03469783696e-05
-0.00136204851797
3.33245060966e-05
-0.00136650814883
9.61047298567e-05
-0.00137546268815
0.000157893133797
-0.00138883198171
0.000218597171498
-0.0014065374285
0.000278129138485
-0.00142850202543
0.000336403133517
-0.00145465018002
0.000393332155742
-0.00148490730117
0.000448825341684
-0.00151919917436
0.000502785343198
-0.00155745112383
0.000555105850625
-0.00159958696109
0.000605669267374
-0.00164552771608
0.000654344544269
-0.00169519014482
0.000700985189233
-0.00174848500565
0.000745427473233
-0.00180531509522
0.000787488859012
-0.00186557303528
0.000826966690467
-0.00192913880302
0.000863637189115
-0.00199587700074
0.000897254812585
-0.00206563386558
0.000927552044997
-0.00213823402821
0.000954239699572
-0.00221347703964
0.000977007823554
-0.00229113369993
0.000995527310918
-0.00237094224073
0.00100945233655
-0.00245260443615
0.00101842373051
-0.00253578174413
0.00102207341853
-0.00262009161203
0.00102003004974
-0.00270510411646
0.00101192591931
-0.00279033914623
0.000997405275352
-0.00287526437753
0.000976134061608
-0.00295929432846
0.000947811091725
-0.00304179081263
0.000912180583534
-0.00312206513262
0.000869045885865
-0.00319938235715
0.0008182841133
-0.0032729680047
0.000759861276903
-0.00334201740115
0.000693847342887
-0.00340570788548
0.000620430505351
-0.00346321389919
0.000539929813418
-0.00351372481251
0.000452805178438
-0.00355646511907
0.000359663728553
-0.00359071638414
0.000261261491367
-0.00361584008106
0.000158499500445
-0.0036313002266
5.24136535795e-05
-0.00363668456025
-5.58420046433e-05
-0.00363172293955
-0.000165018456441
-0.000273800707014
-0.00343691255969
-0.000404834080714
-0.00340229073714
-0.000519419558254
-0.00335743134056
-0.000629228185163
-0.00330290133249
-0.000732862649479
-0.00323942549752
-0.00082905550211
-0.00316786304835
-0.000916703469372
-0.00308917995405
-0.000994893673016
-0.00300441880024
-0.00106292064119
-0.00291466801309
-0.00112029379236
-0.00282103212494
-0.00116673581749
-0.00272460447705
-0.001202172988
-0.00262644339569
-0.00122671883762
-0.0025275524949
-0.0012406528959
-0.00242886539569
-0.00124439619391
-0.00233123483733
-0.00123848517122
-0.00223542591066
-0.00122354540998
-0.00214211297028
-0.00120026635717
-0.0020518796787
-0.00116937792163
-0.00196522159173
-0.00113162954482
-0.00188255069786
-0.00108777210297
-0.00180420136243
-0.00103854278344
-0.00173043718777
-0.000984652907777
-0.00166145837247
-0.000926778554799
-0.00159740922902
-0.000865553748869
-0.00153838559282
-0.000801565926165
-0.00148444192324
-0.000735353372417
-0.00143559795641
-0.000667404320769
-0.00139184481957
-0.000598157409967
-0.00135315055708
-0.000528003229598
-0.00131946504942
-0.000457286705844
-0.0012907243308
-0.000386310112205
-0.00126685432693
-0.000315336524444
-0.00124777404643
-0.000244593568129
-0.00123339826536
-0.000174277335423
-0.00122363974775
-0.000104556375142
-0.00121841104501
-3.55756811123e-05
-0.00121762591578
3.25393768672e-05
-0.0012212004044
9.96792184821e-05
-0.00122905361237
0.000165746341764
-0.00124110819243
0.000230651751558
-0.00125729059016
0.000294311536213
-0.00127753105268
0.000356643596041
-0.00130176341919
0.000417564522248
-0.00132992470289
0.000476986625391
-0.0013619544693
0.000534815109608
-0.00139779401099
0.000590945392314
-0.0014373853149
0.000645260571282
-0.00148066981407
0.00069762904344
-0.00152758691233
0.000747902287486
-0.00157807226748
0.000795912828391
-0.00163205581647
0.000841472408001
-0.00168945952459
0.000884370398584
-0.00175019484134
0.000924372505871
-0.00181415984703
0.000961219818274
-0.00188123607827
0.000994628276229
-0.00195128502743
0.00102428864873
-0.00202414432094
0.00104986711707
-0.00209962359557
0.00107100658554
-0.00217750011071
0.0010873288517
-0.00225751415937
0.00109843777917
-0.00233936437062
0.00110392362978
-0.00242270303394
0.00110336871306
-0.00250713161839
0.00109635450375
-0.00259219670899
0.00108247036595
-0.00267738663519
0.00106132398781
-0.00276212911973
0.00103255357627
-0.00284579032669
0.000995841790495
-0.00292767572784
0.000950931287009
-0.00300703322898
0.00089764161444
-0.00308305899368
0.000835887041603
-0.00315490635833
0.000765694707545
-0.00322169814104
0.000687222288057
-0.00328254249709
0.000600774169468
-0.00333655226268
0.000506814944025
-0.00338286745896
0.00040597892484
-0.00342068031492
0.000299074347327
-0.0034492618353
0.000187081020821
-0.00346798862818
7.11404464606e-05
-0.00347636845994
-4.7462172881e-05
-0.00347406286996
-0.000167324046429
-0.00028695838108
-0.00326739971538
-0.000426772379846
-0.00323435170606
-0.000552467567583
-0.00319059086846
-0.00067298902276
-0.00313671210815
-0.000786741409783
-0.00307348809422
-0.000892279516046
-0.00300184184831
-0.000988349715283
-0.00292281420961
-0.00107392131172
-0.00283752848096
-0.00114820636984
-0.00274715456267
-0.00121066771065
-0.00265287464776
-0.0012610157324
-0.00255585215751
-0.00129919547825
-0.00245720511378
-0.00132536588135
-0.00235798464531
-0.00133987336438
-0.00225915886587
-0.00134322197334
-0.00216160198026
-0.00133604205683
-0.00206608818764
-0.00131905920261
-0.00197328976435
-0.00129306478047
-0.00188377860821
-0.00125888907777
-0.00179803050058
-0.00121737765245
-0.00171643137104
-0.00116937123251
-0.00163928491605
-0.00111568923842
-0.00156682101135
-0.00105711681248
-0.00149920445516
-0.000994395110982
-0.00143654367693
-0.000928214527103
-0.00137889913682
-0.000859210466273
-0.00132629122192
-0.000787961287314
-0.00127870751269
-0.000714988030001
-0.00123610934887
-0.000640755573787
-0.00119843766715
-0.000565674911324
-0.00116561811513
-0.00049010625786
-0.00113756546948
-0.000414362757853
-0.001114187401
-0.000338714592928
-0.00109538763865
-0.000263393330476
-0.00108106858876
-0.00018859638531
-0.00107113346603
-0.000114491497873
-0.00106548799107
-4.12211560786e-05
-0.00106404170528
3.1093091079e-05
-0.00106670894884
0.000102346462046
-0.00107340954167
0.000172446934591
-0.00108406920119
0.000241311411084
-0.00109861972445
0.000308862059471
-0.00111699895566
0.000375022827249
-0.00113915055437
0.000439716120958
-0.0011650235733
0.00050285964432
-0.00119457184919
0.000564363385494
-0.0012277532045
0.000624126747625
-0.00126452845262
0.000682035819403
-0.00130486019411
0.000737960784936
-0.00134871138713
0.000791753480503
-0.00139604367091
0.000843245112172
-0.00144681541784
0.000892244154932
-0.00150097948689
0.000938534467635
-0.00155848064996
0.000981873668935
-0.00161925266262
0.00102199183094
-0.00168321495335
0.00105859056696
-0.00175026891022
0.0010913426056
-0.00182029375282
0.00111989195968
-0.00189314199051
0.00114385482323
-0.00196863448661
0.0011628213478
-0.00204655517373
0.00117635846629
-0.00212664549801
0.00118401395407
-0.00220859871193
0.00118532192698
-0.00229205418496
0.00117980997678
-0.0023765919608
0.00116700814179
-0.00246172785621
0.00114645988322
-0.00254690946756
0.00111773518762
-0.00263151352308
0.00108044584602
-0.00271484508385
0.00103426284778
-0.00279613914547
0.000978935676062
-0.00287456521349
0.000914313109616
-0.00294923540295
0.000840364897004
-0.00301921653201
0.000757203417123
-0.00308354652498
0.000665104162434
-0.00314125520214
0.000564523621185
-0.00319138921173
0.000456112934435
-0.00323304046482
0.000340725600419
-0.00326537699793
0.000219417553925
-0.00328767475973
9.34382082645e-05
-0.00329934845781
-3.57884748056e-05
-0.00329997937264
-0.000166693131601
-0.000297599739198
-0.00308099806061
-0.000446422419739
-0.00304972071471
-0.000583744913485
-0.0030072178783
-0.000715491859167
-0.0029541161086
-0.000839843179485
-0.00289124313382
-0.000955152490828
-0.00281959550612
-0.00105999734299
-0.00274030009066
-0.00115321672717
-0.00265457235269
-0.00123393410781
-0.00256367436368
-0.00130156569966
-0.00246887509616
-0.00135581499992
-0.00237141502378
-0.00139665555063
-0.00227247639476
-0.00142430451037
-0.00217315989613
-0.00143918986302
-0.00207446784815
-0.00144191402132
-0.00197729360713
-0.00143321629785
-0.00188241652807
-0.00141393628167
-0.00179050164253
-0.00138497966601
-0.00170210312135
-0.00134728759895
-0.00161767059582
-0.00130181017798
-0.00153755747556
-0.00124948435278
-0.00146203050607
-0.00119121620791
-0.00139127993273
-0.00112786738583
-0.00132542976591
-0.0010602452778
-0.00126454776437
-0.000989096528642
-0.00120865486361
-0.000915103367027
-0.00115773386933
-0.000838882281597
-0.00111173731255
-0.000760984586785
-0.00107059442313
-0.000681898463203
-0.00103421722304
-0.000602052111416
-0.00100250577266
-0.000521817708243
-0.000975352624862
-0.000441515905649
-0.00095264655392
-0.00036142066387
-0.000934275632325
-0.00028176425207
-0.000920129729784
-0.000202742287851
-0.000910102505978
-0.000124518721679
-0.000904092963893
-4.72306981631e-05
-0.000902006624108
2.90067512936e-05
-0.000903756373094
0.000104096211032
-0.000909263030938
0.000177953592435
-0.000918455676079
0.000250504056225
-0.000931271756988
0.000321678140379
-0.000947657013276
0.000391408083538
-0.000967565221545
0.000459624329226
-0.000990957774422
0.000526252197197
-0.0010178030946
0.000591208705672
-0.00104807587936
0.000654399532385
-0.00108175616493
0.000715716104973
-0.00111882819408
0.00077503281409
-0.00115927906475
0.000832204351173
-0.00120309713211
0.000887063179529
-0.00125027013161
0.000939417154435
-0.00130078298637
0.000989047322392
-0.00135461525893
0.00103570594149
-0.00141173820571
0.00107911477772
-0.0014721113925
0.00111896375375
-0.00153567883243
0.00115491004553
-0.0016023646142
0.00118657774145
-0.00167206799974
0.00121355820877
-0.00174465798814
0.0012354113362
-0.00181996736722
0.00125166784537
-0.00189778630855
0.00126183289539
-0.00197785560607
0.00126539122451
-0.00205985971501
0.00126181408572
-0.00214341981615
0.00125056824293
-0.00222808721164
0.00123112727871
-0.00231333744875
0.00120298542473
-0.00239856566479
0.00116567406205
-0.00248308374189
0.00111878092488
-0.00256611994347
0.00106197187765
-0.00264682176138
0.000995014927527
-0.00272426271333
0.000917805848948
-0.00279745377347
0.000830394477261
-0.00286535997104
0.000733010360005
-0.00292692243374
0.000626086083886
-0.00298108577545
0.000510276276146
-0.0030268302396
0.000386470064569
-0.00306320744308
0.000255794757405
-0.00308937798393
0.00011960874912
-0.00310464865962
-2.05177991181e-05
-0.00310850667524
-0.000162835115983
-0.000305458313932
-0.00287661453516
-0.000463532753698
-0.00284732481954
-0.000613034629105
-0.00280626165413
-0.00075655502457
-0.00275408719098
-0.000892017642638
-0.00269169222728
-0.00101754745453
-0.00262015778089
-0.00113153178938
-0.00254070922047
-0.00123266528758
-0.0024546667903
-0.00131997653798
-0.00236339624779
-0.00139283624217
-0.0022682628013
-0.00145094844642
-0.00217059076188
-0.00149432759004
-0.00207163045149
-0.00152326482076
-0.00197253306301
-0.0015382872515
-0.00187433344384
-0.00154011364048
-0.0017779402248
-0.0015296095169
-0.00168413235253
-0.00150774415394
-0.0015935608908
-0.00147555112774
-0.00150675490072
-0.00143409358903
-0.00142413025885
-0.00138443481985
-0.00134600038788
-0.00132761422375
-0.00127258802851
-0.00126462856728
-0.00120403734891
-0.00119641806543
-0.00114042585245
-0.00112385677426
-0.00108177569449
-0.0010477466866
-0.00102806414848
-0.000968814913035
-0.000979233068316
-0.000887713361765
-0.00093519727733
-0.00080502037777
-0.000895851877709
-0.000721243862824
-0.000861078518504
-0.000636825470621
-0.000830750690431
-0.000552145536317
-0.000804738133393
-0.000467528462686
-0.000782910451223
-0.00038324834604
-0.000765140029924
-0.00029953467337
-0.000751304352794
-0.000216577964981
-0.000741287799517
-0.000134535274956
-0.000734983008179
-5.35354895014e-05
-0.000732291869926
2.63156130409e-05
-0.000733126216281
0.000104930557386
-0.000737408249447
0.0001822356256
-0.000745070756548
0.000258166563326
-0.000756057139712
0.000332664523543
-0.000770321285407
0.000405672229233
-0.000787827288318
0.000477130332137
-0.000808549037431
0.00054697394631
-0.000832469664605
0.000615129332846
-0.000859580848825
0.000681510716605
-0.000889881962486
0.000746017218634
-0.000923379039171
0.000808529890776
-0.00096008353578
0.000868908847781
-0.00100001085531
0.000926990499057
-0.00104317859018
0.000982584889307
-0.00108960444014
0.00103547317235
-0.00113930375348
0.00108540525484
-0.00119228663607
0.0011320976603
-0.0012485545703
0.00117523168798
-0.0013080964861
0.00121445196133
-0.0013708842295
0.00124936548484
-0.00143686738276
0.00127954136202
-0.00150596740492
0.00130451135837
-0.00157807108446
0.00132377152491
-0.00165302332931
0.00133678514024
-0.00173061936572
0.00134298726092
-0.00181059647788
0.00134179119788
-0.00189262549753
0.00133259726258
-0.00197630234735
0.00131480412853
-0.00206114005254
0.00128782312992
-0.00214656175949
0.001251095769
-0.00223189543143
0.00120411459682
-0.00231637101756
0.00114644746378
-0.00239912099731
0.00107776490728
-0.00247918526159
0.000997870113222
-0.00255552127793
0.000906730493608
-0.00262702036303
0.000804509445099
-0.00269253062051
0.000691596341369
-0.00275088667377
0.000568632329405
-0.00280094572916
0.000436529119956
-0.00284162877862
0.000296477806864
-0.00287196497107
0.000149944941573
-0.00289113645644
-1.34631375054e-06
-0.00289852043508
-0.00015545113734
-0.000310253879897
-0.00265296929011
-0.0004778326316
-0.00262590806261
-0.000640095856614
-0.00258649394562
-0.000795969141555
-0.00253542870222
-0.00094308288604
-0.00247367500111
-0.00107930115564
-0.00240241049576
-0.00120279629473
-0.00232297287331
-0.00131210291003
-0.00223680089877
-0.00140614851252
-0.00214537620624
-0.0014842609347
-0.00205016978728
-0.00154615486537
-0.00195259605038
-0.00159190132694
-0.00185397615557
-0.00162188471556
-0.00175551122933
-0.00163675217775
-0.00165826516355
-0.00163735970625
-0.00156315605805
-0.0016247186224
-0.00147095497631
-0.00159994523568
-0.00138229051469
-0.00156421558936
-0.00129765768257
-0.00151872642114
-0.00121742970647
-0.00146466279595
-0.00114187155531
-0.00140317237491
-0.00107115420082
-0.00133534592178
-0.00100536884786
-0.00126220341838
-0.000944540575291
-0.00118468504682
-0.000888641008077
-0.00110364625382
-0.000837599791162
-0.00101985612995
-0.000791314753735
-0.000933998399192
-0.000749660741509
-0.000846674389997
-0.000712497158427
-0.000758407445906
-0.00067967430134
-0.000669648327708
-0.000651038596684
-0.000580781240973
-0.000626436860756
-0.000492130198614
-0.000605719708133
-0.000403965498663
-0.000588744229234
-0.000316510152268
-0.00057537605014
-0.000229946144075
-0.000565490877199
-0.000144420447897
-0.000558975617091
-6.00507496091e-05
-0.000555729150708
2.30691466576e-05
-0.000555662826998
0.000104864233676
-0.000558700731267
0.000185273529869
-0.000564779771447
0.000264245603506
-0.000573849615609
0.000341734367706
-0.000585872504545
0.000417695118169
-0.000600822954361
0.000492080781953
-0.00061868735579
0.00056483834774
-0.000639463468965
0.00063590544602
-0.000663159804766
0.000705207052406
-0.000689794876375
0.000772652290243
-0.000719396297042
0.000838131311443
-0.00075199969258
0.000901512243319
-0.00078764738937
0.000962638195847
-0.000826386830863
0.0010213243308
-0.000868268667858
0.00107735500935
-0.000913344460441
0.00113048104742
-0.000961663922558
0.00118041712242
-0.00101327163474
0.00122683940016
-0.00106820314697
0.00126938347356
-0.00112648039323
0.0013076427311
-0.00118810634353
0.00134116731232
-0.0012530588299
0.00136946384474
-0.00132128350206
0.00139199619707
-0.00139268589924
0.00140818753741
-0.00146712266973
0.00141742403142
-0.0015443920324
0.00141906056054
-0.00162422365742
0.0014124288876
-0.0017062682505
0.00139684872161
-0.00179008725449
0.00137164213391
-0.00187514323638
0.00133615175089
-0.0019607916984
0.00128976305883
-0.00204627523012
0.0012319309955
-0.00213072108644
0.00116221076359
-0.0022131434042
0.00108029243098
-0.0022924513228
0.000986038412202
-0.00236746420025
0.000879522322558
-0.00243693486719
0.000761067008303
-0.00249958139302
0.000631278855231
-0.00255412713231
0.000491074859248
-0.00259934789961
0.00034169857417
-0.00263412409117
0.00018472113313
-0.00265749457753
2.20241726075e-05
-0.00266870832724
-0.000144237387624
-0.000311693039125
-0.00240855779843
-0.000489029904063
-0.002383994988
-0.000664658667044
-0.00234647478814
-0.000833489341413
-0.00229674232257
-0.000992815351612
-0.00223584153381
-0.0011402019444
-0.00216506000166
-0.00127357782688
-0.00208586276494
-0.00139130014675
-0.00199982179024
-0.00149218948721
-0.00190854716955
-0.0015755355554
-0.00181362492667
-0.00164107710825
-0.00171656482884
-0.00168896142478
-0.00161876003669
-0.00171968950771
-0.0015214590004
-0.00173405321403
-0.00142574889703
-0.00173306980963
-0.00133254916544
-0.00171791835399
-0.00124261330252
-0.00168988109859
-0.00115653696797
-0.00165029192391
-0.0010747705271
-0.00160049286202
-0.000997634370075
-0.00154179895298
-0.000925335620228
-0.00147547112476
-0.000857985138429
-0.00140269640358
-0.000795614013587
-0.00132457454323
-0.000738188980979
-0.00124211007943
-0.00068562642146
-0.00115620881334
-0.000637804763076
-0.00106767778833
-0.000594575233723
-0.000977227928545
-0.000555771004679
-0.000885478619041
-0.000521214825749
-0.000792963624836
-0.00049072528943
-0.000700137864027
-0.0004641218799
-0.000607384650503
-0.000441228967734
-0.00051502311078
-0.000421878906936
-0.000423315559461
-0.00040591438069
-0.000332474678515
-0.000393190128524
-0.00024267039624
-0.000383574172112
-0.000154036404309
-0.000376948640994
-6.66762807277e-05
-0.000373210284015
1.93307896787e-05
-0.00037227073752
0.000103924687181
-0.00037405660778
0.00018705940013
-0.000378509412721
0.000268698408447
-0.000385585416767
0.000348810371751
-0.000395255382384
0.000427365083786
-0.00040750425253
0.000504329652099
-0.000422330769536
0.000579664864746
-0.00043974702766
0.000653321704144
-0.000459777948574
0.00072523797332
-0.000482460661125
0.000795335002794
-0.00050784375858
0.000863514408898
-0.00053598639829
0.000929654883029
-0.000566957200011
0.000993608997569
-0.000600832889958
0.00105520002075
-0.000637696628243
0.00111421874764
-0.000677635947698
0.00117042036687
-0.000720740222396
0.00122352139712
-0.000767097575303
0.00127319675307
-0.00081679112688
0.00131907702514
-0.00086989448127
0.00136074608549
-0.00092646634567
0.00139773917672
-0.000986544183458
0.00142954168252
-0.00105013681507
0.00145558882868
-0.00111721590614
0.00147526662848
-0.00118770632364
0.00148791444892
-0.00126147540159
0.00149282963849
-0.00133832124393
0.00148927472994
-0.00141796030711
0.00147648778478
-0.00150001465201
0.00145369647882
-0.00158399943681
0.00142013653569
-0.00166931143539
0.00137507505742
-0.00175521960307
0.00131783916318
-0.00184085895495
0.00124785011547
-0.00192522924175
0.00116466271778
-0.00200720005712
0.00106800922758
-0.00208552402418
0.000957846289616
-0.00215885951087
0.000834402494988
-0.00222580384227
0.000698223186632
-0.00228493716067
0.000550208177651
-0.002334875937
0.000391637350494
-0.00237433379788
0.000224178994015
-0.0024021860179
4.98763926297e-05
-0.0024175327592
-0.000128890646329
-0.000309470727427
-0.00214160205217
-0.000496808470493
-0.00211984398386
-0.000686416735357
-0.00208450934912
-0.000868823976148
-0.0020363894581
-0.00104093524263
-0.00197661905938
-0.00119997234312
-0.00190660970273
-0.00134358718353
-0.00182796966722
-0.00146994018226
-0.00174241932484
-0.0015777398296
-0.00165170970249
-0.00166624517775
-0.00155755023138
-0.00173523657936
-0.00146154966798
-0.00178496198818
-0.00136517209055
-0.00181606708514
-0.00126970802325
-0.00182951728133
-0.00117625937747
-0.00182651845542
-0.00108573608132
-0.00180844165014
-0.000998861911202
-0.00177675526871
-0.00091618702269
-0.00173296681242
-0.000838104886719
-0.00167857499799
-0.000764871673578
-0.00161503216612
-0.000696626516066
-0.00154371628227
-0.000633411470911
-0.00146591144873
-0.000575190350835
-0.0013827956633
-0.000521865899959
-0.00129543453031
-0.00047329502667
-0.00120477968663
-0.000429301991851
-0.00111167082315
-0.000389689582268
-0.00101684033813
-0.00035424838734
-0.000920919813969
-0.000322764351456
-0.00082444766072
-0.0002950248012
-0.000727877414283
-0.00027082315516
-0.000631586296542
-0.000249962519151
-0.00053588374679
-0.000232258356353
-0.000441019722259
-0.000217540403804
-0.000347192631064
-0.000205653986368
-0.000254556813676
-0.000196460858462
-0.000163229532215
-0.000189839683676
-7.3297455514e-05
-0.000185686243664
1.51773496666e-05
-0.000183913450547
0.000102151894065
-0.000184451221758
0.00018759717134
-0.000187246262667
0.000271493449356
-0.000192261790293
0.000353825899378
-0.000199477220702
0.000434580514194
-0.000208887833032
0.000513740264429
-0.000220504414294
0.000591281446009
-0.000234352880705
0.000667170170555
-0.000250473863249
0.000741358955864
-0.000268922237063
0.000813783376607
-0.000289766565829
0.000884358737664
-0.000313088423559
0.000952976740759
-0.000338981546654
0.00101950212066
-0.000367550758837
0.00108376923293
-0.000398910600505
0.0011455785893
-0.00043318358222
0.00120469334859
-0.000470497969545
0.00126083578444
-0.000510984993952
0.00131368377748
-0.0005547753724
0.00136286740359
-0.000601995007627
0.00140796572072
-0.00065275973376
0.00144850390286
-0.000707168969616
0.00148395091838
-0.000765298147672
0.00151371800673
-0.000827189804187
0.001537158285
-0.000892843249683
0.00155356789442
-0.000962202794239
0.00156218918305
-0.00103514458567
0.00156221652137
-0.0011114622367
0.00155280543582
-0.00119085157658
0.0015330858187
-0.00127289506812
0.00150218002723
-0.00135704668578
0.00145922667508
-0.00144261834938
0.00140341082678
-0.00152876933983
0.00133400110592
-0.00161450045702
0.00125039383498
-0.00169865496321
0.00115216373376
-0.00177992850386
0.00103911983027
-0.0018568901032
0.000911364094323
-0.00192801587917
0.000769348962604
-0.00199173621153
0.000613928510008
-0.00204649568285
0.000446396821823
-0.00209082339576
0.000268506706918
-0.00212340963453
8.24626313998e-05
-0.00214318307045
-0.000109117210408
-0.000303273179277
-0.00184998680483
-0.000500825084816
-0.00183138681964
-0.000705016720553
-0.00179859283635
-0.000901617959433
-0.00175244303736
-0.00108708504163
-0.00169417167418
-0.0012582437063
-0.00162532823371
-0.00141243062401
-0.00154768018699
-0.00154758822897
-0.0014631112544
-0.00166230876219
-0.00137352498413
-0.00175583144801
-0.0012807609176
-0.00182800064589
-0.00118652800482
-0.00187919490095
-0.00109235716439
-0.00191023792558
-0.00099957245526
-0.00192230199045
-0.000909278673944
-0.00191681223673
-0.000822362327909
-0.00189535799617
-0.000739502679697
-0.00185961491693
-0.000661189704718
-0.0018112797874
-0.000587746195373
-0.00175201850733
-0.000519351749842
-0.00168342661165
-0.000456066913878
-0.00160700111823
-0.00039785624031
-0.0015241221223
-0.000344609460668
-0.00143604244294
-0.000296160312046
-0.00134388367893
-0.000252302829834
-0.00124863716884
-0.000212805110235
-0.00115116854275
-0.000177420676472
-0.00105222477189
-0.000145897662315
-0.000952442828125
-0.000117986067864
-0.000852359255172
-9.3443355995e-05
-0.000752420126152
-7.20386525694e-05
-0.000652990999968
-5.35557962532e-05
-0.000554366603106
-3.77954597272e-05
-0.000456780058785
-2.45765370198e-05
-0.000360411553772
-1.37369641885e-05
-0.000265396386507
-5.13411410393e-06
-0.000171832382299
1.35511827319e-06
-7.97866878911e-05
5.83444559148e-06
1.06980223484e-05
8.38845753761e-06
9.95978821188e-05
9.08297147776e-06
0.0001869026574
7.96542024285e-06
0.000272611000591
5.06524548107e-06
0.00035672607414
3.94275841356e-07
0.000439251483834
-6.05292115441e-06
0.000520187461425
-1.42987160277e-05
0.000599527240882
-2.43821173925e-05
0.00067725357192
-3.63584815937e-05
0.000753335320065
-5.02992104086e-05
0.000827724105422
-6.62914068716e-05
0.000900350934127
-8.44374502308e-05
0.000971122784118
-0.000104854441057
0.00103991911149
-0.000127673456344
0.00110658824822
-0.000153038542008
0.00117094367497
-0.000181105356409
0.00123276016299
-0.000212039363298
0.00129176979133
-0.000246013456463
0.00134765787064
-0.00028320488159
0.00140005882872
-0.000323791304413
0.00144855214354
-0.000367945859638
0.00149265845808
-0.000415831004343
0.00153183606309
-0.000467590995468
0.00156547799786
-0.00052334281779
0.00159291010732
-0.00058316541141
0.00161339048804
-0.000647087092697
0.00162611086433
-0.000715071137908
0.00163020056658
-0.000786999613137
0.00162473391105
-0.00086265569749
0.00160874190305
-0.000941704968544
0.00158122929828
-0.00102367640811
0.00154119811465
-0.00110794424598
0.00148767866464
-0.0011937121857
0.00141976904564
-0.00128000202574
0.00133668367502
-0.00136564914741
0.00123781085544
-0.00144930768465
0.0011227783675
-0.00152946826754
0.000991524677217
-0.0016044908752
0.000844371570264
-0.00167265436312
0.000682091997925
-0.00173222249756
0.000505964956272
-0.00178152413785
0.000317808347199
-0.00181904340931
0.000119981902866
-0.0018435134955
-8.46471242156e-05
-0.000292783255624
-0.00153117488284
-0.000500705276969
-0.00151614906674
-0.000720042536654
-0.00148633922246
-0.000931427803705
-0.00144262676575
-0.00113079749834
-0.00138635147891
-0.00131451899314
-0.00131921301826
-0.00147956908466
-0.00124315252388
-0.00162364872335
-0.00116023039033
-0.00174523089574
-0.00107251221646
-0.00184354962188
-0.000981971656569
-0.00191854120578
-0.000890415715885
-0.00197075084164
-0.000799434297352
-0.00200121934411
-0.00071037255452
-0.00201136373329
-0.000624322613426
-0.00200286217783
-0.0005421303964
-0.0019775502132
-0.000464413226484
-0.00193733208684
-0.00039158429492
-0.00188410871896
-0.000323880714137
-0.00181972208811
-0.00026139260068
-0.00174591472511
-0.000204091331955
-0.00166430238696
-0.000151855738591
-0.00157635771566
-0.000104495502611
-0.00148340267892
-6.17714245509e-05
-0.00138660775699
-2.34125084192e-05
-0.00128699608497
1.08699928285e-05
-0.001185451044
4.13713092374e-05
-0.0010827260883
6.83843380478e-05
-0.000979455856936
9.21929325082e-05
-0.000876167849632
0.000113066952933
-0.000773294146577
0.000131258760092
-0.000671182807127
0.000147000863064
-0.000570108706078
0.000160504470048
-0.000470283665769
0.000171958727424
-0.000371865811148
0.0001815304674
-0.000274968126483
0.00018936431663
-0.000179666231529
0.000195583046582
-8.6005417843e-05
0.000200288070983
5.99299794713e-06
0.000203560016718
9.63259363843e-05
0.000205459312249
0.000185003361868
0.00020602675253
0.00027204356031
0.000205284011868
0.000357468814801
0.000203234086862
0.000441301408841
0.000199861660646
0.00052355988764
0.000195133387916
0.000604255513612
0.000188998107737
0.000683388852099
0.00018138699857
0.000760946429232
0.000172213697483
0.000836897406508
0.000161374413618
0.000911190217992
0.000148748074968
0.000983749122769
0.000134196557665
0.00105447062879
0.000117565058704
0.00112321974718
9.86826864684e-05
0.0011898260472
7.73633588895e-05
0.00125407949057
5.34071166461e-05
0.00131572603358
2.6601978405e-05
0.00137446300888
-3.27351359335e-06
0.00142993432072
-3.64468868364e-05
0.00148172551679
-7.31472777546e-05
0.001529358849
-0.000113599703685
0.00157228848902
-0.000158017839058
0.00160989613323
-0.000206595061015
0.00164148732928
-0.000259493537882
0.00166628896491
-0.000316831163636
0.00168344849009
-0.000378666202261
0.00169203560521
-0.000444979608345
0.00169104731713
-0.000515655147513
0.00167941744222
-0.000590457667012
0.00165603181778
-0.00066901017816
0.00161975062579
-0.000750770822494
0.00156943930898
-0.00083501131231
0.00150400953546
-0.000920799055569
0.00142247141828
-0.0010069858498
0.00132399764967
-0.00109220663831
0.00120799915601
-0.00117489215809
0.001074210197
-0.00125329913502
0.000922778547196
-0.00132556071477
0.000754353577671
-0.00138975766318
0.000570161904675
-0.0014440079856
0.000372058669621
-0.00148657119413
0.0001625451114
-0.00151596150178
-5.5256816572e-05
-0.000277689682408
-0.00118209260403
-0.000496038079136
-0.00117114353245
-0.000730991608233
-0.00114488763388
-0.000957683702272
-0.00110423776543
-0.00117144736679
-0.0010506392633
-0.00136811749527
-0.000985949302944
-0.00154425904501
-0.000912292867638
-0.00169730515866
-0.000831916516283
-0.0018256072471
-0.000747053769945
-0.00192841236822
-0.000659812522386
-0.00200578245334
-0.000572091455715
-0.00205847190831
-0.000485527164719
-0.00208778363511
-0.000401469146136
-0.00209542175187
-0.000320977438213
-0.00208335388575
-0.000244837046278
-0.00205369060513
-0.000173583594364
-0.00200858553876
-0.000107535422486
-0.00195015689084
-4.68283247278e-05
-0.00188042918587
8.54988525282e-06
-0.00180129293509
5.87268982328e-05
-0.00171447939994
0.000103916691882
-0.00162154750931
0.000144394156612
-0.00152388014365
0.000180473722426
-0.0014226873228
0.000212491852676
-0.00131901421522
0.000240793088912
-0.00121375228023
0.000265719233362
-0.00110765223275
0.000287601218276
-0.00100133784185
0.000306753214857
-0.000895319846213
0.000323468563564
-0.000790009495284
0.000338017150589
-0.000685731394152
0.000350643904293
-0.000582735459781
0.000361568135053
-0.000481207896529
0.000370983488979
-0.000381281165074
0.000379058328411
-0.000283042965915
0.000385936389429
-0.000186544292547
0.000391737598409
-9.18066268228e-05
0.00039655895643
1.17163992571e-06
0.000400475422459
9.24094703552e-05
0.000403540744388
0.000181938039939
0.000405788201792
0.000269796102907
0.000407231236349
0.000356025780245
0.000407863955836
0.000440668689354
0.000407661505985
0.000523762337491
0.000406580311825
0.000605336707772
0.000404558196847
0.000685410967077
0.00040151439491
0.000763990231169
0.000397349476606
0.000841062324812
0.000391945219285
0.000916594475313
0.000385164458463
0.000990529883591
0.000376850968303
0.00106278411895
0.000366829430704
0.00113324128478
0.00035490556655
0.00120174991136
0.000340866519349
0.00126811853777
0.000324481600979
0.00133211095195
0.000305503531853
0.00139344107801
0.000283670333331
0.00145176751924
0.000258708058424
0.00150668779169
0.000230334576695
0.00155773233073
0.000198264659252
0.00160435840646
0.000162216637216
0.00164594415527
0.000121920928042
0.00168178303845
7.71307330116e-05
0.00171107915994
2.76351986907e-05
0.00173294402441
-2.67247050013e-05
0.0017463955089
-8.60374196597e-05
0.00175036003179
-0.000150299115481
0.00174367913804
-0.000219389276409
0.00172512197871
-0.000293044054764
0.00169340540415
-0.000370828337875
0.00164722359209
-0.000452108065383
0.00158528926297
-0.000536025107414
0.00150638846031
-0.00062147794219
0.00140945048445
-0.000707112326533
0.00129363354035
-0.000791326849025
0.00115842471949
-0.000872298368983
0.00100375006715
-0.000948031472063
0.000830086680752
-0.00101643326415
0.000638563696765
-0.00107541058969
0.000431035995161
-0.00112298706753
0.000210121589235
-0.00115743860466
-2.08052794356e-05
-0.000257702880877
-0.000798971735982
-0.000486369158916
-0.000792724951288
-0.000737238392927
-0.000770777416752
-0.000979631236809
-0.000734046967944
-0.0012081778156
-0.00068407259199
-0.00141809187122
-0.000622865584194
-0.00160546605281
-0.000552735583237
-0.00176743515962
-0.000476117520215
-0.00190222531012
-0.000395413102518
-0.00200911678592
-0.000312859674017
-0.00208833588184
-0.000230436428112
-0.00214089515421
-0.000149809707762
-0.00216841035546
-7.23123630906e-05
-0.00217291909654
1.05060052264e-06
-0.00215671684936
6.95780342484e-05
-0.00212221803886
0.000132837369364
-0.00207184487387
0.000190623789685
-0.00200794331116
0.000242918175475
-0.00193272357166
0.000289846821493
-0.0018482215811
0.000331644813798
-0.00175627739224
0.000368624069756
-0.00165852676527
0.000401146397014
-0.00155640247091
0.000429601482054
-0.00145114240784
0.000454389439037
-0.0013438021722
0.000475907396102
-0.0012352702373
0.000494539533887
-0.00112628437053
0.0005106499898
-0.00101744829776
0.000524578078418
-0.000909247934831
0.000536635336162
-0.000802066753028
0.000547103964929
-0.00069620002292
0.000556236316735
-0.000591867811587
0.000564255124928
-0.000489226704722
0.000571354244499
-0.000388380284645
0.00057769971338
-0.000289388434796
0.000583430988342
-0.000192275567509
0.000588662243633
-9.70378821132e-05
0.000593483648485
-3.64976492724e-06
0.00059796256222
8.79305566202e-05
0.000602144603485
0.000177755998674
0.000606054564318
0.000265886142074
0.000609697150836
0.000352383193726
0.000613057541237
0.000437308298953
0.000616101758985
0.000520718119743
0.00061877686523
0.000602661601527
0.000621010980038
0.00068317685227
0.000622713147459
0.000762288063747
0.000623773065254
0.000840002407018
0.000624060706569
0.000916306833997
0.000623425868664
0.000991164721496
0.000621697693094
0.00106451229452
0.000618684213333
0.00113625476454
0.000614171999915
0.00120626212477
0.000607925990461
0.00127436454722
0.000599689612825
0.00134034732958
0.000589185334481
0.00140394535635
0.000576115800402
0.00146483705331
0.000560165755078
0.00152263783702
0.000541004981339
0.00157689310447
0.000518292528238
0.00162707085956
0.000491682540006
0.0016725541435
0.000460832034538
0.00171263354392
0.000425411007479
0.001746500187
0.000385115249462
0.00177323978243
0.000339682248979
0.00179182850938
0.000288910498557
0.00180113178221
0.000232682410323
0.00179990722627
0.000170990856274
0.00178681353276
0.000103969050732
0.00176042720969
3.19230489927e-05
0.00171926959383
-4.46345066775e-05
0.00166184681864
-0.000124951669443
0.00158670562307
-0.000208008985598
0.0014925078006
-0.000292500691251
0.00137812524601
-0.000376831367704
0.00124275539595
-0.000459134620447
0.0010860533199
-0.000537319710331
0.000908271770636
-0.000609148085861
0.000710392072295
-0.000672334110917
0.000494222020217
-0.000724669069221
0.000262456547538
-0.000764182008013
1.87076593564e-05
-0.000232582073126
-0.00037712728844
-0.000471191875267
-0.000376388256004
-0.000737977425363
-0.000359778660303
-0.00099624083251
-0.00032816951307
-0.00123978696283
-0.000283159209527
-0.00146310217476
-0.000226888061646
-0.00166173720069
-0.000161832910053
-0.00183249031121
-9.06069752124e-05
-0.00197345124496
-1.57729904443e-05
-0.00208395077069
6.03121479835e-05
-0.00216442102027
0.000135604216848
-0.00221618722308
0.000208427932046
-0.00224123407066
0.000277491320171
-0.00224198248467
0.000341869722869
-0.00222109525206
0.000400970118897
-0.00218131843489
0.000454484602689
-0.00212535935766
0.000502339799079
-0.00205579850755
0.000544647012621
-0.00197503078521
0.000581656195948
-0.00188523076443
0.000613715462234
-0.00178833665853
0.000641236861922
-0.00168604816496
0.000664668451478
-0.00157983406047
0.000684472243681
-0.00147094620004
0.000701107384473
-0.001360437313
0.000715017795958
-0.00124918064878
0.000726623513199
-0.00113789008778
0.000736314988315
-0.00102713977288
0.000744449712767
-0.000917382659283
0.000751350599475
-0.000808967639736
0.000757305658538
-0.000702155081983
0.000762568586715
-0.000597130739764
0.000767359967834
-0.000494018085841
0.000771868847349
-0.00039288916416
0.000776254499396
-0.000293774086842
0.000780648249681
-0.000196669317794
0.000785155253523
-0.000101544885956
0.000789856156703
-8.35066810712e-06
0.000794808588761
8.29781245625e-05
0.000800048455245
0.00017251613219
0.000805591008186
0.000260343589134
0.00081143168374
0.000346542518172
0.000817546703304
0.000431193279389
0.000823893440055
0.000514371382992
0.000830410557564
0.000596144484018
0.000837017931204
0.000676569478631
0.000843616367148
0.000755689627802
0.000850087138242
0.000833531635925
0.00085629136126
0.000910102610979
0.000862069246757
0.000985386836
0.000867239261072
0.00105934228021
0.000871597250845
0.00113189677476
0.000874915594097
0.00120294378152
0.000876942459209
0.00127233768211
0.000877401274674
0.00133988851412
0.000875990538917
0.00140535609211
0.000872384131394
0.00146844346084
0.000866232323807
0.0015287896446
0.000857163733715
0.00158596169456
0.000844788511101
0.00163944608217
0.000828703100005
0.00168863955459
0.000808496968862
0.00173283967506
0.000783761749698
0.00177123540616
0.000754103260708
0.00180289827142
0.000719156898855
0.00182677487124
0.000678606865768
0.0018416818153
0.000632209613881
0.00184630447816
0.000579821747234
0.0018392013994
0.000521432351813
0.00181881660511
0.000457199317459
0.00178350262818
0.000387488569191
0.00173155756691
0.000312914124534
0.00166128006773
0.000234375381959
0.00157104654318
0.000153086071846
0.00145941455612
7.05874761983e-05
0.00132525399159
-1.1262454716e-05
0.00116790325081
-9.03323182582e-05
0.000987341634178
-0.000164294940659
0.000784354694695
-0.000230724424589
0.000560651504148
-0.000287210861839
0.000318942984789
-0.000331549857729
6.30466552462e-05
-0.000202181926065
8.93607264332e-05
-0.000449935500225
8.35160139035e-05
-0.000732132712833
9.3341021994e-05
-0.0010060658406
0.000118105027962
-0.0012645509688
0.000156225150596
-0.0015012222974
0.000205499625311
-0.00171101167541
0.000263335543229
-0.00189032622913
0.000326970240242
-0.00203708594197
0.000393694785748
-0.00215067531619
0.000461045551749
-0.00223177178627
0.000526930371945
-0.00228207204327
0.000589687003284
-0.002303990702
0.000648089263734
-0.00230038474512
0.000701318116094
-0.00227432410442
0.000748912004018
-0.00222891232281
0.000790707427653
-0.0021671547813
0.000826777664214
-0.00209186874411
0.000857374826501
-0.00200562794749
0.000882878269915
-0.00191073420785
0.000903750745785
-0.0018092091344
0.000920502590698
-0.00170280000987
0.000933663539027
-0.0015929950088
0.000943761349142
-0.00148104401016
0.000951306254668
-0.00136798221852
0.00095678021807
-0.00125465461219
0.000960630019138
-0.00114173988884
0.000963263314789
-0.00102977306853
0.000965046930988
-0.000919166275482
0.000966306774448
-0.000810227483196
0.000967328870396
-0.00070317717793
0.000968361137577
-0.000598163006945
0.000969615600868
-0.000495272549132
0.000971270815394
-0.000394544378686
0.00097347433521
-0.000295977606658
0.000976345106246
-0.00019954008883
0.000979975699259
-0.00010517547897
0.000984434325925
-1.28092947724e-05
0.00098976660165
7.76458488373e-05
0.000995997033731
0.000166285700108
0.00100313022426
0.000253210398601
0.00101115178494
0.000338520957493
0.0010200289663
0.00042231609803
0.00102971100779
0.000504689341506
0.001040129218
0.000585726273803
0.00105119679686
0.000665501899773
0.00106280841391
0.00074407801075
0.00107483956003
0.000821500489802
0.00108714569348
0.000897796477529
0.00109956120659
0.000972971322895
0.00111189824644
0.00104700524036
0.00112394543257
0.00111984958864
0.00113546652732
0.00119142268677
0.00114619913149
0.00126160507794
0.00115585349903
0.00133023414658
0.00116411159197
0.00139709799917
0.00117062653043
0.00146192852238
0.00117502263328
0.00152439354175
0.00117689629405
0.00158408803379
0.00117581799226
0.00164052438397
0.00117133580288
0.00169312174397
0.00116298083212
0.00174119464583
0.00115027507206
0.00178394116622
0.00113274222343
0.00182043112004
0.00110992207395
0.00184959502072
0.00108138902786
0.00187021486139
0.0010467753421
0.00188091816393
0.00100579951382
0.00188017722768
0.000958300054045
0.00186631606489
0.000904274525984
0.00183752815624
0.000843923134113
0.00179190895878
0.000777695123074
0.00172750807877
0.000706334427868
0.00164240723838
0.000630918229718
0.00153483075427
0.000552879265114
0.0014032929562
0.000474001247228
0.0012467812687
0.000396375761428
0.00106496711998
0.000322318155665
0.000858412300459
0.000254283940218
0.000628685719594
0.000194804618465
0.000378422306541
0.000146265622904
0.000111585650807
-0.000166533404635
0.000608110186541
-0.000421948299784
0.000594187605925
-0.000718210132217
0.000595140873264
-0.00100701910794
0.000610535057615
-0.00127994515315
0.000638951536331
-0.00152963877611
0.000678277635891
-0.00175033777497
0.000725915171923
-0.00193796376516
0.000779005835521
-0.00209017660557
0.000834712086898
-0.00220638156757
0.000890471756639
-0.00228753145601
0.000944156452184
-0.00233575673882
0.00099413424604
-0.00235396849585
0.00103926544308
-0.00234551594215
0.00107885774887
-0.00231391641022
0.00111259998479
-0.00226265455873
0.00114048794583
-0.00219504274233
0.0011627515126
-0.00211413231089
0.00117978846535
-0.00202266490023
0.00119210771294
-0.00192305345544
0.00120028278804
-0.0018173842095
0.00120491529012
-0.00170743251195
0.00120660729694
-0.00159468701561
0.00120594145594
-0.00148037816916
0.00120346739025
-0.00136550815283
0.00119969311757
-0.00125088033951
0.00119508032039
-0.00113712709166
0.00119004247799
-0.00102473522613
0.0011849450474
-0.000914068844888
0.00118010704475
-0.000805389480549
0.00117580352325
-0.000698873656426
0.00117226856529
-0.00059462804899
0.0011696985056
-0.00049270248944
0.00116825518053
-0.000393101053621
0.00116806905998
-0.000295791486105
0.00116924216431
-0.000200713193161
0.00117185070349
-0.000107784018152
0.00117594740051
-1.69059917901e-05
0.00118156347915
7.20297702002e-05
0.00118871030857
0.000159138870687
0.00119738070541
0.000244540001767
0.00120754989932
0.000328351763583
0.00121917617127
0.000410689826081
0.00123220117543
0.000491664337341
0.00124654995678
0.000571377492459
0.00126213067689
0.000649921179664
0.0012788340615
0.000727374626136
0.00129653258444
0.000803801966865
0.00131507940484
0.000879249657123
0.00133430707834
0.0009537436494
0.00135402606821
0.00102728625048
0.00137402309095
0.0010998525659
0.00139405934171
0.00117138643601
0.00141386866111
0.00124179575853
0.00143315572538
0.00131094708232
0.00145159436889
0.00137865935566
0.00146882618303
0.00144469670824
0.00148445957832
0.00150876014646
0.00149806954965
0.00157047806246
0.00150919844722
0.0016293954864
0.00151735812743
0.00168496206376
0.00152203393692
0.00173651883634
0.0015226910639
0.00178328403923
0.0015187838682
0.00182433831574
0.0015097688636
0.00185861002532
0.0014951220616
0.00188486166339
0.00147436137521
0.00190167885032
0.00144707470368
0.00190746389921
0.00141295414836
0.00190043662022
0.00137183651255
0.00187864579205
0.00132374973706
0.00183999573427
0.0012689639659
0.00178229384993
0.00120804383044
0.00170332737384
0.00114189450626
0.00160098007845
0.00107178954276
0.0014733979197
0.000999366397608
0.00131920441384
0.000926571490193
0.00113776202739
0.00085554654417
0.000929437246482
0.000788563462708
0.000695668801056
0.000728112237528
0.000438873531721
0.000676646368026
0.00016305152031
-0.000125984423592
0.00118911327108
-0.000386470461269
0.00116495906398
-0.000694055925112
0.0011539661118
-0.000996026155762
0.00115621821138
-0.00128219725273
0.00117075289817
-0.0015441734629
0.00119586363712
-0.00177544851392
0.00122915832588
-0.00197125845392
0.00126776060033
-0.00212877888002
0.00130870641499
-0.00224732738223
0.00134932032959
-0.0023281453706
0.00138742984942
-0.00237386625865
0.00142143527615
-0.00238797392258
0.00145029185753
-0.00237437252353
0.00147344488108
-0.00233706943377
0.00149074324937
-0.00227995292702
0.00150234828857
-0.00220664778153
0.0015086481404
-0.00212043216272
0.00151018318388
-0.00202419994371
0.00150758456875
-0.00192045484031
0.0015015258704
-0.00181132551115
0.00149268672236
-0.00169859336391
0.00148172673704
-0.00158372703029
0.00146926786581
-0.00146791929793
0.00145588341868
-0.0013521237057
0.00144209215547
-0.0012370890763
0.00142835610289
-0.00112339103909
0.00141508100176
-0.001011460125
0.00140261852035
-0.000901606363481
0.0013912695722
-0.000794040532399
0.00138128824435
-0.000688892328576
0.00137288597747
-0.00058622578211
0.00136623574471
-0.000486052256684
0.00136147605678
-0.000388341365689
0.00135871468071
-0.000293030110035
0.0013580320037
-0.000200030516148
0.00135948400438
-0.000109236018834
0.00136310481557
-2.05268029804e-05
0.00136890887671
6.62257090624e-05
0.00137689268336
0.000151155064034
0.00138703614631
0.000234396538811
0.00139930357537
0.000316084334525
0.00141364430368
0.000396349097774
0.00142999296806
0.000475315672964
0.00144826945981
0.0005531010007
0.00146837855932
0.000629812080155
0.00149020926667
0.000705543918792
0.00151363384037
0.000780377393162
0.00153850655663
0.000854376940859
0.00156466220357
0.000927588002465
0.00159191432876
0.00100003412528
0.00162005326486
0.00107171362981
0.0016488439676
0.00114259573327
0.00167802371497
0.00121261601116
0.00170729973533
0.00128167106195
0.00173634685917
0.00134961223182
0.00176480532366
0.00141623824375
0.00179227890431
0.00148128656581
0.00181833360409
0.00154442336268
0.00184249719943
0.00160523189106
0.0018642600237
0.00166319923949
0.00188307746062
0.00171770139942
0.0018983747189
0.00176798678096
0.00190955455654
0.0018131584781
0.00191600870944
0.00185215587242
0.00191713383722
0.0018837365356
0.00191235280939
0.00190645987815
0.00190114208742
0.00191867462118
0.0018830657891
0.00191851291854
0.0018578167346
0.00190389484654
0.00182526435038
0.0018725481185
0.00178550852786
0.00182204967245
0.00173893624941
0.00174989965229
0.00168627184399
0.00165364448387
0.00162860365868
0.00153106610501
0.00156736673015
0.00138044134237
0.00150424823357
0.00120088052397
0.00144097560991
0.000992709870143
0.00137924007341
0.000757404337553
0.00132118059506
0.000496933010079
0.00126913199407
0.000215100121297
-8.14435391191e-05
0.00184572378181
-0.000342596953508
0.00180814574728
-0.000656477890583
0.00178062107036
-0.000968501478834
0.00176396766718
-0.00126554384955
0.00175830119128
-0.001538506987
0.00176297966796
-0.0017801269906
0.00177617960367
-0.00198445838964
0.00179507753523
-0.00214767681158
0.00181652125414
-0.00226877110114
0.00183764717001
-0.00234927128647
0.00185618632443
-0.00239240541308
0.00187054109415
-0.00240232869231
0.00187974644383
-0.00238357787321
0.00188337778145
-0.00234070077139
0.00188143880689
-0.00227801395245
0.00187424970503
-0.00219945867968
0.00186234708658
-0.00210852954426
0.0018464006144
-0.00200825347153
0.00182714724391
-0.00190120146982
0.00180534183792
-0.00178952010516
0.00178172190935
-0.00167497343534
0.00175698392536
-0.0015589890463
0.00173176867553
-0.0014427040481
0.0017066534773
-0.00132700850747
0.00168214934432
-0.00121258494332
0.00165870160701
-0.00109994330177
0.00163669280993
-0.000989451327922
0.00161644699953
-0.000881360553083
0.00159823475269
-0.000775828285554
0.00158227848446
-0.00067293606035
0.00156875771761
-0.000572705015253
0.00155781410429
-0.000475108643363
0.00154955606946
-0.00038008333086
0.00154406300153
-0.000287537042108
0.00154138895492
-0.000197356469536
0.00154156585517
-0.000109412919091
0.00154460621414
-2.35671619456e-05
0.00155050537238
6.0326550817e-05
0.00155924329142
0.000142417144995
0.00157078591995
0.000222853910282
0.00158508615803
0.000301784096444
0.00160208444137
0.000379350814442
0.00162170896518
0.000455691149148
0.00164387556441
0.000530934401471
0.00166848726377
0.000605200380799
0.00169543350881
0.000678597673754
0.001724589087
0.000751221814969
0.00175581274675
0.000823153281104
0.0017889455226
0.000894455226622
0.00182380877684
0.000965170871036
0.0018602019726
0.00103532043405
0.00189790020088
0.00110489750499
0.00193665149678
0.00117386471526
0.00197617399766
0.00124214856107
0.00201615302152
0.00130963320796
0.00205623817844
0.00137615308683
0.00209604067393
0.00144148407032
0.00213513102299
0.00150533301362
0.00217303746907
0.00156732544498
0.00220924549419
0.00162699121437
0.00224319891472
0.00168374797889
0.00227430317727
0.0017368825184
0.00230193159353
0.00178553006184
0.00232543536853
0.00182865209741
0.00234415836508
0.00186501353906
0.00235745757509
0.00189316066814
0.00236473019145
0.00191140200482
0.00236544794408
0.00191779516591
0.00235919897239
0.00191014381823
0.00234573703234
0.00188601005855
0.0023250373128
0.00184274939199
0.00229735606852
0.00177758089657
0.00226328264212
0.00168771791026
0.00222375675153
0.00157059199561
0.00218001748585
0.00142418060805
0.00213341892563
0.00124747908419
0.00208495488172
0.00104117391406
0.00203500456449
0.00080735465478
0.00198476192397
0.000547175650606
0.0019362402211
0.000263621824163
-3.48006075933e-05
0.00259617872233
-0.00028924917033
0.00254033089181
-0.000600630060062
0.00248932858133
-0.000917499168355
0.0024447099184
-0.00122092518662
0.00240911501019
-0.00150291207879
0.0023842858192
-0.00175529779961
0.00236949068054
-0.00196966325098
0.0023619139316
-0.00214010006263
0.00235798703189
-0.00226484420143
0.00235445957872
-0.0023457438333
0.00234883228492
-0.00238677811928
0.00233942488404
-0.00239292129143
0.00232529911138
-0.00236945210055
0.0023061257895
-0.00232152744951
0.00228203729223
-0.00225392545518
0.00225348918256
-0.00217091057
0.00222114270603
-0.00207618306774
0.00218577157526
-0.00197288234075
0.00214819198804
-0.00186362188261
0.0021092128092
-0.00175054092632
0.00206960219989
-0.00163536282604
0.00203006704167
-0.00151945388807
0.00199124190815
-0.00140387891458
0.00195368487692
-0.00128945147624
0.00191787802722
-0.00117677809362
0.00188423097339
-0.00106629624794
0.00185308621148
-0.000958306566012
0.00182472540171
-0.000852999743314
0.0017993759775
-0.000750478861347
0.00177721767355
-0.000650777756395
0.00175838871336
-0.00055387605507
0.00174299150226
-0.000459711432263
0.001731097745
-0.000368189573594
0.00172275295681
-0.000279192253915
0.00171798036851
-0.000192583881244
0.00171678424594
-0.00010821679652
0.00171915265471
-2.593557071e-05
0.00172505970638
5.44194991448e-05
0.00173446732289
0.000133009528487
0.0017473265543
0.000209994678869
0.00176357848184
0.000285532168899
0.00178315473381
0.000359774562479
0.00180597763727
0.000432868245684
0.00183196002398
0.000504952014762
0.00186100470401
0.000576155700769
0.00189300361682
0.000646598760944
0.00192783666579
0.000716388765995
0.00196537023971
0.000785619707186
0.0020054554233
0.000854370043029
0.00204792589944
0.000922700394897
0.00209259554812
0.000990650785367
0.00213925575339
0.00105823729972
0.0021876724396
0.00112544802905
0.00223758287444
0.00119223812624
0.00228869230007
0.00125852378233
0.00234067048813
0.00132417489878
0.0023931483612
0.00138900619725
0.00244571488782
0.00145276648699
0.00249791454156
0.00151512579124
0.00254924572108
0.00157566003485
0.00259916065922
0.00163383304075
0.00264706750111
0.00168897567652
0.00269233539875
0.00174026216421
0.00273430363821
0.00178668385795
0.00277229596236
0.00182702121491
0.00280564132945
0.00185981530105
0.00283370227296
0.0018833410613
0.00285591169933
0.00189558573954
0.00287181831111
0.00189423720645
0.00288114002452
0.00187668834513
0.00288382442691
0.0018400649896
0.00288011442177
0.00178129090171
0.00287060547296
0.00169722685908
0.00285624832122
0.00158494914735
0.00283823598576
0.00144219294351
0.00281766477831
0.00126805029164
0.00279449039483
0.00106434829753
0.00276652028727
0.000835324762336
0.00273267224391
0.000581023693971
0.00269467999575
0.000301614072324
1.03528826463e-05
0.00346611544943
-0.000225212147059
0.00338434797898
-0.000518862589616
0.0032988261455
-0.000831977334868
0.00321166180711
-0.00113376084824
0.00313100801278
-0.00142225828445
0.00306357780501
-0.00168786759184
0.00301019469017
-0.00191628013614
0.00296762486859
-0.00209753024105
0.00293131648275
-0.00222853581559
0.00289722195167
-0.00231164930223
0.00286235016428
-0.00235190633188
0.00282477299139
-0.00235534411854
0.00278347389823
-0.00232815300739
0.00273814941904
-0.00227620297032
0.00268900953586
-0.00220478557201
0.00263660283068
-0.00211850386482
0.00258167641098
-0.00202125664804
0.00252507069278
-0.00191627662256
0.0024676446715
-0.00180619586133
0.00241022592808
-0.00169312218289
0.00235357967544
-0.0015787165734
0.00229839182876
-0.00146426604139
0.00224526197528
-0.00135074906111
0.00219470301782
-0.00123889251878
0.00214714506783
-0.00112922014362
0.0021029418301
-0.00102209301021
0.00206237824627
-0.000917742982186
0.00202567856312
-0.000816300060162
0.00199301428402
-0.000717814582248
0.00196451167108
-0.000622275143454
0.00194025861051
-0.000529622994497
0.00192031075176
-0.000439763573513
0.00190469689482
-0.000352575716663
0.00189342363995
-0.000267918999042
0.00188647933705
-0.00018563957834
0.00188383738401
-0.000105574843484
0.00188545892746
-2.75571141591e-05
0.0018912950189
4.85834077008e-05
0.00190128827599
0.0001230162714
0.00191537409326
0.000195908861599
0.00193348144078
0.000267424821384
0.00195553328259
0.000337722720663
0.00198144664049
0.000406954887786
0.00201113232225
0.000475266333
0.00204449432774
0.00054279369528
0.00208142894074
0.00060966414795
0.00212182350971
0.000675994197019
0.00216555491679
0.000741888300104
0.00221248773136
0.000807437228464
0.00226247204357
0.000872716082689
0.00231534097385
0.000937781855085
0.00237090785844
0.00100267041514
0.0024289631191
0.00106739276839
0.00248927083934
0.001131930406
0.00255156509148
0.00119622953019
0.00261554609304
0.00126019389721
0.00268087631902
0.00132367597127
0.00274717676589
0.00138646604012
0.00281402365761
0.00144827889952
0.00288094600999
0.00150873768247
0.00294742463332
0.00156735441742
0.00301289335607
0.00162350695377
0.0030767434921
0.00167641202818
0.00313833284239
0.00172509450766
0.00319700079738
0.00176835325992
0.0032520913264
0.00180472477203
0.00330298567187
0.00183244671583
0.00334914621915
0.00184942519226
0.00339017204978
0.00185321137583
0.0034258650779
0.001840995317
0.00345630510142
0.00180962496609
0.00348193421729
0.00175566178583
0.00350363826359
0.00167552281278
0.00352274658389
0.00156584082704
0.00354083245862
0.00142410706878
0.00355917887827
0.001249703872
0.00357668756742
0.00104683960839
0.00358683736398
0.000825174965775
0.00358318267702
0.000584678380928
0.00356740660589
0.000317390143455
4.76070158367e-05
0.0044913379769
-0.000149465375228
0.00437206707232
-0.000399591685033
0.00423402742127
-0.000693937683817
0.0040809382795
-0.000980671706478
0.00393100903528
-0.00127232904023
0.0038024771587
-0.00155933571526
0.00369678301962
-0.00181058599706
0.00360895436213
-0.00200970158357
0.00353229946045
-0.00215188091391
0.00346123603338
-0.00224058587516
0.00339183459828
-0.00228250489678
0.00332164531376
-0.00228515483403
0.00324940517763
-0.00225591287125
0.00317472914254
-0.00220152693523
0.00309782973347
-0.00212788616294
0.00301928949662
-0.00203996362797
0.00293989014684
-0.00194185729825
0.00286049171667
-0.00183687819239
0.00278195186123
-0.0017276560059
0.00270507559596
-0.00161624591762
0.00263058706502
-0.00150422804247
0.00255911658822
-0.00139279556459
0.0024911978278
-0.00128283030068
0.00242727129262
-0.0011749659836
0.00236769150543
-0.00106964035644
0.00231273600755
-0.000967137512324
0.00226261500039
-0.00086762197503
0.00221748086918
-0.000771165928946
0.0021774371417
-0.000677770854773
0.00214254664295
-0.000587384644705
0.0021128387414
-0.000499915092949
0.00208831566791
-0.000415240500018
0.00206895793876
-0.000333217987513
0.00205472894239
-0.000253690002673
0.00204557876191
-0.000176489397865
0.00204144730911
-0.000101443390681
0.00204226684301
-2.83766480608e-05
0.00204796394048
4.28863102375e-05
0.00205846097854
0.000112519233341
0.00207367718004
0.000180692660093
0.00209352926558
0.00024757273584
0.00211793174644
0.000313320239806
0.00214679688532
0.000378089748909
0.0021800343443
0.000442028874015
0.00221755053245
0.000505277507137
0.00225924765908
0.000567967021315
0.0023050224933
0.000630219362804
0.00235476482488
0.000692145968518
0.00240835561812
0.000753846435222
0.00246566484709
0.00081540685372
0.00252654900014
0.000876897702035
0.00259084824328
0.000938371172002
0.00265838323797
0.000999857773691
0.00272895162067
0.00106136202331
0.00280232417154
0.00112285697932
0.00287824073265
0.0011842773361
0.00295640598536
0.00124551071856
0.00303648527094
0.00130638675454
0.00311810074557
0.00136666342489
0.00320082831213
0.00142601011591
0.00328419597905
0.00148398675049
0.00336768457346
0.00154001835937
0.00345073208978
0.00159336451185
0.00353274339657
0.00164308320087
0.00361310755
0.00168798910649
0.00369122551565
0.00172660680638
0.00376655150149
0.00175712073
0.00383865108153
0.00177732561222
0.00390727830483
0.00178458415253
0.0039724711659
0.00177580245593
0.00403466281995
0.00174743331203
0.00409481471929
0.00169550988649
0.0041545767581
0.00161576077397
0.00421635949161
0.00150405809353
0.00428309405704
0.00135737250336
0.00435763553329
0.00117516239574
0.004438841575
0.000965633566672
0.00451164030851
0.000752376232265
0.00456069729106
0.000535621398376
0.00458590770823
0.000292179726293
6.64299753328e-05
0.00571718855636
-6.24240326956e-05
0.00554478216785
-0.000227185296523
0.00533657685151
-0.00048573236747
0.00507359822385
-0.000717693078824
0.00481343676452
-0.0010121675809
0.0045986737115
-0.00134457266224
0.00442346129189
-0.00163537357745
0.00427864313466
-0.00186488342634
0.00415325219599
-0.00202648997525
0.00403889540275
-0.00212622908191
0.00392998382898
-0.00217359332301
0.00382313797586
-0.00217830898091
0.00371662027182
-0.00214939516721
0.00360983093895
-0.00209473760236
0.00350289807039
-0.00202095329438
0.00339637254772
-0.0019334381053
0.00329101486725
-0.00183649961779
0.00318765393202
-0.00173351725715
0.00308709896126
-0.00162710103513
0.00299008891597
-0.00151923587233
0.00289726734614
-0.00141140647264
0.00280917372337
-0.00130470194181
0.00272624491305
-0.00119990149037
0.00264882243752
-0.00109754350807
0.00257716265286
-0.000997980571782
0.00251144800671
-0.000901422866169
0.00245179826208
-0.000807972230407
0.00239828105162
-0.000717648718485
0.00235092143669
-0.000630411239839
0.0023097103409
-0.000546173548912
0.00227461184493
-0.000464816596987
0.00224556939619
-0.000386198051271
0.00222251102081
-0.000310159612137
0.00220535363985
-0.000236532621711
0.00219400659256
-0.000165142350576
0.00218837446477
-9.58112628876e-05
0.00218835931101
-2.83614942994e-05
0.00219386234844
3.73832728026e-05
0.00220478518935
0.000101596392432
0.002221030668
0.000164447181443
0.00224250330733
0.000226100096508
0.00226910946125
0.000286714085891
0.0023007571593
0.000346442050856
0.00233735567251
0.000405430360809
0.00237881481129
0.000463818368352
0.00242504395971
0.000521737872897
0.00247595084366
0.000579312478851
0.00253144002496
0.000636656787225
0.002591411108
0.000693875352175
0.00265575664197
0.000751061319753
0.00272435969844
0.000808294645564
0.00279709110455
0.000865639765898
0.00287380631485
0.000923142563386
0.00295434191403
0.000980826424129
0.00303851175981
0.00103868713354
0.00312610280583
0.00109668629008
0.00321687069336
0.00115474283104
0.00331053527829
0.0012127221696
0.00340677637944
0.00127042232374
0.00350523021139
0.00132755628396
0.00360548722672
0.00138372973516
0.00370709246273
0.00143841312335
0.00380955000177
0.0014909069728
0.00391233385685
0.0015402993458
0.0040149085453
0.00158541441804
0.00411676380417
0.00162475154751
0.00421746914618
0.00165641538799
0.00431675501234
0.00167803974606
0.00441462745314
0.00168671171172
0.00451151982705
0.00167891008203
0.00460847986181
0.00165047327727
0.00470741152142
0.00159657822688
0.00481143894132
0.00151173335406
0.0049252863166
0.00139021071826
0.00505513945123
0.00122751936873
0.00520799381503
0.00102230803194
0.00539095110166
0.000782676280041
0.00556702450453
0.000576302829393
0.00569451678346
0.000408129119453
0.00578812718522
0.000198569324531
5.03272616562e-05
0.00331907077124
0
0.00453092528852
-0
0.00652379419283
-0
0.00617112947793
-0.000182421121449
0.0057729448547
-0.00061398295767
0.00544262822724
-0.00101425603477
0.00517715774429
-0.0013699030945
0.00496323036077
-0.00165095604282
0.00478159536269
-0.00184485497717
0.00461882669219
-0.00196346041141
0.00446660309456
-0.00202136972537
0.00432010914092
-0.00203181502727
0.00417690018184
-0.00200618620813
0.00403604874333
-0.00195388616384
0.00389753262719
-0.00188243717824
0.00376182147402
-0.00179772695213
0.00362960950897
-0.00170428765273
0.00350165064813
-0.00160555839631
0.00337866311358
-0.00150411350058
0.00326127967284
-0.0014018524316
0.00315002665044
-0.00130015345024
0.00304532022863
-0.00119999552001
0.00294747247225
-0.00110205373398
0.00285670225683
-0.00100677329265
0.00277314813926
-0.000914426454207
0.00269688143363
-0.000825156160541
0.00262791853855
-0.000739009335327
0.00256623204829
-0.000655962228222
0.00251176047245
-0.000575939664004
0.00246441655662
-0.000498829633078
0.00242409428661
-0.000424494326978
0.00239067470167
-0.000352778466331
0.00236403065629
-0.000283515566761
0.00234403066916
-0.000216532634582
0.0023305419876
-0.000151653669011
0.00232343298209
-8.87022573767e-05
0.00232257497035
-2.75034825643e-05
0.00232784355521
3.21146879404e-05
0.00233911954645
9.03204011914e-05
0.00235628952386
0.000147277204036
0.00237924608696
0.000203143533408
0.00240788782648
0.000258072346372
0.00244211904307
0.000312210834261
0.00248184923043
0.000365700173456
0.00252699233187
0.000418675266913
0.00257746577248
0.000471264432286
0.0026331892619
0.000523588989431
0.00269408335647
0.000575762692648
0.00276006776363
0.000627890945021
0.00283105936595
0.000680069717426
0.00290696993813
0.000732384073383
0.00298770352722
0.00078490617681
0.00307315346713
0.00083769262348
0.00316319900295
0.000890780888303
0.00325770151374
0.000944184622757
0.00335650034752
0.000997887456298
0.00345940832746
0.00105183485109
0.00356620706432
0.00110592343274
0.00367664233478
0.00115998705329
0.00379041998328
0.00121377863546
0.00390720311362
0.00126694660482
0.00402661180458
0.0013190044324
0.00414822727765
0.00136929149973
0.00427160347779
0.00141692314566
0.00439629058074
0.00146072731509
0.00452187712593
0.00149916500231
0.00464806015632
0.0015302323576
0.0047747561593
0.00155134374309
0.00490227016137
0.00155919770965
0.00503154076363
0.00154963947977
0.00516447000672
0.00151754403418
0.00530437981774
0.00145666841587
0.00545678193888
0.00135933123292
0.00563059295261
0.00121639970453
0.00583876955816
0.00101934276318
0.00609185946602
0.000769218124081
0.0063988243046
0.00047571144146
0.00664211018388
0.000150409707631
0.0045716380316
0
0.00333116754225
0
0
0
0
0
0
0
0
0.00329695198369
0
0.00682438543505
-0
0.00631187791942
-0.000501748519141
0.00593091333809
-0.000988938513168
0.00563930852588
-0.00135935123062
0.00539801934821
-0.0016035657995
0.00518504513143
-0.00175048619463
0.00498825388745
-0.00182457848139
0.00480107388285
-0.00184463502267
0.00462029508856
-0.00182540741384
0.00444467684839
-0.00177826792367
0.0042740663043
-0.00171182663415
0.00410885698236
-0.00163251763019
0.00394966596019
-0.00154509663057
0.00379714978647
-0.00145304222259
0.00365190723646
-0.00135887095056
0.00351443479667
-0.00126437999181
0.00338511280541
-0.00117083145899
0.00326420838531
-0.0010790910999
0.00315188673488
-0.000989732083557
0.00304822582556
-0.000903112383331
0.00295323172116
-0.000819432349802
0.00286685305753
-0.000738777496914
0.00278899400149
-0.000661150279288
0.00271952545443
-0.000586493681163
0.00265829450855
-0.000514708718122
0.00260513228518
-0.000445667409712
0.00255986033659
-0.000379222378381
0.002522295805
-0.000315213934744
0.00249225552508
-0.000253475286841
0.00246955923815
-0.000193836347653
0.00245403206526
-0.000136126496122
0.00244550636431
-8.0176556429e-05
0.00244382307603
-2.58201942768e-05
0.00244883264497
2.71051189982e-05
0.00246039558558
7.87574605757e-05
0.00247838274891
0.000129290040713
0.00250267533331
0.000178850949003
0.00253316467191
0.000227583007777
0.00256975181965
0.000275623686519
0.00261234695487
0.000323105038238
0.00266086860205
0.000370153619727
0.00271524267557
0.000416890358774
0.00277540133703
0.00046343032797
0.00284128165228
0.000509882377393
0.00291282402721
0.000556348570097
0.00298997039514
0.000602923349492
0.00307266212238
0.000649692346144
0.00316083759286
0.000696730706333
0.00325442942958
0.000744100786758
0.00335336130981
0.000791849008076
0.00345754433696
0.000840001595607
0.00356687294864
0.000888558844611
0.00368122037466
0.000937487425076
0.00380043372399
0.000986710083414
0.0039243288953
0.00103609188198
0.00405268570256
0.0010854218282
0.0041852439357
0.00113438837168
0.00432170160509
0.001182546763
0.0044617174507
0.00122927565412
0.00460492113085
0.00127371946552
0.00475093669755
0.00131471174838
0.00489942827472
0.00135067342515
0.00505018122074
0.00137947941158
0.00520323914455
0.00139828581928
0.00535913134109
0.00140330551311
0.00551923774736
0.0013895330735
0.00568632418812
0.00135045759342
0.00586532452886
0.00127766807513
0.00606475967257
0.00115989608921
0.00629960734745
0.000981552029647
0.00659729904735
0.000721651063282
0.00699466836508
0.000371848806357
0.00332896339737
0
0
0
0
0
0
0
0
0
0
0
0
0
0
0
0
0
0
0.00711904099441
0
0.00662565270721
-0.000495550225971
0.00626788355075
-0.00100158207415
0.00597472549693
-0.00131040774568
0.00571653424835
-0.00149229494604
0.00547833457183
-0.00158637880487
0.00525245621903
-0.00161875666988
0.00503541238271
-0.00160836357752
0.00482598262163
-0.00156883816259
0.00462408935763
-0.00150993337015
0.00443016242807
-0.00143859070064
0.00424479259781
-0.0013597268003
0.00406855325519
-0.00127680287998
0.00390191849949
-0.00119223619486
0.00374523464711
-0.00110769613943
0.0035987197113
-0.00102431652317
0.00346247621558
-0.000942847604182
0.00333650921389
-0.000863765081866
0.00322074520921
-0.00078734837865
0.00311504984929
-0.000713736989886
0.0030192434962
-0.00064297114382
0.00293311442022
-0.000575021203306
0.00285642969922
-0.000509808960164
0.00278894405329
-0.000447223072192
0.00273040689558
-0.000387130252002
0.002680567881
-0.000329383363807
0.00263918121085
-0.000273827264595
0.0026060089188
-0.000220302994787
0.00258082332949
-0.000168650758344
0.00256340884847
-0.000118712015102
0.00255356321336
-7.03309213225e-05
0.00255109831151
-2.33552924232e-05
0.00255584064811
2.23627823985e-05
0.00256763153137
6.69665773174e-05
0.00258632702635
0.000110594545734
0.00261179771681
0.000153380258535
0.00264392830391
0.000195452420685
0.00268261706121
0.000236934929215
0.00272777515798
0.000277946941465
0.00277932585467
0.000318602923042
0.00283720356804
0.000359012645409
0.00290135279635
0.000399281099652
0.00297172688797
0.000439508285772
0.00304828662938
0.000479788828687
0.00313099862111
0.000520211357769
0.00321983340135
0.000560857565901
0.00331476326883
0.000601800838854
0.00341575974772
0.00064310430787
0.00352279063013
0.000684818125664
0.00363581652744
0.000726975698294
0.00375478686427
0.000769588507785
0.00387963526421
0.000812639025136
0.00401027431664
0.000856071030977
0.00414658979743
0.000899776401186
0.00428843457626
0.000943577049381
0.00443562273424
0.000987200213702
0.00458792491594
0.0010302445813
0.00474506677294
0.00107213379712
0.00490673379214
0.00111205244632
0.00507258835181
0.00114885718871
0.00524230881894
0.00118095295802
0.00541566574154
0.00120612248898
0.00559266055692
0.0012212910039
0.0057737778641
0.00122218820592
0.00596042528393
0.00120288565367
0.00615559100776
0.0011552918696
0.00636480605407
0.00106845302882
0.00659842223079
0.000926279912489
0.00687637211292
0.000703602147517
0.00724894070719
0.000349082469008
0
0
0
0
0
0
0
0
0
0
0
0
0
0
0
0
0
0
0
0
0
0
0
0.00717368850266
-4.84492150823e-05
0.00679801166199
-0.000625905233478
0.00647668155973
-0.000989077643419
0.00618862033738
-0.00120423372369
0.00591835283442
-0.00131611130191
0.00565959912422
-0.00136000295968
0.00541017074247
-0.00135893519577
0.00516976522934
-0.00132843264946
0.00493887221438
-0.00127904035519
0.00471821378842
-0.00121793227468
0.0045084792136
-0.00114999222548
0.00431021417516
-0.00107853784154
0.00412378888406
-0.00100581090376
0.00394940431578
-0.000933311571149
0.00378711470924
-0.000862026916636
0.0036368549904
-0.000792587885343
0.00349846761722
-0.00072537770869
0.00337172646916
-0.000660607230591
0.0032563570181
-0.000598367538817
0.00315205280451
-0.000538666930235
0.00305848858835
-0.000481456987143
0.00297533066066
-0.00042665103248
0.0029022448064
-0.000374137217924
0.00283890236298
-0.000323787808584
0.00278498475661
-0.000275465757441
0.00274018683316
-0.000229029341143
0.00270421924154
-0.000184335403169
0.00267681007664
-0.000141241593446
0.00265770594606
-9.96078845159e-05
0.00264667259021
-5.92975654783e-05
0.00264349515736
-2.01778595686e-05
0.00264797821213
1.78797276264e-05
0.00265994553831
5.49992511358e-05
0.00267923978168
9.13003023655e-05
0.00270572196688
0.000126898073341
0.00273927091235
0.000161903475214
0.00277978255897
0.000196423282586
0.00282716922065
0.000230560279787
0.00288135875823
0.000264413385463
0.00294229367175
0.000298077731892
0.00300993009922
0.000331644672176
0.00308423670305
0.000365201681946
0.00316519341717
0.000398832114566
0.00325279001924
0.000432614755695
0.00334702448123
0.000466623103912
0.00344790103976
0.000500924280323
0.00355542791336
0.000535577434272
0.0036696145774
0.000570631461627
0.00379046849046
0.000606121785231
0.00391799114902
0.000642065849231
0.00405217333418
0.000678456839973
0.00419298941329
0.000715254951868
0.00434039058299
0.000752375231484
0.00449429701603
0.000789670616336
0.0046545890473
0.000826908182437
0.00482109787283
0.000863735755774
0.00499359684883
0.00089963482111
0.00517179564984
0.000933853645318
0.00535534184427
0.000965310994272
0.00554383802611
0.000992456776178
0.00573688686228
0.00101307365281
0.00593418652414
0.00102399134204
0.00613572836377
0.00102064636629
0.00634216959316
0.000996444424279
0.00655540595758
0.000942055505181
0.00677949224052
0.000844366745872
0.0070241748442
0.000681597308805
0.00730316113982
0.000424615851904
0
3.14540952735e-05
0
0
0
0
0
0
0
0
0
0
0
0
0
0
0
0
0
0
0
0
0
0
0
0.00318629568332
0
0.00716493157239
-0.000218496506785
0.00687153960409
-0.000695685675117
0.00658002482525
-0.000912718944854
0.00629197503311
-0.00102806150977
0.00600905439324
-0.00107708231981
0.00573314023628
-0.00108302103881
0.00546619702356
-0.00106148943673
0.00520994003243
-0.00102278336406
0.00496570181164
-0.000973694053889
0.00473442362112
-0.00091871403496
0.00451669772632
-0.000860811946748
0.00431282730932
-0.000801940486753
0.0041228878663
-0.000743372128126
0.00394678252364
-0.000685921573978
0.00378428858031
-0.000630093942018
0.00363509509181
-0.00057618422019
0.00349883241086
-0.000524344549639
0.00337509496142
-0.000474630089377
0.00326345853068
-0.000427030499493
0.00316349322403
-0.000381491680492
0.00307477304258
-0.000337930851032
0.00299688285868
-0.00029624703402
0.00292942340266
-0.000256328352568
0.00287201473925
-0.00021805709403
0.00282429860286
-0.000181313204749
0.00278593987547
-0.000145976675788
0.00275662742406
-0.000111929142033
0.00273607446257
-7.90549230272e-05
0.00272401856416
-4.72416670703e-05
0.0027202214186
-1.6380714e-05
0.00272446840628
1.36327399439e-05
0.00273656804232
4.289961509e-05
0.00275635132977
7.15170149218e-05
0.00278367104993
9.95783531818e-05
0.00281840100888
0.000127173516266
0.00286043525138
0.000154389040084
0.00290968724717
0.000181308283998
0.0029660890482
0.00020801158443
0.00302959040959
0.000234576370499
0.00310015786053
0.00026107722124
0.00317777370413
0.000287585838346
0.00326243491688
0.000314170901816
0.00335415190788
0.000340897764689
0.00345294708521
0.000367827926589
0.00355885316043
0.000395018205102
0.00367191110218
0.000422519492524
0.00379216762315
0.000450374940655
0.00391967205285
0.000478617355526
0.00405447240798
0.00050726549411
0.00419661042318
0.000536318824765
0.00434611524868
0.000565750126373
0.00450299545956
0.000595495020607
0.00466722896616
0.000625437109728
0.00483875038595
0.000655386762651
0.00501743546579
0.000685050675935
0.00520308228625
0.000713988000653
0.00539538944838
0.000741546483189
0.00559393268097
0.000766767761679
0.00579814306673
0.000788246390414
0.00600729077223
0.000803925947308
0.006220482443
0.000810799671274
0.00643670022002
0.000804428589272
0.00665488823336
0.000778256410938
0.00687393925687
0.000723004481671
0.00709259613179
0.000625709870957
0.00730892464802
0.000465268792568
0.00320329080271
0.000144205081032
0
0
0
0
0
0
0
0
0
0
0
0
0
0
0
0
0
0
0
0
0
0
0
0
0
0
0
0.00743592813833
-3.36351315676e-05
0.00717291411543
-0.00043267165221
0.00688701197581
-0.000626816805233
0.00659050291853
-0.000731552452491
0.00629095929706
-0.000777538698345
0.00599476602394
-0.000786827765694
0.00570659023009
-0.000773313642878
0.00542962517223
-0.000745818306204
0.00516596006092
-0.000710028942575
0.00491687401246
-0.000669627986504
0.00468305855019
-0.000626996484472
0.00446478561115
-0.000583667547712
0.00426203290329
-0.000540619420274
0.00407457629073
-0.000498464961419
0.00390205727585
-0.000457574927136
0.00374403196905
-0.00041815891339
0.00360000642104
-0.000380319001622
0.00346946196135
-0.000344085629688
0.00335187323565
-0.000309441773797
0.00324672091887
-0.000276339363709
0.00315350055141
-0.000244710483572
0.00307172855598
-0.00021447503859
0.00300094620781
-0.000185546004401
0.00294072212363
-0.000157833009847
0.00289065368295
-0.000131244764069
0.00285036768487
-0.000105690677707
0.00281952046274
-8.10819199086e-05
0.00279779761983
-5.73320801102e-05
0.00278491350546
-3.43575527044e-05
0.00278061051939
-1.20777279242e-05
0.00278465830781
9.58495151582e-06
0.00279685289724
3.07050256678e-05
0.00281701579847
5.13541136891e-05
0.00284499310316
7.16010484875e-05
0.00288065458692
9.15120325075e-05
0.00292389282643
0.00011115080057
0.00297462233238
0.000130578778055
0.00303277869426
0.000149855222549
0.00309831772793
0.000169037336833
0.00317121461038
0.000188180338789
0.00325146297911
0.000207337469617
0.00333907396431
0.000226559916612
0.00343407511083
0.000245896618171
0.00353650913134
0.00026539390608
0.00364643241253
0.000285094923905
0.00376391316936
0.000305038735703
0.00388902910625
0.000325259003761
0.00402186439646
0.000345782065312
0.00416250572531
0.000366624165264
0.0043110370551
0.000387787494973
0.00446753265077
0.000409254530704
0.00463204774437
0.000430979927012
0.00480460599977
0.000452878854323
0.00498518264919
0.00047481011323
0.00517368178318
0.000496551541945
0.00536990575858
0.000517764025254
0.00557351407885
0.000537938162916
0.00578396849642
0.000556313344113
0.00600046002409
0.00057175486274
0.00622181082849
0.000582575142913
0.00644634373145
0.000586266768314
0.00667172621742
0.000579046103306
0.00689480314837
0.000555179479989
0.00711108233376
0.000506725296278
0.00731236003715
0.000424432167564
0.00748797220495
0.000289656624766
0
1.13877724322e-05
0
0
0
0
0
0
0
0
0
0
0
0
0
0
0
0
0
0
0
0
0
0
0
0
0
0
0
0.00758715438198
-0
0.00736801375268
-0.000213531022906
0.00710294592143
-0.000361748973987
0.00680622513208
-0.000434831663136
0.00649705217408
-0.000468365740345
0.00618706426783
-0.000476839859445
0.00588363429132
-0.000469883666368
0.0055914360868
-0.000453620101685
0.00531332917868
-0.000431922034452
0.00505094878866
-0.000407247596485
0.00480510929175
-0.000381156987564
0.00457607969629
-0.000354637952254
0.00436377114821
-0.000328310872188
0.00416786451561
-0.000302558328818
0.00398789733336
-0.00027760774489
0.00382332314078
-0.000253584720805
0.00367355198426
-0.000230547845102
0.00353797800182
-0.000208511647253
0.00341599809984
-0.000187461871817
0.00330702445784
-0.00016736572171
0.00321049274137
-0.000148178767095
0.00312586732367
-0.000129849620899
0.00305264442271
-0.000112323103435
0.0029903537889
-9.55423760383e-05
0.00293855939156
-7.94503667336e-05
0.00289685942073
-6.39907068756e-05
0.00286488582945
-4.91083286225e-05
0.0028423035764
-3.47498270616e-05
0.00282880968262
-2.08636589272e-05
0.00282413218294
-7.40022824627e-06
0.00282802902902
5.68810543524e-06
0.00284028698358
1.84470711068e-05
0.00286072053277
3.09205645063e-05
0.00288917083405
4.31507472065e-05
0.00292550470991
5.51781566496e-05
0.00296961369146
6.70418190203e-05
0.00302141311128
7.87793582324e-05
0.00308084123967
9.04270941588e-05
0.0031478584535
0.000102020123003
0.00322244642101
0.000113592371276
0.00330460727845
0.000125176612181
0.00339436276507
0.000136804429985
0.00349175327072
0.000148506112528
0.00359683673273
0.000160310444069
0.0037096872963
0.000172244360334
0.0038303936201
0.000184332411903
0.00395905666459
0.000196595959269
0.00409578673866
0.000209051991241
0.00424069949315
0.000221711410772
0.00439391042631
0.000234576561816
0.00455552729028
0.000247637666735
0.00472563953354
0.000260867683755
0.00490430354229
0.000274214845567
0.00509152189613
0.000287591759393
0.0052872140451
0.00030085939298
0.00549117462349
0.000313803446862
0.00570301378273
0.000326099003675
0.00592207096191
0.000337256164929
0.00614728913473
0.00034653668992
0.00637703122797
0.000352833049676
0.00660881160954
0.000354486386744
0.00683888308762
0.000348974625224
0.00706157478658
0.00033248778103
0.00726900713423
0.000299292948626
0.00745406430716
0.000239374994641
0.00760940174112
0.000134319190801
0
0
0
0
0
0
0
0
0
0
0
0
0
0
0
0
0
0
0
0
0
0
0
0
0
0
0
0
0
0
0
0.007467157185
-5.98986937349e-05
0.00722403436251
-0.000118626151498
0.00693336257547
-0.000144159876097
0.00662131851599
-0.000156321680868
0.0063041566788
-0.000159678022251
0.00599186085745
-0.000157587845015
0.0056904666652
-0.000152225909443
0.00540350968711
-0.000144965056356
0.0051329332332
-0.000136671142578
0.00487966559585
-0.000127889350216
0.00464398955142
-0.000118961907823
0.00442578065229
-0.000110101973057
0.00422466222398
-0.000101439900512
0.0040401069456
-9.30524665033e-05
0.00387150378157
-8.49815567822e-05
0.00371820219751
-7.72462610383e-05
0.0035795413374
-6.98507871428e-05
0.00345486915695
-6.27896913721e-05
0.00334355479874
-5.60513634961e-05
0.00324499639479
-4.96203631419e-05
0.00315862576541
-4.34789915213e-05
0.00308391101081
-3.76083488342e-05
0.00302035767736
-3.19890425869e-05
0.00296750896804
-2.66016574165e-05
0.00292494532215
-2.14270609894e-05
0.00289228359029
-1.64465967615e-05
0.00286917596186
-1.1642198625e-05
0.00285530875453
-6.99645160197e-06
0.0028504011417
-2.49261541395e-06
0.00285420386993
1.88537720504e-06
0.00286649800191
6.15293912259e-06
0.00288709370805
1.03248583736e-05
0.00291582912094
1.44153343166e-05
0.00295256926045
1.84380171393e-05
0.0029972050314
2.24060480685e-05
0.00304965229153
2.63320980975e-05
0.00310985098271
3.02284029827e-05
0.00317776431354
3.41067921758e-05
0.00325337797595
3.7978708862e-05
0.00333669937076
4.18552173717e-05
0.00342775680762
4.5746993121e-05
0.00352659863176
4.96642883949e-05
0.00363329221127
5.36168645541e-05
0.0037479226939
5.7613877707e-05
0.00387059140633
6.16636994702e-05
0.00400141371902
6.57736465808e-05
0.00414051612812
6.99495821365e-05
0.00428803220419
7.4195334705e-05
0.00444409690907
7.85118569307e-05
0.00460883856702
8.2896008785e-05
0.00478236745651
8.73387942736e-05
0.00496475950942
9.18227926517e-05
0.0051560328784
9.63183904132e-05
0.00535611404648
0.000100778224902
0.00556478853165
0.00010512896169
0.00578162858599
0.000109258949332
0.00600588561594
0.000112999134984
0.00623632855729
0.000116093748573
0.00647100336821
0.000118158238748
0.00670687330053
0.000118616454423
0.00693925732204
0.000116590603723
0.00716099500281
0.000110750100258
0.00736123699918
9.90509522497e-05
0.00752263234772
7.79796461076e-05
0
3.61620243499e-05
0
0
0
0
0
0
0
0
0
0
0
0
0
0
0
0
0
0
0
0
0
0
0
0
0
0
0
0
0
0
0
0.00750099212608
5.98986937352e-05
0.00726373982309
0.000118626151498
0.00697542007089
0.000144159876098
0.00666277670915
0.000156321680869
0.00634342066465
0.000159678022252
0.00602824497462
0.000157587845016
0.00572379315573
0.000152225909445
0.00543386304302
0.000144965056358
0.00516052075786
0.00013667114258
0.00490474205743
0.000127889350218
0.00466681824178
0.000118961907825
0.00444661429566
0.00011010197306
0.00424373449464
0.000101439900515
0.00405762956163
9.30524665063e-05
0.00388766644806
8.49815567853e-05
0.00373317392598
7.72462610415e-05
0.00359347235169
6.98507871461e-05
0.00346789296894
6.27896913755e-05
0.00335579024195
5.60513634995e-05
0.00325654951566
4.96203631454e-05
0.00316959153261
4.34789915248e-05
0.00309437483494
3.76083488377e-05
0.00303039674976
3.19890425903e-05
0.00297719343493
2.66016574199e-05
0.00293433931295
2.14270609928e-05
0.00290144611942
1.64465967649e-05
0.00287816172217
1.16421986284e-05
0.00286416881896
6.99645160528e-06
0.00285918358813
2.49261541722e-06
0.00286295434253
-1.88537720179e-06
0.00287526022078
-6.15293911938e-06
0.00289590993752
-1.03248583704e-05
0.00292474060615
-1.44153343134e-05
0.00296161664043
-1.84380171361e-05
0.00300642873656
-2.24060480653e-05
0.00305909293275
-2.63320980943e-05
0.00311954973871
-3.02284029795e-05
0.00318776332306
-3.41067921725e-05
0.00326372074078
-3.79787088587e-05
0.00334743117552
-4.18552173683e-05
0.00343892516176
-4.57469931176e-05
0.00353825373855
-4.96642883914e-05
0.00364548746765
-5.36168645505e-05
0.00376071522306
-5.76138777033e-05
0.003884042622
-6.16636994665e-05
0.00401558991516
-6.57736465769e-05
0.00415548907943
-6.99495821325e-05
0.00430387974883
-7.41953347009e-05
0.00446090346269
-7.85118569265e-05
0.00462669548025
-8.28960087806e-05
0.0048013730688
-8.73387942691e-05
0.0049850186541
-9.1822792647e-05
0.00517765543492
-9.63183904084e-05
0.00537921188472
-0.000100778224897
0.00558946980809
-0.000105128961685
0.00580798770675
-0.000109258949327
0.00603398597671
-0.000112999134979
0.00626617347386
-0.000116093748568
0.00650248995135
-0.000118158238744
0.00673972286019
-0.000118616454418
0.00697290406763
-0.000116590603719
0.00719440426814
-0.000110750100255
0.00739250617264
-9.90509522471e-05
0.00754846546485
-7.79796461059e-05
0
-3.61620243494e-05
0
0
0
0
0
0
0
0
0
0
0
0
0
0
0
0
0
0
0
0
0
0
0
0
0
0
0
0
0
0
0
0.007467157185
0.000213531022907
0.00722403436251
0.000361748973987
0.00693336257547
0.000434831663137
0.00662131851599
0.000468365740346
0.0063041566788
0.000476839859446
0.00599186085745
0.00046988366637
0.0056904666652
0.000453620101687
0.00540350968711
0.000431922034454
0.0051329332332
0.000407247596487
0.00487966559585
0.000381156987566
0.00464398955142
0.000354637952257
0.00442578065229
0.000328310872191
0.00422466222398
0.000302558328821
0.0040401069456
0.000277607744893
0.00387150378157
0.000253584720808
0.00371820219751
0.000230547845106
0.0035795413374
0.000208511647257
0.00345486915695
0.00018746187182
0.00334355479874
0.000167365721713
0.00324499639479
0.000148178767099
0.00315862576541
0.000129849620902
0.00308391101081
0.000112323103438
0.00302035767736
9.55423760418e-05
0.00296750896804
7.94503667371e-05
0.00292494532215
6.3990706879e-05
0.00289228359029
4.91083286258e-05
0.00286917596186
3.4749827065e-05
0.00285530875453
2.08636589305e-05
0.0028504011417
7.40022824954e-06
0.00285420386993
-5.688105432e-06
0.00286649800191
-1.84470711036e-05
0.00288709370805
-3.09205645031e-05
0.00291582912094
-4.31507472033e-05
0.00295256926045
-5.51781566465e-05
0.0029972050314
-6.70418190171e-05
0.00304965229153
-7.87793582292e-05
0.00310985098271
-9.04270941556e-05
0.00317776431354
-0.000102020123
0.00325337797595
-0.000113592371272
0.00333669937076
-0.000125176612178
0.00342775680762
-0.000136804429982
0.00352659863176
-0.000148506112525
0.00363329221127
-0.000160310444065
0.0037479226939
-0.00017224436033
0.00387059140633
-0.000184332411899
0.00400141371902
-0.000196595959265
0.00414051612812
-0.000209051991237
0.00428803220419
-0.000221711410768
0.00444409690908
-0.000234576561812
0.00460883856703
-0.000247637666731
0.00478236745651
-0.00026086768375
0.00496475950942
-0.000274214845562
0.0051560328784
-0.000287591759388
0.00535611404648
-0.000300859392975
0.00556478853165
-0.000313803446857
0.00578162858599
-0.00032609900367
0.00600588561594
-0.000337256164924
0.00623632855729
-0.000346536689915
0.00647100336821
-0.000352833049671
0.00670687330054
-0.000354486386739
0.00693925732204
-0.00034897462522
0.00716099500281
-0.000332487781027
0.00736123699918
-0.000299292948624
0.00752263234772
-0.000239374994639
0
-0.000134319190801
0
-0
0
0
0
0
0
0
0
0
0
0
0
0
0
0
0
0
0
0
0
0
0
0
0
0
0
0
0
0.00758715438198
3.36351315677e-05
0.00736801375268
0.00043267165221
0.00710294592143
0.000626816805233
0.00680622513208
0.000731552452492
0.00649705217408
0.000777538698346
0.00618706426783
0.000786827765695
0.00588363429132
0.00077331364288
0.0055914360868
0.000745818306206
0.00531332917868
0.000710028942577
0.00505094878866
0.000669627986506
0.00480510929175
0.000626996484475
0.00457607969629
0.000583667547715
0.00436377114821
0.000540619420276
0.00416786451561
0.000498464961422
0.00398789733336
0.000457574927139
0.00382332314078
0.000418158913393
0.00367355198426
0.000380319001625
0.00353797800182
0.000344085629691
0.00341599809984
0.0003094417738
0.00330702445784
0.000276339363713
0.00321049274137
0.000244710483575
0.00312586732367
0.000214475038594
0.00305264442271
0.000185546004405
0.0029903537889
0.000157833009851
0.00293855939156
0.000131244764072
0.00289685942073
0.000105690677711
0.00286488582945
8.10819199119e-05
0.0028423035764
5.73320801135e-05
0.00282880968262
3.43575527077e-05
0.00282413218294
1.20777279274e-05
0.00282802902902
-9.58495151259e-06
0.00284028698358
-3.07050256646e-05
0.00286072053277
-5.13541136859e-05
0.00288917083405
-7.16010484843e-05
0.00292550470991
-9.15120325043e-05
0.00296961369146
-0.000111150800567
0.00302141311128
-0.000130578778052
0.00308084123967
-0.000149855222546
0.0031478584535
-0.000169037336829
0.00322244642101
-0.000188180338786
0.00330460727845
-0.000207337469614
0.00339436276507
-0.000226559916609
0.00349175327072
-0.000245896618167
0.00359683673273
-0.000265393906076
0.0037096872963
-0.000285094923902
0.0038303936201
-0.000305038735699
0.00395905666459
-0.000325259003758
0.00409578673866
-0.000345782065308
0.00424069949315
-0.00036662416526
0.00439391042631
-0.000387787494969
0.00455552729028
-0.0004092545307
0.00472563953354
-0.000430979927008
0.00490430354229
-0.000452878854318
0.00509152189613
-0.000474810113225
0.0052872140451
-0.00049655154194
0.00549117462349
-0.000517764025249
0.00570301378273
-0.000537938162911
0.00592207096191
-0.000556313344108
0.00614728913473
-0.000571754862735
0.00637703122797
-0.000582575142909
0.00660881160954
-0.00058626676831
0.00683888308762
-0.000579046103302
0.00706157478658
-0.000555179479985
0.00726900713423
-0.000506725296275
0.00745406430716
-0.000424432167562
0.00760940174112
-0.000289656624765
0
-1.13877724321e-05
0
0
0
0
0
0
0
0
0
0
0
0
0
0
0
0
0
0
0
0
0
0
0
0
0
0
0
0.00743592813833
0.000218496506785
0.00717291411543
0.000695685675118
0.00688701197581
0.000912718944855
0.00659050291853
0.00102806150977
0.00629095929706
0.00107708231981
0.00599476602394
0.00108302103881
0.00570659023009
0.00106148943674
0.00542962517223
0.00102278336406
0.00516596006092
0.000973694053891
0.00491687401246
0.000918714034962
0.00468305855019
0.00086081194675
0.00446478561115
0.000801940486755
0.00426203290329
0.000743372128128
0.00407457629073
0.000685921573981
0.00390205727585
0.000630093942021
0.00374403196905
0.000576184220193
0.00360000642104
0.000524344549643
0.00346946196135
0.00047463008938
0.00335187323565
0.000427030499496
0.00324672091887
0.000381491680495
0.00315350055141
0.000337930851035
0.00307172855598
0.000296247034024
0.00300094620781
0.000256328352572
0.00294072212363
0.000218057094033
0.00289065368295
0.000181313204752
0.00285036768487
0.000145976675791
0.00281952046274
0.000111929142037
0.00279779761983
7.90549230305e-05
0.00278491350546
4.72416670736e-05
0.00278061051939
1.63807140032e-05
0.00278465830781
-1.36327399407e-05
0.00279685289724
-4.28996150868e-05
0.00281701579847
-7.15170149186e-05
0.00284499310316
-9.95783531786e-05
0.00288065458692
-0.000127173516263
0.00292389282643
-0.00015438904008
0.00297462233238
-0.000181308283995
0.00303277869426
-0.000208011584426
0.00309831772793
-0.000234576370496
0.00317121461038
-0.000261077221237
0.00325146297911
-0.000287585838343
0.00333907396431
-0.000314170901813
0.00343407511083
-0.000340897764686
0.00353650913134
-0.000367827926586
0.00364643241253
-0.000395018205098
0.00376391316936
-0.00042251949252
0.00388902910625
-0.000450374940651
0.00402186439646
-0.000478617355522
0.00416250572531
-0.000507265494106
0.0043110370551
-0.000536318824761
0.00446753265077
-0.000565750126369
0.00463204774437
-0.000595495020602
0.00480460599977
-0.000625437109724
0.00498518264919
-0.000655386762647
0.00517368178318
-0.00068505067593
0.00536990575858
-0.000713988000648
0.00557351407886
-0.000741546483184
0.00578396849642
-0.000766767761675
0.0060004600241
-0.00078824639041
0.00622181082849
-0.000803925947304
0.00644634373145
-0.00081079967127
0.00667172621742
-0.000804428589268
0.00689480314837
-0.000778256410935
0.00711108233376
-0.000723004481667
0.00731236003715
-0.000625709870954
0.00748797220495
-0.000465268792566
0
-0.000144205081032
0
-0
0
0
0
0
0
0
0
0
0
0
0
0
0
0
0
0
0
0
0
0
0
0
0
0.00318629568332
4.84492150823e-05
0.00716493157239
0.000625905233478
0.00687153960409
0.000989077643419
0.00658002482525
0.00120423372369
0.00629197503311
0.00131611130191
0.00600905439324
0.00136000295968
0.00573314023628
0.00135893519577
0.00546619702356
0.00132843264946
0.00520994003243
0.00127904035519
0.00496570181164
0.00121793227468
0.00473442362112
0.00114999222548
0.00451669772632
0.00107853784155
0.00431282730932
0.00100581090376
0.0041228878663
0.000933311571152
0.00394678252364
0.000862026916639
0.00378428858031
0.000792587885346
0.00363509509181
0.000725377708693
0.00349883241086
0.000660607230594
0.00337509496142
0.00059836753882
0.00326345853068
0.000538666930238
0.00316349322403
0.000481456987147
0.00307477304258
0.000426651032483
0.00299688285868
0.000374137217927
0.00292942340266
0.000323787808588
0.00287201473925
0.000275465757445
0.00282429860286
0.000229029341147
0.00278593987547
0.000184335403173
0.00275662742406
0.000141241593449
0.00273607446257
9.96078845192e-05
0.00272401856416
5.92975654815e-05
0.0027202214186
2.01778595718e-05
0.00272446840628
-1.78797276232e-05
0.00273656804232
-5.49992511327e-05
0.00275635132977
-9.13003023624e-05
0.00278367104993
-0.000126898073338
0.00281840100888
-0.000161903475211
0.00286043525138
-0.000196423282583
0.00290968724717
-0.000230560279784
0.0029660890482
-0.00026441338546
0.00302959040959
-0.000298077731889
0.00310015786053
-0.000331644672173
0.00317777370413
-0.000365201681943
0.00326243491688
-0.000398832114562
0.00335415190789
-0.000432614755692
0.00345294708521
-0.000466623103908
0.00355885316043
-0.00050092428032
0.00367191110218
-0.000535577434269
0.00379216762315
-0.000570631461624
0.00391967205286
-0.000606121785227
0.00405447240798
-0.000642065849227
0.00419661042319
-0.000678456839969
0.00434611524868
-0.000715254951864
0.00450299545956
-0.00075237523148
0.00466722896617
-0.000789670616331
0.00483875038595
-0.000826908182433
0.00501743546579
-0.000863735755769
0.00520308228625
-0.000899634821106
0.00539538944838
-0.000933853645313
0.00559393268097
-0.000965310994267
0.00579814306673
-0.000992456776173
0.00600729077223
-0.00101307365281
0.006220482443
-0.00102399134204
0.00643670022002
-0.00102064636629
0.00665488823336
-0.000996444424275
0.00687393925687
-0.000942055505178
0.00709259613179
-0.00084436674587
0.00730892464802
-0.000681597308803
0.00320329080271
-0.000424615851903
0
-3.14540952734e-05
0
0
0
0
0
0
0
0
0
0
0
0
0
0
0
0
0
0
0
0
0
0
0
0.00717368850266
0.000495550225971
0.00679801166199
0.00100158207415
0.00647668155973
0.00131040774568
0.00618862033738
0.00149229494604
0.00591835283442
0.00158637880487
0.00565959912422
0.00161875666988
0.00541017074247
0.00160836357752
0.00516976522934
0.00156883816259
0.00493887221438
0.00150993337015
0.00471821378842
0.00143859070064
0.0045084792136
0.0013597268003
0.00431021417516
0.00127680287998
0.00412378888406
0.00119223619486
0.00394940431578
0.00110769613943
0.00378711470924
0.00102431652318
0.0036368549904
0.000942847604185
0.00349846761722
0.000863765081869
0.00337172646917
0.000787348378654
0.0032563570181
0.000713736989889
0.00315205280451
0.000642971143823
0.00305848858835
0.000575021203309
0.00297533066066
0.000509808960168
0.0029022448064
0.000447223072195
0.00283890236298
0.000387130252006
0.00278498475661
0.00032938336381
0.00274018683316
0.000273827264598
0.00270421924154
0.00022030299479
0.00267681007664
0.000168650758347
0.00265770594606
0.000118712015105
0.00264667259021
7.03309213257e-05
0.00264349515736
2.33552924264e-05
0.00264797821213
-2.23627823953e-05
0.00265994553831
-6.69665773143e-05
0.00267923978168
-0.000110594545731
0.00270572196688
-0.000153380258531
0.00273927091235
-0.000195452420682
0.00277978255898
-0.000236934929211
0.00282716922065
-0.000277946941462
0.00288135875823
-0.000318602923038
0.00294229367175
-0.000359012645405
0.00300993009922
-0.000399281099648
0.00308423670305
-0.000439508285769
0.00316519341717
-0.000479788828684
0.00325279001924
-0.000520211357766
0.00334702448123
-0.000560857565898
0.00344790103977
-0.000601800838851
0.00355542791336
-0.000643104307866
0.0036696145774
-0.00068481812566
0.00379046849046
-0.00072697569829
0.00391799114902
-0.000769588507781
0.00405217333418
-0.000812639025132
0.00419298941329
-0.000856071030973
0.00434039058299
-0.000899776401182
0.00449429701604
-0.000943577049377
0.0046545890473
-0.000987200213698
0.00482109787283
-0.0010302445813
0.00499359684884
-0.00107213379711
0.00517179564984
-0.00111205244632
0.00535534184427
-0.0011488571887
0.00554383802611
-0.00118095295801
0.00573688686228
-0.00120612248898
0.00593418652414
-0.0012212910039
0.00613572836377
-0.00122218820592
0.00634216959317
-0.00120288565367
0.00655540595758
-0.00115529186959
0.00677949224052
-0.00106845302881
0.00702417484421
-0.000926279912486
0.00730316113982
-0.000703602147515
0
-0.000349082469007
0
-0
0
0
0
0
0
0
0
0
0
0
0
0
0
0
0
0
0
0
0
0.00711904099441
0.000501748519141
0.00662565270721
0.000988938513168
0.00626788355075
0.00135935123062
0.00597472549693
0.0016035657995
0.00571653424835
0.00175048619463
0.00547833457183
0.00182457848139
0.00525245621903
0.00184463502267
0.00503541238271
0.00182540741384
0.00482598262163
0.00177826792367
0.00462408935763
0.00171182663416
0.00443016242807
0.0016325176302
0.00424479259781
0.00154509663057
0.00406855325519
0.0014530422226
0.00390191849949
0.00135887095057
0.00374523464711
0.00126437999181
0.0035987197113
0.00117083145899
0.00346247621558
0.0010790910999
0.00333650921389
0.00098973208356
0.00322074520921
0.000903112383334
0.00311504984929
0.000819432349805
0.0030192434962
0.000738777496918
0.00293311442022
0.000661150279292
0.00285642969922
0.000586493681166
0.00278894405329
0.000514708718125
0.00273040689558
0.000445667409715
0.002680567881
0.000379222378385
0.00263918121085
0.000315213934748
0.0026060089188
0.000253475286845
0.00258082332949
0.000193836347656
0.00256340884847
0.000136126496125
0.00255356321336
8.01765564322e-05
0.00255109831151
2.58201942799e-05
0.00255584064811
-2.7105118995e-05
0.00256763153137
-7.87574605726e-05
0.00258632702635
-0.00012929004071
0.00261179771682
-0.000178850949
0.00264392830391
-0.000227583007774
0.00268261706121
-0.000275623686516
0.00272777515798
-0.000323105038235
0.00277932585467
-0.000370153619724
0.00283720356804
-0.000416890358771
0.00290135279635
-0.000463430327967
0.00297172688798
-0.00050988237739
0.00304828662939
-0.000556348570094
0.00313099862111
-0.000602923349488
0.00321983340135
-0.000649692346141
0.00331476326883
-0.000696730706329
0.00341575974772
-0.000744100786754
0.00352279063013
-0.000791849008073
0.00363581652744
-0.000840001595603
0.00375478686427
-0.000888558844607
0.00387963526421
-0.000937487425072
0.00401027431664
-0.00098671008341
0.00414658979744
-0.00103609188197
0.00428843457626
-0.0010854218282
0.00443562273424
-0.00113438837168
0.00458792491594
-0.001182546763
0.00474506677295
-0.00122927565412
0.00490673379214
-0.00127371946551
0.00507258835182
-0.00131471174838
0.00524230881895
-0.00135067342514
0.00541566574154
-0.00137947941157
0.00559266055692
-0.00139828581927
0.0057737778641
-0.0014033055131
0.00596042528393
-0.0013895330735
0.00615559100776
-0.00135045759342
0.00636480605407
-0.00127766807512
0.00659842223079
-0.00115989608921
0.00687637211292
-0.000981552029644
0.0072489407072
-0.00072165106328
0
-0.000371848806356
0
-0
0
-0
0
0
0
0
0
0
0
0
0
0
0
0.00329695198369
0.000182421121449
0.00682438543505
0.00061398295767
0.00631187791942
0.00101425603477
0.00593091333809
0.0013699030945
0.00563930852588
0.00165095604282
0.00539801934821
0.00184485497717
0.00518504513143
0.00196346041141
0.00498825388745
0.00202136972537
0.00480107388285
0.00203181502727
0.00462029508856
0.00200618620814
0.00444467684839
0.00195388616384
0.0042740663043
0.00188243717825
0.00410885698236
0.00179772695213
0.00394966596019
0.00170428765273
0.00379714978647
0.00160555839632
0.00365190723646
0.00150411350058
0.00351443479667
0.0014018524316
0.00338511280541
0.00130015345024
0.00326420838531
0.00119999552001
0.00315188673488
0.00110205373398
0.00304822582556
0.00100677329265
0.00295323172116
0.00091442645421
0.00286685305753
0.000825156160545
0.00278899400149
0.00073900933533
0.00271952545443
0.000655962228225
0.00265829450855
0.000575939664007
0.00260513228518
0.000498829633081
0.00255986033659
0.000424494326981
0.002522295805
0.000352778466334
0.00249225552508
0.000283515566765
0.00246955923815
0.000216532634585
0.00245403206526
0.000151653669014
0.00244550636431
8.87022573799e-05
0.00244382307603
2.75034825675e-05
0.00244883264497
-3.21146879373e-05
0.00246039558559
-9.03204011883e-05
0.00247838274891
-0.000147277204033
0.00250267533331
-0.000203143533405
0.00253316467191
-0.000258072346369
0.00256975181965
-0.000312210834258
0.00261234695487
-0.000365700173453
0.00266086860205
-0.00041867526691
0.00271524267557
-0.000471264432283
0.00277540133703
-0.000523588989428
0.00284128165228
-0.000575762692645
0.00291282402721
-0.000627890945018
0.00298997039514
-0.000680069717423
0.00307266212238
-0.000732384073379
0.00316083759286
-0.000784906176807
0.00325442942958
-0.000837692623477
0.00335336130981
-0.0008907808883
0.00345754433696
-0.000944184622753
0.00356687294864
-0.000997887456294
0.00368122037466
-0.00105183485109
0.00380043372399
-0.00110592343274
0.0039243288953
-0.00115998705328
0.00405268570256
-0.00121377863546
0.0041852439357
-0.00126694660482
0.0043217016051
-0.00131900443239
0.00446171745071
-0.00136929149973
0.00460492113085
-0.00141692314566
0.00475093669756
-0.00146072731508
0.00489942827472
-0.00149916500231
0.00505018122074
-0.0015302323576
0.00520323914455
-0.00155134374308
0.0053591313411
-0.00155919770965
0.00551923774736
-0.00154963947976
0.00568632418812
-0.00151754403418
0.00586532452886
-0.00145666841587
0.00606475967257
-0.00135933123291
0.00629960734746
-0.00121639970453
0.00659729904736
-0.00101934276318
0.00699466836508
-0.000769218124079
0.00332896339737
-0.000475711441459
0
-0.000150409707631
0
0
0
0
0
0.00331907077124
6.24240326955e-05
0.00453092528852
0.000227185296523
0.00652379419283
0.00048573236747
0.00617112947794
0.000717693078824
0.0057729448547
0.0010121675809
0.00544262822724
0.00134457266223
0.00517715774429
0.00163537357745
0.00496323036077
0.00186488342634
0.00478159536269
0.00202648997525
0.00461882669219
0.00212622908191
0.00446660309456
0.00217359332301
0.00432010914092
0.00217830898091
0.00417690018184
0.00214939516721
0.00403604874333
0.00209473760236
0.00389753262719
0.00202095329438
0.00376182147402
0.00193343810531
0.00362960950897
0.00183649961779
0.00350165064813
0.00173351725715
0.00337866311358
0.00162710103513
0.00326127967284
0.00151923587234
0.00315002665044
0.00141140647265
0.00304532022863
0.00130470194182
0.00294747247225
0.00119990149037
0.00285670225683
0.00109754350807
0.00277314813926
0.000997980571785
0.00269688143363
0.000901422866172
0.00262791853855
0.000807972230411
0.00256623204829
0.000717648718488
0.00251176047245
0.000630411239843
0.00246441655662
0.000546173548916
0.00242409428661
0.00046481659699
0.00239067470167
0.000386198051275
0.00236403065629
0.000310159612141
0.00234403066916
0.000236532621714
0.0023305419876
0.000165142350579
0.00232343298209
9.58112628907e-05
0.00232257497035
2.83614943025e-05
0.00232784355521
-3.73832727995e-05
0.00233911954645
-0.000101596392429
0.00235628952386
-0.00016444718144
0.00237924608696
-0.000226100096505
0.00240788782648
-0.000286714085888
0.00244211904307
-0.000346442050853
0.00248184923043
-0.000405430360806
0.00252699233187
-0.000463818368349
0.00257746577248
-0.000521737872894
0.0026331892619
-0.000579312478848
0.00269408335647
-0.000636656787222
0.00276006776363
-0.000693875352172
0.00283105936596
-0.00075106131975
0.00290696993814
-0.000808294645561
0.00298770352722
-0.000865639765895
0.00307315346713
-0.000923142563383
0.00316319900296
-0.000980826424125
0.00325770151374
-0.00103868713354
0.00335650034752
-0.00109668629007
0.00345940832747
-0.00115474283104
0.00356620706433
-0.0012127221696
0.00367664233478
-0.00127042232374
0.00379041998328
-0.00132755628396
0.00390720311362
-0.00138372973516
0.00402661180458
-0.00143841312335
0.00414822727765
-0.0014909069728
0.00427160347779
-0.0015402993458
0.00439629058074
-0.00158541441803
0.00452187712594
-0.0016247515475
0.00464806015633
-0.00165641538799
0.0047747561593
-0.00167803974606
0.00490227016138
-0.00168671171172
0.00503154076364
-0.00167891008203
0.00516447000673
-0.00165047327727
0.00530437981774
-0.00159657822688
0.00545678193889
-0.00151173335406
0.00563059295261
-0.00139021071825
0.00583876955816
-0.00122751936873
0.00609185946602
-0.00102230803194
0.0063988243046
-0.00078267628004
0.00664211018388
-0.000576302829392
0.0045716380316
-0.000408129119452
0.00333116754225
-0.00019856932453
-5.03272616561e-05
0.00571718855637
0.000149465375228
0.00554478216785
0.000399591685033
0.00533657685151
0.000693937683817
0.00507359822385
0.000980671706477
0.00481343676452
0.00127232904023
0.0045986737115
0.00155933571526
0.00442346129189
0.00181058599706
0.00427864313467
0.00200970158357
0.004153252196
0.00215188091391
0.00403889540275
0.00224058587516
0.00392998382898
0.00228250489678
0.00382313797586
0.00228515483403
0.00371662027182
0.00225591287125
0.00360983093895
0.00220152693523
0.00350289807039
0.00212788616294
0.00339637254773
0.00203996362797
0.00329101486726
0.00194185729826
0.00318765393202
0.00183687819239
0.00308709896126
0.0017276560059
0.00299008891597
0.00161624591762
0.00289726734614
0.00150422804247
0.00280917372337
0.00139279556459
0.00272624491305
0.00128283030069
0.00264882243752
0.0011749659836
0.00257716265286
0.00106964035644
0.00251144800671
0.000967137512328
0.00245179826208
0.000867621975034
0.00239828105162
0.00077116592895
0.00235092143669
0.000677770854776
0.0023097103409
0.000587384644708
0.00227461184493
0.000499915092953
0.00224556939619
0.000415240500021
0.00222251102081
0.000333217987517
0.00220535363985
0.000253690002676
0.00219400659256
0.000176489397869
0.00218837446477
0.000101443390684
0.00218835931101
2.83766480638e-05
0.00219386234844
-4.28863102345e-05
0.00220478518935
-0.000112519233338
0.002221030668
-0.00018069266009
0.00224250330733
-0.000247572735837
0.00226910946125
-0.000313320239803
0.0023007571593
-0.000378089748906
0.00233735567251
-0.000442028874012
0.00237881481129
-0.000505277507135
0.00242504395971
-0.000567967021312
0.00247595084366
-0.000630219362801
0.00253144002496
-0.000692145968515
0.002591411108
-0.000753846435219
0.00265575664197
-0.000815406853717
0.00272435969844
-0.000876897702032
0.00279709110455
-0.000938371171999
0.00287380631485
-0.000999857773688
0.00295434191403
-0.00106136202331
0.00303851175981
-0.00112285697931
0.00312610280584
-0.0011842773361
0.00321687069336
-0.00124551071856
0.0033105352783
-0.00130638675454
0.00340677637944
-0.00136666342488
0.00350523021139
-0.00142601011591
0.00360548722672
-0.00148398675049
0.00370709246273
-0.00154001835936
0.00380955000178
-0.00159336451184
0.00391233385685
-0.00164308320087
0.0040149085453
-0.00168798910648
0.00411676380418
-0.00172660680638
0.00421746914619
-0.00175712073
0.00431675501234
-0.00177732561222
0.00441462745315
-0.00178458415252
0.00451151982705
-0.00177580245593
0.00460847986181
-0.00174743331203
0.00470741152143
-0.00169550988649
0.00481143894133
-0.00161576077396
0.0049252863166
-0.00150405809353
0.00505513945123
-0.00135737250336
0.00520799381503
-0.00117516239574
0.00539095110166
-0.00096563356667
0.00556702450454
-0.000752376232263
0.00569451678346
-0.000535621398375
0.00578812718522
-0.000292179726292
-6.64299753322e-05
0.0044913379769
0.00022521214706
0.00437206707232
0.000518862589616
0.00423402742127
0.000831977334867
0.00408093827951
0.00113376084824
0.00393100903528
0.00142225828445
0.0038024771587
0.00168786759184
0.00369678301962
0.00191628013614
0.00360895436213
0.00209753024105
0.00353229946045
0.00222853581559
0.00346123603339
0.00231164930223
0.00339183459828
0.00235190633188
0.00332164531377
0.00235534411854
0.00324940517763
0.00232815300739
0.00317472914254
0.00227620297032
0.00309782973348
0.00220478557201
0.00301928949663
0.00211850386482
0.00293989014684
0.00202125664804
0.00286049171667
0.00191627662256
0.00278195186123
0.00180619586133
0.00270507559596
0.0016931221829
0.00263058706502
0.00157871657341
0.00255911658822
0.00146426604139
0.0024911978278
0.00135074906111
0.00242727129262
0.00123889251878
0.00236769150544
0.00112922014363
0.00231273600755
0.00102209301022
0.00226261500039
0.000917742982189
0.00221748086918
0.000816300060165
0.0021774371417
0.000717814582251
0.00214254664295
0.000622275143458
0.0021128387414
0.000529622994501
0.00208831566791
0.000439763573517
0.00206895793876
0.000352575716666
0.00205472894239
0.000267918999045
0.00204557876192
0.000185639578343
0.00204144730911
0.000105574843487
0.00204226684301
2.75571141621e-05
0.00204796394048
-4.85834076978e-05
0.00205846097854
-0.000123016271397
0.00207367718004
-0.000195908861597
0.00209352926559
-0.000267424821381
0.00211793174644
-0.000337722720661
0.00214679688532
-0.000406954887783
0.00218003434431
-0.000475266332997
0.00221755053245
-0.000542793695277
0.00225924765908
-0.000609664147947
0.0023050224933
-0.000675994197016
0.00235476482488
-0.000741888300101
0.00240835561813
-0.000807437228461
0.00246566484709
-0.000872716082686
0.00252654900014
-0.000937781855082
0.00259084824328
-0.00100267041513
0.00265838323797
-0.00106739276838
0.00272895162067
-0.001131930406
0.00280232417154
-0.00119622953018
0.00287824073265
-0.00126019389721
0.00295640598536
-0.00132367597127
0.00303648527094
-0.00138646604012
0.00311810074558
-0.00144827889952
0.00320082831213
-0.00150873768246
0.00328419597906
-0.00156735441742
0.00336768457346
-0.00162350695377
0.00345073208979
-0.00167641202817
0.00353274339658
-0.00172509450766
0.00361310755001
-0.00176835325992
0.00369122551566
-0.00180472477203
0.00376655150149
-0.00183244671583
0.00383865108153
-0.00184942519226
0.00390727830483
-0.00185321137583
0.0039724711659
-0.001840995317
0.00403466281996
-0.00180962496609
0.0040948147193
-0.00175566178583
0.00415457675811
-0.00167552281278
0.00421635949162
-0.00156584082704
0.00428309405704
-0.00142410706878
0.0043576355333
-0.00124970387199
0.00443884157501
-0.00104683960838
0.00451164030852
-0.000825174965773
0.00456069729107
-0.000584678380927
0.00458590770823
-0.000317390143454
-4.76070158359e-05
0.00346611544944
0.000289249170331
0.00338434797899
0.000600630060062
0.0032988261455
0.000917499168355
0.00321166180712
0.00122092518662
0.00313100801278
0.00150291207879
0.00306357780502
0.00175529779961
0.00301019469017
0.00196966325098
0.0029676248686
0.00214010006263
0.00293131648275
0.00226484420143
0.00289722195168
0.0023457438333
0.00286235016428
0.00238677811928
0.0028247729914
0.00239292129143
0.00278347389823
0.00236945210055
0.00273814941904
0.00232152744951
0.00268900953586
0.00225392545519
0.00263660283068
0.00217091057001
0.00258167641098
0.00207618306774
0.00252507069278
0.00197288234076
0.0024676446715
0.00186362188261
0.00241022592808
0.00175054092632
0.00235357967544
0.00163536282604
0.00229839182876
0.00151945388808
0.00224526197529
0.00140387891459
0.00219470301782
0.00128945147624
0.00214714506783
0.00117677809362
0.0021029418301
0.00106629624795
0.00206237824627
0.000958306566015
0.00202567856312
0.000852999743317
0.00199301428402
0.00075047886135
0.00196451167108
0.000650777756399
0.00194025861051
0.000553876055073
0.00192031075176
0.000459711432266
0.00190469689483
0.000368189573597
0.00189342363995
0.000279192253919
0.00188647933705
0.000192583881247
0.00188383738401
0.000108216796523
0.00188545892746
2.59355707129e-05
0.00189129501891
-5.44194991418e-05
0.00190128827599
-0.000133009528484
0.00191537409326
-0.000209994678866
0.00193348144078
-0.000285532168896
0.00195553328259
-0.000359774562476
0.00198144664049
-0.000432868245682
0.00201113232225
-0.000504952014759
0.00204449432774
-0.000576155700767
0.00208142894074
-0.000646598760941
0.00212182350971
-0.000716388765992
0.0021655549168
-0.000785619707183
0.00221248773136
-0.000854370043027
0.00226247204357
-0.000922700394894
0.00231534097385
-0.000990650785365
0.00237090785844
-0.00105823729972
0.00242896311911
-0.00112544802905
0.00248927083934
-0.00119223812623
0.00255156509148
-0.00125852378232
0.00261554609305
-0.00132417489878
0.00268087631902
-0.00138900619725
0.00274717676589
-0.00145276648699
0.00281402365761
-0.00151512579124
0.00288094600999
-0.00157566003484
0.00294742463332
-0.00163383304075
0.00301289335607
-0.00168897567651
0.0030767434921
-0.0017402621642
0.00313833284239
-0.00178668385795
0.00319700079738
-0.00182702121491
0.0032520913264
-0.00185981530105
0.00330298567187
-0.0018833410613
0.00334914621916
-0.00189558573954
0.00339017204978
-0.00189423720645
0.00342586507791
-0.00187668834513
0.00345630510142
-0.0018400649896
0.0034819342173
-0.0017812909017
0.00350363826359
-0.00169722685907
0.0035227465839
-0.00158494914734
0.00354083245863
-0.00144219294351
0.00355917887828
-0.00126805029164
0.00357668756742
-0.00106434829753
0.00358683736399
-0.000835324762334
0.00358318267703
-0.00058102369397
0.0035674066059
-0.000301614072323
-1.03528826452e-05
0.00259617872234
0.000342596953509
0.00254033089182
0.000656477890584
0.00248932858134
0.000968501478834
0.00244470991841
0.00126554384955
0.0024091150102
0.001538506987
0.00238428581921
0.0017801269906
0.00236949068055
0.00198445838964
0.0023619139316
0.00214767681158
0.00235798703189
0.00226877110114
0.00235445957873
0.00234927128647
0.00234883228492
0.00239240541308
0.00233942488404
0.00240232869231
0.00232529911138
0.00238357787321
0.0023061257895
0.00234070077139
0.00228203729223
0.00227801395246
0.00225348918256
0.00219945867968
0.00222114270603
0.00210852954427
0.00218577157526
0.00200825347153
0.00214819198804
0.00190120146983
0.0021092128092
0.00178952010516
0.0020696021999
0.00167497343535
0.00203006704167
0.0015589890463
0.00199124190815
0.0014427040481
0.00195368487692
0.00132700850748
0.00191787802722
0.00121258494332
0.00188423097339
0.00109994330178
0.00185308621148
0.000989451327926
0.00182472540171
0.000881360553087
0.0017993759775
0.000775828285558
0.00177721767355
0.000672936060353
0.00175838871336
0.000572705015257
0.00174299150226
0.000475108643366
0.001731097745
0.000380083330863
0.00172275295681
0.000287537042111
0.00171798036851
0.000197356469539
0.00171678424594
0.000109412919094
0.00171915265471
2.35671619485e-05
0.00172505970638
-6.03265508141e-05
0.00173446732289
-0.000142417144993
0.0017473265543
-0.000222853910279
0.00176357848185
-0.000301784096441
0.00178315473381
-0.000379350814439
0.00180597763727
-0.000455691149145
0.00183196002398
-0.000530934401468
0.00186100470401
-0.000605200380796
0.00189300361682
-0.000678597673751
0.00192783666579
-0.000751221814967
0.00196537023971
-0.000823153281101
0.00200545542331
-0.000894455226619
0.00204792589944
-0.000965170871033
0.00209259554813
-0.00103532043405
0.0021392557534
-0.00110489750499
0.00218767243961
-0.00117386471526
0.00223758287444
-0.00124214856107
0.00228869230008
-0.00130963320796
0.00234067048813
-0.00137615308683
0.0023931483612
-0.00144148407032
0.00244571488783
-0.00150533301361
0.00249791454156
-0.00156732544497
0.00254924572108
-0.00162699121436
0.00259916065923
-0.00168374797889
0.00264706750111
-0.0017368825184
0.00269233539875
-0.00178553006184
0.00273430363821
-0.00182865209741
0.00277229596236
-0.00186501353906
0.00280564132945
-0.00189316066813
0.00283370227296
-0.00191140200481
0.00285591169933
-0.00191779516591
0.00287181831111
-0.00191014381823
0.00288114002453
-0.00188601005855
0.00288382442692
-0.00184274939199
0.00288011442178
-0.00177758089657
0.00287060547297
-0.00168771791026
0.00285624832123
-0.0015705919956
0.00283823598577
-0.00142418060805
0.00281766477831
-0.00124747908419
0.00279449039484
-0.00104117391405
0.00276652028728
-0.000807354654778
0.00273267224392
-0.000547175650604
0.00269467999575
-0.000263621824162
3.48006075945e-05
0.00184572378182
0.00038647046127
0.00180814574729
0.000694055925113
0.00178062107036
0.000996026155763
0.00176396766718
0.00128219725273
0.00175830119128
0.0015441734629
0.00176297966796
0.00177544851392
0.00177617960368
0.00197125845392
0.00179507753523
0.00212877888002
0.00181652125414
0.00224732738223
0.00183764717001
0.00232814537061
0.00185618632443
0.00237386625866
0.00187054109416
0.00238797392259
0.00187974644383
0.00237437252353
0.00188337778145
0.00233706943377
0.00188143880689
0.00227995292702
0.00187424970503
0.00220664778153
0.00186234708658
0.00212043216272
0.0018464006144
0.00202419994371
0.00182714724391
0.00192045484032
0.00180534183792
0.00181132551116
0.00178172190935
0.00169859336392
0.00175698392536
0.00158372703029
0.00173176867553
0.00146791929793
0.0017066534773
0.0013521237057
0.00168214934432
0.0012370890763
0.00165870160701
0.00112339103909
0.00163669280993
0.001011460125
0.00161644699954
0.000901606363484
0.00159823475269
0.000794040532403
0.00158227848446
0.00068889232858
0.00156875771761
0.000586225782113
0.00155781410429
0.000486052256687
0.00154955606946
0.000388341365692
0.00154406300153
0.000293030110039
0.00154138895492
0.000200030516151
0.00154156585518
0.000109236018837
0.00154460621414
2.05268029833e-05
0.00155050537239
-6.62257090596e-05
0.00155924329142
-0.000151155064032
0.00157078591995
-0.000234396538808
0.00158508615804
-0.000316084334522
0.00160208444137
-0.000396349097772
0.00162170896518
-0.000475315672961
0.00164387556441
-0.000553101000698
0.00166848726377
-0.000629812080153
0.00169543350881
-0.000705543918789
0.001724589087
-0.000780377393159
0.00175581274676
-0.000854376940857
0.0017889455226
-0.000927588002462
0.00182380877684
-0.00100003412528
0.0018602019726
-0.00107171362981
0.00189790020089
-0.00114259573327
0.00193665149679
-0.00121261601116
0.00197617399767
-0.00128167106195
0.00201615302152
-0.00134961223182
0.00205623817844
-0.00141623824375
0.00209604067393
-0.0014812865658
0.00213513102299
-0.00154442336268
0.00217303746907
-0.00160523189105
0.0022092454942
-0.00166319923949
0.00224319891472
-0.00171770139942
0.00227430317728
-0.00176798678095
0.00230193159353
-0.0018131584781
0.00232543536854
-0.00185215587242
0.00234415836508
-0.0018837365356
0.0023574575751
-0.00190645987815
0.00236473019146
-0.00191867462118
0.00236544794409
-0.00191851291853
0.0023591989724
-0.00190389484654
0.00234573703235
-0.0018725481185
0.00232503731281
-0.00182204967244
0.00229735606853
-0.00174989965228
0.00226328264213
-0.00165364448386
0.00222375675154
-0.00153106610501
0.00218001748586
-0.00138044134237
0.00213341892564
-0.00120088052397
0.00208495488173
-0.000992709870141
0.0020350045645
-0.000757404337551
0.00198476192398
-0.000496933010077
0.00193624022111
-0.000215100121295
8.14435391204e-05
0.00118911327109
0.000421948299784
0.00116495906399
0.000718210132218
0.00115396611181
0.00100701910794
0.00115621821139
0.00127994515315
0.00117075289818
0.00152963877611
0.00119586363713
0.00175033777497
0.00122915832589
0.00193796376516
0.00126776060034
0.00209017660557
0.001308706415
0.00220638156757
0.00134932032959
0.00228753145601
0.00138742984942
0.00233575673882
0.00142143527616
0.00235396849586
0.00145029185753
0.00234551594216
0.00147344488108
0.00231391641022
0.00149074324937
0.00226265455873
0.00150234828857
0.00219504274234
0.0015086481404
0.00211413231089
0.00151018318388
0.00202266490024
0.00150758456875
0.00192305345545
0.0015015258704
0.0018173842095
0.00149268672236
0.00170743251196
0.00148172673704
0.00159468701562
0.00146926786581
0.00148037816916
0.00145588341868
0.00136550815284
0.00144209215547
0.00125088033951
0.00142835610289
0.00113712709166
0.00141508100176
0.00102473522613
0.00140261852035
0.000914068844892
0.0013912695722
0.000805389480553
0.00138128824435
0.000698873656429
0.00137288597747
0.000594628048994
0.00136623574471
0.000492702489443
0.00136147605678
0.000393101053624
0.00135871468071
0.000295791486108
0.0013580320037
0.000200713193164
0.00135948400438
0.000107784018155
0.00136310481557
1.6905991793e-05
0.00136890887671
-7.20297701975e-05
0.00137689268336
-0.000159138870684
0.00138703614632
-0.000244540001764
0.00139930357537
-0.00032835176358
0.00141364430368
-0.000410689826078
0.00142999296806
-0.000491664337338
0.00144826945982
-0.000571377492456
0.00146837855932
-0.000649921179661
0.00149020926667
-0.000727374626134
0.00151363384037
-0.000803801966863
0.00153850655664
-0.00087924965712
0.00156466220357
-0.000953743649398
0.00159191432877
-0.00102728625047
0.00162005326486
-0.0010998525659
0.0016488439676
-0.00117138643601
0.00167802371497
-0.00124179575853
0.00170729973534
-0.00131094708231
0.00173634685917
-0.00137865935566
0.00176480532366
-0.00144469670824
0.00179227890431
-0.00150876014646
0.00181833360409
-0.00157047806246
0.00184249719944
-0.0016293954864
0.00186426002371
-0.00168496206375
0.00188307746063
-0.00173651883634
0.0018983747189
-0.00178328403923
0.00190955455655
-0.00182433831574
0.00191600870944
-0.00185861002531
0.00191713383723
-0.00188486166338
0.0019123528094
-0.00190167885032
0.00190114208742
-0.0019074638992
0.00188306578911
-0.00190043662022
0.00185781673461
-0.00187864579204
0.00182526435038
-0.00183999573427
0.00178550852787
-0.00178229384992
0.00173893624942
-0.00170332737384
0.001686271844
-0.00160098007844
0.00162860365869
-0.0014733979197
0.00156736673016
-0.00131920441384
0.00150424823358
-0.00113776202739
0.00144097560992
-0.000929437246481
0.00137924007342
-0.000695668801055
0.00132118059507
-0.000438873531719
0.00126913199408
-0.000163051520308
0.000125984423594
0.000608110186551
0.000449935500226
0.000594187605935
0.000732132712834
0.000595140873274
0.0010060658406
0.000610535057624
0.0012645509688
0.000638951536339
0.0015012222974
0.000678277635899
0.00171101167541
0.00072591517193
0.00189032622913
0.000779005835527
0.00203708594198
0.000834712086903
0.0021506753162
0.000890471756644
0.00223177178627
0.000944156452189
0.00228207204328
0.000994134246044
0.002303990702
0.00103926544308
0.00230038474512
0.00107885774888
0.00227432410442
0.0011125999848
0.00222891232281
0.00114048794583
0.0021671547813
0.00116275151261
0.00209186874412
0.00117978846535
0.0020056279475
0.00119210771294
0.00191073420785
0.00120028278804
0.0018092091344
0.00120491529012
0.00170280000988
0.00120660729694
0.0015929950088
0.00120594145594
0.00148104401016
0.00120346739025
0.00136798221853
0.00119969311757
0.00125465461219
0.00119508032039
0.00114173988885
0.00119004247799
0.00102977306853
0.0011849450474
0.000919166275486
0.00118010704475
0.0008102274832
0.00117580352325
0.000703177177934
0.00117226856529
0.000598163006948
0.0011696985056
0.000495272549135
0.00116825518053
0.000394544378689
0.00116806905998
0.000295977606661
0.00116924216431
0.000199540088833
0.0011718507035
0.000105175478972
0.00117594740051
1.28092947751e-05
0.00118156347915
-7.76458488346e-05
0.00118871030857
-0.000166285700106
0.00119738070541
-0.000253210398599
0.00120754989932
-0.000338520957491
0.00121917617127
-0.000422316098028
0.00123220117543
-0.000504689341504
0.00124654995678
-0.000585726273801
0.00126213067689
-0.000665501899771
0.0012788340615
-0.000744078010747
0.00129653258444
-0.0008215004898
0.00131507940484
-0.000897796477526
0.00133430707834
-0.000972971322893
0.00135402606822
-0.00104700524035
0.00137402309096
-0.00111984958864
0.00139405934171
-0.00119142268677
0.00141386866112
-0.00126160507793
0.00143315572538
-0.00133023414658
0.00145159436889
-0.00139709799916
0.00146882618304
-0.00146192852238
0.00148445957833
-0.00152439354175
0.00149806954966
-0.00158408803379
0.00150919844722
-0.00164052438397
0.00151735812744
-0.00169312174397
0.00152203393692
-0.00174119464583
0.00152269106391
-0.00178394116621
0.00151878386821
-0.00182043112004
0.00150976886361
-0.00184959502072
0.00149512206161
-0.00187021486138
0.00147436137522
-0.00188091816392
0.00144707470369
-0.00188017722768
0.00141295414836
-0.00186631606489
0.00137183651256
-0.00183752815624
0.00132374973706
-0.00179190895878
0.0012689639659
-0.00172750807877
0.00120804383044
-0.00164240723838
0.00114189450627
-0.00153483075427
0.00107178954277
-0.0014032929562
0.000999366397617
-0.00124678126869
0.000926571490202
-0.00106496711998
0.00085554654418
-0.000858412300458
0.000788563462718
-0.000628685719593
0.000728112237539
-0.00037842230654
0.000676646368036
-0.000111585650806
0.000166533404637
8.93607264434e-05
0.000471191875268
8.35160139133e-05
0.000737977425364
9.33410220032e-05
0.000996240832512
0.00011810502797
0.00123978696284
0.000156225150604
0.00146310217476
0.000205499625319
0.0016617372007
0.000263335543236
0.00183249031121
0.000326970240248
0.00197345124496
0.000393694785753
0.00208395077069
0.000461045551753
0.00216442102027
0.00052693037195
0.00221618722308
0.000589687003288
0.00224123407066
0.000648089263737
0.00224198248467
0.000701318116097
0.00222109525206
0.000748912004021
0.00218131843489
0.000790707427655
0.00212535935767
0.000826777664216
0.00205579850756
0.000857374826502
0.00197503078521
0.000882878269917
0.00188523076443
0.000903750745786
0.00178833665853
0.000920502590699
0.00168604816496
0.000933663539028
0.00157983406047
0.000943761349143
0.00147094620005
0.000951306254669
0.001360437313
0.000956780218071
0.00124918064879
0.000960630019138
0.00113789008778
0.00096326331479
0.00102713977288
0.000965046930989
0.000917382659286
0.000966306774449
0.00080896763974
0.000967328870397
0.000702155081986
0.000968361137577
0.000597130739767
0.000969615600869
0.000494018085844
0.000971270815395
0.000392889164163
0.000973474335211
0.000293774086845
0.000976345106247
0.000196669317797
0.00097997569926
0.000101544885959
0.000984434325926
8.35066810981e-06
0.000989766601651
-8.29781245599e-05
0.000995997033732
-0.000172516132187
0.00100313022426
-0.000260343589131
0.00101115178494
-0.00034654251817
0.0010200289663
-0.000431193279386
0.00102971100779
-0.00051437138299
0.001040129218
-0.000596144484015
0.00105119679686
-0.000676569478629
0.00106280841391
-0.0007556896278
0.00107483956004
-0.000833531635922
0.00108714569349
-0.000910102610977
0.00109956120659
-0.000985386835998
0.00111189824644
-0.00105934228021
0.00112394543257
-0.00113189677476
0.00113546652732
-0.00120294378152
0.0011461991315
-0.00127233768211
0.00115585349903
-0.00133988851412
0.00116411159197
-0.00140535609211
0.00117062653043
-0.00146844346084
0.00117502263328
-0.0015287896446
0.00117689629405
-0.00158596169456
0.00117581799226
-0.00163944608217
0.00117133580289
-0.00168863955459
0.00116298083212
-0.00173283967506
0.00115027507206
-0.00177123540616
0.00113274222344
-0.00180289827141
0.00110992207396
-0.00182677487123
0.00108138902787
-0.0018416818153
0.00104677534211
-0.00184630447816
0.00100579951383
-0.0018392013994
0.000958300054052
-0.00181881660511
0.000904274525991
-0.00178350262818
0.00084392313412
-0.00173155756691
0.000777695123082
-0.00166128006773
0.000706334427876
-0.00157104654317
0.000630918229727
-0.00145941455612
0.000552879265123
-0.00132525399159
0.000474001247238
-0.00116790325081
0.000396375761438
-0.000987341634177
0.000322318155674
-0.000784354694694
0.000254283940228
-0.000560651504146
0.000194804618476
-0.000318942984788
0.000146265622915
-6.3046655245e-05
0.000202181926066
-0.00037712728843
0.000486369158918
-0.000376388255994
0.000737238392929
-0.000359778660294
0.000979631236811
-0.000328169513062
0.0012081778156
-0.00028315920952
0.00141809187122
-0.000226888061639
0.00160546605282
-0.000161832910047
0.00176743515962
-9.06069752066e-05
0.00190222531012
-1.57729904391e-05
0.00200911678592
6.03121479881e-05
0.00208833588185
0.000135604216852
0.00214089515422
0.00020842793205
0.00216841035546
0.000277491320175
0.00217291909655
0.000341869722871
0.00215671684937
0.0004009701189
0.00212221803886
0.000454484602691
0.00207184487388
0.000502339799081
0.00200794331116
0.000544647012622
0.00193272357167
0.000581656195949
0.00184822158111
0.000613715462235
0.00175627739225
0.000641236861923
0.00165852676527
0.000664668451479
0.00155640247091
0.000684472243682
0.00145114240785
0.000701107384474
0.00134380217221
0.000715017795959
0.0012352702373
0.0007266235132
0.00112628437054
0.000736314988316
0.00101744829777
0.000744449712767
0.000909247934835
0.000751350599476
0.000802066753031
0.000757305658539
0.000696200022923
0.000762568586716
0.00059186781159
0.000767359967835
0.000489226704725
0.00077186884735
0.000388380284648
0.000776254499396
0.000289388434798
0.000780648249682
0.000192275567512
0.000785155253524
9.70378821159e-05
0.000789856156704
3.64976492987e-06
0.000794808588762
-8.79305566176e-05
0.000800048455247
-0.000177755998671
0.000805591008187
-0.000265886142072
0.000811431683741
-0.000352383193724
0.000817546703305
-0.00043730829895
0.000823893440056
-0.000520718119741
0.000830410557566
-0.000602661601525
0.000837017931205
-0.000683176852268
0.00084361636715
-0.000762288063745
0.000850087138244
-0.000840002407016
0.000856291361262
-0.000916306833995
0.000862069246759
-0.000991164721494
0.000867239261074
-0.00106451229452
0.000871597250847
-0.00113625476454
0.0008749155941
-0.00120626212477
0.000876942459212
-0.00127436454722
0.000877401274676
-0.00134034732958
0.00087599053892
-0.00140394535635
0.000872384131397
-0.00146483705331
0.000866232323811
-0.00152263783702
0.000857163733719
-0.00157689310447
0.000844788511105
-0.00162707085956
0.000828703100009
-0.0016725541435
0.000808496968866
-0.00171263354392
0.000783761749702
-0.00174650018699
0.000754103260712
-0.00177323978242
0.00071915689886
-0.00179182850938
0.000678606865773
-0.00180113178221
0.000632209613887
-0.00179990722627
0.00057982174724
-0.00178681353276
0.000521432351819
-0.00176042720969
0.000457199317466
-0.00171926959382
0.000387488569198
-0.00166184681864
0.000312914124541
-0.00158670562307
0.000234375381967
-0.0014925078006
0.000153086071855
-0.00137812524601
7.05874762071e-05
-0.00124275539594
-1.12624547069e-05
-0.0010860533199
-9.03323182487e-05
-0.000908271770635
-0.000164294940649
-0.000710392072294
-0.000230724424579
-0.000494222020217
-0.000287210861829
-0.000262456547538
-0.000331549857718
-1.87076593552e-05
0.000232582073128
-0.000798971735973
0.000496038079137
-0.00079272495128
0.000730991608235
-0.000770777416743
0.000957683702275
-0.000734046967936
0.0011714473668
-0.000684072591983
0.00136811749527
-0.000622865584188
0.00154425904502
-0.000552735583231
0.00169730515866
-0.00047611752021
0.0018256072471
-0.000395413102513
0.00192841236823
-0.000312859674012
0.00200578245335
-0.000230436428109
0.00205847190831
-0.000149809707758
0.00208778363511
-7.23123630876e-05
0.00209542175187
1.05060052529e-06
0.00208335388575
6.95780342507e-05
0.00205369060514
0.000132837369366
0.00200858553876
0.000190623789686
0.00195015689084
0.000242918175477
0.00188042918588
0.000289846821494
0.00180129293509
0.000331644813799
0.00171447939994
0.000368624069758
0.00162154750932
0.000401146397015
0.00152388014366
0.000429601482055
0.00142268732281
0.000454389439038
0.00131901421522
0.000475907396103
0.00121375228024
0.000494539533888
0.00110765223275
0.000510649989801
0.00100133784185
0.000524578078419
0.000895319846217
0.000536635336163
0.000790009495287
0.00054710396493
0.000685731394156
0.000556236316736
0.000582735459785
0.000564255124929
0.000481207896532
0.0005713542445
0.000381281165077
0.000577699713381
0.000283042965918
0.000583430988343
0.000186544292549
0.000588662243634
9.18066268255e-05
0.000593483648487
-1.17163992314e-06
0.000597962562222
-9.24094703527e-05
0.000602144603487
-0.000181938039936
0.000606054564319
-0.000269796102904
0.000609697150837
-0.000356025780242
0.000613057541238
-0.000440668689351
0.000616101758987
-0.000523762337489
0.000618776865232
-0.00060533670777
0.000621010980039
-0.000685410967075
0.000622713147461
-0.000763990231167
0.000623773065256
-0.00084106232481
0.000624060706571
-0.000916594475311
0.000623425868666
-0.000990529883589
0.000621697693096
-0.00106278411895
0.000618684213336
-0.00113324128478
0.000614171999918
-0.00120174991135
0.000607925990464
-0.00126811853777
0.000599689612828
-0.00133211095194
0.000589185334484
-0.00139344107801
0.000576115800406
-0.00145176751923
0.000560165755081
-0.00150668779169
0.000541004981343
-0.00155773233073
0.000518292528242
-0.00160435840646
0.00049168254001
-0.00164594415527
0.000460832034542
-0.00168178303845
0.000425411007483
-0.00171107915993
0.000385115249467
-0.00173294402441
0.000339682248984
-0.0017463955089
0.000288910498562
-0.00175036003179
0.000232682410328
-0.00174367913804
0.00017099085628
-0.00172512197871
0.000103969050739
-0.00169340540415
3.19230489993e-05
-0.00164722359209
-4.46345066705e-05
-0.00158528926297
-0.000124951669435
-0.00150638846031
-0.00020800898559
-0.00140945048445
-0.000292500691243
-0.00129363354035
-0.000376831367696
-0.00115842471949
-0.000459134620438
-0.00100375006715
-0.000537319710322
-0.000830086680751
-0.000609148085851
-0.000638563696765
-0.000672334110908
-0.00043103599516
-0.000724669069211
-0.000210121589234
-0.000764182008003
2.08052794368e-05
0.000257702880878
-0.00118209260402
0.000500705276972
-0.00117114353244
0.000720042536657
-0.00114488763388
0.000931427803709
-0.00110423776542
0.00113079749834
-0.0010506392633
0.00131451899314
-0.000985949302938
0.00147956908466
-0.000912292867633
0.00162364872336
-0.000831916516278
0.00174523089575
-0.00074705376994
0.00184354962189
-0.000659812522382
0.00191854120579
-0.000572091455712
0.00197075084164
-0.000485527164716
0.00200121934412
-0.000401469146134
0.00201136373329
-0.00032097743821
0.00200286217783
-0.000244837046276
0.0019775502132
-0.000173583594362
0.00193733208685
-0.000107535422485
0.00188410871897
-4.68283247263e-05
0.00181972208812
8.54988525414e-06
0.00174591472511
5.87268982339e-05
0.00166430238696
0.000103916691883
0.00157635771567
0.000144394156613
0.00148340267893
0.000180473722427
0.00138660775699
0.000212491852677
0.00128699608497
0.000240793088913
0.001185451044
0.000265719233362
0.0010827260883
0.000287601218277
0.000979455856939
0.000306753214858
0.000876167849635
0.000323468563565
0.00077329414658
0.00033801715059
0.00067118280713
0.000350643904294
0.000570108706081
0.000361568135054
0.000470283665772
0.00037098348898
0.000371865811151
0.000379058328412
0.000274968126486
0.00038593638943
0.000179666231532
0.00039173759841
8.60054178456e-05
0.000396558956431
-5.99299794461e-06
0.00040047542246
-9.63259363818e-05
0.00040354074439
-0.000185003361866
0.000405788201794
-0.000272043560308
0.000407231236351
-0.000357468814799
0.000407863955838
-0.000441301408838
0.000407661505987
-0.000523559887638
0.000406580311827
-0.00060425551361
0.000404558196849
-0.000683388852097
0.000401514394912
-0.00076094642923
0.000397349476608
-0.000836897406507
0.000391945219287
-0.00091119021799
0.000385164458465
-0.000983749122767
0.000376850968305
-0.00105447062879
0.000366829430706
-0.00112321974718
0.000354905566553
-0.0011898260472
0.000340866519352
-0.00125407949057
0.000324481600982
-0.00131572603357
0.000305503531856
-0.00137446300888
0.000283670333334
-0.00142993432071
0.000258708058427
-0.00148172551678
0.000230334576699
-0.001529358849
0.000198264659256
-0.00157228848901
0.00016221663722
-0.00160989613323
0.000121920928046
-0.00164148732928
7.71307330159e-05
-0.0016662889649
2.76351986953e-05
-0.00168344849009
-2.67247049965e-05
-0.00169203560521
-8.60374196546e-05
-0.00169104731713
-0.000150299115476
-0.00167941744222
-0.000219389276403
-0.00165603181778
-0.000293044054758
-0.00161975062579
-0.000370828337868
-0.00156943930898
-0.000452108065376
-0.00150400953546
-0.000536025107406
-0.00142247141828
-0.000621477942183
-0.00132399764967
-0.000707112326525
-0.00120799915601
-0.000791326849017
-0.001074210197
-0.000872298368974
-0.000922778547196
-0.000948031472054
-0.000754353577671
-0.00101643326414
-0.000570161904675
-0.00107541058968
-0.000372058669621
-0.00112298706752
-0.0001625451114
-0.00115743860465
5.52568165732e-05
0.00027768968241
-0.00153117488283
0.000500825084819
-0.00151614906673
0.000705016720557
-0.00148633922246
0.000901617959437
-0.00144262676575
0.00108708504163
-0.0013863514789
0.0012582437063
-0.00131921301826
0.00141243062401
-0.00124315252388
0.00154758822898
-0.00116023039033
0.0016623087622
-0.00107251221646
0.00175583144802
-0.000981971656566
0.0018280006459
-0.000890415715882
0.00187919490096
-0.000799434297349
0.00191023792559
-0.000710372554517
0.00192230199046
-0.000624322613423
0.00191681223674
-0.000542130396398
0.00189535799618
-0.000464413226483
0.00185961491693
-0.000391584294918
0.0018112797874
-0.000323880714136
0.00175201850734
-0.000261392600679
0.00168342661165
-0.000204091331954
0.00160700111824
-0.00015185573859
0.0015241221223
-0.00010449550261
0.00143604244295
-6.177142455e-05
0.00134388367893
-2.34125084184e-05
0.00124863716884
1.08699928294e-05
0.00115116854275
4.13713092382e-05
0.00105222477189
6.83843380486e-05
0.000952442828129
9.2192932509e-05
0.000852359255175
0.000113066952934
0.000752420126155
0.000131258760093
0.000652990999971
0.000147000863065
0.000554366603109
0.000160504470049
0.000456780058788
0.000171958727425
0.000360411553775
0.000181530467401
0.00026539638651
0.000189364316631
0.000171832382302
0.000195583046583
7.97866878936e-05
0.000200288070984
-1.06980223459e-05
0.000203560016719
-9.95978821164e-05
0.000205459312251
-0.000186902657398
0.000206026752531
-0.000272611000588
0.000205284011869
-0.000356726074138
0.000203234086863
-0.000439251483832
0.000199861660648
-0.000520187461423
0.000195133387918
-0.00059952724088
0.000188998107738
-0.000677253571918
0.000181386998572
-0.000753335320064
0.000172213697485
-0.00082772410542
0.00016137441362
-0.000900350934125
0.00014874807497
-0.000971122784117
0.000134196557667
-0.00103991911149
0.000117565058706
-0.00110658824821
9.86826864708e-05
-0.00117094367497
7.73633588921e-05
-0.00123276016299
5.34071166489e-05
-0.00129176979133
2.66019784079e-05
-0.00134765787064
-3.27351359031e-06
-0.00140005882872
-3.64468868332e-05
-0.00144855214354
-7.31472777512e-05
-0.00149265845808
-0.000113599703682
-0.00153183606308
-0.000158017839054
-0.00156547799786
-0.000206595061011
-0.00159291010732
-0.000259493537877
-0.00161339048804
-0.000316831163632
-0.00162611086433
-0.000378666202256
-0.00163020056658
-0.00044497960834
-0.00162473391105
-0.000515655147508
-0.00160874190305
-0.000590457667007
-0.00158122929828
-0.000669010178154
-0.00154119811465
-0.000750770822488
-0.00148767866464
-0.000835011312304
-0.00141976904564
-0.000920799055563
-0.00133668367502
-0.00100698584979
-0.00123781085544
-0.0010922066383
-0.0011227783675
-0.00117489215809
-0.000991524677217
-0.00125329913502
-0.000844371570264
-0.00132556071476
-0.000682091997925
-0.00138975766317
-0.000505964956271
-0.00144400798559
-0.000317808347199
-0.00148657119412
-0.000119981902865
-0.00151596150177
8.4647124217e-05
0.000292783255626
-0.00184998680483
0.000496808470496
-0.00183138681963
0.00068641673536
-0.00179859283635
0.000868823976152
-0.00175244303735
0.00104093524264
-0.00169417167418
0.00119997234313
-0.0016253282337
0.00134358718354
-0.00154768018699
0.00146994018226
-0.00146311125439
0.0015777398296
-0.00137352498413
0.00166624517775
-0.00128076091759
0.00173523657937
-0.00118652800482
0.00178496198818
-0.00109235716439
0.00181606708515
-0.000999572455258
0.00182951728133
-0.000909278673942
0.00182651845542
-0.000822362327908
0.00180844165014
-0.000739502679695
0.00177675526872
-0.000661189704716
0.00173296681242
-0.000587746195372
0.00167857499799
-0.000519351749841
0.00161503216612
-0.000456066913877
0.00154371628227
-0.000397856240309
0.00146591144874
-0.000344609460667
0.00138279566331
-0.000296160312045
0.00129543453031
-0.000252302829833
0.00120477968663
-0.000212805110234
0.00111167082316
-0.000177420676471
0.00101684033813
-0.000145897662314
0.000920919813972
-0.000117986067863
0.000824447660724
-9.34433559942e-05
0.000727877414286
-7.20386525686e-05
0.000631586296546
-5.35557962523e-05
0.000535883746793
-3.77954597264e-05
0.000441019722262
-2.45765370189e-05
0.000347192631067
-1.37369641875e-05
0.000254556813679
-5.13411410291e-06
0.000163229532217
1.35511827426e-06
7.32974555165e-05
5.8344455926e-06
-1.51773496642e-05
8.38845753879e-06
-0.000102151894063
9.082971479e-06
-0.000187597171338
7.96542024416e-06
-0.000271493449354
5.06524548244e-06
-0.000353825899376
3.94275842801e-07
-0.000434580514192
-6.05292115289e-06
-0.000513740264427
-1.42987160261e-05
-0.000591281446007
-2.43821173908e-05
-0.000667170170553
-3.6358481592e-05
-0.000741358955863
-5.02992104068e-05
-0.000813783376605
-6.62914068696e-05
-0.000884358737662
-8.44374502287e-05
-0.000952976740758
-0.000104854441055
-0.00101950212066
-0.000127673456342
-0.00108376923293
-0.000153038542006
-0.0011455785893
-0.000181105356406
-0.00120469334859
-0.000212039363296
-0.00126083578444
-0.00024601345646
-0.00131368377747
-0.000283204881587
-0.00136286740359
-0.00032379130441
-0.00140796572072
-0.000367945859635
-0.00144850390286
-0.000415831004339
-0.00148395091838
-0.000467590995464
-0.00151371800673
-0.000523342817786
-0.001537158285
-0.000583165411406
-0.00155356789442
-0.000647087092693
-0.00156218918305
-0.000715071137904
-0.00156221652137
-0.000786999613132
-0.00155280543582
-0.000862655697485
-0.0015330858187
-0.000941704968539
-0.00150218002723
-0.00102367640811
-0.00145922667508
-0.00110794424597
-0.00140341082678
-0.00119371218569
-0.00133400110592
-0.00128000202573
-0.00125039383498
-0.00136564914741
-0.00115216373376
-0.00144930768464
-0.00103911983027
-0.00152946826753
-0.000911364094324
-0.00160449087519
-0.000769348962605
-0.00167265436311
-0.000613928510008
-0.00173222249756
-0.000446396821823
-0.00178152413784
-0.000268506706918
-0.0018190434093
-8.24626313986e-05
-0.0018435134955
0.00010911721041
0.000303273179279
-0.00214160205216
0.000489029904066
-0.00211984398385
0.000664658667048
-0.00208450934912
0.000833489341418
-0.0020363894581
0.000992815351618
-0.00197661905937
0.00114020194441
-0.00190660970272
0.00127357782689
-0.00182796966722
0.00139130014676
-0.00174241932484
0.00149218948722
-0.00165170970249
0.0015755355554
-0.00155755023138
0.00164107710826
-0.00146154966798
0.00168896142478
-0.00136517209055
0.00171968950772
-0.00126970802325
0.00173405321404
-0.00117625937747
0.00173306980964
-0.00108573608132
0.001717918354
-0.000998861911201
0.00168988109859
-0.000916187022688
0.00165029192391
-0.000838104886718
0.00160049286202
-0.000764871673577
0.00154179895298
-0.000696626516065
0.00147547112476
-0.00063341147091
0.00140269640358
-0.000575190350834
0.00132457454323
-0.000521865899959
0.00124211007943
-0.000473295026669
0.00115620881334
-0.000429301991851
0.00106767778834
-0.000389689582267
0.000977227928549
-0.00035424838734
0.000885478619045
-0.000322764351455
0.000792963624839
-0.000295024801199
0.00070013786403
-0.00027082315516
0.000607384650506
-0.00024996251915
0.000515023110783
-0.000232258356352
0.000423315559464
-0.000217540403803
0.000332474678518
-0.000205653986367
0.000242670396243
-0.000196460858461
0.000154036404311
-0.000189839683675
6.66762807301e-05
-0.000185686243663
-1.93307896763e-05
-0.000183913450546
-0.000103924687179
-0.000184451221757
-0.000187059400127
-0.000187246262665
-0.000268698408445
-0.000192261790292
-0.000348810371749
-0.0001994772207
-0.000427365083784
-0.00020888783303
-0.000504329652097
-0.000220504414293
-0.000579664864745
-0.000234352880704
-0.000653321704142
-0.000250473863248
-0.000725237973319
-0.000268922237061
-0.000795335002792
-0.000289766565827
-0.000863514408896
-0.000313088423557
-0.000929654883027
-0.000338981546652
-0.000993608997567
-0.000367550758835
-0.00105520002075
-0.000398910600503
-0.00111421874763
-0.000433183582217
-0.00117042036687
-0.000470497969543
-0.00122352139712
-0.000510984993949
-0.00127319675307
-0.000554775372397
-0.00131907702514
-0.000601995007624
-0.00136074608549
-0.000652759733757
-0.00139773917672
-0.000707168969613
-0.00142954168252
-0.000765298147668
-0.00145558882868
-0.000827189804184
-0.00147526662848
-0.000892843249679
-0.00148791444892
-0.000962202794235
-0.00149282963849
-0.00103514458566
-0.00148927472994
-0.0011114622367
-0.00147648778478
-0.00119085157658
-0.00145369647882
-0.00127289506811
-0.00142013653569
-0.00135704668577
-0.00137507505742
-0.00144261834937
-0.00131783916318
-0.00152876933982
-0.00124785011547
-0.00161450045702
-0.00116466271778
-0.0016986549632
-0.00106800922758
-0.00177992850385
-0.000957846289617
-0.00185689010319
-0.000834402494989
-0.00192801587916
-0.000698223186633
-0.00199173621152
-0.000550208177651
-0.00204649568285
-0.000391637350494
-0.00209082339575
-0.000224178994014
-0.00212340963452
-4.98763926284e-05
-0.00214318307044
0.000128890646331
0.00030947072743
-0.00240855779843
0.000477832631603
-0.002383994988
0.000640095856618
-0.00234647478814
0.00079596914156
-0.00229674232257
0.000943082886046
-0.00223584153381
0.00107930115564
-0.00216506000166
0.00120279629474
-0.00208586276494
0.00131210291004
-0.00199982179024
0.00140614851253
-0.00190854716955
0.00148426093471
-0.00181362492667
0.00154615486538
-0.00171656482883
0.00159190132695
-0.00161876003669
0.00162188471557
-0.0015214590004
0.00163675217775
-0.00142574889702
0.00163735970626
-0.00133254916543
0.00162471862241
-0.00124261330252
0.00159994523568
-0.00115653696797
0.00156421558936
-0.0010747705271
0.00151872642115
-0.000997634370074
0.00146466279596
-0.000925335620228
0.00140317237491
-0.000857985138428
0.00133534592178
-0.000795614013586
0.00126220341839
-0.000738188980978
0.00118468504683
-0.000685626421459
0.00110364625382
-0.000637804763075
0.00101985612995
-0.000594575233723
0.000933998399196
-0.000555771004678
0.00084667439
-0.000521214825748
0.000758407445909
-0.000490725289429
0.000669648327711
-0.000464121879899
0.000580781240976
-0.000441228967733
0.000492130198617
-0.000421878906936
0.000403965498666
-0.000405914380689
0.000316510152271
-0.000393190128523
0.000229946144077
-0.000383574172111
0.000144420447899
-0.000376948640993
6.00507496116e-05
-0.000373210284014
-2.30691466553e-05
-0.000372270737519
-0.000104864233673
-0.000374056607779
-0.000185273529867
-0.00037850941272
-0.000264245603504
-0.000385585416766
-0.000341734367704
-0.000395255382382
-0.000417695118167
-0.000407504252528
-0.000492080781951
-0.000422330769535
-0.000564838347738
-0.000439747027659
-0.000635905446018
-0.000459777948573
-0.000705207052405
-0.000482460661123
-0.000772652290241
-0.000507843758578
-0.000838131311442
-0.000535986398288
-0.000901512243317
-0.000566957200009
-0.000962638195846
-0.000600832889956
-0.0010213243308
-0.000637696628241
-0.00107735500935
-0.000677635947695
-0.00113048104742
-0.000720740222394
-0.00118041712242
-0.000767097575301
-0.00122683940016
-0.000816791126878
-0.00126938347356
-0.000869894481267
-0.0013076427311
-0.000926466345667
-0.00134116731232
-0.000986544183455
-0.00136946384474
-0.00105013681506
-0.00139199619707
-0.00111721590613
-0.00140818753741
-0.00118770632364
-0.00141742403142
-0.00126147540159
-0.00141906056054
-0.00133832124393
-0.0014124288876
-0.0014179603071
-0.00139684872161
-0.00150001465201
-0.00137164213391
-0.00158399943681
-0.00133615175089
-0.00166931143539
-0.00128976305883
-0.00175521960307
-0.00123193099551
-0.00184085895495
-0.00116221076359
-0.00192522924174
-0.00108029243098
-0.00200720005712
-0.000986038412203
-0.00208552402418
-0.000879522322558
-0.00215885951086
-0.000761067008304
-0.00222580384226
-0.000631278855231
-0.00228493716067
-0.000491074859248
-0.00233487593699
-0.00034169857417
-0.00237433379788
-0.000184721133129
-0.0024021860179
-2.2024172606e-05
-0.00241753275919
0.000144237387626
0.000311693039128
-0.00265296929011
0.000463532753702
-0.0026259080626
0.000613034629109
-0.00258649394562
0.000756555024575
-0.00253542870222
0.000892017642644
-0.0024736750011
0.00101754745453
-0.00240241049576
0.00113153178939
-0.00232297287331
0.00123266528759
-0.00223680089877
0.00131997653799
-0.00214537620624
0.00139283624217
-0.00205016978728
0.00145094844642
-0.00195259605038
0.00149432759005
-0.00185397615557
0.00152326482077
-0.00175551122933
0.00153828725151
-0.00165826516355
0.00154011364049
-0.00156315605805
0.0015296095169
-0.00147095497631
0.00150774415394
-0.00138229051469
0.00147555112774
-0.00129765768257
0.00143409358903
-0.00121742970647
0.00138443481986
-0.00114187155531
0.00132761422375
-0.00107115420081
0.00126462856728
-0.00100536884786
0.00119641806543
-0.000944540575291
0.00112385677426
-0.000888641008076
0.00104774668661
-0.000837599791162
0.000968814913039
-0.000791314753734
0.000887713361769
-0.000749660741508
0.000805020377774
-0.000712497158426
0.000721243862827
-0.00067967430134
0.000636825470624
-0.000651038596684
0.00055214553632
-0.000626436860755
0.000467528462689
-0.000605719708132
0.000383248346043
-0.000588744229233
0.000299534673372
-0.000575376050139
0.000216577964983
-0.000565490877198
0.000134535274958
-0.00055897561709
5.35354895038e-05
-0.000555729150707
-2.63156130386e-05
-0.000555662826997
-0.000104930557384
-0.000558700731266
-0.000182235625598
-0.000564779771445
-0.000258166563324
-0.000573849615608
-0.000332664523541
-0.000585872504544
-0.000405672229231
-0.00060082295436
-0.000477130332135
-0.000618687355789
-0.000546973946309
-0.000639463468963
-0.000615129332844
-0.000663159804765
-0.000681510716603
-0.000689794876373
-0.000746017218633
-0.000719396297041
-0.000808529890774
-0.000751999692578
-0.00086890884778
-0.000787647389368
-0.000926990499055
-0.000826386830861
-0.000982584889306
-0.000868268667856
-0.00103547317235
-0.000913344460439
-0.00108540525483
-0.000961663922556
-0.0011320976603
-0.00101327163474
-0.00117523168798
-0.00106820314697
-0.00121445196133
-0.00112648039323
-0.00124936548484
-0.00118810634353
-0.00127954136202
-0.0012530588299
-0.00130451135836
-0.00132128350206
-0.00132377152491
-0.00139268589923
-0.00133678514024
-0.00146712266973
-0.00134298726092
-0.00154439203239
-0.00134179119788
-0.00162422365742
-0.00133259726258
-0.0017062682505
-0.00131480412853
-0.00179008725449
-0.00128782312992
-0.00187514323638
-0.001251095769
-0.00196079169839
-0.00120411459682
-0.00204627523012
-0.00114644746378
-0.00213072108644
-0.00107776490728
-0.0022131434042
-0.000997870113222
-0.00229245132279
-0.000906730493609
-0.00236746420025
-0.0008045094451
-0.00243693486719
-0.000691596341369
-0.00249958139301
-0.000568632329405
-0.0025541271323
-0.000436529119956
-0.00259934789961
-0.000296477806864
-0.00263412409117
-0.000149944941572
-0.00265749457752
1.34631375229e-06
-0.00266870832724
0.000155451137343
0.0003102538799
-0.00287661453515
0.000446422419743
-0.00284732481954
0.00058374491349
-0.00280626165413
0.000715491859173
-0.00275408719098
0.000839843179491
-0.00269169222728
0.000955152490834
-0.00262015778088
0.00105999734299
-0.00254070922047
0.00115321672718
-0.0024546667903
0.00123393410781
-0.00236339624779
0.00130156569967
-0.00226826280129
0.00135581499992
-0.00217059076188
0.00139665555063
-0.00207163045149
0.00142430451038
-0.00197253306301
0.00143918986302
-0.00187433344384
0.00144191402132
-0.0017779402248
0.00143321629786
-0.00168413235253
0.00141393628167
-0.0015935608908
0.00138497966601
-0.00150675490072
0.00134728759895
-0.00142413025885
0.00130181017799
-0.00134600038788
0.00124948435278
-0.00127258802851
0.00119121620791
-0.00120403734891
0.00112786738583
-0.00114042585245
0.00106024527781
-0.00108177569449
0.000989096528646
-0.00102806414848
0.000915103367031
-0.000979233068315
0.0008388822816
-0.00093519727733
0.000760984586789
-0.000895851877708
0.000681898463206
-0.000861078518503
0.000602052111419
-0.00083075069043
0.000521817708246
-0.000804738133393
0.000441515905652
-0.000782910451222
0.000361420663873
-0.000765140029923
0.000281764252073
-0.000751304352793
0.000202742287853
-0.000741287799516
0.000124518721682
-0.000734983008178
4.72306981654e-05
-0.000732291869925
-2.90067512914e-05
-0.00073312621628
-0.000104096211029
-0.000737408249445
-0.000177953592433
-0.000745070756547
-0.000250504056223
-0.000756057139711
-0.000321678140377
-0.000770321285406
-0.000391408083536
-0.000787827288316
-0.000459624329225
-0.00080854903743
-0.000526252197195
-0.000832469664604
-0.000591208705671
-0.000859580848824
-0.000654399532383
-0.000889881962484
-0.000715716104972
-0.000923379039169
-0.000775032814089
-0.000960083535778
-0.000832204351171
-0.00100001085531
-0.000887063179527
-0.00104317859018
-0.000939417154434
-0.00108960444014
-0.000989047322391
-0.00113930375348
-0.00103570594149
-0.00119228663607
-0.00107911477771
-0.0012485545703
-0.00111896375375
-0.0013080964861
-0.00115491004553
-0.0013708842295
-0.00118657774144
-0.00143686738275
-0.00121355820877
-0.00150596740492
-0.0012354113362
-0.00157807108446
-0.00125166784537
-0.0016530233293
-0.00126183289539
-0.00173061936572
-0.00126539122451
-0.00181059647788
-0.00126181408572
-0.00189262549753
-0.00125056824293
-0.00197630234735
-0.00123112727871
-0.00206114005254
-0.00120298542473
-0.00214656175948
-0.00116567406205
-0.00223189543143
-0.00111878092488
-0.00231637101756
-0.00106197187765
-0.00239912099731
-0.000995014927527
-0.00247918526158
-0.000917805848949
-0.00255552127793
-0.000830394477261
-0.00262702036302
-0.000733010360006
-0.00269253062051
-0.000626086083886
-0.00275088667377
-0.000510276276146
-0.00280094572915
-0.000386470064569
-0.00284162877861
-0.000255794757404
-0.00287196497107
-0.000119608749119
-0.00289113645643
2.05177991201e-05
-0.00289852043508
0.000162835115986
0.000305458313935
-0.00308099806061
0.00042677237985
-0.00304972071471
0.000552467567587
-0.0030072178783
0.000672989022765
-0.0029541161086
0.000786741409789
-0.00289124313382
0.000892279516052
-0.00281959550611
0.000988349715289
-0.00274030009066
0.00107392131172
-0.00265457235269
0.00114820636984
-0.00256367436368
0.00121066771066
-0.00246887509616
0.00126101573241
-0.00237141502378
0.00129919547825
-0.00227247639476
0.00132536588135
-0.00217315989613
0.00133987336439
-0.00207446784815
0.00134322197335
-0.00197729360713
0.00133604205683
-0.00188241652807
0.00131905920261
-0.00179050164253
0.00129306478047
-0.00170210312135
0.00125888907778
-0.00161767059582
0.00121737765245
-0.00153755747556
0.00116937123251
-0.00146203050607
0.00111568923843
-0.00139127993273
0.00105711681249
-0.00132542976591
0.000994395110986
-0.00126454776437
0.000928214527107
-0.00120865486361
0.000859210466277
-0.00115773386933
0.000787961287318
-0.00111173731255
0.000714988030005
-0.00107059442313
0.00064075557379
-0.00103421722304
0.000565674911327
-0.00100250577266
0.000490106257863
-0.000975352624861
0.000414362757856
-0.000952646553919
0.000338714592931
-0.000934275632325
0.000263393330479
-0.000920129729783
0.000188596385312
-0.000910102505977
0.000114491497875
-0.000904092963892
4.12211560808e-05
-0.000902006624107
-3.10930910769e-05
-0.000903756373093
-0.000102346462044
-0.000909263030937
-0.000172446934589
-0.000918455676078
-0.000241311411082
-0.000931271756986
-0.000308862059469
-0.000947657013275
-0.000375022827248
-0.000967565221544
-0.000439716120956
-0.00099095777442
-0.000502859644319
-0.0010178030946
-0.000564363385493
-0.00104807587936
-0.000624126747624
-0.00108175616493
-0.000682035819402
-0.00111882819408
-0.000737960784934
-0.00115927906475
-0.000791753480502
-0.00120309713211
-0.000843245112171
-0.00125027013161
-0.000892244154931
-0.00130078298637
-0.000938534467634
-0.00135461525893
-0.000981873668934
-0.0014117382057
-0.00102199183094
-0.00147211139249
-0.00105859056696
-0.00153567883243
-0.0010913426056
-0.0016023646142
-0.00111989195968
-0.00167206799974
-0.00114385482323
-0.00174465798813
-0.0011628213478
-0.00181996736722
-0.00117635846629
-0.00189778630854
-0.00118401395407
-0.00197785560607
-0.00118532192698
-0.00205985971501
-0.00117980997678
-0.00214341981615
-0.00116700814179
-0.00222808721164
-0.00114645988322
-0.00231333744875
-0.00111773518762
-0.00239856566478
-0.00108044584602
-0.00248308374189
-0.00103426284778
-0.00256611994347
-0.000978935676062
-0.00264682176138
-0.000914313109617
-0.00272426271333
-0.000840364897004
-0.00279745377346
-0.000757203417123
-0.00286535997103
-0.000665104162434
-0.00292692243373
-0.000564523621186
-0.00298108577545
-0.000456112934434
-0.0030268302396
-0.000340725600418
-0.00306320744308
-0.000219417553924
-0.00308937798393
-9.3438208263e-05
-0.00310464865962
3.57884748078e-05
-0.00310850667524
0.000166693131603
0.000297599739202
-0.00326739971538
0.000404834080718
-0.00323435170606
0.000519419558259
-0.00319059086846
0.000629228185168
-0.00313671210815
0.000732862649485
-0.00307348809422
0.000829055502116
-0.00300184184831
0.000916703469379
-0.00292281420961
0.000994893673022
-0.00283752848096
0.0010629206412
-0.00274715456267
0.00112029379237
-0.00265287464776
0.0011667358175
-0.00255585215751
0.00120217298801
-0.00245720511378
0.00122671883763
-0.0023579846453
0.00124065289591
-0.00225915886587
0.00124439619391
-0.00216160198026
0.00123848517122
-0.00206608818764
0.00122354540999
-0.00197328976435
0.00120026635718
-0.00188377860821
0.00116937792164
-0.00179803050058
0.00113162954483
-0.00171643137104
0.00108777210298
-0.00163928491605
0.00103854278344
-0.00156682101135
0.000984652907782
-0.00149920445516
0.000926778554803
-0.00143654367693
0.000865553748873
-0.00137889913682
0.000801565926169
-0.00132629122192
0.00073535337242
-0.00127870751269
0.000667404320772
-0.00123610934887
0.00059815740997
-0.00119843766714
0.000528003229601
-0.00116561811513
0.000457286705847
-0.00113756546948
0.000386310112208
-0.001114187401
0.000315336524447
-0.00109538763865
0.000244593568132
-0.00108106858876
0.000174277335425
-0.00107113346603
0.000104556375144
-0.00106548799106
3.55756811145e-05
-0.00106404170528
-3.25393768651e-05
-0.00106670894884
-9.96792184801e-05
-0.00107340954167
-0.000165746341762
-0.00108406920119
-0.000230651751556
-0.00109861972445
-0.000294311536211
-0.00111699895566
-0.000356643596039
-0.00113915055437
-0.000417564522246
-0.0011650235733
-0.000476986625389
-0.00119457184918
-0.000534815109606
-0.00122775320449
-0.000590945392313
-0.00126452845262
-0.000645260571281
-0.00130486019411
-0.000697629043439
-0.00134871138713
-0.000747902287485
-0.00139604367091
-0.00079591282839
-0.00144681541784
-0.000841472408
-0.00150097948689
-0.000884370398583
-0.00155848064995
-0.00092437250587
-0.00161925266262
-0.000961219818273
-0.00168321495335
-0.000994628276228
-0.00175026891022
-0.00102428864873
-0.00182029375282
-0.00104986711707
-0.00189314199051
-0.00107100658554
-0.00196863448661
-0.00108732885169
-0.00204655517373
-0.00109843777917
-0.00212664549801
-0.00110392362978
-0.00220859871193
-0.00110336871306
-0.00229205418496
-0.00109635450375
-0.00237659196079
-0.00108247036595
-0.00246172785621
-0.00106132398781
-0.00254690946756
-0.00103255357627
-0.00263151352308
-0.000995841790495
-0.00271484508385
-0.00095093128701
-0.00279613914547
-0.00089764161444
-0.00287456521348
-0.000835887041603
-0.00294923540294
-0.000765694707546
-0.00301921653201
-0.000687222288057
-0.00308354652498
-0.000600774169468
-0.00314125520214
-0.000506814944025
-0.00319138921173
-0.000405978924839
-0.00323304046482
-0.000299074347327
-0.00326537699793
-0.00018708102082
-0.00328767475973
-7.11404464589e-05
-0.00329934845781
4.74621728834e-05
-0.00329997937263
0.000167324046432
0.000286958381084
-0.00343691255969
0.000380841444518
-0.00340229073714
0.000484797735715
-0.00335743134056
0.00058436878858
-0.00330290133249
0.00067833264142
-0.00323942549752
0.000765579667148
-0.00316786304835
0.000845141020208
-0.00308917995405
0.000916210578714
-0.00300441880024
0.000978159487393
-0.00291466801309
0.00103054300521
-0.00282103212494
0.00107309992935
-0.00272460447705
0.00110574534012
-0.00262644339569
0.00112855775627
-0.0025275524949
0.00114176199512
-0.00242886539569
0.0011457090947
-0.00233123483733
0.00114085461287
-0.00223542591066
0.00112773648331
-0.00214211297028
0.0011069534168
-0.0020518796787
0.00107914463006
-0.00196522159173
0.00104497145786
-0.00188255069786
0.0010051012091
-0.00180420136243
0.000960193448011
-0.00173043718777
0.000910888733119
-0.00166145837247
0.000857799739504
-0.00159740922902
0.00080150460542
-0.00153838559282
0.000742542289973
-0.00148444192324
0.000681409702842
-0.00143559795641
0.000618560353937
-0.00139184481957
0.000554404273136
-0.00135315055707
0.000489308967105
-0.00131946504942
0.000423601198196
-0.0012907243308
0.000357569393584
-0.00126685432693
0.000291466520578
-0.00124777404643
0.00022551328763
-0.00123339826536
0.000159901554359
-0.00122363974775
9.479785753e-05
-0.00121841104501
3.03469783718e-05
-0.00121762591578
-3.33245060946e-05
-0.0012212004044
-9.61047298547e-05
-0.00122905361237
-0.000157893133795
-0.00124110819243
-0.000218597171497
-0.00125729059016
-0.000278129138484
-0.00127753105268
-0.000336403133515
-0.00130176341919
-0.00039333215574
-0.00132992470289
-0.000448825341683
-0.0013619544693
-0.000502785343196
-0.00139779401099
-0.000555105850624
-0.0014373853149
-0.000605669267372
-0.00148066981407
-0.000654344544268
-0.00152758691232
-0.000700985189231
-0.00157807226748
-0.000745427473232
-0.00163205581647
-0.000787488859011
-0.00168945952459
-0.000826966690466
-0.00175019484134
-0.000863637189114
-0.00181415984703
-0.000897254812584
-0.00188123607826
-0.000927552044996
-0.00195128502742
-0.000954239699571
-0.00202414432094
-0.000977007823553
-0.00209962359557
-0.000995527310917
-0.00217750011071
-0.00100945233655
-0.00225751415937
-0.00101842373051
-0.00233936437062
-0.00102207341853
-0.00242270303394
-0.00102003004974
-0.00250713161839
-0.00101192591931
-0.00259219670898
-0.000997405275352
-0.00267738663518
-0.000976134061608
-0.00276212911973
-0.000947811091725
-0.00284579032669
-0.000912180583534
-0.00292767572783
-0.000869045885865
-0.00300703322897
-0.000818284113301
-0.00308305899367
-0.000759861276903
-0.00315490635833
-0.000693847342887
-0.00322169814104
-0.000620430505351
-0.00328254249709
-0.000539929813418
-0.00333655226268
-0.000452805178438
-0.00338286745896
-0.000359663728552
-0.00342068031492
-0.000261261491366
-0.0034492618353
-0.000158499500444
-0.00346798862818
-5.24136535776e-05
-0.00347636845994
5.58420046458e-05
-0.00347406286996
0.000165018456444
0.000273800707018
-0.00359047265581
0.000355012431753
-0.00355445660154
0.00044878168144
-0.00350863981643
0.000538552003479
-0.00345356473079
0.000623257555776
-0.00338991461916
0.000701929555513
-0.0033184934817
0.000773719882756
-0.00324020233785
0.000837919434864
-0.00315601336521
0.000893970514754
-0.00306694334798
0.000941472987979
-0.00297402779762
0.000980184378982
-0.00287829690557
0.00101001444808
-0.00278075422031
0.001031015071
-0.00268235864667
0.00104336642148
-0.0025840100782
0.00104736052623
-0.00248653871682
0.00104338325149
-0.0023906979254
0.00103189569189
-0.00229716030365
0.00101341579504
-0.00220651657615
0.000988500902563
-0.00211927682823
0.00095773170994
-0.00203587361187
0.000921697992747
-0.00195666646107
0.000880986297206
-0.00188194739496
0.000836169667009
-0.00181194703847
0.000787799383017
-0.00174684104809
0.000736398615044
-0.00168675658934
0.000682457831214
-0.00163177866816
0.000626431781664
-0.00158195616929
0.000568737855069
-0.00153730749844
0.000509755602281
-0.00149782576207
0.000449827230738
-0.0014634834484
0.000389258884529
-0.00143423659641
0.000328322541593
-0.00141002845718
0.000267258381348
-0.00139079266431
0.000206277494758
-0.00137645593841
0.000145564828458
-0.00136694035561
8.52822747297e-05
-0.00136216521222
2.55718349859e-05
-0.00136204851797
-3.34412003447e-05
-0.00136650814883
-9.1645099e-05
-0.00137546268815
-0.000148938594471
-0.00138883198171
-0.000205227877935
-0.0014065374285
-0.000260423691696
-0.00142850202543
-0.000314438536586
-0.00145465018001
-0.000367184001156
-0.00148490730116
-0.000418568220533
-0.00151919917436
-0.000468493470003
-0.00155745112383
-0.000516853901155
-0.00159958696109
-0.000563533430111
-0.00164552771608
-0.000608403789276
-0.00169519014481
-0.000651322760497
-0.00174848500565
-0.000692132612397
-0.00180531509522
-0.000730658769436
-0.00186557303527
-0.000766708750415
-0.00192913880302
-0.000800071421372
-0.00199587700074
-0.000830516614863
-0.00206563386558
-0.000857795180152
-0.00213823402821
-0.000881639536942
-0.00221347703964
-0.000901764812122
-0.00229113369993
-0.000917870650627
-0.00237094224072
-0.000929643795757
-0.00245260443615
-0.000936761535088
-0.00253578174413
-0.000938896110547
-0.00262009161203
-0.000935720181845
-0.00270510411646
-0.00092691341488
-0.00279033914623
-0.000912170245582
-0.00287526437753
-0.000891208830312
-0.00295929432845
-0.000863781140797
-0.00304179081263
-0.000829684099357
-0.00312206513262
-0.000788771565877
-0.00319938235715
-0.00074096688877
-0.0032729680047
-0.000686275629355
-0.00334201740115
-0.000624797946437
-0.00340570788548
-0.000556740021024
-0.00346321389919
-0.000482423799706
-0.00351372481251
-0.000402294265117
-0.00355646511907
-0.000316923421989
-0.00359071638414
-0.000227010226302
-0.00361584008106
-0.000133375803517
-0.0036313002266
-3.69535080396e-05
-0.00363668456025
6.12263382984e-05
-0.00363172293955
0.000160056835738
0.000258379436045
-0.00372888272255
0.000327550459627
-0.00369163698488
0.000411535943775
-0.00364498865317
0.000491903671771
-0.00358945872726
0.000567727629862
-0.00352569461759
0.000638165445841
-0.00345445270079
0.000702477965961
-0.00337657785095
0.000760044585025
-0.00329298109117
0.000810373754971
-0.00320461654402
0.000853108440827
-0.00311245879308
0.000888026628045
-0.0030174816214
0.000915037276391
-0.00292063889251
0.000934172342118
-0.00282284811342
0.000945575642394
-0.00272497699171
0.000949489404514
-0.00262783309057
0.000946239350354
-0.0025321565095
0.000936219110829
-0.00243861538209
0.000919874667626
-0.00234780388626
0.000897689406734
-0.00226024240576
0.000870170229442
-0.00217637945708
0.000837835044071
-0.00209659499885
0.000801201838968
-0.00202120476294
0.000760779431108
-0.00195046528203
0.000717059902098
-0.00188457933074
0.000670512663754
-0.00182370154426
0.000621580044739
-0.00176794402286
0.00057067426026
-0.00171738177365
0.000518175605859
-0.00167205787917
0.000464431707809
-0.00163198831505
0.000409757666616
-0.0015971663666
0.000354436936074
-0.00156756661675
0.000298722791743
-0.00154314849487
0.000242840259471
-0.00152385938922
0.000186988389105
-0.00150963733524
0.000131342774481
-0.00150041329821
7.60582376969e-05
-0.00149611307236
2.12716091393e-05
-0.00149665882064
-3.28954520669e-05
-0.00150197027917
-8.63336404708e-05
-0.00151196564981
-0.000138943223827
-0.00152656220226
-0.000190631325482
-0.00154567660481
-0.000241309289153
-0.00156922500016
-0.00029089014123
-0.0015971228399
-0.000339286161423
-0.00162928448794
-0.000386406572493
-0.00166562260085
-0.00043215535709
-0.00170604728979
-0.000476429212212
-0.00175046506675
-0.000519115653155
-0.00179877757553
-0.000560091280496
-0.00185088010663
-0.000599220229395
-0.0019066598943
-0.000636352824725
-0.00196599419409
-0.000671324469646
-0.00202874814043
-0.000703954804074
-0.00209477238626
-0.000734047175544
-0.00216390053061
-0.000761388470513
-0.00223594634619
-0.000785749364572
-0.00231070082722
-0.000806885055912
-0.00238792908846
-0.000824536550882
-0.00246736716032
-0.000838432578772
-0.00254871874189
-0.000848292214182
-0.00263165199406
-0.000853828282923
-0.00271579647843
-0.000854751626177
-0.00280074037486
-0.000850776285415
-0.00288602813878
-0.000841625650957
-0.00297115878981
-0.00082703959455
-0.003055585052
-0.000806782568125
-0.00313871359119
-0.00078065260161
-0.00321990661322
-0.000748491077318
-0.00329848509318
-0.000710193085917
-0.00337373389526
-0.000665718086696
-0.00344490901114
-0.000615100513478
-0.00351124708475
-0.000558459872823
-0.00357197730087
-0.000496009804906
-0.00362633559134
-0.000428065509236
-0.00367358095788
-0.000355048898571
-0.00371301353106
-0.000277490848809
-0.00374399379302
-0.000196029964347
-0.00376596220484
-0.000111407391693
-0.00377845832033
-2.44573925542e-05
-0.00378113836041
6.39063783852e-05
-0.00377379018964
0.000152708664961
0.000240933941082
-0.00385283108313
0.000298645725666
-0.00381450700769
0.000373211868337
-0.00376713991119
0.00044453657527
-0.00371123217187
0.000511819890544
-0.00364740033886
0.000574333612827
-0.00357635987252
0.000631437499619
-0.00349890732033
0.000682592032841
-0.00341590085105
0.000727367285688
-0.00332824010326
0.000765447693037
-0.00323684626158
0.000796632786361
-0.00314264316753
0.00082083418234
-0.00304654012193
0.000838069296522
-0.00294941686069
0.000848452381156
-0.00285211100637
0.000852183550194
-0.00275540812838
0.000849536472365
-0.00266003439717
0.000840845379614
-0.00256665169912
0.000826491969577
-0.00247585499076
0.000806892698375
-0.00238817161368
0.000782486852366
-0.00230406226116
0.000753725691548
-0.00222392327978
0.000721062857585
-0.00214808999973
0.000684946151059
-0.00207684080986
0.000645810712225
-0.00201040172433
0.000604073578232
-0.0019489512231
0.000560129543502
-0.00189262518413
0.000514348221292
-0.00184152176095
0.000467072182676
-0.00179570609127
0.000418616038132
-0.00175521475179
0.000369266327133
-0.0017200598989
0.000319282083188
-0.00169023305639
0.000268895949229
-0.0016657085277
0.000218315730787
-0.00164644642402
0.000167726285423
-0.00163239530918
0.000117291659642
-0.00162349446998
6.7157398496e-05
-0.00161967582515
1.74529643097e-05
-0.00162086548948
-3.17057877429e-05
-0.0016269850109
-8.02141190455e-05
-0.00163795229889
-0.000127975935841
-0.00165368226162
-0.000174901362753
-0.00167408716847
-0.000220904382296
-0.00169907675259
-0.000265900557109
-0.00172855806631
-0.000309804847704
-0.00176243510045
-0.000352529538355
-0.00180060817631
-0.000393982281228
-0.00184297311758
-0.000434064270944
-0.00188942020774
-0.000472668562999
-0.00193983293752
-0.000509678550711
-0.00199408654641
-0.000544966620509
-0.00205204636221
-0.000578393008924
-0.00211356594381
-0.000609804888044
-0.00217848503407
-0.000639035713813
-0.00224662733322
-0.000665904876393
-0.00231779810761
-0.000690217696123
-0.0023917816552
-0.000711765816988
-0.0024683386575
-0.000730328053612
-0.00254720345812
-0.000745671750259
-0.00262808132092
-0.000757554715973
-0.00271064573618
-0.000765727798925
-0.00279453586072
-0.000769938158376
-0.00287935419794
-0.000769933288959
-0.0029646646451
-0.000765465838259
-0.00304999105761
-0.000756299238447
-0.0031348165018
-0.000742214150362
-0.00321858338715
-0.000723015682767
-0.00330069468357
-0.000698541305198
-0.00338051643613
-0.000668669324751
-0.00345738178587
-0.000633327736179
-0.00353059668505
-0.000592503187521
-0.00359944745815
-0.00054624974038
-0.003663210299
-0.000494697031966
-0.0037211627107
-0.000438057393209
-0.00377259678668
-0.000376631433261
-0.0038168341021
-0.000310811583144
-0.00385324184091
-0.000241083109999
-0.0038812496358
-0.00016802216946
-0.00390036646048
-9.22905670102e-05
-0.0039101968025
-1.46270505323e-05
-0.00391045527795
6.41648538353e-05
-0.00390097884253
0.000143232229538
0.000221690915643
-0.00396290694625
0.000268476470751
-0.00392364423878
0.000333949160863
-0.00387565991828
0.000396552254773
-0.00381944028563
0.000455600257895
-0.00375557547546
0.00051046880266
-0.00368474598008
0.000560608004236
-0.00360770698354
0.000605553036297
-0.00352527125732
0.000644931559471
-0.0034382914004
0.000678467836115
-0.00334764217888
0.000705983564844
-0.00325420364339
0.000727395646855
-0.00315884558858
0.000742711241708
-0.00306241378349
0.000752020576069
-0.00296571825919
0.000755488025888
-0.00286952380177
0.000753342014945
-0.00277454267588
0.000745864253731
-0.00268142950109
0.000733378794784
-0.00259077812372
0.000716241321007
-0.00250312027179
0.000694829000434
-0.00241892574663
0.00066953116639
-0.00233860389077
0.000640741001725
-0.00226250607281
0.000608848333096
-0.00219092894294
0.000574233582356
-0.00212411823382
0.000537262869111
-0.00206227290767
0.000498284217351
-0.00200554947879
0.000457624792415
-0.00195406636931
0.0004155890732
-0.00190790818359
0.000372457852408
-0.00186712981172
0.000328487955259
-0.00183176029511
0.000283912566587
-0.00180180640644
0.000238942060556
-0.00177725591214
0.000193765236481
-0.0017580804991
0.000148550872392
-0.00174423835747
0.000103449518009
-0.00173567641915
5.85954601757e-05
-0.00173233225787
1.41088030331e-05
-0.00173413566032
-2.99023852951e-05
-0.00174100988055
-7.33398988188e-05
-0.0017528725913
-0.000116113225089
-0.0017696365463
-0.000158137407756
-0.00179120996736
-0.000199330961231
-0.00181749666964
-0.000239613854827
-0.00184839593717
-0.000278905580182
-0.00188380215995
-0.000317123315572
-0.00192360424277
-0.000354180198403
-0.00196768479477
-0.000389983718949
-0.00201591910837
-0.000424434249399
-0.0020681739358
-0.000457423723277
-0.00212430607159
-0.000488834484724
-0.00218416075043
-0.000518538330081
-0.0022475698715
-0.000546395766979
-0.00231435006279
-0.000572255522523
-0.00238430060315
-0.000595954336034
-0.00245720122436
-0.000617317074905
-0.00253280982249
-0.000636157218859
-0.00261086011566
-0.000652277760447
-0.00269105929535
-0.000665472570567
-0.00277308572998
-0.000675528281347
-0.00285658679283
-0.000682226736074
-0.00294117690138
-0.000685348049824
-0.00302643587112
-0.000684674319216
-0.00311190770381
-0.000679994005571
-0.00319709994622
-0.00067110699604
-0.00328148377041
-0.000657830326171
-0.00336449493808
-0.000640004515097
-0.00344553581754
-0.00061750042573
-0.00352397862066
-0.00059022652163
-0.00359917001507
-0.000558136341779
-0.00367043724188
-0.000521235960702
-0.00373709582896
-0.000479591153306
-0.00379845893104
-0.000433333929885
-0.00385384825277
-0.000382668071477
-0.00390260641701
-0.000327873269017
-0.00394411053427
-0.00026930746589
-0.00397778661475
-0.000207407029516
-0.00400312435148
-0.000142684432733
-0.00401969170176
-7.5723216731e-05
-0.00402714861866
-7.17013363047e-06
-0.00402525924541
6.22754805838e-05
-0.00401390189499
0.000131874879114
0.000200865221824
-0.00405961278169
0.00023721020478
-0.00401954089521
0.000293877274379
-0.00397103117122
0.000348042530783
-0.0039145561458
0.000399125232473
-0.00385068351289
0.000446596169749
-0.00378006410009
0.000489988591442
-0.00370341795877
0.000528906894977
-0.00362151918738
0.000563032788081
-0.00353518013561
0.000592128784339
-0.00344523561964
0.000616039048873
-0.00335252772244
0.000634687749656
-0.00325789166626
0.000648075185526
-0.00316214313864
0.000656272048452
-0.00306606733956
0.000659412226811
-0.00297040990451
0.000657684579897
-0.00287586975512
0.00065132410434
-0.00278309384051
0.000640602880172
-0.00269267366104
0.000625821141532
-0.00260514341402
0.00060729875342
-0.00252097956613
0.000585367318495
-0.00244060163844
0.000560363074037
-0.00236437398547
0.000532620680128
-0.00229260835462
0.000502467951506
-0.00222556702619
0.000470221540681
-0.00216346635297
0.000436183544128
-0.00210648054005
0.000400638979492
-0.00205474552865
0.000363854061807
-0.00200836287079
0.000326075194542
-0.00196740350301
0.000287528587483
-0.00193191134765
0.000248420411225
-0.0019019066873
0.000208937400209
-0.00187738927367
0.000169247822848
-0.00185834114444
0.000129502743161
-0.00184472913249
8.98375060592e-05
-0.00183650705991
5.03733875964e-05
-0.00183361761578
1.1219358902e-05
-0.00183599392147
-2.75260795989e-05
-0.00184356079068
-6.57730296111e-05
-0.00185623569357
-0.000103438322205
-0.00187392943599
-0.000140443665334
-0.00189654656535
-0.000176713831873
-0.00192398551486
-0.000212174905309
-0.00195613849803
-0.000246752597021
-0.00199289116464
-0.000280370648957
-0.00203412202971
-0.000312949333336
-0.00207970168608
-0.000344404062575
-0.00212949181211
-0.000374644123376
-0.00218334398568
-0.000403571549698
-0.00224109831731
-0.000431080153095
-0.00230258191613
-0.000457054731265
-0.00236760720523
-0.000481370477878
-0.00243597010576
-0.000503892621994
-0.00250744811344
-0.000524476328358
-0.00258179829629
-0.000542966892053
-0.00265875524897
-0.000559200266179
-0.00273802904676
-0.000573003962648
-0.00281930325131
-0.000584198366023
-0.00290223303037
-0.000592598502282
-0.00298644346565
-0.000598016300796
-0.00307152813434
-0.000600263381138
-0.00315704806319
-0.000599154390368
-0.00324253116603
-0.000594510902723
-0.00332747228677
-0.000586165875302
-0.00341133397878
-0.000573968634164
-0.00349354815696
-0.000557790336919
-0.00357351875795
-0.000537529824737
-0.00365062553664
-0.00051311974294
-0.00372422911001
-0.000484532768407
-0.00379367733109
-0.000451787739628
-0.0038583130351
-0.000414955449292
-0.00391748314542
-0.000374163819571
-0.00397054905917
-0.000329602157721
-0.00401689815344
-0.000281524174754
-0.00405595616495
-0.000230249454372
-0.0040872001065
-0.000176163087965
-0.00411017129687
-0.000119713242371
-0.00412448800853
-6.14065050716e-05
-0.00412985718696
-1.80095519134e-06
-0.00412608467625
5.8502969867e-05
-0.0041130834049
0.000118873607771
0.000178660864584
-0.00414337437508
0.00020500491052
-0.00410261378282
0.000253116682127
-0.00405366207945
0.000299090827411
-0.00399698015067
0.000342443303689
-0.00393311682654
0.000382732845624
-0.00386269803223
0.000419569797132
-0.00378641429826
0.000452623161002
-0.003705007147
0.000481625636828
-0.00361925489778
0.000506376535111
-0.00352995842249
0.000526742573586
-0.0034379273423
0.000542656669462
-0.00334396708881
0.000554114932045
-0.00324886717009
0.000561172129724
-0.00315339088987
0.000563935946594
-0.00305826667619
0.000562560366215
-0.00296418108816
0.000557238516312
-0.00287177349376
0.000548195285778
-0.00278163234737
0.000535679995135
-0.00269429294721
0.000519959353267
-0.00261023651835
0.000501310889629
-0.00252989044519
0.000480017000881
-0.00245362946881
0.000456359703745
-0.00238177766375
0.00043061614645
-0.00231461101704
0.000403054893973
-0.00225236044495
0.000373932972039
-0.00219521509951
0.000343493634044
-0.002143325835
0.000311964797305
-0.00209680872399
0.000279558083527
-0.00205574853041
0.000246468393903
-0.00202020206536
0.000212873946173
-0.00199020136674
0.00017893670159
-0.00196575665826
0.000144803114372
-0.00194685905543
0.000110605140323
-0.00193348299648
7.64614471164e-05
-0.0019255883849
4.24787760139e-05
-0.00192312243661
8.75341061076e-06
-0.00192602123082
-2.46272853835e-05
-0.00193421096725
-5.75832931898e-05
-0.00194760893553
-9.00403539173e-05
-0.00196612420512
-0.000121928395747
-0.0019896580449
-0.000153179992092
-0.00201810408339
-0.000183728866819
-0.00205134822051
-0.000213508459901
-0.00208926830276
-0.000242450566708
-0.00213173357386
-0.000270484062237
-0.00217860391353
-0.000297533722907
-0.00222972887785
-0.000323519159056
-0.00228494655562
-0.000348353871921
-0.00234408225678
-0.000371944451936
-0.00240694705093
-0.000394189937119
-0.00247333617685
-0.000414981351955
-0.00254302734735
-0.00043420145149
-0.00261577897819
-0.000451724697526
-0.00269132837498
-0.000467417495261
-0.00276938991847
-0.000481138722684
-0.00284965329555
-0.00049274058557
-0.0029317818315
-0.000502069830076
-0.00301541098803
-0.000508969345755
-0.00310014710103
-0.000513280187789
-0.00318556644163
-0.000514844040541
-0.00327121469352
-0.000513506138483
-0.00335660694839
-0.000509118647852
-0.00344122832762
-0.000501544496068
-0.00352453534267
-0.000490661619111
-0.00360595810664
-0.000476367572952
-0.00368490350392
-0.000458584427459
-0.00376075941298
-0.000437263833877
-0.00383290005699
-0.000412392124395
-0.00390069252712
-0.000383995269499
-0.00396350448399
-0.000352143492422
-0.00402071299227
-0.00031695531129
-0.00407171438411
-0.000278600765886
-0.00411593497986
-0.000237303578996
-0.00415284242322
-0.00019334201102
-0.00418195731658
-0.000147048194605
-0.00420286477814
-9.88057808107e-05
-0.00421522548979
-4.90457934186e-05
-0.00421878577341
1.75932843044e-06
-0.00421338622718
5.31034236336e-05
-0.00419896847865
0.00010445585924
0.000155272055274
-0.00421454899706
0.000172010235889
-0.00417321239228
0.000211780077342
-0.00412389493266
0.000249773367791
-0.00406704780184
0.000285596172875
-0.00400320421429
0.000318889258077
-0.00393296950683
0.000349335089664
-0.00385700978533
0.000376663439504
-0.00377603956478
0.000400655416275
-0.00369080886361
0.000421145833944
-0.00360209020789
0.000438023917865
-0.00351066596936
0.000451232430934
-0.0034173164096
0.00046076537229
-0.00332280873568
0.000466664455801
-0.00322788739817
0.000469014609079
-0.00313326578543
0.000467938753475
-0.0030396193942
0.000463592125086
-0.00294758049027
0.000456156381845
-0.00285773421576
0.000445833720628
-0.00277061605471
0.000432841192217
-0.00268671053437
0.000417405369286
-0.00260645101731
0.000399757483818
-0.00253022042706
0.000380129113501
-0.00245835274602
0.000358748465409
-0.00239113512737
0.000335837275323
-0.00232881047152
0.000311608316185
-0.0022715803293
0.000286263491824
-0.00221960800881
0.000259992476818
-0.00217302177841
0.000232971853127
-0.00213191807416
0.000205364689653
-0.00209636463545
0.000177320507458
-0.00206640350698
0.000148975573119
-0.00204205385841
0.000120453465805
-0.00202331458452
9.18658664385e-05
-0.00201016665901
6.33135215996e-05
-0.00200257522342
3.48873404262e-05
-0.00200049140009
6.66958728132e-06
-0.00200385382349
-2.12648619821e-05
-0.00201258988927
-4.88472274073e-05
-0.00202661672381
-7.60135193797e-05
-0.00204584187991
-0.000102703239647
-0.00207016376649
-0.000128858105511
-0.00209947182173
-0.000154420811582
-0.00213364644039
-0.000179333841236
-0.00217255866736
-0.000203538339744
-0.00221606967014
-0.000226973059453
-0.00226403000462
-0.000249573388429
-0.00231627868928
-0.000271270474396
-0.00237264210499
-0.000291990456206
-0.00243293273933
-0.000311653817603
-0.00249694779696
-0.000330174879484
-0.0025644677008
-0.000347461448116
-0.00263525451217
-0.000363414640123
-0.00270905030304
-0.000377928906654
-0.00278557551827
-0.000390892280028
-0.00286452737189
-0.000402186869064
-0.00294557832813
-0.000411689629331
-0.00302837472492
-0.000419273433287
-0.00311253560529
-0.000424808465383
-0.00319765182985
-0.000428163963227
-0.00328328555074
-0.00042921031965
-0.00336897013438
-0.000427821554849
-0.00345421062556
-0.000423878156668
-0.00353848484857
-0.000417270273065
-0.00362124524102
-0.000407901226656
-0.0037019215126
-0.000395691301373
-0.00377992421121
-0.000380581728845
-0.00385464926448
-0.000362538780611
-0.00392548354197
-0.000341557846908
-0.00399181145351
-0.000317667357955
-0.0040530225612
-0.000290932384731
-0.00410852013665
-0.000261457735838
-0.00415773054308
-0.000229390359463
-0.00420011326485
-0.000194920857221
-0.00423517134881
-0.000158283927058
-0.00426246196569
-0.00011975757773
-0.00428160675137
-7.96609951238e-05
-0.00429230155145
-3.83509933437e-05
-0.00429432517362
3.78295060343e-06
-0.00428754675609
4.63250061023e-05
-0.00427193138792
8.88404910672e-05
0.000130884339046
-0.00427343200701
0.000138368681332
-0.00423162545701
0.000169973527342
-0.00418201237623
0.000200160287009
-0.00412503605808
0.000228619854727
-0.00406121708225
0.000255070282246
-0.00399114414616
0.00027926215357
-0.00391546360487
0.000300982898216
-0.00383486809797
0.000320059909376
-0.00375008466257
0.000336362398537
-0.0036618627289
0.0003498019842
-0.00357096237131
0.000360332073347
-0.00347814314586
0.000367946146836
-0.0033841537917
0.000372675101641
-0.00328972301158
0.000374583828959
-0.00319555148169
0.000373767223586
-0.00310230517776
0.000370345821157
-0.00301061004595
0.000364461250038
-0.00292104799563
0.000356271670305
-0.00283415414927
0.000345947345854
-0.00275041525188
0.000333666471897
-0.00267026911915
0.000319611351091
-0.00259410498925
0.000303964983595
-0.00252226463633
0.000286908112489
-0.00245504410369
0.000268616742681
-0.00239269591937
0.000249260131866
-0.00233543166575
0.000228999238204
-0.00228342478589
0.000207985596959
-0.00223681352252
0.000186360589757
-0.00219570389894
0.000164255066079
-0.00216017266485
0.00014178927336
-0.00213027014309
0.000119073051358
-0.00210602292575
9.62062484653e-05
-0.00208743637875
7.32793194453e-05
-0.00207449692429
5.03740671409e-05
-0.00206717407875
2.75644948866e-05
-0.0020654222312
4.91773972883e-06
-0.00206918215361
-1.75049395781e-05
-0.00207838223898
-3.96471420316e-05
-0.00209293946781
-6.14562905489e-05
-0.00211276010641
-8.28826010467e-05
-0.00213774014359
-0.000103878068332
-0.0021677654742
-0.000124395480973
-0.00220271183995
-0.000144387475489
-0.0022424445396
-0.000163805640094
-0.00228681792214
-0.000182599676908
-0.00233567467822
-0.000200716632352
-0.00238884494685
-0.000218100205762
-0.00244614525654
-0.000234690146517
-0.00250737732222
-0.000250421751926
-0.00257232672247
-0.000265225479229
-0.00264076148469
-0.000279026685902
-0.00271243060974
-0.000291745515074
-0.00278706257247
-0.000303296943922
-0.00286436383907
-0.000313591013426
-0.00294401744819
-0.000322533259943
-0.00302568170875
-0.00033002536877
-0.00310898907352
-0.000335966068517
-0.0031935452541
-0.000340252284809
-0.00327892864908
-0.000342780568249
-0.00336469016257
-0.000343448806156
-0.00345035349474
-0.000342158222679
-0.00353541598873
-0.000338815662674
-0.00361935011849
-0.000333336143309
-0.00370160569912
-0.00032564564603
-0.0037816128947
-0.000315684105789
-0.00385878608649
-0.000303408537056
-0.00393252864738
-0.000288796219719
-0.00400223864533
-0.000271847848964
-0.00406731546831
-0.000252590534971
-0.00412716732795
-0.000231080525091
-0.0041812195567
-0.000207405507082
-0.00422892356796
-0.000181686348212
-0.00426976629974
-0.000154078125434
-0.00430327991484
-0.000124770311961
-0.00432905148572
-9.39860068498e-05
-0.00434673235633
-6.19801245125e-05
-0.00435604684764
-2.90365020353e-05
-0.00435679996462
4.53606758089e-06
-0.00434888377153
3.84088130148e-05
-0.0043322821321
7.22388516382e-05
0.000105675768516
-0.00432026214919
0.000104216786317
-0.00427808622178
0.000127797599931
-0.0042282426279
0.000150316693123
-0.00417116847329
0.00017154570012
-0.00410737447087
0.000191276279827
-0.00403743633665
0.000209324019355
-0.00396198501063
0.000225531572197
-0.003881696037
0.00023977093574
-0.00379727845689
0.000251944818427
-0.00370946356616
0.000261987093469
-0.00361899387197
0.000269862379161
-0.00352661254839
0.000275564823259
-0.00343305364576
0.00027911619901
-0.00333903325638
0.000280563439575
-0.0032452417829
0.000279975750108
-0.00315233740021
0.000277441438469
-0.00306094074956
0.000273064599386
-0.0029716308567
0.000266961777442
-0.00288494222678
0.00025925871594
-0.00280136303699
0.000250087282106
-0.00272133432443
0.000239582638524
-0.00264525005142
0.000227880710583
-0.00257345792144
0.000215115982514
-0.00250626081626
0.000201419637501
-0.0024439187273
0.000186918042906
-0.0023866510603
0.000171731571207
-0.00233463920123
0.000155973737882
-0.00228802924225
0.000139750630779
-0.00224693477842
0.000123160602252
-0.00221143969769
0.000106294192634
-0.0021816008991
8.9234252768e-05
-0.00215745088523
7.20562345971e-05
-0.00213900018568
5.48286198875e-05
-0.00212623957782
3.76134592852e-05
-0.00211914207977
2.04669968354e-05
-0.00211766469754
3.44035750294e-06
-0.00212174991513
-1.34197219897e-05
-0.00213132692124
-3.00701359188e-05
-0.00214631257114
-4.64706406498e-05
-0.00216661208564
-6.25830865477e-05
-0.00219211949248
-7.83706614986e-05
-0.00222271781791
-9.3797155537e-05
-0.00225827903869
-0.000108826254714
-0.00229866380653
-0.000123420872254
-0.0023437209594
-0.000137542524034
-0.00239328683571
-0.000151150756047
-0.0024471844098
-0.000164202631665
-0.00250522226958
-0.000176652286738
-0.00256719345954
-0.000188450561966
-0.00263287421602
-0.000199544722749
-0.0027020226246
-0.000209878277322
-0.00277437723386
-0.000219390905822
-0.00284965566414
-0.000228018513635
-0.0029275532549
-0.000235693422666
-0.00300774179932
-0.000242344715521
-0.00308986842084
-0.000247898747251
-0.00317355465129
-0.000252279838068
-0.0032583957761
-0.000255411159996
-0.00334396051684
-0.000257215827511
-0.00342979112508
-0.000257618197919
-0.00351540396443
-0.000256545383333
-0.00360029065807
-0.000253928969028
-0.00368391987709
-0.000249706924288
-0.00376573983976
-0.000243825683364
-0.00384518158302
-0.000236242362529
-0.00392166305362
-0.000226927066456
-0.00399459404795
-0.000215865225385
-0.00406338200591
-0.00020305989101
-0.00412743863464
-0.000188533906237
-0.00418618730448
-0.000172331855252
-0.00423907112057
-0.000154521690989
-0.00428556153322
-0.000135195935565
-0.00432516730796
-0.000114472350693
-0.00435744363627
-9.24939836539e-05
-0.00438200113229
-6.94285108303e-05
-0.00439851443326
-4.54668235432e-05
-0.0044067301044
-2.082083089e-05
-0.0044064735463
4.27950947541e-06
-0.00439765461575
2.95898824711e-05
-0.00438027170163
5.48559375138e-05
7.98181110936e-05
-0.00435522572986
6.96863171819e-05
-0.00431277660371
8.53484737739e-05
-0.00426276360701
0.000100303696425
-0.00420561927599
0.000114401369102
-0.00414184706106
0.000127504064901
-0.00407201313074
0.000139490089035
-0.00399673708439
0.000150255525841
-0.00391668187708
0.000159715728433
-0.00383254327736
0.000167806218701
-0.00374503917889
0.000174482995
-0.00365489907218
0.000179722272454
-0.00356285395378
0.000183519704858
-0.00346962691141
0.000185889156636
-0.00337592457775
0.00018686110592
-0.00328242959584
0.000186480768196
-0.0031897941889
0.000184806031527
-0.00309863488022
0.000181905290711
-0.00300952836492
0.000177855262137
-0.00292300849843
0.000172738849456
-0.00283956433612
0.000166643119798
-0.00275963913462
0.00015965743702
-0.00268363020959
0.000151871785557
-0.00261188953431
0.000143375307226
-0.00254472495899
0.000134255062183
-0.00248240193177
0.000124595015689
-0.00242514560598
0.000114475245416
-0.0023731432258
0.000103971357706
-0.00232654669171
9.31540966873e-05
-0.0022854752173
8.20891278395e-05
-0.00225001800031
7.08369756475e-05
-0.00222023684188
5.94530943295e-05
-0.00219616865858
4.79880513063e-05
-0.00217782784241
3.64878037095e-05
-0.00216520843265
2.49940495257e-05
-0.00215828607266
1.35446368525e-05
-0.00215701973144
2.17401627535e-06
-0.0021613531766
-9.08627682615e-06
-0.00217121619109
-2.02071214272e-05
-0.00218652553032
-3.11613014264e-05
-0.00220718562075
-4.19229961165e-05
-0.00223308900432
-5.24672779214e-05
-0.00226411653595
-6.27696239072e-05
-0.002300137344
-7.28054466674e-05
-0.00234100856613
-8.25496501246e-05
-0.00238657487505
-9.19762151152e-05
-0.00243666781108
-0.000101057820016
-0.00249110494095
-0.000109765501791
-0.00254968886475
-0.000118068362946
-0.00261220609591
-0.000125933330801
-0.00267842584268
-0.000133324975982
-0.0027480987226
-0.000140205397398
-0.00282095544627
-0.00014653418215
-0.00289670551064
-0.000152268449265
-0.00297503594709
-0.000157362986218
-0.00305561017449
-0.000161770488128
-0.00313806701264
-0.000165441909101
-0.00322201991636
-0.00016832693434
-0.00330705649514
-0.000170374581221
-0.00339273838718
-0.000171533935466
-0.00347860155949
-0.000171755025609
-0.00356415710661
-0.000170989836216
-0.00364889262007
-0.000169193455573
-0.00373227419666
-0.000166325347693
-0.00381374914713
-0.000162350732898
-0.00389274945617
-0.000157242053485
-0.00396869602992
-0.000150980492707
-0.00404100374764
-0.00014355750767
-0.00410908731057
-0.000134976328076
-0.00417236785211
-0.000125253364696
-0.00423028024123
-0.00011441946613
-0.0042822809754
-0.000102520956821
-0.00432785652219
-8.96203887711e-05
-0.00436653193189
-7.57969409926e-05
-0.00439787950877
-6.11464067731e-05
-0.00442152729956
-4.57807200441e-05
-0.00443716713589
-2.9826987212e-05
-0.00444456195633
-1.34260104497e-05
-0.00444355213496
3.2696881015e-06
-0.0044340605591
2.00983066165e-05
-0.00441609622927
3.68916076778e-05
5.34780808234e-05
-0.00437845980622
3.49054573504e-05
-0.00433583037254
4.27190400904e-05
-0.00428570609615
5.01794200328e-05
-0.00422851650031
5.72117732689e-05
-0.00416476025822
6.37478228126e-05
-0.00409499726176
6.97270925705e-05
-0.00401983965341
7.50979174959e-05
-0.00393994210488
7.98181798977e-05
-0.00385599164216
8.38557559842e-05
-0.00376869731832
8.71886711589e-05
-0.00367878002188
8.98049760181e-05
-0.00358696268379
9.17023667623e-05
-0.00349396111047
9.28875833134e-05
-0.00340047562919
9.33756246442e-05
-0.00330718368607
9.31888250706e-05
-0.00321473349065
9.23558361073e-05
-0.00312373875678
9.0910556843e-05
-0.00303477454779
8.88910531486e-05
-0.00294837419875
8.6338500417e-05
-0.00286502725846
8.3296179505e-05
-0.00278517837053
7.98085490968e-05
-0.00270922699633
7.59204113573e-05
-0.00263752787136
7.16761822513e-05
-0.00257039208155
6.71192723736e-05
-0.00250808864526
6.22915794013e-05
-0.00245084648967
5.7233089828e-05
-0.00239885671643
5.1981584465e-05
-0.00235227505966
4.65724399171e-05
-0.00231122444887
4.1038517049e-05
-0.00227579759968
3.54101264501e-05
-0.00224605956588
2.97150605295e-05
-0.00222205019676
2.3978682186e-05
-0.00220378645332
1.82240602721e-05
-0.00219126454649
1.24721426945e-05
-0.00218446186854
6.74195890566e-06
-0.00218333869655
1.05084428808e-06
-0.00218783965319
-4.58532018459e-06
-0.00219789491589
-1.01518587334e-05
-0.00221342117028
-1.56350470303e-05
-0.00223432230819
-2.1021858213e-05
-0.00226048987372
-2.62997123908e-05
-0.00229180326468
-3.14562329485e-05
-0.00232812969884
-3.64790125024e-05
-0.00236932395764
-4.13553913317e-05
-0.00241522792198
-4.607225077e-05
-0.00246566991776
-5.06158242366e-05
-0.00252046389091
-5.49715286414e-05
-0.00257940843491
-5.91238189482e-05
-0.00264228569657
-6.3056069138e-05
-0.0027088601895
-6.67504830504e-05
-0.00277887754815
-7.01880387517e-05
-0.00285206325964
-7.33484706629e-05
-0.00292812141502
-7.62102938777e-05
-0.00300673352611
-7.87508751354e-05
-0.00308755745891
-8.09465553242e-05
-0.00317022653982
-8.27728281937e-05
-0.00325434889469
-8.42045794696e-05
-0.00333950708557
-8.5216390339e-05
-0.00342525811283
-8.57829082085e-05
-0.00351113385231
-8.58792861258e-05
-0.00359664199765
-8.54816908805e-05
-0.00368126757584
-8.45678773821e-05
-0.00376447509953
-8.31178239996e-05
-0.00384571141171
-8.11144207216e-05
-0.00392440926701
-7.85441981817e-05
-0.00399999167824
-7.53980814796e-05
-0.00407187703691
-7.16721490002e-05
-0.00413948499278
-6.73683722029e-05
-0.00420224304901
-6.24953084619e-05
-0.00425959379861
-5.7068716535e-05
-0.00431100269383
-5.11120615989e-05
-0.00435596620588
-4.46568767244e-05
-0.00439402019828
-3.77429485863e-05
-0.00442474830671
-3.04182983517e-05
-0.0044477900924
-2.27389343543e-05
-0.00446284871894
-1.47683606706e-05
-0.00446969789396
-6.57683542438e-06
-0.0044681878217
1.75961583512e-06
-0.00445824992913
1.01604140531e-05
-0.00443990015904
1.85418375821e-05
2.68185878407e-05
-0.00439005449877
-0.00434733545869
-0.00429715603866
-0.00423994426539
-0.00417619644258
-0.00410646935001
-0.00403137143252
-0.00395155325262
-0.00386769749664
-0.00378050882549
-0.00369070384947
-0.00359900148271
-0.0035061138994
-0.00341273827476
-0.00331954944969
-0.00322719361359
-0.00313628305675
-0.0030473920036
-0.00296105350318
-0.00287775732368
-0.00279794877459
-0.00272202836323
-0.00265035218098
-0.00258323290861
-0.00252094132921
-0.00246370823939
-0.00241172665492
-0.00236515421501
-0.00232411569796
-0.00228870557151
-0.00225899051098
-0.0022350118288
-0.00221678776853
-0.00220431562583
-0.00219757366693
-0.00219652282264
-0.00220110814283
-0.00221126000156
-0.00222689504859
-0.00224791690681
-0.0022742166192
-0.00230567285215
-0.00234215186465
-0.00238350725598
-0.00242957950675
-0.00248019533099
-0.00253516685963
-0.00259429067858
-0.00265734674772
-0.00272409723077
-0.00279428526952
-0.00286763374018
-0.00294384403406
-0.0030225949092
-0.00310354146452
-0.00318631429272
-0.00327051887219
-0.00335573526252
-0.00344151817073
-0.00352739745686
-0.00361287914774
-0.00369744702512
-0.00378056484912
-0.00386167926984
-0.00394022346803
-0.00401562154951
-0.00408729369851
-0.00415466207071
-0.00421715737917
-0.00427422609571
-0.00432533815731
-0.00436999503403
-0.00440773798262
-0.00443815628097
-0.00446089521533
-0.004475663576
-0.00448224041142
-0.00448048079559
-0.00447032038154
-0.00445177854396
)
;

boundaryField
{
    left
    {
        type            cyclic;
        value           nonuniform List<scalar> 
81
(
0.00442495995623
0.00441324066584
0.0043897561991
0.00435441404435
0.00430707356133
0.00424754367183
0.00417557966944
0.00409087904746
0.00399307620123
0.00388173581709
0.00375634469467
0.00361630166857
0.00346090519589
0.00328933801452
0.00310064810051
0.00289372486912
0.00266726916802
0.0024197550709
0.0021493806186
0.00185400341916
0.00153105507499
0.0011774254062
0.000789302815763
0.00036195000479
-0.000110617101475
-0.000636097386983
-0.0012245911096
-0.00188959728957
-0.00264952650551
-0.0035301524727
-0.00456708474873
-0.00580422989889
-0.00290926942399
0
0
0
-0
0
0
0
0
-0
0
0
0
0
-0
-0
-0.00290926942399
-0.0058042298989
-0.00456708474873
-0.00353015247271
-0.00264952650552
-0.00188959728958
-0.00122459110961
-0.000636097386993
-0.000110617101485
0.00036195000478
0.000789302815754
0.00117742540619
0.00153105507498
0.00185400341915
0.00214938061859
0.00241975507089
0.00266726916801
0.00289372486911
0.0031006481005
0.00328933801452
0.00346090519589
0.00361630166857
0.00375634469467
0.00388173581709
0.00399307620117
0.00409087904766
0.00417557966934
0.00424754367169
0.00430707356157
0.00435441404421
0.004389756199
0.00441324066605
0.00442495995612
)
;
    }
    right
    {
        type            cyclic;
        value           nonuniform List<scalar> 
81
(
-0.00442495995623
-0.00441324066584
-0.0043897561991
-0.00435441404435
-0.00430707356133
-0.00424754367183
-0.00417557966944
-0.00409087904746
-0.00399307620123
-0.00388173581709
-0.00375634469467
-0.00361630166857
-0.00346090519589
-0.00328933801452
-0.00310064810051
-0.00289372486912
-0.00266726916802
-0.0024197550709
-0.0021493806186
-0.00185400341916
-0.00153105507499
-0.0011774254062
-0.000789302815763
-0.00036195000479
0.000110617101475
0.000636097386983
0.0012245911096
0.00188959728957
0.00264952650551
0.0035301524727
0.00456708474873
0.00580422989889
0.00290926942399
0
0
0
0
0
0
0
0
0
0
0
0
0
0
0
0.00290926942399
0.0058042298989
0.00456708474873
0.00353015247271
0.00264952650552
0.00188959728958
0.00122459110961
0.000636097386993
0.000110617101485
-0.00036195000478
-0.000789302815754
-0.00117742540619
-0.00153105507498
-0.00185400341915
-0.00214938061859
-0.00241975507089
-0.00266726916801
-0.00289372486911
-0.0031006481005
-0.00328933801452
-0.00346090519589
-0.00361630166857
-0.00375634469467
-0.00388173581709
-0.00399307620117
-0.00409087904766
-0.00417557966934
-0.00424754367169
-0.00430707356157
-0.00435441404421
-0.004389756199
-0.00441324066605
-0.00442495995612
)
;
    }
    bottom
    {
        type            cyclic;
        value           nonuniform List<scalar> 
81
(
-2.70096144339e-15
-2.71167867932e-15
-2.65515873675e-15
-2.64006566889e-15
-2.64037278432e-15
-2.6553518323e-15
-2.68154361923e-15
-2.70082130989e-15
-2.70612393634e-15
-2.70207037751e-15
-2.69609072154e-15
-2.68170974823e-15
-2.65072239621e-15
-2.6048796307e-15
-2.55543401012e-15
-2.5048830226e-15
-2.44589279576e-15
-2.37261418775e-15
-2.28936979922e-15
-2.20771240398e-15
-2.13052239659e-15
-2.05050734539e-15
-1.96286808663e-15
-1.87023887398e-15
-1.78154622206e-15
-1.70105938574e-15
-1.62471345315e-15
-1.54660127158e-15
-1.46218828549e-15
-1.37627550453e-15
-1.29315094078e-15
-1.21911754909e-15
-1.15234145546e-15
-1.08923415541e-15
-1.02579176178e-15
-9.61402031466e-16
-8.99740470785e-16
-8.44281813429e-16
-7.9269052481e-16
-7.45576766776e-16
-6.98096066201e-16
-6.49601478914e-16
-6.01541217774e-16
-5.56141966965e-16
-5.16370611034e-16
-4.82645417057e-16
-4.50679654227e-16
-4.1925857296e-16
-3.84692260481e-16
-3.50543203449e-16
-3.22086182242e-16
-2.99870020563e-16
-2.85329891423e-16
-2.70048109064e-16
-2.50665566904e-16
-2.29157454695e-16
-2.10231680182e-16
-1.97700018399e-16
-1.91319749319e-16
-1.88848374675e-16
-1.86070570415e-16
-1.83911115555e-16
-1.89480557338e-16
-2.04168750864e-16
-2.23089825987e-16
-2.47487779546e-16
-2.76908425413e-16
-3.17334770811e-16
-3.71947472053e-16
-4.42075603892e-16
-5.2519188526e-16
-6.25609516006e-16
-7.45973189175e-16
-8.89266748938e-16
-1.05745256768e-15
-1.24831100102e-15
-1.4636805315e-15
-1.70989521767e-15
-1.99350528299e-15
-2.32795936576e-15
-2.58201884396e-15
)
;
    }
    top
    {
        type            cyclic;
        value           nonuniform List<scalar> 
81
(
2.70096144339e-15
2.71167867932e-15
2.65515212677e-15
2.64006566889e-15
2.64036617433e-15
2.65534522232e-15
2.68154031424e-15
2.70081469991e-15
2.70612393634e-15
2.70207037751e-15
2.69609072154e-15
2.68170974823e-15
2.65072239621e-15
2.60488624068e-15
2.55544392509e-15
2.50491343264e-15
2.44589940574e-15
2.37262079773e-15
2.28936979922e-15
2.20771240398e-15
2.1305190916e-15
2.05052056535e-15
1.96287800161e-15
1.87023887398e-15
1.78155283204e-15
1.70106599573e-15
1.62471345315e-15
1.54660622906e-15
1.46219159048e-15
1.37627550453e-15
1.29315424577e-15
1.21912085408e-15
1.15234145546e-15
1.08923456854e-15
1.02579176178e-15
9.61402031466e-16
8.99740057661e-16
8.44281813429e-16
7.92688872315e-16
7.45575940528e-16
6.98092761211e-16
6.49598173923e-16
6.01544522764e-16
5.56141966965e-16
5.16365653548e-16
4.82638807076e-16
4.50673044246e-16
4.1925857296e-16
3.84698870462e-16
3.50539898459e-16
3.22086182242e-16
2.99863410582e-16
2.85329891423e-16
2.70051497196e-16
2.50655651932e-16
2.29167369667e-16
2.10231680182e-16
1.97700018399e-16
1.91319749319e-16
1.88841764694e-16
1.86070570415e-16
1.83911115555e-16
1.89473947357e-16
2.04158835893e-16
2.23089825987e-16
2.47481169565e-16
2.76908425413e-16
3.17324855839e-16
3.71947472053e-16
4.42075603892e-16
5.2519188526e-16
6.25609516006e-16
7.45973189175e-16
8.89266748938e-16
1.05745256768e-15
1.24831141415e-15
1.46368135774e-15
1.70989521767e-15
1.99351205926e-15
2.32795606077e-15
2.58201967021e-15
)
;
    }
    frontAndBack
    {
        type            empty;
        value           nonuniform List<scalar> 0();
    }
}


// ************************************************************************* //
