/*--------------------------------*- C++ -*----------------------------------*\
| =========                 |                                                 |
| \\      /  F ield         | OpenFOAM: The Open Source CFD Toolbox           |
|  \\    /   O peration     | Version:  v2106                                 |
|   \\  /    A nd           | Website:  www.openfoam.com                      |
|    \\/     M anipulation  |                                                 |
\*---------------------------------------------------------------------------*/
FoamFile
{
    version     2.0;
    format      ascii;
    arch        "LSB;label=32;scalar=64";
    class       volScalarField;
    location    "10";
    object      T;
}
// * * * * * * * * * * * * * * * * * * * * * * * * * * * * * * * * * * * * * //

dimensions      [0 0 0 1 0 0 0];

internalField   nonuniform List<scalar> 
6561
(
0.00358248698896
0.00442015694804
0.00542565325404
0.00662611556726
0.00805167165803
0.00973545553998
0.0117135382469
0.0140247488194
0.0167103612687
0.0198136221563
0.0233790932437
0.0274517846761
0.0320760566284
0.0372942714269
0.0431451839849
0.0496620659448
0.056870568036
0.064786335569
0.07341240328
0.0827364074581
0.0927276651032
0.103334181676
0.114479661366
0.1260606082
0.137943625667
0.149963051527
0.16191911018
0.1735768362
0.184666129597
0.194883454275
0.203895887021
0.211348448393
0.216875848844
0.220119858839
0.220753284373
0.218510755748
0.213224972748
0.204864617024
0.193567212636
0.179657844732
0.163644434102
0.146183591081
0.1280182729
0.109898343851
0.092501752307
0.0763735031237
0.061892222468
0.0492653425664
0.0385471248305
0.0296705071079
0.0224838907636
0.0167861305546
0.0123557283067
0.00897263146857
0.00643272203228
0.00455603979012
0.00319017462609
0.0022102804383
0.00151697624518
0.00103312899514
0.000700233595693
0.000474859766453
0.000325439556014
0.000229526015561
0.000171556885432
0.000141098104796
0.00013151078957
0.000138973284293
0.000161789862332
0.00019992429309
0.000254706112468
0.000328667655554
0.000425479375269
0.000549959013251
0.000708136593819
0.000907362021047
0.00115644544156
0.00146582270313
0.00184773939783
0.00231644730554
0.00288840669246
0.00323191113608
0.00398235386499
0.00488180260534
0.00595403643117
0.00722537492954
0.00872466809849
0.0104832038882
0.0125345128789
0.0149140480538
0.0176587167642
0.0208062420539
0.0243943317751
0.0284596366429
0.0330364827393
0.0381553701305
0.0438412372616
0.0501115005485
0.0569738899373
0.0644241138634
0.072443400694
0.080995978165
0.0900265674649
0.0994579848897
0.109188962436
0.119092321178
0.129013660683
0.138770767787
0.148154002645
0.156927991969
0.164835047384
0.171600821384
0.176942789655
0.180582159367
0.182259671832
0.181755391835
0.178911846781
0.173658741268
0.166036020505
0.156210642675
0.144481693469
0.131269209912
0.117084774545
0.102486381847
0.0880250265272
0.0741934083336
0.0613864639435
0.0498795009421
0.0398247599203
0.0312631632719
0.0241458326158
0.0183597064402
0.01375265239
0.0101550757767
0.00739658827637
0.00531750740848
0.00377572539049
0.00264986615137
0.00183974585874
0.00126507298284
0.000863156593158
0.000586197875158
0.00039855731751
0.000274237600191
0.000194706151121
0.000147100184626
0.00012280541009
0.000116370738079
0.000124708606906
0.000146528355978
0.000181953989417
0.000232284555751
0.000299863138718
0.000388027867853
0.000501124771312
0.000644567457618
0.000824932513084
0.00105008224423
0.0013293081331
0.00167348926585
0.00209526017985
0.00260918216834
0.00287512692172
0.00353825631587
0.0043319674924
0.00527685979848
0.00639567751384
0.0077132820594
0.00925654819364
0.011054165648
0.013136326354
0.0155342767856
0.018279715228
0.0214040152547
0.0249372596
0.0289070731643
0.0333372502531
0.0382461794077
0.0436450793
0.0495360710262
0.0559101255126
0.0627449393614
0.0700028080812
0.0776285820736
0.0855478081041
0.0936651776857
0.101863424649
0.110002838358
0.117921587727
0.125437084902
0.132348654724
0.138441811429
0.143494465148
0.147285365484
0.149605003135
0.15026898743
0.14913354873
0.146112249158
0.14119224632
0.134447666378
0.12604706111
0.116251911034
0.105404038145
0.0939017234202
0.0821669736131
0.0706089325143
0.0595897414212
0.0493985467867
0.0402370927373
0.0322174590907
0.0253700386188
0.0196584034089
0.014997388272
0.0112712414192
0.00834964263998
0.006100402348
0.00439850241049
0.00313172808864
0.00220347092404
0.00153340568767
0.00105672648925
0.000722528782998
0.000491792436347
0.000335287861787
0.000231610512753
0.000165456692367
0.000126186749548
0.000106677593667
0.000102440548857
0.000110968048884
0.000131269160751
0.000163555872411
0.000209046859571
0.000269861269503
0.000348980817248
0.000450263575649
0.000578496990111
0.000739480807116
0.000940132830229
0.00118861181597
0.00149445251179
0.00186870792573
0.00232409349258
0.00252237665562
0.00310041190767
0.00379141660602
0.00461304031283
0.00558473340707
0.00672771020823
0.00806484330098
0.00962047243759
0.0114201103023
0.0134900269813
0.0158566954383
0.0185460819005
0.0215827680669
0.0249888966708
0.0287829383362
0.0329782859534
0.0375816929546
0.0425915837893
0.0479962783654
0.0537721869273
0.0598820474558
0.0662732938415
0.0728766595479
0.079605138092
0.0863534383507
0.0929980893618
0.0993983654885
0.105398217138
0.110829401453
0.115516005225
0.119280527996
0.121951630806
0.123373534461
0.123416847727
0.121990304991
0.119052499777
0.114622261235
0.108785939326
0.101699704188
0.0935852141352
0.0847177992455
0.0754076184336
0.0659758160068
0.056729044475
0.0479362885997
0.0398114397897
0.0325037003036
0.0260961685952
0.020611431604
0.0160220345048
0.0122634091398
0.00924709511561
0.00687265498107
0.00503734336592
0.00364317986679
0.00260151506508
0.00183544998156
0.00128059256077
0.00088464902833
0.00060629402021
0.00041367590973
0.000282818012066
0.000196088182365
0.000140836834607
0.000108249106662
9.24197883844e-05
8.96368934749e-05
9.78479434397e-05
0.000116278814661
0.000145175563516
0.000185642832829
0.000239556739837
0.000309534579128
0.00039894768675
0.000511967137324
0.000653634502388
0.000829951706783
0.00104798515101
0.00131597980569
0.00164347900928
0.00204144528181
0.0021824579798
0.00267952923978
0.00327309365883
0.00397811300762
0.00481105450809
0.00578985148244
0.00693380285034
0.00826339670039
0.00980004223976
0.0115656941305
0.0135823537845
0.0158714338544
0.0184529751686
0.0213447099163
0.0245609711715
0.0281114569324
0.0319998667431
0.0362224405437
0.0407664424167
0.0456086460182
0.0507138932455
0.0560338125851
0.0615057980242
0.0670523628295
0.072580994176
0.0779846437051
0.083142994297
0.0879246425078
0.0921903258147
0.095797298666
0.0986049136797
0.100481384457
0.101311583968
0.101005559686
0.0995072248711
0.0968024330431
0.0929254042418
0.0879623212403
0.082050947221
0.0753754232285
0.0681560221818
0.0606345038756
0.0530566457318
0.0456542384569
0.0386290650551
0.0321410090808
0.0263015739027
0.0211730235785
0.0167723920532
0.0130789719904
0.0100436628457
0.00759867615279
0.00566643895893
0.00416696682456
0.0030233872451
0.00216561822264
0.00153242145675
0.00107216085237
0.000742626257839
0.000510256163675
0.000349036291347
0.0002392830568
0.000166455021055
0.00012007916079
9.28352072993e-05
7.981051634e-05
7.79183194694e-05
8.54613910889e-05
0.000101818667378
0.00012723197787
0.000162672052346
0.000209766078192
0.000270772466236
0.000348591633945
0.000446804275075
0.000569730655468
0.00072250595013
0.00091116755826
0.00114275075911
0.0014253890603
0.00176841519456
0.00186246289086
0.00228417642355
0.00278727392165
0.00338430806492
0.00408908619462
0.00491663319942
0.00588310096301
0.00700561134143
0.00830201885251
0.00979057906412
0.011489509282
0.0134164297897
0.0155876768127
0.0180174827541
0.0207170252533
0.0236933543093
0.0269482160893
0.0304768029637
0.0342664715123
0.0382954833128
0.0425318367402
0.0469322710756
0.0514415362022
0.0559920311533
0.0605039217441
0.0648858502232
0.0690363467341
0.0728460412178
0.0762007523405
0.0789854932892
0.0810893782571
0.0824113334302
0.0828664089085
0.0823923538477
0.0809559645493
0.0785585644888
0.0752398613217
0.0710793969435
0.0661949149164
0.0607372528136
0.0548818238482
0.0488173208809
0.0427328320371
0.0368049411782
0.0311864621077
0.0259981757491
0.0213243769081
0.017212353881
0.0136753016046
0.0106977419949
0.00824234820804
0.00625712096392
0.00468207479902
0.00345487568851
0.00251515596712
0.0018074693975
0.00128301610577
0.00090036213622
0.000625412749351
0.00043088920517
0.000295522968655
0.00020313368376
0.00014170852251
0.000102557216312
7.95824192488e-05
6.86797770185e-05
6.72653789715e-05
7.39185767347e-05
8.81236563817e-05
0.000110092865045
0.0001406544235
0.000181191357624
0.000233619536551
0.000300395767281
0.000384548920029
0.000489728737756
0.000620268192159
0.000781256005998
0.000978616305721
0.00121919233958
0.00151083083362
0.00156766308687
0.00192065939174
0.00234143998178
0.00284043081654
0.00342910131195
0.00411993248444
0.0049263391441
0.00586253472205
0.00694332663566
0.00818382996029
0.00959908778962
0.0112035882408
0.013010670806
0.0150318188511
0.0172758406514
0.0197479485091
0.0224487541727
0.0253732088343
0.0285095271199
0.0318381462595
0.035330783447
0.0389496655041
0.0426470144714
0.0463648796402
0.0500354096214
0.0535816560146
0.0569189915346
0.0599572082767
0.0626033340824
0.0647651644621
0.0663554520923
0.0672966242449
0.0675258113095
0.0669998712168
0.0656999951761
0.0636353971244
0.0608455474988
0.0574004406711
0.0533985109777
0.048962046797
0.0442302806196
0.0393507057043
0.034469505922
0.0297221928417
0.025225552623
0.0210717976632
0.0173254422479
0.0140229741126
0.0111749829323
0.00877011585663
0.006780097658
0.00516507129748
0.00387864419044
0.00287221375046
0.00209834407446
0.00151313844805
0.00107768051799
0.000758695638532
0.000528618192625
0.000365251070142
0.000251181855273
0.000173087423054
0.000121022918382
8.77580435337e-05
6.81962365461e-05
5.88917445727e-05
5.76655283758e-05
6.33123839366e-05
7.53873510531e-05
9.40581209385e-05
0.000120010656074
0.00015439674181
0.000198814094699
0.00025531156546
0.000326413668205
0.000415160031095
0.000525156358573
0.000660634124114
0.000826516496608
0.00102848796978
0.00127306484017
0.0013015278341
0.00159306118848
0.00194035146746
0.00235197351816
0.00283736875617
0.00340682017574
0.00407138845529
0.00484279922615
0.00573327096986
0.00675527290211
0.00792120277294
0.00924297595886
0.0107315197344
0.0123961703533
0.0142439756663
0.0162789125108
0.0185010359728
0.020905586692
0.0234820923391
0.0262135097817
0.0290754646544
0.032035654267
0.0350534870992
0.0380800365004
0.041058386442
0.0439244420375
0.0466082657119
0.049035980032
0.0511322490351
0.0528233103929
0.0540404804988
0.0547239943031
0.0548269741337
0.0543192524058
0.0531907114432
0.051453763022
0.0491445872856
0.0463228021383
0.0430693519457
0.0394825886553
0.0356727519438
0.0317553005703
0.027843752849
0.0240428064614
0.0204424897037
0.0171139430016
0.014107173411
0.0114508252028
0.00915373279564
0.0072078210986
0.0055918194375
0.00427525726618
0.00322229025083
0.00239503123759
0.00175619935908
0.00127102653807
0.000908458435973
0.000641750749056
0.000448593421067
0.000310901061936
0.000214395673502
0.000148085511108
0.000103717982178
7.52594530475e-05
5.84334121905e-05
5.0331804102e-05
4.91025938079e-05
5.37091734399e-05
6.37531925609e-05
7.93508347152e-05
0.000101052618137
0.000129797778597
0.000166895690441
0.000214028257793
0.000273268554946
0.000347112103225
0.000438517993973
0.000550957594133
0.000688468810947
0.000855713861875
0.00105803821344
0.00106585133882
0.00130341268686
0.00158627111399
0.00192141139674
0.00231653717703
0.00278005334053
0.00332101595036
0.00394904115156
0.00467416391895
0.00550663741577
0.00645666423187
0.00753405205289
0.0087477885491
0.0101055336136
0.0116130316323
0.0132734522743
0.0150866752997
0.0170485429146
0.0191501119706
0.0213769473245
0.0237085063474
0.0261176721183
0.0285704983529
0.0310262316019
0.0334376746163
0.0357519479312
0.0379116936289
0.0398567449937
0.0415262577453
0.0428612625955
0.0438075556138
0.0443187941092
0.0443596148296
0.0439085437314
0.0429604301326
0.0415281224852
0.0396431188084
0.0373549810512
0.0347294034391
0.0318449658264
0.0287887686433
0.0256513095089
0.0225210896276
0.0194794989265
0.0165965028009
0.0139275405314
0.0115118678651
0.00937237149629
0.007516693038
0.00593935866474
0.00462453654029
0.00354903851712
0.00268523247283
0.00200361630216
0.00147490203123
0.0010715504608
0.000768771083488
0.000545053225268
0.0003823223577
0.000265823864246
0.000183830547399
0.000127255429488
8.92328023376e-05
6.47116758228e-05
5.00891043041e-05
4.28975115431e-05
4.15503843867e-05
4.51442813318e-05
5.33114148226e-05
6.61154250597e-05
8.39827108708e-05
0.000107662268296
0.000138207990372
0.00017697850971
0.000225650732816
0.000286244115765
0.000361153412737
0.000453188073696
0.000565616674692
0.000702214741669
0.000867314088107
0.000860961224107
0.00105195917492
0.00127930299733
0.00154862852177
0.0018661672087
0.00223873559538
0.0026736980875
0.00317889572794
0.00376253307626
0.00443301521462
0.00519872730827
0.00606775024839
0.00704750784789
0.00814434397869
0.00936303202851
0.0107062241489
0.0121738539057
0.0137625129664
0.0154648300635
0.0172688882271
0.0191577235846
0.0211089551659
0.0230945992742
0.0250811231766
0.027029790169
0.0288973405844
0.0306370402524
0.0322001087431
0.0335375142757
0.0346020908433
0.0353508970492
0.0357476975601
0.0357654103753
0.0353883310707
0.0346139248604
0.0334539755104
0.0319349032944
0.0300971167488
0.0279933453118
0.0256860063397
0.0232437777876
0.0207376581899
0.0182368768559
0.015805050253
0.0134969546978
0.0113562026076
0.00941398474665
0.00768889851487
0.00618774938912
0.00490711164844
0.0038353785617
0.00295502326868
0.00224482222817
0.00168185015591
0.00124312400586
0.000906840701736
0.000653209718052
0.00046492234297
0.000327323549179
0.000228361712541
0.000158389400168
0.000109879046484
7.71041913228e-05
5.58229558061e-05
4.29875513949e-05
3.64929584517e-05
3.49698765496e-05
3.76215555912e-05
4.41007951495e-05
5.44217587117e-05
6.89007927859e-05
8.81207324635e-05
0.000112913870904
0.000144359621263
0.000183793740445
0.000232826714651
0.000293369472999
0.000367664973105
0.000458324384288
0.000568366581577
0.000701259463363
0.000685978035833
0.000837485750457
0.00101779763062
0.00123141855857
0.00148334613559
0.00177906637265
0.00212452781056
0.00252608779366
0.00299042415787
0.00352440545407
0.00413491314365
0.00482861011426
0.00561165150805
0.0064893363515
0.00746570190936
0.00854306708265
0.00972153647631
0.0109984828208
0.0123680319688
0.0138205812906
0.0153423884247
0.0169152723345
0.0185164717166
0.0201187061926
0.0216904825761
0.0231966811031
0.0245994443077
0.0258593739121
0.0269370188334
0.0277946108667
0.0283979751586
0.0287185124432
0.0287351222727
0.0284359150832
0.0278195504453
0.0268960438768
0.0256869089716
0.0242245471894
0.0225508631374
0.0207151630521
0.0187714786099
0.0167755339094
0.0147816263121
0.0128397099958
0.010992948673
0.00927594317668
0.00771375090502
0.00632171363655
0.00510601579466
0.00406482203264
0.00318980029372
0.00246782642943
0.00188268483224
0.00141661793373
0.00105162580613
0.000770466176305
0.000557347875882
0.000398342967578
0.000281563153578
0.000197155401807
0.000137172188183
9.53660853262e-05
6.69493193835e-05
4.83486138325e-05
3.69757688156e-05
3.10259779593e-05
2.93093089247e-05
3.11161140666e-05
3.61141835812e-05
4.42738685056e-05
5.58168164322e-05
7.11840393037e-05
9.1019490974e-05
0.000116165962364
0.000147670758598
0.000186799212746
0.000235054560651
0.000294203022813
0.000366303100548
0.000453738091594
0.000559250667563
0.000539097205541
0.000657666753425
0.000798781959181
0.000966010183111
0.00116332540798
0.00139510905885
0.00166613363583
0.00198152385785
0.00234668958273
0.00276722460442
0.00324876564855
0.00379680661461
0.00441646447017
0.0051121952957
0.00588746188349
0.00674435803471
0.00768319922479
0.00870209447892
0.00979651986697
0.0109589196209
0.0121783660153
0.0134403132378
0.014726482842
0.0160149183189
0.017280243159
0.0184941499278
0.0196261369538
0.0206444941315
0.0215175203614
0.0222149330979
0.0227094067265
0.0229781530785
0.0230044369711
0.0227789053626
0.0223006039208
0.0215775625916
0.0206268543431
0.0194740691386
0.0181521964632
0.0166999696423
0.0151597862672
0.0135753719609
0.0119893900516
0.010441210015
0.00896502949016
0.00758850024441
0.00633194491011
0.00520817952741
0.00422288892903
0.00337544818295
0.0026600503474
0.00206699070851
0.00158396816087
0.00119729007196
0.000892901040655
0.000657191794053
0.000477576763677
0.000342854243561
0.000243380021579
0.000171094185083
0.000119442734228
8.32325545412e-05
5.8452160188e-05
4.20831455871e-05
3.19197940017e-05
2.64076512001e-05
2.45065291742e-05
2.55794831773e-05
2.93067081257e-05
3.56218073865e-05
4.46672315642e-05
5.67656067859e-05
7.24039474456e-05
9.22282022769e-05
0.000117046088572
0.000147836642775
0.00018576530405
0.000232203620984
0.000288752815237
0.000357270443643
0.000439899271414
0.000417868786864
0.00050940953606
0.000618378833109
0.000747575297526
0.000900131997899
0.00107952118178
0.00128954553172
0.00153431150935
0.00181817994467
0.00214568884129
0.00252144349925
0.00294996961409
0.00343552610131
0.00398187611539
0.00459201714925
0.00526787423813
0.00600996410682
0.00681704247061
0.00768575140729
0.00861028843544
0.0095821232399
0.0105897913574
0.0116187959982
0.0126516489318
0.0136680784436
0.0146454263152
0.015559246332
0.0163841039844
0.0170945611625
0.0176663115736
0.0180774135956
0.0183095491045
0.0183492216727
0.0181887978699
0.0178272936922
0.0172708164495
0.016532591989
0.0156325377499
0.0145963819048
0.0134543738538
0.0122396759922
0.0109865643924
0.00972859040951
0.00849686145099
0.00731858527028
0.00621598979665
0.00520568471876
0.00429847926758
0.00349962111427
0.00280938125862
0.00222388409873
0.00173607233292
0.00133670176686
0.00101527805891
0.000760871322888
0.000562770612095
0.000410964664224
0.000296455160377
0.000211422773188
0.000149274290142
0.000104601823698
7.30837958027e-05
5.13534108696e-05
3.68550125741e-05
2.77031077158e-05
2.25536691997e-05
2.04930246176e-05
2.09463642404e-05
2.36056434359e-05
2.83752763035e-05
3.53333330835e-05
4.47057680644e-05
5.68513406656e-05
7.22552058457e-05
9.15295324493e-05
0.000115419883564
0.000144816411666
0.000180769153062
0.000224506833977
0.000277458616395
0.00034127811295
0.000319455656083
0.000389169615534
0.000472188932493
0.000570688549276
0.000687117272457
0.000824205225184
0.000984960918144
0.00117265426146
0.00139078146358
0.00164300755901
0.00193308236011
0.00226472603314
0.00264148135107
0.00306653105951
0.00354248077082
0.00407111039785
0.00465310031864
0.00528774212449
0.00597264775605
0.00670347479714
0.00747368930681
0.00827439038183
0.00909422216095
0.0099193987053
0.0107338646493
0.0115196093564
0.0122571443535
0.0129261431131
0.0135062291972
0.0139778841031
0.0143234309931
0.0145280363463
0.0145806602027
0.0144748789909
0.0142095047307
0.0137889320828
0.0132231609166
0.0125274663523
0.0117217188732
0.0108293910034
0.00987632005637
0.00888932385258
0.00789478369204
0.00691731303302
0.00597862008442
0.00509664909419
0.00428505202928
0.00355300474687
0.0029053453582
0.00234298240806
0.00186350032153
0.00146188084064
0.00113126136604
0.000863662080146
0.000650630341888
0.000483769772284
0.00035513974413
0.000257526481165
0.000184598434823
0.000130965697748
9.21662820794e-05
6.46019287651e-05
4.54437039395e-05
3.25239509577e-05
2.42270273914e-05
1.93872763193e-05
1.71992458665e-05
1.71424657863e-05
1.89211470878e-05
2.2417920609e-05
2.76600484536e-05
3.4796285209e-05
4.40825969386e-05
5.58751479948e-05
7.06292467963e-05
8.89032346071e-05
0.00011136655992
0.000138811475626
0.000172167909104
0.000212521077132
0.000261131344491
0.000240856854725
0.000293221620248
0.000355617110019
0.000429717538295
0.000517420122515
0.000620854192129
0.000742382448174
0.000884591359908
0.00105026733785
0.00124235510721
0.00146389469492
0.00171793371853
0.00200741230998
0.00233501909807
0.00270301826594
0.00311304982038
0.00356590783099
0.00406130443622
0.00459763071042
0.00517172880505
0.00577869280861
0.00641171813434
0.00706202052935
0.00771884558045
0.00836958748964
0.00900003162227
0.0095947287668
0.010137500273
0.0106120626135
0.0110027480957
0.0112952863969
0.0114776005332
0.0115405622211
0.0114786468097
0.0112904283731
0.0109788621128
0.010551314237
0.0100193184799
0.00939806191365
0.00870562831903
0.00796205200914
0.00718825526598
0.00640495535305
0.00563163021786
0.00488562471636
0.00418146236686
0.00353040372971
0.00294026509483
0.00241548424388
0.00195739729778
0.00156467473403
0.00123385685306
0.000959929153418
0.00073688491709
0.000558233716148
0.000417428178194
0.000308195008798
0.000224768269529
0.00016203219213
0.000115586953231
8.17539518289e-05
5.75377043712e-05
4.05601717456e-05
2.89808686154e-05
2.14131151402e-05
1.68437726474e-05
1.45610964116e-05
1.40931272262e-05
1.5157392259e-05
1.76215702987e-05
2.14741196102e-05
2.68035671245e-05
3.37851118706e-05
4.26733100328e-05
5.37998071067e-05
6.75753057967e-05
8.44951645667e-05
0.000105148182927
0.000130228227939
0.000160548381992
0.000197057240161
0.000179088609045
0.000217877547241
0.000264133667811
0.000319133300941
0.000384333154163
0.000461380184797
0.000552115660535
0.000658570968625
0.000782952417689
0.000927612056682
0.00109500147473
0.00128760571367
0.00150785489514
0.00175801200383
0.00204003652978
0.00235542538064
0.00270503461274
0.00308888802978
0.00350598143017
0.00395409405114
0.00442962130097
0.00492744487383
0.0054408574581
0.00596155913052
0.00647974086
0.0069842671016
0.0074629641513
0.00790301384449
0.00829144363085
0.00861569460065
0.00886423946508
0.00902721380368
0.00909701720257
0.00906883734412
0.0089410506513
0.00871545839407
0.00839732739088
0.00799521911035
0.00752060892049
0.00698731661848
0.00641078790599
0.00580728169673
0.00519302784948
0.00458342256281
0.00399232370465
0.0034314963972
0.00291024194039
0.0024352231391
0.00201047912543
0.00163760547668
0.00131606282135
0.00104357027375
0.000816539020837
0.00063050541582
0.00048053062599
0.000361543587002
0.000268614135464
0.000197152414315
0.000143038085617
0.000102688110731
7.30748371156e-05
5.17071322917e-05
3.65867734761e-05
2.61507435636e-05
1.92079824228e-05
1.48768953352e-05
1.25278162366e-05
1.17328390119e-05
1.22240452806e-05
1.386017814e-05
1.66011961485e-05
2.04898224738e-05
2.56391043187e-05
3.22250445855e-05
4.04834984172e-05
5.07106916661e-05
6.32668790431e-05
7.85827905123e-05
9.71685983891e-05
0.000119625164542
0.000146657292288
0.000131320733515
0.000159650050562
0.000193468461154
0.000233739353501
0.000281570902944
0.000338226008974
0.000405128029405
0.000483860363298
0.000576157649142
0.000683886127772
0.000809010622685
0.000953545673704
0.00111948868702
0.00130873359518
0.00152296450207
0.00176353014585
0.00203130173692
0.00232651876673
0.0026486296309
0.00299613620599
0.00336645364931
0.00375579839369
0.00415911829852
0.00457007890569
0.0049811184779
0.00538358178476
0.00576793837922
0.00612408545474
0.00644172855572
0.00671082588944
0.00692207439982
0.00706740890816
0.00714048038219
0.00713707662736
0.00705544913614
0.00689651394839
0.00666390224455
0.00636384760901
0.00600491054331
0.00559755549559
0.00515360970191
0.00468564471202
0.00420632900192
0.00372780243908
0.00326112015803
0.00281580503145
0.0023995355619
0.00201798142034
0.00167478402234
0.00137166637415
0.00110864644145
0.000884322375272
0.000696196261184
0.000541005200537
0.000415033581425
0.000314387210502
0.000235217393375
0.000173890070389
0.000127101011851
9.19424443236e-05
6.59292071538e-05
4.69937521004e-05
3.34592795645e-05
2.39994056034e-05
1.75913315462e-05
1.34678543017e-05
1.10719499414e-05
1.00162455871e-05
1.00485507002e-05
1.10237743332e-05
1.28819931556e-05
1.56321137692e-05
1.9340438036e-05
2.41234364076e-05
3.01441111445e-05
3.76114466965e-05
4.67825656264e-05
5.79673115257e-05
7.15350495458e-05
8.79235008977e-05
0.000107649405355
9.49702667146e-05
0.000115363387347
0.000139741487852
0.000168824291482
0.000203446769712
0.000244568637244
0.000293280888645
0.000350807843331
0.000418502912192
0.000497836090376
0.000590371060393
0.000697729808876
0.000821542873795
0.000963383799133
0.00112468712404
0.00130665029802
0.00151012128919
0.00173547529944
0.00198248583587
0.00225019728159
0.00253680788666
0.002839573548
0.00315474363049
0.0034775401635
0.00380219081823
0.00412202398222
0.00442963094301
0.00471709573917
0.0049762878508
0.00519920695022
0.0053783629325
0.00550716902328
0.00558032160402
0.00559413816759
0.00554682507542
0.00543864986918
0.00527199883579
0.00505130900927
0.00478287411388
0.00447453507351
0.0041352763723
0.00377475843508
0.00340282213417
0.0030290036972
0.00266209636773
0.00230978941292
0.00197840628089
0.00167275310504
0.00139607775399
0.00115012962274
0.000935302484669
0.000750837690525
0.000595063045108
0.000465643596153
0.000359823757707
0.000274644882214
0.000207127757603
0.000154414784392
0.000113871203105
8.31483309036e-05
6.02141808698e-05
4.33581133098e-05
3.11764712189e-05
2.2545718695e-05
1.6588689442e-05
1.26384006604e-05
1.0202689544e-05
8.93182420402e-06
8.59031222109e-06
9.03341497667e-06
1.01883753736e-05
1.20400574774e-05
1.46205428458e-05
1.80021890045e-05
2.22936910287e-05
2.76387626451e-05
3.42171404163e-05
4.22476922555e-05
5.19934654484e-05
6.37685309698e-05
7.79464662772e-05
6.77571508633e-05
8.2218106037e-05
9.95376252084e-05
0.000120247531699
0.000144970583999
0.000174429199113
0.000209452155982
0.000250978092499
0.000300054387438
0.000357829822514
0.000425539286698
0.000504478757954
0.00059596892363
0.00070130612542
0.000821699876764
0.000958197023492
0.00111159370321
0.00128233757687
0.00147042429262
0.00167529369351
0.00189573275745
0.00212979348521
0.00237473474134
0.00262699720824
0.00288221996627
0.00313530563872
0.00338053849394
0.00361175642977
0.00382257354683
0.00400664534106
0.00415796381422
0.00427116550909
0.00434183215401
0.00436676176396
0.00434418811337
0.00427392872417
0.00415744592673
0.00399781190308
0.00379957638336
0.0035685440681
0.00331147696018
0.0030357436422
0.00274894226428
0.00245852599688
0.00217145869042
0.00189392461614
0.00163110997902
0.00138706623911
0.00116465715816
0.000965583913211
0.000790476435204
0.000639034915988
0.00051020342195
0.000402357675436
0.000313490962865
0.000241385277835
0.000183758618534
0.000138383271966
0.000103173477923
7.6243762768e-05
5.59413098651e-05
4.08569710382e-05
2.98200080928e-05
2.18815372077e-05
1.62911124286e-05
1.24701048589e-05
9.98466428808e-06
8.52020675379e-06
7.85863256394e-06
7.85888617646e-06
8.44103431816e-06
9.57375283688e-06
1.12649537244e-05
1.35552225487e-05
1.65137426177e-05
2.02364269615e-05
2.48460382974e-05
3.04941318379e-05
3.73646935272e-05
4.56793600253e-05
5.57040941304e-05
4.77285660367e-05
5.78176065864e-05
6.99354857519e-05
8.44703640081e-05
0.000101881544715
0.000122707250417
0.000147571062555
0.000177186125022
0.000212356019974
0.000253971043817
0.000302998473918
0.000360465358536
0.000427432423293
0.000504957906879
0.000594050550569
0.000695611593002
0.000810366467178
0.00093878794101
0.0010810136366
0.00123676212537
0.00140525301456
0.00158513747642
0.00177444637049
0.0019705633155
0.00217022964115
0.0023695869905
0.00256426141115
0.00274949010454
0.00292028872998
0.00307165350919
0.00319878866397
0.00329734632443
0.00336366338159
0.00339497821906
0.00338961016787
0.00334708608272
0.00326820165646
0.00315500979218
0.00301073414888
0.00283961229951
0.00264667910587
0.00243750620891
0.00221791731474
0.00199370075908
0.001770340438
0.00155278367459
0.0013452603041
0.00115116178511
0.00097298319094
0.00081232523309
0.000669948651411
0.000545869830614
0.000439484597632
0.000349706815985
0.000275109417145
0.000214057551691
0.000164826194686
0.000125697391439
9.50350320131e-05
7.13373388914e-05
5.32689921512e-05
3.96759520736e-05
2.95866048206e-05
2.22029438545e-05
1.68852298277e-05
1.31330728843e-05
1.05652707732e-05
8.90010904794e-06
7.93725438728e-06
7.54189068784e-06
7.63137904635e-06
8.16446801006e-06
9.13292785869e-06
1.05554126941e-05
1.24733434399e-05
1.49486296053e-05
1.80630860681e-05
2.19194359282e-05
2.66438105196e-05
3.2389657997e-05
3.93429529573e-05
3.32592978833e-05
4.01655074728e-05
4.85012008302e-05
5.85453343932e-05
7.06321298373e-05
8.51578586543e-05
0.000102586758775
0.000123455420735
0.00014837481724
0.000178028986334
0.000213169242617
0.000254602713198
0.000303174008578
0.000359738977724
0.00042512979091
0.000500111063803
0.000585327387631
0.000681243449539
0.000788078877618
0.000905740963233
0.00103375941129
0.00117122813651
0.00131675973722
0.00146845851211
0.00162391762661
0.00178024520145
0.00193412265114
0.00208189657004
0.00221970294758
0.00234361966586
0.00244984033313
0.00253485983047
0.00259565981103
0.00262988109607
0.00263596970719
0.00261328431333
0.00256215517511
0.00248388810912
0.00238071128899
0.00225566743277
0.00211245859817
0.00195525489195
0.00178848142141
0.00161659941859
0.00144389747024
0.00127430721489
0.00111125494974
0.00095755671924
0.000815360131898
0.000686131894348
0.000570686335501
0.000469247374173
0.000381534664416
0.000306864072998
0.000244253094402
0.000192523072278
0.000150391892879
0.000116552852666
8.9737415588e-05
6.87613598002e-05
5.25552351171e-05
4.01810504501e-05
3.08376873987e-05
2.38577410739e-05
1.86984002326e-05
1.49286852637e-05
1.22149514354e-05
1.03061112036e-05
9.01959136232e-06
8.22865804759e-06
7.8514376332e-06
7.8417424284e-06
8.18167355282e-06
8.87590769481e-06
9.94756192238e-06
1.1435550012e-05
1.33933730041e-05
1.58893073362e-05
1.90079546359e-05
2.28530952738e-05
2.75517483404e-05
2.30354465355e-05
2.76425632903e-05
3.32576143493e-05
4.00764888099e-05
4.83378663672e-05
5.83290769664e-05
7.03913723035e-05
8.49241467934e-05
0.000102387507696
0.000123302446213
0.000148247729872
0.000177852546262
0.000212783907613
0.000253727904319
0.000301364098901
0.000356332698097
0.000419194636304
0.000490385340052
0.000570163693076
0.00065855853642
0.000755315849052
0.000859850474888
0.000971206793837
0.00108803297742
0.00120857333237
0.00133068265098
0.00145186542327
0.00156934123965
0.00168013579715
0.00178119474767
0.00186951537709
0.00194228900351
0.0019970452716
0.00203178843192
0.00204511541868
0.00203630619878
0.00200537848081
0.00195310135725
0.00188096560452
0.00179111188417
0.00168622161051
0.00156937838912
0.00144391033446
0.00131322497008
0.00118064865395
0.00104928154904
0.000921877217626
0.000800753220556
0.000687735995287
0.000584140141228
0.000490779406506
0.000408004420762
0.000335760727205
0.0002736599924
0.000221057365416
0.000177128685978
0.000140942418284
0.000111522607262
8.7900623152e-05
6.91548180007e-05
5.44383505104e-05
4.29962812999e-05
3.41735832574e-05
2.74159725244e-05
2.22654913258e-05
1.83526239306e-05
1.53864636527e-05
1.31441292238e-05
1.14603006088e-05
1.02174432397e-05
9.33704001254e-06
8.77196608117e-06
8.5000271332e-06
8.51863345677e-06
8.84058687412e-06
9.49099429449e-06
1.05053631686e-05
1.19289541354e-05
1.38174480454e-05
1.62389260334e-05
1.92770745834e-05
1.60280739649e-05
1.89709471947e-05
2.26382013763e-05
2.71615660241e-05
3.2706087587e-05
3.94752321507e-05
4.7715495145e-05
5.77202379475e-05
6.98323545918e-05
8.44452347141e-05
0.000102001359473
0.000122987766593
0.000147927573981
0.000177366784246
0.000211855726212
0.000251924739328
0.000298054079202
0.000350638512306
0.000409947654906
0.000476083758557
0.000548939298702
0.000628157316233
0.000713097917057
0.000802814572505
0.00089604381091
0.000991211492731
0.00108645809102
0.00117968426485
0.00126861656868
0.00135089148251
0.0014241542145
0.00148616708782
0.00153492096058
0.00156874221812
0.00158638756851
0.00158711925969
0.00157075444413
0.00153768418536
0.00148885988986
0.00142574754186
0.00135025275589
0.00126462206028
0.00117132772258
0.00107294461853
0.000972028007685
0.000871000590504
0.000772055967943
0.000677083778366
0.000587619584845
0.000504820291441
0.000429463733566
0.000361969323675
0.000302435381429
0.000250688100886
0.000206336993049
0.000168832013822
0.000137518324947
0.000111685597732
9.0609816276e-05
7.35865468698e-05
5.99555209073e-05
4.91170722272e-05
4.05414519208e-05
3.37723179691e-05
2.84257881919e-05
2.41863899434e-05
2.08010808724e-05
1.80722933917e-05
1.58507083877e-05
1.40282222656e-05
1.25313608526e-05
1.13152339544e-05
1.03580303369e-05
9.65603196491e-06
9.21917346457e-06
9.06726538984e-06
9.22709724664e-06
9.73068948194e-06
1.06149371032e-05
1.19227722174e-05
1.37057872012e-05
1.1462188052e-05
1.31722615254e-05
1.54333069866e-05
1.83252007755e-05
2.19544155573e-05
2.64586370585e-05
3.20107677915e-05
3.88222349343e-05
4.71454142718e-05
5.72748427917e-05
6.95467549822e-05
8.43363619208e-05
0.000102052221655
0.000123127046238
0.000148004371307
0.000177120689742
0.000210882927368
0.000249641512796
0.000293659750271
0.00034308071576
0.000397893421149
0.000457900476693
0.000522689867368
0.000591613682227
0.000663776639351
0.00073803698808
0.0008130218213
0.000887157997898
0.000958718796568
0.00102588516836
0.00108681912913
0.00113974556109
0.00118303761243
0.00121530013013
0.0012354452461
0.00124275443659
0.001236922112
0.00121807703294
0.00118677949031
0.00114399408219
0.00109103987808
0.00102952158016
0.000961246776186
0.000888135375057
0.00081212772418
0.000735097700433
0.000658776289279
0.000584689931512
0.000514116383298
0.000448059186408
0.000387240263944
0.000332108798758
0.00028286353051
0.000239484983613
0.000201773918752
0.000169392445008
0.000141904663564
0.000118814342942
9.95978516449e-05
8.37313071037e-05
7.07115674223e-05
6.00712449069e-05
5.1388330632e-05
4.42912810015e-05
3.84605399459e-05
3.36274742887e-05
2.95716105905e-05
2.61169066306e-05
2.31275958082e-05
2.05039328128e-05
1.81779687302e-05
1.61093207807e-05
1.42808073771e-05
1.26938232247e-05
1.13634471381e-05
1.03134887841e-05
9.57192376889e-06
9.16733690039e-06
9.12700119282e-06
9.47702676669e-06
1.02446396025e-05
8.78481392375e-06
9.52379446508e-06
1.07342414907e-05
1.24498763434e-05
1.4727054363e-05
1.76492821153e-05
2.13306980376e-05
2.59187089936e-05
3.15958556362e-05
3.8580806653e-05
4.71282110046e-05
5.75269903593e-05
7.00965552368e-05
8.51803945999e-05
0.000103136528386
0.000124324432145
0.000149088246374
0.000177736368003
0.000210517876573
0.000247596651077
0.000289024453478
0.00033471465061
0.000384418570544
0.000437706693984
0.000493956920181
0.000552351984619
0.000611887722389
0.000671393267445
0.000729563479924
0.000785002953061
0.000836279943278
0.000881987585576
0.000920808904677
0.00095158151126
0.000973357568898
0.000985454690278
0.000987493893044
0.000979421595073
0.000961513790088
0.000934361912232
0.000898841338673
0.000856064846078
0.000807324488589
0.000754026184234
0.000697621704864
0.00063954273196
0.000581141188957
0.000523639259639
0.000468091457213
0.000415359945749
0.000366103164182
0.000320776777681
0.000279645170345
0.000242801150204
0.000210191278464
0.000181644242407
0.000156899921407
0.000135637187385
0.000117498967854
0.000102113617039
8.91121340484e-05
7.81411957388e-05
6.88723103938e-05
6.10076350212e-05
5.4283133809e-05
4.84697958057e-05
4.33735879271e-05
3.88347079876e-05
3.47265343046e-05
3.09544569892e-05
2.74545406882e-05
2.41917433371e-05
2.11572575579e-05
1.83645279696e-05
1.58437006309e-05
1.3634696147e-05
1.17796689761e-05
1.03161056579e-05
9.27198971004e-06
8.66418143067e-06
8.50050288978e-06
7.63365922232e-06
7.51529175068e-06
7.87847807879e-06
8.70894926473e-06
1.00143352015e-05
1.18290903602e-05
1.42174713054e-05
1.72752400905e-05
2.1130562239e-05
2.59442891228e-05
3.1909556946e-05
3.92504258509e-05
4.82191453983e-05
5.90915711142e-05
7.21602663738e-05
8.77249032983e-05
0.000106079726485
0.000127498062045
0.000152214132627
0.000180402759806
0.000212157873587
0.00024747107282
0.000286211753857
0.000328110509659
0.000372747562449
0.000419547901351
0.000467784535551
0.000516590842088
0.000564982402855
0.0006118880247
0.000656188874362
0.000696763905376
0.000732539083691
0.00076253740825
0.000785926438374
0.000802060028494
0.000810511252991
0.00081109406903
0.000803872070376
0.000789153658111
0.000767474001659
0.000739565181045
0.000706316786467
0.000668729916295
0.000627867897458
0.00058480712406
0.000540591178077
0.000496190901409
0.000452472399116
0.000410174154294
0.000369893615444
0.00033208286042
0.000297052313962
0.000264981043245
0.00023593189709
0.000209869685531
0.000186680693715
0.000166192050414
0.000148189782978
0.000132434743414
0.000118675944947
0.000106661173819
9.61450154373e-05
8.68946444117e-05
7.86938689554e-05
7.13459902533e-05
6.46760366254e-05
5.85328584312e-05
5.27914162824e-05
4.73553531873e-05
4.21596090932e-05
3.71724417884e-05
3.23958490622e-05
2.78632089428e-05
2.36331803639e-05
1.97796868922e-05
1.63790550167e-05
1.34966733718e-05
1.11762557113e-05
9.43437961494e-06
8.2622929763e-06
7.80460577387e-06
6.80567930216e-06
6.39668393411e-06
6.50368507028e-06
7.07851498936e-06
8.1046724189e-06
9.59954017978e-06
1.16145477894e-05
1.42344172255e-05
1.75760827361e-05
2.17874298836e-05
2.70456791595e-05
3.3555050689e-05
4.1543262501e-05
5.12564067684e-05
6.29518034036e-05
7.68885455403e-05
9.33156243565e-05
0.000112457744252
0.000134499200029
0.000159566465714
0.000187710414854
0.000218889326296
0.000252953998006
0.000289636366889
0.000328542992226
0.000369154590293
0.000410832505323
0.000452832578448
0.000494326357413
0.000534429014821
0.000572232761855
0.000606844014362
0.000637422145446
0.000663217394128
0.000683605430414
0.000698116222286
0.000706455206392
0.000708515305099
0.00070437901025
0.0006943105043
0.000678738539301
0.000658231469646
0.000633466370654
0.000605194523188
0.000574205678181
0.000541293432078
0.000507223767009
0.000472708379556
0.000438383894408
0.000404797494942
0.000372398960237
0.000341538626745
0.000312470428744
0.000285358934198
0.000260289185251
0.000237278164966
0.000216286823265
0.000197231778681
0.000179996040397
0.000164438340677
0.000150400909529
0.000137715745185
0.000126209624864
0.000115708253443
0.000106040057279
9.70401878433e-05
8.85552873463e-05
8.04494530735e-05
7.26115663159e-05
6.49636660737e-05
5.74693220823e-05
5.01400855997e-05
4.30373651494e-05
3.62670070224e-05
2.99650158682e-05
2.42753847787e-05
1.93242945992e-05
1.51972790928e-05
1.19245955287e-05
9.48203269062e-06
9.21112328432e-06
7.17540683621e-06
5.95953599187e-06
5.40400987567e-06
5.38677230144e-06
5.83037956269e-06
6.70240474671e-06
8.01267039926e-06
9.80959221936e-06
1.21767602869e-05
1.52300808448e-05
1.91153113082e-05
2.40055798906e-05
3.00983936891e-05
3.76116347513e-05
4.67780938486e-05
5.78381904366e-05
7.10306734906e-05
8.65812869182e-05
0.000104689604564
0.000125514477493
0.000149158770165
0.000175654269888
0.000204947812648
0.000236889756377
0.000271225932182
0.000307594103109
0.000345525755171
0.000384453743046
0.000423725930496
0.000462624530636
0.000500390399948
0.000536251113978
0.000569451294374
0.000599283405577
0.000625117125379
0.000646425434509
0.000662805768812
0.000673994919078
0.000679876818214
0.000680482880797
0.000675985105749
0.000666682666601
0.000652983147618
0.000635379899525
0.000614427161843
0.000590714621938
0.000564842962664
0.000537401714125
0.000508950403992
0.000480003634551
0.000451020342881
0.000422397158719
0.000394465490743
0.000367491763848
0.000341680105206
0.0003171767337
0.000294075336397
0.000272422803145
0.000252224820523
0.000233450984051
0.000216039260425
0.000199899810876
0.00018491836728
0.000170959531595
0.000157870543661
0.000145486223228
0.000133635913047
0.000122153267457
0.000110889523315
9.9730271521e-05
8.86145209429e-05
7.75529649427e-05
6.66402063194e-05
5.60543322589e-05
4.60382301142e-05
3.68616282042e-05
2.87712283761e-05
2.19438695672e-05
1.64489575991e-05
1.22458240765e-05
1.18204422721e-05
8.46501963223e-06
6.31933960054e-06
5.09087413596e-06
4.55093665718e-06
4.54202962309e-06
4.97335438595e-06
5.81214665753e-06
7.07489228225e-06
8.82009728642e-06
1.11429094289e-05
1.41712083519e-05
1.80625375577e-05
2.30012147771e-05
2.91949970231e-05
3.68707492756e-05
4.62686681237e-05
5.76347489694e-05
7.1211358026e-05
8.72259713652e-05
0.000105878359715
0.000127326712956
0.000151673394126
0.000178951171098
0.000209110877763
0.000242011491218
0.000277413566787
0.000314976844134
0.00035426262799
0.000394741266854
0.000435804720953
0.00047678385236
0.000516969715879
0.000555637811248
0.00059207400637
0.000625600683454
0.000655601612677
0.000681544128639
0.00070299736871
0.000719645613299
0.000731296120127
0.000737881234593
0.000739454950028
0.000736184449504
0.000728337454374
0.00071626641149
0.000700390658818
0.000681177716881
0.000659124770117
0.000634741245303
0.000608533186482
0.000580989892629
0.000552573049845
0.000523708375222
0.000494779610474
0.000466124569616
0.000438032860598
0.000410744864736
0.000384451565792
0.000359294866944
0.000335368113259
0.00031271664636
0.00029133835701
0.000271184374318
0.000252160245857
0.000234128233057
0.000216911680467
0.000200302804579
0.00018407561473
0.000168005823151
0.000151899123605
0.000135627517037
0.000119169858903
0.000102647576976
8.63412254609e-05
7.06717276691e-05
5.61364792629e-05
4.32125330095e-05
3.22657131254e-05
2.34539232226e-05
1.67133591127e-05
1.5538638965e-05
1.0484404138e-05
7.23918044202e-06
5.297543258e-06
4.27328417506e-06
3.90128254099e-06
4.02017722791e-06
4.55201733856e-06
5.48473996248e-06
6.85912999065e-06
8.75989985014e-06
1.13098265461e-05
1.46658183481e-05
1.90159183336e-05
2.45764031123e-05
3.15882648134e-05
4.03124898659e-05
5.10236913867e-05
6.40018236263e-05
7.95219047174e-05
9.78418873653e-05
0.000119189031532
0.000143745333177
0.000171632733796
0.000202898962883
0.000237504937408
0.00027531464936
0.0003160884084
0.000359480170906
0.000405039484241
0.000452218317167
0.000500382751261
0.000548829196002
0.000596804486695
0.000643528955133
0.000688221351453
0.00073012436068
0.000768529411588
0.000802799522814
0.00083238906719
0.000856859547562
0.000875890746366
0.000889286912806
0.000896977959466
0.00089901592911
0.000895567240192
0.000886901409628
0.000873377073728
0.000855426180193
0.000833537209705
0.000808238214346
0.000780080345273
0.000749622398797
0.000717416753656
0.000683996916638
0.000649866749909
0.000615491330013
0.000581289290763
0.000547626433457
0.000514810350393
0.000483085804248
0.000452630641549
0.000423552102727
0.000395883540144
0.000369581796358
0.000344525871484
0.000320518082257
0.000297289747235
0.000274514516572
0.000251833588448
0.000228897574845
0.000205428379255
0.000181299189578
0.000156620025522
0.000131801256194
0.000107553452325
8.47820420101e-05
6.43967048978e-05
4.71481448061e-05
3.33817000045e-05
2.29832356158e-05
2.00000775175e-05
1.28723567632e-05
8.40345790355e-06
5.74980552211e-06
4.29981692074e-06
3.6517304535e-06
3.5640843522e-06
3.91410773357e-06
4.66662566594e-06
5.85318095433e-06
7.55889352338e-06
9.91451252212e-06
1.30916711407e-05
1.72998616786e-05
2.2783992296e-05
2.98216021813e-05
3.87189702918e-05
4.98055093616e-05
6.34260178081e-05
7.99305709677e-05
9.96620604536e-05
0.00012294162229
0.000150052416548
0.000181222420438
0.000216607061061
0.000256272632253
0.000300181502202
0.000348180116653
0.000399990731803
0.000455207671046
0.000513298695054
0.000573611815758
0.00063538758708
0.000697776588413
0.000759861503408
0.000820682910206
0.000879267661616
0.000934658564039
0.000985943975795
0.00103228594577
0.00107294560208
0.00110730467007
0.00113488223506
0.00115534614895
0.00116851878787
0.00117437717718
0.0011730477877
0.00116479655399
0.00115001485664
0.0011292023382
0.00110294748255
0.00107190688393
0.0010367840708
0.000998308642633
0.000957216336841
0.000914230480517
0.000870045111488
0.000825309884536
0.000780616722347
0.000736488034991
0.000693366225297
0.000651604131436
0.000611456048268
0.00057306904211
0.000536474477871
0.000501580103272
0.000468163839237
0.000435871838446
0.000404225634418
0.00037264634997
0.000340507344695
0.000307228247397
0.000272418619419
0.000236062270353
0.000198698045436
0.000161497927846
0.000126095567331
9.42180172724e-05
6.73793182461e-05
4.63317056492e-05
3.08073045359e-05
2.42048743815e-05
1.4892181549e-05
9.31519643958e-06
6.11512030915e-06
4.38832425374e-06
3.59073678919e-06
3.40829253288e-06
3.68529569957e-06
4.37561462404e-06
5.51369872304e-06
7.19800588068e-06
9.58178309167e-06
1.28681682675e-05
1.7307637228e-05
2.31963707752e-05
3.08743986072e-05
4.07225499184e-05
5.31574016976e-05
6.86236077326e-05
8.75832211181e-05
0.000110501879972
0.000137831994175
0.000169993335381
0.000207351680615
0.000250196380065
0.00029871790067
0.000352986527437
0.000412933472165
0.000478335634893
0.000548805180037
0.000623784924549
0.000702550293315
0.000784218287182
0.000867763547485
0.000952041209304
0.00103581583984
0.00111779538576
0.00119666873238
0.00127114523346
0.00133999442314
0.00140208408521
0.00145641493306
0.0015021503423
0.00153863986275
0.0015654355952
0.00158230092313
0.00158921150961
0.00158634887289
0.00157408721275
0.00155297445048
0.00152370865134
0.00148711111276
0.00144409742303
0.00139564773099
0.00134277733005
0.00128650846417
0.00122784402785
0.00116774357268
0.00110710176538
0.00104672918019
0.000987335063945
0.000929511496518
0.000873718197941
0.000820267131335
0.000769306074902
0.000720800618773
0.000674514864947
0.000629992984307
0.000586547480535
0.000543266397302
0.000499061165693
0.000452787569919
0.000403477601162
0.000350704295761
0.000295034717531
0.000238351867625
0.000183552264095
0.000134081816408
9.27307344251e-05
6.13280001661e-05
3.90357665316e-05
2.59799835686e-05
1.51968312903e-05
9.22057663652e-06
5.99449526125e-06
4.30893135875e-06
3.5655433618e-06
3.42522593935e-06
3.73579392404e-06
4.46442417921e-06
5.66656413279e-06
7.47027331134e-06
1.00682290523e-05
1.37142094061e-05
1.87220532609e-05
2.54655810169e-05
3.43781749061e-05
4.59508395052e-05
6.07276974191e-05
7.92980686884e-05
0.000102284538001
0.000130326714143
0.000164060710146
0.00020409470265
0.00025098125143
0.000305187362554
0.000367063548303
0.000436813358568
0.000514465015054
0.000599846854278
0.000692568263323
0.00079200766279
0.000897308850533
0.00100738667169
0.001120942538
0.00123648980491
0.00135238845905
0.00146688800808
0.00157817694104
0.00168443668124
0.00178389762339
0.00187489466176
0.00195591959723
0.00202566796206
0.00208307811402
0.00212736090243
0.00215801876113
0.00217485369426
0.00217796424034
0.00216773208161
0.00214479946721
0.00211003900739
0.00206451765146
0.00200945677598
0.00194619028568
0.0018761224823
0.00180068720522
0.00172130941853
0.00163937003605
0.00155617436121
0.00147292409081
0.00139069240239
0.00131040121917
0.00123279932327
0.00115843956559
0.00108765302485
0.00102051771877
0.000956819732153
0.000896006236201
0.000837134394032
0.000778830134612
0.0007192897528
0.000656388113014
0.0005879970309
0.000512642461507
0.00043054285341
0.00034458247013
0.00025934713256
0.00018360857649
0.000120090831617
7.49170144806e-05
4.46712126653e-05
3.64247389598e-209
4.87040687065e-126
3.62224501788e-41
5.09572809848e-06
3.91217129748e-06
3.50670938115e-06
3.56537912812e-06
4.01284435604e-06
4.86715005624e-06
6.22832644836e-06
8.27360093143e-06
1.12548177188e-05
1.54986035629e-05
2.14083986168e-05
2.94670769457e-05
4.02388017134e-05
5.4368733927e-05
7.2579272739e-05
9.56616809718e-05
0.000124462230715
0.000159862360232
0.000202752734476
0.00025400152448
0.000314417649644
0.000384710147182
0.000465445228334
0.000557002930513
0.000659535553278
0.000772930246747
0.000896778177816
0.00103035261015
0.00117259798442
0.00132213167272
0.00147725951435
0.00163600554414
0.00179615553674
0.00195531316172
0.00211096673445
0.00226056382167
0.00240159037938
0.00253165071992
0.00264854446302
0.00275033674211
0.00283541830863
0.00290255277561
0.00295090901975
0.00298007765272
0.00299007140446
0.00298131015798
0.00295459216901
0.00291105363875
0.00285211924797
0.00277944648715
0.00269486663337
0.00260032504773
0.00249782312743
0.00238936378122
0.00227690174302
0.00216229942765
0.00204728839114
0.00193343579292
0.00182211456121
0.001714475198
0.00161141625924
0.00151354942445
0.00142115370756
0.00133411201568
0.00125182288455
0.00117308306964
0.00109594752649
0.00101760169507
0.000934343457979
0.00084189237277
0.00073641962256
0.000616715703143
0.00048679617301
0.000348962488671
0.000241087727083
1.48219693752e-323
4.94065645841e-324
5.90240190602e-292
-4.94065645841e-324
1.22135132961e-267
7.81362423838e-185
2.48260347157e-101
2.54766209283e-15
3.50857387549e-06
3.88498622478e-06
4.54614109482e-06
5.59352995792e-06
7.19350101006e-06
9.59315822026e-06
1.31256929475e-05
1.82162861845e-05
2.5389045717e-05
3.52738206389e-05
4.86114891819e-05
6.62561234505e-05
8.91723717223e-05
0.000118426531426
0.000155170089497
0.000200614931674
0.00025599992405
0.00032254911868
0.000401422410659
0.000493660059065
0.000600123056946
0.000721431866633
0.000857906489109
0.00100951116816
0.00117580719963
0.00135591728478
0.00154850460603
0.00175176929997
0.00196346425949
0.002180931242
0.00240115714125
0.00262084906728
0.00283652565874
0.00304462092296
0.00324159595905
0.00342405325859
0.00358884796563
0.00373319055266
0.00385473583605
0.00395165408031
0.00402268105529
0.00406714522036
0.00408497159945
0.00407666326617
0.00404326256977
0.00398629521429
0.00390770099358
0.00380975535657
0.00369498603059
0.003566088695
0.00342584521756
0.00327704730109
0.00312242759384
0.00296459944584
0.00280600557969
0.00264887499826
0.00249518644483
0.00234663557498
0.00220460151592
0.00207010638328
0.00194375822695
0.00182566356211
0.00171529054103
0.00161125987504
0.00151104358454
0.00141057757673
0.00130388388756
0.00118305218523
0.00103946401551
0.000867755525301
0.000672536140046
-3.45845952089e-323
2.96439387505e-323
-1.97626258336e-323
4.94065645841e-323
-4.44659081257e-323
1.97626258336e-323
-4.94065645841e-323
1.22638939416e-267
3.27762666043e-193
9.79916915811e-110
7.97350974206e-24
4.56444671196e-06
5.45513779577e-06
6.7292749433e-06
8.62981664991e-06
1.1493542801e-05
1.57590477164e-05
2.19794676167e-05
3.08364207009e-05
4.31528093754e-05
5.99029715546e-05
8.22183509527e-05
0.000111386598305
0.00014884207004
0.000196146012667
0.000254955228956
0.000326978652488
0.000413921971177
0.000517421214248
0.000638967029032
0.000779822194668
0.000940935708025
0.00112285747872
0.00132565822278
0.00154885948311
0.00179137876709
0.00205149452792
0.00232683509602
0.00261439468438
0.00291057827535
0.00321127560853
0.00351196272523
0.00380782771238
0.00409391557375
0.00436528569112
0.00461717426568
0.00484515356659
0.00504527982832
0.00521422225052
0.00534936671902
0.00544888948668
0.00551179798291
0.00553793798906
0.0055279684437
0.00548330695928
0.0054060506059
0.0052988775541
0.0051649357265
0.00500772468992
0.00483097667295
0.00463854189249
0.00443428240847
0.00422197759052
0.00400524305622
0.00378746368513
0.00357174004678
0.00336084626215
0.00315719580535
0.00296280973135
0.00277927870191
0.00260770503747
0.00244860267562
0.00230172031411
0.00216573559757
0.00203774778228
0.00191248580581
0.00178120766087
0.00163063900532
0.00144340680423
0.00120562656866
4.44659081257e-323
-4.94065645841e-324
-4.94065645841e-324
-4.94065645841e-323
-1.97626258336e-323
1.97626258336e-323
3.45845952089e-323
2.96439387505e-323
3.95252516673e-323
1.4907551397e-250
1.15145427991e-167
5.29649255877e-84
5.74194482031e-06
6.95299352219e-06
8.43961333816e-06
1.06783361318e-05
1.41181614495e-05
1.93282069229e-05
2.70224596215e-05
3.80836316284e-05
5.35838690749e-05
7.4801328876e-05
0.000103230570602
0.000140584087592
0.000188782241169
0.000249929204965
0.000326273139158
0.000420149609407
0.000533908194917
0.000669823267924
0.000829991046841
0.0010162161887
0.00122989233573
0.00147188208831
0.00174240275124
0.00204092479397
0.00236609018145
0.00271565748893
0.00308647995337
0.0034745213156
0.00387491249488
0.00428204989251
0.00468973357195
0.005091340895
0.00548002862364
0.00584895425798
0.0061915056989
0.00650152738375
0.00677353096754
0.00700287944747
0.00718593530052
0.00732016557619
0.00740419974121
0.00743783914595
0.00742201999557
0.00735873440632
0.00725091630076
0.00710230040753
0.00691726341949
0.0067006564447
0.00645763733436
0.00619351041335
0.00591357971876
0.00562302021918
0.00532676977368
0.00502944289676
0.0047352657713
0.00444803036289
0.00417106376473
0.00390720661938
0.00365879075082
0.00342759942926
0.00321478163438
0.0030206711
0.00284442639648
0.00268334801997
0.00253161921322
0.00237807880486
0.00220279255448
0.00197101662255
0.00172900811445
2.47032822921e-323
-9.88131291682e-324
2.96439387505e-323
-4.94065645841e-324
-3.95252516673e-323
1.48219693752e-323
4.94065645841e-323
1.48219693752e-323
-3.95252516673e-323
5.46522020246e-292
2.66585954275e-217
2.82323290873e-134
9.2568721474e-50
9.36280000616e-06
1.09674145594e-05
1.35521513906e-05
1.76928919296e-05
2.41119139022e-05
3.37203208799e-05
4.76537390871e-05
6.73024732253e-05
9.43360269829e-05
0.000130719517057
0.000178718427867
0.000240887967509
0.000320043671814
0.000419210656623
0.000541549924682
0.000690261341578
0.000868464280222
0.00107905846658
0.00132456919049
0.00160698269575
0.00192757912426
0.00228677172941
0.00268396204961
0.00311742119772
0.00358420724519
0.00408012776286
0.00459975487094
0.0051364976682
0.00568273374867
0.00622999785355
0.00676922180625
0.00729101606333
0.0077859798368
0.00824502415521
0.00865969072811
0.00902244926188
0.0093269570188
0.00956826683906
0.00974297334306
0.00984929126398
0.00988706442109
0.00985770830566
0.00976409321945
0.00961037806577
0.00940180704274
0.00914448254613
0.00884512759196
0.00851085015224
0.00814892015852
0.00776656780514
0.00737080941144
0.00696830469253
0.00656524701115
0.00616728614164
0.00577948128039
0.00540628033621
0.00505151948478
0.00471843356158
0.0044096611503
0.00412721512285
0.00387236540786
0.00364533586201
0.0034446153517
0.0032654068227
0.00309625876699
0.00291405912758
0.00267865059172
-2.47032822921e-323
-1.97626258336e-323
-9.88131291682e-324
0
-4.94065645841e-323
3.95252516673e-323
-1.48219693752e-323
3.45845952089e-323
-4.44659081257e-323
1.48219693752e-323
-7.41098468762e-323
1.2756168523e-241
7.5863305016e-159
1.16558698147e-83
1.28101453332e-05
1.45719300831e-05
1.75253973252e-05
2.25337480034e-05
3.05154388283e-05
4.26238201351e-05
6.03109220643e-05
8.53706668646e-05
0.000119973205155
0.000166688797772
0.000228496657425
0.000308773634559
0.000411258064795
0.000539985030342
0.00069919056127
0.000893183865471
0.0011261885124
0.00140215557625
0.00172455400576
0.00209614582547
0.00251875603615
0.00299304908799
0.00351832533979
0.00409235177417
0.00471124120989
0.00536939317386
0.00605950736655
0.00677267727089
0.00749856702816
0.00822566947365
0.00894163756012
0.00963367577359
0.0102889730987
0.0108951551632
0.0114407308512
0.0119155082509
0.0123109564243
0.012620493053
0.0128396831983
0.0129663407015
0.0130005305159
0.0129444768379
0.0128023876976
0.0125802112004
0.0122853415931
0.0119262946585
0.0115123717068
0.0110533298637
0.0105590737772
0.0100393806492
0.00950366702092
0.00896080231793
0.00841897107341
0.00788558317298
0.00736722949392
0.00686967887727
0.00639791113001
0.00595617881723
0.0055480862035
0.00517666421787
0.00484440260421
0.00455316524228
0.00430380082555
0.00409478769022
0.00391822878681
0.0037553967902
0.00358186052149
4.94065645841e-323
4.94065645841e-323
1.48219693752e-323
-4.94065645841e-324
-2.96439387505e-323
-2.47032822921e-323
4.44659081257e-323
9.88131291682e-324
-4.44659081257e-323
3.95252516673e-323
-3.95252516673e-323
5.13072384449e-267
3.37913712222e-184
1.13455703349e-100
1.26906306648e-14
1.97797286367e-05
2.29728949294e-05
2.90709268608e-05
3.91077069476e-05
5.45154300709e-05
7.71389670237e-05
0.000109282515939
0.000153753747322
0.000213896452318
0.000293604357463
0.000397308907654
0.000529934503862
0.000696815873485
0.000903573857664
0.00115594790802
0.00145958599994
0.00181979546556
0.00224126135022
0.00272774216263
0.0032817561206
0.00390427393683
0.00459443654919
0.00534931765877
0.00616375119071
0.00703024257178
0.00793897984299
0.00887795604523
0.0098332081515
0.0107891703835
0.0117291315641
0.0126357779176
0.0134917952407
0.0142804984691
0.0149864530927
0.0155960521515
0.0160980149044
0.0164837785529
0.016747762124
0.0168874909812
0.0169035804475
0.0167995866871
0.0165817413744
0.0162585930823
0.0158405823392
0.0153395788278
0.0147684084113
0.0141403949665
0.0134689379124
0.0127671414256
0.0120475061972
0.0113216896978
0.0106003366703
0.00989297826408
0.00920799602733
0.00855264594673
0.00793313770914
0.0073547648366
0.00682208130658
0.00633911872427
0.00590963595646
0.00553738946458
0.00522633470969
0.0049800393829
0.00479745683735
0.00466373615079
-3.45845952089e-323
-4.94065645841e-323
-2.47032822921e-323
-4.94065645841e-324
-1.48219693752e-323
-4.44659081257e-323
-2.96439387505e-323
-1.97626258336e-323
-4.44659081257e-323
0
2.47032822921e-323
2.47032822921e-323
7.33319470212e-267
4.81285902905e-184
6.06339710772e-109
5.11480691839e-23
2.67411459566e-05
3.02997593151e-05
3.78705324777e-05
5.06766404464e-05
7.04924363353e-05
9.96546637341e-05
0.000141112861966
0.000198484099862
0.000276095931581
0.000379006154904
0.000512989266927
0.000684480664039
0.000900471161275
0.0011683464135
0.00149566837608
0.00188989908737
0.00235807077426
0.00290641048232
0.00353993193921
0.0042620119071
0.00507397252521
0.00597469467683
0.006960289781
0.00802385814823
0.00915536073605
0.010341627478
0.0115665192058
0.0128112516456
0.0140548794512
0.0152749264611
0.0164481363497
0.0175513068032
0.0185621615631
0.0194602093121
0.0202275372612
0.0208494908074
0.0213151985568
0.0216179135692
0.0217551556376
0.0217286542394
0.0215441059108
0.0212107718207
0.0207409502109
0.0201493635876
0.0194525020123
0.0186679619132
0.0178138152022
0.0169080369762
0.0159680126274
0.0150101376009
0.0140495160417
0.013099758706
0.0121728761636
0.0112792607431
0.0104277500144
0.00962576587639
0.0088795264331
0.00819433273975
0.00757494008914
0.00702603888713
0.00655290252632
0.00616224624091
0.00586277485647
0.00566289036776
0.00556533438278
-3.95252516673e-323
1.48219693752e-323
-4.94065645841e-324
2.47032822921e-323
4.94065645841e-324
1.97626258336e-323
-4.44659081257e-323
-1.48219693752e-323
-4.94065645841e-323
9.88131291682e-324
4.94065645841e-323
-3.95252516673e-323
1.04259036359e-266
6.76639132498e-184
2.26809816359e-100
2.49444850559e-14
3.57002440699e-05
3.9988889789e-05
4.96918931927e-05
6.63182897745e-05
9.20892509674e-05
0.000129967559245
0.000183721057456
0.000257992119945
0.000358353515678
0.000491335328519
0.000664409413619
0.00088591938436
0.00116494598572
0.00151110016712
0.00193423937881
0.00244410666756
0.0030498970379
0.00375976116841
0.00458026271051
0.00551581170903
0.00656810271424
0.00773559134566
0.00901304677198
0.0103912191166
0.0118566595389
0.0133917261527
0.0149748007412
0.0165807294688
0.0181814859749
0.0197470383663
0.0212463841754
0.0226487011458
0.023924548715
0.0250470470931
0.0259929592302
0.0267436063033
0.0272855593359
0.0276110669483
0.0277182000685
0.0276107163251
0.0272976673594
0.0267927893423
0.0261137290744
0.0252811644824
0.0243178791332
0.0232478462975
0.022095370227
0.0208843220365
0.0196374962873
0.0183761032499
0.0171194018866
0.0158844705165
0.0146861063859
0.0135368421926
0.012447067153
0.0114252424772
0.0104782062581
0.00961157133125
0.00883023375802
0.00813903721993
0.00754369806938
0.00705214947672
0.00667607900061
0.00643097004022
0.00633582686482
-3.45845952089e-323
-2.47032822921e-323
1.97626258336e-323
-4.94065645841e-324
-1.97626258336e-323
-4.44659081257e-323
-4.94065645841e-323
3.45845952089e-323
3.45845952089e-323
-1.48219693752e-323
4.94065645841e-324
4.94065645841e-324
5.52193234197e-241
3.1763593253e-158
4.60165842922e-83
4.79572619813e-05
4.70984955072e-05
5.27390137456e-05
6.56074387851e-05
8.75765632562e-05
0.000121452040562
0.000170998554266
0.000241022356211
0.000337460967705
0.000467455409533
0.000639385683469
0.000862852168529
0.00114858723964
0.00150828353238
0.00195432821009
0.0024994365706
0.00315618349044
0.00393643756021
0.00485071020004
0.00590744029703
0.00711224355136
0.00846716416513
0.00996997400649
0.0116135700332
0.0133855235869
0.0152678341947
0.0172369348809
0.0192639851588
0.0213154717729
0.023354116487
0.0253400661302
0.0272323148597
0.0289902849033
0.0305754729363
0.0319530575525
0.0330933611166
0.0339730675815
0.0345761161081
0.0348942165713
0.034926964163
0.0346815625433
0.0341721946131
0.033419103832
0.0324474650046
0.0312861307661
0.0299663389753
0.0285204581878
0.026980835264
0.025378793106
0.023743809589
0.0221028926867
0.0204801528858
0.0188965630894
0.0173698887556
0.0159147671298
0.014542914038
0.0132634396274
0.0120832605592
0.0110076057918
0.010040627652
0.00918615513349
0.00844867689603
0.0078347016673
0.00735450525275
0.00702408923275
0.00687291703686
0.00695286107698
-3.45845952089e-323
2.47032822921e-323
-4.94065645841e-323
0
-3.45845952089e-323
-4.44659081257e-323
2.47032822921e-323
4.94065645841e-323
-3.45845952089e-323
-4.44659081257e-323
5.14933955131e-291
2.2994339859e-216
2.31233679161e-133
7.26444565185e-49
6.12056225957e-05
6.13713136846e-05
6.95597920483e-05
8.71593301838e-05
0.000116636133541
0.000161574355939
0.000226767788671
0.000318338115931
0.000443852323326
0.000612415318484
0.000834715306171
0.00112300043058
0.00149096659115
0.00195353858252
0.00252653013222
0.00322617328209
0.00406851405586
0.00506867951393
0.00624003100229
0.00759322935749
0.00913524951694
0.0108683936613
0.0127893626916
0.0148884542914
0.0171489606423
0.0195468385895
0.022050718328
0.0246223025226
0.0272171858737
0.0297860961222
0.0322765232165
0.0346346668973
0.0368075984071
0.0387455040408
0.0404038612506
0.0417453953151
0.0427416776765
0.0433742550637
0.0436352382875
0.0435273261057
0.0430632869021
0.0422649633248
0.0411618978429
0.0397896975615
0.0381882637552
0.036400006488
0.0344681497964
0.0324352114223
0.0303417163331
0.0282251783014
0.0261193610327
0.0240538113658
0.0220536428446
0.0201395387322
0.0183279391333
0.0166313768173
0.0150589298984
0.0136167660335
0.0123087615803
0.0111371897491
0.0101034851518
0.00920911263605
0.00845658264245
0.00785055363659
0.00739868651983
0.00711280629592
0.00701137914963
2.47032822921e-323
3.45845952089e-323
-3.95252516673e-323
-2.47032822921e-323
-2.47032822921e-323
-4.94065645841e-324
4.94065645841e-324
-9.88131291682e-324
2.47032822921e-323
-3.45845952089e-323
2.8513343187e-249
2.03136412637e-166
8.68651664585e-83
8.56787154524e-05
7.76528135872e-05
7.96800421088e-05
9.20149557434e-05
0.000116576533455
0.000156575510238
0.000216601362852
0.000302760235234
0.000422833029234
0.000586426035799
0.000805087586739
0.00109236421751
0.00146376993955
0.00193664320687
0.00252986845014
0.00326344298892
0.00415787602862
0.00523341452481
0.00650910103439
0.00800168117569
0.00972439267029
0.0116856835403
0.0138879229746
0.0163261833818
0.0189871845609
0.0218484987826
0.0248781167017
0.0280344663158
0.0312669589217
0.0345171064301
0.0377202140451
0.0408076036534
0.0437092707012
0.0463568270349
0.04868654129
0.0506422638637
0.0521780205426
0.0532600797588
0.0538683417262
0.053996958127
0.0536541605305
0.0528613449427
0.0516515199685
0.0500672702384
0.0481584112943
0.0459795166346
0.0435874844927
0.0410392855047
0.0383899979207
0.0356911995467
0.032989749531
0.0303269616044
0.0277381453838
0.0252524746491
0.022893130978
0.0206776670235
0.0186185348847
0.0167237300692
0.0149975089095
0.013441145256
0.01205369847
0.0108327662295
0.00977518787792
0.00887762893604
0.00813685670988
0.00754930565786
0.00710997666376
0.00681398056106
0.00658029003262
-4.44659081257e-323
-3.45845952089e-323
-2.47032822921e-323
1.48219693752e-323
-9.88131291682e-324
-4.44659081257e-323
2.47032822921e-323
0
5.07172731967e-266
1.17990358563e-191
3.18273420427e-108
2.36227295169e-22
0.000102430693678
9.74819033696e-05
0.00010346675624
0.000122377005286
0.000157043703074
0.000211692174895
0.000292212256141
0.000406375059738
0.000564042170173
0.0007773553967
0.00106088063069
0.00143167494138
0.0019092446141
0.00251536224542
0.00327371330677
0.00420934708363
0.00534791395096
0.00671468085095
0.00833332975179
0.0102245597462
0.0124045319944
0.0148832172754
0.0176627274045
0.0207357326125
0.0240840849746
0.0276777804082
0.0314743954604
0.0354191268073
0.0394455382459
0.0434770802928
0.0474293916235
0.0512133226269
0.054738545627
0.0579175430856
0.06066970541
0.0629252347459
0.0646285485962
0.0657409107811
0.0662420844536
0.066130893938
0.0654246859445
0.0641577813882
0.0623790930857
0.0601491423201
0.0575367342123
0.0546155488487
0.0514608772279
0.0481466858865
0.0447431398872
0.0413146583324
0.0379185257268
0.0346040403442
0.0314121492312
0.0283754989619
0.0255188208227
0.0228595670844
0.0204087193346
0.0181716982026
0.0161493138432
0.0143387056458
0.0127342245275
0.0113282073067
0.0101115723849
0.00907411138323
0.00820422785728
0.00748767388156
0.00690472479968
0.00642479336951
0.00598672664305
-1.97626258336e-323
-2.47032822921e-323
4.44659081257e-323
-3.95252516673e-323
4.44659081257e-323
1.97626258336e-323
4.94065645841e-324
8.43684275068e-266
4.6748526264e-183
1.30591440494e-99
1.20074568991e-13
0.000140771541992
0.000125500422774
0.000123190599491
0.000135276674912
0.000164001844821
0.000213050672559
0.00028789597111
0.00039607450743
0.000547451158031
0.000754477279225
0.00103242260878
0.00139954851662
0.00187718517431
0.00248967294079
0.00326412823706
0.00422999652149
0.00541836007814
0.00686097665568
0.0085890369603
0.0106316448867
0.013014044239
0.0157556393232
0.0188678835298
0.0223521386662
0.0261976364098
0.0303796990319
0.0348583957733
0.0395778193994
0.0444661595413
0.0494367207713
0.0543899807253
0.0592167065542
0.0638020504149
0.0680304355703
0.0717909378887
0.0749827802929
0.0775205072407
0.079338405716
0.0803937937577
0.0806689023976
0.0801712174327
0.0789323022523
0.0770052684152
0.0744611762962
0.0713847204482
0.0678695788044
0.0640137853201
0.0599154319979
0.0556689313832
0.0513619875744
0.047073343582
0.0428713034306
0.0388129732246
0.0349441280446
0.0312995902222
0.0279039969976
0.0247728386933
0.0219136590364
0.0193273238084
0.0170092794873
0.0149507369287
0.0131397231236
0.0115619427157
0.0102013743088
0.00904048352052
0.0080598507599
0.00723689583108
0.00654331671521
0.00594081265919
0.0053739852203
0.00476838232252
-1.48219693752e-323
2.47032822921e-323
-3.95252516673e-323
1.48219693752e-323
4.94065645841e-324
2.29026448865e-207
2.62343612223e-124
1.70678797903e-39
0.000249416506876
0.000198405639107
0.000167172099496
0.000153325926119
0.000156688314951
0.000178480458354
0.000221562859165
0.000290760121782
0.000393148526822
0.000538350678778
0.000738846655221
0.00101028468226
0.00137175918481
0.00184601544392
0.00245953498849
0.0032424531307
0.00422825967713
0.00545323621729
0.00695558908977
0.00877424678211
0.0109473047173
0.0135101195736
0.0164930797344
0.0199191081132
0.023800987895
0.0281386394326
0.0329165154042
0.0381013178868
0.0436402702618
0.0494601924595
0.055467622448
0.0615501925746
0.0675794004188
0.073414808191
0.0789095668014
0.0839170031673
0.0882978531112
0.0919275942421
0.0947032608963
0.0965491274772
0.0974207352339
0.097306901795
0.0962295678487
0.0942415658978
0.0914226045326
0.0878739173139
0.0837121102604
0.0790627532926
0.0740542090239
0.0688120955119
0.063454659395
0.0580892119526
0.0528096682562
0.0476951383585
0.0428094536639
0.0382014712272
0.0339059808514
0.02994503994
0.0263295740223
0.023061101766
0.020133467696
0.0175344900244
0.0152474518435
0.0132523787674
0.0115270525803
0.0100477060512
0.00878932582626
0.00772545914824
0.00682739862408
0.00606268330649
0.00539314443675
0.00477349410667
0.00415345224514
0.00346777091552
0.00279711659658
2.96439387505e-323
-9.88131291682e-324
4.40727719252e-290
0.00071518411068
0.000510721992987
0.000373481358691
0.000282855864049
0.000226323707465
0.000195946050593
0.000187887634241
0.000201353387803
0.000237920070894
0.00030148520464
0.000398439805209
0.000537938015356
0.000732230562074
0.000997034913393
0.00135190706049
0.00182057150097
0.00243115919108
0.00321629807971
0.00421299756555
0.00546226736425
0.00700841354839
0.00889796072391
0.0111781602535
0.0138950609305
0.0170911412454
0.0208025319246
0.0250558939948
0.0298650609663
0.0352276027049
0.0411215207991
0.0475023365341
0.0543008765438
0.0614220889351
0.0687452230847
0.0761256673865
0.0833986505082
0.0903848678261
0.09689789995
0.102753062119
0.107777093496
0.111817906415
0.114753511609
0.116499249872
0.117012605302
0.116295133737
0.1143913699
0.111384919508
0.107392238528
0.102554805101
0.0970304783042
0.0909848152458
0.0845830067787
0.0779829258848
0.0713295957009
0.0647512050293
0.0583566475858
0.0522344474508
0.046452859439
0.0410608960147
0.0360900253102
0.0315562997976
0.0274627043771
0.0238015492161
0.020556771009
0.017706042274
0.0152226189535
0.0130768801577
0.0112375296959
0.00967243749747
0.00834910230762
0.00723472273919
0.0062958938468
0.0054980514655
0.00480506144288
0.00417992689422
0.00358827933242
0.00300383217927
0.00242826427432
0.00187503405074
0.00139618089753
0.00100713898076
0.000692184913386
0.000511139494682
0.000384361366546
0.000300382597992
0.000250473732273
0.000228852608629
0.000232772034871
0.000262337493506
0.000320351524633
0.000412363988078
0.000546889717013
0.000735741098993
0.000994437931143
0.00134265679753
0.00180467577837
0.00240976252294
0.00319244641145
0.00419260941749
0.00545532601868
0.00703038089219
0.0089713950907
0.0113344978971
0.0141764936256
0.0175524913175
0.0215129916006
0.0261004598991
0.0313454594426
0.0372624713601
0.0438455918885
0.0510643661098
0.0588600889683
0.0671429695953
0.0757906021531
0.084648199363
0.09353100478
0.102229188576
0.110515337335
0.118154373548
0.124915408771
0.130584693841
0.134978547726
0.137954995417
0.139422879414
0.139347445903
0.137751815321
0.134714254481
0.130361676102
0.124860206416
0.1184039156
0.111202875903
0.103471616834
0.0954188330975
0.0872389266506
0.0791056826667
0.0711681296013
0.0635484388148
0.0563415872695
0.0496164345916
0.0434178435725
0.0377694884663
0.0326770354611
0.0281314332511
0.0241121097628
0.0205899272498
0.0175297978908
0.0148929033671
0.0126384939099
0.0107252657102
0.00911233254861
0.00775982207681
0.00662914708619
0.00568304136648
0.0048855310473
0.00420216619742
0.00360107172572
0.00305544706184
0.00254700257658
0.00206973923821
0.00163260714026
0.00125222034728
0.000937666297677
0.000629609238862
0.000481835219259
0.000377862594857
0.000311267560933
0.000276823122658
0.000271340687479
0.000294083996436
0.000346976060977
0.000434769553468
0.000565291602722
0.000749795128835
0.00100340606993
0.00134563914113
0.00180094388028
0.00239923229962
0.00317632934191
0.00417427811775
0.00544142411425
0.00703219689821
0.00900650517133
0.011428662396
0.0143657667082
0.0178854716813
0.0220531050212
0.0269281218839
0.0325599197401
0.038983094046
0.0462122795554
0.054236801159
0.0630154491057
0.072471791603
0.0824905336755
0.0929155090096
0.103549928333
0.114159474618
0.124478701205
0.134220930063
0.14309146015
0.150803410805
0.157095014978
0.161746750952
0.164596478208
0.165550813339
0.164591370013
0.161775136324
0.157229046431
0.151139557283
0.143738613349
0.135287677809
0.12606151178
0.116333146845
0.106361111943
0.0963795401538
0.0865913724362
0.0771645435243
0.0682308013324
0.0598866751091
0.0521960552325
0.045193858863
0.0388903096662
0.0332754377328
0.0283234928067
0.0239970492743
0.0202506581755
0.0170339660396
0.0142942713722
0.0119785276911
0.0100348291162
0.00841343383362
0.00706739649108
0.00595289833455
0.00502939028757
0.00425970504085
0.00361034965648
0.00305223365556
0.00256198037795
0.00212341174776
0.00172851645534
0.00137809740854
0.00107653091026
0.00082685414062
0.000558106896733
0.000445720634075
0.000369605733854
0.000326418725868
0.000313807615503
0.000331147075659
0.000380047449599
0.000464753149653
0.000592520200926
0.000774040286222
0.00102394394348
0.00136138210408
0.001810662852
0.00240190434676
0.00317165103521
0.00416338755171
0.00542787325036
0.00702321059147
0.00901455330791
0.0114733563136
0.0144760697654
0.018102185756
0.0224315591726
0.0275409459096
0.0334997337603
0.040364886185
0.0481751792949
0.0569448903255
0.0666571934976
0.0772576365324
0.0886482044388
0.100682616367
0.113163626658
0.125843180913
0.138426267908
0.150579157123
0.161942373394
0.172148216225
0.180841917334
0.187704755732
0.192476793421
0.194976558583
0.195115137946
0.192902779667
0.188447146552
0.181943575243
0.173658813519
0.163910480128
0.153044790104
0.141414928391
0.129361961286
0.117199518399
0.105202812455
0.0936019977486
0.0825794537601
0.0722703274492
0.0627655569064
0.054116597366
0.046341142552
0.0394292480838
0.0333493940334
0.0280541528308
0.023485245291
0.0195778655478
0.0162642330711
0.0134763873492
0.0111482806263
0.00921724972732
0.00762496349512
0.00631795182534
0.00524782960407
0.00437133669107
0.00365032303519
0.00305180949752
0.0025482292924
0.00211784870735
0.00174512462338
0.00142064729002
0.00114055671571
0.000903851333631
0.000710053355604
0.000495557608562
0.000417876806733
0.000371671629553
0.000355831667206
0.000370426833858
0.000417292740994
0.000500555441096
0.000627134607547
0.000807266207611
0.00105507976053
0.0013892487828
0.00183370986047
0.00241842513236
0.00318014559564
0.00416311683147
0.00541965395691
0.00701049912721
0.00900486330537
0.0114800450282
0.0145205134538
0.0182163421683
0.0226608852918
0.0279475998511
0.0341659400187
0.0413962820515
0.0497038867036
0.0591319724576
0.0696940626643
0.0813658871595
0.0940772672994
0.107704591654
0.12206468877
0.136911100819
0.151933915448
0.166764357857
0.180985196891
0.194147591412
0.205794243998
0.215487670519
0.222841199602
0.227549282278
0.229413170476
0.228358272613
0.224440555568
0.217841034991
0.208849294969
0.197838632647
0.185236434278
0.171493589919
0.157056246907
0.14234225959
0.127723617307
0.113515159107
0.099969142759
0.0872747651715
0.0755615067628
0.0649051388091
0.0553353279267
0.0468439398934
0.0393933424645
0.0329242034071
0.0273624570686
0.022625260918
0.0186258795334
0.0152775186358
0.0124961895995
0.0102027202627
0.00832404605504
0.00679392151561
0.0055531905651
0.00454974771863
0.00373831328332
0.00308013239391
0.00254268591943
0.00209946139661
0.0017297602085
0.00141841684391
0.0011552697822
0.000934288869981
0.000752045918853
0.000606374495807
0.000452274792589
0.000408246023959
0.000393371503706
0.000408456178385
0.000455789997225
0.000539655336906
0.000666867535087
0.000847357564195
0.00109481269347
0.00142738930284
0.00186850231621
0.00244767883964
0.00320144529702
0.00417419978716
0.00541900440274
0.00699821592077
0.00898385810983
0.0114576255993
0.0145103986237
0.0182411408963
0.0227550504176
0.0281608363687
0.034567005864
0.0420770642525
0.0507835646823
0.0607609908262
0.0720575266184
0.0846858658081
0.0986133506583
0.11375191157
0.129948512674
0.146977088249
0.164533258738
0.182233391307
0.199619726204
0.216173192634
0.231335028848
0.24453727576
0.255240633623
0.262976292541
0.267386672642
0.268259172265
0.265547479391
0.259376776909
0.25003188606
0.237930383498
0.22358518956
0.207562385825
0.19043989171
0.172771433834
0.155058540942
0.137731609114
0.121139732389
0.105548104959
0.0911413511373
0.0780310335806
0.0662657153098
0.0558422048766
0.0467169188199
0.0388165991111
0.0320478947154
0.0263055409796
0.0214790443184
0.0174579052568
0.0141354965225
0.0114117623363
0.00919492821269
0.00740241482267
0.00596114105928
0.00480738532485
0.00388635363453
0.00315158006743
0.00256425928657
0.00209258063289
0.0017110961244
0.00140010980317
0.00114503315805
0.000935641985123
0.000765201196144
0.000629441696658
0.000525687458945
0.000434383771176
0.000423741834977
0.000442221018574
0.000492493303011
0.000579064062798
0.000708768381174
0.000891350967106
0.00114012942802
0.00147274478898
0.00191200084467
0.00248678580623
0.00323305564355
0.00419484167485
0.00542522733735
0.00698722128305
0.00895443645926
0.0114114683384
0.0144538507377
0.0181874555207
0.022727193714
0.0281948710892
0.0347160520313
0.0424157928559
0.0514131216163
0.0618141689302
0.0737038983325
0.087136452564
0.102124234592
0.118625993026
0.136534397343
0.155663884258
0.175739939791
0.196391437471
0.217148125452
0.237445722106
0.256641134891
0.274039782244
0.288935597761
0.300661929501
0.308648526001
0.312476991854
0.311925696969
0.306995974667
0.297914447313
0.285110743956
0.269174634916
0.250800314669
0.230727004215
0.209684080834
0.188346430219
0.1673027796
0.147037245806
0.127922599741
0.110222831497
0.0941023326008
0.079639174551
0.0668403593999
0.0556574028229
0.0460010895341
0.0377546635355
0.0307850593022
0.0249520409076
0.0201153008783
0.0161396907132
0.0128988235827
0.0102773193855
0.0081719643188
0.00649204079457
0.00515905631678
0.00410606723881
0.00327675877242
0.00262440817339
0.00211082437167
0.00170532439977
0.00138377488015
0.00112769745427
0.000923416589117
0.000761226636496
0.00063457356142
0.000539278381829
0.000472912495524
0.000445846773076
0.000469639199115
0.000524712718793
0.0006157073306
0.000749477608071
0.000935624529647
0.001187139078
0.0015211551323
0.00195980982349
0.00253120530769
0.00327045728495
0.00422080229112
0.0054347194598
0.00697500465828
0.00891571650254
0.0113428954518
0.0143549397363
0.0180625060684
0.0225877896516
0.02806302755
0.0346280626127
0.0424268024345
0.0516024101708
0.0622910729876
0.0746142124516
0.0886690345937
0.104517374733
0.12217288756
0.14158678716
0.162632582178
0.185090610179
0.208633681322
0.232815802844
0.257066728363
0.280695815779
0.302909087724
0.322842994565
0.3396166097
0.352400454348
0.360495172879
0.363408366071
0.360915443871
0.353092038211
0.340310665357
0.323201531145
0.302585044462
0.279389347045
0.25456750229
0.229026089536
0.20357197706
0.178879184891
0.155474212195
0.1337362529
0.113908074771
0.0961135413923
0.0803784060088
0.0666518100851
0.0548267022898
0.0447580675231
0.0362783892961
0.0292101629521
0.0233755484522
0.0186034221729
0.0147341802467
0.0116226821955
0.00913972050783
0.0071723734546
0.0056235556731
0.00441103180214
0.00346610815861
0.00273216952921
0.00216318442304
0.00172226333428
0.00138032093666
0.0011148650196
0.000908913611358
0.000750029618923
0.000629461825333
0.000541391270701
0.000482299832588
0.000450499923793
0.00048959092105
0.000550372212434
0.000646763148013
0.000785562524893
0.000976202484681
0.00123134556184
0.00156761033266
0.00200642273992
0.002574988043
0.00330737224682
0.00424567212778
0.005441239478
0.00695590884286
0.00886316001285
0.0112491277563
0.0142133525382
0.0178691480341
0.0223434448323
0.0277759553682
0.03431749317
0.042127270039
0.0513689877905
0.0622055367383
0.0747921119305
0.0892675623725
0.105743803088
0.124293154641
0.144933546762
0.1676116598
0.192184321172
0.218398879624
0.245873913171
0.274082543259
0.302341831635
0.329813098645
0.355519140282
0.378384478174
0.397302823812
0.411230772491
0.419298353403
0.420918003831
0.415868994396
0.404338031603
0.386905715127
0.364480011836
0.33819044878
0.309266237189
0.278921907887
0.248266775486
0.218245060345
0.189605843738
0.162897587577
0.138480329973
0.116548884161
0.0971614983417
0.0802698447546
0.0657475453443
0.0534155538788
0.0430635619322
0.0344671976484
0.0274011832026
0.0216488551596
0.017008573288
0.0132975826636
0.0103538787098
0.00803657626019
0.0062252173038
0.0048183788294
0.00373186956072
0.00289673702046
0.00225724682454
0.00176894543486
0.00139687588996
0.00111398294826
0.000899719246496
0.000738847423502
0.000620424823191
0.000536956934478
0.000483711393154
0.000458193409798
0.000459790656664
0.00056805149342
0.000669885754645
0.000813842486947
0.00100912648358
0.0012680377033
0.00160665114597
0.00204563607437
0.00261121124506
0.00333622866546
0.00426137077596
0.00543643512743
0.00692166664559
0.00878908106832
0.0111237050481
0.014024639618
0.0176058350432
0.0219964472528
0.0273406296527
0.0337965994552
0.0415348046274
0.050735005645
0.0615820744992
0.0742603007292
0.0889459798479
0.105798043782
0.124946479125
0.146478275814
0.170420674331
0.196721566743
0.225227111298
0.255657026697
0.287578759009
0.320382902112
0.353264019213
0.385213338595
0.41503230033
0.441377533238
0.462846473475
0.478105733169
0.486049956903
0.485961103605
0.477628827898
0.461402193864
0.438158674456
0.409193447893
0.376052775188
0.340353264582
0.30362561033
0.267204156377
0.232166077983
0.199312863259
0.169182376449
0.142079802584
0.118117882355
0.0972595087645
0.079358194017
0.0641938419641
0.051502650806
0.0410009016619
0.0324029663599
0.0254341901298
0.0198394510023
0.0153882276004
0.0118769643745
0.00912943929355
0.00699573522791
0.00535030731956
0.00408953399856
0.00312904461226
0.002401034776
0.00185171251542
0.0014389637509
0.00113028364438
0.000900989445996
0.000732709371005
0.000612129471136
0.000529975235591
0.000480205271223
0.000459398957144
0.000466326201501
0.000501692240637
0.000683329734495
0.000831661198139
0.00103083639723
0.00129274631512
0.00163288335288
0.00207111303754
0.00263259208286
0.00334882861488
0.00425887475155
0.00541063296115
0.00686224595011
0.0086835254596
0.0109573588313
0.0137810143567
0.0172672481115
0.0215450970111
0.0267602258657
0.0330746806907
0.0406658864303
0.049724713987
0.0604524277346
0.0730563084472
0.0877437250668
0.104714398948
0.124150563592
0.146204671067
0.170984238029
0.198533374275
0.228810528152
0.26166208011
0.296791730714
0.333726345009
0.371780297309
0.410022739968
0.447255874809
0.48201713196
0.512622969552
0.537273448019
0.554228582943
0.562043049438
0.559808236984
0.547328495923
0.525187790635
0.49469031139
0.457678581755
0.416267069221
0.372571648071
0.328499441462
0.285622925706
0.245131110248
0.207837033972
0.174219501146
0.14448122277
0.118611030948
0.0964426414777
0.0777059974774
0.0620696054391
0.0491737418979
0.0386552376481
0.0301649553528
0.0233792213245
0.0180064586055
0.0137901653741
0.0105092347608
0.007976447854
0.00603580884114
0.00455924050008
0.00344302547976
0.00260426650282
0.00197754705953
0.00151190218913
0.00116815454615
0.000916631725814
0.000735254310346
0.000607967969381
0.000523485106215
0.000474300061598
0.000455944897216
0.000466458460573
0.000506048039359
0.00057692870765
0.00083709633119
0.00103851113776
0.00130170129359
0.00164153621403
0.00207703356767
0.00263222535556
0.00333717454246
0.00422913671594
0.00535385453112
0.00676696312562
0.00853547249725
0.0107392783588
0.013472636789
0.0168455208724
0.0209847603217
0.0260348485945
0.0321582868655
0.039535320635
0.0483629124501
0.0588527820568
0.0712283311927
0.0857202507989
0.102560579018
0.121974933079
0.144172570298
0.169333836786
0.19759443376
0.22902577566
0.263610554438
0.301212518957
0.341539551004
0.38409960581
0.428150396913
0.472646491942
0.516192617925
0.55702023605
0.593015462141
0.621836070486
0.641151566747
0.649001785675
0.644184927449
0.626519271759
0.596927287365
0.557334115813
0.51037345803
0.458947924521
0.405817567476
0.353325848953
0.303275746366
0.256919116054
0.215013545102
0.177910076889
0.145647918968
0.118042753463
0.0947624077892
0.0753879504656
0.059460632214
0.0465162354694
0.0361088353016
0.02782602953
0.0212975527362
0.016198954681
0.0122517579276
0.00922124509657
0.00691278089529
0.00516735687558
0.00385686150701
0.00287942510368
0.00215506681503
0.00162177640994
0.00123209339489
0.000950196283094
0.000749481812807
0.000610594117134
0.000519854190235
0.000468037824853
0.000449453248548
0.000461276015264
0.000503106672308
0.000576724964517
0.000686021784724
0.00103033379393
0.00129222251331
0.00162897965705
0.0020587358184
0.00260434829308
0.00329435882521
0.00416410356219
0.00525696795779
0.0066257718458
0.00833425983319
0.0104586598079
0.013089258151
0.0163319248168
0.0203095056114
0.0251629836166
0.0310522976046
0.0381566929898
0.0466744705303
0.0568219890324
0.0688317691675
0.0829495333133
0.099429996477
0.118531189184
0.140507035695
0.16559781827
0.194018016354
0.225940803307
0.261478199599
0.300655518296
0.343378323357
0.389389747778
0.438215920767
0.489097934973
0.540911232504
0.59207924723
0.640500259658
0.683527476666
0.718071244166
0.740912084856
0.749269250721
0.741475508963
0.7173551489
0.678315224617
0.627195827131
0.567813876784
0.504191129027
0.439915324182
0.377808938817
0.319855196246
0.267274626886
0.220665963553
0.180159247794
0.145555266569
0.116441349239
0.0922819036186
0.0724858845103
0.0564547814555
0.0436149288268
0.0334376443914
0.025450220183
0.0192402729396
0.014455474737
0.0108002517731
0.00803066698145
0.00594838946048
0.00439439680641
0.00324285019965
0.00239542082877
0.00177622395653
0.00132742761529
0.00100554075352
0.000778345208046
0.000622412273146
0.000521133645175
0.00046319458496
0.000441421352484
0.000451942999858
0.00049361762045
0.000567683737493
0.0006776076353
0.00082910638382
0.00126299174705
0.00159312043315
0.00201324736431
0.00254501471088
0.00321538788407
0.0040576977144
0.00511283392753
0.00643058063799
0.0080710765249
0.0101063720769
0.0126220441359
0.0157188144508
0.0195141047913
0.0241434472205
0.0297616553186
0.0365436513169
0.0446848358041
0.054400880986
0.0659268247065
0.0795153387086
0.0954340375531
0.113961678667
0.135383070885
0.159982446684
0.188034945347
0.219795677902
0.255485569776
0.295272765969
0.339247793011
0.38738986479
0.439520694509
0.495241045238
0.553844418805
0.614202813464
0.674623857489
0.732692078097
0.785139259917
0.827852925696
0.856226523406
0.866085139576
0.855025700716
0.822872322687
0.771706791866
0.705719201743
0.630594350131
0.551990260861
0.474535316159
0.401513800927
0.334956415456
0.275887836305
0.224596624074
0.180871352273
0.144187319912
0.113845595138
0.0890720361993
0.0690848492588
0.053138322109
0.0405489875359
0.030709139521
0.0230915018607
0.0172479436484
0.0128044182835
0.00945373551716
0.00694732862911
0.00508682764759
0.0037159768551
0.00271322684846
0.00198517682235
0.00146093180833
0.00108736378632
0.000825217382004
0.000645973727736
0.000529374435214
0.000461506903694
0.000433358674037
0.000439759361593
0.000478641687783
0.000550566691271
0.000658471221155
0.000807607558656
0.00100565504517
0.00153362005626
0.00193962273979
0.00245257002512
0.00309781017022
0.00390661202261
0.00491728035674
0.00617641890573
0.00774032962542
0.00967652837691
0.0120653470189
0.0150015802845
0.0185961233927
0.0229775339172
0.0282934399482
0.0347117070299
0.0424212696611
0.0516325299211
0.0625772261755
0.0755076781462
0.0906953190121
0.108428427168
0.129008963912
0.152748399658
0.179962356681
0.21096379084
0.246054248483
0.285512424318
0.329578747142
0.378433940294
0.432168313144
0.490736772928
0.553892031691
0.621085167403
0.691319013964
0.762937736976
0.833341545298
0.898646159941
0.953406962705
0.990787752613
1.00400576843
0.989591735906
0.94742645731
0.880444417218
0.794744939479
0.699247195392
0.60207139947
0.509059895597
0.423782072604
0.34803344372
0.282376260504
0.226580824278
0.179948661465
0.141536135334
0.110303280382
0.0852092395996
0.0652704915496
0.0495935140146
0.0373901201466
0.027981281668
0.0207935598762
0.0153510711441
0.0112650562436
0.00822249490246
0.00597474048135
0.00432680142421
0.00312763793117
0.00226165441273
0.00164143591468
0.00120168800887
0.000894284746574
0.000684299856099
0.000546885463847
0.000464864522535
0.000426913299525
0.00042622521729
0.000459564464744
0.00052663528218
0.000629709434121
0.000773469354107
0.000965037341668
0.00121417182516
0.00183903968088
0.00232785382142
0.00294204749938
0.00371079083588
0.00466975266361
0.00586227416479
0.00734068379429
0.00916773978361
0.0114181781072
0.0141803339463
0.0175577939205
0.0216710253795
0.0266589187643
0.0326801704875
0.0399144280484
0.0485631172192
0.0588498738729
0.0710205106851
0.0853424610935
0.102103657976
0.121610819456
0.144187123731
0.170169250401
0.199903734438
0.233742500313
0.272037286361
0.315132382969
0.363354611273
0.416998628959
0.476304248126
0.54142013124
0.612344429881
0.688826793041
0.77020652497
0.855147270916
0.941209595545
1.02418832004
1.09718851166
1.14980398562
1.16954911052
1.15197781348
1.09739580187
1.00948707001
0.896504044618
0.773928713111
0.653582019098
0.542379232827
0.44362770567
0.358358475965
0.286275680818
0.226369650592
0.177296229136
0.137604942846
0.105872123545
0.0807747990036
0.0611276973496
0.0458973012193
0.0342017625411
0.0253023651446
0.0185902800513
0.0135711085103
0.00984887056959
0.00711051501306
0.00511161166986
0.00366358884599
0.00262266620469
0.00188048644164
0.00135635268414
0.000990920915629
0.000741168170681
0.000576449681473
0.000475464938715
0.000423968457727
0.000413081836061
0.000438086457335
0.000497598854506
0.000593051943019
0.000728424274462
0.000910175749762
0.00114736174128
0.00145190834801
0.00217410588738
0.00275138192166
0.00347352233069
0.00437353579034
0.00549146697567
0.00687561058973
0.00858385741217
0.0106851564469
0.0132610689836
0.0164073811237
0.0202357316575
0.0248752029243
0.030473814425
0.0371998536384
0.0452429769078
0.0548150166043
0.0661504399723
0.0795064207337
0.0951625066487
0.113419893884
0.134600350178
0.159044859524
0.187112085248
0.219176755982
0.255628054311
0.296868004808
0.343309673216
0.39537462488
0.453488411096
0.518071604993
0.589521628018
0.668176429873
0.754243414248
0.847662885642
0.947848965089
1.0531991399
1.16014851238
1.26125833492
1.34128718962
1.37216470982
1.35179260687
1.28230136756
1.16693118792
1.01328051322
0.853644579901
0.704540303531
0.572616490577
0.459636264651
0.365004361244
0.287052541651
0.223707307935
0.172835142629
0.132415782453
0.100623043144
0.0758555629062
0.056740238791
0.0421208562813
0.0310390066417
0.022711480431
0.016506694851
0.0119217400102
0.00856100857839
0.00611695393075
0.00435322873548
0.00309025018971
0.00219309751923
0.00156155721431
0.00112208052527
0.000821396560429
0.000621524797873
0.000495946051328
0.000426715254515
0.00040232841092
0.000416186406677
0.000465527823113
0.000550729969429
0.000674901288136
0.000843708735747
0.00106540068889
0.0013509995329
0.00171464860785
0.00253161025318
0.00320113484726
0.00403551674839
0.00507150487073
0.00635335875767
0.00793408271057
0.00987677986435
0.0122561081602
0.0151598122326
0.018690296726
0.0229661981693
0.0281239051526
0.0343189712451
0.0417273630916
0.0505464887436
0.0609959598343
0.0733180568694
0.0877778906051
0.104663284771
0.124284446205
0.146973537157
0.173084319444
0.20299209866
0.237094254426
0.275811692793
0.319591587493
0.368911766224
0.424287004195
0.486277223815
0.555496986598
0.632624318352
0.718404023415
0.813634559446
0.919115095506
1.03550526606
1.16300578605
1.30066688564
1.44461031957
1.58021141973
1.62542838138
1.60176219875
1.51630480732
1.36870856351
1.1454892226
0.93441870999
0.750985108574
0.596854192364
0.469931396168
0.366885583029
0.28415318762
0.218368148136
0.166525104473
0.126021146549
0.0946450859264
0.0705454546214
0.0521909811093
0.0383296280596
0.0279489801853
0.0202393322366
0.0145601543022
0.0104102502151
0.00740169529793
0.00523747540054
0.00369262773399
0.00259859813785
0.00183047562773
0.0012967396289
0.000931153505293
0.000686454422235
0.00052951873108
0.000437718885585
0.000396228144484
0.000396069700819
0.000432745092097
0.000505311335347
0.00061580645009
0.000768948652522
0.000972055647593
0.00123514743733
0.00157120931786
0.00199660168095
0.0029023553344
0.00366553343342
0.00461344344059
0.00578635146879
0.00723242565546
0.00900896854422
0.0111837546975
0.0138364534889
0.0170601095598
0.0209626458026
0.0256683466978
0.0313192743447
0.0380765667137
0.0461215688111
0.0556567539654
0.066906405775
0.0801170527311
0.0955576784321
0.113519771696
0.134317333615
0.158287023545
0.185788704015
0.217206736997
0.252952493479
0.293468669108
0.339236158406
0.390784440367
0.448706685151
0.513681122698
0.586500622717
0.668112855547
0.759673527292
0.86261398624
0.978719302234
1.11020019736
1.25974372682
1.43081534919
1.63112688565
1.75370643079
1.79565734863
1.76512076458
1.66792744863
1.50660378517
1.28199480691
1.00555951378
0.786146856016
0.611122400115
0.47232817573
0.362901357962
0.277101786909
0.210214143978
0.15839427683
0.118517539976
0.0880505433315
0.0649468693081
0.0475620891879
0.034583523108
0.0249714036734
0.0179091926489
0.0127615423087
0.00903883826661
0.00636750508806
0.00446538152198
0.00312153620696
0.00217993325851
0.00152639045264
0.00107831029619
0.000776708982742
0.000580119210222
0.000459997507446
0.000397322085719
0.000380120602983
0.000401716562003
0.000459527064033
0.000554282688179
0.000689572289129
0.00087164180289
0.00110939724433
0.00141457858982
0.0018020837807
0.00229043122012
0.00327541887566
0.00413086073459
0.00519010836995
0.00649659521469
0.00810194702522
0.0100671900753
0.0124640475135
0.0153763019778
0.0189011956578
0.0231508322896
0.0282535398696
0.0343551491655
0.041620142542
0.0502326315425
0.060397131466
0.072339118381
0.0863053800528
0.102564208626
0.121405531049
0.143141134719
0.168105222682
0.196655627926
0.229176134571
0.266080503768
0.307818998162
0.354888466364
0.40784743212
0.467338207988
0.534118955434
0.609110082308
0.693461827983
0.788654014393
0.896645316716
1.02009500736
1.16265599168
1.32910178987
1.52356904108
1.73583661821
1.85374957958
1.88979024797
1.85186816985
1.74578613017
1.57543442081
1.34295910235
1.04666242549
0.801422519312
0.611164479317
0.464794916105
0.352198943812
0.265640891671
0.199264018164
0.148569884875
0.110057044173
0.080978145345
0.0591708779759
0.0429346752902
0.0309369008176
0.0221391107863
0.0157378298893
0.0111164176958
0.00780579257462
0.00545244258854
0.00379252693878
0.00263109222895
0.00182557073948
0.00127283399795
0.000899164893698
0.000652594583144
0.000497129398216
0.000408467827566
0.000370877195057
0.000374962616728
0.000416116267287
0.000493482556049
0.000609314627301
0.000768630171157
0.000979100603045
0.00125112809016
0.00159808051465
0.00203666603245
0.00258743706574
0.00363860410558
0.00458185936722
0.00574649195963
0.00717863218203
0.00893277806449
0.0110729573983
0.013673958927
0.0168226090957
0.0206190644438
0.0251780839195
0.0306302409139
0.0371230326448
0.0448218458255
0.053910743613
0.0645930510332
0.0770917358816
0.091649610937
0.108529422702
0.128013943376
0.150406248173
0.176030442059
0.205233202235
0.238386631986
0.275893089023
0.318192876932
0.365776005973
0.419199699496
0.479114051471
0.546299426035
0.621721214783
0.70661124848
0.802592494721
0.911880468024
1.0376411425
1.18474125419
1.36174430503
1.58772145774
1.77492147156
1.88344018587
1.9127739924
1.86844014718
1.75617455995
1.5811430888
1.34899698996
1.0713550105
0.792771447719
0.593981168943
0.446105807732
0.334490916234
0.249877437351
0.185753492984
0.137298984712
0.100851830512
0.0735920881037
0.053335291985
0.0383874840568
0.0274381840278
0.019478408527
0.0137363225126
0.00962601554281
0.00670648751924
0.00464881993193
0.00321002338778
0.00221236583058
0.00152719397119
0.00106241413704
0.000752924110179
0.000553396818861
0.000432914914075
0.000371043699934
0.000355008599151
0.000377712048095
0.000436383392542
0.000531704349896
0.000667292631429
0.000849458343138
0.00108717288594
0.00139220933566
0.00177942769705
0.00226718885196
0.00287788816448
0.00397905106308
0.00500252256134
0.00626276176745
0.00780801948305
0.009694966129
0.0119897871881
0.0147693274068
0.0181222586202
0.0221502403321
0.0269690371904
0.0327095540484
0.0395187483553
0.0475603822848
0.0570155844724
0.0680832047857
0.080979966497
0.0959404498379
0.11321698049
0.133079547452
0.155815938449
0.181732359888
0.211154905693
0.244432361063
0.281940983612
0.324092112909
0.37134375063
0.424217679045
0.4833243332
0.549398660812
0.623351840475
0.706346365411
0.799906075364
0.906077878876
1.02766198836
1.16848413304
1.33339096142
1.5260484644
1.73427527751
1.84224611568
1.86764369584
1.8190840572
1.7030049739
1.52471897385
1.28745498079
0.986969575887
0.742577172056
0.55654896834
0.416213925519
0.310310123809
0.230380932525
0.170160785093
0.124948011093
0.0911671587743
0.0660753615223
0.0475601469878
0.0339945149981
0.024129060638
0.0170092559404
0.0119107351948
0.00828809136513
0.00573419835708
0.00394794193037
0.00270875948491
0.00185671641082
0.00127707253783
0.000888463691741
0.000633964516284
0.000474420871038
0.000383547957391
0.000344385438898
0.000346783639673
0.00038566567755
0.000459869615899
0.000571423235499
0.000725142949405
0.000928478978149
0.00119155246636
0.0015273479766
0.00195203782177
0.00248542389311
0.0031514887262
0.00428396371293
0.00537701974827
0.00671943972892
0.00836093495462
0.0103595619812
0.0127827336396
0.0157082576514
0.0192253763421
0.0234357757634
0.0284545282263
0.034410929607
0.0414491926974
0.0497289613506
0.0594256182807
0.0707303732073
0.0838501386788
0.0990072293027
0.11643895717
0.136397242758
0.159148417326
0.184973460854
0.214169000666
0.247049493018
0.283951128897
0.325238155548
0.371312503127
0.422627877473
0.479709864683
0.543184146308
0.613815707966
0.692562956102
0.780651712543
0.879674013595
0.991711614937
1.11946349836
1.26630440157
1.43618626869
1.63427678471
1.73497710566
1.75745821992
1.70716451541
1.59032954733
1.41348531365
1.18332398984
0.894290646279
0.673764481795
0.505716555877
0.378048004981
0.281297008039
0.208192949112
0.153174330931
0.111973348038
0.0813011323256
0.0586174323159
0.0419609766392
0.029821871057
0.0210434356329
0.0147453323919
0.010262684303
0.00709762391387
0.00488075273398
0.00334062491777
0.00227976773729
0.001556021242
0.00106817942058
0.000745076625483
0.000537401539722
0.000411643342782
0.000345683363763
0.000325640959157
0.000343664729388
0.000396429784351
0.000484159275146
0.000610034893818
0.000779897825988
0.0010021701495
0.00128794830569
0.00165123630773
0.00210929789331
0.00268311477571
0.00339794320199
0.00454139163497
0.00569067844814
0.00709862456851
0.00881568645684
0.010900468641
0.0134206359643
0.0164538322133
0.0200885774628
0.024425111752
0.0295761489493
0.03566750259
0.0428385458874
0.0512424719034
0.0610463279241
0.0724308112716
0.0855898328841
0.100729880555
0.118069246089
0.137837219859
0.160273401985
0.185627331151
0.214158689107
0.246138400333
0.281851011522
0.32159880345
0.365708156988
0.414538761458
0.468496305535
0.528049299589
0.593750578047
0.666263695211
0.746393702219
0.835120902859
0.933638079347
1.04341295796
1.1664152146
1.30618398615
1.47262205703
1.55870721607
1.58314132898
1.53455120717
1.41936567681
1.24536117228
1.03550729906
0.781948154368
0.592193979463
0.446674846035
0.334919551876
0.249485214045
0.184571229749
0.135578330895
0.0988634785424
0.0715542872904
0.0513984892691
0.0366411271079
0.0259244673611
0.0182064283957
0.012694123787
0.00878985040483
0.00604740967897
0.00413704781655
0.0028175802376
0.00191447157179
0.00130280741609
0.000894237015724
0.000627096611694
0.0004590447065
0.000361652968012
0.000316498682979
0.000312395282685
0.000343475723464
0.000407909352242
0.000507086917613
0.000645151678917
0.00082878847875
0.00106720863416
0.00137228797597
0.00175882958936
0.0022449328551
0.00285245712259
0.00360757243204
0.00474099572419
0.00593093376023
0.00738515858943
0.00915413332448
0.011296158472
0.0138781752332
0.0169765546564
0.0206778440421
0.0250794376778
0.0302901356374
0.036430552667
0.0436333397962
0.0520431850047
0.0618165667427
0.073121245968
0.0861354990804
0.101047115804
0.118052212489
0.137353941687
0.15916121176
0.183687563573
0.211150381695
0.241770640383
0.275773393273
0.313389199881
0.354856625095
0.400425822105
0.450362964834
0.504954844069
0.564512121377
0.629368258388
0.699868494204
0.776338477043
0.859013063017
0.94788471042
1.04236161481
1.14032187425
1.23466619398
1.29819943165
1.34594142043
1.30305067531
1.19125857673
1.00470967784
0.828615973869
0.652553223831
0.503967282002
0.384329018851
0.290080957729
0.2169097221
0.160766184948
0.118134862023
0.0860780552471
0.0621986790597
0.0445743297396
0.0316848981458
0.0223433755466
0.0156337413386
0.0108571608148
0.00748649719103
0.00512858445711
0.0034934632821
0.00236969250919
0.00160484203094
0.00109031461695
0.000749715523972
0.00053007684681
0.000395339145703
0.000321588682491
0.000293639301815
0.000302630073872
0.000344381323697
0.000418311947963
0.00052677026264
0.000674669959735
0.000869353346767
0.00112062728292
0.00144093445044
0.0018456350069
0.00235338226096
0.00298658160554
0.00377192514558
0.00487472617707
0.00608815669905
0.00756762977593
0.00936288694217
0.0115310974927
0.0141375472309
0.0172562939541
0.0209707604147
0.0253742315031
0.0305702193647
0.0366726586489
0.0438058946913
0.052104430752
0.061712406993
0.0727827940607
0.0854762980897
0.0999599913909
0.116405703294
0.134988227131
0.155883419801
0.179266286331
0.20530914817
0.234179983405
0.266040989201
0.301047335552
0.339345930673
0.381073763055
0.426354959109
0.475294990756
0.527969299409
0.584401646073
0.644524152798
0.70810507381
0.774619178999
0.843012901599
0.91126758943
0.975569660941
1.02884414197
1.0595258803
1.06187710947
1.01550198885
0.924228783933
0.797419900258
0.664319911072
0.534536027811
0.419841329214
0.324001526142
0.246553266471
0.185370286216
0.137861671591
0.101493363756
0.074000174765
0.0534540860776
0.0382652880364
0.0271529724909
0.0191044039196
0.0133316337378
0.0092304985114
0.00634403630097
0.0043310985404
0.00294019542891
0.00198821830578
0.00134348868293
0.000912510411329
0.000629801402896
0.000450224384738
0.000343302354514
0.000289080211764
0.00027517045693
0.000294692219698
0.000344876043164
0.000426160462482
0.000541650372234
0.000696842148996
0.000899547573877
0.00115996902742
0.00149089342599
0.00190798302847
0.00243014848263
0.00307999403228
0.00388432722764
0.00493734846951
0.00615628325653
0.00763911508378
0.00943417804583
0.0115967439622
0.0141895956193
0.017283549709
0.0209578998545
0.0253007464111
0.0304091769248
0.0363892597216
0.0433558135734
0.0514319192139
0.0607481440368
0.0714414597611
0.0836538441248
0.0975305711801
0.113218209435
0.130862361013
0.150605185275
0.172582752864
0.196922264907
0.223739138986
0.253133896901
0.285188672619
0.319962968057
0.357487983594
0.397758384802
0.440719653472
0.486248080946
0.534118797502
0.583954694876
0.635145266565
0.686718812169
0.737144455211
0.78403712212
0.82376496543
0.851110844406
0.859649561375
0.844123959835
0.798487844804
0.725001075662
0.631511784025
0.531372840705
0.433511906784
0.344967398365
0.269085197847
0.206461632141
0.156180285988
0.116658732495
0.0861328295024
0.0629079183947
0.0454748231727
0.0325508492739
0.0230808116263
0.0162181568025
0.011297573239
0.00780545528681
0.00535164683295
0.00364415823644
0.00246752998522
0.00166492496357
0.00112370370881
0.000764074301194
0.00053034846626
0.000384337749947
0.000300461438926
0.000262193324308
0.000259535700845
0.000287268812192
0.000343778104915
0.000430308147415
0.000550530379662
0.000710342362896
0.000917839760452
0.00118341996401
0.0015199891534
0.0019432536107
0.00247208211657
0.00312892988538
0.00394031624255
0.00492676818749
0.00613318611549
0.00759759707793
0.00936631252431
0.0114920323456
0.0140343060643
0.017059929296
0.0206432458798
0.0248663226323
0.0298189610755
0.0355985091391
0.0423094361582
0.050062636845
0.0589744345512
0.0691652610954
0.0807579994684
0.093875986098
0.108640679806
0.125169013066
0.143570444634
0.163943727004
0.186373381566
0.210925831439
0.237645066531
0.266547594079
0.297616243143
0.330792119743
0.365963620292
0.402950867443
0.441483195135
0.481166353759
0.521434975296
0.561484790053
0.600178993101
0.635926536577
0.666543509749
0.689146656886
0.70021170278
0.696039413918
0.673735616196
0.631735735338
0.572221922171
0.500600457963
0.424277597617
0.349482389803
0.280886743535
0.221091101354
0.170935624084
0.130101549576
0.0976410800562
0.0723450266718
0.052967266955
0.0383477068765
0.0274700014443
0.0194799220518
0.0136814592892
0.00952147918489
0.00656956176737
0.00449692962473
0.00305663339065
0.00206606377287
0.00139218357786
0.000939473045352
0.000640362118891
0.000447820113193
0.000329743182241
0.000264793393629
0.000239379974796
0.000245520116724
0.000279365191285
0.000340223438855
0.000429949608535
0.000552604782596
0.000714315775133
0.000923283691354
0.00118990633535
0.00152699006706
0.00195003426795
0.00247757648768
0.00313158917392
0.00393792006759
0.00484412645302
0.00602075771038
0.00744602014956
0.0091636805471
0.0112233077681
0.0136806292276
0.0165978111984
0.0200436337466
0.0240935278876
0.0288294401419
0.0343394884025
0.0407173732387
0.0480615107665
0.0564738571592
0.0660584007326
0.0769193049929
0.0891586943051
0.102874081674
0.118155443585
0.135081947134
0.153718326241
0.174110881705
0.196283038507
0.220230325997
0.245914544142
0.273256733156
0.30212836613
0.332339929913
0.363625754133
0.395623622963
0.427847447644
0.459651302599
0.490183902776
0.518335093078
0.542681974257
0.561454883615
0.572565565974
0.573767781097
0.563024176333
0.53905584579
0.501861603685
0.453418004879
0.397427347798
0.338471856742
0.280716114001
0.227343176457
0.180284599343
0.140329281399
0.107427211023
0.0810108254706
0.0602525798397
0.0442427628833
0.0320990794872
0.0230261350491
0.0163413219276
0.0114797781153
0.00798736312292
0.00550762529657
0.00376655817205
0.00255742210672
0.00172688003928
0.00116302578444
0.000785464378937
0.000537358696263
0.000379228105701
0.00028423248249
0.000234669294506
0.000219432522658
0.000232216122592
0.000270282775311
0.000333655499706
0.000424622470198
0.000547472902765
0.000708403971534
0.000915555801903
0.00117914432961
0.00151167096339
0.00192819424389
0.00244665265502
0.0030882298988
0.00387775466223
0.00469366148775
0.00582470321204
0.00719198978492
0.00883632991029
0.0108037326253
0.0131456694504
0.0159192521659
0.019187297758
0.023018249144
0.027485918093
0.0326690156067
0.038650435237
0.0455162566292
0.053354440127
0.0622531884929
0.0722989583792
0.083574111414
0.0961542015357
0.110104899847
0.125478558502
0.142310408197
0.160614366224
0.180378400135
0.201559342013
0.224076977184
0.24780713805
0.272573422243
0.298137037451
0.324184183444
0.350310377843
0.376001335715
0.400610641371
0.423335872799
0.443197625026
0.459030749968
0.469504536032
0.473197254815
0.46875443989
0.455145058305
0.43198005845
0.399800801031
0.360272956714
0.315989845316
0.269966047354
0.225002929768
0.183292648748
0.1462404716
0.11449716028
0.0881180916661
0.0667581418402
0.0498463403344
0.0367186103552
0.0267072682294
0.0191946434723
0.0136402596194
0.00959015676804
0.0066751297393
0.0046028015287
0.00314688303169
0.0021357611203
0.00144167958677
0.000971170973439
0.000656998826632
0.000451624088006
0.000322071178876
0.000246003897217
0.000208802349266
0.000201440845553
0.000218989854506
0.00025959404006
0.000323807750441
0.000414196079052
0.000535132395025
0.000692741665796
0.000894953178106
0.00115163690632
0.00147480537228
0.00187886796624
0.00238092785648
0.00300111321258
0.00376293481881
0.00448235542324
0.00555407104697
0.00684715383811
0.00839915749015
0.0102522386771
0.0124533374804
0.0150542684443
0.0181116949152
0.0216869566584
0.0258457187966
0.0306574091425
0.036194411309
0.0425309827838
0.0497418705856
0.0579006021226
0.0670774352146
0.0773369583187
0.0887353389295
0.101317223617
0.115112295517
0.130131492388
0.146362878477
0.163767144547
0.182272681621
0.201770135986
0.222106310162
0.243077237264
0.264420244681
0.28580487413
0.306822700426
0.326976488695
0.34566989369
0.36220022382
0.375758854042
0.385446706612
0.390315322759
0.389445686946
0.382073417435
0.367755126368
0.34654553722
0.31913112763
0.286861013987
0.251591965533
0.215384085344
0.180153961339
0.147425823461
0.118212513528
0.0930197346864
0.0719324920413
0.0547348848073
0.0410273680425
0.0303229473362
0.0221168298651
0.0159313780896
0.0113412543914
0.00798420523278
0.00556231971037
0.00383757654104
0.00262445283888
0.00178147241893
0.00120286944477
0.000811028971995
0.000550011181079
0.000380236834966
0.000274275390317
0.000213606606053
0.000186199382377
0.0001847512712
0.000205446666983
0.000247112995635
0.000310677112459
0.000398845610064
0.000515951335016
0.00066792359678
0.000862351376065
0.00110861764914
0.0014180891996
0.00180435045409
0.00228347236662
0.00287430852431
0.00359881071941
0.00421940581744
0.0052205730966
0.00642633404908
0.00787080729525
0.00959213838292
0.0116326122707
0.0140386745053
0.0168608351606
0.0201534272394
0.0239741895469
0.0283836433195
0.0334442323806
0.0392191985501
0.0457711675658
0.0531604259019
0.0614428754236
0.0706676603565
0.0808744689399
0.0920905194251
0.104327245638
0.117576699978
0.131807690373
0.146961661986
0.162948325045
0.179641020031
0.196871807026
0.214426279192
0.23203815088
0.249383789544
0.266077091697
0.281665504863
0.29562863528
0.307381803036
0.316288083567
0.321683582675
0.322921322348
0.319437979997
0.310843137022
0.29702140608
0.27822528595
0.255126953109
0.228797011335
0.200587588337
0.171943633227
0.144199881621
0.118426956064
0.0953528259627
0.0753583857463
0.0585263631105
0.0447164785983
0.0336443410345
0.0249502383921
0.0182518898782
0.0131805576429
0.009402748709
0.0066307964088
0.00462563316966
0.00319459138937
0.00218642821359
0.00148514177503
0.00100361190211
0.000677682560553
0.00046100238902
0.000320736612317
0.000234137299827
0.00018588896723
0.000166115329534
0.000168926635997
0.000191395045411
0.000232860647592
0.00029448824214
0.000379011992407
0.000490620076762
0.000634943848004
0.000819125715129
0.00105194720013
0.00134400374019
0.00170791616828
0.00215857074647
0.00271338042216
0.00339255984663
0.00391557610694
0.00483776395597
0.00594649586604
0.00727238603354
0.00884953413568
0.0107155839118
0.0129116912456
0.0154823774821
0.01847524163
0.0219405036946
0.0259303509194
0.0304980594646
0.0356968662313
0.0415785693306
0.0481918411364
0.055580244886
0.0637799541027
0.0728171832869
0.0827053477232
0.0934419791519
0.105005431822
0.11735141967
0.130409430383
0.144079067414
0.158226380052
0.172680260605
0.187229026893
0.201617382295
0.215544074813
0.228660785127
0.240573084705
0.250844729287
0.259007064435
0.26457581337
0.267077750937
0.266089305483
0.261287358833
0.252508863944
0.239810424174
0.223513172949
0.204215292086
0.182757458228
0.160136978668
0.137386991996
0.115452068242
0.0950921058632
0.0768310292727
0.0609510124091
0.0475214541338
0.0364472868944
0.0275225236487
0.0204792698659
0.0150270985413
0.0108813212201
0.00778095237948
0.00549826539882
0.00384214336528
0.00265727484998
0.00182087995599
0.00123823076863
0.000837838323566
0.000566854008361
0.000386987211966
0.000271067915161
0.000200270634523
0.000161950560615
0.000148010519061
0.000153707281063
0.000176809019599
0.000217026028297
0.00027564993582
0.000355349922164
0.000460086418324
0.00059511279039
0.000767043415449
0.000983972469621
0.00125563191554
0.00159357987921
0.0020114121093
0.00252498973821
0.00315267629491
)
;

boundaryField
{
    left
    {
        type            cyclic;
    }
    right
    {
        type            cyclic;
    }
    bottom
    {
        type            cyclic;
    }
    top
    {
        type            cyclic;
    }
    frontAndBack
    {
        type            empty;
    }
}


// ************************************************************************* //
