/*--------------------------------*- C++ -*----------------------------------*\
| =========                 |                                                 |
| \\      /  F ield         | OpenFOAM: The Open Source CFD Toolbox           |
|  \\    /   O peration     | Version:  v2106                                 |
|   \\  /    A nd           | Website:  www.openfoam.com                      |
|    \\/     M anipulation  |                                                 |
\*---------------------------------------------------------------------------*/
FoamFile
{
    version     2.0;
    format      ascii;
    arch        "LSB;label=32;scalar=64";
    class       volVectorField;
    location    "10";
    object      U;
}
// * * * * * * * * * * * * * * * * * * * * * * * * * * * * * * * * * * * * * //

dimensions      [0 1 -1 0 0 0 0];

internalField   nonuniform List<vector> 
6561
(
(-0.289308268263 -0.00114609240687 0)
(-0.286756624474 -0.00140213165103 0)
(-0.283702647917 -0.00164658843607 0)
(-0.280172063306 -0.00187701601884 0)
(-0.276195312018 -0.00209118165283 0)
(-0.271807077713 -0.00228710744179 0)
(-0.267045737082 -0.00246310326298 0)
(-0.261952752939 -0.00261779078409 0)
(-0.256572028368 -0.00275011805671 0)
(-0.250949241226 -0.00285936463375 0)
(-0.245131177929 -0.00294513759561 0)
(-0.239165084231 -0.00300735925165 0)
(-0.233098048809 -0.00304624758873 0)
(-0.226976433031 -0.00306229075511 0)
(-0.220845357488 -0.00305621699218 0)
(-0.214748252959 -0.0030289614624 0)
(-0.20872648054 -0.00298163137956 0)
(-0.202819022946 -0.00291547074093 0)
(-0.197062246457 -0.00283182580752 0)
(-0.191489730938 -0.00273211229358 0)
(-0.186132163532 -0.00261778502734 0)
(-0.1810172904 -0.0024903106437 0)
(-0.17616991989 -0.00235114367889 0)
(-0.171611970021 -0.00220170626322 0)
(-0.167362552907 -0.00204337145842 0)
(-0.163438088834 -0.00187745016177 0)
(-0.159852442947 -0.00170518140131 0)
(-0.156617077972 -0.00152772577501 0)
(-0.153741216962 -0.00134616173802 0)
(-0.151232010651 -0.00116148441412 0)
(-0.149094704733 -0.000974606596546 0)
(-0.147332803014 -0.000786361606742 0)
(-0.145948223051 -0.000597507692041 0)
(-0.144941441534 -0.000408733664614 0)
(-0.144311627212 -0.000220665509028 0)
(-0.144056759704 -3.38737133281e-05 0)
(-0.144173732983 0.000151118893046 0)
(-0.144658442742 0.000333828983974 0)
(-0.145505857172 0.000513804428503 0)
(-0.146710071035 0.000690615971863 0)
(-0.148264343117 0.000863849028858 0)
(-0.150161117424 0.00103309569799 0)
(-0.152392028662 0.00119794709321 0)
(-0.154947892721 0.00135798608322 0)
(-0.15781868308 0.00151278052445 0)
(-0.160993494181 0.00166187707417 0)
(-0.164460493031 0.00180479567326 0)
(-0.168206860461 0.00194102479425 0)
(-0.172218723637 0.00207001755845 0)
(-0.176481081702 0.00219118883599 0)
(-0.180977726584 0.00230391345317 0)
(-0.185691161338 0.00240752564201 0)
(-0.190602518616 0.00250131987654 0)
(-0.195691482184 0.00258455324703 0)
(-0.200936214721 0.00265644952632 0)
(-0.206313295404 0.00271620508008 0)
(-0.211797671153 0.00276299676255 0)
(-0.217362625606 0.00279599192008 0)
(-0.222979770177 0.00281436059483 0)
(-0.228619061688 0.00281728997687 0)
(-0.234248851094 0.00280400109569 0)
(-0.239835967786 0.00277376766819 0)
(-0.245345843686 0.00272593693066 0)
(-0.250742680931 0.00265995217762 0)
(-0.255989666273 0.00257537661188 0)
(-0.261049234419 0.00247191798156 0)
(-0.265883381361 0.00234945334738 0)
(-0.270454027293 0.00220805319217 0)
(-0.274723427008 0.00204800396608 0)
(-0.278654623742 0.00186982806364 0)
(-0.282211940325 0.00167430016634 0)
(-0.285361499294 0.00146245886754 0)
(-0.288071761473 0.00123561253711 0)
(-0.290314070443 0.00099533849083 0)
(-0.292063188601 0.000743474708452 0)
(-0.29329780917 0.000482103595577 0)
(-0.294001027752 0.000213527601911 0)
(-0.294160757001 -5.97631216008e-05 0)
(-0.293770068698 -0.000335130442106 0)
(-0.292827449116 -0.000609834347166 0)
(-0.291336955957 -0.000881084052192 0)
(-0.288544023815 -0.00343419963276 0)
(-0.285999406345 -0.0042034644556 0)
(-0.28295016127 -0.00493796455756 0)
(-0.279422080981 -0.0056303281175 0)
(-0.27544573556 -0.00627382840738 0)
(-0.271055990879 -0.00686250749195 0)
(-0.26629144977 -0.00739127586653 0)
(-0.261193834088 -0.00785598506339 0)
(-0.255807327048 -0.0082534716596 0)
(-0.250177895795 -0.00858157253855 0)
(-0.244352613757 -0.00883911259245 0)
(-0.238379001027 -0.00902586721503 0)
(-0.232304398997 -0.00914250286105 0)
(-0.226175392913 -0.00919049960269 0)
(-0.220037293077 -0.00917205998429 0)
(-0.213933682392 -0.00909000857852 0)
(-0.207906034906 -0.00894768650986 0)
(-0.201993407173 -0.00874884488134 0)
(-0.196232201713 -0.00849754056649 0)
(-0.190655999687 -0.00819803726345 0)
(-0.18529545816 -0.00785471409891 0)
(-0.180178266004 -0.00747198345885 0)
(-0.175329151613 -0.00705421914335 0)
(-0.170769935056 -0.00660569541853 0)
(-0.166519617134 -0.00613053708611 0)
(-0.162594497886 -0.00563268031841 0)
(-0.159008317408 -0.00511584371379 0)
(-0.155772412314 -0.00458350881403 0)
(-0.152895881794 -0.00403890918181 0)
(-0.150385757849 -0.00348502705426 0)
(-0.148247175001 -0.00292459655922 0)
(-0.146483535458 -0.0023601124919 0)
(-0.145096666384 -0.00179384369098 0)
(-0.144086966567 -0.00122785011774 0)
(-0.143453540322 -0.000664002819223 0)
(-0.143194317025 -0.000104006040466 0)
(-0.143306155108 0.000450579163263 0)
(-0.143784929749 0.000998310380366 0)
(-0.144625603852 0.00153783885391 0)
(-0.145822282178 0.0020678844727 0)
(-0.1473682488 0.00258721110882 0)
(-0.149255988195 0.0030946026231 0)
(-0.151477190575 0.00358883982594 0)
(-0.154022742138 0.00406867865942 0)
(-0.156882701175 0.00453282985614 0)
(-0.160046261065 0.00497994033056 0)
(-0.163501701389 0.00540857656863 0)
(-0.167236328566 0.00581721029982 0)
(-0.171236407609 0.0062042067607 0)
(-0.175487086786 0.00656781588968 0)
(-0.17997231725 0.00690616682507 0)
(-0.18467476992 0.00721726611077 0)
(-0.189575752187 0.00749900004393 0)
(-0.194655127341 0.00774914161996 0)
(-0.199891239885 0.0079653625411 0)
(-0.205260850267 0.00814525074852 0)
(-0.210739082851 0.00828633390992 0)
(-0.216299391226 0.00838610923871 0)
(-0.221913545225 0.00844207993203 0)
(-0.227551644181 0.00845179838643 0)
(-0.233182161041 0.00841291617813 0)
(-0.238772021912 0.00832324057555 0)
(-0.244286725393 0.00818079708347 0)
(-0.249690505679 0.00798389720337 0)
(-0.254946542759 0.00773121023741 0)
(-0.260017222176 0.00742183757526 0)
(-0.264864445642 0.00705538749872 0)
(-0.269449992377 0.00663204814023 0)
(-0.273735929307 0.00615265586519 0)
(-0.277685066321 0.00561875604779 0)
(-0.281261450609 0.00503265300974 0)
(-0.284430891858 0.00439744583141 0)
(-0.287161507793 0.00371704685589 0)
(-0.289424277404 0.00299618002227 0)
(-0.29119358732 0.00224035669787 0)
(-0.292447755323 0.00145582743436 0)
(-0.293169514144 0.000649509032111 0)
(-0.293346438523 -0.000171112578936 0)
(-0.292971299183 -0.000998101908716 0)
(-0.292042328954 -0.0018232129433 0)
(-0.290563388686 -0.00263804348613 0)
(-0.287012565045 -0.005710034862 0)
(-0.284482075547 -0.0069959698616 0)
(-0.281442361745 -0.00822390589099 0)
(-0.277919352018 -0.00938145058628 0)
(-0.273943875826 -0.0104572971732 0)
(-0.269551166515 -0.0114414344745 0)
(-0.264780283028 -0.0123253158968 0)
(-0.259673469547 -0.0131019823076 0)
(-0.254275473839 -0.0137661361366 0)
(-0.248632845619 -0.0143141664907 0)
(-0.242793235736 -0.0147441273756 0)
(-0.236804715537 -0.015055673107 0)
(-0.230715133461 -0.0152499565828 0)
(-0.2245715231 -0.0153294971864 0)
(-0.218419573759 -0.0152980257082 0)
(-0.212303171242 -0.0151603138187 0)
(-0.206264013346 -0.014921995363 0)
(-0.200341301521 -0.0145893861596 0)
(-0.19457150751 -0.0141693081544 0)
(-0.188988211543 -0.0136689227965 0)
(-0.183622006879 -0.0130955774593 0)
(-0.178500464213 -0.0124566676764 0)
(-0.173648148581 -0.0117595169841 0)
(-0.169086680969 -0.0110112752659 0)
(-0.164834836696 -0.0102188357416 0)
(-0.160908672822 -0.00938877011379 0)
(-0.157321677236 -0.00852728090376 0)
(-0.154084932601 -0.00764016965647 0)
(-0.151207289023 -0.00673281946242 0)
(-0.148695539999 -0.00581019011688 0)
(-0.146554596953 -0.00487682419568 0)
(-0.144787658384 -0.00393686235363 0)
(-0.143396370346 -0.00299406622829 0)
(-0.142380975634 -0.00205184744562 0)
(-0.1417404496 -0.00111330135899 0)
(-0.141472621094 -0.000181244297013 0)
(-0.141574277428 0.00074174675681 0)
(-0.142041252704 0.0016532929895 0)
(-0.142868499138 0.00255117189824 0)
(-0.144050141334 0.00343327543897 0)
(-0.145579513681 0.0042975687834 0)
(-0.147449181274 0.0051420502088 0)
(-0.14965094491 0.00596471258774 0)
(-0.152175830909 0.0067635069094 0)
(-0.155014066628 0.00753630824729 0)
(-0.158155042717 0.00828088458827 0)
(-0.161587263286 0.00899486895652 0)
(-0.16529828535 0.00967573529651 0)
(-0.169274649072 0.0103207786226 0)
(-0.173501800559 0.0109270999954 0)
(-0.177964009159 0.0114915969409 0)
(-0.18264428148 0.0120109599851 0)
(-0.187524274647 0.0124816760307 0)
(-0.192584211578 0.0129000393396 0)
(-0.197802801426 0.0132621709107 0)
(-0.203157168631 0.0135640470352 0)
(-0.20862279441 0.0138015377724 0)
(-0.214173474759 0.0139704560022 0)
(-0.219781299417 0.01406661757 0)
(-0.22541665638 0.0140859128317 0)
(-0.231048266758 0.0140243896258 0)
(-0.236643254745 0.0138783473415 0)
(-0.242167257349 0.0136444413015 0)
(-0.247584578204 0.0133197961588 0)
(-0.252858389211 0.0129021263997 0)
(-0.257950982939 0.0123898613931 0)
(-0.262824077605 0.0117822717313 0)
(-0.267439175015 0.0110795929227 0)
(-0.271757970136 0.0102831418546 0)
(-0.275742808951 0.00939542091259 0)
(-0.279357188991 0.00842020427023 0)
(-0.282566294544 0.00736260072519 0)
(-0.285337556062 0.00622908761145 0)
(-0.287641220909 0.0050275108156 0)
(-0.289450920465 0.00376704680413 0)
(-0.29074421687 0.00245812382968 0)
(-0.291503111581 0.00111230110922 0)
(-0.291714497564 -0.000257893315808 0)
(-0.291370537482 -0.00163916322031 0)
(-0.290468951737 -0.0030176783581 0)
(-0.289013202725 -0.00437933511605 0)
(-0.284707903577 -0.00796528602659 0)
(-0.282198794371 -0.00977364323527 0)
(-0.279173548337 -0.0115006807273 0)
(-0.275658299454 -0.0131288241669 0)
(-0.271684271207 -0.0146420412769 0)
(-0.267287255876 -0.016026144076 0)
(-0.262507006236 -0.0172690317111 0)
(-0.257386560671 -0.0183608664509 0)
(-0.251971524586 -0.0192941790014 0)
(-0.246309331574 -0.0200639029303 0)
(-0.240448507121 -0.020667341374 0)
(-0.234437955868 -0.0211040721229 0)
(-0.22832629079 -0.0213757994697 0)
(-0.222161219366 -0.0214861627858 0)
(-0.21598899823 -0.0214405126319 0)
(-0.209853964026 -0.0212456653649 0)
(-0.203798144653 -0.0209096467668 0)
(-0.197860951797 -0.0204414343044 0)
(-0.192078952793 -0.0198507063787 0)
(-0.186485717546 -0.019147605462 0)
(-0.181111734427 -0.0183425204801 0)
(-0.175984387801 -0.0174458922743 0)
(-0.171127989042 -0.0164680445501 0)
(-0.166563852554 -0.0154190414546 0)
(-0.162310408308 -0.0143085718409 0)
(-0.158383342717 -0.0131458594051 0)
(-0.154795760153 -0.0119395972071 0)
(-0.151558358105 -0.0106979046089 0)
(-0.148679609714 -0.00942830435679 0)
(-0.146165948201 -0.00813771736873 0)
(-0.14402194853 -0.00683247275541 0)
(-0.142250502422 -0.00551833065278 0)
(-0.140852983515 -0.00420051557044 0)
(-0.139829400207 -0.00288375813233 0)
(-0.139178534227 -0.00157234328659 0)
(-0.138898063565 -0.000270163272837 0)
(-0.138984668817 0.00101922615136 0)
(-0.139434122364 0.00229254752113 0)
(-0.140241360169 0.00354674262566 0)
(-0.141400536194 0.00477891357114 0)
(-0.142905059704 0.00598626476077 0)
(-0.144747615884 0.00716604650184 0)
(-0.146920170367 0.00831550086889 0)
(-0.149413958402 0.00943181040331 0)
(-0.152219459534 0.0105120502061 0)
(-0.155326358792 0.011553143982 0)
(-0.158723495511 0.0125518246218 0)
(-0.162398801073 0.0135045999515 0)
(-0.166339226998 0.0144077243453 0)
(-0.170530665043 0.0152571769703 0)
(-0.174957861135 0.0160486475195 0)
(-0.179604325259 0.0167775303698 0)
(-0.184452239667 0.0174389281863 0)
(-0.189482368104 0.0180276660545 0)
(-0.194673969077 0.0185383172677 0)
(-0.20000471655 0.0189652418976 0)
(-0.205450631811 0.0193026392365 0)
(-0.21098603064 0.0195446150892 0)
(-0.216583490222 0.0196852647146 0)
(-0.222213840565 0.0197187719371 0)
(-0.227846185409 0.0196395245716 0)
(-0.233447957698 0.0194422458097 0)
(-0.23898501469 0.0191221405988 0)
(-0.244421777529 0.0186750553053 0)
(-0.249721419649 0.0180976481057 0)
(-0.254846107676 0.0173875666032 0)
(-0.259757297392 0.0165436281685 0)
(-0.264416086014 0.0155659974912 0)
(-0.268783620218 0.0144563548721 0)
(-0.272821557327 0.0132180479643 0)
(-0.276492574651 0.0118562190729 0)
(-0.279760919343 0.0103778998487 0)
(-0.282592988424 0.00879206534984 0)
(-0.284957925831 0.00710964008896 0)
(-0.286828220874 0.00534344988003 0)
(-0.288180290329 0.00350811507412 0)
(-0.288995024858 0.00161988309529 0)
(-0.289258279824 -0.000303599032189 0)
(-0.288961290795 -0.00224356838645 0)
(-0.288100995532 -0.00418047910415 0)
(-0.286680246743 -0.00609437455345 0)
(-0.281620933821 -0.0101914450741 0)
(-0.279140683238 -0.0125303003095 0)
(-0.276135046816 -0.0147643943188 0)
(-0.272630435699 -0.0168707398398 0)
(-0.268658608161 -0.018828371156 0)
(-0.264256116373 -0.0206187471871 0)
(-0.259463656557 -0.0222260746822 0)
(-0.254325346296 -0.0236375414131 0)
(-0.248887954908 -0.0248434542461 0)
(-0.243200113339 -0.0258372819733 0)
(-0.237311529148 -0.0266156074405 0)
(-0.231272229908 -0.0271779974841 0)
(-0.22513185516 -0.0275268022746 0)
(-0.218939013161 -0.027666897735 0)
(-0.212740714413 -0.0276053857595 0)
(-0.206581889711 -0.0273512670601 0)
(-0.200504996387 -0.0269151007731 0)
(-0.194549712789 -0.0263086636214 0)
(-0.188752717978 -0.0255446196606 0)
(-0.183147551156 -0.0246362096098 0)
(-0.177764543502 -0.0235969666573 0)
(-0.172630813901 -0.0224404635735 0)
(-0.167770319347 -0.0211800940548 0)
(-0.163203950629 -0.0198288895468 0)
(-0.15894966404 -0.0183993713844 0)
(-0.155022640371 -0.016903436959 0)
(-0.151435463076 -0.0153522777691 0)
(-0.148198308336 -0.0137563266233 0)
(-0.145319140629 -0.0121252308921 0)
(-0.142803908301 -0.0104678485344 0)
(-0.140656734532 -0.00879226360534 0)
(-0.138880099919 -0.00710581805269 0)
(-0.137475013664 -0.00541515679601 0)
(-0.136441171038 -0.00372628332882 0)
(-0.135777095411 -0.00204462336123 0)
(-0.135480263645 -0.000375094308138 0)
(-0.135547214073 0.00127782128507 0)
(-0.135973636689 0.00291000001866 0)
(-0.136754445434 0.00451760101441 0)
(-0.137883832722 0.00609698957543 0)
(-0.139355306558 0.00764466213793 0)
(-0.141161710722 0.00915717338524 0)
(-0.143295228668 0.010631066291 0)
(-0.145747371862 0.0120628057955 0)
(-0.148508953419 0.0134487167902 0)
(-0.151570047957 0.0147849270896 0)
(-0.154919938766 0.0160673161082 0)
(-0.158547053423 0.0172914700184 0)
(-0.162438889221 0.0184526442545 0)
(-0.166581929884 0.0195457343304 0)
(-0.170961555267 0.020565256052 0)
(-0.175561945992 0.0215053363252 0)
(-0.180365985227 0.0223597158742 0)
(-0.18535516013 0.0231217652819 0)
(-0.190509465845 0.0237845158341 0)
(-0.195807315324 0.0243407066768 0)
(-0.201225458622 0.0247828497598 0)
(-0.206738915787 0.0251033139313 0)
(-0.21232092784 0.0252944293364 0)
(-0.217942930752 0.0253486129479 0)
(-0.223574557656 0.0252585155903 0)
(-0.22918367477 0.0250171902056 0)
(-0.234736456609 0.0246182803233 0)
(-0.240197506017 0.0240562267532 0)
(-0.245530024208 0.0233264894043 0)
(-0.250696035427 0.0224257798931 0)
(-0.255656669904 0.0213522992538 0)
(-0.260372507449 0.0201059736847 0)
(-0.264803982293 0.0186886799284 0)
(-0.268911847627 0.0171044506978 0)
(-0.272657695722 0.0153596496513 0)
(-0.276004526615 0.0134631049172 0)
(-0.278917355199 0.0114261902146 0)
(-0.281363843361 0.00926284333244 0)
(-0.2833149407 0.00698951321 0)
(-0.284745514659 0.00462502914274 0)
(-0.285634948814 0.0021903887046 0)
(-0.285967686877 -0.000291535284599 0)
(-0.285733699931 -0.0027963642069 0)
(-0.284928855669 -0.00529865055291 0)
(-0.283555171059 -0.00777236905734 0)
(-0.277739281195 -0.0123797297947 0)
(-0.275295669024 -0.0152595051032 0)
(-0.272315058517 -0.0180109230329 0)
(-0.268824212225 -0.0206052777675 0)
(-0.264855572382 -0.0230163952823 0)
(-0.260446665082 -0.0252211489652 0)
(-0.255639395928 -0.0271998719393 0)
(-0.25047926466 -0.0289366528744 0)
(-0.245014528727 -0.0304195087386 0)
(-0.239295346334 -0.0316404346246 0)
(-0.233372928189 -0.0325953369533 0)
(-0.227298724368 -0.0332838615721 0)
(-0.221123668698 -0.0337091322458 0)
(-0.214897498346 -0.0338774176339 0)
(-0.20866816121 -0.0337977460726 0)
(-0.202481318696 -0.0334814874489 0)
(-0.19637994682 -0.0329419203701 0)
(-0.190404034486 -0.0321938009471 0)
(-0.184590374413 -0.0312529470859 0)
(-0.178972439618 -0.0301358494691 0)
(-0.173580336498 -0.0288593176289 0)
(-0.168440824441 -0.0274401668367 0)
(-0.163577391396 -0.0258949490968 0)
(-0.159010374825 -0.0242397294148 0)
(-0.154757117853 -0.0224899067565 0)
(-0.150832151161 -0.0206600777391 0)
(-0.14724739203 -0.0187639400786 0)
(-0.144012352953 -0.0168142321333 0)
(-0.141134353299 -0.0148227044833 0)
(-0.138618728521 -0.0128001193244 0)
(-0.136469032391 -0.0107562734836 0)
(-0.134687228678 -0.00870004103539 0)
(-0.133273869459 -0.00663943176773 0)
(-0.132228257998 -0.00458166208284 0)
(-0.13154859473 -0.00253323528857 0)
(-0.131232105395 -0.000500028609852 0)
(-0.131275150789 0.00151261538073 0)
(-0.131673317964 0.00349979487278 0)
(-0.13242149293 0.00545695412334 0)
(-0.133513915177 0.00737978934524 0)
(-0.134944214447 0.00926415634756 0)
(-0.136705430349 0.011105980927 0)
(-0.138790015465 0.0129011728828 0)
(-0.14118982271 0.0146455444511 0)
(-0.143896077754 0.0163347339229 0)
(-0.146899337391 0.0179641352144 0)
(-0.150189434814 0.0195288342119 0)
(-0.153755412863 0.0210235527886 0)
(-0.157585446405 0.022442601505 0)
(-0.161666755178 0.0237798421378 0)
(-0.165985508602 0.0250286613327 0)
(-0.170526724282 0.0261819568346 0)
(-0.175274162198 0.0272321379053 0)
(-0.180210216912 0.0281711416785 0)
(-0.185315810448 0.0289904673132 0)
(-0.190570288967 0.0296812298683 0)
(-0.195951326768 0.0302342358146 0)
(-0.201434841654 0.0306400820038 0)
(-0.206994926222 0.030889279698 0)
(-0.212603800107 0.0309724049071 0)
(-0.218231788709 0.0308802757516 0)
(-0.223847334338 0.0306041568505 0)
(-0.229417045973 0.0301359897993 0)
(-0.234905793999 0.0294686476495 0)
(-0.24027685614 0.0285962099265 0)
(-0.245492120419 0.0275142531518 0)
(-0.250512350188 0.0262201501086 0)
(-0.255297515073 0.0247133692757 0)
(-0.259807189949 0.0229957640636 0)
(-0.26400102185 0.0210718398361 0)
(-0.267839261954 0.0189489853614 0)
(-0.271283356529 0.016637654491 0)
(-0.274296587149 0.0141514836891 0)
(-0.276844746587 0.0115073317296 0)
(-0.278896833038 0.00872522956896 0)
(-0.280425741765 0.00582823117899 0)
(-0.281408930403 0.00284215998435 0)
(-0.281829032269 -0.000204749634968 0)
(-0.281674391468 -0.00328231078755 0)
(-0.280939494561 -0.00635893158507 0)
(-0.279625276283 -0.00940223507574 0)
(-0.273047092557 -0.0145210058178 0)
(-0.270648275735 -0.0179544974518 0)
(-0.267698451912 -0.0212358476129 0)
(-0.26422481271 -0.0243302447261 0)
(-0.260260644408 -0.027205958704 0)
(-0.255844678056 -0.029834984314 0)
(-0.251020315747 -0.0321935539736 0)
(-0.245834765507 -0.0342625030558 0)
(-0.240338120144 -0.0360274795642 0)
(-0.234582415854 -0.0374789988042 0)
(-0.228620704603 -0.0386123516902 0)
(-0.2225061706 -0.0394273820292 0)
(-0.216291316109 -0.0399281531149 0)
(-0.210027235997 -0.0401225271177 0)
(-0.203762994224 -0.0400216820776 0)
(-0.197545109535 -0.0396395910095 0)
(-0.191417152159 -0.0389924859868 0)
(-0.185419448724 -0.0380983274528 0)
(-0.179588888876 -0.0369762957433 0)
(-0.173958824374 -0.0356463182565 0)
(-0.168559049622 -0.0341286421151 0)
(-0.163415851626 -0.0324434587881 0)
(-0.158552117097 -0.030610584102 0)
(-0.153987484713 -0.0286491944793 0)
(-0.149738531241 -0.0265776181407 0)
(-0.145818981238 -0.0244131783914 0)
(-0.142239931203 -0.0221720849505 0)
(-0.139010080284 -0.0198693685423 0)
(-0.136135960912 -0.0175188535647 0)
(-0.133622163905 -0.0151331635404 0)
(-0.131471553693 -0.0127237541626 0)
(-0.129685470321 -0.0103009690237 0)
(-0.128263915722 -0.00787411349014 0)
(-0.127205722521 -0.00545154263838 0)
(-0.126508704225 -0.00304075964687 0)
(-0.126169786164 -0.000648521510536 0)
(-0.126185116949 0.00171905059119 0)
(-0.12655016052 0.00405635852236 0)
(-0.127259769066 0.00635821389131 0)
(-0.128308237323 0.00861972577784 0)
(-0.129689338801 0.0108361907773 0)
(-0.131396344626 0.0130029864499 0)
(-0.133422025718 0.0151154691138 0)
(-0.135758639042 0.0171688768321 0)
(-0.13839789873 0.0191582384088 0)
(-0.141330932875 0.0210782892176 0)
(-0.144548226852 0.0229233947546 0)
(-0.148039554067 0.0246874829037 0)
(-0.15179389514 0.0263639860416 0)
(-0.155799346613 0.0279457942819 0)
(-0.160043020466 0.0294252213481 0)
(-0.164510935891 0.0307939847656 0)
(-0.169187905073 0.0320432022793 0)
(-0.174057415005 0.0331634065875 0)
(-0.179101507752 0.0341445806555 0)
(-0.18430066205 0.0349762159859 0)
(-0.189633679571 0.0356473962616 0)
(-0.195077579813 0.0361469087213 0)
(-0.200607508117 0.0364633854313 0)
(-0.20619666201 0.0365854762564 0)
(-0.211816241651 0.0365020547714 0)
(-0.217435430809 0.0362024575562 0)
(-0.22302141529 0.0356767562519 0)
(-0.228539446098 0.0349160604131 0)
(-0.233952954808 0.0339128475438 0)
(-0.239223728423 0.0326613147957 0)
(-0.244312150473 0.031157744652 0)
(-0.249177514078 0.0294008746108 0)
(-0.253778411041 0.0273922585307 0)
(-0.258073198808 0.0251366050618 0)
(-0.262020544147 0.0226420766714 0)
(-0.265580038807 0.0199205314055 0)
(-0.268712878191 0.0169876889769 0)
(-0.271382589496 0.0138632032852 0)
(-0.273555790987 0.0105706252729 0)
(-0.275202959518 0.00713724325236 0)
(-0.276299179492 0.00359379253299 0)
(-0.276824843544 -2.59677792734e-05 0)
(-0.276766273974 -0.00368580584619 0)
(-0.276116234451 -0.00734768336954 0)
(-0.274874304305 -0.0109725167443 0)
(-0.267524762056 -0.0166057087483 0)
(-0.265179350899 -0.020608119788 0)
(-0.262266490564 -0.0244343848828 0)
(-0.258813883589 -0.0280431090324 0)
(-0.254855834103 -0.0313965778088 0)
(-0.250432530514 -0.0344615478781 0)
(-0.245589185043 -0.0372098746012 0)
(-0.240375069015 -0.0396189553194 0)
(-0.234842486217 -0.0416719784108 0)
(-0.229045726953 -0.0433579795921 0)
(-0.223040042874 -0.0446717172561 0)
(-0.216880677795 -0.0456133871114 0)
(-0.210621983199 -0.0461882025653 0)
(-0.204316639765 -0.0464058709876 0)
(-0.198014998685 -0.0462799973123 0)
(-0.191764549324 -0.045827445665 0)
(-0.185609513444 -0.0450676872754 0)
(-0.179590560935 -0.0440221593192 0)
(-0.173744637916 -0.0427136550096 0)
(-0.168104895279 -0.0411657606567 0)
(-0.16270070399 -0.0394023508693 0)
(-0.157557742768 -0.0374471488697 0)
(-0.152698143797 -0.0353233551903 0)
(-0.14814068282 -0.0330533449253 0)
(-0.143901001042 -0.030658431252 0)
(-0.139991847655 -0.028158691107 0)
(-0.136423333269 -0.0255728476306 0)
(-0.133203186098 -0.0229182032353 0)
(-0.130337004181 -0.0202106167994 0)
(-0.127828498345 -0.0174645184693 0)
(-0.125679721786 -0.014692955785 0)
(-0.123891283281 -0.0119076652533 0)
(-0.122462541914 -0.0091191640138 0)
(-0.121391781986 -0.00633685682823 0)
(-0.120676367359 -0.00356915423316 0)
(-0.120312875015 -0.000823598285408 0)
(-0.120297207905 0.00189300710708 0)
(-0.120624687499 0.00457446376714 0)
(-0.121290126583 0.00721504679823 0)
(-0.122287882983 0.00980937377509 0)
(-0.12361189497 0.0123522769403 0)
(-0.125255699113 0.014838679537 0)
(-0.127212431363 0.017263477237 0)
(-0.12947481212 0.0196214255231 0)
(-0.132035116035 0.0219070338461 0)
(-0.134885127263 0.0241144673966 0)
(-0.138016080898 0.0262374574095 0)
(-0.141418591316 0.0282692210402 0)
(-0.145082568216 0.0302023920255 0)
(-0.148997121201 0.0320289635469 0)
(-0.153150453905 0.0337402449528 0)
(-0.157529748801 0.0353268342541 0)
(-0.162121044102 0.0367786085769 0)
(-0.166909104451 0.0380847350128 0)
(-0.171877287491 0.0392337045487 0)
(-0.17700740885 0.0402133919423 0)
(-0.18227960867 0.041011144526 0)
(-0.187672223379 0.0416139029254 0)
(-0.193161667196 0.0420083565388 0)
(-0.19872232856 0.0421811362972 0)
(-0.204326487573 0.0421190466612 0)
(-0.209944261316 0.0418093379731 0)
(-0.215543584723 0.0412400191197 0)
(-0.221090235359 0.0404002089426 0)
(-0.226547910945 0.0392805229348 0)
(-0.231878368637 0.0378734894899 0)
(-0.237041634861 0.0361739873533 0)
(-0.241996293712 0.0341796930415 0)
(-0.246699860464 0.0318915239726 0)
(-0.25110924452 0.0293140600715 0)
(-0.255181302986 0.026455923925 0)
(-0.258873482051 0.0233300974687 0)
(-0.262144538479 0.0199541520211 0)
(-0.264955328001 0.0163503686082 0)
(-0.267269641432 0.0125457272653 0)
(-0.269055063434 0.00857174759195 0)
(-0.27028382351 0.00446416840264 0)
(-0.27093360457 0.000262461742184 0)
(-0.270988272059 -0.00399081450258 0)
(-0.270438486485 -0.00825081123049 0)
(-0.26928216487 -0.0124713057367 0)
(-0.261148583095 -0.0186237663441 0)
(-0.258865718557 -0.0232127425762 0)
(-0.255996488722 -0.0276013168526 0)
(-0.252569193866 -0.0317409314536 0)
(-0.248619346593 -0.0355873692558 0)
(-0.244188871346 -0.0391017158614 0)
(-0.239325136623 -0.0422511198595 0)
(-0.234079867191 -0.0450093243673 0)
(-0.228507987608 -0.0473569579668 0)
(-0.222666448428 -0.0492815879085 0)
(-0.216613082802 -0.0507775516469 0)
(-0.210405534724 -0.051845593414 0)
(-0.204100291717 -0.0524923400531 0)
(-0.19775184543 -0.0527296545551 0)
(-0.191411994218 -0.0525739068693 0)
(-0.185129293106 -0.0520452000499 0)
(-0.178948649023 -0.0511665862431 0)
(-0.172911053223 -0.0499633020868 0)
(-0.167053438365 -0.0484620474034 0)
(-0.161408644879 -0.0466903251612 0)
(-0.156005479693 -0.0446758549952 0)
(-0.150868850067 -0.0424460674203 0)
(-0.146019955768 -0.0400276814302 0)
(-0.141476524034 -0.0374463645533 0)
(-0.137253073317 -0.034726471635 0)
(-0.13336119368 -0.0318908566024 0)
(-0.129809833574 -0.0289607501447 0)
(-0.126605584597 -0.0259556955192 0)
(-0.123752957601 -0.0228935344546 0)
(-0.121254645036 -0.0197904352486 0)
(-0.119111765843 -0.0166609555648 0)
(-0.117324090311 -0.0135181330267 0)
(-0.115890243328 -0.0103735973983 0)
(-0.114807885176 -0.00723769889807 0)
(-0.114073869642 -0.00411964794986 0)
(-0.113684379658 -0.00102766239304 0)
(-0.11363504099 0.00203088114612 0)
(-0.113921014714 0.00504929442042 0)
(-0.114537069352 0.00802142544382 0)
(-0.115477633573 0.0109415088265 0)
(-0.1167368304 0.0138040199474 0)
(-0.118308493808 0.0166035340816 0)
(-0.120186168557 0.0193345914099 0)
(-0.122363094034 0.0219915687257 0)
(-0.124832172795 0.0245685586177 0)
(-0.127585924442 0.027059256933 0)
(-0.130616425404 0.0294568594205 0)
(-0.133915235171 0.0317539686015 0)
(-0.137473309511 0.0339425121191 0)
(-0.141280901247 0.0360136740674 0)
(-0.145327449244 0.0379578410892 0)
(-0.149601456405 0.0397645653506 0)
(-0.154090357678 0.0414225468364 0)
(-0.158780379366 0.0429196377529 0)
(-0.163656391399 0.0442428721433 0)
(-0.168701754731 0.0453785241106 0)
(-0.173898166589 0.0463121982498 0)
(-0.179225507017 0.0470289559969 0)
(-0.184661690983 0.047513481554 0)
(-0.190182531244 0.0477502907972 0)
(-0.195761618196 0.0477239860613 0)
(-0.201370224013 0.0474195588637 0)
(-0.206977239498 0.0468227414122 0)
(-0.212549153105 0.0459204060918 0)
(-0.218050082469 0.0447010099908 0)
(-0.223441869444 0.0431550788962 0)
(-0.228684249786 0.0412757220764 0)
(-0.233735108269 0.0390591656324 0)
(-0.238550828855 0.0365052883855 0)
(-0.243086747384 0.0336181403646 0)
(-0.247297711088 0.030406420266 0)
(-0.251138744797 0.0268838851514 0)
(-0.254565818132 0.0230696635719 0)
(-0.257536701351 0.0189884427452 0)
(-0.260011890129 0.0146705018401 0)
(-0.26195557194 0.0101515672292 0)
(-0.263336599476 0.00547247197959 0)
(-0.264129430526 0.000678610840918 0)
(-0.264314989808 -0.00418080681138 0)
(-0.263881407109 -0.009053690891 0)
(-0.262824588459 -0.0138861629771 0)
(-0.253890313946 -0.0205645205379 0)
(-0.251679746652 -0.0257601874664 0)
(-0.248861382936 -0.0307309156223 0)
(-0.245464213337 -0.0354202898295 0)
(-0.241525169849 -0.0397769700735 0)
(-0.237088223413 -0.0437558558419 0)
(-0.232203284144 -0.0473190011044 0)
(-0.226924962379 -0.0504362463626 0)
(-0.221311253529 -0.0530855537459 0)
(-0.215422209202 -0.0552530502349 0)
(-0.209318651923 -0.0569328009307 0)
(-0.203060982013 -0.0581263475639 0)
(-0.196708114224 -0.0588420564611 0)
(-0.19031656977 -0.0590943248486 0)
(-0.183939737776 -0.0589026950273 0)
(-0.177627309568 -0.0582909232934 0)
(-0.171424880467 -0.0572860453514 0)
(-0.165373706937 -0.0559174732801 0)
(-0.159510602211 -0.0542161516622 0)
(-0.153867950703 -0.0522137929883 0)
(-0.14847382036 -0.049942205389 0)
(-0.143352152269 -0.0474327195068 0)
(-0.138523007983 -0.0447157160742 0)
(-0.134002856859 -0.041820251605 0)
(-0.129804887918 -0.0387737764927 0)
(-0.125939333101 -0.0356019376751 0)
(-0.122413791192 -0.0323284567167 0)
(-0.119233543899 -0.0289750735624 0)
(-0.116401857627 -0.0255615461537 0)
(-0.113920266246 -0.0221056964542 0)
(-0.111788831668 -0.0186234940673 0)
(-0.110006380282 -0.0151291694529 0)
(-0.108570714286 -0.0116353496642 0)
(-0.107478797696 -0.00815321047279 0)
(-0.106726917409 -0.00469263968244 0)
(-0.106310820057 -0.00126240729851 0)
(-0.106225825655 0.00212966098272 0)
(-0.106466919199 0.00547650979836 0)
(-0.107028821411 0.00877168189502 0)
(-0.107906039817 0.0120091493928 0)
(-0.109092901287 0.0151831498771 0)
(-0.110583567065 0.0182880283625 0)
(-0.112372031199 0.0213180859623 0)
(-0.114452103146 0.0242674359815 0)
(-0.116817375212 0.0271298681109 0)
(-0.119461175329 0.0298987214411 0)
(-0.122376505616 0.032566767123 0)
(-0.12555596701 0.0351261016816 0)
(-0.128991670271 0.0375680522214 0)
(-0.13267513359 0.0398830950627 0)
(-0.136597167096 0.0420607896859 0)
(-0.140747744634 0.0440897302462 0)
(-0.14511586336 0.045957517339 0)
(-0.149689391958 0.0476507531229 0)
(-0.154454908636 0.0491550633359 0)
(-0.159397530537 0.050455150144 0)
(-0.164500736838 0.051534880096 0)
(-0.169746188528 0.0523774116973 0)
(-0.175113548831 0.0529653672082 0)
(-0.180580309286 0.0532810531392 0)
(-0.186121627751 0.0533067335179 0)
(-0.191710185964 0.053024959235 0)
(-0.197316075749 0.0524189555712 0)
(-0.202906724424 0.0514730682803 0)
(-0.208446871359 0.0501732662796 0)
(-0.213898608803 0.0485076960294 0)
(-0.21922150083 0.0464672790575 0)
(-0.224372794453 0.0440463398341 0)
(-0.229307736183 0.0412432464637 0)
(-0.233980005539 0.0380610416328 0)
(-0.238342273795 0.034508036276 0)
(-0.242346891561 0.0305983339597 0)
(-0.245946702461 0.026352250583 0)
(-0.249095972293 0.0217965923364 0)
(-0.251751413983 0.0169647555982 0)
(-0.253873278842 0.0118966161962 0)
(-0.255426475018 0.00663818263672 0)
(-0.256381665551 0.00124099860158 0)
(-0.256716292354 -0.00423870611919 0)
(-0.256415469758 -0.00974110086929 0)
(-0.255472693039 -0.0152040429065 0)
(-0.245716640428 -0.0224166489676 0)
(-0.243588812658 -0.0282416467361 0)
(-0.240829204334 -0.0338168616714 0)
(-0.237467595091 -0.0390771940369 0)
(-0.233542571301 -0.0439634445548 0)
(-0.229100498841 -0.0484237191474 0)
(-0.224194261388 -0.0524145257494 0)
(-0.218881836433 -0.055901521298 0)
(-0.213224786989 -0.0588598926343 0)
(-0.207286745637 -0.0612743798309 0)
(-0.201131960172 -0.0631389719254 0)
(-0.194823958301 -0.0644563215095 0)
(-0.18842437438 -0.0652369353193 0)
(-0.181991965961 -0.065498202871 0)
(-0.175581833356 -0.0652633249394 0)
(-0.169244842627 -0.0645601992865 0)
(-0.163027242141 -0.0634203137505 0)
(-0.156970455172 -0.0618776877839 0)
(-0.151111026135 -0.0599678938637 0)
(-0.14548069545 -0.0577271807214 0)
(-0.14010657744 -0.0551917116764 0)
(-0.135011416606 -0.0523969238849 0)
(-0.13021389961 -0.0493770082198 0)
(-0.125729002927 -0.0461645048129 0)
(-0.121568359142 -0.0427900059314 0)
(-0.117740627872 -0.0392819556944 0)
(-0.114251860236 -0.0356665349448 0)
(-0.11110584844 -0.0319676192166 0)
(-0.108304454389 -0.0282067979607 0)
(-0.105847913239 -0.0244034438441 0)
(-0.103735109395 -0.0205748218873 0)
(-0.101963823806 -0.0167362293118 0)
(-0.100530952349 -0.012901158143 0)
(-0.0994326958674 -0.00908147379621 0)
(-0.0986647228992 -0.00528760399013 0)
(-0.098222306481 -0.00152873336603 0)
(-0.0981004365612 0.00218699988538 0)
(-0.0982939096346 0.00585230828294 0)
(-0.0987973971691 0.00946056242053 0)
(-0.0996054943054 0.0130056030996 0)
(-0.100712750169 0.0164815594532 0)
(-0.102113680968 0.0198826739634 0)
(-0.103802766849 0.02320313505 0)
(-0.105774433315 0.0264369177851 0)
(-0.108023017788 0.0295776332554 0)
(-0.110542721723 0.0326183871418 0)
(-0.113327548526 0.0355516482192 0)
(-0.116371227361 0.0383691276788 0)
(-0.119667122822 0.0410616704486 0)
(-0.123208130379 0.0436191600312 0)
(-0.126986557465 0.0460304387712 0)
(-0.130993990118 0.0482832459221 0)
(-0.135221145206 0.0503641763816 0)
(-0.139657708457 0.0522586634953 0)
(-0.144292158869 0.0539509898742 0)
(-0.14911158049 0.0554243307138 0)
(-0.154101463235 0.0566608345957 0)
(-0.159245495145 0.0576417471644 0)
(-0.164525349566 0.0583475833458 0)
(-0.169920471885 0.058758353835 0)
(-0.175407871966 0.058853851355 0)
(-0.18096193004 0.0586140015705 0)
(-0.186554225684 0.0580192824301 0)
(-0.192153401445 0.0570512139906 0)
(-0.197725074662 0.0556929183348 0)
(-0.203231812858 0.0539297459385 0)
(-0.208633189545 0.0517499607125 0)
(-0.213885938208 0.0491454709411 0)
(-0.218944222152 0.0461125875463 0)
(-0.223760036606 0.0426527847446 0)
(-0.22828375657 0.03877343158 0)
(-0.232464838957 0.0344884565613 0)
(-0.236252680615 0.0298189024 0)
(-0.23959762458 0.0247933245173 0)
(-0.242452095795 0.0194479865004 0)
(-0.244771835129 0.0138268089432 0)
(-0.246517187739 0.00798103583551 0)
(-0.247654390099 0.00196859517368 0)
(-0.248156790886 -0.00414685252292 0)
(-0.248005935941 -0.0102971635204 0)
(-0.247192448183 -0.0164112212555 0)
(-0.236588513787 -0.0241680854835 0)
(-0.234554646155 -0.0306475968591 0)
(-0.231862431487 -0.0368521519256 0)
(-0.228542543924 -0.0427069863248 0)
(-0.224635487336 -0.0481441716168 0)
(-0.220190415744 -0.0531043080693 0)
(-0.215263673113 -0.0575378365379 0)
(-0.209917143106 -0.0614059171921 0)
(-0.204216506217 -0.0646808566166 0)
(-0.19822949895 -0.0673460970715 0)
(-0.19202425916 -0.0693958090464 0)
(-0.185667825587 -0.0708341485694 0)
(-0.179224840585 -0.0716742531936 0)
(-0.172756485513 -0.0719370553639 0)
(-0.166319660088 -0.0716499900455 0)
(-0.159966401561 -0.0708456665807 0)
(-0.153743527602 -0.0695605644416 0)
(-0.147692478396 -0.0678338004805 0)
(-0.141849328533 -0.0657060027955 0)
(-0.136244937172 -0.0632183144693 0)
(-0.130905205314 -0.060411539899 0)
(-0.125851410942 -0.0573254376076 0)
(-0.121100595907 -0.0539981564635 0)
(-0.116665982116 -0.0504658070768 0)
(-0.112557398478 -0.0467621566524 0)
(-0.108781703884 -0.042918433498 0)
(-0.105343195004 -0.0389632264635 0)
(-0.102243990819 -0.0349224645588 0)
(-0.0994843884462 -0.0308194626211 0)
(-0.0970631870006 -0.026675019958 0)
(-0.0949779779715 -0.0225075602295 0)
(-0.0932254019097 -0.0183333022844 0)
(-0.0918013721884 -0.0141664531531 0)
(-0.0907012672719 -0.0100194158316 0)
(-0.0899200933407 -0.00590300583039 0)
(-0.0894526193486 -0.00182667165927 0)
(-0.0892934866573 0.00220128451687 0)
(-0.089437295351 0.00617348891507 0)
(-0.0898786692058 0.0100832829774 0)
(-0.0906123011032 0.0139245165222 0)
(-0.0916329804514 0.0176913482327 0)
(-0.0929356039305 0.0213780541706 0)
(-0.0945151706174 0.0249788447666 0)
(-0.0963667622847 0.0284876906148 0)
(-0.0984855094077 0.0318981573737 0)
(-0.100866543169 0.035203250135 0)
(-0.103504933517 0.0383952677743 0)
(-0.106395613131 0.0414656680256 0)
(-0.109533286954 0.0444049443261 0)
(-0.112912326834 0.0472025158693 0)
(-0.116526650683 0.04984663275 0)
(-0.120369585589 0.0523242986167 0)
(-0.124433714284 0.0546212138304 0)
(-0.128710704594 0.0567217427718 0)
(-0.133191121695 0.0586089096125 0)
(-0.137864223465 0.0602644275714 0)
(-0.142717739784 0.0616687673501 0)
(-0.147737637463 0.0628012710696 0)
(-0.152907873547 0.0636403185411 0)
(-0.158210141058 0.0641635530176 0)
(-0.163623612907 0.0643481736048 0)
(-0.169124691628 0.0641713011407 0)
(-0.174686774852 0.0636104234405 0)
(-0.180280048912 0.0626439242067 0)
(-0.185871325597 0.0612516974546 0)
(-0.191423939723 0.0594158458537 0)
(-0.196897727555 0.0571214568089 0)
(-0.202249107982 0.0543574443368 0)
(-0.20743128927 0.051117437858 0)
(-0.212394623712 0.0474006911115 0)
(-0.217087130155 0.0432129758482 0)
(-0.221455199577 0.0385674164063 0)
(-0.225444491337 0.0334852135487 0)
(-0.229001017134 0.0279962001911 0)
(-0.232072396339 0.0221391691584 0)
(-0.234609250689 0.0159619152018 0)
(-0.236566689613 0.00952094137649 0)
(-0.237905821381 0.0028807941856 0)
(-0.238595211929 -0.00388698744036 0)
(-0.238612204851 -0.0107052982722 0)
(-0.237944014795 -0.0174932276845 0)
(-0.226460334775 -0.0258059388142 0)
(-0.224532520252 -0.0329677029683 0)
(-0.221917197563 -0.0398289922442 0)
(-0.218646046946 -0.0463042197167 0)
(-0.214761785124 -0.0523157034685 0)
(-0.210316799576 -0.0577957069617 0)
(-0.205371444797 -0.0626880066947 0)
(-0.199992115361 -0.066948921956 0)
(-0.194249218418 -0.0705477863411 0)
(-0.188215163305 -0.0734668828293 0)
(-0.181962470739 -0.0757008990571 0)
(-0.175562082119 -0.0772559843558 0)
(-0.169081924357 -0.0781485043014 0)
(-0.162585760553 -0.0784035925749 0)
(-0.156132334208 -0.0780535955329 0)
(-0.149774796149 -0.0771364943208 0)
(-0.143560389576 -0.0756943749811 0)
(-0.137530359696 -0.0737720009713 0)
(-0.131720049727 -0.0714155265027 0)
(-0.126159143995 -0.0686713743968 0)
(-0.120872020361 -0.0655852894723 0)
(-0.115878177661 -0.0622015682035 0)
(-0.111192708348 -0.0585624575861 0)
(-0.106826791457 -0.0547077106455 0)
(-0.102788186038 -0.0506742825497 0)
(-0.099081709892 -0.0464961494965 0)
(-0.0957096926014 -0.0422042320507 0)
(-0.0926723954664 -0.0378264051009 0)
(-0.0899683938883 -0.0333875777638 0)
(-0.0875949200987 -0.0289098281414 0)
(-0.0855481659214 -0.0244125796395 0)
(-0.083823546561 -0.0199128074325 0)
(-0.0824159273076 -0.0154252654874 0)
(-0.0813198156135 -0.010962726286 0)
(-0.0805295212968 -0.0065362269497 0)
(-0.0800392877229 -0.00215531684829 0)
(-0.0798433967596 0.00217169703231 0)
(-0.0799362501404 0.00643750968524 0)
(-0.0803124296287 0.0106355845487 0)
(-0.0809667380913 0.0147599280924 0)
(-0.08189422327 0.0188048732747 0)
(-0.0830901857144 0.0227648722665 0)
(-0.0845501719984 0.0266342985939 0)
(-0.0862699540187 0.0304072587371 0)
(-0.0882454948453 0.0340774132009 0)
(-0.0904729012867 0.0376378071479 0)
(-0.092948363042 0.0410807108592 0)
(-0.0956680780347 0.0443974705347 0)
(-0.0986281632799 0.0475783702897 0)
(-0.101824550423 0.0506125066267 0)
(-0.105252864915 0.0534876771713 0)
(-0.108908287689 0.0561902860513 0)
(-0.112785398131 0.0587052689782 0)
(-0.116877997246 0.0610160418368 0)
(-0.121178910056 0.0631044774113 0)
(-0.125679766628 0.0649509157475 0)
(-0.130370761678 0.0665342145396 0)
(-0.135240393462 0.0678318468074 0)
(-0.140275183738 0.0688200539287 0)
(-0.145459382026 0.0694740627331 0)
(-0.150774659142 0.0697683757448 0)
(-0.156199797233 0.0696771436504 0)
(-0.16171038617 0.0691746284895 0)
(-0.167278539178 0.0682357647408 0)
(-0.172872643982 0.0668368231757 0)
(-0.178457169261 0.064956178854 0)
(-0.183992549735 0.0625751797332 0)
(-0.189435176246 0.0596791058842 0)
(-0.194737519475 0.0562582011883 0)
(-0.199848416641 0.0523087497328 0)
(-0.204713549185 0.0478341582433 0)
(-0.209276135164 0.0428459944443 0)
(-0.213477852289 0.0373649202202 0)
(-0.217259995689 0.0314214492829 0)
(-0.220564858628 0.0250564534763 0)
(-0.223337304896 0.0183213417736 0)
(-0.225526479909 0.0112778432991 0)
(-0.227087585711 0.00399734159971 0)
(-0.227983626014 -0.00344026783314 0)
(-0.228187014052 -0.010948192167 0)
(-0.227680931644 -0.0184347852551 0)
(-0.215278945478 -0.0273164081686 0)
(-0.21347025468 -0.0351907093889 0)
(-0.210942317257 -0.0427386663703 0)
(-0.207727935676 -0.0498625037538 0)
(-0.203872370813 -0.0564735823358 0)
(-0.199431748485 -0.0624948616665 0)
(-0.194471056477 -0.0678627733515 0)
(-0.189061878848 -0.0725284236634 0)
(-0.183280023155 -0.0764581041292 0)
(-0.177203187587 -0.0796331440372 0)
(-0.170908793084 -0.0820491831216 0)
(-0.164472075517 -0.0837149729843 0)
(-0.157964499773 -0.0846508314593 0)
(-0.151452525416 -0.084886876388 0)
(-0.144996725509 -0.0844611568483 0)
(-0.138651238149 -0.0834177840838 0)
(-0.132463514765 -0.0818051445032 0)
(-0.126474320035 -0.0796742559563 0)
(-0.120717934412 -0.0770773081537 0)
(-0.115222510666 -0.0740664100192 0)
(-0.110010539221 -0.0706925516995 0)
(-0.105099382401 -0.0670047772136 0)
(-0.100501843938 -0.0630495551912 0)
(-0.0962267466635 -0.0588703295037 0)
(-0.0922794975119 -0.0545072283856 0)
(-0.0886626246627 -0.0499969093718 0)
(-0.0853762765077 -0.0453725175536 0)
(-0.0824186761812 -0.0406637358627 0)
(-0.0797865286077 -0.0358969079549 0)
(-0.0774753794752 -0.0310952164831 0)
(-0.0754799273347 -0.0262789019232 0)
(-0.0737942912573 -0.0214655094723 0)
(-0.0724122372482 -0.0166701537514 0)
(-0.0713273670346 -0.0119057930915 0)
(-0.0705332729809 -0.00718350697603 0)
(-0.0700236628203 -0.00251277177236 0)
(-0.0697924576887 0.00209826879702 0)
(-0.0698338666422 0.00664254090207 0)
(-0.070142440478 0.0111137871609 0)
(-0.0707131072805 0.0155063234008 0)
(-0.0715411917049 0.0198148060081 0)
(-0.0726224195924 0.0240340098893 0)
(-0.0739529091069 0.0281586168284 0)
(-0.0755291491794 0.032183013917 0)
(-0.0773479656695 0.0361011017252 0)
(-0.0794064752739 0.0399061119733 0)
(-0.0817020268677 0.0435904346527 0)
(-0.0842321296221 0.0471454548185 0)
(-0.0869943669304 0.0505613996419 0)
(-0.0899862948873 0.0538271967752 0)
(-0.0932053238141 0.0569303456333 0)
(-0.0966485811148 0.0598568038507 0)
(-0.100312753618 0.0625908919349 0)
(-0.104193907501 0.0651152199962 0)
(-0.108287283978 0.0674106413952 0)
(-0.112587069146 0.0694562392059 0)
(-0.117086136853 0.0712293525132 0)
(-0.121775764119 0.0727056507199 0)
(-0.126645319708 0.0738592651821 0)
(-0.131681927844 0.0746629885286 0)
(-0.136870110999 0.0750885528501 0)
(-0.142191418051 0.0751069984191 0)
(-0.147624047179 0.0746891445148 0)
(-0.153142476397 0.0738061730611 0)
(-0.158717118809 0.0724303338426 0)
(-0.164314024233 0.0705357767383 0)
(-0.169894653602 0.068099511378 0)
(-0.175415757208 0.0651024875869 0)
(-0.180829391747 0.0615307807269 0)
(-0.186083113644 0.0573768545241 0)
(-0.191120386357 0.0526408604124 0)
(-0.195881236211 0.0473319174443 0)
(-0.200303183832 0.0414693015379 0)
(-0.204322465455 0.0350834589774 0)
(-0.20787553996 0.0282167489455 0)
(-0.210900853602 0.0209238161369 0)
(-0.213340806526 0.0132714999871 0)
(-0.215143835878 0.0053382039716 0)
(-0.216266503427 -0.00278732233656 0)
(-0.216675455132 -0.0110077951556 0)
(-0.216349110526 -0.019219759622 0)
(-0.202982377351 -0.0286846939573 0)
(-0.201306981004 -0.0373043090239 0)
(-0.19887808801 -0.0455713695062 0)
(-0.195729739847 -0.0533743017801 0)
(-0.19191011121 -0.0606120960285 0)
(-0.187479637625 -0.0671972851143 0)
(-0.182508643929 -0.073058184715 0)
(-0.177074663191 -0.0781402929918 0)
(-0.171259645083 -0.0824068293228 0)
(-0.165147238048 -0.0858384644016 0)
(-0.158820298005 -0.0884323501895 0)
(-0.152358735217 -0.0902005945942 0)
(-0.145837767088 -0.0911683421773 0)
(-0.139326603339 -0.0913716210095 0)
(-0.132887555478 -0.0908551011926 0)
(-0.126575536532 -0.0896698874027 0)
(-0.120437900055 -0.0878714405877 0)
(-0.11451455854 -0.0855176962665 0)
(-0.108838319127 -0.0826674212799 0)
(-0.103435377108 -0.0793788288903 0)
(-0.0983259136914 -0.0757084545251 0)
(-0.0935247522194 -0.0717102813201 0)
(-0.0890420355372 -0.0674350955941 0)
(-0.08488389553 -0.0629300469105 0)
(-0.0810530935492 -0.0582383847735 0)
(-0.0775496171381 -0.0533993435842 0)
(-0.0743712240441 -0.0484481486108 0)
(-0.0715139289618 -0.0434161178806 0)
(-0.0689724318596 -0.0383308376526 0)
(-0.0667404892227 -0.0332163921275 0)
(-0.0648112312564 -0.0280936310859 0)
(-0.0631774291638 -0.0229804620404 0)
(-0.0618317171941 -0.0178921561255 0)
(-0.060766774359 -0.0128416593185 0)
(-0.0599754706504 -0.00783990261719 0)
(-0.0594509823305 -0.00289610652681 0)
(-0.0591868804858 0.00198192336085 0)
(-0.0591771965755 0.00678751175248 0)
(-0.0594164682097 0.0115148411511 0)
(-0.0598997678773 0.0161586919076 0)
(-0.0606227168388 0.0207141947494 0)
(-0.0615814858955 0.0251765953589 0)
(-0.0627727842736 0.0295410303493 0)
(-0.0641938373956 0.0338023138886 0)
(-0.0658423538727 0.0379547342366 0)
(-0.0677164816257 0.0419918595609 0)
(-0.0698147526315 0.0459063526072 0)
(-0.0721360154007 0.0496897940889 0)
(-0.0746793539051 0.0533325150467 0)
(-0.0774439913179 0.0568234389225 0)
(-0.0804291765878 0.0601499346768 0)
(-0.083634051564 0.0632976829887 0)
(-0.0870574961425 0.0662505584099 0)
(-0.0906979487271 0.0689905313045 0)
(-0.0945531992327 0.071497594506 0)
(-0.0986201519466 0.0737497208631 0)
(-0.102894555859 0.0757228592074 0)
(-0.107370700632 0.0773909777412 0)
(-0.112041077314 0.0787261653704 0)
(-0.11689600425 0.0796988030095 0)
(-0.121923220571 0.0802778182675 0)
(-0.127107452191 0.0804310380154 0)
(-0.132429958533 0.0801256539305 0)
(-0.137868072321 0.0793288159204 0)
(-0.14339474966 0.0780083670178 0)
(-0.148978153344 0.0761337304748 0)
(-0.1545812985 0.0736769549251 0)
(-0.160161796186 0.0706139161531 0)
(-0.165671736584 0.0669256637873 0)
(-0.171057758329 0.0625998878631 0)
(-0.176261353081 0.0576324636892 0)
(-0.181219453312 0.0520290142971 0)
(-0.1858653449 0.045806409102 0)
(-0.19012993308 0.038994097279 0)
(-0.193943369462 0.0316351576825 0)
(-0.19723701914 0.0237869376176 0)
(-0.1999457115 0.0155211545718 0)
(-0.202010179522 0.00692335186572 0)
(-0.203379554998 -0.00190836706363 0)
(-0.204013756503 -0.0108653511161 0)
(-0.203885589078 -0.0198311222705 0)
(-0.189498285825 -0.029894900972 0)
(-0.187971603234 -0.0392949807681 0)
(-0.18565480498 -0.0483159888155 0)
(-0.182583280996 -0.0568306564133 0)
(-0.178808527436 -0.0647239443705 0)
(-0.174395932316 -0.0718966574762 0)
(-0.169421948916 -0.0782681267199 0)
(-0.163970904439 -0.0837778320921 0)
(-0.158131700278 -0.088385950011 0)
(-0.15199463574 -0.0920729054009 0)
(-0.145648541432 -0.0948380792198 0)
(-0.139178352392 -0.0966978651738 0)
(-0.132663193018 -0.0976832852519 0)
(-0.126174993212 -0.0978373664791 0)
(-0.119777612795 -0.0972124574105 0)
(-0.113526421401 -0.0958676294518 0)
(-0.107468263169 -0.0938662711748 0)
(-0.10164172801 -0.0912739479459 0)
(-0.0960776515977 -0.0881565673288 0)
(-0.0907997721868 -0.0845788644623 0)
(-0.0858254816392 -0.0806032014426 0)
(-0.0811666189265 -0.0762886604486 0)
(-0.0768302655012 -0.0716904012315 0)
(-0.0728195123742 -0.0668592487401 0)
(-0.0691341779776 -0.0618414750989 0)
(-0.0657714636475 -0.056678740992 0)
(-0.0627265397815 -0.0514081639224 0)
(-0.0599930605053 -0.0460624841974 0)
(-0.0575636081624 -0.0406703033203 0)
(-0.0554300713399 -0.0352563733899 0)
(-0.0535839616553 -0.029841919893 0)
(-0.0520166753517 -0.0244449837549 0)
(-0.0507197060544 -0.0190807716014 0)
(-0.0496848149727 -0.0137620058701 0)
(-0.0489041645096 -0.00849926867632 0)
(-0.0483704207483 -0.00330133520333 0)
(-0.0480768297074 0.00182450608864 0)
(-0.0480172716196 0.00687214793771 0)
(-0.0481862968545 0.0118363740193 0)
(-0.0485791464719 0.0167125838243 0)
(-0.0491917597895 0.0214965320532 0)
(-0.0500207707707 0.026184081571 0)
(-0.0510634944963 0.0307709687685 0)
(-0.052317904466 0.0352525801031 0)
(-0.0537826009858 0.0396237386212 0)
(-0.0554567704246 0.0438784993863 0)
(-0.0573401346648 0.048009952958 0)
(-0.0594328896252 0.0520100363685 0)
(-0.0617356312896 0.0558693514414 0)
(-0.0642492672424 0.0595769908051 0)
(-0.0669749112857 0.0631203725643 0)
(-0.0699137583047 0.0664850853338 0)
(-0.0730669361784 0.0696547462334 0)
(-0.0764353312105 0.0726108754811 0)
(-0.0800193833273 0.075332792449 0)
(-0.0838188471943 0.077797539461 0)
(-0.0878325155007 0.0799798412075 0)
(-0.0920579010224 0.0818521094435 0)
(-0.0964908748121 0.0833845045724 0)
(-0.101125259071 0.0845450677481 0)
(-0.105952375069 0.085299939148 0)
(-0.110960549071 0.0856136799266 0)
(-0.116134582668 0.0854497168165 0)
(-0.121455198447 0.0847709290958 0)
(-0.126898477541 0.0835403972707 0)
(-0.132435312366 0.0817223308109 0)
(-0.138030905653 0.0792831880147 0)
(-0.143644355393 0.0761929938861 0)
(-0.149228373998 0.0724268510891 0)
(-0.154729197914 0.0679666240199 0)
(-0.160086749796 0.0628027564778 0)
(-0.165235117348 0.0569361595194 0)
(-0.170103408974 0.0503800788692 0)
(-0.174617034063 0.043161822956 0)
(-0.178699433253 0.0353242068543 0)
(-0.182274250199 0.0269265491016 0)
(-0.185267892154 0.0180450535897 0)
(-0.187612375696 0.00877242359237 0)
(-0.189248303038 -0.000783407123993 0)
(-0.190127769607 -0.0105014809829 0)
(-0.190216972469 -0.0202509343845 0)
(-0.17474197596 -0.0309299301608 0)
(-0.173380862824 -0.0411477786113 0)
(-0.171190908259 -0.0509598042235 0)
(-0.16820893759 -0.0602208084315 0)
(-0.164490207901 -0.0687997755125 0)
(-0.160105774293 -0.0765842754629 0)
(-0.155139099807 -0.0834836811582 0)
(-0.149682236229 -0.0894310411348 0)
(-0.143831908288 -0.0943836035004 0)
(-0.137685793137 -0.0983221128347 0)
(-0.131339221215 -0.101249089979 0)
(-0.124882448407 -0.103186354153 0)
(-0.118398572918 -0.104172059889 0)
(-0.111962103265 -0.104257504 0)
(-0.105638132565 -0.103503920193 0)
(-0.0994820406926 -0.101979431318 0)
(-0.0935396282784 -0.0997562797606 0)
(-0.0878475817441 -0.0969084105396 0)
(-0.0824341730924 -0.0935094426366 0)
(-0.0773201086978 -0.0896310331901 0)
(-0.0725194550361 -0.0853416166714 0)
(-0.0680405840225 -0.0807054861854 0)
(-0.0638870948556 -0.0757821754553 0)
(-0.0600586820534 -0.0706260964552 0)
(-0.0565519302274 -0.0652863877488 0)
(-0.0533610249091 -0.0598069311839 0)
(-0.0504783754918 -0.0542264986976 0)
(-0.0478951512946 -0.0485789958887 0)
(-0.0456017351548 -0.0428937741352 0)
(-0.0435881011089 -0.0371959880069 0)
(-0.0418441239081 -0.0315069793317 0)
(-0.0403598285712 -0.0258446733723 0)
(-0.0391255881163 -0.0202239761041 0)
(-0.0381322772089 -0.0146571645767 0)
(-0.0373713888283 -0.009154264801 0)
(-0.0368351203063 -0.00372341358487 0)
(-0.0365164342825 0.00162879768457 0)
(-0.036409099313 0.00689699809864 0)
(-0.0365077140772 0.0120767310031 0)
(-0.0368077183888 0.0171641656977 0)
(-0.0373053935141 0.0221558258028 0)
(-0.0379978536616 0.0270483327442 0)
(-0.0388830299052 0.0318381626442 0)
(-0.0399596472417 0.0365214148642 0)
(-0.0412271949578 0.0410935904978 0)
(-0.0426858899703 0.0455493792527 0)
(-0.0443366323099 0.0498824533893 0)
(-0.0461809514249 0.0540852676904 0)
(-0.0482209414873 0.0581488648368 0)
(-0.0504591833821 0.0620626860726 0)
(-0.0528986505531 0.0658143876576 0)
(-0.0555425953633 0.0693896643661 0)
(-0.0583944121316 0.0727720822121 0)
(-0.0614574725276 0.075942923685 0)
(-0.0647349285904 0.0788810501016 0)
(-0.0682294783275 0.081562787248 0)
(-0.0719430886972 0.083961842306 0)
(-0.0758766708785 0.0860492621597 0)
(-0.0800297031864 0.0877934455468 0)
(-0.0843997979351 0.0891602241071 0)
(-0.0889822101389 0.0901130301257 0)
(-0.0937692883873 0.0906131715133 0)
(-0.0987498717027 0.0906202370856 0)
(-0.103908640934 0.0900926571746 0)
(-0.109225439437 0.0889884455445 0)
(-0.114674585548 0.0872661478951 0)
(-0.120224208738 0.0848860191272 0)
(-0.125835652074 0.0818114451055 0)
(-0.131462995328 0.0780106138511 0)
(-0.137052764778 0.073458424918 0)
(-0.142543905997 0.0681386032875 0)
(-0.14786810257 0.0620459551362 0)
(-0.15295052378 0.0551886678946 0)
(-0.157711074509 0.0475905183383 0)
(-0.162066197673 0.0392928143011 0)
(-0.165931240967 0.0303558643725 0)
(-0.169223345247 0.0208597543118 0)
(-0.171864745875 0.0109042187122 0)
(-0.173786310437 0.000607437512805 0)
(-0.174931072737 -0.00989634280496 0)
(-0.175257470129 -0.02046036158 0)
(-0.158613886029 -0.0317713535097 0)
(-0.157436881771 -0.0428460476375 0)
(-0.155390650922 -0.0534880691616 0)
(-0.152513490669 -0.0635316569597 0)
(-0.148864873421 -0.0728275316874 0)
(-0.144522299107 -0.0812482852283 0)
(-0.139577205435 -0.0886922477565 0)
(-0.134130375248 -0.0950856359859 0)
(-0.128287274956 -0.100383002654 0)
(-0.122153690559 -0.104566172008 0)
(-0.115831934087 -0.10764195327 0)
(-0.109417790817 -0.109638979625 0)
(-0.102998277174 -0.110604026837 0)
(-0.0966501940264 -0.110598132194 0)
(-0.0904393989471 -0.109692776782 0)
(-0.0844206846692 -0.107966327193 0)
(-0.0786381355323 -0.105500867118 0)
(-0.0731258338787 -0.102379491382 0)
(-0.067908799006 -0.0986840877807 0)
(-0.0630040580081 -0.0944935967051 0)
(-0.0584217671162 -0.0898827141289 0)
(-0.054166321499 -0.0849209887508 0)
(-0.0502374092456 -0.079672256884 0)
(-0.0466309805335 -0.0741943572204 0)
(-0.0433401154413 -0.0685390700667 0)
(-0.0403557835008 -0.0627522305898 0)
(-0.0376674951521 -0.0568739718535 0)
(-0.035263850156 -0.0509390601596 0)
(-0.0331329911184 -0.044977291821 0)
(-0.0312629720009 -0.039013926632 0)
(-0.0296420521891 -0.0330701387824 0)
(-0.0282589266539 -0.0271634706822 0)
(-0.0271029022209 -0.0213082791188 0)
(-0.0261640291446 -0.0155161664258 0)
(-0.025433196201 -0.00979639195042 0)
(-0.0249021964672 -0.0041562611471 0)
(-0.0245637699142 0.00139850878905 0)
(-0.0244116279406 0.00686344665462 0)
(-0.0244404640446 0.0122350073831 0)
(-0.0246459539794 0.0175102730381 0)
(-0.0250247479607 0.0226866726898 0)
(-0.0255744567944 0.0277617189764 0)
(-0.0262936331527 0.0327327590355 0)
(-0.0271817486349 0.0375967374911 0)
(-0.0282391666994 0.0423499692597 0)
(-0.0294671110216 0.0469879200976 0)
(-0.0308676283129 0.0515049930444 0)
(-0.0324435441139 0.0558943192253 0)
(-0.0341984095384 0.0601475518574 0)
(-0.0361364363868 0.0642546628064 0)
(-0.038262417466 0.0682037416339 0)
(-0.0405816283369 0.0719807978285 0)
(-0.0430997060858 0.0755695678408 0)
(-0.0458225000693 0.0789513296691 0)
(-0.0487558889698 0.0821047291305 0)
(-0.0519055579359 0.0850056236341 0)
(-0.0552767291444 0.087626951283 0)
(-0.0588738388883 0.0899386355229 0)
(-0.0627001543821 0.0919075383349 0)
(-0.0667573240384 0.0934974781433 0)
(-0.0710448561843 0.0946693321149 0)
(-0.0755595233096 0.0953812462764 0)
(-0.0802946922152 0.0955889806336 0)
(-0.0852395851726 0.0952464199391 0)
(-0.0903784837312 0.09430628341 0)
(-0.095689895364 0.0927210678542 0)
(-0.10114571394 0.0904442574021 0)
(-0.106710418041 0.0874318281738 0)
(-0.112340366115 0.083644066344 0)
(-0.117983263601 0.0790477016143 0)
(-0.123577892985 0.0736183334848 0)
(-0.12905421076 0.0673430937204 0)
(-0.134333921748 0.0602234448097 0)
(-0.139331636417 0.0522779628088 0)
(-0.143956695688 0.0435448984772 0)
(-0.148115705629 0.0340842609758 0)
(-0.151715758546 0.0239791355951 0)
(-0.154668232423 0.0133359471588 0)
(-0.156892972882 0.00228342374925 0)
(-0.158322575551 -0.00902990696372 0)
(-0.158906397395 -0.020439735801 0)
(-0.140996339894 -0.0323992644239 0)
(-0.140024005285 -0.0443710289937 0)
(-0.138141132736 -0.0558834095409 0)
(-0.135387426788 -0.0667469820954 0)
(-0.131827008006 -0.0767915144584 0)
(-0.127544636354 -0.0858726035092 0)
(-0.122640750172 -0.0938763347352 0)
(-0.117225920874 -0.100721726105 0)
(-0.111415291724 -0.10636102547 0)
(-0.105323457205 -0.110778139956 0)
(-0.0990601091474 -0.113985601832 0)
(-0.0927266406464 -0.11602053616 0)
(-0.0864137667395 -0.116940090228 0)
(-0.0802001124326 -0.116816725935 0)
(-0.0741516468854 -0.115733689454 0)
(-0.0683218056398 -0.113780879593 0)
(-0.0627521325946 -0.111051250545 0)
(-0.0574732815407 -0.107637812788 0)
(-0.0525062363936 -0.103631240249 0)
(-0.0478636341084 -0.0991180523603 0)
(-0.0435511004274 -0.0941793144697 0)
(-0.0395685333282 -0.0888897866576 0)
(-0.0359112906634 -0.0833174464614 0)
(-0.0325712562827 -0.0775233127471 0)
(-0.0295377728146 -0.0715615037094 0)
(-0.0267984395109 -0.0654794699439 0)
(-0.0243397806474 -0.0593183523975 0)
(-0.0221477945027 -0.0531134238695 0)
(-0.0202083954669 -0.0468945810205 0)
(-0.018507762893 -0.0406868612279 0)
(-0.0170326103279 -0.0345109649891 0)
(-0.0157703880977 -0.0283837698825 0)
(-0.0147094311416 -0.0223188264202 0)
(-0.0138390626975 -0.0163268295743 0)
(-0.0131496630655 -0.0104160624499 0)
(-0.0126327113197 -0.00459281061081 0)
(-0.0122808065532 0.00113825289853 0)
(-0.0120876740595 0.00677371069606 0)
(-0.0120481607916 0.0123110704641 0)
(-0.0121582234906 0.0177484581883 0)
(-0.0124149120421 0.0230843324998 0)
(-0.0128163498723 0.0283172172302 0)
(-0.0133617125373 0.033445449238 0)
(-0.0140512050537 0.0384669386089 0)
(-0.014886037962 0.0433789384469 0)
(-0.0158684015788 0.0481778216447 0)
(-0.0170014373654 0.0528588622593 0)
(-0.0182892048069 0.0574160194086 0)
(-0.0197366416291 0.0618417219697 0)
(-0.0213495145864 0.066126652823 0)
(-0.0231343574053 0.0702595319442 0)
(-0.0250983917677 0.0742268983596 0)
(-0.0272494264651 0.0780128918768 0)
(-0.0295957290536 0.0815990366152 0)
(-0.032145863509 0.0849640297656 0)
(-0.034908486561 0.0880835407544 0)
(-0.0378920946199 0.0909300281377 0)
(-0.0411047125914 0.0934725841736 0)
(-0.0445535155146 0.0956768201867 0)
(-0.0482443740198 0.0975048095556 0)
(-0.0521813152885 0.098915109455 0)
(-0.0563658928024 0.0998628872882 0)
(-0.0607964609854 0.100300182892 0)
(-0.0654673552961 0.100176342797 0)
(-0.0703679848351 0.0994386675904 0)
(-0.0754818535329 0.098033317005 0)
(-0.0807855378935 0.0959065187178 0)
(-0.0862476643573 0.0930061245943 0)
(-0.0918279476323 0.0892835504031 0)
(-0.0974763723721 0.0846961197053 0)
(-0.103132623093 0.0792098070954 0)
(-0.108725888576 0.0728023377439 0)
(-0.114175182712 0.065466547515 0)
(-0.119390327291 0.0572138415033 0)
(-0.124273726317 0.0480775134085 0)
(-0.128723018218 0.0381156129729 0)
(-0.132634614041 0.0274129895614 0)
(-0.135908021646 0.0160821240131 0)
(-0.138450747849 0.00426240620027 0)
(-0.140183462866 -0.00788240650057 0)
(-0.141044958613 -0.0201686909619 0)
(-0.121749294062 -0.032792093145 0)
(-0.121004686439 -0.0457012949575 0)
(-0.11930847924 -0.0581249453223 0)
(-0.116701528412 -0.0698463091723 0)
(-0.113252942761 -0.0806710340303 0)
(-0.109055538449 -0.0904353868897 0)
(-0.104219789672 -0.0990118820839 0)
(-0.0988671132703 -0.106312028401 0)
(-0.0931232295658 -0.11228636004 0)
(-0.0871121576347 -0.116922166121 0)
(-0.0809512311641 -0.120239473822 0)
(-0.0747473480916 -0.122285907472 0)
(-0.068594491868 -0.123131021451 0)
(-0.0625724230244 -0.122860606069 0)
(-0.0567463574101 -0.121571336364 0)
(-0.0511674140472 -0.119366006606 0)
(-0.0458736153074 -0.116349483085 0)
(-0.0408912422604 -0.112625420318 0)
(-0.0362363791973 -0.108293721898 0)
(-0.0319165165064 -0.103448684917 0)
(-0.0279321154647 -0.0981777426655 0)
(-0.0242780692432 -0.092560710057 0)
(-0.0209450200599 -0.0866694359502 0)
(-0.0179205125633 -0.0805677728358 0)
(-0.0151899784893 -0.0743117843813 0)
(-0.0127375580362 -0.0679501230619 0)
(-0.0105467700796 -0.0615245220553 0)
(-0.00860104712916 -0.0550703568586 0)
(-0.00688415257092 -0.0486172421674 0)
(-0.00538049787436 -0.042189638202 0)
(-0.00407537660804 -0.0358074478677 0)
(-0.00295513067944 -0.0294865919571 0)
(-0.00200726248784 -0.0232395541897 0)
(-0.00122050485685 -0.0170758914386 0)
(-0.0005848588222 -0.0110027071581 0)
(-9.1607671882e-05 -0.00502508798775 0)
(0.000266685884155 0.00085349509307 0)
(0.00049619388788 0.00663081871646 0)
(0.000601844301834 0.0123055692237 0)
(0.000587345841912 0.0178770315595 0)
(0.000455214022257 0.0233448014181 0)
(0.000206796719629 0.0287085170402 0)
(-0.000157701771028 0.0339676070797 0)
(-0.000639198624541 0.0391210510663 0)
(-0.0012397122067 0.0441671491339 0)
(-0.00196234299777 0.0491032978738 0)
(-0.00281125457204 0.0539257694071 0)
(-0.00379165295394 0.058629491035 0)
(-0.00490976210272 0.0632078231574 0)
(-0.00617279265666 0.0676523335585 0)
(-0.0075889003767 0.0719525666533 0)
(-0.00916712995642 0.0760958069365 0)
(-0.0109173390055 0.080066836696 0)
(-0.0128500960594 0.083847689111 0)
(-0.0149765454348 0.0874173992165 0)
(-0.0173082306579 0.0907517569664 0)
(-0.0198568670866 0.0938230688405 0)
(-0.0226340533012 0.0965999372325 0)
(-0.0256509099636 0.0990470703196 0)
(-0.0289176343036 0.101125139332 0)
(-0.0324429584022 0.102790705185 0)
(-0.0362335003135 0.103996242321 0)
(-0.0402929991649 0.104690294205 0)
(-0.0446214291835 0.104817802073 0)
(-0.0492139936661 0.104320655723 0)
(-0.0540600088673 0.103138521704 0)
(-0.0591417002704 0.101210009082 0)
(-0.0644329503616 0.0984742344701 0)
(-0.0698980582839 0.0948728440661 0)
(-0.0754905977451 0.0903525381896 0)
(-0.0811524895758 0.0848681195336 0)
(-0.0868134370637 0.0783860457335 0)
(-0.0923909004749 0.0708884056542 0)
(-0.0977908034031 0.0623771554401 0)
(-0.10290915771 0.0528783489865 0)
(-0.107634753977 0.0424459877578 0)
(-0.111852972632 0.0311650158581 0)
(-0.115450630109 0.0191529450583 0)
(-0.118321651141 0.0065596504333 0)
(-0.120373251531 -0.00643505820216 0)
(-0.121532048121 -0.0196264165695 0)
(-0.100704674048 -0.0329263724228 0)
(-0.100214033891 -0.0468119209655 0)
(-0.0987328475212 -0.0601869844195 0)
(-0.0963025135091 -0.0728032272469 0)
(-0.0929972450613 -0.0844384361974 0)
(-0.0889185803172 -0.0949068412339 0)
(-0.0841879695513 -0.104065923382 0)
(-0.0789386349345 -0.111819447462 0)
(-0.0733076558166 -0.11811706568 0)
(-0.0674289371295 -0.122951094631 0)
(-0.0614275170453 -0.126351213758 0)
(-0.0554154579977 -0.128377918117 0)
(-0.0494893247947 -0.129115504969 0)
(-0.0437290707231 -0.128665211312 0)
(-0.0381980616622 -0.127138928899 0)
(-0.0329439456996 -0.124653751608 0)
(-0.0280000923699 -0.121327471391 0)
(-0.0233873631167 -0.117275035412 0)
(-0.0191160213338 -0.112605906184 0)
(-0.0151876382466 -0.107422223748 0)
(-0.0115968947712 -0.101817648232 0)
(-0.00833321666513 -0.095876756491 0)
(-0.00538220981724 -0.089674872546 0)
(-0.00272688458165 -0.0832782239957 0)
(-0.000348673517988 -0.0767443320294 0)
(0.00177174312647 -0.0701225589243 0)
(0.00365378414507 -0.0634547523836 0)
(0.00531646369212 -0.0567759399757 0)
(0.00677801420331 -0.0501150388597 0)
(0.00805561397821 -0.0434955558334 0)
(0.00916519937993 -0.036936260676 0)
(0.0101213439247 -0.0304518219476 0)
(0.0109371889802 -0.0240533991277 0)
(0.0116244131773 -0.0177491884911 0)
(0.0121932298546 -0.0115449226592 0)
(0.0126524038446 -0.00544432553334 0)
(0.0130092806445 0.000550474476889 0)
(0.0132698225074 0.00643856926485 0)
(0.013438647254 0.0122199297743 0)
(0.0135190666658 0.0178950943653 0)
(0.013513122213 0.023464882427 0)
(0.01342161662 0.0289301289234 0)
(0.0132441404165 0.0342914356732 0)
(0.0129790931793 0.0395489353266 0)
(0.0126236996858 0.0447020641931 0)
(0.0121740216818 0.04974934027 0)
(0.0116249664509 0.054688143051 0)
(0.0109702938826 0.0595144919284 0)
(0.0102026242888 0.0642228202813 0)
(0.00931344984181 0.06880574268 0)
(0.0082931532195 0.0732538130479 0)
(0.00713103786536 0.0775552721621 0)
(0.00581537521624 0.0816957835909 0)
(0.00433347533421 0.0856581581079 0)
(0.00267178860144 0.0894220678854 0)
(0.000816047486156 0.0929637534466 0)
(-0.0012485411611 0.0962557285486 0)
(-0.00353704133111 0.0992664910279 0)
(-0.00606445721985 0.101960251303 0)
(-0.00884531213082 0.10429669484 0)
(-0.0118931215257 0.106230800594 0)
(-0.0152197447935 0.107712744319 0)
(-0.0188346014202 0.108687923754 0)
(-0.0227437400441 0.109097151798 0)
(-0.0269487540466 0.108877073747 0)
(-0.0314455456303 0.107960874637 0)
(-0.0362229526955 0.106279351794 0)
(-0.0412612702166 0.103762434233 0)
(-0.0465307212574 0.100341232131 0)
(-0.051989963193 0.0959506929712 0)
(-0.0575847525064 0.0905329211094 0)
(-0.0632469354161 0.084041177887 0)
(-0.068893976191 0.0764445117681 0)
(-0.0744292690362 0.0677328666743 0)
(-0.0797434897923 0.0579223842051 0)
(-0.0847172147061 0.0470604603898 0)
(-0.0892249266556 0.0352299578705 0)
(-0.0931403327243 0.0225518938583 0)
(-0.0963427928345 0.00918602533135 0)
(-0.0987246388953 -0.00467120889612 0)
(-0.100198683411 -0.0187921035994 0)
(-0.0776586904033 -0.0327764334121 0)
(-0.0774524565277 -0.047673246826 0)
(-0.076221790841 -0.0620370522548 0)
(-0.0740073857741 -0.0755828695184 0)
(-0.070888218642 -0.0880561898881 0)
(-0.0669748766022 -0.0992460605789 0)
(-0.0624004329781 -0.108993307987 0)
(-0.0573106083016 -0.11719379222 0)
(-0.0518543793318 -0.123797374036 0)
(-0.0461757554507 -0.1288034245 0)
(-0.0404072771417 -0.132253854883 0)
(-0.0346655434177 -0.13422478914 0)
(-0.0290487214288 -0.134817904308 0)
(-0.0236357417179 -0.134152196229 0)
(-0.0184867898539 -0.132356647836 0)
(-0.0136447067588 -0.129564049745 0)
(-0.00913695342261 -0.125906053018 0)
(-0.00497785713261 -0.121509415298 0)
(-0.00117092305828 -0.116493326849 0)
(0.00228894182781 -0.110967663629 0)
(0.00541339109118 -0.105032001016 0)
(0.0082188423294 -0.098775225972 0)
(0.0107249437868 -0.0922756002368 0)
(0.0129533028556 -0.0856011475665 0)
(0.0149264601264 -0.0788102600932 0)
(0.0166670838998 -0.0719524403727 0)
(0.0181973559939 -0.0650691150223 0)
(0.0195385188608 -0.0581944724742 0)
(0.0207105553083 -0.0513562910661 0)
(0.0217319746455 -0.0445767346012 0)
(0.0226196821947 -0.0378731009803 0)
(0.0233889124178 -0.031258515872 0)
(0.024053209117 -0.0247425680513 0)
(0.0246244391237 -0.0183318863536 0)
(0.0251128285126 -0.0120306604634 0)
(0.0255270126459 -0.00584110923197 0)
(0.0258740932637 0.00023609886872 0)
(0.0261596974352 0.00620146806341 0)
(0.0263880344915 0.0120563350729 0)
(0.0265619481359 0.0178025610944 0)
(0.0266829617941 0.023442250777 0)
(0.0267513159838 0.0289774931961 0)
(0.0267659970756 0.0344101200441 0)
(0.0267247573235 0.0397414764896 0)
(0.0266241264988 0.0449722003803 0)
(0.0264594158884 0.050102005679 0)
(0.0262247158526 0.0551294662349 0)
(0.0259128885988 0.0600517961871 0)
(0.0255155583451 0.0648646235136 0)
(0.0250231016503 0.0695617534884 0)
(0.0244246413927 0.0741349191092 0)
(0.0237080487268 0.0785735159676 0)
(0.0228599583429 0.0828643195977 0)
(0.0218658035437 0.0869911841174 0)
(0.0207098790259 0.0909347220752 0)
(0.0193754408401 0.0946719669324 0)
(0.0178448547735 0.0981760216911 0)
(0.0160998063267 0.101415699983 0)
(0.0141215874525 0.104355169672 0)
(0.011891477166 0.106953613877 0)
(0.00939123480032 0.109164930559 0)
(0.00660372577702 0.110937499579 0)
(0.00351369984649 0.112214055593 0)
(0.000108740279111 0.112931716335 0)
(-0.00361960130518 0.113022228493 0)
(-0.0076744767985 0.112412507187 0)
(-0.0120522238562 0.111025558932 0)
(-0.0167406792753 0.108781890604 0)
(-0.0217173685395 0.105601515995 0)
(-0.026947650118 0.101406673403 0)
(-0.0323829380219 0.0961253567193 0)
(-0.0379591833656 0.0896957291067 0)
(-0.043595860628 0.0820714188234 0)
(-0.0491957617999 0.0732275777191 0)
(-0.0546459351386 0.0631674143127 0)
(-0.0598200997145 0.0519287009256 0)
(-0.0645827426281 0.0395894997008 0)
(-0.0687947910933 0.026272203488 0)
(-0.0723206436736 0.0121452414857 0)
(-0.075036680383 -0.00257815805537 0)
(-0.0768404968113 -0.017645708923 0)
(-0.0523612071897 -0.0323140111475 0)
(-0.0524755505165 -0.0482489954172 0)
(-0.051541288556 -0.0636328865415 0)
(-0.049596010273 -0.0781380998569 0)
(-0.0467222620493 -0.0914725464 0)
(-0.0430392867152 -0.103396429946 0)
(-0.038691765524 -0.1137320865 0)
(-0.03383805404 -0.122367322068 0)
(-0.0286391471853 -0.129253514759 0)
(-0.0232490468538 -0.134399494725 0)
(-0.0178072840429 -0.137862419036 0)
(-0.012434056328 -0.139737188446 0)
(-0.00722785793198 -0.140145779929 0)
(-0.00226512196758 -0.139227415474 0)
(0.00239868045561 -0.137130076369 0)
(0.00672699025863 -0.134003578456 0)
(0.0106995818588 -0.129994222931 0)
(0.0143097850945 -0.125240907476 0)
(0.017561745049 -0.119872509449 0)
(0.0204678763322 -0.114006322506 0)
(0.0230466027105 -0.107747326879 0)
(0.0253204231645 -0.101188090379 0)
(0.0273143101162 -0.0944091238392 0)
(0.0290544224064 -0.0874795448787 0)
(0.0305671019934 -0.0804579338358 0)
(0.0318781167989 -0.0733932929213 0)
(0.033012110469 -0.0663260430658 0)
(0.0339922213178 -0.0592890121927 0)
(0.0348398360579 -0.0523083839031 0)
(0.0355744481624 -0.0454045872583 0)
(0.0362135951943 -0.0385931170598 0)
(0.0367728537922 -0.0318852803038 0)
(0.0372658749823 -0.0252888688559 0)
(0.0377044459794 -0.0188087613219 0)
(0.038098567628 -0.0124474589392 0)
(0.0384565391229 -0.00620556137785 0)
(0.0387850436851 -8.21888671204e-05 0)
(0.0390892305155 0.00592464277651 0)
(0.039372789658 0.0118176877412 0)
(0.0396380174397 0.0176001701699 0)
(0.0398858709719 0.0232755125138 0)
(0.0401160108405 0.0288470866676 0)
(0.0403268316336 0.0343179825873 0)
(0.0405154803808 0.0396907893932 0)
(0.0406778633588 0.0449673842279 0)
(0.0408086420667 0.0501487243593 0)
(0.0409012195384 0.0552346382129 0)
(0.0409477185558 0.0602236111656 0)
(0.0409389537841 0.0651125620774 0)
(0.0408644004073 0.0698966066796 0)
(0.04071216252 0.0745688041111 0)
(0.0404689453604 0.0791198831406 0)
(0.040120036499 0.0835379449887 0)
(0.0396493023335 0.0878081402296 0)
(0.0390392077425 0.0919123181151 0)
(0.0382708685176 0.095828647947 0)
(0.0373241482492 0.0995312139752 0)
(0.0361778136678 0.102989587932 0)
(0.0348097649812 0.106168386963 0)
(0.0331973604 0.10902682966 0)
(0.0313178566204 0.111518309451 0)
(0.0291489892377 0.11359001307 0)
(0.0266697184976 0.115182622486 0)
(0.023861165868 0.116230151688 0)
(0.0207077648646 0.116659985136 0)
(0.0171986443917 0.116393202265 0)
(0.013329253301 0.115345291516 0)
(0.00910321939496 0.113427376924 0)
(0.00453441264099 0.110548098352 0)
(-0.000350852137888 0.10661630005 0)
(-0.0055115878816 0.101544685331 0)
(-0.0108900688393 0.0952545761618 0)
(-0.0164102005447 0.0876818530455 0)
(-0.0219766889524 0.078784015549 0)
(-0.0274754341745 0.0685480934612 0)
(-0.0327756142208 0.0569988572041 0)
(-0.0377337855212 0.0442063671048 0)
(-0.0421997252644 0.0302916031378 0)
(-0.0460236148509 0.0154296135478 0)
(-0.0490656279835 -0.000150071876152 0)
(-0.0512074242037 -0.0161692611007 0)
(-0.0245007426823 -0.0315077341364 0)
(-0.0249799317244 -0.0484933635838 0)
(-0.0244034080105 -0.0649178007362 0)
(-0.0228012183171 -0.0804036797707 0)
(-0.0202567698735 -0.0946150037005 0)
(-0.0168961476928 -0.107278888305 0)
(-0.0128742800227 -0.118196994913 0)
(-0.00836126005614 -0.127248721965 0)
(-0.00352959429997 -0.134388317231 0)
(0.00145720447403 -0.139636770864 0)
(0.00645341116165 -0.14306990649 0)
(0.0113364320911 -0.144804917449 0)
(0.0160089587327 -0.144987246682 0)
(0.0203987185538 -0.143778909603 0)
(0.0244566125101 -0.141348758544 0)
(0.0281538897176 -0.137864823123 0)
(0.0314788683922 -0.133488635311 0)
(0.0344335780672 -0.128371314973 0)
(0.0370305760934 -0.122651129193 0)
(0.0392900903147 -0.116452225704 0)
(0.0412375627314 -0.109884258606 0)
(0.0429016141366 -0.103042659089 0)
(0.0443124135508 -0.0960093454043 0)
(0.0455004148009 -0.0888537083783 0)
(0.0464954119268 -0.0816337474692 0)
(0.0473258619232 -0.0743972657156 0)
(0.0480184249385 -0.0671830593364 0)
(0.0485976764576 -0.0600220593453 0)
(0.0490859517506 -0.052938398974 0)
(0.0495032890234 -0.0459503927661 0)
(0.0498674436437 -0.0390714217843 0)
(0.0501939512183 -0.0323107252276 0)
(0.0504962220013 -0.025674102559 0)
(0.0507856530787 -0.0191645325706 0)
(0.0510717480447 -0.0127827170793 0)
(0.0513622365182 -0.00652755747047 0)
(0.051663187938 -0.000396572380293 0)
(0.0519791157032 0.00561373543774 0)
(0.0523130689842 0.011507555427 0)
(0.052666710481 0.0172894815706 0)
(0.0530403791331 0.0229642541146 0)
(0.053433137326 0.0285365245161 0)
(0.0538428025607 0.0340106378821 0)
(0.0542659638808 0.0393904275485 0)
(0.0546979836297 0.0446790167451 0)
(0.0551329853751 0.0498786225209 0)
(0.055563829105 0.0549903572754 0)
(0.0559820751176 0.0600140233368 0)
(0.0563779384047 0.0649478960845 0)
(0.0567402358177 0.0697884911488 0)
(0.0570563289235 0.0745303112391 0)
(0.0573120662477 0.0791655682166 0)
(0.0574917296138 0.0836838761839 0)
(0.0575779905441 0.0880719116669 0)
(0.0575518842558 0.0923130375348 0)
(0.0573928106888 0.0963868882693 0)
(0.0570785742839 0.100268915714 0)
(0.0565854768947 0.103929896757 0)
(0.0558884812459 0.107335407814 0)
(0.054961465669 0.110445275805 0)
(0.0537775942926 0.113213021987 0)
(0.0523098301868 0.115585323917 0)
(0.0505316217628 0.117501532448 0)
(0.0484177944527 0.118893295225 0)
(0.0459456795834 0.119684356118 0)
(0.0430965093688 0.119790621176 0)
(0.039857099776 0.119120606001 0)
(0.0362218300868 0.117576406118 0)
(0.0321949071 0.115055360068 0)
(0.027792869327 0.11145260283 0)
(0.0230472349696 0.106664730569 0)
(0.0180071141795 0.10059480442 0)
(0.0127414847128 0.0931588772735 0)
(0.00734070456452 0.0842940797366 0)
(0.00191674256001 0.0739680403963 0)
(-0.00339851854051 0.0621890601884 0)
(-0.00845744146708 0.049015789936 0)
(-0.0131024721528 0.0345644529657 0)
(-0.017172397123 0.0190134958299 0)
(-0.0205124688758 0.00260729672342 0)
(-0.0229892916969 -0.0143491100885 0)
(0.00631709953996 -0.030322414611 0)
(0.00541695787966 -0.048346398306 0)
(0.00555093044847 -0.0658134376966 0)
(0.00670453735683 -0.0822872360699 0)
(0.00879877093317 -0.0973803434852 0)
(0.0117052446861 -0.110781970133 0)
(0.0152627629445 -0.122270236542 0)
(0.0192921806489 -0.131715002298 0)
(0.0236107854561 -0.139074331132 0)
(0.0280462782649 -0.144384158847 0)
(0.0324476307804 -0.147742727258 0)
(0.0366911387739 -0.14929336512 0)
(0.0406822598825 -0.149208346535 0)
(0.0443545723942 -0.14767508732 0)
(0.04766697738 -0.14488507948 0)
(0.0505999662411 -0.141025544142 0)
(0.0531515571585 -0.136273549808 0)
(0.055333319511 -0.130792220626 0)
(0.0571667462045 -0.124728621213 0)
(0.0586801099854 -0.118212920971 0)
(0.0599058519223 -0.111358486295 0)
(0.0608784923801 -0.104262607067 0)
(0.061633020176 -0.0970076236489 0)
(0.0622036979753 -0.0896622762902 0)
(0.0626232160406 -0.0822831469341 0)
(0.0629221279494 -0.0749161029395 0)
(0.0631285076755 -0.0675976831929 0)
(0.063267775288 -0.0603563904994 0)
(0.0633626469945 -0.0532138711373 0)
(0.0634331734314 -0.0461859743481 0)
(0.0634968374983 -0.0392836924947 0)
(0.0635686894104 -0.0325139876639 0)
(0.063661501969 -0.0258805134248 0)
(0.0637859333766 -0.0193842419532 0)
(0.0639506883617 -0.0130240072455 0)
(0.0641626710592 -0.00679697503242 0)
(0.0644271251423 -0.000699049528047 0)
(0.0647477582473 0.00527477352769 0)
(0.0651268488714 0.011130098842 0)
(0.0655653347546 0.0168728606193 0)
(0.0660628823478 0.0225090814634 0)
(0.0666179373871 0.0280446545507 0)
(0.0672277568885 0.0334851430249 0)
(0.0678884230896 0.038835591008 0)
(0.0685948400333 0.0441003409578 0)
(0.0693407136424 0.0492828523279 0)
(0.0701185163047 0.0543855166301 0)
(0.0709194372045 0.0594094640375 0)
(0.0717333199231 0.0643543566339 0)
(0.072548589229 0.0692181633261 0)
(0.073352169517 0.0739969112988 0)
(0.0741293980752 0.078684408749 0)
(0.074863937317 0.0832719335495 0)
(0.0755376913501 0.0877478824942 0)
(0.0761307338363 0.0920973760002 0)
(0.0766212560801 0.0963018137113 0)
(0.0769855467231 0.100338377537 0)
(0.077198017358 0.104179480545 0)
(0.0772312918234 0.107792163139 0)
(0.0770563808485 0.111137442454 0)
(0.076642967971 0.114169627484 0)
(0.0759598370206 0.116835621568 0)
(0.07497547557 0.119074246101 0)
(0.073658892089 0.120815635293 0)
(0.071980686331 0.121980771843 0)
(0.0699144116989 0.122481257891 0)
(0.0674382636104 0.122219444707 0)
(0.0645371177856 0.121089078144 0)
(0.0612049251454 0.118976655098 0)
(0.0574474422966 0.115763729965 0)
(0.0532852289609 0.111330459592 0)
(0.0487567508475 0.105560722876 0)
(0.043921261572 0.0983491501118 0)
(0.0388609568582 0.0896102440685 0)
(0.033681786328 0.0792894452725 0)
(0.0285120167187 0.0673755792487 0)
(0.0234975049168 0.053913001532 0)
(0.0187956907066 0.0390098101491 0)
(0.0145726747934 0.0228429829883 0)
(0.0109942308658 0.00566885177742 0)
(0.008204689789 -0.0121798129965 0)
(0.0406011724785 -0.0287181215507 0)
(0.0392060173697 -0.0477267648236 0)
(0.0387763156806 -0.0662086172056 0)
(0.0393273186601 -0.0836552365622 0)
(0.0407937571639 -0.0996192668139 0)
(0.0430547597623 -0.113746955019 0)
(0.0459518480043 -0.125788443373 0)
(0.0493023942155 -0.135600733273 0)
(0.0529154844392 -0.143145265474 0)
(0.0566104558827 -0.148475398832 0)
(0.0602314412744 -0.151715775916 0)
(0.0636545770386 -0.153040007988 0)
(0.0667893915263 -0.152650743193 0)
(0.0695767408224 -0.150763408109 0)
(0.0719848776347 -0.147593750327 0)
(0.0740046662799 -0.143348897308 0)
(0.0756446478836 -0.138221438734 0)
(0.0769264154158 -0.132385950935 0)
(0.077880552921 -0.125997389669 0)
(0.0785432441127 -0.119190839948 0)
(0.0789535586198 -0.112082195897 0)
(0.0791513665825 -0.104769431383 0)
(0.0791758024708 -0.0973342036974 0)
(0.0790641879947 -0.0898436031261 0)
(0.078851324841 -0.0823519189332 0)
(0.0785690755724 -0.0749023373542 0)
(0.0782461618572 -0.067528520971 0)
(0.0779081209885 -0.0602560431427 0)
(0.0775773730266 -0.0531036679206 0)
(0.0772733611249 -0.0460844768675 0)
(0.0770127363415 -0.0392068509839 0)
(0.076809565455 -0.0324753197334 0)
(0.0766755460888 -0.0258912909166 0)
(0.0766202179764 -0.0194536755817 0)
(0.076651162673 -0.0131594217805 0)
(0.0767741866222 -0.0070039701189 0)
(0.0769934844064 -0.000981642983894 0)
(0.0773117803876 0.00491402182097 0)
(0.0777304479144 0.0106899834297 0)
(0.0782496059254 0.0163534476826 0)
(0.0788681932115 0.0219116466536 0)
(0.0795840208615 0.0273716410667 0)
(0.0803938035705 0.0327401393642 0)
(0.0812931705743 0.0380233276913 0)
(0.0822766570173 0.0432267054237 0)
(0.0833376766037 0.0483549210861 0)
(0.0844684764424 0.0534116036214 0)
(0.0856600751045 0.0583991839473 0)
(0.0869021850951 0.0633187016135 0)
(0.0881831212374 0.0681695911559 0)
(0.0894896969008 0.07294944244 0)
(0.0908071106376 0.0776537289338 0)
(0.092118826657 0.0822754974875 0)
(0.0934064537485 0.086805012882 0)
(0.0946496288088 0.0912293502262 0)
(0.0958259131399 0.0955319283958 0)
(0.0969107122185 0.0996919782693 0)
(0.0978772327836 0.10368394084 0)
(0.0986964948754 0.107476792723 0)
(0.0993374209001 0.111033300596 0)
(0.0997670287803 0.114309212337 0)
(0.0999507616027 0.117252401693 0)
(0.0998529915104 0.119801995986 0)
(0.0994377404081 0.121887533301 0)
(0.0986696635957 0.123428217556 0)
(0.0975153435517 0.124332367285 0)
(0.0959449382195 0.124497187458 0)
(0.0939342199643 0.123809033423 0)
(0.0914670271583 0.122144383517 0)
(0.0885381291437 0.119371795957 0)
(0.0851564685094 0.115355204659 0)
(0.0813486483942 0.109959015694 0)
(0.0771623023919 0.103055551007 0)
(0.0726687102034 0.0945352532573 0)
(0.067963947822 0.0843196242054 0)
(0.0631672616488 0.0723764502949 0)
(0.0584141411629 0.0587350360625 0)
(0.0538484908934 0.0434935137484 0)
(0.0496282351687 0.0268200049367 0)
(0.0459222444472 0.00897750943605 0)
(0.0428756046604 -0.00967081846739 0)
(0.0790211488025 -0.0266496425343 0)
(0.0770288968278 -0.0465210054979 0)
(0.0758577795675 -0.0659425862755 0)
(0.0755766389957 -0.0843109707358 0)
(0.0761495271151 -0.101112240763 0)
(0.0774836173941 -0.115945492061 0)
(0.0794416407892 -0.128524319719 0)
(0.0818472182638 -0.138684046543 0)
(0.0845029241297 -0.146385759551 0)
(0.0872183880352 -0.151701864086 0)
(0.0898318315045 -0.154787616384 0)
(0.0922190697178 -0.155851463001 0)
(0.0942941469728 -0.155130229257 0)
(0.096005909639 -0.152870010148 0)
(0.0973326852838 -0.149312283825 0)
(0.0982762607911 -0.144684530861 0)
(0.0988559687838 -0.139194518101 0)
(0.0991033769045 -0.133027387311 0)
(0.0990578096293 -0.126344775376 0)
(0.098762755673 -0.119285324993 0)
(0.0982631123441 -0.111966081382 0)
(0.0976031661419 -0.104484394831 0)
(0.0968251884556 -0.0969200548707 0)
(0.095968524352 -0.0893374678488 0)
(0.0950690625371 -0.0817877562467 0)
(0.0941589898095 -0.0743107075739 0)
(0.0932667500457 -0.0669365358863 0)
(0.0924171438462 -0.0596874429525 0)
(0.0916315193273 -0.0525789815304 0)
(0.0909280167001 -0.0456212324749 0)
(0.090321839186 -0.0388198123574 0)
(0.0898255306461 -0.0321767303659 0)
(0.0894492463326 -0.0256911135076 0)
(0.0892010077127 -0.0193598183188 0)
(0.0890869356527 -0.0131779458835 0)
(0.0891114586595 -0.00713927529048 0)
(0.0892774945542 -0.00123662896256 0)
(0.0895866050986 0.00453781833906 0)
(0.0900391238292 0.0101922765189 0)
(0.0906342578051 0.0157351141357 0)
(0.0913701642106 0.0211746614579 0)
(0.0922440028516 0.0265190355836 0)
(0.0932519655883 0.0317759813419 0)
(0.0943892836893 0.036952722239 0)
(0.09565021402 0.0420558160919 0)
(0.0970280048972 0.0470910102059 0)
(0.0985148423954 0.0520630910241 0)
(0.100101777887 0.0569757230956 0)
(0.101778637672 0.0618312719897 0)
(0.103533915738 0.0666306054424 0)
(0.105354651015 0.0713728665472 0)
(0.107226290997 0.0760552122318 0)
(0.109132544385 0.0806725096207 0)
(0.111055226456 0.0852169822142 0)
(0.112974102392 0.0896777972009 0)
(0.114866735719 0.094040584809 0)
(0.11670835168 0.0982868805519 0)
(0.118471728576 0.102393481861 0)
(0.120127134279 0.106331712311 0)
(0.121642330017 0.110066589968 0)
(0.122982669252 0.113555902046 0)
(0.124111325861 0.11674919685 0)
(0.124989692359 0.11958671684 0)
(0.125577995291 0.121998314456 0)
(0.125836180084 0.123902416 0)
(0.125725120381 0.125205129263 0)
(0.125208204828 0.125799628426 0)
(0.124253345787 0.125565995592 0)
(0.122835439615 0.124371753938 0)
(0.120939290636 0.122073398587 0)
(0.118562991644 0.118519336754 0)
(0.115721671169 0.11355483681 0)
(0.112451191487 0.10702984357 0)
(0.10881090866 0.098810479351 0)
(0.104884673737 0.0887943655289 0)
(0.100778188008 0.0769296235053 0)
(0.0966058628674 0.0632349702698 0)
(0.0924747911234 0.0478021954231 0)
(0.088509715197 0.0307788001831 0)
(0.0848690506763 0.0124238992391 0)
(0.0816779805586 -0.00685826641605 0)
(0.12247542892 -0.0240648436292 0)
(0.119740320131 -0.0445622922094 0)
(0.117562281629 -0.0647745788574 0)
(0.116100157264 -0.083955781254 0)
(0.115373428183 -0.101529298372 0)
(0.115361061224 -0.117045387523 0)
(0.115983126065 -0.130161241764 0)
(0.117083797583 -0.140669243075 0)
(0.118457061103 -0.14852006143 0)
(0.119896461281 -0.15380561505 0)
(0.121229684179 -0.1567166741 0)
(0.12232970508 -0.15750193088 0)
(0.123113811025 -0.156436778291 0)
(0.123538222132 -0.153800897018 0)
(0.123590994894 -0.149862957673 0)
(0.123284486435 -0.144871050383 0)
(0.12264829759 -0.139047501682 0)
(0.121723213351 -0.132586846719 0)
(0.120556313782 -0.125655941125 0)
(0.119197224876 -0.118395430696 0)
(0.117695381053 -0.110922001272 0)
(0.116098132775 -0.103330998203 0)
(0.114449528114 -0.0956991366518 0)
(0.112789610761 -0.0880871245442 0)
(0.111154099107 -0.0805420937325 0)
(0.109574335594 -0.0730997867195 0)
(0.108077418856 -0.0657864810493 0)
(0.106686451856 -0.0586206554449 0)
(0.10542085647 -0.0516144146067 0)
(0.104296718845 -0.0447746961343 0)
(0.103327140603 -0.0381042854975 0)
(0.102522579166 -0.0316026649019 0)
(0.101891166443 -0.0252667203653 0)
(0.101438999497 -0.0190913290722 0)
(0.101170399824 -0.0130698465579 0)
(0.101088139956 -0.0071945107608 0)
(0.101193637469 -0.00145677764489 0)
(0.101487117281 0.00415239899487 0)
(0.101967743627 0.00964233275602 0)
(0.102633723276 0.0150224056213 0)
(0.103482381601 0.0203018967291 0)
(0.10451021304 0.0254898319538 0)
(0.105712907309 0.0305948481092 0)
(0.107085352568 0.0356250661714 0)
(0.10862161653 0.0405879682986 0)
(0.110314906309 0.0454902736244 0)
(0.112157507665 0.0503378078345 0)
(0.114140704165 0.0551353613901 0)
(0.116254676792 0.0598865309539 0)
(0.118488384543 0.06459353811 0)
(0.120829426822 0.0692570188278 0)
(0.12326388878 0.0738757763313 0)
(0.125776171426 0.0784464891078 0)
(0.128348809273 0.0829633647522 0)
(0.130962279698 0.0874177292617 0)
(0.133594810093 0.091797540404 0)
(0.136222191536 0.0960868130286 0)
(0.138817611101 0.100264944009 0)
(0.14135151939 0.104305925308 0)
(0.143791555313 0.108177436051 0)
(0.146102556771 0.111839809308 0)
(0.148246693423 0.115244877525 0)
(0.150183765959 0.118334713353 0)
(0.15187172448 0.121040301157 0)
(0.153267466068 0.123280199946 0)
(0.154327976305 0.124959292262 0)
(0.155011877979 0.125967756872 0)
(0.155281438629 0.126180456678 0)
(0.155105065342 0.125456997355 0)
(0.154460289283 0.123642790399 0)
(0.15333724631 0.120571575268 0)
(0.151742639285 0.116070148013 0)
(0.149703711386 0.109966627244 0)
(0.147270790391 0.102103804353 0)
(0.14451738982 0.0923578542704 0)
(0.141535741161 0.0806630231981 0)
(0.138409433522 0.067042290143 0)
(0.135169498066 0.051600231603 0)
(0.131859837688 0.0344461271155 0)
(0.128607473128 0.0158100902376 0)
(0.125481631645 -0.00382677995389 0)
(0.17219545669 -0.0208911370786 0)
(0.168503656222 -0.0415776064348 0)
(0.164915510227 -0.0623200278408 0)
(0.16172733365 -0.0821170008559 0)
(0.159066668621 -0.100362102054 0)
(0.157076559125 -0.116559814234 0)
(0.15580001019 -0.130260434387 0)
(0.155116705078 -0.141167406829 0)
(0.154797512544 -0.149201442548 0)
(0.154602337287 -0.154474473466 0)
(0.154337091161 -0.157219980202 0)
(0.15386536587 -0.15773431254 0)
(0.153103613909 -0.156337167955 0)
(0.152012764235 -0.153345479305 0)
(0.150588719928 -0.149056865659 0)
(0.148852847696 -0.143740290597 0)
(0.146843497603 -0.137631888984 0)
(0.144609071837 -0.130934243239 0)
(0.142202702496 -0.123817810936 0)
(0.139678375729 -0.116423580575 0)
(0.137088262623 -0.108866319718 0)
(0.134481006204 -0.101237993142 0)
(0.131900733775 -0.0936110855985 0)
(0.129386597719 -0.0860416761183 0)
(0.126972685544 -0.0785721883202 0)
(0.124688175495 -0.0712337921827 0)
(0.122557644888 -0.0640484642756 0)
(0.120601463613 -0.057030731343 0)
(0.118836225221 -0.0501891308029 0)
(0.11727518324 -0.0435274245029 0)
(0.115928671609 -0.0370456013355 0)
(0.114804496281 -0.0307407016467 0)
(0.113908290736 -0.0246074928085 0)
(0.113243832077 -0.0186390215407 0)
(0.112813316933 -0.012827064892 0)
(0.112617598029 -0.00716249844074 0)
(0.112656383224 -0.00163559733622 0)
(0.112928399303 0.00376371671465 0)
(0.113431522951 0.00904567152503 0)
(0.114162881319 0.0142204743057 0)
(0.115118924391 0.0192981674727 0)
(0.116295471124 0.0242885036165 0)
(0.11768773101 0.0292008336852 0)
(0.119290302425 0.0340440030336 0)
(0.121097148806 0.038826250365 0)
(0.123101553408 0.0435551047667 0)
(0.125296053137 0.0482372760341 0)
(0.127672351768 0.0528785332679 0)
(0.130221212702 0.0574835663398 0)
(0.132932331371 0.0620558242373 0)
(0.135794187519 0.0665973234983 0)
(0.138793877817 0.071108418946 0)
(0.141916929803 0.0755875277167 0)
(0.14514709896 0.0800307961575 0)
(0.148466152026 0.0844316975903 0)
(0.151853641489 0.0887805473058 0)
(0.155286678858 0.0930639195955 0)
(0.158739717861 0.097263950464 0)
(0.162184363557 0.101357509328 0)
(0.165589229495 0.105315224145 0)
(0.168919872858 0.109100347999 0)
(0.172138846839 0.112667462379 0)
(0.175205920098 0.115961024754 0)
(0.178078524534 0.118913787002 0)
(0.180712504051 0.121445138565 0)
(0.183063246222 0.123459466232 0)
(0.185087280235 0.124844673881 0)
(0.186744408966 0.125471070945 0)
(0.188000400791 0.125190915595 0)
(0.188830209452 0.123838984618 0)
(0.189221721231 0.121234664991 0)
(0.189180173794 0.117186454544 0)
(0.188732765943 0.11150084333 0)
(0.187930744941 0.103998385814 0)
(0.186847531386 0.0945375151194 0)
(0.185573746094 0.0830489541049 0)
(0.184163777091 0.0695940651991 0)
(0.18251141737 0.0543486325799 0)
(0.180489078729 0.0373613724608 0)
(0.178152597319 0.018777387058 0)
(0.175464540676 -0.000747226971824 0)
(0.229911835547 -0.0170264900985 0)
(0.224941448242 -0.0371564762165 0)
(0.219316340304 -0.0580258992603 0)
(0.213507210841 -0.0780801044214 0)
(0.207906610552 -0.0968353768053 0)
(0.202990402393 -0.11378502156 0)
(0.199032414958 -0.128226033122 0)
(0.19594650735 -0.139679763201 0)
(0.193436005425 -0.148006206599 0)
(0.19118909736 -0.153342190794 0)
(0.188968453954 -0.155976872902 0)
(0.186615907189 -0.156265826346 0)
(0.184039033557 -0.154581519714 0)
(0.181198072358 -0.15128343054 0)
(0.178092991303 -0.146700718239 0)
(0.174751214925 -0.141123832984 0)
(0.171217242213 -0.134802063761 0)
(0.167544619535 -0.127944691599 0)
(0.163790113161 -0.120724143754 0)
(0.160009709695 -0.113280104756 0)
(0.156256048245 -0.105723922032 0)
(0.152576925031 -0.0981429030454 0)
(0.149014568099 -0.0906042778899 0)
(0.145605441465 -0.0831587195674 0)
(0.142380395271 -0.0758433899385 0)
(0.139365027242 -0.0686845247806 0)
(0.136580159585 -0.0616995961348 0)
(0.134042365498 -0.0548991012878 0)
(0.131764501709 -0.0482880304659 0)
(0.129756219571 -0.0418670631833 0)
(0.128024438579 -0.0356335385675 0)
(0.12657377387 -0.0295822393612 0)
(0.125406914404 -0.0237060235353 0)
(0.124524951793 -0.0179963320679 0)
(0.123927661672 -0.012443596638 0)
(0.123613740626 -0.00703756683764 0)
(0.123581002113 -0.00176757303261 0)
(0.123826534958 0.0033772618767 0)
(0.124346827821 0.00840785088803 0)
(0.125137862737 0.0133350024874 0)
(0.126195180465 0.0181693038387 0)
(0.127513919947 0.0229210211583 0)
(0.129088833764 0.0276000116976 0)
(0.130914281052 0.0322156423496 0)
(0.132984198926 0.0367767102538 0)
(0.135292053117 0.0412913609192 0)
(0.137830768162 0.0457669993322 0)
(0.140592637213 0.0502101892533 0)
(0.143569211306 0.0546265354352 0)
(0.146751167785 0.0590205428029 0)
(0.150128157559 0.0633954456922 0)
(0.153688630992 0.0677529990304 0)
(0.157419642638 0.0720932218506 0)
(0.161306635673 0.0764140817193 0)
(0.165333208072 0.0807111065547 0)
(0.16948086433 0.0849769079707 0)
(0.173728759172 0.0892005978001 0)
(0.178053443456 0.093367077103 0)
(0.182428627748 0.0974561751555 0)
(0.186824986149 0.101441615325 0)
(0.191210032397 0.105289786405 0)
(0.195548112193 0.108958303374 0)
(0.199800570166 0.11239435246 0)
(0.203926166655 0.115532833853 0)
(0.207881838733 0.118294343861 0)
(0.211623919891 0.120583081061 0)
(0.215109945159 0.122284823547 0)
(0.218301155311 0.123265208347 0)
(0.22116574952 0.123368648484 0)
(0.223682820139 0.122418340813 0)
(0.225846939306 0.120217921795 0)
(0.227673817279 0.116555655886 0)
(0.229206728718 0.111213690002 0)
(0.230518520969 0.103987683145 0)
(0.231706954069 0.0947196967784 0)
(0.232898485522 0.0833526363127 0)
(0.234156556584 0.0700600416128 0)
(0.235151781663 0.0552521169637 0)
(0.235442176881 0.0388371516699 0)
(0.234878231209 0.0207353301623 0)
(0.233265051519 0.00207807525568 0)
(0.298005825166 -0.012436869864 0)
(0.291317775293 -0.0309363915177 0)
(0.282754571392 -0.0515105288188 0)
(0.272760058004 -0.070891984188 0)
(0.262618776495 -0.089809274475 0)
(0.253347346905 -0.107740512484 0)
(0.24564826969 -0.123276004788 0)
(0.239395132663 -0.135589800502 0)
(0.234117118157 -0.144437525133 0)
(0.229359215423 -0.149998084073 0)
(0.224805589141 -0.152641012425 0)
(0.220256342084 -0.152800514229 0)
(0.215597095066 -0.150915358625 0)
(0.210778859933 -0.147395881915 0)
(0.205799966768 -0.142607012064 0)
(0.200689680485 -0.136862115566 0)
(0.195495129324 -0.130423370172 0)
(0.190271818412 -0.123505605145 0)
(0.185077164819 -0.116281723136 0)
(0.179966349725 -0.108888598415 0)
(0.174989868786 -0.101432822042 0)
(0.170192279625 -0.0939959597671 0)
(0.165611757704 -0.0866391737496 0)
(0.161280171258 -0.0794071726605 0)
(0.157223467967 -0.0723315197542 0)
(0.153462229925 -0.0654333617196 0)
(0.150012301074 -0.058725654232 0)
(0.146885425531 -0.0522149613827 0)
(0.144089859371 -0.0459029009517 0)
(0.141630934724 -0.0397872992805 0)
(0.139511565939 -0.0338631103955 0)
(0.137732694441 -0.0281231451707 0)
(0.136293673157 -0.0225586482867 0)
(0.135192593797 -0.0171597537947 0)
(0.134426561511 -0.0119158442327 0)
(0.133991921884 -0.00681583340756 0)
(0.133884445221 -0.00184838903549 0)
(0.134099472785 0.00299789171533 0)
(0.134632029167 0.00773434323838 0)
(0.135476904445 0.0123721204722 0)
(0.136628709246 0.01692210878 0)
(0.138081905243 0.0213948488008 0)
(0.139830813105 0.0258004711735 0)
(0.1418695994 0.0301486366052 0)
(0.144192243492 0.0344484770842 0)
(0.146792485035 0.0387085341479 0)
(0.14966375225 0.0429366900214 0)
(0.152799070852 0.0471400871256 0)
(0.156190953155 0.0513250309164 0)
(0.159831266687 0.055496870227 0)
(0.163711081486 0.059659848208 0)
(0.167820495305 0.0638169155612 0)
(0.172148436128 0.0679694959905 0)
(0.176682442004 0.0721171915971 0)
(0.181408419137 0.0762574132876 0)
(0.1863103809 0.0803849181473 0)
(0.191370172992 0.0844912321853 0)
(0.196567193936 0.088563933059 0)
(0.201878125868 0.092585763679 0)
(0.207276698853 0.0965335445584 0)
(0.212733523511 0.100376851486 0)
(0.218216042368 0.10407642715 0)
(0.223688670539 0.10758230291 0)
(0.229113221759 0.110831622381 0)
(0.234449748797 0.11374618534 0)
(0.239657968948 0.116229775782 0)
(0.244699484865 0.118165412701 0)
(0.249541023747 0.119412773314 0)
(0.254158859633 0.119806200094 0)
(0.258544381961 0.119153912318 0)
(0.262710654583 0.117239073847 0)
(0.266700698186 0.113823145751 0)
(0.270598477962 0.108654143194 0)
(0.274534850356 0.101491105096 0)
(0.278683321737 0.0921566489473 0)
(0.283299025186 0.0806259291536 0)
(0.288585873061 0.067304148148 0)
(0.293800993625 0.0532842725638 0)
(0.298109964452 0.0382845796142 0)
(0.30064378209 0.0210060572478 0)
(0.301124348001 0.00419198907467 0)
(0.37934792357 -0.0072017110282 0)
(0.370614605947 -0.0222470185907 0)
(0.358447795564 -0.0418159594818 0)
(0.341231550249 -0.0579232697539 0)
(0.323989439614 -0.0773909612724 0)
(0.308162937714 -0.0970750915701 0)
(0.295325792239 -0.114407957422 0)
(0.285003972853 -0.128165327687 0)
(0.276339851243 -0.137944870721 0)
(0.26860751016 -0.144011996761 0)
(0.261357989406 -0.146865046934 0)
(0.254320100594 -0.147051401053 0)
(0.247338885865 -0.145098797006 0)
(0.240344966665 -0.141481803066 0)
(0.233328218249 -0.136607951038 0)
(0.226314998662 -0.130816243468 0)
(0.21935121166 -0.124382120449 0)
(0.212490872277 -0.117525160109 0)
(0.20578884555 -0.11041749639 0)
(0.199296528598 -0.103191922002 0)
(0.193059542075 -0.0959491849073 0)
(0.187116746938 -0.0887642906958 0)
(0.18150009597 -0.0816917936053 0)
(0.17623497904 -0.0747701488481 0)
(0.171340833188 -0.0680252395986 0)
(0.166831869406 -0.0614732034726 0)
(0.162717824092 -0.0551226787101 0)
(0.159004681087 -0.0489765778669 0)
(0.155695335038 -0.0430334815467 0)
(0.152790182705 -0.0372887293352 0)
(0.150287638525 -0.0317352710238 0)
(0.148184576434 -0.0263643289804 0)
(0.146476702989 -0.0211659122653 0)
(0.145158868264 -0.0161292146964 0)
(0.144225321383 -0.0112429222988 0)
(0.143669917369 -0.00649545018646 0)
(0.143486281472 -0.00187512468736 0)
(0.143667936458 0.00262967679588 0)
(0.14420839762 0.00703041827207 0)
(0.145101239508 0.0113383220504 0)
(0.146340137714 0.015564303587 0)
(0.147918888339 0.0197189189614 0)
(0.149831407197 0.0238123204445 0)
(0.152071710237 0.0278542161488 0)
(0.15463387615 0.0318538300437 0)
(0.157511991632 0.0358198586858 0)
(0.16070007939 0.039760420887 0)
(0.164192008495 0.0436829961753 0)
(0.167981386402 0.0475943473117 0)
(0.172061431601 0.0515004212617 0)
(0.176424825656 0.055406221827 0)
(0.181063543275 0.0593156455761 0)
(0.185968659119 0.0632312706892 0)
(0.191130130448 0.0671540857517 0)
(0.196536555444 0.0710831423124 0)
(0.202174908606 0.0750151110688 0)
(0.208030257023 0.0789437167882 0)
(0.214085465396 0.0828590215474 0)
(0.220320903834 0.0867465197091 0)
(0.22671418187 0.0905860016621 0)
(0.233239946118 0.0943501375608 0)
(0.23986979918 0.0980027286606 0)
(0.24657242504 0.101496574584 0)
(0.253314043695 0.104770912331 0)
(0.260059371778 0.107748400662 0)
(0.266773344596 0.110331662643 0)
(0.273423950214 0.112399480658 0)
(0.279986618449 0.113802881596 0)
(0.286450640254 0.11436159722 0)
(0.292827765459 0.113861762222 0)
(0.299162412061 0.112055672396 0)
(0.305544576932 0.108663150578 0)
(0.312132184901 0.103376843662 0)
(0.319177160344 0.095894331695 0)
(0.327029825783 0.0860033881955 0)
(0.336252065495 0.0736921669928 0)
(0.347549051063 0.0595836585637 0)
(0.359304464458 0.0456080605529 0)
(0.370736912195 0.0340971774005 0)
(0.377736102112 0.0183399723731 0)
(0.381634461442 0.00478151639649 0)
(0.4772144483 -0.00126611678243 0)
(0.468262514297 -0.00631687613858 0)
(0.453391402146 -0.0169320004012 0)
(0.419142740386 -0.0303548208747 0)
(0.391763437836 -0.0566908106886 0)
(0.366886491449 -0.0798920646035 0)
(0.347264948502 -0.100330306474 0)
(0.331874430537 -0.116582404542 0)
(0.31924642562 -0.127974130379 0)
(0.308150880729 -0.134984522735 0)
(0.297921120158 -0.138343389944 0)
(0.288175487586 -0.138775008452 0)
(0.278697067539 -0.136934003185 0)
(0.269385546681 -0.133379900807 0)
(0.260216965256 -0.128573023793 0)
(0.251211265975 -0.12288220479 0)
(0.2424101335 -0.116597162676 0)
(0.233863192494 -0.109941744067 0)
(0.225619901587 -0.103086302333 0)
(0.217725136168 -0.0961585176135 0)
(0.210217105293 -0.0892524794954 0)
(0.20312669793 -0.0824361098625 0)
(0.196477659162 -0.0757571165073 0)
(0.190287208521 -0.0692477041358 0)
(0.184566858014 -0.0629282655197 0)
(0.179323284528 -0.0568102527285 0)
(0.174559174297 -0.0508983986221 0)
(0.170273996728 -0.0451924286792 0)
(0.16646468904 -0.0396883758951 0)
(0.163126247337 -0.0343795880964 0)
(0.160252227562 -0.0292574977439 0)
(0.157835163779 -0.0243122087683 0)
(0.155866912796 -0.0195329426885 0)
(0.154338934463 -0.014908376644 0)
(0.153242516485 -0.0104268985109 0)
(0.152568951768 -0.00607679851178 0)
(0.152309675315 -0.00184641232377 0)
(0.152456366704 0.00227577268042 0)
(0.153001023184 0.00630103898679 0)
(0.153936007556 0.0102403811412 0)
(0.155254074184 0.0141044628873 0)
(0.156948375764 0.0179035845835 0)
(0.15901245281 0.0216476569704 0)
(0.161440207266 0.025346177836 0)
(0.164225861066 0.0290082083723 0)
(0.167363900026 0.0326423460455 0)
(0.170849002947 0.0362566906408 0)
(0.174675955406 0.0398587997394 0)
(0.178839547285 0.0434556292581 0)
(0.183334452729 0.0470534537556 0)
(0.188155090892 0.050657759938 0)
(0.19329546558 0.0542731050907 0)
(0.198748981812 0.0579029299217 0)
(0.204508237432 0.0615493123778 0)
(0.210564788444 0.0652126452238 0)
(0.21690888788 0.0688912153745 0)
(0.22352920021 0.0725806569072 0)
(0.230412497058 0.0762732421626 0)
(0.237543346225 0.0799569661961 0)
(0.244903816129 0.0836143690294 0)
(0.252473233756 0.0872210279757 0)
(0.260228058912 0.090743639811 0)
(0.268141973135 0.0941376013516 0)
(0.276186332263 0.0973439879038 0)
(0.284331211931 0.100285823087 0)
(0.29254740852 0.102863545742 0)
(0.300809948432 0.104949647912 0)
(0.309103906643 0.106382605473 0)
(0.317433601905 0.10696048947 0)
(0.325835833068 0.106435212024 0)
(0.334396028565 0.104508684179 0)
(0.343269374666 0.100830027396 0)
(0.352728662318 0.094994403272 0)
(0.363243685239 0.086574255767 0)
(0.375498076387 0.0752157674809 0)
(0.390569340808 0.0608471780296 0)
(0.409748317715 0.043889260001 0)
(0.430461919092 0.0254044150264 0)
(0.458575059544 0.0143717774771 0)
(0.470515840808 0.00573408201859 0)
(0.477816912003 0.00130961546543 0)
(0.5 0 0)
(0.5 0 0)
(0.5 0 0)
(0.491455820918 -0.00227782816356 0)
(0.465809407 -0.0207058390197 0)
(0.428315794482 -0.0525472333247 0)
(0.399784433082 -0.0791872771379 0)
(0.378359148811 -0.100015186639 0)
(0.36146024037 -0.114084767097 0)
(0.346849587121 -0.122639173802 0)
(0.333541826421 -0.126880063928 0)
(0.321013381995 -0.127820876208 0)
(0.308974378433 -0.126301553862 0)
(0.297292675934 -0.122995649647 0)
(0.285931978648 -0.118429454049 0)
(0.274906716857 -0.113006621927 0)
(0.264254104936 -0.10703219499 0)
(0.254018182961 -0.10073368149 0)
(0.244241242162 -0.0942785943092 0)
(0.234959648572 -0.0877885520264 0)
(0.226202228248 -0.0813503600791 0)
(0.217990088726 -0.0750245874463 0)
(0.210337191046 -0.0688521369188 0)
(0.20325126256 -0.0628592427747 0)
(0.196734814498 -0.0570612538319 0)
(0.190786135969 -0.0514654876264 0)
(0.185400200916 -0.0460733788534 0)
(0.180569462233 -0.0408820938014 0)
(0.176284528146 -0.0358857417115 0)
(0.172534726883 -0.0310762822849 0)
(0.16930857068 -0.0264442042743 0)
(0.166594131898 -0.0219790316311 0)
(0.164379343942 -0.0176696997206 0)
(0.16265223871 -0.0135048336288 0)
(0.161401130949 -0.00947295269909 0)
(0.160614758436 -0.0055626195296 0)
(0.160282385512 -0.00176254724999 0)
(0.160393876174 0.00193832440395 0)
(0.160939741849 0.00555077615861 0)
(0.161911167906 0.00908527316999 0)
(0.16330002214 0.0125519409788 0)
(0.165098847707 0.0159605495009 0)
(0.167300842292 0.0193205017533 0)
(0.169899824765 0.0226408244265 0)
(0.172890189994 0.0259301576128 0)
(0.176266852045 0.0291967409953 0)
(0.180025175503 0.0324483936092 0)
(0.184160894212 0.0356924838721 0)
(0.188670016298 0.0389358859253 0)
(0.193548713893 0.042184917383 0)
(0.198793195555 0.0454452522626 0)
(0.204399558992 0.0487218010777 0)
(0.210363621381 0.0520185476791 0)
(0.216680724393 0.0553383292208 0)
(0.223345511171 0.0586825413882 0)
(0.230351673146 0.0620507454306 0)
(0.23769166611 0.0654401461838 0)
(0.245356398014 0.0688449006558 0)
(0.253334896459 0.0722552042556 0)
(0.261613973484 0.0756560856537 0)
(0.270177921881 0.0790258209312 0)
(0.279008304572 0.0823338529999 0)
(0.288083939311 0.0855380732955 0)
(0.297381239694 0.0885812857959 0)
(0.306875176479 0.0913866216372 0)
(0.316541323855 0.0938516248822 0)
(0.326359766909 0.0958407464067 0)
(0.336322070419 0.0971760308955 0)
(0.34644317572 0.0976257742826 0)
(0.356780169861 0.0968915747089 0)
(0.367457015491 0.0945959239018 0)
(0.378697917508 0.0902688083061 0)
(0.390910486124 0.0833200520576 0)
(0.404843585357 0.0730001394971 0)
(0.421785394131 0.0583763321687 0)
(0.443720618659 0.0395683982698 0)
(0.472646107242 0.0160003933771 0)
(0.492708285174 0.0013705724145 0)
(0.5 0 0)
(0.5 0 0)
(0.5 0 0)
(0.5 0 0)
(0.5 0 0)
(0.5 0 0)
(0.5 0 0)
(0.5 0 0)
(0.486084986455 -0.012169857955 0)
(0.448276790676 -0.0495362141297 0)
(0.421286026386 -0.0781420175053 0)
(0.400870736467 -0.0962343261542 0)
(0.383150451584 -0.106996379285 0)
(0.367014106772 -0.112497814458 0)
(0.351861332045 -0.114201118435 0)
(0.337362598612 -0.113205686241 0)
(0.323380097507 -0.110331665767 0)
(0.309882495959 -0.10618343177 0)
(0.296888537766 -0.10120220153 0)
(0.284435775438 -0.0957073669532 0)
(0.272564421272 -0.0899281177701 0)
(0.261309657454 -0.0840273073032 0)
(0.25069857446 -0.07811923595 0)
(0.240749547927 -0.072282776558 0)
(0.231472821207 -0.0665710095998 0)
(0.2228716113 -0.0610182777956 0)
(0.214943368638 -0.0556453460866 0)
(0.207681000551 -0.0504631756466 0)
(0.201073970718 -0.045475685624 0)
(0.195109243432 -0.0406817755353 0)
(0.189772071028 -0.0360768070479 0)
(0.185046636843 -0.0316536897774 0)
(0.180916571603 -0.0274036764385 0)
(0.177365362274 -0.0233169442227 0)
(0.174376671321 -0.0193830186308 0)
(0.171934582308 -0.0155910809829 0)
(0.170023785498 -0.0119301899293 0)
(0.16862971487 -0.00838943932807 0)
(0.167738645976 -0.00495806904768 0)
(0.167337762268 -0.00162554100892 0)
(0.16741519606 0.00161841032716 0)
(0.167960048997 0.00478374609306 0)
(0.168962395875 0.00788010448832 0)
(0.170413274768 0.0109167915026 0)
(0.172304665654 0.0139027776417 0)
(0.174629459121 0.0168466979719 0)
(0.17738141616 0.0197568531414 0)
(0.180555119565 0.0226412091873 0)
(0.184145916974 0.025507393904 0)
(0.188149855155 0.028362687339 0)
(0.192563604686 0.0312140035673 0)
(0.197384373689 0.0340678602472 0)
(0.202609808825 0.0369303315232 0)
(0.208237881188 0.0398069785206 0)
(0.214266754196 0.0427027498664 0)
(0.220694630005 0.0456218422026 0)
(0.227519570412 0.048567507293 0)
(0.234739287796 0.0515417877563 0)
(0.242350901536 0.0545451572596 0)
(0.250350655799 0.0575760325562 0)
(0.258733596228 0.0606301132382 0)
(0.267493206636 0.0636994893242 0)
(0.276621014205 0.0667714352278 0)
(0.286106186116 0.0698267793019 0)
(0.29593516656 0.0728376993109 0)
(0.306091441426 0.0757647432542 0)
(0.316555569333 0.0785528001536 0)
(0.327305725664 0.081125625356 0)
(0.338319272409 0.0833783864728 0)
(0.349576263629 0.0851676297323 0)
(0.361066214047 0.0862978649507 0)
(0.372800671396 0.0865032066055 0)
(0.384836119022 0.085423106614 0)
(0.397306917952 0.0825756440673 0)
(0.410460406079 0.0773226494924 0)
(0.42473060327 0.0687714286174 0)
(0.440908237327 0.0555696972349 0)
(0.461526888562 0.0354823131106 0)
(0.489559942237 0.00870971021441 0)
(0.5 0 0)
(0.5 0 0)
(0.5 0 0)
(0.5 0 0)
(0.5 0 0)
(0.5 0 0)
(0.5 0 0)
(0.5 0 0)
(0.5 0 0)
(0.5 0 0)
(0.5 0 0)
(0.486283228338 -0.0161273803011 0)
(0.456115308956 -0.0524597283415 0)
(0.434699211164 -0.0754048146253 0)
(0.415174387305 -0.0887089251396 0)
(0.396969372638 -0.0956081731866 0)
(0.379657730839 -0.0981760419988 0)
(0.362998608431 -0.0978192356458 0)
(0.346924769618 -0.0955134224072 0)
(0.331452413836 -0.0919365243532 0)
(0.316626949248 -0.0875592382606 0)
(0.302497384257 -0.0827078188962 0)
(0.289105253267 -0.0776075117612 0)
(0.2764807247 -0.0724128080237 0)
(0.264642242372 -0.0672285660004 0)
(0.253597736176 -0.0621247625547 0)
(0.243346389684 -0.0571468182975 0)
(0.233880476895 -0.0523228507262 0)
(0.225187047535 -0.0476687899724 0)
(0.217249376351 -0.0431920016768 0)
(0.210048161121 -0.0388938624666 0)
(0.203562487049 -0.0347715969119 0)
(0.197770588148 -0.0308195910255 0)
(0.192650438895 -0.027030332809 0)
(0.188180207342 -0.0233950857833 0)
(0.184338596916 -0.0199043705154 0)
(0.181105099792 -0.0165483075552 0)
(0.178460180541 -0.0133168600195 0)
(0.176385405194 -0.0102000033373 0)
(0.174863527731 -0.00718784205383 0)
(0.173878543542 -0.0042706881456 0)
(0.173415717325 -0.00143911140678 0)
(0.173461591255 0.00131603033147 0)
(0.174003977929 0.00400357540401 0)
(0.175031941527 0.00663205262912 0)
(0.176535769783 0.00920968245677 0)
(0.178506938614 0.0117443823764 0)
(0.180938070713 0.0142437744776 0)
(0.183822888864 0.016715193334 0)
(0.187156164285 0.0191656924833 0)
(0.190933659895 0.021602047727 0)
(0.195152067935 0.0240307552609 0)
(0.199808940975 0.0264580222526 0)
(0.204902614786 0.0288897468696 0)
(0.210432121087 0.0313314838757 0)
(0.216397087449 0.0337883906558 0)
(0.222797620968 0.0362651467836 0)
(0.2296341714 0.0387658378307 0)
(0.236907368459 0.0412937907624 0)
(0.244617826881 0.0438513436157 0)
(0.252765911711 0.0464395256819 0)
(0.261351455234 0.0490576153386 0)
(0.270373416361 0.051702529871 0)
(0.279829473629 0.0543679834032 0)
(0.289715545736 0.0570433229281 0)
(0.300025242239 0.0597119150159 0)
(0.310749266072 0.0623489036762 0)
(0.321874813579 0.0649180872744 0)
(0.333385035808 0.0673675461322 0)
(0.345258707515 0.0696234523487 0)
(0.357470573201 0.0715812591424 0)
(0.369993203292 0.0730933402023 0)
(0.382801134786 0.0739515910696 0)
(0.39587997205 0.0738615124623 0)
(0.409249364376 0.0724049141054 0)
(0.422998389366 0.0689968950311 0)
(0.437286999242 0.0628205021032 0)
(0.452341077842 0.0525781870882 0)
(0.468463020323 0.0362598929309 0)
(0.490291550542 0.0109544614833 0)
(0.5 0 0)
(0.5 0 0)
(0.5 0 0)
(0.5 0 0)
(0.5 0 0)
(0.5 0 0)
(0.5 0 0)
(0.5 0 0)
(0.5 0 0)
(0.5 0 0)
(0.5 0 0)
(0.5 0 0)
(0.499328166196 -0.00215298007531 0)
(0.480457610705 -0.0305719965338 0)
(0.46023118165 -0.0549311031156 0)
(0.441220742203 -0.0694065185829 0)
(0.422204625733 -0.0770941740928 0)
(0.403440832473 -0.0802684342111 0)
(0.385073325785 -0.0804831714135 0)
(0.367233423417 -0.0787884732601 0)
(0.350044366723 -0.075886878462 0)
(0.333606763772 -0.0722480801078 0)
(0.317994743716 -0.0681864739443 0)
(0.303257741445 -0.0639121730679 0)
(0.289424123575 -0.0595649250511 0)
(0.276505337729 -0.0552367981794 0)
(0.264499835383 -0.0509874038929 0)
(0.253396438388 -0.04685416529 0)
(0.243177088996 -0.0428592916283 0)
(0.23381903139 -0.0390145492781 0)
(0.225296506083 -0.0353245475023 0)
(0.217582044208 -0.0317890153737 0)
(0.210647442452 -0.0284043878749 0)
(0.204464487931 -0.0251649151653 0)
(0.19900548977 -0.0220634401947 0)
(0.194243662548 -0.0190919440222 0)
(0.190153396989 -0.0162419274402 0)
(0.186710445269 -0.0135046766459 0)
(0.183892042024 -0.0108714464295 0)
(0.181676977183 -0.00833358451397 0)
(0.180045632949 -0.00588261382783 0)
(0.178979994279 -0.00351028470484 0)
(0.178463639962 -0.00120860562984 0)
(0.178481719679 0.00103014123249 0)
(0.179020921031 0.00321339518075 0)
(0.180069429538 0.00534831943622 0)
(0.181616883758 0.00744180839831 0)
(0.183654327045 0.00950049774846 0)
(0.186174156907 0.0115307758216 0)
(0.189170072498 0.0135387948735 0)
(0.192637020349 0.0155304809433 0)
(0.196571138059 0.0175115409455 0)
(0.200969695263 0.0194874654338 0)
(0.205831030751 0.0214635251233 0)
(0.211154484131 0.0234447587147 0)
(0.216940319769 0.0254359487749 0)
(0.223189640057 0.0274415813017 0)
(0.229904284052 0.0294657830227 0)
(0.237086706382 0.0315122282608 0)
(0.244739829796 0.0335840040788 0)
(0.252866862821 0.0356834180111 0)
(0.261471071676 0.0378117264319 0)
(0.270555492682 0.0399687526296 0)
(0.2801225679 0.0421523506419 0)
(0.290173682574 0.0443576518309 0)
(0.300708578957 0.0465760028419 0)
(0.311724620445 0.0487934615555 0)
(0.323215886185 0.0509886572439 0)
(0.335172071721 0.0531297335796 0)
(0.347577123786 0.0551699427042 0)
(0.360407564509 0.0570411886053 0)
(0.373630846274 0.0586445242332 0)
(0.3872042109 0.0598365026699 0)
(0.401073180078 0.0604093690279 0)
(0.415171475355 0.0600598743417 0)
(0.429437604635 0.0583442841626 0)
(0.443838561261 0.0546343390313 0)
(0.458239246459 0.0480639625384 0)
(0.472418091033 0.0372315320271 0)
(0.486702990048 0.0200954577856 0)
(0.499515374442 0.00143643618674 0)
(0.5 0 0)
(0.5 0 0)
(0.5 0 0)
(0.5 0 0)
(0.5 0 0)
(0.5 0 0)
(0.5 0 0)
(0.5 0 0)
(0.5 0 0)
(0.5 0 0)
(0.5 0 0)
(0.5 0 0)
(0.5 0 0)
(0.495485241522 -0.00949347054573 0)
(0.479575296044 -0.0358772452015 0)
(0.461528530794 -0.0501915676986 0)
(0.442273893252 -0.0577543271685 0)
(0.422576186244 -0.0610355473214 0)
(0.402938401593 -0.061609279058 0)
(0.383703880715 -0.0604845620286 0)
(0.365121500591 -0.0583111152734 0)
(0.347358891946 -0.0555111905464 0)
(0.330522154816 -0.0523603563663 0)
(0.314672760471 -0.0490382755279 0)
(0.299839973915 -0.0456615717542 0)
(0.286030232106 -0.0423052464154 0)
(0.273234155696 -0.0390166627812 0)
(0.261431686734 -0.0358247300817 0)
(0.250595818444 -0.0327459847084 0)
(0.240695291399 -0.0297886518021 0)
(0.231696532902 -0.0269553805899 0)
(0.223565042561 -0.0242451006089 0)
(0.216266373476 -0.021654289567 0)
(0.209766818843 -0.0191778436031 0)
(0.204033884294 -0.0168096763606 0)
(0.199036604604 -0.0145431315303 0)
(0.194745747596 -0.0123712661437 0)
(0.191133936578 -0.0102870437595 0)
(0.188175714224 -0.00828346452007 0)
(0.185847564742 -0.00635365082783 0)
(0.184127906657 -0.00449090176309 0)
(0.182997065263 -0.00268872548572 0)
(0.182437231381 -0.000940856174478 0)
(0.182432411269 0.000758739818683 0)
(0.18296837119 0.00241586523661 0)
(0.184032579156 0.00403609815833 0)
(0.185614145602 0.00562480139903 0)
(0.187703764146 0.007187133683 0)
(0.190293653127 0.00872806147377 0)
(0.193377498222 0.0102523704953 0)
(0.196950396045 0.0117646760194 0)
(0.201008798339 0.0132694309351 0)
(0.205550455934 0.0147709304515 0)
(0.210574361266 0.016273311996 0)
(0.216080687695 0.0177805484271 0)
(0.222070723219 0.0192964320365 0)
(0.228546795327 0.0208245458898 0)
(0.235512182583 0.0223682177509 0)
(0.242971007055 0.0239304499772 0)
(0.250928099683 0.0255138161363 0)
(0.259388827989 0.0271203113138 0)
(0.26835887194 0.0287511376298 0)
(0.277843928898 0.0304063985217 0)
(0.287849321865 0.0320846635909 0)
(0.298379476013 0.033782348188 0)
(0.309437216271 0.0354928250933 0)
(0.321022826767 0.0372051449137 0)
(0.333132802095 0.038902182287 0)
(0.345758174947 0.0405579361675 0)
(0.358882164401 0.0421335501279 0)
(0.372476849388 0.0435713196196 0)
(0.386499058727 0.0447856623076 0)
(0.400885343505 0.045649991314 0)
(0.415542519418 0.0459771829199 0)
(0.430335446282 0.0454872911972 0)
(0.445099900617 0.0437624307393 0)
(0.45967025683 0.0402207840062 0)
(0.473618988598 0.0340882240133 0)
(0.485185074311 0.0238848211302 0)
(0.497186737498 0.005899264147 0)
(0.5 0 0)
(0.5 0 0)
(0.5 0 0)
(0.5 0 0)
(0.5 0 0)
(0.5 0 0)
(0.5 0 0)
(0.5 0 0)
(0.5 0 0)
(0.5 0 0)
(0.5 0 0)
(0.5 0 0)
(0.5 0 0)
(0.5 0 0)
(0.500169007298 -0.00174199669076 0)
(0.492700868461 -0.0206217407467 0)
(0.475662212695 -0.0321011098897 0)
(0.456638682196 -0.0381952389821 0)
(0.436511985755 -0.0409594807149 0)
(0.416050996069 -0.0416180507215 0)
(0.395830105725 -0.0409762410454 0)
(0.376229760404 -0.0395455593232 0)
(0.357485113242 -0.0376516872565 0)
(0.339734985976 -0.0355028453448 0)
(0.323054240031 -0.0332320775097 0)
(0.307474785463 -0.0309240889835 0)
(0.293000041515 -0.028632340301 0)
(0.279614910676 -0.0263899510049 0)
(0.267292578956 -0.0242167059174 0)
(0.255999144869 -0.022123602629 0)
(0.245696777999 -0.02011583343 0)
(0.236345874109 -0.01819475959 0)
(0.227906519428 -0.0163592299735 0)
(0.220339476799 -0.0146064683009 0)
(0.21360683975 -0.0129326735013 0)
(0.207672455362 -0.0113334272318 0)
(0.202502185963 -0.00980397055331 0)
(0.198064058605 -0.00833939110077 0)
(0.194328336729 -0.00693474860216 0)
(0.19126753833 -0.00558515771053 0)
(0.188856417865 -0.00428584116974 0)
(0.187071924159 -0.00303216232691 0)
(0.185893143021 -0.0018196432714 0)
(0.185301230778 -0.000643973007011 0)
(0.185279343097 0.000498991230955 0)
(0.185812562181 0.00161322730021 0)
(0.186887824444 0.00270255452321 0)
(0.188493850092 0.0037706419373 0)
(0.190621075475 0.00482101753938 0)
(0.193261588674 0.00585707781852 0)
(0.196409068419 0.00688209696452 0)
(0.20005872613 0.00789923516326 0)
(0.20420725054 0.00891154534219 0)
(0.208852754023 0.00992197761154 0)
(0.213994719308 0.0109333804407 0)
(0.219633944745 0.0119484972957 0)
(0.225772485567 0.0129699570063 0)
(0.232413587683 0.014000255475 0)
(0.239561609195 0.0150417253997 0)
(0.247221923125 0.0160964893491 0)
(0.255400792365 0.0171663896045 0)
(0.264105204478 0.018252885406 0)
(0.273342649317 0.0193569041953 0)
(0.283120815731 0.0204786274655 0)
(0.293447174034 0.0216171828884 0)
(0.304328396876 0.0227702008057 0)
(0.315769551313 0.0239331721941 0)
(0.327772971953 0.0250985129906 0)
(0.340336697401 0.0262541924097 0)
(0.353452262728 0.0273817113762 0)
(0.367101401191 0.0284530802246 0)
(0.381251113009 0.0294261896266 0)
(0.395847165117 0.0302377544612 0)
(0.41080507602 0.0307930377636 0)
(0.425991743134 0.0309502224671 0)
(0.441199739792 0.0304935862189 0)
(0.456163493941 0.0290965512297 0)
(0.470582470604 0.0262948667979 0)
(0.483509920228 0.0214465734698 0)
(0.496765923185 0.0133811946231 0)
(0.499297045888 0.000922032887343 0)
(0.5 0 0)
(0.5 0 0)
(0.5 0 0)
(0.5 0 0)
(0.5 0 0)
(0.5 0 0)
(0.5 0 0)
(0.5 0 0)
(0.5 0 0)
(0.5 0 0)
(0.5 0 0)
(0.5 0 0)
(0.5 0 0)
(0.5 0 0)
(0.5 0 0)
(0.495657221093 -0.00793202768109 0)
(0.482902446397 -0.0153456540251 0)
(0.465018551026 -0.0188791985282 0)
(0.444865765392 -0.020505688433 0)
(0.424013188498 -0.0209508673024 0)
(0.403235063132 -0.0206771713305 0)
(0.383026963785 -0.0199736737374 0)
(0.363683250226 -0.019021063908 0)
(0.345370971327 -0.0179329431934 0)
(0.32817684679 -0.0167807978794 0)
(0.312135943763 -0.0156095124815 0)
(0.297250396819 -0.0144470531129 0)
(0.283501739894 -0.0133105278938 0)
(0.270858976374 -0.0122100165508 0)
(0.259283873485 -0.0111510204077 0)
(0.248734455144 -0.0101360486909 0)
(0.239167310481 -0.00916565694788 0)
(0.230539113774 -0.00823913347033 0)
(0.222807614811 -0.00735495675891 0)
(0.215932271611 -0.00651110225057 0)
(0.209874640693 -0.00570524867469 0)
(0.204598602663 -0.00493491688983 0)
(0.20007047617 -0.00419756290095 0)
(0.196259056616 -0.00349063955903 0)
(0.193135604783 -0.00281163673536 0)
(0.190673802867 -0.00215810664676 0)
(0.18884969004 -0.0015276789197 0)
(0.187641586045 -0.000918068568877 0)
(0.187030008684 -0.000327079103912 0)
(0.186997589275 0.000247397683516 0)
(0.187528988859 0.000807384155028 0)
(0.18861081701 0.00135482069903 0)
(0.190231554431 0.00189157047121 0)
(0.192381480031 0.00241942457324 0)
(0.195052602783 0.00294010732791 0)
(0.198238598339 0.00345528135536 0)
(0.201934750113 0.00396655216426 0)
(0.206137894202 0.00447547194592 0)
(0.210846367219 0.00498354219766 0)
(0.216059955678 0.00549221469446 0)
(0.221779845008 0.00600289016553 0)
(0.228008565594 0.00651691379505 0)
(0.234749932184 0.00703556632403 0)
(0.242008971653 0.0075600490408 0)
(0.249791832146 0.00809146024583 0)
(0.258105663904 0.0086307597636 0)
(0.266958458225 0.00917871660214 0)
(0.276358825577 0.00973583270237 0)
(0.286315685946 0.0103022325107 0)
(0.296837832944 0.0108775032784 0)
(0.307933315763 0.0114604636077 0)
(0.319608557913 0.0120488262863 0)
(0.331867101405 0.0126387037789 0)
(0.344707825985 0.0132238789776 0)
(0.358122371704 0.0137947248059 0)
(0.372091183167 0.0143365795195 0)
(0.386577481247 0.0148272415787 0)
(0.401519206973 0.015233147541 0)
(0.416817401696 0.0155038467658 0)
(0.432311982718 0.0155634689903 0)
(0.447748236547 0.0152955751295 0)
(0.462783102123 0.0145209990934 0)
(0.476978372485 0.0129555961399 0)
(0.489079394008 0.0100869735454 0)
(0.496849736424 0.00488334336573 0)
(0.5 0 0)
(0.5 0 0)
(0.5 0 0)
(0.5 0 0)
(0.5 0 0)
(0.5 0 0)
(0.5 0 0)
(0.5 0 0)
(0.5 0 0)
(0.5 0 0)
(0.5 0 0)
(0.5 0 0)
(0.5 0 0)
(0.5 0 0)
(0.5 0 0)
(0.5 0 0)
(0.496775132232 1.01407311472e-14 0)
(0.485645447115 2.42862045113e-14 0)
(0.467812240581 3.09468492612e-14 0)
(0.447649929251 3.68073913606e-14 0)
(0.426679641553 4.22716248769e-14 0)
(0.405722825335 4.78976950457e-14 0)
(0.385313930855 5.45144996691e-14 0)
(0.365769562483 6.1043488968e-14 0)
(0.347267821013 6.84141706327e-14 0)
(0.329900222357 7.55830762545e-14 0)
(0.313703262353 8.23598181873e-14 0)
(0.298678787513 8.85452039794e-14 0)
(0.284807240791 9.40413487903e-14 0)
(0.272056217698 9.85331400376e-14 0)
(0.26038601156 1.02593838315e-13 0)
(0.249753230709 1.05747622578e-13 0)
(0.240113163561 1.08542893486e-13 0)
(0.231421319047 1.10604116496e-13 0)
(0.223634418785 1.12054870632e-13 0)
(0.216711022443 1.13052619766e-13 0)
(0.210611906655 1.13552748358e-13 0)
(0.205300278049 1.13538155824e-13 0)
(0.200741874867 1.13126264473e-13 0)
(0.196904994252 1.12484556576e-13 0)
(0.193760470682 1.1167428722e-13 0)
(0.191281623058 1.10644745379e-13 0)
(0.189444182598 1.09546705204e-13 0)
(0.188226209879 1.08443320081e-13 0)
(0.187608006828 1.07394760241e-13 0)
(0.187572027601 1.06431046036e-13 0)
(0.188102791031 1.05675286404e-13 0)
(0.189186796405 1.05126265885e-13 0)
(0.190812443681 1.04789301231e-13 0)
(0.192969958765 1.04765386238e-13 0)
(0.195651324095 1.05016388581e-13 0)
(0.198850214484 1.05526098562e-13 0)
(0.202561937866 1.06321672313e-13 0)
(0.206783380336 1.07512193812e-13 0)
(0.211512954491 1.09031856625e-13 0)
(0.21675054973 1.10835522038e-13 0)
(0.222497482557 1.12954537392e-13 0)
(0.228756444246 1.15350457061e-13 0)
(0.235531442171 1.18104082134e-13 0)
(0.242827729689 1.21157908021e-13 0)
(0.250651717469 1.24493586726e-13 0)
(0.259010856289 1.28101831719e-13 0)
(0.267913477368 1.31937595053e-13 0)
(0.277368570523 1.3595461099e-13 0)
(0.287385472152 1.40207753806e-13 0)
(0.297973422699 1.44384020829e-13 0)
(0.309140934669 1.48616717026e-13 0)
(0.320894885215 1.52571214446e-13 0)
(0.333239214544 1.56250626482e-13 0)
(0.346173068476 1.59347309469e-13 0)
(0.359688091029 1.61707041598e-13 0)
(0.373764238464 1.62942867975e-13 0)
(0.388363375532 1.62481743298e-13 0)
(0.40342072245 1.60016348282e-13 0)
(0.418832430332 1.53973232159e-13 0)
(0.434429555699 1.44211790709e-13 0)
(0.449943065476 1.29664901698e-13 0)
(0.465007709263 1.10231684949e-13 0)
(0.479144708831 8.56724350157e-14 0)
(0.491069978914 5.70816056164e-14 0)
(0.498129029492 1.78660216837e-14 0)
(0.5 0 0)
(0.5 0 0)
(0.5 0 0)
(0.5 0 0)
(0.5 0 0)
(0.5 0 0)
(0.5 0 0)
(0.5 0 0)
(0.5 0 0)
(0.5 0 0)
(0.5 0 0)
(0.5 0 0)
(0.5 0 0)
(0.5 0 0)
(0.5 0 0)
(0.5 0 0)
(0.495657221093 0.00793202768111 0)
(0.482902446397 0.0153456540251 0)
(0.465018551026 0.0188791985282 0)
(0.444865765392 0.0205056884331 0)
(0.424013188498 0.0209508673025 0)
(0.403235063132 0.0206771713306 0)
(0.383026963785 0.0199736737375 0)
(0.363683250226 0.0190210639081 0)
(0.345370971327 0.0179329431936 0)
(0.32817684679 0.0167807978796 0)
(0.312135943763 0.0156095124817 0)
(0.297250396819 0.014447053113 0)
(0.283501739894 0.013310527894 0)
(0.270858976374 0.012210016551 0)
(0.259283873485 0.0111510204079 0)
(0.248734455144 0.0101360486911 0)
(0.239167310481 0.0091656569481 0)
(0.230539113774 0.00823913347055 0)
(0.222807614811 0.00735495675913 0)
(0.215932271611 0.00651110225079 0)
(0.209874640693 0.00570524867492 0)
(0.204598602663 0.00493491689006 0)
(0.20007047617 0.00419756290118 0)
(0.196259056616 0.00349063955925 0)
(0.193135604783 0.00281163673558 0)
(0.190673802867 0.00215810664699 0)
(0.18884969004 0.00152767891992 0)
(0.187641586045 0.000918068569094 0)
(0.187030008684 0.000327079104127 0)
(0.186997589275 -0.000247397683304 0)
(0.187528988859 -0.000807384154816 0)
(0.18861081701 -0.00135482069882 0)
(0.190231554431 -0.001891570471 0)
(0.192381480031 -0.00241942457303 0)
(0.195052602783 -0.0029401073277 0)
(0.198238598339 -0.00345528135515 0)
(0.201934750113 -0.00396655216405 0)
(0.206137894202 -0.00447547194571 0)
(0.210846367219 -0.00498354219745 0)
(0.216059955678 -0.00549221469424 0)
(0.221779845008 -0.00600289016531 0)
(0.228008565594 -0.00651691379481 0)
(0.234749932184 -0.00703556632379 0)
(0.242008971653 -0.00756004904055 0)
(0.249791832146 -0.00809146024558 0)
(0.258105663904 -0.00863075976335 0)
(0.266958458225 -0.00917871660187 0)
(0.276358825577 -0.0097358327021 0)
(0.286315685946 -0.0103022325104 0)
(0.296837832944 -0.0108775032781 0)
(0.307933315763 -0.0114604636074 0)
(0.319608557913 -0.012048826286 0)
(0.331867101405 -0.0126387037785 0)
(0.344707825985 -0.0132238789773 0)
(0.358122371704 -0.0137947248056 0)
(0.372091183167 -0.0143365795192 0)
(0.386577481247 -0.0148272415784 0)
(0.401519206973 -0.0152331475407 0)
(0.416817401696 -0.0155038467655 0)
(0.432311982719 -0.01556346899 0)
(0.447748236548 -0.0152955751292 0)
(0.462783102123 -0.0145209990932 0)
(0.476978372485 -0.0129555961397 0)
(0.489079394008 -0.0100869735453 0)
(0.496849736424 -0.0048833433657 0)
(0.5 0 0)
(0.5 0 0)
(0.5 0 0)
(0.5 0 0)
(0.5 0 0)
(0.5 0 0)
(0.5 0 0)
(0.5 0 0)
(0.5 0 0)
(0.5 0 0)
(0.5 0 0)
(0.5 0 0)
(0.5 0 0)
(0.5 0 0)
(0.5 0 0)
(0.500169007298 0.00174199669076 0)
(0.492700868461 0.0206217407467 0)
(0.475662212695 0.0321011098897 0)
(0.456638682196 0.0381952389822 0)
(0.436511985755 0.0409594807149 0)
(0.416050996069 0.0416180507215 0)
(0.395830105725 0.0409762410455 0)
(0.376229760404 0.0395455593233 0)
(0.357485113242 0.0376516872567 0)
(0.339734985976 0.0355028453449 0)
(0.323054240031 0.0332320775098 0)
(0.307474785463 0.0309240889837 0)
(0.293000041515 0.0286323403011 0)
(0.279614910676 0.0263899510051 0)
(0.267292578956 0.0242167059176 0)
(0.255999144869 0.0221236026292 0)
(0.245696777999 0.0201158334302 0)
(0.236345874109 0.0181947595902 0)
(0.227906519428 0.0163592299737 0)
(0.220339476799 0.0146064683011 0)
(0.21360683975 0.0129326735016 0)
(0.207672455362 0.011333427232 0)
(0.202502185963 0.00980397055354 0)
(0.198064058605 0.00833939110099 0)
(0.194328336729 0.00693474860239 0)
(0.19126753833 0.00558515771076 0)
(0.188856417866 0.00428584116996 0)
(0.187071924159 0.00303216232713 0)
(0.185893143021 0.00181964327162 0)
(0.185301230778 0.000643973007226 0)
(0.185279343097 -0.000498991230743 0)
(0.185812562181 -0.0016132273 0)
(0.186887824444 -0.002702554523 0)
(0.188493850092 -0.00377064193709 0)
(0.190621075475 -0.00482101753917 0)
(0.193261588674 -0.00585707781831 0)
(0.196409068419 -0.00688209696431 0)
(0.20005872613 -0.00789923516305 0)
(0.20420725054 -0.00891154534198 0)
(0.208852754023 -0.00992197761132 0)
(0.213994719308 -0.0109333804405 0)
(0.219633944745 -0.0119484972954 0)
(0.225772485568 -0.0129699570061 0)
(0.232413587683 -0.0140002554748 0)
(0.239561609195 -0.0150417253994 0)
(0.247221923125 -0.0160964893489 0)
(0.255400792365 -0.0171663896043 0)
(0.264105204478 -0.0182528854058 0)
(0.273342649318 -0.019356904195 0)
(0.283120815731 -0.0204786274652 0)
(0.293447174034 -0.0216171828881 0)
(0.304328396876 -0.0227702008054 0)
(0.315769551313 -0.0239331721938 0)
(0.327772971953 -0.0250985129903 0)
(0.340336697401 -0.0262541924094 0)
(0.353452262728 -0.0273817113759 0)
(0.367101401191 -0.0284530802243 0)
(0.381251113009 -0.0294261896263 0)
(0.395847165117 -0.0302377544608 0)
(0.41080507602 -0.0307930377633 0)
(0.425991743134 -0.0309502224668 0)
(0.441199739792 -0.0304935862186 0)
(0.456163493942 -0.0290965512295 0)
(0.470582470604 -0.0262948667977 0)
(0.483509920228 -0.0214465734697 0)
(0.496765923185 -0.0133811946231 0)
(0.499297045888 -0.000922032887339 0)
(0.5 0 0)
(0.5 0 0)
(0.5 0 0)
(0.5 0 0)
(0.5 0 0)
(0.5 0 0)
(0.5 0 0)
(0.5 0 0)
(0.5 0 0)
(0.5 0 0)
(0.5 0 0)
(0.5 0 0)
(0.5 0 0)
(0.5 0 0)
(0.495485241522 0.00949347054574 0)
(0.479575296044 0.0358772452015 0)
(0.461528530794 0.0501915676986 0)
(0.442273893252 0.0577543271685 0)
(0.422576186244 0.0610355473215 0)
(0.402938401593 0.0616092790581 0)
(0.383703880715 0.0604845620287 0)
(0.365121500591 0.0583111152735 0)
(0.347358891946 0.0555111905465 0)
(0.330522154816 0.0523603563664 0)
(0.314672760471 0.0490382755281 0)
(0.299839973915 0.0456615717544 0)
(0.286030232106 0.0423052464156 0)
(0.273234155696 0.0390166627814 0)
(0.261431686734 0.0358247300819 0)
(0.250595818444 0.0327459847086 0)
(0.240695291399 0.0297886518023 0)
(0.231696532902 0.0269553805901 0)
(0.223565042561 0.0242451006091 0)
(0.216266373476 0.0216542895672 0)
(0.209766818843 0.0191778436033 0)
(0.204033884294 0.0168096763609 0)
(0.199036604604 0.0145431315305 0)
(0.194745747596 0.0123712661439 0)
(0.191133936578 0.0102870437597 0)
(0.188175714224 0.0082834645203 0)
(0.185847564742 0.00635365082805 0)
(0.184127906657 0.00449090176331 0)
(0.182997065263 0.00268872548593 0)
(0.182437231381 0.000940856174691 0)
(0.182432411269 -0.000758739818472 0)
(0.18296837119 -0.0024158652364 0)
(0.184032579156 -0.00403609815812 0)
(0.185614145602 -0.00562480139882 0)
(0.187703764146 -0.00718713368279 0)
(0.190293653127 -0.00872806147357 0)
(0.193377498222 -0.0102523704951 0)
(0.196950396045 -0.0117646760192 0)
(0.201008798339 -0.0132694309349 0)
(0.205550455934 -0.0147709304513 0)
(0.210574361266 -0.0162733119957 0)
(0.216080687695 -0.0177805484269 0)
(0.222070723219 -0.0192964320363 0)
(0.228546795327 -0.0208245458896 0)
(0.235512182583 -0.0223682177507 0)
(0.242971007055 -0.0239304499769 0)
(0.250928099683 -0.025513816136 0)
(0.259388827989 -0.0271203113136 0)
(0.26835887194 -0.0287511376296 0)
(0.277843928898 -0.0304063985215 0)
(0.287849321865 -0.0320846635906 0)
(0.298379476013 -0.0337823481877 0)
(0.309437216271 -0.035492825093 0)
(0.321022826767 -0.0372051449134 0)
(0.333132802095 -0.0389021822867 0)
(0.345758174947 -0.0405579361672 0)
(0.358882164401 -0.0421335501276 0)
(0.372476849388 -0.0435713196193 0)
(0.386499058727 -0.0447856623073 0)
(0.400885343506 -0.0456499913137 0)
(0.415542519418 -0.0459771829196 0)
(0.430335446282 -0.0454872911969 0)
(0.445099900617 -0.0437624307391 0)
(0.45967025683 -0.040220784006 0)
(0.473618988598 -0.0340882240132 0)
(0.485185074311 -0.0238848211301 0)
(0.497186737498 -0.00589926414699 0)
(0.5 0 0)
(0.5 0 0)
(0.5 0 0)
(0.5 0 0)
(0.5 0 0)
(0.5 0 0)
(0.5 0 0)
(0.5 0 0)
(0.5 0 0)
(0.5 0 0)
(0.5 0 0)
(0.5 0 0)
(0.5 0 0)
(0.499328166196 0.00215298007532 0)
(0.480457610705 0.0305719965338 0)
(0.46023118165 0.0549311031157 0)
(0.441220742203 0.0694065185829 0)
(0.422204625733 0.0770941740928 0)
(0.403440832473 0.0802684342111 0)
(0.385073325785 0.0804831714135 0)
(0.367233423417 0.0787884732602 0)
(0.350044366723 0.0758868784621 0)
(0.333606763772 0.0722480801079 0)
(0.317994743716 0.0681864739445 0)
(0.303257741445 0.0639121730681 0)
(0.289424123575 0.0595649250512 0)
(0.276505337729 0.0552367981796 0)
(0.264499835383 0.0509874038931 0)
(0.253396438388 0.0468541652902 0)
(0.243177088996 0.0428592916285 0)
(0.23381903139 0.0390145492783 0)
(0.225296506083 0.0353245475025 0)
(0.217582044208 0.031789015374 0)
(0.210647442452 0.0284043878751 0)
(0.204464487931 0.0251649151656 0)
(0.19900548977 0.022063440195 0)
(0.194243662548 0.0190919440224 0)
(0.190153396989 0.0162419274405 0)
(0.186710445269 0.0135046766461 0)
(0.183892042024 0.0108714464297 0)
(0.181676977183 0.00833358451419 0)
(0.180045632949 0.00588261382805 0)
(0.178979994279 0.00351028470505 0)
(0.178463639962 0.00120860563005 0)
(0.178481719679 -0.00103014123228 0)
(0.179020921031 -0.00321339518054 0)
(0.180069429538 -0.00534831943601 0)
(0.181616883758 -0.0074418083981 0)
(0.183654327045 -0.00950049774826 0)
(0.186174156907 -0.0115307758213 0)
(0.189170072498 -0.0135387948733 0)
(0.192637020349 -0.0155304809431 0)
(0.19657113806 -0.0175115409453 0)
(0.200969695263 -0.0194874654336 0)
(0.205831030751 -0.021463525123 0)
(0.211154484131 -0.0234447587145 0)
(0.216940319769 -0.0254359487747 0)
(0.223189640058 -0.0274415813015 0)
(0.229904284052 -0.0294657830225 0)
(0.237086706382 -0.0315122282606 0)
(0.244739829797 -0.0335840040786 0)
(0.252866862821 -0.0356834180108 0)
(0.261471071676 -0.0378117264316 0)
(0.270555492682 -0.0399687526293 0)
(0.2801225679 -0.0421523506416 0)
(0.290173682575 -0.0443576518307 0)
(0.300708578957 -0.0465760028416 0)
(0.311724620445 -0.0487934615552 0)
(0.323215886185 -0.0509886572436 0)
(0.335172071721 -0.0531297335793 0)
(0.347577123786 -0.0551699427039 0)
(0.360407564509 -0.057041188605 0)
(0.373630846274 -0.0586445242329 0)
(0.387204210901 -0.0598365026696 0)
(0.401073180078 -0.0604093690276 0)
(0.415171475355 -0.0600598743414 0)
(0.429437604636 -0.0583442841623 0)
(0.443838561261 -0.0546343390311 0)
(0.458239246459 -0.0480639625383 0)
(0.472418091033 -0.037231532027 0)
(0.486702990048 -0.0200954577855 0)
(0.499515374442 -0.00143643618674 0)
(0.5 0 0)
(0.5 0 0)
(0.5 0 0)
(0.5 0 0)
(0.5 0 0)
(0.5 0 0)
(0.5 0 0)
(0.5 0 0)
(0.5 0 0)
(0.5 0 0)
(0.5 0 0)
(0.5 0 0)
(0.486283228338 0.0161273803011 0)
(0.456115308956 0.0524597283415 0)
(0.434699211164 0.0754048146253 0)
(0.415174387305 0.0887089251396 0)
(0.396969372638 0.0956081731866 0)
(0.379657730839 0.0981760419989 0)
(0.362998608431 0.0978192356459 0)
(0.346924769618 0.0955134224073 0)
(0.331452413836 0.0919365243533 0)
(0.316626949248 0.0875592382607 0)
(0.302497384257 0.0827078188963 0)
(0.289105253267 0.0776075117613 0)
(0.2764807247 0.0724128080238 0)
(0.264642242372 0.0672285660006 0)
(0.253597736176 0.0621247625549 0)
(0.243346389684 0.0571468182977 0)
(0.233880476895 0.0523228507264 0)
(0.225187047535 0.0476687899726 0)
(0.217249376351 0.0431920016771 0)
(0.210048161121 0.0388938624668 0)
(0.203562487049 0.0347715969121 0)
(0.197770588148 0.0308195910257 0)
(0.192650438895 0.0270303328092 0)
(0.188180207342 0.0233950857835 0)
(0.184338596916 0.0199043705156 0)
(0.181105099792 0.0165483075555 0)
(0.178460180541 0.0133168600197 0)
(0.176385405194 0.0102000033375 0)
(0.174863527731 0.00718784205404 0)
(0.173878543542 0.00427068814581 0)
(0.173415717325 0.00143911140699 0)
(0.173461591255 -0.00131603033126 0)
(0.174003977929 -0.0040035754038 0)
(0.175031941527 -0.00663205262891 0)
(0.176535769783 -0.00920968245657 0)
(0.178506938614 -0.0117443823761 0)
(0.180938070713 -0.0142437744774 0)
(0.183822888864 -0.0167151933338 0)
(0.187156164285 -0.0191656924831 0)
(0.190933659895 -0.0216020477268 0)
(0.195152067935 -0.0240307552607 0)
(0.199808940975 -0.0264580222524 0)
(0.204902614786 -0.0288897468694 0)
(0.210432121087 -0.0313314838755 0)
(0.216397087449 -0.0337883906556 0)
(0.222797620969 -0.0362651467834 0)
(0.2296341714 -0.0387658378305 0)
(0.236907368459 -0.0412937907622 0)
(0.244617826881 -0.0438513436155 0)
(0.252765911711 -0.0464395256816 0)
(0.261351455234 -0.0490576153383 0)
(0.270373416361 -0.0517025298707 0)
(0.279829473629 -0.054367983403 0)
(0.289715545736 -0.0570433229278 0)
(0.300025242239 -0.0597119150156 0)
(0.310749266072 -0.0623489036759 0)
(0.321874813579 -0.0649180872741 0)
(0.333385035808 -0.0673675461319 0)
(0.345258707515 -0.0696234523484 0)
(0.357470573201 -0.0715812591421 0)
(0.369993203292 -0.073093340202 0)
(0.382801134786 -0.0739515910693 0)
(0.39587997205 -0.0738615124621 0)
(0.409249364376 -0.0724049141051 0)
(0.422998389366 -0.0689968950309 0)
(0.437286999242 -0.062820502103 0)
(0.452341077842 -0.0525781870881 0)
(0.468463020323 -0.0362598929308 0)
(0.490291550542 -0.0109544614832 0)
(0.5 0 0)
(0.5 0 0)
(0.5 0 0)
(0.5 0 0)
(0.5 0 0)
(0.5 0 0)
(0.5 0 0)
(0.5 0 0)
(0.5 0 0)
(0.5 0 0)
(0.5 0 0)
(0.486084986455 0.012169857955 0)
(0.448276790676 0.0495362141297 0)
(0.421286026386 0.0781420175053 0)
(0.400870736467 0.0962343261542 0)
(0.383150451584 0.106996379285 0)
(0.367014106772 0.112497814458 0)
(0.351861332045 0.114201118435 0)
(0.337362598612 0.113205686241 0)
(0.323380097507 0.110331665767 0)
(0.309882495959 0.10618343177 0)
(0.296888537766 0.10120220153 0)
(0.284435775438 0.0957073669533 0)
(0.272564421272 0.0899281177703 0)
(0.261309657454 0.0840273073034 0)
(0.25069857446 0.0781192359502 0)
(0.240749547927 0.0722827765582 0)
(0.231472821207 0.0665710096 0)
(0.2228716113 0.0610182777958 0)
(0.214943368638 0.0556453460868 0)
(0.207681000551 0.0504631756468 0)
(0.201073970718 0.0454756856243 0)
(0.195109243432 0.0406817755355 0)
(0.189772071028 0.0360768070481 0)
(0.185046636843 0.0316536897777 0)
(0.180916571603 0.0274036764387 0)
(0.177365362274 0.0233169442229 0)
(0.174376671321 0.019383018631 0)
(0.171934582308 0.0155910809831 0)
(0.170023785498 0.0119301899295 0)
(0.16862971487 0.00838943932829 0)
(0.167738645976 0.00495806904789 0)
(0.167337762268 0.00162554100913 0)
(0.16741519606 -0.00161841032695 0)
(0.167960048997 -0.00478374609286 0)
(0.168962395875 -0.00788010448812 0)
(0.170413274768 -0.0109167915024 0)
(0.172304665654 -0.0139027776415 0)
(0.174629459121 -0.0168466979717 0)
(0.17738141616 -0.0197568531412 0)
(0.180555119565 -0.0226412091871 0)
(0.184145916974 -0.0255073939038 0)
(0.188149855156 -0.0283626873388 0)
(0.192563604686 -0.031214003567 0)
(0.197384373689 -0.034067860247 0)
(0.202609808825 -0.036930331523 0)
(0.208237881188 -0.0398069785204 0)
(0.214266754196 -0.0427027498662 0)
(0.220694630005 -0.0456218422024 0)
(0.227519570412 -0.0485675072927 0)
(0.234739287797 -0.0515417877561 0)
(0.242350901536 -0.0545451572593 0)
(0.250350655799 -0.0575760325559 0)
(0.258733596228 -0.0606301132379 0)
(0.267493206636 -0.0636994893239 0)
(0.276621014206 -0.0667714352275 0)
(0.286106186116 -0.0698267793016 0)
(0.29593516656 -0.0728376993106 0)
(0.306091441426 -0.0757647432539 0)
(0.316555569333 -0.0785528001533 0)
(0.327305725664 -0.0811256253557 0)
(0.338319272409 -0.0833783864725 0)
(0.349576263629 -0.085167629732 0)
(0.361066214047 -0.0862978649504 0)
(0.372800671396 -0.0865032066052 0)
(0.384836119023 -0.0854231066138 0)
(0.397306917952 -0.0825756440671 0)
(0.410460406079 -0.0773226494922 0)
(0.424730603271 -0.0687714286172 0)
(0.440908237327 -0.0555696972348 0)
(0.461526888562 -0.0354823131106 0)
(0.489559942237 -0.0087097102144 0)
(0.5 0 0)
(0.5 0 0)
(0.5 0 0)
(0.5 0 0)
(0.5 0 0)
(0.5 0 0)
(0.5 0 0)
(0.5 0 0)
(0.491455820918 0.00227782816355 0)
(0.465809407 0.0207058390197 0)
(0.428315794482 0.0525472333247 0)
(0.399784433082 0.0791872771379 0)
(0.378359148811 0.100015186639 0)
(0.36146024037 0.114084767097 0)
(0.346849587121 0.122639173802 0)
(0.333541826421 0.126880063928 0)
(0.321013381995 0.127820876208 0)
(0.308974378433 0.126301553862 0)
(0.297292675934 0.122995649647 0)
(0.285931978648 0.118429454049 0)
(0.274906716857 0.113006621927 0)
(0.264254104936 0.10703219499 0)
(0.254018182961 0.10073368149 0)
(0.244241242162 0.0942785943094 0)
(0.234959648572 0.0877885520265 0)
(0.226202228248 0.0813503600793 0)
(0.217990088726 0.0750245874465 0)
(0.210337191046 0.068852136919 0)
(0.20325126256 0.0628592427749 0)
(0.196734814499 0.0570612538321 0)
(0.190786135969 0.0514654876267 0)
(0.185400200916 0.0460733788536 0)
(0.180569462233 0.0408820938016 0)
(0.176284528146 0.0358857417118 0)
(0.172534726883 0.0310762822851 0)
(0.16930857068 0.0264442042746 0)
(0.166594131898 0.0219790316314 0)
(0.164379343942 0.0176696997209 0)
(0.16265223871 0.0135048336291 0)
(0.161401130949 0.00947295269931 0)
(0.160614758436 0.00556261952981 0)
(0.160282385512 0.00176254725019 0)
(0.160393876174 -0.00193832440374 0)
(0.160939741849 -0.0055507761584 0)
(0.161911167906 -0.00908527316979 0)
(0.16330002214 -0.0125519409786 0)
(0.165098847707 -0.0159605495007 0)
(0.167300842292 -0.0193205017531 0)
(0.169899824765 -0.0226408244263 0)
(0.172890189994 -0.0259301576126 0)
(0.176266852045 -0.0291967409951 0)
(0.180025175503 -0.032448393609 0)
(0.184160894212 -0.0356924838719 0)
(0.188670016298 -0.0389358859251 0)
(0.193548713894 -0.0421849173828 0)
(0.198793195555 -0.0454452522624 0)
(0.204399558992 -0.0487218010775 0)
(0.210363621381 -0.0520185476788 0)
(0.216680724393 -0.0553383292205 0)
(0.223345511171 -0.058682541388 0)
(0.230351673147 -0.0620507454303 0)
(0.23769166611 -0.0654401461835 0)
(0.245356398015 -0.0688449006555 0)
(0.253334896459 -0.0722552042553 0)
(0.261613973484 -0.0756560856535 0)
(0.270177921881 -0.0790258209309 0)
(0.279008304572 -0.0823338529997 0)
(0.288083939312 -0.0855380732952 0)
(0.297381239694 -0.0885812857956 0)
(0.306875176479 -0.0913866216369 0)
(0.316541323855 -0.0938516248819 0)
(0.326359766909 -0.0958407464064 0)
(0.336322070419 -0.0971760308952 0)
(0.34644317572 -0.0976257742824 0)
(0.356780169861 -0.0968915747086 0)
(0.367457015492 -0.0945959239016 0)
(0.378697917509 -0.0902688083059 0)
(0.390910486125 -0.0833200520574 0)
(0.404843585357 -0.073000139497 0)
(0.421785394131 -0.0583763321686 0)
(0.443720618659 -0.0395683982698 0)
(0.472646107242 -0.0160003933771 0)
(0.492708285174 -0.0013705724145 0)
(0.5 0 0)
(0.5 0 0)
(0.5 0 0)
(0.4772144483 0.00126611678243 0)
(0.468262514297 0.00631687613857 0)
(0.453391402146 0.0169320004012 0)
(0.419142740386 0.0303548208747 0)
(0.391763437836 0.0566908106886 0)
(0.366886491449 0.0798920646035 0)
(0.347264948502 0.100330306474 0)
(0.331874430538 0.116582404542 0)
(0.31924642562 0.127974130379 0)
(0.308150880729 0.134984522735 0)
(0.297921120158 0.138343389944 0)
(0.288175487586 0.138775008452 0)
(0.278697067539 0.136934003185 0)
(0.269385546681 0.133379900807 0)
(0.260216965256 0.128573023793 0)
(0.251211265975 0.12288220479 0)
(0.2424101335 0.116597162676 0)
(0.233863192494 0.109941744068 0)
(0.225619901587 0.103086302333 0)
(0.217725136168 0.0961585176136 0)
(0.210217105293 0.0892524794956 0)
(0.20312669793 0.0824361098627 0)
(0.196477659162 0.0757571165076 0)
(0.190287208521 0.069247704136 0)
(0.184566858014 0.0629282655199 0)
(0.179323284528 0.0568102527287 0)
(0.174559174297 0.0508983986224 0)
(0.170273996728 0.0451924286794 0)
(0.166464689041 0.0396883758953 0)
(0.163126247337 0.0343795880967 0)
(0.160252227562 0.0292574977441 0)
(0.157835163779 0.0243122087685 0)
(0.155866912796 0.0195329426887 0)
(0.154338934463 0.0149083766442 0)
(0.153242516485 0.0104268985111 0)
(0.152568951768 0.00607679851199 0)
(0.152309675315 0.00184641232398 0)
(0.152456366704 -0.00227577268022 0)
(0.153001023184 -0.00630103898659 0)
(0.153936007556 -0.010240381141 0)
(0.155254074184 -0.0141044628871 0)
(0.156948375764 -0.0179035845833 0)
(0.15901245281 -0.0216476569702 0)
(0.161440207266 -0.0253461778358 0)
(0.164225861066 -0.0290082083721 0)
(0.167363900026 -0.0326423460453 0)
(0.170849002947 -0.0362566906406 0)
(0.174675955406 -0.0398587997392 0)
(0.178839547285 -0.0434556292579 0)
(0.183334452729 -0.0470534537554 0)
(0.188155090892 -0.0506577599378 0)
(0.193295465581 -0.0542731050905 0)
(0.198748981812 -0.0579029299215 0)
(0.204508237432 -0.0615493123776 0)
(0.210564788444 -0.0652126452235 0)
(0.21690888788 -0.0688912153742 0)
(0.223529200211 -0.072580656907 0)
(0.230412497058 -0.0762732421623 0)
(0.237543346225 -0.0799569661959 0)
(0.244903816129 -0.0836143690291 0)
(0.252473233756 -0.0872210279755 0)
(0.260228058912 -0.0907436398108 0)
(0.268141973135 -0.0941376013513 0)
(0.276186332263 -0.0973439879035 0)
(0.284331211931 -0.100285823087 0)
(0.29254740852 -0.102863545742 0)
(0.300809948432 -0.104949647912 0)
(0.309103906643 -0.106382605473 0)
(0.317433601906 -0.10696048947 0)
(0.325835833068 -0.106435212024 0)
(0.334396028565 -0.104508684178 0)
(0.343269374667 -0.100830027396 0)
(0.352728662319 -0.0949944032718 0)
(0.36324368524 -0.0865742557668 0)
(0.375498076388 -0.0752157674808 0)
(0.390569340809 -0.0608471780295 0)
(0.409748317715 -0.0438892600009 0)
(0.430461919092 -0.0254044150263 0)
(0.458575059544 -0.0143717774771 0)
(0.470515840808 -0.00573408201858 0)
(0.477816912003 -0.00130961546543 0)
(0.37934792357 0.0072017110282 0)
(0.370614605947 0.0222470185907 0)
(0.358447795564 0.0418159594818 0)
(0.341231550249 0.0579232697539 0)
(0.323989439614 0.0773909612724 0)
(0.308162937714 0.09707509157 0)
(0.295325792239 0.114407957422 0)
(0.285003972854 0.128165327687 0)
(0.276339851243 0.137944870721 0)
(0.268607510161 0.144011996761 0)
(0.261357989406 0.146865046935 0)
(0.254320100595 0.147051401053 0)
(0.247338885866 0.145098797006 0)
(0.240344966665 0.141481803067 0)
(0.233328218249 0.136607951038 0)
(0.226314998662 0.130816243468 0)
(0.21935121166 0.12438212045 0)
(0.212490872277 0.117525160109 0)
(0.20578884555 0.11041749639 0)
(0.199296528598 0.103191922002 0)
(0.193059542075 0.0959491849075 0)
(0.187116746938 0.088764290696 0)
(0.18150009597 0.0816917936055 0)
(0.17623497904 0.0747701488483 0)
(0.171340833189 0.0680252395989 0)
(0.166831869406 0.0614732034728 0)
(0.162717824092 0.0551226787103 0)
(0.159004681087 0.0489765778671 0)
(0.155695335038 0.0430334815469 0)
(0.152790182705 0.0372887293354 0)
(0.150287638525 0.031735271024 0)
(0.148184576434 0.0263643289806 0)
(0.146476702989 0.0211659122655 0)
(0.145158868264 0.0161292146966 0)
(0.144225321383 0.011242922299 0)
(0.143669917369 0.00649545018667 0)
(0.143486281472 0.00187512468756 0)
(0.143667936459 -0.00262967679568 0)
(0.14420839762 -0.00703041827188 0)
(0.145101239508 -0.0113383220502 0)
(0.146340137714 -0.0155643035868 0)
(0.147918888339 -0.0197189189612 0)
(0.149831407197 -0.0238123204443 0)
(0.152071710238 -0.0278542161486 0)
(0.15463387615 -0.0318538300435 0)
(0.157511991632 -0.0358198586856 0)
(0.16070007939 -0.0397604208868 0)
(0.164192008495 -0.0436829961751 0)
(0.167981386402 -0.0475943473115 0)
(0.172061431601 -0.0515004212615 0)
(0.176424825656 -0.0554062218268 0)
(0.181063543275 -0.0593156455759 0)
(0.18596865912 -0.063231270689 0)
(0.191130130448 -0.0671540857514 0)
(0.196536555445 -0.0710831423122 0)
(0.202174908606 -0.0750151110685 0)
(0.208030257023 -0.078943716788 0)
(0.214085465396 -0.0828590215472 0)
(0.220320903834 -0.0867465197088 0)
(0.22671418187 -0.0905860016619 0)
(0.233239946119 -0.0943501375606 0)
(0.23986979918 -0.0980027286603 0)
(0.24657242504 -0.101496574583 0)
(0.253314043695 -0.104770912331 0)
(0.260059371779 -0.107748400661 0)
(0.266773344597 -0.110331662643 0)
(0.273423950214 -0.112399480658 0)
(0.27998661845 -0.113802881596 0)
(0.286450640254 -0.11436159722 0)
(0.29282776546 -0.113861762222 0)
(0.299162412061 -0.112055672396 0)
(0.305544576933 -0.108663150578 0)
(0.312132184901 -0.103376843662 0)
(0.319177160345 -0.0958943316948 0)
(0.327029825783 -0.0860033881953 0)
(0.336252065495 -0.0736921669926 0)
(0.347549051063 -0.0595836585636 0)
(0.359304464458 -0.0456080605528 0)
(0.370736912195 -0.0340971774004 0)
(0.377736102112 -0.018339972373 0)
(0.381634461442 -0.00478151639647 0)
(0.298005825166 0.0124368698641 0)
(0.291317775294 0.0309363915177 0)
(0.282754571392 0.0515105288188 0)
(0.272760058005 0.070891984188 0)
(0.262618776495 0.089809274475 0)
(0.253347346905 0.107740512484 0)
(0.245648269691 0.123276004788 0)
(0.239395132663 0.135589800502 0)
(0.234117118158 0.144437525133 0)
(0.229359215424 0.149998084073 0)
(0.224805589141 0.152641012425 0)
(0.220256342084 0.152800514229 0)
(0.215597095066 0.150915358625 0)
(0.210778859933 0.147395881915 0)
(0.205799966768 0.142607012064 0)
(0.200689680485 0.136862115566 0)
(0.195495129324 0.130423370173 0)
(0.190271818412 0.123505605145 0)
(0.185077164819 0.116281723136 0)
(0.179966349725 0.108888598415 0)
(0.174989868786 0.101432822042 0)
(0.170192279625 0.0939959597673 0)
(0.165611757704 0.0866391737499 0)
(0.161280171259 0.0794071726607 0)
(0.157223467967 0.0723315197544 0)
(0.153462229926 0.0654333617198 0)
(0.150012301074 0.0587256542322 0)
(0.146885425531 0.0522149613829 0)
(0.144089859371 0.0459029009519 0)
(0.141630934724 0.0397872992807 0)
(0.139511565939 0.0338631103957 0)
(0.137732694442 0.0281231451709 0)
(0.136293673157 0.0225586482869 0)
(0.135192593797 0.0171597537949 0)
(0.134426561511 0.0119158442329 0)
(0.133991921884 0.00681583340777 0)
(0.133884445221 0.00184838903569 0)
(0.134099472785 -0.00299789171514 0)
(0.134632029167 -0.00773434323819 0)
(0.135476904445 -0.012372120472 0)
(0.136628709246 -0.0169221087798 0)
(0.138081905243 -0.0213948488006 0)
(0.139830813106 -0.0258004711733 0)
(0.1418695994 -0.030148636605 0)
(0.144192243492 -0.034448477084 0)
(0.146792485035 -0.0387085341478 0)
(0.14966375225 -0.0429366900212 0)
(0.152799070852 -0.0471400871254 0)
(0.156190953156 -0.0513250309162 0)
(0.159831266687 -0.0554968702268 0)
(0.163711081486 -0.0596598482078 0)
(0.167820495305 -0.063816915561 0)
(0.172148436129 -0.0679694959903 0)
(0.176682442004 -0.0721171915969 0)
(0.181408419137 -0.0762574132873 0)
(0.1863103809 -0.0803849181471 0)
(0.191370172992 -0.0844912321851 0)
(0.196567193936 -0.0885639330588 0)
(0.201878125868 -0.0925857636787 0)
(0.207276698853 -0.0965335445582 0)
(0.212733523512 -0.100376851486 0)
(0.218216042368 -0.10407642715 0)
(0.223688670539 -0.107582302909 0)
(0.229113221759 -0.110831622381 0)
(0.234449748797 -0.11374618534 0)
(0.239657968948 -0.116229775782 0)
(0.244699484865 -0.118165412701 0)
(0.249541023747 -0.119412773314 0)
(0.254158859633 -0.119806200094 0)
(0.258544381961 -0.119153912318 0)
(0.262710654583 -0.117239073847 0)
(0.266700698186 -0.113823145751 0)
(0.270598477962 -0.108654143194 0)
(0.274534850357 -0.101491105096 0)
(0.278683321738 -0.0921566489471 0)
(0.283299025186 -0.0806259291535 0)
(0.288585873061 -0.0673041481479 0)
(0.293800993625 -0.0532842725637 0)
(0.298109964452 -0.0382845796141 0)
(0.30064378209 -0.0210060572477 0)
(0.301124348002 -0.00419198907462 0)
(0.229911835547 0.0170264900985 0)
(0.224941448242 0.0371564762165 0)
(0.219316340304 0.0580258992603 0)
(0.213507210841 0.0780801044214 0)
(0.207906610552 0.0968353768053 0)
(0.202990402393 0.11378502156 0)
(0.199032414958 0.128226033122 0)
(0.19594650735 0.139679763201 0)
(0.193436005426 0.148006206599 0)
(0.19118909736 0.153342190794 0)
(0.188968453954 0.155976872902 0)
(0.18661590719 0.156265826346 0)
(0.184039033557 0.154581519714 0)
(0.181198072358 0.15128343054 0)
(0.178092991303 0.146700718239 0)
(0.174751214925 0.141123832985 0)
(0.171217242214 0.134802063761 0)
(0.167544619535 0.1279446916 0)
(0.163790113161 0.120724143754 0)
(0.160009709695 0.113280104756 0)
(0.156256048245 0.105723922032 0)
(0.152576925031 0.0981429030456 0)
(0.149014568099 0.0906042778901 0)
(0.145605441465 0.0831587195676 0)
(0.142380395271 0.0758433899387 0)
(0.139365027242 0.0686845247808 0)
(0.136580159585 0.061699596135 0)
(0.134042365498 0.054899101288 0)
(0.131764501709 0.0482880304662 0)
(0.129756219571 0.0418670631835 0)
(0.128024438579 0.0356335385677 0)
(0.12657377387 0.0295822393614 0)
(0.125406914404 0.0237060235355 0)
(0.124524951793 0.0179963320681 0)
(0.123927661672 0.0124435966382 0)
(0.123613740626 0.00703756683784 0)
(0.123581002113 0.0017675730328 0)
(0.123826534958 -0.00337726187651 0)
(0.124346827821 -0.00840785088784 0)
(0.125137862737 -0.0133350024872 0)
(0.126195180465 -0.0181693038385 0)
(0.127513919947 -0.0229210211581 0)
(0.129088833765 -0.0276000116975 0)
(0.130914281052 -0.0322156423494 0)
(0.132984198926 -0.0367767102536 0)
(0.135292053117 -0.0412913609191 0)
(0.137830768162 -0.0457669993321 0)
(0.140592637213 -0.0502101892532 0)
(0.143569211306 -0.054626535435 0)
(0.146751167786 -0.0590205428027 0)
(0.150128157559 -0.063395445692 0)
(0.153688630992 -0.0677529990302 0)
(0.157419642638 -0.0720932218504 0)
(0.161306635673 -0.0764140817191 0)
(0.165333208072 -0.0807111065545 0)
(0.16948086433 -0.0849769079705 0)
(0.173728759172 -0.0892005977999 0)
(0.178053443456 -0.0933670771028 0)
(0.182428627748 -0.0974561751553 0)
(0.186824986149 -0.101441615325 0)
(0.191210032397 -0.105289786405 0)
(0.195548112193 -0.108958303374 0)
(0.199800570166 -0.11239435246 0)
(0.203926166655 -0.115532833853 0)
(0.207881838733 -0.11829434386 0)
(0.211623919892 -0.120583081061 0)
(0.21510994516 -0.122284823547 0)
(0.218301155312 -0.123265208346 0)
(0.22116574952 -0.123368648484 0)
(0.223682820139 -0.122418340812 0)
(0.225846939306 -0.120217921795 0)
(0.22767381728 -0.116555655886 0)
(0.229206728718 -0.111213690002 0)
(0.23051852097 -0.103987683145 0)
(0.23170695407 -0.0947196967783 0)
(0.232898485522 -0.0833526363125 0)
(0.234156556584 -0.0700600416126 0)
(0.235151781663 -0.0552521169636 0)
(0.235442176881 -0.0388371516698 0)
(0.234878231209 -0.0207353301622 0)
(0.23326505152 -0.00207807525562 0)
(0.172195456691 0.0208911370786 0)
(0.168503656223 0.0415776064348 0)
(0.164915510228 0.0623200278408 0)
(0.16172733365 0.0821170008559 0)
(0.159066668622 0.100362102054 0)
(0.157076559125 0.116559814234 0)
(0.15580001019 0.130260434387 0)
(0.155116705078 0.141167406829 0)
(0.154797512545 0.149201442548 0)
(0.154602337287 0.154474473466 0)
(0.154337091161 0.157219980202 0)
(0.153865365871 0.15773431254 0)
(0.153103613909 0.156337167956 0)
(0.152012764235 0.153345479305 0)
(0.150588719928 0.149056865659 0)
(0.148852847696 0.143740290597 0)
(0.146843497603 0.137631888984 0)
(0.144609071837 0.130934243239 0)
(0.142202702496 0.123817810936 0)
(0.139678375729 0.116423580576 0)
(0.137088262623 0.108866319719 0)
(0.134481006204 0.101237993142 0)
(0.131900733775 0.0936110855987 0)
(0.129386597719 0.0860416761186 0)
(0.126972685544 0.0785721883205 0)
(0.124688175495 0.071233792183 0)
(0.122557644888 0.0640484642758 0)
(0.120601463613 0.0570307313432 0)
(0.118836225221 0.0501891308031 0)
(0.11727518324 0.0435274245031 0)
(0.115928671609 0.0370456013357 0)
(0.114804496281 0.0307407016469 0)
(0.113908290736 0.0246074928088 0)
(0.113243832077 0.0186390215409 0)
(0.112813316933 0.0128270648922 0)
(0.112617598029 0.00716249844094 0)
(0.112656383224 0.00163559733641 0)
(0.112928399304 -0.00376371671446 0)
(0.113431522952 -0.00904567152484 0)
(0.114162881319 -0.0142204743055 0)
(0.115118924391 -0.0192981674726 0)
(0.116295471124 -0.0242885036163 0)
(0.11768773101 -0.029200833685 0)
(0.119290302425 -0.0340440030334 0)
(0.121097148806 -0.0388262503648 0)
(0.123101553408 -0.0435551047665 0)
(0.125296053137 -0.048237276034 0)
(0.127672351768 -0.0528785332677 0)
(0.130221212702 -0.0574835663397 0)
(0.132932331371 -0.0620558242371 0)
(0.135794187519 -0.0665973234981 0)
(0.138793877817 -0.0711084189458 0)
(0.141916929803 -0.0755875277166 0)
(0.145147098961 -0.0800307961573 0)
(0.148466152026 -0.0844316975901 0)
(0.151853641489 -0.0887805473056 0)
(0.155286678858 -0.0930639195953 0)
(0.158739717861 -0.0972639504638 0)
(0.162184363558 -0.101357509327 0)
(0.165589229495 -0.105315224145 0)
(0.168919872858 -0.109100347999 0)
(0.17213884684 -0.112667462379 0)
(0.175205920098 -0.115961024754 0)
(0.178078524535 -0.118913787002 0)
(0.180712504051 -0.121445138565 0)
(0.183063246222 -0.123459466232 0)
(0.185087280235 -0.12484467388 0)
(0.186744408966 -0.125471070945 0)
(0.188000400791 -0.125190915595 0)
(0.188830209453 -0.123838984617 0)
(0.189221721232 -0.121234664991 0)
(0.189180173794 -0.117186454544 0)
(0.188732765943 -0.11150084333 0)
(0.187930744941 -0.103998385814 0)
(0.186847531386 -0.0945375151192 0)
(0.185573746095 -0.0830489541048 0)
(0.184163777092 -0.0695940651989 0)
(0.18251141737 -0.0543486325798 0)
(0.180489078729 -0.0373613724606 0)
(0.17815259732 -0.0187773870579 0)
(0.175464540676 0.000747226971902 0)
(0.122475428921 0.0240648436292 0)
(0.119740320132 0.0445622922094 0)
(0.117562281629 0.0647745788574 0)
(0.116100157264 0.083955781254 0)
(0.115373428183 0.101529298372 0)
(0.115361061224 0.117045387523 0)
(0.115983126065 0.130161241764 0)
(0.117083797583 0.140669243075 0)
(0.118457061104 0.14852006143 0)
(0.119896461281 0.15380561505 0)
(0.121229684179 0.1567166741 0)
(0.12232970508 0.15750193088 0)
(0.123113811025 0.156436778291 0)
(0.123538222132 0.153800897018 0)
(0.123590994894 0.149862957673 0)
(0.123284486435 0.144871050383 0)
(0.12264829759 0.139047501683 0)
(0.121723213352 0.132586846719 0)
(0.120556313782 0.125655941126 0)
(0.119197224877 0.118395430696 0)
(0.117695381054 0.110922001272 0)
(0.116098132775 0.103330998204 0)
(0.114449528114 0.0956991366521 0)
(0.112789610761 0.0880871245444 0)
(0.111154099107 0.0805420937327 0)
(0.109574335594 0.0730997867197 0)
(0.108077418856 0.0657864810495 0)
(0.106686451856 0.0586206554451 0)
(0.10542085647 0.0516144146069 0)
(0.104296718845 0.0447746961346 0)
(0.103327140603 0.0381042854977 0)
(0.102522579166 0.0316026649021 0)
(0.101891166443 0.0252667203656 0)
(0.101438999497 0.0190913290724 0)
(0.101170399824 0.0130698465581 0)
(0.101088139956 0.00719451076099 0)
(0.101193637469 0.00145677764508 0)
(0.101487117281 -0.00415239899469 0)
(0.101967743627 -0.00964233275584 0)
(0.102633723276 -0.0150224056211 0)
(0.103482381601 -0.0203018967289 0)
(0.10451021304 -0.0254898319536 0)
(0.105712907309 -0.0305948481091 0)
(0.107085352568 -0.0356250661713 0)
(0.10862161653 -0.0405879682984 0)
(0.110314906309 -0.0454902736242 0)
(0.112157507665 -0.0503378078343 0)
(0.114140704165 -0.05513536139 0)
(0.116254676792 -0.0598865309537 0)
(0.118488384543 -0.0645935381098 0)
(0.120829426822 -0.0692570188276 0)
(0.12326388878 -0.0738757763311 0)
(0.125776171426 -0.0784464891077 0)
(0.128348809273 -0.082963364752 0)
(0.130962279698 -0.0874177292615 0)
(0.133594810094 -0.0917975404038 0)
(0.136222191537 -0.0960868130284 0)
(0.138817611102 -0.100264944009 0)
(0.14135151939 -0.104305925308 0)
(0.143791555314 -0.108177436051 0)
(0.146102556771 -0.111839809308 0)
(0.148246693424 -0.115244877524 0)
(0.15018376596 -0.118334713353 0)
(0.15187172448 -0.121040301157 0)
(0.153267466068 -0.123280199946 0)
(0.154327976306 -0.124959292262 0)
(0.155011877979 -0.125967756872 0)
(0.15528143863 -0.126180456678 0)
(0.155105065343 -0.125456997354 0)
(0.154460289284 -0.123642790398 0)
(0.15333724631 -0.120571575268 0)
(0.151742639285 -0.116070148013 0)
(0.149703711387 -0.109966627244 0)
(0.147270790391 -0.102103804353 0)
(0.14451738982 -0.0923578542703 0)
(0.141535741161 -0.080663023198 0)
(0.138409433523 -0.0670422901429 0)
(0.135169498067 -0.0516002316029 0)
(0.131859837689 -0.0344461271154 0)
(0.128607473129 -0.0158100902374 0)
(0.125481631646 0.00382677995398 0)
(0.0790211488031 0.0266496425344 0)
(0.0770288968284 0.0465210054979 0)
(0.0758577795681 0.0659425862755 0)
(0.0755766389963 0.0843109707359 0)
(0.0761495271156 0.101112240763 0)
(0.0774836173946 0.115945492061 0)
(0.0794416407897 0.128524319719 0)
(0.0818472182642 0.138684046543 0)
(0.0845029241301 0.146385759551 0)
(0.0872183880355 0.151701864086 0)
(0.0898318315048 0.154787616384 0)
(0.0922190697181 0.155851463002 0)
(0.0942941469731 0.155130229258 0)
(0.0960059096392 0.152870010148 0)
(0.097332685284 0.149312283825 0)
(0.0982762607913 0.144684530861 0)
(0.0988559687839 0.139194518101 0)
(0.0991033769046 0.133027387312 0)
(0.0990578096294 0.126344775377 0)
(0.0987627556731 0.119285324993 0)
(0.0982631123442 0.111966081383 0)
(0.097603166142 0.104484394831 0)
(0.0968251884556 0.0969200548709 0)
(0.0959685243521 0.089337467849 0)
(0.0950690625371 0.081787756247 0)
(0.0941589898095 0.0743107075741 0)
(0.0932667500458 0.0669365358866 0)
(0.0924171438463 0.0596874429527 0)
(0.0916315193274 0.0525789815306 0)
(0.0909280167002 0.0456212324751 0)
(0.0903218391861 0.0388198123576 0)
(0.0898255306461 0.0321767303661 0)
(0.0894492463327 0.0256911135078 0)
(0.0892010077127 0.019359818319 0)
(0.0890869356528 0.0131779458837 0)
(0.0891114586595 0.00713927529067 0)
(0.0892774945543 0.00123662896275 0)
(0.0895866050987 -0.00453781833887 0)
(0.0900391238293 -0.0101922765187 0)
(0.0906342578052 -0.0157351141355 0)
(0.0913701642106 -0.0211746614577 0)
(0.0922440028517 -0.0265190355834 0)
(0.0932519655884 -0.0317759813418 0)
(0.0943892836894 -0.0369527222389 0)
(0.0956502140201 -0.0420558160918 0)
(0.0970280048973 -0.0470910102057 0)
(0.0985148423955 -0.0520630910239 0)
(0.100101777887 -0.0569757230954 0)
(0.101778637672 -0.0618312719896 0)
(0.103533915738 -0.0666306054422 0)
(0.105354651015 -0.071372866547 0)
(0.107226290997 -0.0760552122316 0)
(0.109132544385 -0.0806725096206 0)
(0.111055226457 -0.085216982214 0)
(0.112974102392 -0.0896777972007 0)
(0.11486673572 -0.0940405848088 0)
(0.11670835168 -0.0982868805517 0)
(0.118471728576 -0.102393481861 0)
(0.120127134279 -0.106331712311 0)
(0.121642330017 -0.110066589968 0)
(0.122982669253 -0.113555902046 0)
(0.124111325861 -0.11674919685 0)
(0.124989692359 -0.119586716839 0)
(0.125577995291 -0.121998314456 0)
(0.125836180085 -0.123902416 0)
(0.125725120381 -0.125205129263 0)
(0.125208204828 -0.125799628426 0)
(0.124253345787 -0.125565995591 0)
(0.122835439616 -0.124371753938 0)
(0.120939290636 -0.122073398586 0)
(0.118562991644 -0.118519336754 0)
(0.115721671169 -0.11355483681 0)
(0.112451191487 -0.10702984357 0)
(0.10881090866 -0.0988104793508 0)
(0.104884673737 -0.0887943655288 0)
(0.100778188008 -0.0769296235052 0)
(0.096605862868 -0.0632349702697 0)
(0.092474791124 -0.047802195423 0)
(0.0885097151977 -0.030778800183 0)
(0.084869050677 -0.012423899239 0)
(0.0816779805593 0.00685826641614 0)
(0.0406011724792 0.0287181215508 0)
(0.0392060173704 0.0477267648237 0)
(0.0387763156813 0.0662086172057 0)
(0.0393273186607 0.0836552365623 0)
(0.0407937571645 0.099619266814 0)
(0.0430547597628 0.113746955019 0)
(0.0459518480047 0.125788443373 0)
(0.0493023942159 0.135600733273 0)
(0.0529154844395 0.143145265474 0)
(0.056610455883 0.148475398832 0)
(0.0602314412747 0.151715775916 0)
(0.0636545770388 0.153040007988 0)
(0.0667893915265 0.152650743193 0)
(0.0695767408226 0.150763408109 0)
(0.0719848776349 0.147593750327 0)
(0.0740046662801 0.143348897309 0)
(0.0756446478837 0.138221438734 0)
(0.0769264154159 0.132385950935 0)
(0.0778805529211 0.125997389669 0)
(0.0785432441128 0.119190839948 0)
(0.0789535586199 0.112082195898 0)
(0.0791513665826 0.104769431384 0)
(0.0791758024708 0.0973342036977 0)
(0.0790641879947 0.0898436031264 0)
(0.0788513248411 0.0823519189335 0)
(0.0785690755724 0.0749023373544 0)
(0.0782461618573 0.0675285209713 0)
(0.0779081209886 0.0602560431429 0)
(0.0775773730266 0.0531036679208 0)
(0.0772733611249 0.0460844768678 0)
(0.0770127363415 0.0392068509841 0)
(0.0768095654551 0.0324753197336 0)
(0.0766755460888 0.0258912909168 0)
(0.0766202179764 0.0194536755819 0)
(0.076651162673 0.0131594217807 0)
(0.0767741866223 0.00700397011908 0)
(0.0769934844065 0.000981642984076 0)
(0.0773117803877 -0.0049140218208 0)
(0.0777304479144 -0.0106899834295 0)
(0.0782496059254 -0.0163534476824 0)
(0.0788681932116 -0.0219116466534 0)
(0.0795840208616 -0.0273716410665 0)
(0.0803938035706 -0.032740139364 0)
(0.0812931705744 -0.0380233276911 0)
(0.0822766570174 -0.0432267054235 0)
(0.0833376766038 -0.0483549210859 0)
(0.0844684764425 -0.0534116036212 0)
(0.0856600751046 -0.0583991839472 0)
(0.0869021850953 -0.0633187016134 0)
(0.0881831212375 -0.0681695911557 0)
(0.089489696901 -0.0729494424399 0)
(0.0908071106377 -0.0776537289336 0)
(0.0921188266572 -0.0822754974874 0)
(0.0934064537487 -0.0868050128818 0)
(0.094649628809 -0.0912293502261 0)
(0.0958259131401 -0.0955319283957 0)
(0.0969107122188 -0.0996919782691 0)
(0.0978772327838 -0.10368394084 0)
(0.0986964948756 -0.107476792723 0)
(0.0993374209003 -0.111033300596 0)
(0.0997670287805 -0.114309212337 0)
(0.099950761603 -0.117252401693 0)
(0.0998529915107 -0.119801995985 0)
(0.0994377404084 -0.121887533301 0)
(0.098669663596 -0.123428217556 0)
(0.097515343552 -0.124332367285 0)
(0.0959449382199 -0.124497187458 0)
(0.0939342199647 -0.123809033423 0)
(0.0914670271588 -0.122144383517 0)
(0.0885381291442 -0.119371795957 0)
(0.0851564685099 -0.115355204659 0)
(0.0813486483947 -0.109959015694 0)
(0.0771623023925 -0.103055551007 0)
(0.072668710204 -0.0945352532571 0)
(0.0679639478226 -0.0843196242053 0)
(0.0631672616494 -0.0723764502948 0)
(0.0584141411635 -0.0587350360624 0)
(0.053848490894 -0.0434935137483 0)
(0.0496282351694 -0.0268200049366 0)
(0.0459222444478 -0.00897750943595 0)
(0.042875604661 0.00967081846747 0)
(0.00631709954064 0.030322414611 0)
(0.00541695788032 0.0483463983061 0)
(0.0055509304491 0.0658134376967 0)
(0.00670453735742 0.08228723607 0)
(0.00879877093372 0.0973803434854 0)
(0.0117052446866 0.110781970134 0)
(0.015262762945 0.122270236542 0)
(0.0192921806493 0.131715002298 0)
(0.0236107854564 0.139074331132 0)
(0.0280462782652 0.144384158847 0)
(0.0324476307807 0.147742727258 0)
(0.0366911387742 0.149293365121 0)
(0.0406822598827 0.149208346535 0)
(0.0443545723944 0.14767508732 0)
(0.0476669773801 0.14488507948 0)
(0.0505999662413 0.141025544142 0)
(0.0531515571586 0.136273549809 0)
(0.0553333195111 0.130792220626 0)
(0.0571667462046 0.124728621214 0)
(0.0586801099855 0.118212920971 0)
(0.0599058519224 0.111358486296 0)
(0.0608784923801 0.104262607067 0)
(0.061633020176 0.0970076236492 0)
(0.0622036979753 0.0896622762904 0)
(0.0626232160406 0.0822831469344 0)
(0.0629221279495 0.0749161029397 0)
(0.0631285076755 0.0675976831931 0)
(0.0632677752881 0.0603563904996 0)
(0.0633626469946 0.0532138711375 0)
(0.0634331734314 0.0461859743483 0)
(0.0634968374983 0.0392836924949 0)
(0.0635686894105 0.0325139876641 0)
(0.0636615019691 0.025880513425 0)
(0.0637859333766 0.0193842419534 0)
(0.0639506883618 0.0130240072457 0)
(0.0641626710592 0.00679697503261 0)
(0.0644271251424 0.000699049528225 0)
(0.0647477582474 -0.00527477352752 0)
(0.0651268488715 -0.0111300988419 0)
(0.0655653347547 -0.0168728606192 0)
(0.0660628823479 -0.0225090814633 0)
(0.0666179373872 -0.0280446545506 0)
(0.0672277568886 -0.0334851430247 0)
(0.0678884230897 -0.0388355910079 0)
(0.0685948400335 -0.0441003409577 0)
(0.0693407136425 -0.0492828523278 0)
(0.0701185163048 -0.05438551663 0)
(0.0709194372046 -0.0594094640374 0)
(0.0717333199232 -0.0643543566337 0)
(0.0725485892292 -0.069218163326 0)
(0.0733521695172 -0.0739969112986 0)
(0.0741293980754 -0.0786844087488 0)
(0.0748639373172 -0.0832719335494 0)
(0.0755376913503 -0.087747882494 0)
(0.0761307338364 -0.0920973760001 0)
(0.0766212560803 -0.0963018137112 0)
(0.0769855467233 -0.100338377537 0)
(0.0771980173582 -0.104179480545 0)
(0.0772312918237 -0.107792163139 0)
(0.0770563808488 -0.111137442454 0)
(0.0766429679713 -0.114169627484 0)
(0.0759598370208 -0.116835621568 0)
(0.0749754755703 -0.119074246101 0)
(0.0736588920893 -0.120815635293 0)
(0.0719806863313 -0.121980771843 0)
(0.0699144116992 -0.122481257891 0)
(0.0674382636108 -0.122219444707 0)
(0.064537117786 -0.121089078144 0)
(0.0612049251459 -0.118976655098 0)
(0.0574474422971 -0.115763729965 0)
(0.0532852289614 -0.111330459592 0)
(0.048756750848 -0.105560722876 0)
(0.0439212615726 -0.0983491501117 0)
(0.0388609568588 -0.0896102440684 0)
(0.0336817863286 -0.0792894452724 0)
(0.0285120167193 -0.0673755792486 0)
(0.0234975049175 -0.0539130015319 0)
(0.0187956907072 -0.039009810149 0)
(0.0145726747941 -0.0228429829882 0)
(0.0109942308665 -0.00566885177733 0)
(0.00820468978969 0.0121798129966 0)
(-0.0245007426817 0.0315077341365 0)
(-0.0249799317237 0.0484933635839 0)
(-0.0244034080099 0.0649178007364 0)
(-0.0228012183165 0.0804036797709 0)
(-0.020256769873 0.0946150037007 0)
(-0.0168961476923 0.107278888305 0)
(-0.0128742800223 0.118196994914 0)
(-0.00836126005574 0.127248721965 0)
(-0.00352959429961 0.134388317231 0)
(0.00145720447436 0.139636770864 0)
(0.00645341116193 0.14306990649 0)
(0.0113364320913 0.144804917449 0)
(0.0160089587329 0.144987246683 0)
(0.020398718554 0.143778909603 0)
(0.0244566125103 0.141348758544 0)
(0.0281538897177 0.137864823123 0)
(0.0314788683923 0.133488635311 0)
(0.0344335780673 0.128371314974 0)
(0.0370305760935 0.122651129194 0)
(0.0392900903148 0.116452225704 0)
(0.0412375627315 0.109884258606 0)
(0.0429016141367 0.103042659089 0)
(0.0443124135509 0.0960093454045 0)
(0.0455004148009 0.0888537083785 0)
(0.0464954119268 0.0816337474695 0)
(0.0473258619232 0.0743972657159 0)
(0.0480184249386 0.0671830593366 0)
(0.0485976764576 0.0600220593455 0)
(0.0490859517506 0.0529383989742 0)
(0.0495032890235 0.0459503927663 0)
(0.0498674436438 0.0390714217845 0)
(0.0501939512184 0.0323107252278 0)
(0.0504962220014 0.0256741025592 0)
(0.0507856530788 0.0191645325708 0)
(0.0510717480448 0.0127827170795 0)
(0.0513622365183 0.00652755747065 0)
(0.0516631879381 0.000396572380467 0)
(0.0519791157033 -0.00561373543757 0)
(0.0523130689843 -0.0115075554269 0)
(0.0526667104811 -0.0172894815704 0)
(0.0530403791332 -0.0229642541145 0)
(0.053433137326 -0.0285365245159 0)
(0.0538428025608 -0.0340106378819 0)
(0.0542659638809 -0.0393904275484 0)
(0.0546979836298 -0.044679016745 0)
(0.0551329853752 -0.0498786225207 0)
(0.0555638291051 -0.0549903572753 0)
(0.0559820751178 -0.0600140233366 0)
(0.0563779384048 -0.0649478960844 0)
(0.0567402358178 -0.0697884911487 0)
(0.0570563289236 -0.0745303112389 0)
(0.0573120662478 -0.0791655682164 0)
(0.0574917296139 -0.0836838761838 0)
(0.0575779905443 -0.0880719116668 0)
(0.057551884256 -0.0923130375347 0)
(0.057392810689 -0.0963868882692 0)
(0.0570785742841 -0.100268915714 0)
(0.0565854768949 -0.103929896756 0)
(0.0558884812461 -0.107335407813 0)
(0.0549614656693 -0.110445275805 0)
(0.0537775942929 -0.113213021986 0)
(0.0523098301871 -0.115585323917 0)
(0.0505316217631 -0.117501532448 0)
(0.048417794453 -0.118893295225 0)
(0.0459456795837 -0.119684356118 0)
(0.0430965093692 -0.119790621176 0)
(0.0398570997764 -0.119120606001 0)
(0.0362218300872 -0.117576406118 0)
(0.0321949071005 -0.115055360068 0)
(0.0277928693274 -0.11145260283 0)
(0.0230472349701 -0.106664730569 0)
(0.01800711418 -0.10059480442 0)
(0.0127414847134 -0.0931588772734 0)
(0.00734070456509 -0.0842940797365 0)
(0.0019167425606 -0.0739680403963 0)
(-0.0033985185399 -0.0621890601883 0)
(-0.00845744146645 -0.049015789936 0)
(-0.0131024721521 -0.0345644529656 0)
(-0.0171723971223 -0.0190134958298 0)
(-0.0205124688751 -0.00260729672334 0)
(-0.0229892916962 0.0143491100885 0)
(-0.0523612071891 0.0323140111476 0)
(-0.0524755505159 0.0482489954173 0)
(-0.0515412885554 0.0636328865417 0)
(-0.0495960102725 0.0781380998571 0)
(-0.0467222620488 0.0914725464003 0)
(-0.0430392867148 0.103396429947 0)
(-0.0386917655236 0.1137320865 0)
(-0.0338380540396 0.122367322068 0)
(-0.028639147185 0.129253514759 0)
(-0.0232490468535 0.134399494726 0)
(-0.0178072840427 0.137862419036 0)
(-0.0124340563278 0.139737188446 0)
(-0.00722785793177 0.14014577993 0)
(-0.0022651219674 0.139227415474 0)
(0.00239868045578 0.13713007637 0)
(0.00672699025877 0.134003578456 0)
(0.010699581859 0.129994222931 0)
(0.0143097850946 0.125240907477 0)
(0.0175617450491 0.119872509449 0)
(0.0204678763323 0.114006322506 0)
(0.0230466027106 0.107747326879 0)
(0.0253204231646 0.10118809038 0)
(0.0273143101163 0.0944091238395 0)
(0.0290544224065 0.0874795448789 0)
(0.0305671019935 0.0804579338361 0)
(0.0318781167989 0.0733932929215 0)
(0.033012110469 0.066326043066 0)
(0.0339922213178 0.0592890121929 0)
(0.0348398360579 0.0523083839033 0)
(0.0355744481625 0.0454045872585 0)
(0.0362135951943 0.03859311706 0)
(0.0367728537923 0.031885280304 0)
(0.0372658749824 0.0252888688561 0)
(0.0377044459794 0.0188087613221 0)
(0.0380985676281 0.0124474589394 0)
(0.038456539123 0.00620556137802 0)
(0.0387850436852 8.21888672913e-05 0)
(0.0390892305156 -0.00592464277635 0)
(0.0393727896581 -0.011817687741 0)
(0.0396380174398 -0.0176001701698 0)
(0.039885870972 -0.0232755125137 0)
(0.0401160108406 -0.0288470866675 0)
(0.0403268316337 -0.0343179825872 0)
(0.0405154803809 -0.0396907893931 0)
(0.040677863359 -0.0449673842277 0)
(0.0408086420668 -0.0501487243592 0)
(0.0409012195385 -0.0552346382127 0)
(0.040947718556 -0.0602236111655 0)
(0.0409389537842 -0.0651125620773 0)
(0.0408644004075 -0.0698966066795 0)
(0.0407121625201 -0.074568804111 0)
(0.0404689453605 -0.0791198831405 0)
(0.0401200364991 -0.0835379449885 0)
(0.0396493023336 -0.0878081402294 0)
(0.0390392077427 -0.091912318115 0)
(0.0382708685178 -0.0958286479469 0)
(0.0373241482494 -0.0995312139751 0)
(0.0361778136681 -0.102989587932 0)
(0.0348097649814 -0.106168386963 0)
(0.0331973604002 -0.10902682966 0)
(0.0313178566207 -0.111518309451 0)
(0.029148989238 -0.11359001307 0)
(0.0266697184979 -0.115182622486 0)
(0.0238611658683 -0.116230151688 0)
(0.020707764865 -0.116659985136 0)
(0.0171986443921 -0.116393202265 0)
(0.0133292533014 -0.115345291516 0)
(0.00910321939536 -0.113427376924 0)
(0.00453441264142 -0.110548098352 0)
(-0.000350852137439 -0.10661630005 0)
(-0.00551158788113 -0.101544685331 0)
(-0.0108900688388 -0.0952545761617 0)
(-0.0164102005441 -0.0876818530455 0)
(-0.0219766889518 -0.078784015549 0)
(-0.0274754341739 -0.0685480934612 0)
(-0.0327756142202 -0.0569988572041 0)
(-0.0377337855206 -0.0442063671047 0)
(-0.0421997252638 -0.0302916031378 0)
(-0.0460236148502 -0.0154296135477 0)
(-0.0490656279829 0.000150071876228 0)
(-0.051207424203 0.0161692611008 0)
(-0.0776586904027 0.0327764334122 0)
(-0.0774524565272 0.0476732468262 0)
(-0.0762217908405 0.0620370522551 0)
(-0.0740073857737 0.0755828695186 0)
(-0.0708882186415 0.0880561898884 0)
(-0.0669748766018 0.0992460605793 0)
(-0.0624004329777 0.108993307987 0)
(-0.0573106083012 0.117193792221 0)
(-0.0518543793315 0.123797374037 0)
(-0.0461757554505 0.1288034245 0)
(-0.0404072771414 0.132253854883 0)
(-0.0346655434175 0.134224789141 0)
(-0.0290487214286 0.134817904308 0)
(-0.0236357417177 0.13415219623 0)
(-0.0184867898538 0.132356647836 0)
(-0.0136447067587 0.129564049745 0)
(-0.0091369534225 0.125906053018 0)
(-0.0049778571325 0.121509415298 0)
(-0.00117092305819 0.116493326849 0)
(0.00228894182789 0.110967663629 0)
(0.00541339109126 0.105032001017 0)
(0.00821884232947 0.0987752259722 0)
(0.0107249437869 0.0922756002371 0)
(0.0129533028556 0.0856011475667 0)
(0.0149264601264 0.0788102600934 0)
(0.0166670838998 0.0719524403729 0)
(0.0181973559939 0.0650691150225 0)
(0.0195385188608 0.0581944724744 0)
(0.0207105553083 0.0513562910663 0)
(0.0217319746456 0.0445767346015 0)
(0.0226196821948 0.0378731009805 0)
(0.0233889124179 0.0312585158722 0)
(0.0240532091171 0.0247425680515 0)
(0.0246244391238 0.0183318863538 0)
(0.0251128285127 0.0120306604635 0)
(0.025527012646 0.00584110923214 0)
(0.0258740932638 -0.000236098868552 0)
(0.0261596974352 -0.00620146806325 0)
(0.0263880344916 -0.0120563350727 0)
(0.026561948136 -0.0178025610943 0)
(0.0266829617942 -0.0234422507769 0)
(0.0267513159839 -0.0289774931959 0)
(0.0267659970757 -0.0344101200439 0)
(0.0267247573236 -0.0397414764895 0)
(0.0266241264989 -0.0449722003802 0)
(0.0264594158885 -0.0501020056789 0)
(0.0262247158527 -0.0551294662348 0)
(0.0259128885989 -0.060051796187 0)
(0.0255155583453 -0.0648646235135 0)
(0.0250231016504 -0.0695617534883 0)
(0.0244246413929 -0.0741349191091 0)
(0.023708048727 -0.0785735159675 0)
(0.0228599583431 -0.0828643195976 0)
(0.0218658035439 -0.0869911841173 0)
(0.0207098790261 -0.0909347220751 0)
(0.0193754408403 -0.0946719669323 0)
(0.0178448547737 -0.098176021691 0)
(0.0160998063269 -0.101415699983 0)
(0.0141215874528 -0.104355169672 0)
(0.0118914771662 -0.106953613877 0)
(0.00939123480059 -0.109164930559 0)
(0.0066037257773 -0.110937499578 0)
(0.00351369984678 -0.112214055593 0)
(0.00010874027942 -0.112931716335 0)
(-0.00361960130485 -0.113022228493 0)
(-0.00767447679815 -0.112412507187 0)
(-0.0120522238558 -0.111025558932 0)
(-0.016740679275 -0.108781890604 0)
(-0.0217173685391 -0.105601515995 0)
(-0.0269476501176 -0.101406673403 0)
(-0.0323829380215 -0.0961253567193 0)
(-0.0379591833651 -0.0896957291066 0)
(-0.0435958606275 -0.0820714188233 0)
(-0.0491957617994 -0.0732275777191 0)
(-0.054645935138 -0.0631674143126 0)
(-0.059820099714 -0.0519287009256 0)
(-0.0645827426275 -0.0395894997008 0)
(-0.0687947910927 -0.0262722034879 0)
(-0.072320643673 -0.0121452414856 0)
(-0.0750366803824 0.00257815805545 0)
(-0.0768404968107 0.0176457089231 0)
(-0.100704674048 0.0329263724229 0)
(-0.10021403389 0.0468119209657 0)
(-0.0987328475208 0.0601869844198 0)
(-0.0963025135087 0.0728032272472 0)
(-0.092997245061 0.0844384361978 0)
(-0.0889185803169 0.0949068412342 0)
(-0.0841879695509 0.104065923382 0)
(-0.0789386349342 0.111819447462 0)
(-0.0733076558164 0.11811706568 0)
(-0.0674289371293 0.122951094632 0)
(-0.0614275170451 0.126351213758 0)
(-0.0554154579975 0.128377918117 0)
(-0.0494893247945 0.129115504969 0)
(-0.043729070723 0.128665211312 0)
(-0.0381980616621 0.1271389289 0)
(-0.0329439456995 0.124653751609 0)
(-0.0280000923698 0.121327471391 0)
(-0.0233873631166 0.117275035412 0)
(-0.0191160213337 0.112605906185 0)
(-0.0151876382466 0.107422223748 0)
(-0.0115968947711 0.101817648232 0)
(-0.00833321666507 0.0958767564912 0)
(-0.00538220981718 0.0896748725463 0)
(-0.00272688458159 0.083278223996 0)
(-0.000348673517934 0.0767443320296 0)
(0.00177174312652 0.0701225589246 0)
(0.00365378414513 0.0634547523838 0)
(0.00531646369217 0.0567759399759 0)
(0.00677801420337 0.0501150388599 0)
(0.00805561397826 0.0434955558336 0)
(0.00916519937999 0.0369362606762 0)
(0.0101213439248 0.0304518219478 0)
(0.0109371889803 0.0240533991279 0)
(0.0116244131774 0.0177491884913 0)
(0.0121932298547 0.0115449226593 0)
(0.0126524038447 0.00544432553351 0)
(0.0130092806446 -0.000550474476726 0)
(0.0132698225075 -0.0064385692647 0)
(0.0134386472541 -0.0122199297742 0)
(0.0135190666659 -0.0178950943652 0)
(0.0135131222131 -0.0234648824268 0)
(0.0134216166201 -0.0289301289233 0)
(0.0132441404166 -0.0342914356731 0)
(0.0129790931794 -0.0395489353265 0)
(0.0126236996859 -0.0447020641929 0)
(0.0121740216819 -0.0497493402699 0)
(0.011624966451 -0.0546881430509 0)
(0.0109702938827 -0.0595144919283 0)
(0.0102026242889 -0.0642228202811 0)
(0.00931344984195 -0.0688057426798 0)
(0.00829315321965 -0.0732538130478 0)
(0.00713103786551 -0.077555272162 0)
(0.0058153752164 -0.0816957835908 0)
(0.00433347533439 -0.0856581581077 0)
(0.00267178860163 -0.0894220678853 0)
(0.00081604748635 -0.0929637534465 0)
(-0.0012485411609 -0.0962557285485 0)
(-0.00353704133089 -0.0992664910278 0)
(-0.00606445721963 -0.101960251303 0)
(-0.00884531213058 -0.10429669484 0)
(-0.0118931215254 -0.106230800594 0)
(-0.0152197447932 -0.107712744319 0)
(-0.0188346014199 -0.108687923754 0)
(-0.0227437400438 -0.109097151798 0)
(-0.0269487540463 -0.108877073747 0)
(-0.03144554563 -0.107960874637 0)
(-0.0362229526952 -0.106279351794 0)
(-0.0412612702163 -0.103762434233 0)
(-0.046530721257 -0.100341232131 0)
(-0.0519899631926 -0.0959506929712 0)
(-0.0575847525059 -0.0905329211094 0)
(-0.0632469354157 -0.084041177887 0)
(-0.0688939761905 -0.0764445117681 0)
(-0.0744292690357 -0.0677328666743 0)
(-0.0797434897918 -0.0579223842051 0)
(-0.0847172147055 -0.0470604603898 0)
(-0.0892249266551 -0.0352299578705 0)
(-0.0931403327238 -0.0225518938582 0)
(-0.096342792834 -0.00918602533129 0)
(-0.0987246388948 0.00467120889621 0)
(-0.10019868341 0.0187921035996 0)
(-0.121749294061 0.0327920931452 0)
(-0.121004686438 0.0457012949578 0)
(-0.119308479239 0.0581249453226 0)
(-0.116701528411 0.0698463091726 0)
(-0.11325294276 0.0806710340306 0)
(-0.109055538448 0.0904353868901 0)
(-0.104219789672 0.0990118820842 0)
(-0.09886711327 0.106312028402 0)
(-0.0931232295656 0.112286360041 0)
(-0.0871121576345 0.116922166121 0)
(-0.0809512311639 0.120239473823 0)
(-0.0747473480915 0.122285907472 0)
(-0.0685944918679 0.123131021452 0)
(-0.0625724230243 0.122860606069 0)
(-0.0567463574099 0.121571336364 0)
(-0.0511674140471 0.119366006607 0)
(-0.0458736153073 0.116349483086 0)
(-0.0408912422603 0.112625420318 0)
(-0.0362363791972 0.108293721898 0)
(-0.0319165165063 0.103448684917 0)
(-0.0279321154646 0.0981777426658 0)
(-0.0242780692432 0.0925607100573 0)
(-0.0209450200599 0.0866694359505 0)
(-0.0179205125632 0.0805677728361 0)
(-0.0151899784892 0.0743117843815 0)
(-0.0127375580362 0.0679501230622 0)
(-0.0105467700796 0.0615245220556 0)
(-0.0086010471291 0.0550703568588 0)
(-0.00688415257087 0.0486172421676 0)
(-0.00538049787431 0.0421896382022 0)
(-0.00407537660798 0.0358074478679 0)
(-0.00295513067938 0.0294865919573 0)
(-0.00200726248778 0.0232395541899 0)
(-0.00122050485679 0.0170758914387 0)
(-0.000584858822135 0.0110027071583 0)
(-9.16076718137e-05 0.00502508798791 0)
(0.000266685884227 -0.00085349509291 0)
(0.000496193887956 -0.00663081871631 0)
(0.000601844301913 -0.0123055692236 0)
(0.000587345841996 -0.0178770315594 0)
(0.000455214022345 -0.023344801418 0)
(0.000206796719721 -0.02870851704 0)
(-0.000157701770931 -0.0339676070796 0)
(-0.000639198624439 -0.0391210510662 0)
(-0.00123971220659 -0.0441671491337 0)
(-0.00196234299766 -0.0491032978737 0)
(-0.00281125457192 -0.053925769407 0)
(-0.00379165295382 -0.0586294910348 0)
(-0.00490976210259 -0.0632078231573 0)
(-0.00617279265653 -0.0676523335583 0)
(-0.00758890037655 -0.0719525666532 0)
(-0.00916712995627 -0.0760958069364 0)
(-0.0109173390053 -0.0800668366959 0)
(-0.0128500960592 -0.0838476891109 0)
(-0.0149765454347 -0.0874173992164 0)
(-0.0173082306577 -0.0907517569663 0)
(-0.0198568670864 -0.0938230688404 0)
(-0.022634053301 -0.0965999372325 0)
(-0.0256509099633 -0.0990470703195 0)
(-0.0289176343033 -0.101125139332 0)
(-0.032442958402 -0.102790705185 0)
(-0.0362335003132 -0.103996242321 0)
(-0.0402929991646 -0.104690294205 0)
(-0.0446214291832 -0.104817802073 0)
(-0.0492139936658 -0.104320655723 0)
(-0.054060008867 -0.103138521704 0)
(-0.0591417002701 -0.101210009082 0)
(-0.0644329503613 -0.0984742344701 0)
(-0.0698980582836 -0.0948728440661 0)
(-0.0754905977448 -0.0903525381896 0)
(-0.0811524895754 -0.0848681195336 0)
(-0.0868134370633 -0.0783860457335 0)
(-0.0923909004744 -0.0708884056542 0)
(-0.0977908034027 -0.0623771554401 0)
(-0.10290915771 -0.0528783489865 0)
(-0.107634753976 -0.0424459877578 0)
(-0.111852972632 -0.0311650158581 0)
(-0.115450630108 -0.0191529450583 0)
(-0.118321651141 -0.00655965043323 0)
(-0.120373251531 0.00643505820226 0)
(-0.12153204812 0.0196264165696 0)
(-0.140996339894 0.0323992644241 0)
(-0.140024005285 0.044371028994 0)
(-0.138141132735 0.0558834095412 0)
(-0.135387426787 0.0667469820958 0)
(-0.131827008006 0.0767915144588 0)
(-0.127544636353 0.0858726035096 0)
(-0.122640750172 0.0938763347356 0)
(-0.117225920873 0.100721726105 0)
(-0.111415291723 0.106361025471 0)
(-0.105323457205 0.110778139956 0)
(-0.0990601091472 0.113985601832 0)
(-0.0927266406463 0.116020536161 0)
(-0.0864137667393 0.116940090229 0)
(-0.0802001124324 0.116816725935 0)
(-0.0741516468853 0.115733689454 0)
(-0.0683218056397 0.113780879593 0)
(-0.0627521325945 0.111051250545 0)
(-0.0574732815407 0.107637812788 0)
(-0.0525062363936 0.10363124025 0)
(-0.0478636341083 0.0991180523607 0)
(-0.0435511004273 0.09417931447 0)
(-0.0395685333282 0.0888897866579 0)
(-0.0359112906633 0.0833174464617 0)
(-0.0325712562827 0.0775233127474 0)
(-0.0295377728146 0.0715615037097 0)
(-0.0267984395108 0.0654794699441 0)
(-0.0243397806473 0.0593183523977 0)
(-0.0221477945026 0.0531134238697 0)
(-0.0202083954668 0.0468945810207 0)
(-0.0185077628929 0.0406868612281 0)
(-0.0170326103279 0.0345109649893 0)
(-0.0157703880976 0.0283837698827 0)
(-0.0147094311415 0.0223188264203 0)
(-0.0138390626974 0.0163268295745 0)
(-0.0131496630654 0.0104160624501 0)
(-0.0126327113196 0.00459281061097 0)
(-0.0122808065531 -0.00113825289837 0)
(-0.0120876740594 -0.00677371069591 0)
(-0.0120481607915 -0.012311070464 0)
(-0.0121582234905 -0.0177484581882 0)
(-0.012414912042 -0.0230843324996 0)
(-0.0128163498722 -0.02831721723 0)
(-0.0133617125372 -0.0334454492379 0)
(-0.0140512050536 -0.0384669386088 0)
(-0.0148860379619 -0.0433789384468 0)
(-0.0158684015787 -0.0481778216446 0)
(-0.0170014373652 -0.0528588622592 0)
(-0.0182892048067 -0.0574160194085 0)
(-0.0197366416289 -0.0618417219696 0)
(-0.0213495145862 -0.0661266528229 0)
(-0.0231343574052 -0.0702595319441 0)
(-0.0250983917676 -0.0742268983595 0)
(-0.0272494264649 -0.0780128918767 0)
(-0.0295957290534 -0.0815990366151 0)
(-0.0321458635089 -0.0849640297655 0)
(-0.0349084865608 -0.0880835407543 0)
(-0.0378920946197 -0.0909300281376 0)
(-0.0411047125912 -0.0934725841735 0)
(-0.0445535155144 -0.0956768201866 0)
(-0.0482443740196 -0.0975048095555 0)
(-0.0521813152883 -0.098915109455 0)
(-0.0563658928021 -0.0998628872882 0)
(-0.0607964609851 -0.100300182892 0)
(-0.0654673552958 -0.100176342796 0)
(-0.0703679848348 -0.0994386675904 0)
(-0.0754818535326 -0.098033317005 0)
(-0.0807855378931 -0.0959065187178 0)
(-0.086247664357 -0.0930061245943 0)
(-0.091827947632 -0.0892835504031 0)
(-0.0974763723717 -0.0846961197053 0)
(-0.103132623093 -0.0792098070954 0)
(-0.108725888576 -0.0728023377439 0)
(-0.114175182712 -0.0654665475151 0)
(-0.119390327291 -0.0572138415033 0)
(-0.124273726316 -0.0480775134086 0)
(-0.128723018217 -0.0381156129729 0)
(-0.13263461404 -0.0274129895613 0)
(-0.135908021645 -0.016082124013 0)
(-0.138450747849 -0.00426240620019 0)
(-0.140183462866 0.00788240650069 0)
(-0.141044958613 0.0201686909621 0)
(-0.158613886029 0.03177135351 0)
(-0.157436881771 0.0428460476378 0)
(-0.155390650922 0.0534880691619 0)
(-0.152513490669 0.0635316569601 0)
(-0.148864873421 0.0728275316877 0)
(-0.144522299107 0.0812482852287 0)
(-0.139577205435 0.0886922477569 0)
(-0.134130375248 0.0950856359863 0)
(-0.128287274956 0.100383002655 0)
(-0.122153690559 0.104566172009 0)
(-0.115831934086 0.107641953271 0)
(-0.109417790817 0.109638979625 0)
(-0.102998277174 0.110604026838 0)
(-0.0966501940263 0.110598132194 0)
(-0.090439398947 0.109692776783 0)
(-0.0844206846691 0.107966327193 0)
(-0.0786381355322 0.105500867118 0)
(-0.0731258338786 0.102379491382 0)
(-0.0679087990059 0.0986840877811 0)
(-0.063004058008 0.0944935967054 0)
(-0.0584217671161 0.0898827141292 0)
(-0.0541663214989 0.0849209887511 0)
(-0.0502374092456 0.0796722568843 0)
(-0.0466309805334 0.0741943572207 0)
(-0.0433401154412 0.068539070067 0)
(-0.0403557835007 0.0627522305901 0)
(-0.0376674951521 0.0568739718538 0)
(-0.035263850156 0.0509390601599 0)
(-0.0331329911184 0.0449772918212 0)
(-0.0312629720009 0.0390139266322 0)
(-0.0296420521891 0.0330701387826 0)
(-0.0282589266538 0.0271634706824 0)
(-0.0271029022208 0.021308279119 0)
(-0.0261640291445 0.015516166426 0)
(-0.0254331962009 0.00979639195059 0)
(-0.0249021964671 0.00415626114726 0)
(-0.0245637699141 -0.00139850878889 0)
(-0.0244116279405 -0.00686344665447 0)
(-0.0244404640445 -0.0122350073829 0)
(-0.0246459539794 -0.017510273038 0)
(-0.0250247479606 -0.0226866726897 0)
(-0.0255744567943 -0.0277617189763 0)
(-0.0262936331526 -0.0327327590354 0)
(-0.0271817486348 -0.037596737491 0)
(-0.0282391666993 -0.0423499692596 0)
(-0.0294671110215 -0.0469879200974 0)
(-0.0308676283128 -0.0515049930443 0)
(-0.0324435441138 -0.0558943192252 0)
(-0.0341984095383 -0.0601475518573 0)
(-0.0361364363867 -0.0642546628063 0)
(-0.0382624174658 -0.0682037416338 0)
(-0.0405816283368 -0.0719807978284 0)
(-0.0430997060856 -0.0755695678407 0)
(-0.0458225000691 -0.078951329669 0)
(-0.0487558889697 -0.0821047291304 0)
(-0.0519055579357 -0.085005623634 0)
(-0.0552767291443 -0.087626951283 0)
(-0.0588738388881 -0.0899386355228 0)
(-0.0627001543819 -0.0919075383349 0)
(-0.0667573240382 -0.0934974781432 0)
(-0.0710448561841 -0.0946693321149 0)
(-0.0755595233094 -0.0953812462763 0)
(-0.080294692215 -0.0955889806335 0)
(-0.0852395851724 -0.0952464199391 0)
(-0.0903784837309 -0.0943062834099 0)
(-0.0956898953637 -0.0927210678541 0)
(-0.10114571394 -0.0904442574021 0)
(-0.106710418041 -0.0874318281738 0)
(-0.112340366115 -0.083644066344 0)
(-0.117983263601 -0.0790477016143 0)
(-0.123577892984 -0.0736183334848 0)
(-0.129054210759 -0.0673430937204 0)
(-0.134333921748 -0.0602234448097 0)
(-0.139331636417 -0.0522779628088 0)
(-0.143956695687 -0.0435448984772 0)
(-0.148115705628 -0.0340842609758 0)
(-0.151715758546 -0.0239791355951 0)
(-0.154668232423 -0.0133359471587 0)
(-0.156892972882 -0.00228342374916 0)
(-0.158322575551 0.00902990696386 0)
(-0.158906397394 0.0204397358012 0)
(-0.17474197596 0.030929930161 0)
(-0.173380862823 0.0411477786115 0)
(-0.171190908259 0.0509598042238 0)
(-0.16820893759 0.0602208084319 0)
(-0.164490207901 0.0687997755129 0)
(-0.160105774293 0.0765842754633 0)
(-0.155139099807 0.0834836811587 0)
(-0.149682236229 0.0894310411352 0)
(-0.143831908288 0.0943836035008 0)
(-0.137685793136 0.0983221128352 0)
(-0.131339221214 0.10124908998 0)
(-0.124882448407 0.103186354154 0)
(-0.118398572918 0.10417205989 0)
(-0.111962103265 0.104257504001 0)
(-0.105638132565 0.103503920193 0)
(-0.0994820406925 0.101979431319 0)
(-0.0935396282783 0.0997562797609 0)
(-0.087847581744 0.09690841054 0)
(-0.0824341730923 0.0935094426369 0)
(-0.0773201086977 0.0896310331904 0)
(-0.0725194550361 0.0853416166717 0)
(-0.0680405840224 0.0807054861857 0)
(-0.0638870948555 0.0757821754556 0)
(-0.0600586820534 0.0706260964554 0)
(-0.0565519302274 0.065286387749 0)
(-0.053361024909 0.0598069311842 0)
(-0.0504783754917 0.0542264986978 0)
(-0.0478951512946 0.0485789958889 0)
(-0.0456017351547 0.0428937741354 0)
(-0.0435881011088 0.0371959880071 0)
(-0.0418441239081 0.0315069793319 0)
(-0.0403598285711 0.0258446733725 0)
(-0.0391255881163 0.0202239761043 0)
(-0.0381322772088 0.0146571645769 0)
(-0.0373713888282 0.00915426480117 0)
(-0.0368351203062 0.00372341358503 0)
(-0.0365164342825 -0.00162879768442 0)
(-0.0364090993129 -0.0068969980985 0)
(-0.0365077140771 -0.0120767310029 0)
(-0.0368077183888 -0.0171641656976 0)
(-0.037305393514 -0.0221558258027 0)
(-0.0379978536615 -0.0270483327441 0)
(-0.0388830299051 -0.0318381626441 0)
(-0.0399596472416 -0.0365214148641 0)
(-0.0412271949577 -0.0410935904977 0)
(-0.0426858899702 -0.0455493792526 0)
(-0.0443366323098 -0.0498824533893 0)
(-0.0461809514248 -0.0540852676903 0)
(-0.0482209414872 -0.0581488648368 0)
(-0.050459183382 -0.0620626860725 0)
(-0.052898650553 -0.0658143876575 0)
(-0.0555425953631 -0.069389664366 0)
(-0.0583944121314 -0.072772082212 0)
(-0.0614574725274 -0.0759429236849 0)
(-0.0647349285903 -0.0788810501015 0)
(-0.0682294783273 -0.081562787248 0)
(-0.0719430886971 -0.083961842306 0)
(-0.0758766708783 -0.0860492621597 0)
(-0.0800297031862 -0.0877934455467 0)
(-0.0843997979349 -0.089160224107 0)
(-0.0889822101387 -0.0901130301256 0)
(-0.0937692883871 -0.0906131715132 0)
(-0.0987498717025 -0.0906202370856 0)
(-0.103908640934 -0.0900926571746 0)
(-0.109225439436 -0.0889884455445 0)
(-0.114674585548 -0.087266147895 0)
(-0.120224208738 -0.0848860191272 0)
(-0.125835652074 -0.0818114451055 0)
(-0.131462995328 -0.0780106138511 0)
(-0.137052764778 -0.073458424918 0)
(-0.142543905997 -0.0681386032875 0)
(-0.14786810257 -0.0620459551363 0)
(-0.15295052378 -0.0551886678946 0)
(-0.157711074509 -0.0475905183384 0)
(-0.162066197673 -0.0392928143011 0)
(-0.165931240967 -0.0303558643725 0)
(-0.169223345246 -0.0208597543118 0)
(-0.171864745874 -0.0109042187121 0)
(-0.173786310437 -0.000607437512697 0)
(-0.174931072737 0.00989634280511 0)
(-0.175257470128 0.0204603615802 0)
(-0.189498285825 0.0298949009723 0)
(-0.187971603234 0.0392949807684 0)
(-0.18565480498 0.0483159888158 0)
(-0.182583280996 0.0568306564137 0)
(-0.178808527436 0.0647239443709 0)
(-0.174395932316 0.0718966574766 0)
(-0.169421948916 0.0782681267203 0)
(-0.163970904439 0.0837778320925 0)
(-0.158131700278 0.0883859500114 0)
(-0.15199463574 0.0920729054013 0)
(-0.145648541432 0.0948380792202 0)
(-0.139178352392 0.0966978651742 0)
(-0.132663193018 0.0976832852523 0)
(-0.126174993212 0.0978373664795 0)
(-0.119777612795 0.0972124574109 0)
(-0.1135264214 0.0958676294522 0)
(-0.107468263169 0.0938662711752 0)
(-0.10164172801 0.0912739479463 0)
(-0.0960776515976 0.0881565673292 0)
(-0.0907997721867 0.0845788644626 0)
(-0.0858254816391 0.0806032014429 0)
(-0.0811666189264 0.0762886604489 0)
(-0.0768302655011 0.0716904012318 0)
(-0.0728195123742 0.0668592487404 0)
(-0.0691341779776 0.0618414750992 0)
(-0.0657714636474 0.0566787409922 0)
(-0.0627265397815 0.0514081639227 0)
(-0.0599930605053 0.0460624841977 0)
(-0.0575636081623 0.0406703033206 0)
(-0.0554300713399 0.0352563733901 0)
(-0.0535839616552 0.0298419198931 0)
(-0.0520166753516 0.0244449837551 0)
(-0.0507197060543 0.0190807716016 0)
(-0.0496848149727 0.0137620058703 0)
(-0.0489041645095 0.00849926867648 0)
(-0.0483704207483 0.00330133520348 0)
(-0.0480768297073 -0.00182450608849 0)
(-0.0480172716195 -0.00687214793757 0)
(-0.0481862968544 -0.0118363740191 0)
(-0.0485791464718 -0.0167125838242 0)
(-0.0491917597894 -0.0214965320531 0)
(-0.0500207707706 -0.0261840815709 0)
(-0.0510634944962 -0.0307709687683 0)
(-0.0523179044659 -0.035252580103 0)
(-0.0537826009857 -0.0396237386211 0)
(-0.0554567704245 -0.0438784993862 0)
(-0.0573401346647 -0.0480099529579 0)
(-0.0594328896251 -0.0520100363684 0)
(-0.0617356312895 -0.0558693514413 0)
(-0.0642492672423 -0.059576990805 0)
(-0.0669749112856 -0.0631203725642 0)
(-0.0699137583046 -0.0664850853337 0)
(-0.0730669361783 -0.0696547462334 0)
(-0.0764353312104 -0.072610875481 0)
(-0.0800193833271 -0.075332792449 0)
(-0.0838188471941 -0.077797539461 0)
(-0.0878325155006 -0.0799798412075 0)
(-0.0920579010222 -0.0818521094435 0)
(-0.0964908748119 -0.0833845045724 0)
(-0.101125259071 -0.0845450677481 0)
(-0.105952375069 -0.085299939148 0)
(-0.110960549071 -0.0856136799266 0)
(-0.116134582668 -0.0854497168165 0)
(-0.121455198447 -0.0847709290958 0)
(-0.12689847754 -0.0835403972707 0)
(-0.132435312365 -0.0817223308109 0)
(-0.138030905653 -0.0792831880147 0)
(-0.143644355393 -0.0761929938861 0)
(-0.149228373997 -0.0724268510891 0)
(-0.154729197914 -0.06796662402 0)
(-0.160086749795 -0.0628027564779 0)
(-0.165235117348 -0.0569361595194 0)
(-0.170103408974 -0.0503800788693 0)
(-0.174617034063 -0.043161822956 0)
(-0.178699433253 -0.0353242068543 0)
(-0.182274250199 -0.0269265491016 0)
(-0.185267892154 -0.0180450535897 0)
(-0.187612375696 -0.00877242359229 0)
(-0.189248303038 0.000783407124115 0)
(-0.190127769607 0.010501480983 0)
(-0.190216972469 0.0202509343847 0)
(-0.202982377351 0.0286846939575 0)
(-0.201306981004 0.0373043090242 0)
(-0.19887808801 0.0455713695065 0)
(-0.195729739847 0.0533743017805 0)
(-0.19191011121 0.0606120960289 0)
(-0.187479637625 0.0671972851147 0)
(-0.182508643929 0.0730581847155 0)
(-0.177074663191 0.0781402929922 0)
(-0.171259645083 0.0824068293232 0)
(-0.165147238048 0.0858384644021 0)
(-0.158820298005 0.0884323501899 0)
(-0.152358735217 0.0902005945946 0)
(-0.145837767088 0.0911683421777 0)
(-0.139326603339 0.0913716210099 0)
(-0.132887555478 0.090855101193 0)
(-0.126575536532 0.0896698874031 0)
(-0.120437900055 0.0878714405881 0)
(-0.11451455854 0.0855176962668 0)
(-0.108838319127 0.0826674212803 0)
(-0.103435377108 0.0793788288906 0)
(-0.0983259136914 0.0757084545254 0)
(-0.0935247522194 0.0717102813204 0)
(-0.0890420355372 0.0674350955944 0)
(-0.08488389553 0.0629300469108 0)
(-0.0810530935491 0.0582383847737 0)
(-0.0775496171381 0.0533993435845 0)
(-0.0743712240441 0.0484481486111 0)
(-0.0715139289618 0.0434161178808 0)
(-0.0689724318595 0.0383308376529 0)
(-0.0667404892227 0.0332163921277 0)
(-0.0648112312563 0.0280936310861 0)
(-0.0631774291638 0.0229804620406 0)
(-0.0618317171941 0.0178921561257 0)
(-0.0607667743589 0.0128416593186 0)
(-0.0599754706503 0.00783990261735 0)
(-0.0594509823304 0.00289610652696 0)
(-0.0591868804857 -0.00198192336071 0)
(-0.0591771965755 -0.00678751175234 0)
(-0.0594164682096 -0.011514841151 0)
(-0.0598997678772 -0.0161586919075 0)
(-0.0606227168387 -0.0207141947492 0)
(-0.0615814858954 -0.0251765953588 0)
(-0.0627727842735 -0.0295410303492 0)
(-0.0641938373955 -0.0338023138885 0)
(-0.0658423538726 -0.0379547342365 0)
(-0.0677164816256 -0.0419918595608 0)
(-0.0698147526314 -0.0459063526071 0)
(-0.0721360154006 -0.0496897940888 0)
(-0.074679353905 -0.0533325150466 0)
(-0.0774439913178 -0.0568234389224 0)
(-0.0804291765877 -0.0601499346768 0)
(-0.0836340515639 -0.0632976829886 0)
(-0.0870574961423 -0.0662505584098 0)
(-0.090697948727 -0.0689905313045 0)
(-0.0945531992325 -0.071497594506 0)
(-0.0986201519464 -0.0737497208631 0)
(-0.102894555859 -0.0757228592073 0)
(-0.107370700632 -0.0773909777411 0)
(-0.112041077314 -0.0787261653703 0)
(-0.11689600425 -0.0796988030095 0)
(-0.121923220571 -0.0802778182674 0)
(-0.127107452191 -0.0804310380154 0)
(-0.132429958533 -0.0801256539305 0)
(-0.13786807232 -0.0793288159204 0)
(-0.14339474966 -0.0780083670178 0)
(-0.148978153344 -0.0761337304748 0)
(-0.1545812985 -0.0736769549251 0)
(-0.160161796186 -0.0706139161531 0)
(-0.165671736584 -0.0669256637873 0)
(-0.171057758329 -0.0625998878631 0)
(-0.176261353081 -0.0576324636893 0)
(-0.181219453312 -0.0520290142971 0)
(-0.1858653449 -0.045806409102 0)
(-0.19012993308 -0.038994097279 0)
(-0.193943369462 -0.0316351576825 0)
(-0.19723701914 -0.0237869376176 0)
(-0.1999457115 -0.0155211545717 0)
(-0.202010179522 -0.00692335186563 0)
(-0.203379554998 0.00190836706376 0)
(-0.204013756502 0.0108653511163 0)
(-0.203885589078 0.0198311222708 0)
(-0.215278945478 0.0273164081689 0)
(-0.21347025468 0.0351907093893 0)
(-0.210942317257 0.0427386663707 0)
(-0.207727935676 0.0498625037541 0)
(-0.203872370813 0.0564735823362 0)
(-0.199431748485 0.0624948616669 0)
(-0.194471056477 0.0678627733519 0)
(-0.189061878848 0.0725284236638 0)
(-0.183280023155 0.0764581041296 0)
(-0.177203187587 0.0796331440376 0)
(-0.170908793084 0.0820491831221 0)
(-0.164472075517 0.0837149729848 0)
(-0.157964499773 0.0846508314597 0)
(-0.151452525416 0.0848868763884 0)
(-0.144996725509 0.0844611568487 0)
(-0.138651238149 0.0834177840841 0)
(-0.132463514765 0.0818051445036 0)
(-0.126474320035 0.0796742559567 0)
(-0.120717934412 0.0770773081541 0)
(-0.115222510666 0.0740664100195 0)
(-0.110010539221 0.0706925516998 0)
(-0.105099382401 0.0670047772139 0)
(-0.100501843938 0.0630495551914 0)
(-0.0962267466635 0.0588703295039 0)
(-0.0922794975119 0.0545072283858 0)
(-0.0886626246627 0.049996909372 0)
(-0.0853762765077 0.0453725175538 0)
(-0.0824186761811 0.0406637358629 0)
(-0.0797865286077 0.0358969079552 0)
(-0.0774753794752 0.0310952164833 0)
(-0.0754799273347 0.0262789019234 0)
(-0.0737942912573 0.0214655094725 0)
(-0.0724122372481 0.0166701537516 0)
(-0.0713273670345 0.0119057930916 0)
(-0.0705332729808 0.00718350697619 0)
(-0.0700236628202 0.0025127717725 0)
(-0.0697924576886 -0.00209826879688 0)
(-0.0698338666422 -0.00664254090194 0)
(-0.0701424404779 -0.0111137871607 0)
(-0.0707131072804 -0.0155063234006 0)
(-0.0715411917048 -0.019814806008 0)
(-0.0726224195924 -0.0240340098892 0)
(-0.0739529091068 -0.0281586168283 0)
(-0.0755291491793 -0.0321830139169 0)
(-0.0773479656694 -0.0361011017251 0)
(-0.0794064752738 -0.0399061119732 0)
(-0.0817020268676 -0.0435904346526 0)
(-0.084232129622 -0.0471454548184 0)
(-0.0869943669303 -0.0505613996418 0)
(-0.0899862948872 -0.0538271967751 0)
(-0.093205323814 -0.0569303456333 0)
(-0.0966485811147 -0.0598568038506 0)
(-0.100312753618 -0.0625908919348 0)
(-0.104193907501 -0.0651152199962 0)
(-0.108287283978 -0.0674106413952 0)
(-0.112587069146 -0.0694562392059 0)
(-0.117086136853 -0.0712293525132 0)
(-0.121775764119 -0.0727056507199 0)
(-0.126645319707 -0.0738592651821 0)
(-0.131681927844 -0.0746629885285 0)
(-0.136870110999 -0.07508855285 0)
(-0.142191418051 -0.0751069984191 0)
(-0.147624047179 -0.0746891445148 0)
(-0.153142476397 -0.073806173061 0)
(-0.158717118809 -0.0724303338426 0)
(-0.164314024233 -0.0705357767383 0)
(-0.169894653602 -0.068099511378 0)
(-0.175415757208 -0.065102487587 0)
(-0.180829391747 -0.0615307807269 0)
(-0.186083113644 -0.0573768545241 0)
(-0.191120386357 -0.0526408604125 0)
(-0.195881236211 -0.0473319174443 0)
(-0.200303183832 -0.0414693015379 0)
(-0.204322465455 -0.0350834589774 0)
(-0.20787553996 -0.0282167489455 0)
(-0.210900853602 -0.0209238161369 0)
(-0.213340806526 -0.013271499987 0)
(-0.215143835878 -0.00533820397149 0)
(-0.216266503427 0.00278732233671 0)
(-0.216675455132 0.0110077951558 0)
(-0.216349110526 0.0192197596222 0)
(-0.226460334775 0.0258059388145 0)
(-0.224532520252 0.0329677029686 0)
(-0.221917197563 0.0398289922446 0)
(-0.218646046946 0.0463042197171 0)
(-0.214761785124 0.0523157034689 0)
(-0.210316799576 0.0577957069621 0)
(-0.205371444797 0.0626880066951 0)
(-0.199992115361 0.0669489219564 0)
(-0.194249218418 0.0705477863415 0)
(-0.188215163305 0.0734668828297 0)
(-0.181962470739 0.0757008990576 0)
(-0.175562082119 0.0772559843562 0)
(-0.169081924357 0.0781485043018 0)
(-0.162585760553 0.0784035925753 0)
(-0.156132334208 0.0780535955333 0)
(-0.149774796149 0.0771364943211 0)
(-0.143560389576 0.0756943749814 0)
(-0.137530359695 0.0737720009716 0)
(-0.131720049727 0.071415526503 0)
(-0.126159143995 0.0686713743971 0)
(-0.120872020361 0.0655852894726 0)
(-0.115878177661 0.0622015682038 0)
(-0.111192708348 0.0585624575864 0)
(-0.106826791457 0.0547077106458 0)
(-0.102788186038 0.0506742825499 0)
(-0.0990817098919 0.0464961494968 0)
(-0.0957096926014 0.042204232051 0)
(-0.0926723954664 0.0378264051011 0)
(-0.0899683938882 0.033387577764 0)
(-0.0875949200986 0.0289098281416 0)
(-0.0855481659213 0.0244125796397 0)
(-0.083823546561 0.0199128074327 0)
(-0.0824159273076 0.0154252654876 0)
(-0.0813198156134 0.0109627262861 0)
(-0.0805295212968 0.00653622694986 0)
(-0.0800392877229 0.00215531684843 0)
(-0.0798433967595 -0.00217169703217 0)
(-0.0799362501403 -0.00643750968511 0)
(-0.0803124296286 -0.0106355845486 0)
(-0.0809667380912 -0.0147599280923 0)
(-0.08189422327 -0.0188048732746 0)
(-0.0830901857143 -0.0227648722664 0)
(-0.0845501719983 -0.0266342985938 0)
(-0.0862699540187 -0.030407258737 0)
(-0.0882454948452 -0.0340774132008 0)
(-0.0904729012866 -0.0376378071479 0)
(-0.0929483630419 -0.0410807108591 0)
(-0.0956680780346 -0.0443974705346 0)
(-0.0986281632798 -0.0475783702897 0)
(-0.101824550422 -0.0506125066267 0)
(-0.105252864915 -0.0534876771712 0)
(-0.108908287689 -0.0561902860513 0)
(-0.112785398131 -0.0587052689782 0)
(-0.116877997246 -0.0610160418367 0)
(-0.121178910056 -0.0631044774112 0)
(-0.125679766627 -0.0649509157474 0)
(-0.130370761678 -0.0665342145395 0)
(-0.135240393462 -0.0678318468074 0)
(-0.140275183738 -0.0688200539287 0)
(-0.145459382026 -0.0694740627331 0)
(-0.150774659142 -0.0697683757448 0)
(-0.156199797232 -0.0696771436504 0)
(-0.16171038617 -0.0691746284894 0)
(-0.167278539178 -0.0682357647408 0)
(-0.172872643982 -0.0668368231757 0)
(-0.178457169261 -0.064956178854 0)
(-0.183992549735 -0.0625751797332 0)
(-0.189435176246 -0.0596791058842 0)
(-0.194737519475 -0.0562582011883 0)
(-0.199848416641 -0.0523087497328 0)
(-0.204713549185 -0.0478341582433 0)
(-0.209276135164 -0.0428459944443 0)
(-0.213477852289 -0.0373649202202 0)
(-0.217259995689 -0.0314214492829 0)
(-0.220564858628 -0.0250564534763 0)
(-0.223337304896 -0.0183213417735 0)
(-0.225526479909 -0.011277843299 0)
(-0.227087585711 -0.00399734159959 0)
(-0.227983626014 0.0034402678333 0)
(-0.228187014052 0.0109481921672 0)
(-0.227680931644 0.0184347852553 0)
(-0.236588513787 0.0241680854838 0)
(-0.234554646155 0.0306475968594 0)
(-0.231862431487 0.036852151926 0)
(-0.228542543924 0.0427069863252 0)
(-0.224635487336 0.0481441716172 0)
(-0.220190415744 0.0531043080697 0)
(-0.215263673113 0.0575378365383 0)
(-0.209917143106 0.0614059171926 0)
(-0.204216506217 0.064680856617 0)
(-0.19822949895 0.067346097072 0)
(-0.19202425916 0.0693958090468 0)
(-0.185667825587 0.0708341485698 0)
(-0.179224840585 0.071674253194 0)
(-0.172756485513 0.0719370553643 0)
(-0.166319660088 0.0716499900459 0)
(-0.159966401561 0.0708456665811 0)
(-0.153743527602 0.0695605644419 0)
(-0.147692478396 0.0678338004808 0)
(-0.141849328533 0.0657060027959 0)
(-0.136244937172 0.0632183144697 0)
(-0.130905205314 0.0604115398993 0)
(-0.125851410942 0.0573254376079 0)
(-0.121100595907 0.0539981564637 0)
(-0.116665982116 0.0504658070771 0)
(-0.112557398478 0.0467621566527 0)
(-0.108781703884 0.0429184334983 0)
(-0.105343195004 0.0389632264637 0)
(-0.102243990819 0.0349224645591 0)
(-0.0994843884462 0.0308194626213 0)
(-0.0970631870005 0.0266750199582 0)
(-0.0949779779715 0.0225075602297 0)
(-0.0932254019096 0.0183333022846 0)
(-0.0918013721884 0.0141664531532 0)
(-0.0907012672718 0.0100194158318 0)
(-0.0899200933406 0.00590300583054 0)
(-0.0894526193485 0.00182667165941 0)
(-0.0892934866572 -0.00220128451674 0)
(-0.0894372953509 -0.00617348891494 0)
(-0.0898786692057 -0.0100832829773 0)
(-0.0906123011032 -0.0139245165221 0)
(-0.0916329804514 -0.0176913482326 0)
(-0.0929356039304 -0.0213780541705 0)
(-0.0945151706173 -0.0249788447665 0)
(-0.0963667622846 -0.0284876906147 0)
(-0.0984855094076 -0.0318981573737 0)
(-0.100866543169 -0.0352032501349 0)
(-0.103504933517 -0.0383952677743 0)
(-0.10639561313 -0.0414656680255 0)
(-0.109533286954 -0.0444049443261 0)
(-0.112912326834 -0.0472025158692 0)
(-0.116526650683 -0.0498466327499 0)
(-0.120369585589 -0.0523242986166 0)
(-0.124433714284 -0.0546212138304 0)
(-0.128710704593 -0.0567217427717 0)
(-0.133191121695 -0.0586089096124 0)
(-0.137864223465 -0.0602644275714 0)
(-0.142717739784 -0.0616687673501 0)
(-0.147737637463 -0.0628012710696 0)
(-0.152907873547 -0.0636403185411 0)
(-0.158210141058 -0.0641635530176 0)
(-0.163623612907 -0.0643481736048 0)
(-0.169124691627 -0.0641713011407 0)
(-0.174686774852 -0.0636104234405 0)
(-0.180280048912 -0.0626439242066 0)
(-0.185871325597 -0.0612516974546 0)
(-0.191423939723 -0.0594158458537 0)
(-0.196897727554 -0.0571214568089 0)
(-0.202249107982 -0.0543574443368 0)
(-0.20743128927 -0.051117437858 0)
(-0.212394623712 -0.0474006911115 0)
(-0.217087130155 -0.0432129758482 0)
(-0.221455199577 -0.0385674164063 0)
(-0.225444491337 -0.0334852135486 0)
(-0.229001017133 -0.027996200191 0)
(-0.232072396339 -0.0221391691583 0)
(-0.234609250689 -0.0159619152017 0)
(-0.236566689613 -0.00952094137639 0)
(-0.237905821381 -0.00288079418547 0)
(-0.238595211929 0.00388698744053 0)
(-0.238612204851 0.0107052982724 0)
(-0.237944014795 0.0174932276847 0)
(-0.245716640428 0.0224166489679 0)
(-0.243588812658 0.0282416467365 0)
(-0.240829204334 0.0338168616717 0)
(-0.237467595091 0.0390771940373 0)
(-0.233542571302 0.0439634445552 0)
(-0.229100498841 0.0484237191478 0)
(-0.224194261388 0.0524145257498 0)
(-0.218881836433 0.0559015212984 0)
(-0.213224786989 0.0588598926347 0)
(-0.207286745637 0.0612743798314 0)
(-0.201131960172 0.0631389719258 0)
(-0.194823958301 0.0644563215099 0)
(-0.18842437438 0.0652369353197 0)
(-0.181991965961 0.0654982028714 0)
(-0.175581833356 0.0652633249398 0)
(-0.169244842627 0.0645601992869 0)
(-0.163027242141 0.0634203137508 0)
(-0.156970455172 0.0618776877842 0)
(-0.151111026135 0.0599678938641 0)
(-0.14548069545 0.0577271807217 0)
(-0.14010657744 0.0551917116767 0)
(-0.135011416606 0.0523969238852 0)
(-0.13021389961 0.0493770082201 0)
(-0.125729002927 0.0461645048131 0)
(-0.121568359142 0.0427900059316 0)
(-0.117740627872 0.0392819556947 0)
(-0.114251860236 0.035666534945 0)
(-0.11110584844 0.0319676192168 0)
(-0.108304454389 0.0282067979609 0)
(-0.105847913239 0.0244034438443 0)
(-0.103735109395 0.0205748218875 0)
(-0.101963823806 0.0167362293119 0)
(-0.100530952349 0.0129011581432 0)
(-0.0994326958673 0.00908147379637 0)
(-0.0986647228991 0.00528760399028 0)
(-0.0982223064809 0.00152873336617 0)
(-0.0981004365611 -0.00218699988524 0)
(-0.0982939096346 -0.00585230828281 0)
(-0.0987973971691 -0.00946056242041 0)
(-0.0996054943054 -0.0130056030995 0)
(-0.100712750169 -0.0164815594531 0)
(-0.102113680968 -0.0198826739633 0)
(-0.103802766849 -0.0232031350499 0)
(-0.105774433315 -0.026436917785 0)
(-0.108023017788 -0.0295776332553 0)
(-0.110542721723 -0.0326183871417 0)
(-0.113327548526 -0.0355516482192 0)
(-0.116371227361 -0.0383691276787 0)
(-0.119667122822 -0.0410616704485 0)
(-0.123208130379 -0.0436191600311 0)
(-0.126986557465 -0.0460304387712 0)
(-0.130993990118 -0.048283245922 0)
(-0.135221145206 -0.0503641763816 0)
(-0.139657708457 -0.0522586634953 0)
(-0.144292158869 -0.0539509898741 0)
(-0.14911158049 -0.0554243307137 0)
(-0.154101463235 -0.0566608345957 0)
(-0.159245495145 -0.0576417471644 0)
(-0.164525349565 -0.0583475833458 0)
(-0.169920471885 -0.058758353835 0)
(-0.175407871965 -0.058853851355 0)
(-0.18096193004 -0.0586140015705 0)
(-0.186554225684 -0.0580192824301 0)
(-0.192153401445 -0.0570512139906 0)
(-0.197725074662 -0.0556929183348 0)
(-0.203231812858 -0.0539297459385 0)
(-0.208633189545 -0.0517499607125 0)
(-0.213885938208 -0.0491454709411 0)
(-0.218944222152 -0.0461125875463 0)
(-0.223760036606 -0.0426527847446 0)
(-0.22828375657 -0.03877343158 0)
(-0.232464838957 -0.0344884565613 0)
(-0.236252680615 -0.0298189024 0)
(-0.23959762458 -0.0247933245172 0)
(-0.242452095795 -0.0194479865004 0)
(-0.244771835129 -0.0138268089431 0)
(-0.246517187739 -0.0079810358354 0)
(-0.247654390099 -0.00196859517353 0)
(-0.248156790886 0.0041468525231 0)
(-0.248005935941 0.0102971635206 0)
(-0.247192448183 0.0164112212557 0)
(-0.253890313946 0.0205645205381 0)
(-0.251679746652 0.0257601874667 0)
(-0.248861382936 0.0307309156226 0)
(-0.245464213337 0.0354202898298 0)
(-0.241525169849 0.0397769700739 0)
(-0.237088223413 0.0437558558423 0)
(-0.232203284144 0.0473190011048 0)
(-0.226924962379 0.050436246363 0)
(-0.221311253529 0.0530855537463 0)
(-0.215422209202 0.0552530502353 0)
(-0.209318651923 0.0569328009311 0)
(-0.203060982013 0.0581263475643 0)
(-0.196708114224 0.0588420564615 0)
(-0.19031656977 0.059094324849 0)
(-0.183939737776 0.0589026950277 0)
(-0.177627309568 0.0582909232937 0)
(-0.171424880467 0.0572860453517 0)
(-0.165373706937 0.0559174732805 0)
(-0.159510602211 0.0542161516626 0)
(-0.153867950703 0.0522137929886 0)
(-0.14847382036 0.0499422053893 0)
(-0.143352152269 0.047432719507 0)
(-0.138523007983 0.0447157160744 0)
(-0.134002856859 0.0418202516053 0)
(-0.129804887918 0.038773776493 0)
(-0.125939333101 0.0356019376753 0)
(-0.122413791192 0.0323284567169 0)
(-0.119233543899 0.0289750735626 0)
(-0.116401857627 0.0255615461539 0)
(-0.113920266246 0.0221056964544 0)
(-0.111788831668 0.0186234940674 0)
(-0.110006380282 0.0151291694531 0)
(-0.108570714286 0.0116353496644 0)
(-0.107478797696 0.00815321047295 0)
(-0.106726917409 0.00469263968259 0)
(-0.106310820057 0.00126240729865 0)
(-0.106225825655 -0.00212966098259 0)
(-0.106466919199 -0.00547650979824 0)
(-0.107028821411 -0.00877168189491 0)
(-0.107906039817 -0.0120091493927 0)
(-0.109092901286 -0.015183149877 0)
(-0.110583567065 -0.0182880283624 0)
(-0.112372031199 -0.0213180859622 0)
(-0.114452103146 -0.0242674359814 0)
(-0.116817375212 -0.0271298681109 0)
(-0.119461175329 -0.029898721441 0)
(-0.122376505616 -0.0325667671229 0)
(-0.12555596701 -0.0351261016815 0)
(-0.128991670271 -0.0375680522213 0)
(-0.13267513359 -0.0398830950627 0)
(-0.136597167096 -0.0420607896858 0)
(-0.140747744634 -0.0440897302461 0)
(-0.14511586336 -0.045957517339 0)
(-0.149689391958 -0.0476507531228 0)
(-0.154454908636 -0.0491550633358 0)
(-0.159397530537 -0.050455150144 0)
(-0.164500736838 -0.0515348800959 0)
(-0.169746188528 -0.0523774116973 0)
(-0.175113548831 -0.0529653672082 0)
(-0.180580309286 -0.0532810531391 0)
(-0.186121627751 -0.0533067335179 0)
(-0.191710185964 -0.053024959235 0)
(-0.197316075749 -0.0524189555712 0)
(-0.202906724423 -0.0514730682803 0)
(-0.208446871359 -0.0501732662796 0)
(-0.213898608803 -0.0485076960294 0)
(-0.21922150083 -0.0464672790575 0)
(-0.224372794453 -0.0440463398341 0)
(-0.229307736183 -0.0412432464637 0)
(-0.233980005539 -0.0380610416328 0)
(-0.238342273795 -0.034508036276 0)
(-0.242346891561 -0.0305983339597 0)
(-0.245946702461 -0.026352250583 0)
(-0.249095972293 -0.0217965923363 0)
(-0.251751413983 -0.0169647555981 0)
(-0.253873278842 -0.0118966161961 0)
(-0.255426475018 -0.0066381826366 0)
(-0.256381665551 -0.00124099860142 0)
(-0.256716292354 0.00423870611938 0)
(-0.256415469758 0.00974110086951 0)
(-0.255472693039 0.0152040429068 0)
(-0.261148583095 0.0186237663444 0)
(-0.258865718557 0.0232127425765 0)
(-0.255996488722 0.0276013168529 0)
(-0.252569193866 0.031740931454 0)
(-0.248619346593 0.0355873692562 0)
(-0.244188871346 0.0391017158618 0)
(-0.239325136623 0.04225111986 0)
(-0.234079867191 0.0450093243677 0)
(-0.228507987608 0.0473569579672 0)
(-0.222666448428 0.049281587909 0)
(-0.216613082802 0.0507775516474 0)
(-0.210405534724 0.0518455934144 0)
(-0.204100291717 0.0524923400536 0)
(-0.197751845429 0.0527296545555 0)
(-0.191411994218 0.0525739068697 0)
(-0.185129293106 0.0520452000503 0)
(-0.178948649023 0.0511665862435 0)
(-0.172911053223 0.0499633020872 0)
(-0.167053438365 0.0484620474038 0)
(-0.161408644879 0.0466903251615 0)
(-0.156005479693 0.0446758549956 0)
(-0.150868850067 0.0424460674206 0)
(-0.146019955768 0.0400276814305 0)
(-0.141476524034 0.0374463645536 0)
(-0.137253073317 0.0347264716352 0)
(-0.13336119368 0.0318908566027 0)
(-0.129809833574 0.0289607501449 0)
(-0.126605584597 0.0259556955194 0)
(-0.1237529576 0.0228935344549 0)
(-0.121254645036 0.0197904352488 0)
(-0.119111765843 0.016660955565 0)
(-0.117324090311 0.0135181330269 0)
(-0.115890243328 0.0103735973984 0)
(-0.114807885176 0.00723769889823 0)
(-0.114073869642 0.00411964795001 0)
(-0.113684379658 0.00102766239317 0)
(-0.11363504099 -0.00203088114599 0)
(-0.113921014714 -0.0050492944203 0)
(-0.114537069352 -0.00802142544372 0)
(-0.115477633573 -0.0109415088264 0)
(-0.1167368304 -0.0138040199473 0)
(-0.118308493808 -0.0166035340815 0)
(-0.120186168557 -0.0193345914098 0)
(-0.122363094034 -0.0219915687256 0)
(-0.124832172795 -0.0245685586176 0)
(-0.127585924442 -0.0270592569329 0)
(-0.130616425404 -0.0294568594204 0)
(-0.133915235171 -0.0317539686015 0)
(-0.137473309511 -0.0339425121191 0)
(-0.141280901247 -0.0360136740674 0)
(-0.145327449244 -0.0379578410892 0)
(-0.149601456405 -0.0397645653505 0)
(-0.154090357678 -0.0414225468364 0)
(-0.158780379366 -0.0429196377529 0)
(-0.163656391399 -0.0442428721433 0)
(-0.168701754731 -0.0453785241106 0)
(-0.173898166589 -0.0463121982498 0)
(-0.179225507017 -0.0470289559969 0)
(-0.184661690982 -0.047513481554 0)
(-0.190182531244 -0.0477502907972 0)
(-0.195761618196 -0.0477239860614 0)
(-0.201370224013 -0.0474195588637 0)
(-0.206977239498 -0.0468227414123 0)
(-0.212549153104 -0.0459204060919 0)
(-0.218050082469 -0.0447010099908 0)
(-0.223441869444 -0.0431550788962 0)
(-0.228684249785 -0.0412757220765 0)
(-0.233735108269 -0.0390591656324 0)
(-0.238550828855 -0.0365052883855 0)
(-0.243086747384 -0.0336181403646 0)
(-0.247297711088 -0.030406420266 0)
(-0.251138744797 -0.0268838851513 0)
(-0.254565818132 -0.0230696635719 0)
(-0.257536701351 -0.0189884427451 0)
(-0.260011890129 -0.01467050184 0)
(-0.26195557194 -0.0101515672291 0)
(-0.263336599476 -0.00547247197946 0)
(-0.264129430526 -0.000678610840755 0)
(-0.264314989808 0.00418080681158 0)
(-0.263881407109 0.00905369089123 0)
(-0.262824588459 0.0138861629774 0)
(-0.267524762056 0.0166057087486 0)
(-0.265179350899 0.0206081197883 0)
(-0.262266490564 0.0244343848831 0)
(-0.258813883589 0.0280431090327 0)
(-0.254855834104 0.0313965778091 0)
(-0.250432530514 0.0344615478785 0)
(-0.245589185043 0.0372098746016 0)
(-0.240375069015 0.0396189553197 0)
(-0.234842486217 0.0416719784111 0)
(-0.229045726953 0.0433579795924 0)
(-0.223040042875 0.0446717172564 0)
(-0.216880677796 0.0456133871117 0)
(-0.210621983199 0.0461882025656 0)
(-0.204316639765 0.046405870988 0)
(-0.198014998685 0.0462799973126 0)
(-0.191764549324 0.0458274456653 0)
(-0.185609513445 0.0450676872757 0)
(-0.179590560935 0.0440221593195 0)
(-0.173744637916 0.0427136550099 0)
(-0.168104895279 0.041165760657 0)
(-0.16270070399 0.0394023508696 0)
(-0.157557742768 0.0374471488699 0)
(-0.152698143797 0.0353233551905 0)
(-0.14814068282 0.0330533449255 0)
(-0.143901001042 0.0306584312522 0)
(-0.139991847655 0.0281586911072 0)
(-0.136423333269 0.0255728476308 0)
(-0.133203186098 0.0229182032355 0)
(-0.130337004181 0.0202106167996 0)
(-0.127828498345 0.0174645184695 0)
(-0.125679721786 0.0146929557851 0)
(-0.123891283281 0.0119076652535 0)
(-0.122462541914 0.00911916401395 0)
(-0.121391781986 0.00633685682837 0)
(-0.120676367359 0.0035691542333 0)
(-0.120312875015 0.00082359828554 0)
(-0.120297207905 -0.00189300710695 0)
(-0.120624687499 -0.00457446376702 0)
(-0.121290126583 -0.00721504679811 0)
(-0.122287882983 -0.00980937377498 0)
(-0.12361189497 -0.0123522769402 0)
(-0.125255699113 -0.0148386795369 0)
(-0.127212431363 -0.0172634772369 0)
(-0.12947481212 -0.019621425523 0)
(-0.132035116035 -0.021907033846 0)
(-0.134885127263 -0.0241144673965 0)
(-0.138016080898 -0.0262374574094 0)
(-0.141418591316 -0.0282692210401 0)
(-0.145082568216 -0.0302023920255 0)
(-0.148997121201 -0.0320289635468 0)
(-0.153150453905 -0.0337402449527 0)
(-0.157529748801 -0.035326834254 0)
(-0.162121044102 -0.0367786085768 0)
(-0.166909104451 -0.0380847350128 0)
(-0.171877287491 -0.0392337045487 0)
(-0.17700740885 -0.0402133919422 0)
(-0.18227960867 -0.041011144526 0)
(-0.187672223379 -0.0416139029253 0)
(-0.193161667196 -0.0420083565387 0)
(-0.19872232856 -0.0421811362971 0)
(-0.204326487573 -0.0421190466611 0)
(-0.209944261316 -0.041809337973 0)
(-0.215543584723 -0.0412400191196 0)
(-0.221090235359 -0.0404002089425 0)
(-0.226547910945 -0.0392805229348 0)
(-0.231878368637 -0.0378734894898 0)
(-0.237041634861 -0.0361739873532 0)
(-0.241996293712 -0.0341796930414 0)
(-0.246699860464 -0.0318915239726 0)
(-0.25110924452 -0.0293140600714 0)
(-0.255181302986 -0.0264559239249 0)
(-0.258873482051 -0.0233300974686 0)
(-0.262144538479 -0.019954152021 0)
(-0.264955328001 -0.0163503686081 0)
(-0.267269641432 -0.0125457272652 0)
(-0.269055063434 -0.00857174759181 0)
(-0.27028382351 -0.00446416840247 0)
(-0.27093360457 -0.000262461742002 0)
(-0.270988272059 0.00399081450279 0)
(-0.270438486485 0.00825081123071 0)
(-0.26928216487 0.0124713057369 0)
(-0.273047092557 0.014521005818 0)
(-0.270648275735 0.017954497452 0)
(-0.267698451912 0.0212358476132 0)
(-0.26422481271 0.0243302447263 0)
(-0.260260644408 0.0272059587043 0)
(-0.255844678056 0.0298349843143 0)
(-0.251020315747 0.0321935539739 0)
(-0.245834765508 0.0342625030561 0)
(-0.240338120144 0.0360274795645 0)
(-0.234582415854 0.0374789988044 0)
(-0.228620704603 0.0386123516905 0)
(-0.2225061706 0.0394273820295 0)
(-0.216291316109 0.0399281531152 0)
(-0.210027235997 0.0401225271179 0)
(-0.203762994224 0.0400216820779 0)
(-0.197545109535 0.0396395910097 0)
(-0.191417152159 0.038992485987 0)
(-0.185419448724 0.038098327453 0)
(-0.179588888876 0.0369762957435 0)
(-0.173958824374 0.0356463182567 0)
(-0.168559049622 0.0341286421153 0)
(-0.163415851626 0.0324434587883 0)
(-0.158552117097 0.0306105841022 0)
(-0.153987484713 0.0286491944794 0)
(-0.149738531241 0.0265776181409 0)
(-0.145818981238 0.0244131783915 0)
(-0.142239931203 0.0221720849506 0)
(-0.139010080284 0.0198693685424 0)
(-0.136135960912 0.0175188535649 0)
(-0.133622163905 0.0151331635405 0)
(-0.131471553693 0.0127237541627 0)
(-0.129685470321 0.0103009690239 0)
(-0.128263915722 0.00787411349027 0)
(-0.127205722521 0.00545154263852 0)
(-0.126508704225 0.003040759647 0)
(-0.126169786164 0.000648521510665 0)
(-0.12618511695 -0.00171905059106 0)
(-0.12655016052 -0.00405635852223 0)
(-0.127259769066 -0.00635821389118 0)
(-0.128308237323 -0.00861972577771 0)
(-0.129689338801 -0.0108361907772 0)
(-0.131396344626 -0.0130029864498 0)
(-0.133422025718 -0.0151154691136 0)
(-0.135758639042 -0.017168876832 0)
(-0.13839789873 -0.0191582384087 0)
(-0.141330932875 -0.0210782892174 0)
(-0.144548226852 -0.0229233947545 0)
(-0.148039554067 -0.0246874829036 0)
(-0.15179389514 -0.0263639860414 0)
(-0.155799346613 -0.0279457942818 0)
(-0.160043020466 -0.0294252213479 0)
(-0.164510935891 -0.0307939847655 0)
(-0.169187905073 -0.0320432022792 0)
(-0.174057415005 -0.0331634065873 0)
(-0.179101507752 -0.0341445806554 0)
(-0.18430066205 -0.0349762159858 0)
(-0.189633679571 -0.0356473962614 0)
(-0.195077579813 -0.0361469087211 0)
(-0.200607508117 -0.0364633854311 0)
(-0.20619666201 -0.0365854762562 0)
(-0.211816241651 -0.0365020547713 0)
(-0.217435430809 -0.036202457556 0)
(-0.22302141529 -0.0356767562518 0)
(-0.228539446098 -0.034916060413 0)
(-0.233952954808 -0.0339128475437 0)
(-0.239223728423 -0.0326613147956 0)
(-0.244312150473 -0.0311577446518 0)
(-0.249177514078 -0.0294008746107 0)
(-0.253778411041 -0.0273922585305 0)
(-0.258073198808 -0.0251366050616 0)
(-0.262020544147 -0.0226420766713 0)
(-0.265580038807 -0.0199205314053 0)
(-0.268712878191 -0.0169876889768 0)
(-0.271382589496 -0.013863203285 0)
(-0.273555790987 -0.0105706252727 0)
(-0.275202959519 -0.0071372432522 0)
(-0.276299179492 -0.00359379253281 0)
(-0.276824843545 2.5967779465e-05 0)
(-0.276766273974 0.00368580584639 0)
(-0.276116234451 0.00734768336975 0)
(-0.274874304305 0.0109725167446 0)
(-0.277739281195 0.012379729795 0)
(-0.275295669024 0.0152595051035 0)
(-0.272315058517 0.0180109230333 0)
(-0.268824212225 0.0206052777679 0)
(-0.264855572382 0.0230163952827 0)
(-0.260446665082 0.0252211489657 0)
(-0.255639395928 0.0271998719398 0)
(-0.25047926466 0.0289366528749 0)
(-0.245014528727 0.030419508739 0)
(-0.239295346334 0.031640434625 0)
(-0.233372928189 0.0325953369537 0)
(-0.227298724368 0.0332838615725 0)
(-0.221123668698 0.0337091322462 0)
(-0.214897498346 0.0338774176343 0)
(-0.20866816121 0.033797746073 0)
(-0.202481318696 0.0334814874493 0)
(-0.19637994682 0.0329419203705 0)
(-0.190404034486 0.0321938009475 0)
(-0.184590374413 0.0312529470863 0)
(-0.178972439618 0.0301358494694 0)
(-0.173580336498 0.0288593176292 0)
(-0.168440824441 0.027440166837 0)
(-0.163577391396 0.0258949490971 0)
(-0.159010374825 0.0242397294151 0)
(-0.154757117853 0.0224899067568 0)
(-0.150832151161 0.0206600777394 0)
(-0.14724739203 0.0187639400789 0)
(-0.144012352953 0.0168142321335 0)
(-0.141134353299 0.0148227044835 0)
(-0.138618728521 0.0128001193246 0)
(-0.136469032391 0.0107562734838 0)
(-0.134687228678 0.00870004103557 0)
(-0.133273869459 0.0066394317679 0)
(-0.132228257998 0.004581662083 0)
(-0.13154859473 0.00253323528871 0)
(-0.131232105395 0.000500028609983 0)
(-0.131275150789 -0.0015126153806 0)
(-0.131673317964 -0.00349979487267 0)
(-0.13242149293 -0.00545695412323 0)
(-0.133513915177 -0.00737978934515 0)
(-0.134944214447 -0.00926415634747 0)
(-0.136705430349 -0.0111059809269 0)
(-0.138790015465 -0.0129011728827 0)
(-0.14118982271 -0.0146455444511 0)
(-0.143896077754 -0.0163347339229 0)
(-0.146899337391 -0.0179641352144 0)
(-0.150189434814 -0.0195288342119 0)
(-0.153755412863 -0.0210235527886 0)
(-0.157585446405 -0.022442601505 0)
(-0.161666755178 -0.0237798421377 0)
(-0.165985508602 -0.0250286613327 0)
(-0.170526724281 -0.0261819568346 0)
(-0.175274162198 -0.0272321379053 0)
(-0.180210216911 -0.0281711416785 0)
(-0.185315810448 -0.0289904673132 0)
(-0.190570288967 -0.0296812298683 0)
(-0.195951326768 -0.0302342358146 0)
(-0.201434841654 -0.0306400820038 0)
(-0.206994926222 -0.030889279698 0)
(-0.212603800107 -0.0309724049071 0)
(-0.218231788709 -0.0308802757516 0)
(-0.223847334338 -0.0306041568505 0)
(-0.229417045973 -0.0301359897994 0)
(-0.234905793999 -0.0294686476496 0)
(-0.24027685614 -0.0285962099265 0)
(-0.245492120419 -0.0275142531519 0)
(-0.250512350188 -0.0262201501086 0)
(-0.255297515073 -0.0247133692757 0)
(-0.259807189949 -0.0229957640636 0)
(-0.26400102185 -0.0210718398361 0)
(-0.267839261954 -0.0189489853614 0)
(-0.271283356529 -0.0166376544909 0)
(-0.274296587149 -0.014151483689 0)
(-0.276844746587 -0.0115073317295 0)
(-0.278896833038 -0.00872522956885 0)
(-0.280425741765 -0.00582823117885 0)
(-0.281408930403 -0.00284215998418 0)
(-0.281829032269 0.000204749635165 0)
(-0.281674391468 0.00328231078778 0)
(-0.280939494561 0.00635893158532 0)
(-0.279625276283 0.00940223507601 0)
(-0.281620933821 0.0101914450744 0)
(-0.279140683238 0.0125303003098 0)
(-0.276135046816 0.0147643943192 0)
(-0.272630435699 0.0168707398401 0)
(-0.268658608161 0.0188283711563 0)
(-0.264256116373 0.0206187471875 0)
(-0.259463656557 0.0222260746825 0)
(-0.254325346296 0.0236375414134 0)
(-0.248887954908 0.0248434542464 0)
(-0.243200113339 0.0258372819736 0)
(-0.237311529148 0.0266156074408 0)
(-0.231272229908 0.0271779974845 0)
(-0.22513185516 0.0275268022749 0)
(-0.218939013161 0.0276668977354 0)
(-0.212740714413 0.0276053857599 0)
(-0.206581889711 0.0273512670605 0)
(-0.200504996387 0.0269151007734 0)
(-0.194549712789 0.0263086636217 0)
(-0.188752717978 0.0255446196609 0)
(-0.183147551156 0.02463620961 0)
(-0.177764543502 0.0235969666576 0)
(-0.172630813901 0.0224404635738 0)
(-0.167770319347 0.021180094055 0)
(-0.163203950629 0.019828889547 0)
(-0.15894966404 0.0183993713846 0)
(-0.155022640371 0.0169034369592 0)
(-0.151435463076 0.0153522777693 0)
(-0.148198308336 0.0137563266235 0)
(-0.145319140629 0.0121252308923 0)
(-0.142803908301 0.0104678485346 0)
(-0.140656734532 0.00879226360551 0)
(-0.138880099919 0.00710581805285 0)
(-0.137475013664 0.00541515679616 0)
(-0.136441171038 0.00372628332896 0)
(-0.135777095411 0.00204462336136 0)
(-0.135480263645 0.000375094308266 0)
(-0.135547214073 -0.00127782128495 0)
(-0.135973636689 -0.00291000001855 0)
(-0.136754445434 -0.0045176010143 0)
(-0.137883832722 -0.00609698957532 0)
(-0.139355306558 -0.00764466213783 0)
(-0.141161710722 -0.00915717338514 0)
(-0.143295228668 -0.0106310662909 0)
(-0.145747371862 -0.0120628057954 0)
(-0.148508953419 -0.0134487167901 0)
(-0.151570047957 -0.0147849270895 0)
(-0.154919938766 -0.0160673161082 0)
(-0.158547053423 -0.0172914700184 0)
(-0.162438889221 -0.0184526442545 0)
(-0.166581929884 -0.0195457343303 0)
(-0.170961555267 -0.0205652560519 0)
(-0.175561945992 -0.0215053363252 0)
(-0.180365985227 -0.0223597158741 0)
(-0.18535516013 -0.0231217652818 0)
(-0.190509465845 -0.023784515834 0)
(-0.195807315324 -0.0243407066767 0)
(-0.201225458622 -0.0247828497598 0)
(-0.206738915787 -0.0251033139312 0)
(-0.21232092784 -0.0252944293363 0)
(-0.217942930752 -0.0253486129478 0)
(-0.223574557656 -0.0252585155903 0)
(-0.22918367477 -0.0250171902055 0)
(-0.234736456609 -0.0246182803233 0)
(-0.240197506017 -0.0240562267531 0)
(-0.245530024208 -0.0233264894042 0)
(-0.250696035427 -0.022425779893 0)
(-0.255656669904 -0.0213522992537 0)
(-0.260372507449 -0.0201059736847 0)
(-0.264803982293 -0.0186886799283 0)
(-0.268911847627 -0.0171044506977 0)
(-0.272657695722 -0.0153596496512 0)
(-0.276004526615 -0.0134631049171 0)
(-0.278917355199 -0.0114261902145 0)
(-0.281363843361 -0.00926284333232 0)
(-0.2833149407 -0.00698951320986 0)
(-0.284745514659 -0.00462502914257 0)
(-0.285634948814 -0.00219038870441 0)
(-0.285967686877 0.000291535284809 0)
(-0.285733699931 0.00279636420713 0)
(-0.284928855669 0.00529865055316 0)
(-0.283555171059 0.0077723690576 0)
(-0.284707903577 0.00796528602686 0)
(-0.282198794371 0.00977364323555 0)
(-0.279173548337 0.0115006807275 0)
(-0.275658299454 0.0131288241672 0)
(-0.271684271207 0.0146420412772 0)
(-0.267287255876 0.0160261440763 0)
(-0.262507006236 0.0172690317114 0)
(-0.257386560671 0.0183608664512 0)
(-0.251971524586 0.0192941790017 0)
(-0.246309331574 0.0200639029305 0)
(-0.240448507121 0.0206673413743 0)
(-0.234437955868 0.0211040721232 0)
(-0.22832629079 0.0213757994699 0)
(-0.222161219366 0.0214861627861 0)
(-0.21598899823 0.0214405126321 0)
(-0.209853964026 0.0212456653651 0)
(-0.203798144653 0.020909646767 0)
(-0.197860951797 0.0204414343046 0)
(-0.192078952793 0.0198507063789 0)
(-0.186485717546 0.0191476054622 0)
(-0.181111734427 0.0183425204803 0)
(-0.175984387801 0.0174458922745 0)
(-0.171127989042 0.0164680445503 0)
(-0.166563852554 0.0154190414548 0)
(-0.162310408309 0.0143085718411 0)
(-0.158383342717 0.0131458594053 0)
(-0.154795760153 0.0119395972072 0)
(-0.151558358105 0.0106979046091 0)
(-0.148679609714 0.00942830435694 0)
(-0.146165948201 0.00813771736887 0)
(-0.14402194853 0.00683247275555 0)
(-0.142250502422 0.00551833065291 0)
(-0.140852983515 0.00420051557057 0)
(-0.139829400208 0.00288375813246 0)
(-0.139178534227 0.00157234328672 0)
(-0.138898063565 0.000270163272963 0)
(-0.138984668817 -0.00101922615124 0)
(-0.139434122364 -0.00229254752101 0)
(-0.140241360169 -0.00354674262554 0)
(-0.141400536194 -0.00477891357101 0)
(-0.142905059704 -0.00598626476065 0)
(-0.144747615884 -0.00716604650172 0)
(-0.146920170367 -0.00831550086877 0)
(-0.149413958402 -0.00943181040319 0)
(-0.152219459534 -0.0105120502059 0)
(-0.155326358792 -0.0115531439819 0)
(-0.158723495511 -0.0125518246217 0)
(-0.162398801073 -0.0135045999514 0)
(-0.166339226998 -0.0144077243452 0)
(-0.170530665043 -0.0152571769702 0)
(-0.174957861135 -0.0160486475193 0)
(-0.179604325259 -0.0167775303697 0)
(-0.184452239667 -0.0174389281861 0)
(-0.189482368104 -0.0180276660544 0)
(-0.194673969077 -0.0185383172676 0)
(-0.20000471655 -0.0189652418975 0)
(-0.205450631811 -0.0193026392364 0)
(-0.21098603064 -0.0195446150891 0)
(-0.216583490222 -0.0196852647145 0)
(-0.222213840565 -0.019718771937 0)
(-0.227846185409 -0.0196395245715 0)
(-0.233447957698 -0.0194422458096 0)
(-0.23898501469 -0.0191221405987 0)
(-0.244421777529 -0.0186750553052 0)
(-0.249721419649 -0.0180976481056 0)
(-0.254846107676 -0.0173875666031 0)
(-0.259757297392 -0.0165436281684 0)
(-0.264416086015 -0.0155659974911 0)
(-0.268783620218 -0.014456354872 0)
(-0.272821557328 -0.0132180479642 0)
(-0.276492574651 -0.0118562190728 0)
(-0.279760919343 -0.0103778998486 0)
(-0.282592988424 -0.0087920653497 0)
(-0.284957925831 -0.00710964008881 0)
(-0.286828220874 -0.00534344987986 0)
(-0.288180290329 -0.00350811507394 0)
(-0.288995024858 -0.00161988309509 0)
(-0.289258279824 0.000303599032406 0)
(-0.288961290795 0.00224356838668 0)
(-0.288100995532 0.00418047910439 0)
(-0.286680246743 0.0060943745537 0)
(-0.287012565045 0.00571003486235 0)
(-0.284482075548 0.00699596986197 0)
(-0.281442361745 0.00822390589137 0)
(-0.277919352018 0.00938145058668 0)
(-0.273943875826 0.0104572971736 0)
(-0.269551166515 0.0114414344749 0)
(-0.264780283028 0.0123253158972 0)
(-0.259673469547 0.0131019823081 0)
(-0.254275473839 0.013766136137 0)
(-0.248632845619 0.0143141664912 0)
(-0.242793235736 0.014744127376 0)
(-0.236804715537 0.0150556731075 0)
(-0.230715133461 0.0152499565833 0)
(-0.2245715231 0.0153294971868 0)
(-0.218419573759 0.0152980257086 0)
(-0.212303171242 0.0151603138191 0)
(-0.206264013346 0.0149219953634 0)
(-0.200341301521 0.01458938616 0)
(-0.19457150751 0.0141693081547 0)
(-0.188988211543 0.0136689227969 0)
(-0.183622006879 0.0130955774596 0)
(-0.178500464213 0.0124566676767 0)
(-0.173648148581 0.0117595169844 0)
(-0.169086680969 0.0110112752662 0)
(-0.164834836696 0.0102188357419 0)
(-0.160908672822 0.00938877011406 0)
(-0.157321677236 0.00852728090401 0)
(-0.154084932601 0.00764016965671 0)
(-0.151207289023 0.00673281946264 0)
(-0.148695539999 0.00581019011709 0)
(-0.146554596953 0.00487682419588 0)
(-0.144787658384 0.00393686235381 0)
(-0.143396370346 0.00299406622845 0)
(-0.142380975634 0.00205184744577 0)
(-0.1417404496 0.00111330135913 0)
(-0.141472621093 0.000181244297141 0)
(-0.141574277428 -0.000741746756694 0)
(-0.142041252704 -0.0016532929894 0)
(-0.142868499138 -0.00255117189815 0)
(-0.144050141334 -0.00343327543889 0)
(-0.145579513681 -0.00429756878333 0)
(-0.147449181274 -0.00514205020874 0)
(-0.14965094491 -0.00596471258769 0)
(-0.152175830909 -0.00676350690936 0)
(-0.155014066628 -0.00753630824725 0)
(-0.158155042717 -0.00828088458824 0)
(-0.161587263286 -0.0089948689565 0)
(-0.16529828535 -0.0096757352965 0)
(-0.169274649072 -0.0103207786226 0)
(-0.173501800559 -0.0109270999954 0)
(-0.177964009159 -0.0114915969409 0)
(-0.18264428148 -0.0120109599851 0)
(-0.187524274647 -0.0124816760307 0)
(-0.192584211578 -0.0129000393396 0)
(-0.197802801425 -0.0132621709107 0)
(-0.203157168631 -0.0135640470352 0)
(-0.20862279441 -0.0138015377724 0)
(-0.214173474759 -0.0139704560022 0)
(-0.219781299417 -0.0140666175701 0)
(-0.22541665638 -0.0140859128317 0)
(-0.231048266758 -0.0140243896259 0)
(-0.236643254745 -0.0138783473415 0)
(-0.242167257349 -0.0136444413016 0)
(-0.247584578204 -0.0133197961588 0)
(-0.252858389211 -0.0129021263997 0)
(-0.257950982939 -0.0123898613931 0)
(-0.262824077605 -0.0117822717314 0)
(-0.267439175015 -0.0110795929228 0)
(-0.271757970136 -0.0102831418546 0)
(-0.275742808951 -0.00939542091258 0)
(-0.279357188991 -0.0084202042702 0)
(-0.282566294544 -0.00736260072515 0)
(-0.285337556062 -0.00622908761138 0)
(-0.287641220909 -0.00502751081551 0)
(-0.289450920465 -0.00376704680401 0)
(-0.29074421687 -0.00245812382952 0)
(-0.291503111581 -0.00111230110903 0)
(-0.291714497564 0.000257893316034 0)
(-0.291370537482 0.00163916322057 0)
(-0.290468951737 0.00301767835839 0)
(-0.289013202725 0.00437933511637 0)
(-0.288544023815 0.0034341996331 0)
(-0.285999406345 0.00420346445594 0)
(-0.28295016127 0.00493796455791 0)
(-0.279422080981 0.00563032811785 0)
(-0.27544573556 0.00627382840773 0)
(-0.271055990879 0.00686250749231 0)
(-0.26629144977 0.00739127586689 0)
(-0.261193834088 0.00785598506375 0)
(-0.255807327048 0.00825347165996 0)
(-0.250177895795 0.00858157253891 0)
(-0.244352613757 0.0088391125928 0)
(-0.238379001027 0.00902586721538 0)
(-0.232304398997 0.0091425028614 0)
(-0.226175392913 0.00919049960303 0)
(-0.220037293077 0.00917205998463 0)
(-0.213933682392 0.00909000857885 0)
(-0.207906034906 0.00894768651018 0)
(-0.201993407173 0.00874884488165 0)
(-0.196232201713 0.00849754056679 0)
(-0.190655999687 0.00819803726374 0)
(-0.18529545816 0.00785471409919 0)
(-0.180178266004 0.00747198345912 0)
(-0.175329151613 0.00705421914361 0)
(-0.170769935056 0.00660569541877 0)
(-0.166519617134 0.00613053708634 0)
(-0.162594497886 0.00563268031863 0)
(-0.159008317408 0.005115843714 0)
(-0.155772412314 0.00458350881423 0)
(-0.152895881794 0.004038909182 0)
(-0.150385757849 0.00348502705444 0)
(-0.148247175001 0.00292459655939 0)
(-0.146483535458 0.00236011249206 0)
(-0.145096666384 0.00179384369113 0)
(-0.144086966567 0.00122785011788 0)
(-0.143453540322 0.000664002819357 0)
(-0.143194317025 0.000104006040593 0)
(-0.143306155108 -0.000450579163144 0)
(-0.143784929749 -0.000998310380254 0)
(-0.144625603852 -0.0015378388538 0)
(-0.145822282178 -0.0020678844726 0)
(-0.1473682488 -0.00258721110873 0)
(-0.149255988195 -0.00309460262301 0)
(-0.151477190575 -0.00358883982586 0)
(-0.154022742138 -0.00406867865934 0)
(-0.156882701175 -0.00453282985607 0)
(-0.160046261065 -0.0049799403305 0)
(-0.163501701389 -0.00540857656857 0)
(-0.167236328566 -0.00581721029977 0)
(-0.171236407609 -0.00620420676065 0)
(-0.175487086786 -0.00656781588963 0)
(-0.17997231725 -0.00690616682502 0)
(-0.18467476992 -0.00721726611073 0)
(-0.189575752187 -0.00749900004389 0)
(-0.194655127341 -0.00774914161993 0)
(-0.199891239885 -0.00796536254107 0)
(-0.205260850267 -0.00814525074849 0)
(-0.210739082851 -0.00828633390989 0)
(-0.216299391226 -0.00838610923868 0)
(-0.221913545225 -0.00844207993201 0)
(-0.227551644181 -0.0084517983864 0)
(-0.233182161041 -0.0084129161781 0)
(-0.238772021912 -0.00832324057553 0)
(-0.244286725393 -0.00818079708345 0)
(-0.249690505679 -0.00798389720335 0)
(-0.254946542759 -0.00773121023739 0)
(-0.260017222176 -0.00742183757523 0)
(-0.264864445642 -0.00705538749869 0)
(-0.269449992377 -0.00663204814019 0)
(-0.273735929307 -0.00615265586514 0)
(-0.277685066321 -0.00561875604773 0)
(-0.281261450609 -0.00503265300968 0)
(-0.284430891858 -0.00439744583132 0)
(-0.287161507793 -0.00371704685579 0)
(-0.289424277404 -0.00299618002215 0)
(-0.29119358732 -0.00224035669773 0)
(-0.292447755323 -0.00145582743419 0)
(-0.293169514144 -0.000649509031916 0)
(-0.293346438523 0.000171112579164 0)
(-0.292971299183 0.000998101908978 0)
(-0.292042328954 0.00182321294359 0)
(-0.290563388686 0.00263804348645 0)
(-0.289308268263 0.0011460924072 0)
(-0.286756624474 0.00140213165135 0)
(-0.283702647917 0.00164658843638 0)
(-0.280172063306 0.00187701601915 0)
(-0.276195312018 0.00209118165312 0)
(-0.271807077713 0.00228710744208 0)
(-0.267045737082 0.00246310326327 0)
(-0.261952752939 0.00261779078438 0)
(-0.256572028368 0.002750118057 0)
(-0.250949241226 0.00285936463404 0)
(-0.245131177929 0.0029451375959 0)
(-0.239165084231 0.00300735925193 0)
(-0.233098048809 0.00304624758901 0)
(-0.226976433031 0.00306229075538 0)
(-0.220845357488 0.00305621699244 0)
(-0.214748252959 0.00302896146266 0)
(-0.20872648054 0.00298163137981 0)
(-0.202819022946 0.00291547074117 0)
(-0.197062246457 0.00283182580775 0)
(-0.191489730938 0.0027321122938 0)
(-0.186132163532 0.00261778502755 0)
(-0.1810172904 0.00249031064391 0)
(-0.17616991989 0.00235114367909 0)
(-0.171611970021 0.00220170626341 0)
(-0.167362552907 0.00204337145861 0)
(-0.163438088834 0.00187745016195 0)
(-0.159852442947 0.00170518140148 0)
(-0.156617077972 0.00152772577517 0)
(-0.153741216962 0.00134616173818 0)
(-0.151232010651 0.00116148441427 0)
(-0.149094704733 0.000974606596692 0)
(-0.147332803014 0.000786361606883 0)
(-0.145948223051 0.000597507692178 0)
(-0.144941441534 0.000408733664748 0)
(-0.144311627212 0.000220665509157 0)
(-0.144056759704 3.38737134537e-05 0)
(-0.144173732983 -0.000151118892924 0)
(-0.144658442742 -0.000333828983855 0)
(-0.145505857172 -0.000513804428387 0)
(-0.146710071035 -0.000690615971749 0)
(-0.148264343117 -0.000863849028746 0)
(-0.150161117424 -0.00103309569788 0)
(-0.152392028662 -0.0011979470931 0)
(-0.154947892721 -0.00135798608311 0)
(-0.15781868308 -0.00151278052434 0)
(-0.160993494181 -0.00166187707407 0)
(-0.164460493031 -0.00180479567316 0)
(-0.168206860461 -0.00194102479415 0)
(-0.172218723637 -0.00207001755834 0)
(-0.176481081702 -0.00219118883589 0)
(-0.180977726584 -0.00230391345307 0)
(-0.185691161338 -0.00240752564191 0)
(-0.190602518616 -0.00250131987645 0)
(-0.195691482184 -0.00258455324693 0)
(-0.200936214721 -0.00265644952622 0)
(-0.206313295404 -0.00271620507999 0)
(-0.211797671153 -0.00276299676245 0)
(-0.217362625606 -0.00279599191999 0)
(-0.222979770177 -0.00281436059474 0)
(-0.228619061688 -0.00281728997677 0)
(-0.234248851094 -0.0028040010956 0)
(-0.239835967786 -0.0027737676681 0)
(-0.245345843686 -0.00272593693056 0)
(-0.250742680931 -0.00265995217753 0)
(-0.255989666273 -0.00257537661179 0)
(-0.261049234419 -0.00247191798147 0)
(-0.265883381361 -0.00234945334729 0)
(-0.270454027293 -0.00220805319208 0)
(-0.274723427008 -0.00204800396598 0)
(-0.278654623742 -0.00186982806353 0)
(-0.282211940325 -0.00167430016623 0)
(-0.285361499294 -0.00146245886742 0)
(-0.288071761473 -0.00123561253698 0)
(-0.290314070443 -0.00099533849069 0)
(-0.292063188601 -0.000743474708295 0)
(-0.29329780917 -0.000482103595401 0)
(-0.294001027752 -0.000213527601713 0)
(-0.294160757001 5.97631218247e-05 0)
(-0.293770068698 0.000335130442361 0)
(-0.292827449116 0.000609834347456 0)
(-0.291336955957 0.00088108405251 0)
)
;

boundaryField
{
    left
    {
        type            cyclic;
    }
    right
    {
        type            cyclic;
    }
    bottom
    {
        type            cyclic;
    }
    top
    {
        type            cyclic;
    }
    frontAndBack
    {
        type            empty;
    }
}


// ************************************************************************* //
