/*--------------------------------*- C++ -*----------------------------------*\
| =========                 |                                                 |
| \\      /  F ield         | OpenFOAM: The Open Source CFD Toolbox           |
|  \\    /   O peration     | Version:  v2106                                 |
|   \\  /    A nd           | Website:  www.openfoam.com                      |
|    \\/     M anipulation  |                                                 |
\*---------------------------------------------------------------------------*/
FoamFile
{
    version     2.0;
    format      ascii;
    arch        "LSB;label=32;scalar=64";
    class       volVectorField;
    location    "200.12193263222102";
    object      U;
}
// * * * * * * * * * * * * * * * * * * * * * * * * * * * * * * * * * * * * * //

dimensions      [0 1 -1 0 0 0 0];

internalField   nonuniform List<vector> 
6561
(
(0.646939742652 0.000774529079882 0)
(0.645565064559 0.000600350959886 0)
(0.644542094752 0.000422829436015 0)
(0.643877108343 0.000242378722615 0)
(0.643575541617 5.94313339629e-05 0)
(0.643641947202 -0.000125553630848 0)
(0.64407993252 -0.000312082140885 0)
(0.644892081512 -0.000499616954072 0)
(0.646079859909 -0.000687569556007 0)
(0.647643504619 -0.000875292491204 0)
(0.649581898222 -0.00106207228744 0)
(0.651892429928 -0.00124712320202 0)
(0.654570844907 -0.00142958204741 0)
(0.65761108439 -0.00160850438102 0)
(0.661005119559 -0.00178286236779 0)
(0.664742782897 -0.00195154464284 0)
(0.66881160132 -0.00211335851115 0)
(0.673196636105 -0.00226703481919 0)
(0.677880335298 -0.00241123581632 0)
(0.682842404903 -0.00254456628796 0)
(0.688059705669 -0.00266558818482 0)
(0.693506182696 -0.00277283889021 0)
(0.699152835265 -0.00286485315814 0)
(0.704967734253 -0.00294018861953 0)
(0.710916094168 -0.0029974545921 0)
(0.716960406086 -0.00303534374593 0)
(0.723060636774 -0.00305266597834 0)
(0.729174497694 -0.00304838364587 0)
(0.735257785735 -0.00302164710296 0)
(0.741264795179 -0.00297182931808 0)
(0.747148797791 -0.00289855819808 0)
(0.752862585015 -0.00280174516552 0)
(0.758359063301 -0.0026816085195 0)
(0.763591890614 -0.00253869018075 0)
(0.768516139465 -0.00237386458556 0)
(0.773088969535 -0.00218833875123 0)
(0.777270291254 -0.00198364288267 0)
(0.781023400817 -0.00176161130834 0)
(0.784315567165 -0.00152435399943 0)
(0.787118552403 -0.0012742194077 0)
(0.789409049145 -0.00101374981782 0)
(0.791169021107 -0.000745630811542 0)
(0.792385936892 -0.000472636752645 0)
(0.793052891026 -0.000197574394742 0)
(0.793168610683 7.67732241338e-05 0)
(0.79273735092 0.000347700508966 0)
(0.791768685312 0.000612628763568 0)
(0.790277202454 0.000869149781442 0)
(0.788282121626 0.00111506235334 0)
(0.785806842991 0.00134840088979 0)
(0.782878448823 0.00156745578079 0)
(0.779527172605 0.00177078551643 0)
(0.775785852349 0.0019572209478 0)
(0.771689383419 0.00212586235766 0)
(0.767274184453 0.00227607022782 0)
(0.762577688053 0.002407450732 0)
(0.757637865677 0.00251983705144 0)
(0.75249279396 0.00261326761685 0)
(0.747180267442 0.00268796233273 0)
(0.741737460686 0.0027442977531 0)
(0.736200640883 0.00278278206298 0)
(0.730604930476 0.0028040305896 0)
(0.724984118033 0.0028087424307 0)
(0.719370514565 0.0027976786538 0)
(0.713794851688 0.00277164239458 0)
(0.70828621755 0.00273146107004 0)
(0.70287202608 0.00267797082458 0)
(0.697578015006 0.00261200324597 0)
(0.692428268079 0.00253437432336 0)
(0.687445257077 0.00244587556973 0)
(0.68264989934 0.00234726719548 0)
(0.678061626877 0.00223927319637 0)
(0.673698463357 0.00212257820545 0)
(0.669577105619 0.00199782595337 0)
(0.665713006657 0.00186561918265 0)
(0.662120457319 0.00172652086727 0)
(0.658812664276 0.00158105659749 0)
(0.655801822071 0.00142971800088 0)
(0.653099177311 0.00127296708102 0)
(0.650715083276 0.00111124136644 0)
(0.648659043454 0.000944959771745 0)
(0.646049927905 0.00231946598554 0)
(0.644683112076 0.00179731385135 0)
(0.643667219176 0.00126514411362 0)
(0.643008506753 0.000724191803957 0)
(0.642712408757 0.00017574684652 0)
(0.642783490691 -0.000378821042098 0)
(0.643225387939 -0.000938037255828 0)
(0.644040727256 -0.00150029739108 0)
(0.645231031627 -0.0020638429761 0)
(0.646796609082 -0.00262673835803 0)
(0.648736426356 -0.00318684934821 0)
(0.651047968758 -0.00374182431112 0)
(0.653727088078 -0.00428907846979 0)
(0.656767840898 -0.00482578228369 0)
(0.660162320308 -0.00534885482872 0)
(0.663900484631 -0.0058549631671 0)
(0.667969987489 -0.00634052872561 0)
(0.672356014234 -0.0068017416977 0)
(0.677041130426 -0.00723458443632 0)
(0.682005148744 -0.00763486469849 0)
(0.687225021218 -0.00799825943261 0)
(0.692674764138 -0.00832036955259 0)
(0.698325423207 -0.00859678581688 0)
(0.704145086507 -0.0088231655219 0)
(0.710098952534 -0.00899531923158 0)
(0.716149459882 -0.00910930620975 0)
(0.722256484106 -0.00916153661876 0)
(0.728377605763 -0.00914887792265 0)
(0.734468451723 -0.00906876232575 0)
(0.740483109477 -0.00891929153059 0)
(0.746374611468 -0.00869933466537 0)
(0.752095483473 -0.00840861496234 0)
(0.757598347999 -0.00804778071671 0)
(0.762836570522 -0.00761845626119 0)
(0.767764933585 -0.00712326918319 0)
(0.772340321327 -0.00656585079351 0)
(0.776522395242 -0.00595080790903 0)
(0.780274240978 -0.00528366528852 0)
(0.783562965999 -0.00457077948265 0)
(0.786360228929 -0.00381922633143 0)
(0.788642683489 -0.00303666575036 0)
(0.790392322879 -0.0022311886756 0)
(0.791596714299 -0.00141115198859 0)
(0.792249117599 -0.000585007828866 0)
(0.792348486633 0.000238866113487 0)
(0.791899356497 0.00105232896389 0)
(0.790911624025 0.00184762593866 0)
(0.789400232643 0.00261751970634 0)
(0.787384775548 0.00335540016399 0)
(0.784889033267 0.00405537023351 0)
(0.78194046271 0.00471230657747 0)
(0.778569655125 0.00532189535621 0)
(0.774809779726 0.00588064422475 0)
(0.770696028544 0.00638587264297 0)
(0.766265076313 0.0068356832239 0)
(0.761554567048 0.00722891726247 0)
(0.756602636714 0.00756509778549 0)
(0.751447479041 0.00784436346895 0)
(0.746126959276 0.00806739661629 0)
(0.740678278569 0.00823534811813 0)
(0.735137689859 0.00834976196085 0)
(0.729540264504 0.00841250145173 0)
(0.723919707653 0.0084256789135 0)
(0.718308219308 0.0083915901954 0)
(0.712736397317 0.00831265496951 0)
(0.707233178027 0.00819136344192 0)
(0.701825810059 0.00803022981655 0)
(0.696539856538 0.00783175260685 0)
(0.691399221178 0.0075983816977 0)
(0.686426193737 0.00733249191265 0)
(0.681641510606 0.00703636273707 0)
(0.677064426561 0.00671216377875 0)
(0.67271279401 0.0063619455089 0)
(0.668603146411 0.00598763481304 0)
(0.664750782835 0.00559103488595 0)
(0.661169850959 0.00517382902315 0)
(0.657873426094 0.00473758788931 0)
(0.65487358407 0.00428377987661 0)
(0.652181466106 0.00381378419951 0)
(0.649807333949 0.00332890640549 0)
(0.647760613829 0.00283039600996 0)
(0.644273754293 0.0038520470068 0)
(0.64292263785 0.00298307663775 0)
(0.641920855638 0.00209745216563 0)
(0.641274630272 0.00119720664476 0)
(0.640989391158 0.000284464586699 0)
(0.641069729614 -0.000638516392913 0)
(0.641519336981 -0.00156930356237 0)
(0.642340925649 -0.00250524732984 0)
(0.643536133171 -0.00344344050463 0)
(0.645105409925 -0.00438067942289 0)
(0.647047891184 -0.00531342793221 0)
(0.649361254838 -0.00623778537502 0)
(0.652041566506 -0.00714945985929 0)
(0.655083114338 -0.00804374824917 0)
(0.65847823639 -0.00891552443699 0)
(0.662217144165 -0.00975923756129 0)
(0.666287746583 -0.0105689218953 0)
(0.670675479401 -0.0113382201334 0)
(0.67536314586 -0.0120604217305 0)
(0.680330774994 -0.0127285177822 0)
(0.685555504713 -0.0133352736539 0)
(0.691011497231 -0.0138733201661 0)
(0.696669894761 -0.0143352635933 0)
(0.702498823435 -0.0147138140569 0)
(0.708463453199 -0.015001931064 0)
(0.714526120799 -0.0151929840077 0)
(0.720646521945 -0.0152809244125 0)
(0.726781977246 -0.0152604656368 0)
(0.732887774528 -0.015127264695 0)
(0.738917587707 -0.0148780999098 0)
(0.744823969539 -0.0145110373374 0)
(0.750558912399 -0.0140255784243 0)
(0.75607446789 -0.0134227812348 0)
(0.761323412734 -0.0127053479139 0)
(0.766259945253 -0.0118776718709 0)
(0.770840394051 -0.0109458394947 0)
(0.775023918498 -0.00991758301547 0)
(0.778773179464 -0.00880218332149 0)
(0.782054958719 -0.00761032399592 0)
(0.784840706438 -0.00635390038725 0)
(0.787106998496 -0.00504578996471 0)
(0.788835888543 -0.00369959234018 0)
(0.790015143943 -0.00232934897778 0)
(0.790638359467 -0.000949253619778 0)
(0.790704947637 0.000426635246031 0)
(0.790220009576 0.0017846689759 0)
(0.789194094816 0.0031118606036 0)
(0.787642862422 0.00439610573418 0)
(0.785586658795 0.005626366328 0)
(0.783050029597 0.00679281342145 0)
(0.780061184225 0.00788692706465 0)
(0.7766514313 0.0089015538516 0)
(0.77285460284 0.00983092424753 0)
(0.768706483238 0.0106706333907 0)
(0.764244257155 0.0114175901235 0)
(0.759505988063 0.012069939683 0)
(0.754530136687 0.0126269657775 0)
(0.749355126049 0.0130889777474 0)
(0.744018957495 0.0134571882151 0)
(0.738558879871 0.0137335861344 0)
(0.733011112156 0.0139208095316 0)
(0.7274106183 0.0140220215361 0)
(0.721790931713 0.0140407925864 0)
(0.716184025946 0.0139809910115 0)
(0.710620227397 0.0138466835449 0)
(0.705128165467 0.013642046764 0)
(0.699734755385 0.0133712899613 0)
(0.694465208865 0.0130385895536 0)
(0.689343067862 0.0126480348192 0)
(0.684390256907 0.0122035845161 0)
(0.679627149732 0.0117090337655 0)
(0.675072646258 0.0111679904768 0)
(0.670744256296 0.0105838605345 0)
(0.666658186713 0.00995984094926 0)
(0.662829429093 0.0092989201873 0)
(0.659271845273 0.00860388493095 0)
(0.655998248417 0.00787733256891 0)
(0.653020477551 0.00712168877529 0)
(0.650349463736 0.00633922959292 0)
(0.647995286242 0.00553210749421 0)
(0.645967217322 0.00470238094149 0)
(0.641618147587 0.00536406163025 0)
(0.64029051657 0.00415022952483 0)
(0.639309792036 0.00291316924314 0)
(0.638682144693 0.00165567400725 0)
(0.638412997424 0.000380664993195 0)
(0.638506980401 -0.00090875006613 0)
(0.638967868931 -0.00220921769015 0)
(0.639798503869 -0.00351707973532 0)
(0.641000694676 -0.00482831576686 0)
(0.64257510548 -0.00613848790234 0)
(0.644521124865 -0.00744268950653 0)
(0.646836720484 -0.00873549932574 0)
(0.649518280122 -0.0100109428674 0)
(0.652560441333 -0.0112624630415 0)
(0.655955912457 -0.0124829022734 0)
(0.659695288455 -0.0136644984584 0)
(0.663766865816 -0.0147988972261 0)
(0.668156461523 -0.0158771830071 0)
(0.672847241921 -0.0168899313109 0)
(0.677819568083 -0.0178272844063 0)
(0.683050865031 -0.0186790522246 0)
(0.688515522759 -0.0194348397442 0)
(0.694184837458 -0.0200842013637 0)
(0.700027001539 -0.0206168218025 0)
(0.70600715091 -0.0210227218987 0)
(0.712087477461 -0.021292486326 0)
(0.718227413724 -0.0214175087559 0)
(0.724383895196 -0.021390248431 0)
(0.730511703763 -0.0212044905612 0)
(0.736563893119 -0.0208556015364 0)
(0.742492293992 -0.0203407687812 0)
(0.748248093524 -0.0196592143138 0)
(0.753782479445 -0.0188123708319 0)
(0.759047335876 -0.0178040095688 0)
(0.763995974042 -0.0166403103058 0)
(0.768583878012 -0.0153298658341 0)
(0.77276944321 -0.0138836157802 0)
(0.776514684043 -0.0123147079295 0)
(0.779785886816 -0.0106382888068 0)
(0.78255418523 -0.00887122904506 0)
(0.784796038275 -0.0070317926916 0)
(0.786493594027 -0.00513926275659 0)
(0.787634927611 -0.00321353773187 0)
(0.788214147022 -0.00127471527339 0)
(0.788231366192 0.000657320361343 0)
(0.787692550321 0.00256329121328 0)
(0.786609243569 0.00442488462643 0)
(0.784998193482 0.00622506659403 0)
(0.78288088971 0.00794834070639 0)
(0.780283036628 0.00958094725813 0)
(0.777233980279 0.0111110003647 0)
(0.773766109791 0.0125285639943 0)
(0.769914252227 0.0138256704546 0)
(0.765715077841 0.0149962869613 0)
(0.761206530293 0.0160362374038 0)
(0.756427293605 0.0169430873214 0)
(0.751416304789 0.0177160004409 0)
(0.746212318379 0.0183555750086 0)
(0.740853526456 0.0188636676467 0)
(0.735377235595 0.0192432116994 0)
(0.729819600151 0.0194980360938 0)
(0.72421540983 0.019632689715 0)
(0.718597928216 0.0196522752617 0)
(0.712998778133 0.0195622955521 0)
(0.707447869093 0.0193685143454 0)
(0.701973361794 0.019076832943 0)
(0.696601664549 0.0186931831593 0)
(0.691357456529 0.0182234366987 0)
(0.686263732966 0.0176733305478 0)
(0.681341867669 0.0170484076741 0)
(0.676611688585 0.0163539720986 0)
(0.672091562471 0.0155950572797 0)
(0.667798485138 0.0147764066758 0)
(0.663748174068 0.0139024653409 0)
(0.659955160584 0.0129773814433 0)
(0.656432879055 0.0120050166463 0)
(0.653193750921 0.0109889643773 0)
(0.650249261584 0.009932575088 0)
(0.647610028442 0.00883898770423 0)
(0.645285858544 0.00771116653874 0)
(0.643285794521 0.00655194301864 0)
(0.638093530999 0.00684734112208 0)
(0.636797092827 0.00529144930405 0)
(0.635844241487 0.0037058418008 0)
(0.635241079345 0.00209401930216 0)
(0.634993021065 0.000459646808815 0)
(0.635104748793 -0.00119337053922 0)
(0.635580149752 -0.00286081074626 0)
(0.636422235971 -0.00453805842692 0)
(0.637633046107 -0.00622002971836 0)
(0.639213529555 -0.00790110013068 0)
(0.641163413403 -0.00957503708498 0)
(0.643481053147 -0.0112349391675 0)
(0.646163268568 -0.012873184421 0)
(0.649205166749 -0.0144813902844 0)
(0.652599954809 -0.0160503880597 0)
(0.656338745684 -0.0175702150171 0)
(0.66041036109 -0.0190301274059 0)
(0.66480113664 -0.0204186376999 0)
(0.66949473501 -0.0217235793303 0)
(0.674471973947 -0.0229322019163 0)
(0.679710676786 -0.0240312995456 0)
(0.685185553901 -0.0250073739665 0)
(0.690868124155 -0.0258468335846 0)
(0.696726685739 -0.0265362279113 0)
(0.702726345882 -0.0270625155743 0)
(0.708829118484 -0.0274133622117 0)
(0.714994097884 -0.0275774625666 0)
(0.721177715489 -0.0275448789754 0)
(0.727334083906 -0.0273073863106 0)
(0.733415430496 -0.0268588114537 0)
(0.739372618896 -0.0261953537093 0)
(0.74515575322 -0.0253158714301 0)
(0.75071485538 -0.0242221196907 0)
(0.756000601614 -0.0229189243039 0)
(0.760965100074 -0.0214142789415 0)
(0.765562687546 -0.0197193546464 0)
(0.769750720476 -0.0178484145669 0)
(0.773490333653 -0.0158186311479 0)
(0.776747139589 -0.0136498080042 0)
(0.779491842819 -0.0113640139257 0)
(0.78170074625 -0.00898514148159 0)
(0.783356131024 -0.00653840707398 0)
(0.784446496947 -0.00404981262667 0)
(0.784966656931 -0.00154559108609 0)
(0.784917685606 0.000948341615366 0)
(0.784306728776 0.00340690653086 0)
(0.783146686212 0.00580633443259 0)
(0.78145578504 0.00812457565611 0)
(0.779257064412 0.0103416356611 0)
(0.776577794084 0.0124398295027 0)
(0.773448850128 0.0144039529344 0)
(0.769904070205 0.0162213720038 0)
(0.765979609099 0.0178820365129 0)
(0.761713312579 0.0193784254293 0)
(0.757144124655 0.0207054342124 0)
(0.752311539963 0.0218602150685 0)
(0.747255109751 0.0228419814549 0)
(0.742014006853 0.0236517878412 0)
(0.736626652242 0.024292294946 0)
(0.731130403408 0.0247675295342 0)
(0.725561302832 0.0250826465394 0)
(0.719953883334 0.0252436998616 0)
(0.714341025976 0.0252574267878 0)
(0.708753865452 0.0251310496691 0)
(0.703221737494 0.0248720972918 0)
(0.697772162655 0.0244882473527 0)
(0.692430860878 0.0239871905866 0)
(0.687221791459 0.0233765164019 0)
(0.682167213324 0.0226636193543 0)
(0.677287760913 0.0218556254038 0)
(0.672602531371 0.0209593366447 0)
(0.668129179197 0.0199811930508 0)
(0.663884014895 0.018927249716 0)
(0.659882104582 0.0178031680763 0)
(0.656137367887 0.0166142196558 0)
(0.652662671787 0.0153653009693 0)
(0.649469918337 0.0140609583249 0)
(0.64657012449 0.0127054213935 0)
(0.64397349245 0.0113026445275 0)
(0.641689469142 0.00985635492703 0)
(0.639726793576 0.00837010684834 0)
(0.633713865323 0.00829377851472 0)
(0.632456218972 0.00639953626478 0)
(0.631537878739 0.00446920074421 0)
(0.630964862866 0.00250691289001 0)
(0.630742576376 0.000517014050723 0)
(0.630875766479 -0.0014958606529 0)
(0.631368460013 -0.0035266876791 0)
(0.632223882545 -0.00556996037465 0)
(0.633444358902 -0.00761959572999 0)
(0.635031195159 -0.00966884435341 0)
(0.636984542392 -0.0117102057631 0)
(0.639303242883 -0.0137353514521 0)
(0.641984659925 -0.0157350585598 0)
(0.645024492937 -0.0176991573615 0)
(0.648416580228 -0.0196164961527 0)
(0.652152692544 -0.0214749274204 0)
(0.656222321363 -0.023261319436 0)
(0.660612466862 -0.0249615975238 0)
(0.665307431491 -0.026560819224 0)
(0.670288626142 -0.028043287315 0)
(0.675534396951 -0.02939270416 0)
(0.681019881736 -0.0305923700182 0)
(0.686716905926 -0.0316254268083 0)
(0.692593928417 -0.0324751472717 0)
(0.698616048088 -0.0331252675689 0)
(0.704745081489 -0.0335603590692 0)
(0.710939721523 -0.0337662325194 0)
(0.717155785508 -0.0337303650052 0)
(0.723346558886 -0.0334423372929 0)
(0.729463237906 -0.0328942664619 0)
(0.735455470932 -0.0320812164352 0)
(0.741271993612 -0.0310015673621 0)
(0.746861348258 -0.0296573240625 0)
(0.752172672603 -0.0280543441604 0)
(0.757156537982 -0.0262024683026 0)
(0.761765812381 -0.0241155380562 0)
(0.765956520085 -0.0218112916827 0)
(0.769688667325 -0.0193111337832 0)
(0.772927002677 -0.0166397814544 0)
(0.775641682348 -0.0138247965822 0)
(0.777808813786 -0.0108960206506 0)
(0.779410856328 -0.00788493431675 0)
(0.7804368643 -0.00482396846176 0)
(0.780882565772 -0.00174579602103 0)
(0.780750278171 0.00131736558789 0)
(0.780048669796 0.00433441318914 0)
(0.778792383012 0.00727595290644 0)
(0.777001540352 0.0101148116161 0)
(0.774701158406 0.0128264506653 0)
(0.771920496221 0.0153892739014 0)
(0.76869236504 0.0177848280563 0)
(0.765052424829 0.0199978989212 0)
(0.761038490372 0.0220165112126 0)
(0.756689866385 0.0238318433907 0)
(0.752046727142 0.025438070894 0)
(0.747149552197 0.0268321523684 0)
(0.742038625865 0.0280135736167 0)
(0.736753604697 0.0289840633612 0)
(0.731333154094 0.0297472937021 0)
(0.725814652751 0.030308576555 0)
(0.720233961666 0.0306745655435 0)
(0.714625253017 0.0308529709585 0)
(0.709020893267 0.0308522935809 0)
(0.703451374323 0.0306815814915 0)
(0.697945286327 0.0303502125085 0)
(0.692529325745 0.0298677036322 0)
(0.687228332618 0.029243547838 0)
(0.682065351253 0.0284870777504 0)
(0.677061709053 0.027607355122 0)
(0.672237108714 0.026613084613 0)
(0.667609729522 0.0255125501026 0)
(0.663196333987 0.0243135716182 0)
(0.659012376526 0.0230234809307 0)
(0.655072111332 0.0216491139066 0)
(0.651388696991 0.020196817799 0)
(0.647974295683 0.0186724717968 0)
(0.644840165175 0.0170815193024 0)
(0.641996741978 0.0154290105754 0)
(0.63945371431 0.0137196545307 0)
(0.637220083607 0.0119578786327 0)
(0.635304213514 0.0101478959477 0)
(0.62849670025 0.00969535173825 0)
(0.627285303523 0.00746745323026 0)
(0.626407886851 0.00519721622515 0)
(0.625870369247 0.00288934062153 0)
(0.625678144857 0.000548762400429 0)
(0.625836038784 -0.00181923516715 0)
(0.626348244612 -0.00420890850145 0)
(0.627218243054 -0.00661394026761 0)
(0.628448701334 -0.00902732717597 0)
(0.630041353072 -0.0114412710502 0)
(0.631996858705 -0.0138470755833 0)
(0.634314646839 -0.0162350516438 0)
(0.63699273735 -0.0185944344663 0)
(0.640027547605 -0.0209133165497 0)
(0.643413683845 -0.023178600555 0)
(0.647143720561 -0.0253759769308 0)
(0.651207971619 -0.0274899313393 0)
(0.655594257928 -0.0295037871739 0)
(0.660287677587 -0.0313997884895 0)
(0.665270385705 -0.0331592284516 0)
(0.670521392288 -0.034762627882 0)
(0.676016387895 -0.0361899675724 0)
(0.681727607807 -0.0374209766996 0)
(0.687623746422 -0.0384354778576 0)
(0.693669934116 -0.0392137869086 0)
(0.699827788937 -0.0397371630566 0)
(0.706055554953 -0.0399883013256 0)
(0.71230833781 -0.039951856098 0)
(0.718538445879 -0.0396149807072 0)
(0.724695842271 -0.0389678645384 0)
(0.730728708849 -0.0380042459613 0)
(0.736584118396 -0.0367218770684 0)
(0.742208805287 -0.0351229149609 0)
(0.747550018826 -0.0332142145948 0)
(0.752556437142 -0.0310075002118 0)
(0.75717911373 -0.0285193963195 0)
(0.76137242402 -0.0257713050045 0)
(0.765094976155 -0.0227891238507 0)
(0.768310449207 -0.0196028074021 0)
(0.770988323444 -0.0162457843148 0)
(0.773104471281 -0.0127542512589 0)
(0.774641583935 -0.00916637239768 0)
(0.775589417104 -0.00552141911661 0)
(0.775944848549 -0.00185888799497 0)
(0.775711750362 0.00178236449568 0)
(0.77490068812 0.00536493439405 0)
(0.773528467221 0.00885359837219 0)
(0.771617552892 0.0122159328631 0)
(0.769195394299 0.015422807282 0)
(0.766293684781 0.0184487425906 0)
(0.762947589677 0.0212721342365 0)
(0.759194970829 0.0238753453448 0)
(0.755075633159 0.0262446815546 0)
(0.750630614137 0.0283702628747 0)
(0.745901532067 0.0302458103828 0)
(0.74093000423 0.0318683666172 0)
(0.735757141385 0.0332379683232 0)
(0.730423121183 0.034357289091 0)
(0.724966839728 0.0352312676222 0)
(0.71942563793 0.0358667351496 0)
(0.713835097428 0.0362720531379 0)
(0.708228899561 0.0364567699895 0)
(0.702638740139 0.0364313032004 0)
(0.697094292495 0.0362066513587 0)
(0.691623211334 0.0357941385932 0)
(0.686251170201 0.0352051925959 0)
(0.681001925902 0.0344511561525 0)
(0.675897403745 0.0335431312067 0)
(0.670957798162 0.0324918538246 0)
(0.666201683881 0.0313075979886 0)
(0.661646133458 0.0300001058932 0)
(0.657306837584 0.0285785423063 0)
(0.653198225076 0.0270514705664 0)
(0.649333579969 0.0254268478796 0)
(0.645725153514 0.0237120377285 0)
(0.642384269236 0.0219138373962 0)
(0.639321419477 0.0200385188159 0)
(0.636546352095 0.0180918811655 0)
(0.634068146147 0.016079313832 0)
(0.631895275532 0.0140058685514 0)
(0.630035659656 0.0118763396879 0)
(0.622463234942 0.0110441506097 0)
(0.621305368373 0.00848836710628 0)
(0.620475012508 0.00588415366203 0)
(0.619977972687 0.00323667440043 0)
(0.619819630906 0.000551364526082 0)
(0.620004902383 -0.00216594033386 0)
(0.620538173498 -0.00490887230806 0)
(0.621423220366 -0.00767039845345 0)
(0.622663107401 -0.0104426887372 0)
(0.624260065373 -0.0132169870548 0)
(0.626215348649 -0.0159834879887 0)
(0.628529071664 -0.0187312225461 0)
(0.631200025016 -0.021447956698 0)
(0.634225472168 -0.0241201071481 0)
(0.637600928376 -0.0267326793659 0)
(0.641319924303 -0.0292692334938 0)
(0.645373757756 -0.0317118842211 0)
(0.649751238129 -0.0340413410758 0)
(0.654438429434 -0.0362369957221 0)
(0.659418399227 -0.0382770627207 0)
(0.664670982255 -0.0401387797013 0)
(0.670172569173 -0.0417986719469 0)
(0.675895932168 -0.0432328848968 0)
(0.68181010061 -0.0444175859992 0)
(0.687880300817 -0.0453294346104 0)
(0.694067974484 -0.0459461152775 0)
(0.70033089014 -0.0462469257886 0)
(0.706623360875 -0.0462134069585 0)
(0.712896579492 -0.045829996451 0)
(0.719099078887 -0.045084684315 0)
(0.725177320945 -0.0439696437111 0)
(0.731076411398 -0.0424818069928 0)
(0.736740931335 -0.0406233553667 0)
(0.742115868475 -0.0384020902802 0)
(0.747147623558 -0.0358316568769 0)
(0.751785059895 -0.0329315945708 0)
(0.755980557887 -0.0297271970457 0)
(0.759691032142 -0.026249173521 0)
(0.762878867128 -0.0225331143324 0)
(0.765512728884 -0.0186187758941 0)
(0.767568215036 -0.0145492118059 0)
(0.769028313357 -0.0103697870703 0)
(0.769883649458 -0.00612711999327 0)
(0.77013251621 -0.001868000544 0)
(0.769780689832 0.00236166568036 0)
(0.768841049208 0.00651784211889 0)
(0.767333024725 0.0105592354298 0)
(0.765281910099 0.0144480291295 0)
(0.762718074832 0.0181504570302 0)
(0.75967611608 0.0216372074933 0)
(0.756193987147 0.0248836594818 0)
(0.752312136137 0.027869959933 0)
(0.748072683042 0.0305809586196 0)
(0.743518657537 0.033006021224 0)
(0.738693313497 0.0351387438839 0)
(0.733639530304 0.0369765931937 0)
(0.728399305668 0.0385204948839 0)
(0.72301334021 0.0397743925385 0)
(0.717520710511 0.0407447951171 0)
(0.711958624694 0.041440329043 0)
(0.70636225286 0.0418713075012 0)
(0.700764623656 0.042049326556 0)
(0.695196577843 0.0419868949055 0)
(0.689686769799 0.0416971016304 0)
(0.684261708266 0.0411933242166 0)
(0.678945828305 0.04048897744 0)
(0.673761587196 0.0395973023919 0)
(0.66872957782 0.0385311939524 0)
(0.663868653954 0.0373030643466 0)
(0.659196062682 0.0359247400088 0)
(0.654727579893 0.0344073887651 0)
(0.650477645501 0.0327614743043 0)
(0.646459495629 0.0309967349812 0)
(0.642685289472 0.0291221841645 0)
(0.63916622901 0.027146129564 0)
(0.635912670048 0.0250762092306 0)
(0.632934223342 0.0229194421904 0)
(0.630239844774 0.0206822919484 0)
(0.627837913675 0.018370741341 0)
(0.625736298501 0.0159903774494 0)
(0.623942409109 0.0135464854724 0)
(0.615638385478 0.0123324082554 0)
(0.614541112548 0.00945569317188 0)
(0.613763627951 0.0065246308807 0)
(0.613311609434 0.00354474234617 0)
(0.613190425213 0.000521853617848 0)
(0.613405091701 -0.00253775647548 0)
(0.613960212364 -0.00562720531513 0)
(0.61485989677 -0.00873885367475 0)
(0.616107658926 -0.0118641529972 0)
(0.617706294057 -0.0149934951452 0)
(0.619657733166 -0.0181160675668 0)
(0.621962874944 -0.0212197174501 0)
(0.624621394995 -0.024290829149 0)
(0.627631532804 -0.0273142199043 0)
(0.630989857584 -0.0302730596499 0)
(0.634691014966 -0.0331488214395 0)
(0.638727457516 -0.0359212696945 0)
(0.643089163361 -0.0385684940074 0)
(0.647763348613 -0.0410669965467 0)
(0.652734180958 -0.0433918411078 0)
(0.657982503578 -0.0455168714401 0)
(0.663485580466 -0.047415005532 0)
(0.669216876086 -0.04905861095 0)
(0.675145884124 -0.0504199640076 0)
(0.681238021525 -0.0514717923993 0)
(0.687454604978 -0.0521878969671 0)
(0.693752927269 -0.052543843491 0)
(0.700086450129 -0.0525177099471 0)
(0.706405128216 -0.0520908687891 0)
(0.712655875421 -0.0512487778272 0)
(0.718783179641 -0.0499817476897 0)
(0.724729865503 -0.0482856492352 0)
(0.730437996446 -0.0461625213002 0)
(0.735849898359 -0.0436210384847 0)
(0.740909277278 -0.0406768008957 0)
(0.745562394264 -0.037352413277 0)
(0.749759252447 -0.0336773298837 0)
(0.75345474545 -0.0296874535018 0)
(0.756609713864 -0.0254244914385 0)
(0.759191857978 -0.020935086944 0)
(0.761176460774 -0.0162697598569 0)
(0.762546885122 -0.0114817036373 0)
(0.763294822301 -0.00662549585664 0)
(0.7634202842 -0.00175578448864 0)
(0.762931347185 0.00307398754347 0)
(0.761843670054 0.00781276203444 0)
(0.760179820415 0.0124129010773 0)
(0.757968452092 0.0168310425174 0)
(0.755243380511 0.0210287530647 0)
(0.752042603345 0.0249729707328 0)
(0.748407310721 0.0286362409194 0)
(0.744380923655 0.0319967609424 0)
(0.7400081922 0.0350382556775 0)
(0.735334376799 0.0377497119487 0)
(0.730404528463 0.0401250016978 0)
(0.725262876157 0.0421624240692 0)
(0.719952323513 0.0438641948816 0)
(0.714514052037 0.0452359090515 0)
(0.708987224207 0.0462859978763 0)
(0.703408777306 0.0470251990853 0)
(0.697813297348 0.0474660535765 0)
(0.692232961771 0.0476224390007 0)
(0.686697539617 0.0475091470033 0)
(0.681234438406 0.047141508055 0)
(0.675868787759 0.0465350654527 0)
(0.67062355083 0.0457052982064 0)
(0.665519655736 0.0446673911438 0)
(0.660576140285 0.0434360495778 0)
(0.65581030437 0.0420253552518 0)
(0.65123786538 0.0404486599297 0)
(0.646873112853 0.0387185128805 0)
(0.642729059365 0.0368466185563 0)
(0.638817585271 0.0348438209435 0)
(0.635149575447 0.0327201113277 0)
(0.631735046615 0.0304846565302 0)
(0.628583264133 0.0281458450125 0)
(0.625702847401 0.0257113485895 0)
(0.623101863173 0.0231881978285 0)
(0.620787906198 0.0205828695109 0)
(0.618768166646 0.0179013848118 0)
(0.617049483802 0.0151494170768 0)
(0.608050856268 0.0135525373766 0)
(0.607020979817 0.0103631421516 0)
(0.606301797003 0.00711367605652 0)
(0.605898844353 0.0038098978928 0)
(0.605817473847 0.000457904145551 0)
(0.606062812336 -0.0029357048655 0)
(0.60663970198 -0.00636365449435 0)
(0.607552620547 -0.00981782241715 0)
(0.608805580369 -0.0132890643441 0)
(0.610402004735 -0.0167670412625 0)
(0.612344580623 -0.0202400513263 0)
(0.614635086839 -0.0236948702509 0)
(0.617274196946 -0.027116604909 0)
(0.620261256825 -0.0304885657254 0)
(0.623594037353 -0.0337921644142 0)
(0.627268463531 -0.037006844556 0)
(0.631278322485 -0.0401100533997 0)
(0.635614954111 -0.0430772640443 0)
(0.640266929747 -0.0458820576973 0)
(0.645219726162 -0.0484962759158 0)
(0.650455404251 -0.0508902524886 0)
(0.655952304164 -0.0530331337513 0)
(0.661684771002 -0.0548932945151 0)
(0.667622927535 -0.0564388542791 0)
(0.673732512558 -0.0576382948685 0)
(0.679974805074 -0.0584611760347 0)
(0.686306655376 -0.0588789398735 0)
(0.692680643793 -0.0588657882679 0)
(0.69904538616 -0.0583996102031 0)
(0.705346001569 -0.0574629281348 0)
(0.71152475243 -0.0560438251958 0)
(0.7175218593 -0.0541368086573 0)
(0.723276483274 -0.0517435605714 0)
(0.728727857528 -0.0488735248498 0)
(0.73381653742 -0.0455442820192 0)
(0.73848572648 -0.0417816691816 0)
(0.742682624862 -0.037619613564 0)
(0.746359738887 -0.033099663181 0)
(0.749476086457 -0.0282702166506 0)
(0.751998234477 -0.0231854745565 0)
(0.753901111513 -0.0179041548731 0)
(0.755168551425 -0.0124880325553 0)
(0.755793540671 -0.0070003763077 0)
(0.755778161513 -0.00150436217307 0)
(0.755133243341 0.00393845680747 0)
(0.753877752553 0.00926955275897 0)
(0.752037965975 0.0144346376652 0)
(0.74964648244 0.0193846479229 0)
(0.746741131385 0.0240764744407 0)
(0.743363836423 0.0284734319638 0)
(0.739559486657 0.0325454772341 0)
(0.735374860358 0.0362691983374 0)
(0.730857635691 0.0396276065891 0)
(0.726055512779 0.0426097675283 0)
(0.721015461522 0.0452103094203 0)
(0.715783100788 0.0474288467194 0)
(0.71040220749 0.049269352933 0)
(0.704914348543 0.0507395129827 0)
(0.699358624926 0.0518500801174 0)
(0.693771514735 0.0526142571997 0)
(0.688186801055 0.0530471171702 0)
(0.682635570349 0.0531650729284 0)
(0.677146267686 0.0529854029254 0)
(0.671744796194 0.052525835486 0)
(0.666454649492 0.0518041922842 0)
(0.661297067343 0.0508380894256 0)
(0.656291206254 0.0496446931848 0)
(0.651454318205 0.0482405265188 0)
(0.646801931964 0.0466413219416 0)
(0.642348032623 0.0448619161256 0)
(0.638105235979 0.0429161816092 0)
(0.63408495521 0.0408169911817 0)
(0.630297557984 0.0385762108261 0)
(0.626752512653 0.0362047174833 0)
(0.623458522617 0.0337124383308 0)
(0.620423648227 0.0311084086993 0)
(0.617655415791 0.0284008461838 0)
(0.615160913397 0.025597238908 0)
(0.61294687329 0.0227044462627 0)
(0.611019740584 0.0197288107639 0)
(0.609385727995 0.0166762799416 0)
(0.599733212057 0.0146971715726 0)
(0.598777226985 0.0112047698919 0)
(0.598121342276 0.00764678589653 0)
(0.597770939562 0.00402908688968 0)
(0.597731350685 0.000357908544241 0)
(0.598007819455 -0.00335996054868 0)
(0.598605444506 -0.00711698876177 0)
(0.599529101853 -0.0109047071238 0)
(0.600783345603 -0.014713512692 0)
(0.602372285207 -0.0185324720836 0)
(0.604299437649 -0.0223491283817 0)
(0.606567553067 -0.026149315486 0)
(0.609178412545 -0.0299169849589 0)
(0.612132597175 -0.0336340514913 0)
(0.61542922813 -0.0372802642704 0)
(0.619065678274 -0.0408331127216 0)
(0.623037256981 -0.0442677762629 0)
(0.627336871256 -0.0475571287714 0)
(0.631954668017 -0.0506718093156 0)
(0.636877664538 -0.0535803712137 0)
(0.642089376537 -0.0562495214914 0)
(0.647569456167 -0.0586444621415 0)
(0.653293355146 -0.0607293430393 0)
(0.659232031358 -0.0624678337582 0)
(0.665351720124 -0.0638238176566 0)
(0.671613793816 -0.0647622063687 0)
(0.677974735176 -0.0652498661611 0)
(0.684386250126 -0.0652566396028 0)
(0.690795544614 -0.0647564368781 0)
(0.697145786681 -0.0637283613163 0)
(0.703376769019 -0.062157824 0)
(0.709425778673 -0.0600375935885 0)
(0.715228669125 -0.0573687208838 0)
(0.720721116315 -0.0541612744269 0)
(0.725840024823 -0.0504348247761 0)
(0.730525034815 -0.0462186220561 0)
(0.734720066119 -0.0415514244138 0)
(0.738374824759 -0.0364809539686 0)
(0.741446191478 -0.0310629805974 0)
(0.743899412767 -0.0253600604503 0)
(0.745709023451 -0.0194399826097 0)
(0.746859445919 -0.013374000559 0)
(0.747345232954 -0.00723494204367 0)
(0.747170946529 -0.00109529923513 0)
(0.746350690743 0.004974600136 0)
(0.744907340145 0.0109082503701 0)
(0.742871522719 0.0166443816198 0)
(0.740280427824 0.0221280800533 0)
(0.737176513224 0.0273115888413 0)
(0.733606182353 0.0321547877279 0)
(0.729618494711 0.0366253688673 0)
(0.725263960497 0.0406987418517 0)
(0.720593457198 0.0443577108745 0)
(0.715657292331 0.0475919719893 0)
(0.710504424272 0.0503974791339 0)
(0.705181842662 0.0527757249584 0)
(0.699734101823 0.054732977558 0)
(0.694202994782 0.0562795079382 0)
(0.688627351897 0.0574288362339 0)
(0.683042946199 0.0581970179854 0)
(0.67748248719 0.0586019855701 0)
(0.671975685467 0.0586629544564 0)
(0.666549371926 0.0583998994041 0)
(0.661227657079 0.0578331021062 0)
(0.65603211801 0.0569827690046 0)
(0.650982002515 0.0558687160129 0)
(0.646094441893 0.0545101155524 0)
(0.641384665601 0.05292530051 0)
(0.63686621254 0.0511316193717 0)
(0.632551135075 0.0491453367485 0)
(0.628450192945 0.0469815737183 0)
(0.62457303516 0.0446542827775 0)
(0.620928368619 0.042176252669 0)
(0.617524112755 0.0395591388874 0)
(0.614367539855 0.0368135162103 0)
(0.611465400975 0.0339489501535 0)
(0.608824037511 0.0309740847637 0)
(0.606449478569 0.0278967446428 0)
(0.604347524255 0.0247240495242 0)
(0.602523814971 0.0214625400904 0)
(0.600983886691 0.0181183140307 0)
(0.59072194661 0.0157592117209 0)
(0.589845989209 0.0119750292262 0)
(0.589257910155 0.00811998323876 0)
(0.588962922011 0.00419991147991 0)
(0.588966330366 0.000221048208931 0)
(0.589273498707 -0.0038097731057 0)
(0.589889794713 -0.0078849100998 0)
(0.590820516307 -0.0119956960099 0)
(0.59207079557 -0.0161322200828 0)
(0.593645478465 -0.0202831062998 0)
(0.59554897823 -0.0244352936374 0)
(0.597785100279 -0.0285738220569 0)
(0.600356836615 -0.0326816295439 0)
(0.603266128024 -0.0367393667804 0)
(0.606513592846 -0.040725237421 0)
(0.610098221926 -0.0446148734154 0)
(0.614017040411 -0.0483812563067 0)
(0.618264738589 -0.0519946968625 0)
(0.622833275842 -0.0554228866468 0)
(0.62771146417 -0.0586310360466 0)
(0.632884540598 -0.0615821136753 0)
(0.638333741031 -0.064237201716 0)
(0.644035891839 -0.0665559804372 0)
(0.649963039279 -0.0684973525126 0)
(0.656082140773 -0.0700202136621 0)
(0.662354845591 -0.0710843702894 0)
(0.66873739524 -0.0716515970853 0)
(0.67518067535 -0.0716868180132 0)
(0.681630450373 -0.0711593829154 0)
(0.688027809434 -0.0700443996499 0)
(0.694309845559 -0.0683240690106 0)
(0.700410580821 -0.0659889578252 0)
(0.706262136606 -0.0630391360526 0)
(0.711796131477 -0.0594850980892 0)
(0.716945269846 -0.0553483885946 0)
(0.721645064514 -0.0506618604557 0)
(0.725835617038 -0.0454695079752 0)
(0.729463364683 -0.0398258419782 0)
(0.732482693955 -0.0337948040162 0)
(0.734857320836 -0.0274482516053 0)
(0.736561348223 -0.0208640815857 0)
(0.737579931548 -0.0141240896482 0)
(0.737909512225 -0.0073116864054 0)
(0.737557611817 -0.000509600860981 0)
(0.736542213412 0.00620230051984 0)
(0.73489078628 0.0127489659433 0)
(0.732639032096 0.0190617932839 0)
(0.729829443639 0.0250798904248 0)
(0.726509769557 0.0307509358393 0)
(0.722731472593 0.0360316443513 0)
(0.718548255936 0.0408878677456 0)
(0.714014715692 0.0452943777868 0)
(0.70918515945 0.0492343899018 0)
(0.704112613651 0.0526988898831 0)
(0.698848027352 0.0556858247159 0)
(0.693439667827 0.0581992134704 0)
(0.687932694554 0.0602482265823 0)
(0.682368892308 0.0618462730459 0)
(0.676786540877 0.0630101260575 0)
(0.671220397946 0.0637591091729 0)
(0.665701772239 0.0641143575294 0)
(0.660258665708 0.0640981623536 0)
(0.654915965875 0.063733401889 0)
(0.649695672108 0.0630430579826 0)
(0.644617142288 0.0620498147491 0)
(0.639697348977 0.0607757338308 0)
(0.634951136519 0.0592419996241 0)
(0.630391472615 0.0574687272913 0)
(0.626029689687 0.055474826279 0)
(0.621875712785 0.0532779122905 0)
(0.617938271983 0.050894261112 0)
(0.614225098101 0.0483387982877 0)
(0.610743101294 0.0456251193075 0)
(0.607498532495 0.0427655356722 0)
(0.604497128062 0.0397711428968 0)
(0.60174423815 0.0366519071714 0)
(0.599244939411 0.0334167680169 0)
(0.597004132636 0.0300737548276 0)
(0.595026625859 0.0266301156801 0)
(0.593317203363 0.0230924572066 0)
(0.591880680818 0.0194668946803 0)
(0.581057543724 0.0167318771772 0)
(0.580267338215 0.0126688233605 0)
(0.579751029696 0.00852987297344 0)
(0.579513646421 0.00432068923414 0)
(0.579560458486 4.73568476489e-05 0)
(0.579896946716 -0.00428339774326 0)
(0.580528753578 -0.00866397742278 0)
(0.581461614208 -0.0130856777114 0)
(0.582701265277 -0.0175384438151 0)
(0.584253329193 -0.0220106236339 0)
(0.586123170919 -0.0264887198507 0)
(0.588315724527 -0.0309571453 0)
(0.590835286684 -0.0353979870982 0)
(0.593685274357 -0.0397907864762 0)
(0.596867944505 -0.0441123428933 0)
(0.60038407415 -0.0483365527994 0)
(0.604232600336 -0.0524342952706 0)
(0.608410220935 -0.0563733786141 0)
(0.612910959293 -0.0601185637754 0)
(0.617725698279 -0.0636316818227 0)
(0.622841692517 -0.0668718637176 0)
(0.628242071404 -0.0697959007222 0)
(0.633905349899 -0.0723587528434 0)
(0.639804968932 -0.074514220316 0)
(0.645908892307 -0.076215788914 0)
(0.652179291823 -0.0774176535283 0)
(0.658572356581 -0.0780759157109 0)
(0.665038265281 -0.0781499396515 0)
(0.67152136107 -0.0776038374882 0)
(0.677960566329 -0.0764080394208 0)
(0.684290068684 -0.0745408877087 0)
(0.690440298992 -0.0719901776714 0)
(0.696339206538 -0.0687545551343 0)
(0.701913816408 -0.064844670635 0)
(0.707092029912 -0.0602839885759 0)
(0.711804602737 -0.0551091566363 0)
(0.715987210085 -0.0493698587578 0)
(0.719582486853 -0.0431281042713 0)
(0.722541917837 -0.0364569448637 0)
(0.724827451423 -0.0294386567524 0)
(0.726412722715 -0.0221624723598 0)
(0.727283798422 -0.0147219873586 0)
(0.727439393671 -0.00721239869132 0)
(0.726890554888 0.000272257634266 0)
(0.725659846924 0.00764170510047 0)
(0.723780120756 0.0148117194456 0)
(0.721292965572 0.0217060083107 0)
(0.718246963203 0.0282576126227 0)
(0.714695863235 0.0344098077754 0)
(0.710696786032 0.0401165213379 0)
(0.706308541683 0.0453423144181 0)
(0.701590129609 0.0500619942945 0)
(0.69659945964 0.0542599365669 0)
(0.691392313471 0.0579291971747 0)
(0.686021547174 0.0610704901836 0)
(0.680536521633 0.0636910984155 0)
(0.674982738354 0.0658037727523 0)
(0.669401652685 0.0674256639326 0)
(0.663830634257 0.0685773190384 0)
(0.658303044736 0.0692817644063 0)
(0.652848404947 0.0695636878024 0)
(0.6474926264 0.069448725516 0)
(0.642258285795 0.0689628545084 0)
(0.637164924747 0.0681318857468 0)
(0.632229360474 0.0669810521402 0)
(0.627465996432 0.0655346828436 0)
(0.622887124693 0.063815954881 0)
(0.618503214243 0.0618467128457 0)
(0.614323181361 0.0596473477002 0)
(0.610354639761 0.0572367262631 0)
(0.606604129429 0.0546321637294 0)
(0.603077323932 0.0518494324305 0)
(0.599779216624 0.0489028009363 0)
(0.596714286609 0.0458050984902 0)
(0.593886645523 0.0425678006146 0)
(0.591300166338 0.0392011325083 0)
(0.588958595371 0.0357141875684 0)
(0.586865648609 0.0321150590026 0)
(0.585025093295 0.0284109830417 0)
(0.583440815556 0.0246084927274 0)
(0.582116874596 0.0207135816347 0)
(0.5707845257 0.0176087613017 0)
(0.570085328811 0.0132815598512 0)
(0.569644161098 0.00887369491862 0)
(0.569465849518 0.0043905057253 0)
(0.569555615278 -0.000162226080661 0)
(0.569919047716 -0.00477803945639 0)
(0.570562061188 -0.00944954642088 0)
(0.571490832752 -0.0141681745034 0)
(0.57271171804 -0.0189239003391 0)
(0.574231142328 -0.0237049763343 0)
(0.576055463471 -0.0284976532904 0)
(0.578190803094 -0.0332859030604 0)
(0.580642842305 -0.0380511467371 0)
(0.583416578186 -0.0427719955331 0)
(0.58651603756 -0.0474240134179 0)
(0.58994394512 -0.0519795127064 0)
(0.593701343903 -0.056407396077 0)
(0.597787167585 -0.0606730608813 0)
(0.602197766089 -0.0647383839417 0)
(0.606926388764 -0.0685618071428 0)
(0.611962632922 -0.0720985457659 0)
(0.617291869893 -0.0753009423581 0)
(0.622894665929 -0.0781189886008 0)
(0.628746221231 -0.0805010356863 0)
(0.634815856728 -0.0823947096292 0)
(0.641066584775 -0.0837480412656 0)
(0.647454805944 -0.0845108109859 0)
(0.65393017886 -0.0846360952591 0)
(0.660435712547 -0.084081985738 0)
(0.666908129872 -0.0828134326108 0)
(0.673278545174 -0.0808041428331 0)
(0.679473487965 -0.0780384425688 0)
(0.685416286902 -0.0745129938993 0)
(0.69102880388 -0.0702382416217 0)
(0.696233478038 -0.0652394601379 0)
(0.700955605602 -0.0595572764051 0)
(0.705125747507 -0.0532475653433 0)
(0.708682127199 -0.0463806500665 0)
(0.711572861515 -0.0390397895102 0)
(0.713757863167 -0.0313189962841 0)
(0.715210268013 -0.0233202906969 0)
(0.715917274595 -0.0151505533475 0)
(0.715880333783 -0.00691817863374 0)
(0.715114685107 0.00127025186927 0)
(0.71364829446 0.00931306577885 0)
(0.711520297226 0.0171161871076 0)
(0.708779085086 0.0245952843201 0)
(0.705480189924 0.0316773072859 0)
(0.701684114659 0.0383013988673 0)
(0.697454241998 0.0444192164792 0)
(0.69285492381 0.0499947358043 0)
(0.687949821577 0.0550036314641 0)
(0.682800536994 0.0594323387264 0)
(0.677465544433 0.0632768987254 0)
(0.67199941552 0.0665416803266 0)
(0.666452310832 0.0692380577765 0)
(0.660869704453 0.0713831072814 0)
(0.655292302736 0.0729983696578 0)
(0.649756118107 0.0741087115154 0)
(0.644292660824 0.0747413048118 0)
(0.638929215449 0.0749247343668 0)
(0.63368917341 0.074688235029 0)
(0.628592398007 0.0740610544443 0)
(0.623655602978 0.0730719334834 0)
(0.618892730141 0.0717486940078 0)
(0.614315315477 0.0701179224514 0)
(0.609932836239 0.0682047373816 0)
(0.605753034335 0.0660326295115 0)
(0.601782213313 0.0636233633648 0)
(0.598025507885 0.0609969307858 0)
(0.59448712607 0.0581715475993 0)
(0.591170564907 0.0551636858991 0)
(0.588078801177 0.0519881355806 0)
(0.585214458904 0.0486580898277 0)
(0.582579955548 0.0451852502641 0)
(0.580177628767 0.0415799483857 0)
(0.578009845561 0.037851280695 0)
(0.576079095401 0.0340072556599 0)
(0.57438806874 0.0300549512165 0)
(0.572939722016 0.0260006820398 0)
(0.57173732996 0.0218501762212 0)
(0.559951484012 0.0183838905655 0)
(0.559348028695 0.0138092039923 0)
(0.558984728973 0.00914937202553 0)
(0.558866191029 0.00440925846106 0)
(0.558997568475 -0.000405814409533 0)
(0.559384542312 -0.00528981334225 0)
(0.560033285252 -0.0102357290077 0)
(0.560950407944 -0.0152352982911 0)
(0.562142884158 -0.0202787147303 0)
(0.563617951463 -0.0253543285868 0)
(0.565382983452 -0.030448339064 0)
(0.567445329132 -0.0355444824569 0)
(0.569812114786 -0.0406237215756 0)
(0.572490003394 -0.0456639436435 0)
(0.575484906757 -0.050639676045 0)
(0.57880164582 -0.0555218317886 0)
(0.582443555458 -0.0602774993068 0)
(0.586412031287 -0.0648697941789 0)
(0.590706018099 -0.0692577934077 0)
(0.59532144233 -0.0733965758053 0)
(0.600250594787 -0.0772373946011 0)
(0.605481474726 -0.0807280101766 0)
(0.61099711239 -0.0838132114251 0)
(0.616774894171 -0.0864355530431 0)
(0.622785922529 -0.0885363324469 0)
(0.628994451243 -0.0900568232907 0)
(0.635357444895 -0.0909397720892 0)
(0.641824318724 -0.0911311497103 0)
(0.648336920016 -0.0905821302862 0)
(0.654829813354 -0.0892512466562 0)
(0.661230927895 -0.0871066447375 0)
(0.6674626135 -0.0841283310514 0)
(0.673443132798 -0.0803102808438 0)
(0.67908858748 -0.0756622526825 0)
(0.684315239765 -0.0702111437659 0)
(0.689042146463 -0.06400172335 0)
(0.693193977554 -0.0570966040004 0)
(0.696703850156 -0.0495753541337 0)
(0.699515979653 -0.0415327196164 0)
(0.701587940491 -0.0330760019593 0)
(0.70289234583 -0.0243217262752 0)
(0.703417800057 -0.0153918097661 0)
(0.703169046054 -0.00640949576609 0)
(0.702166308191 0.00250466095785 0)
(0.700443909077 0.0112364863335 0)
(0.698048302245 0.0196813306995 0)
(0.695035705466 0.0277465073242 0)
(0.691469534883 0.0353529492032 0)
(0.687417829467 0.0424360848239 0)
(0.682950824901 0.0489459968295 0)
(0.678138794724 0.054846971296 0)
(0.673050232543 0.0601165688757 0)
(0.667750408416 0.0647443547946 0)
(0.662300299101 0.0687304168684 0)
(0.65675586724 0.0720837841098 0)
(0.651167648649 0.074820837472 0)
(0.645580598679 0.0769637821996 0)
(0.64003414629 0.0785392304936 0)
(0.634562406463 0.0795769251051 0)
(0.629194506274 0.0801086196679 0)
(0.623954986106 0.0801671201453 0)
(0.618864244119 0.0797854834429 0)
(0.613938998675 0.0789963635982 0)
(0.609192749397 0.0778314924974 0)
(0.604636222803 0.0763212803129 0)
(0.600277792885 0.0744945203479 0)
(0.596123870581 0.0723781833547 0)
(0.592179258899 0.0699972873548 0)
(0.588447472599 0.0673748302968 0)
(0.584931022886 0.0645317743705 0)
(0.581631668628 0.0614870723286 0)
(0.578550636333 0.0582577276675 0)
(0.575688811476 0.0548588819233 0)
(0.573046903957 0.0513039236352 0)
(0.570625590447 0.0476046146836 0)
(0.568425636242 0.0437712307287 0)
(0.566447999049 0.0398127133635 0)
(0.564693916811 0.0357368323533 0)
(0.563164981398 0.031550356976 0)
(0.561863199596 0.0272592360094 0)
(0.560791042504 0.0228687863478 0)
(0.548611086484 0.0190517862263 0)
(0.548107526084 0.014248330191 0)
(0.547824135179 0.00935555206316 0)
(0.547765276386 0.00437768986559 0)
(0.547936010513 -0.000680549595348 0)
(0.548342083726 -0.00581372441665 0)
(0.548989900845 -0.0110153763236 0)
(0.549886482137 -0.0162777339871 0)
(0.55103940033 -0.0215914010719 0)
(0.552456693934 -0.0269450299456 0)
(0.554146752347 -0.0323249830273 0)
(0.556118167581 -0.0377149850808 0)
(0.558379546902 -0.0430957714334 0)
(0.560939280278 -0.0484447391311 0)
(0.563805256254 -0.0537356104802 0)
(0.566984520013 -0.0589381212901 0)
(0.570482867822 -0.064017749379 0)
(0.574304373208 -0.0689355025257 0)
(0.578450842025 -0.0736477889029 0)
(0.582921196379 -0.0781063969314 0)
(0.587710791385 -0.0822586151868 0)
(0.592810673977 -0.0860475260247 0)
(0.598206799838 -0.0894125084628 0)
(0.603879232769 -0.0922899858569 0)
(0.609801360534 -0.0946144512088 0)
(0.61593917189 -0.0963197966281 0)
(0.62225065069 -0.0973409625803 0)
(0.628685353321 -0.0976159062378 0)
(0.635184244146 -0.0970878659461 0)
(0.641679867916 -0.0957078704937 0)
(0.648096936223 -0.0934374083194 0)
(0.654353394557 -0.090251134959 0)
(0.66036201518 -0.0861394602525 0)
(0.666032527502 -0.0811108250075 0)
(0.67127425185 -0.0751934562255 0)
(0.675999146736 -0.0684363877525 0)
(0.680125119146 -0.0609095560722 0)
(0.683579390233 -0.052702833387 0)
(0.686301665733 -0.0439239421476 0)
(0.688246842732 -0.0346953010251 0)
(0.689387002382 -0.0251499695055 0)
(0.689712497013 -0.0154269666251 0)
(0.689232033006 -0.0056663139147 0)
(0.687971758215 0.00399582242312 0)
(0.685973465003 0.013431538784 0)
(0.683292103374 0.0225248648988 0)
(0.679992851843 0.0311745098273 0)
(0.676148007887 0.0392956068748 0)
(0.671833937205 0.0468204846194 0)
(0.667128273093 0.0536985711215 0)
(0.662107497876 0.0598955888288 0)
(0.656844978869 0.0653922197048 0)
(0.651409479609 0.0701824187683 0)
(0.645864127206 0.0742715365477 0)
(0.640265789693 0.0776743840083 0)
(0.634664801979 0.0804133431708 0)
(0.629104973309 0.0825165970737 0)
(0.623623810228 0.0840165265141 0)
(0.618252894644 0.0849482993538 0)
(0.613018364665 0.0853486613878 0)
(0.607941454889 0.0852549255414 0)
(0.603039061818 0.0847041478824 0)
(0.598324308322 0.083732473848 0)
(0.593807088349 0.0823746354841 0)
(0.58949457909 0.0806635797038 0)
(0.585391712737 0.0786302080398 0)
(0.581501603778 0.0763032096536 0)
(0.577825930619 0.0737089711281 0)
(0.574365272393 0.0708715485612 0)
(0.571119403248 0.067812689524 0)
(0.568087547242 0.0645518944264 0)
(0.565268597534 0.0611065086877 0)
(0.562661303685 0.0574918387751 0)
(0.560264430899 0.0537212866677 0)
(0.558076894845 0.0498064985996 0)
(0.556097875409 0.0457575250489 0)
(0.554326912379 0.041582989895 0)
(0.552763985693 0.0372902674707 0)
(0.55140958242 0.0328856668969 0)
(0.550264752278 0.0283746236467 0)
(0.549331153005 0.0237618987288 0)
(0.53682005499 0.0196075273196 0)
(0.536419909413 0.0145961697007 0)
(0.536217745598 0.00949164075318 0)
(0.536217655655 0.00429740684206 0)
(0.536424574683 -0.000982593298555 0)
(0.536844276238 -0.00634367046205 0)
(0.537483356195 -0.01178008947 0)
(0.538349202188 -0.0172847551843 0)
(0.539449945091 -0.0228488794863 0)
(0.540794388259 -0.0284616294456 0)
(0.542391909426 -0.0341097579434 0)
(0.544252329386 -0.0397772193728 0)
(0.546385740734 -0.045444774786 0)
(0.54880228932 -0.0510895930385 0)
(0.551511900445 -0.0566848571552 0)
(0.554523941613 -0.0621993883678 0)
(0.55784681378 -0.0675973040336 0)
(0.561487463762 -0.0728377299628 0)
(0.565450812049 -0.0778745924364 0)
(0.569739092881 -0.0826565202465 0)
(0.574351107416 -0.0871268921429 0)
(0.579281396447 -0.0912240696861 0)
(0.584519346571 -0.094881859079 0)
(0.590048253239 -0.0980302472651 0)
(0.595844375663 -0.100596456394 0)
(0.60187603181 -0.102506355465 0)
(0.608102796179 -0.103686257218 0)
(0.614474877494 -0.104065110853 0)
(0.620932766186 -0.103577075828 0)
(0.627407250344 -0.102164428303 0)
(0.633819900629 -0.0997807102348 0)
(0.640084116208 -0.0963939835265 0)
(0.64610680188 -0.0919900018527 0)
(0.651790708331 -0.086575066728 0)
(0.657037412119 -0.0801783004929 0)
(0.661750841067 -0.0728530571261 0)
(0.66584117041 -0.0646772126538 0)
(0.669228835858 -0.0557521383362 0)
(0.67184834634 -0.0462002637015 0)
(0.67365154751 -0.036161276772 0)
(0.674610003912 -0.025787170552 0)
(0.674716245522 -0.0152364991814 0)
(0.673983754069 -0.00466831096098 0)
(0.672445712059 0.0057637468945 0)
(0.670152672005 0.0159166957271 0)
(0.66716941178 0.025662501562 0)
(0.663571309259 0.0348911351601 0)
(0.659440579613 0.043512348934 0)
(0.654862676044 0.0514562426422 0)
(0.649923080435 0.0586727890484 0)
(0.644704626083 0.0651305460164 0)
(0.639285415725 0.0708147975235 0)
(0.633737333684 0.0757253522031 0)
(0.628125105077 0.0798741953741 0)
(0.622505827366 0.0832831492544 0)
(0.616928887052 0.0859816538233 0)
(0.611436173111 0.0880047423855 0)
(0.606062505076 0.0893912538079 0)
(0.60083620409 0.090182298389 0)
(0.595779747562 0.0904199760837 0)
(0.5909104604 0.0901463334584 0)
(0.586241207287 0.0894025381858 0)
(0.58178106049 0.0882282459818 0)
(0.577535926055 0.0866611336463 0)
(0.573509117941 0.0847365724509 0)
(0.569701874863 0.0824874178605 0)
(0.566113818432 0.0799438939853 0)
(0.562743353965 0.0771335538673 0)
(0.559588017171 0.0740812994689 0)
(0.556644771066 0.0708094478845 0)
(0.55391025809 0.0673378327463 0)
(0.551381012612 0.0636839319932 0)
(0.549053638949 0.0598630150953 0)
(0.546924959767 0.0558883044902 0)
(0.544992139377 0.051771147404 0)
(0.543252785955 0.0475211954131 0)
(0.541705036265 0.0431465901034 0)
(0.540347625923 0.0386541540059 0)
(0.539179947764 0.0340495866604 0)
(0.538202100363 0.0293376662193 0)
(0.537414928265 0.024522457447 0)
(0.52463910746 0.0200468134866 0)
(0.524345213028 0.0148506529241 0)
(0.524224844889 0.00955782421925 0)
(0.524281792766 0.00417088437902 0)
(0.524520824293 -0.00130714122742 0)
(0.524947689854 -0.00687247148545 0)
(0.525569118529 -0.0125202622276 0)
(0.52639280223 -0.0182442771772 0)
(0.527427364336 -0.0240365358036 0)
(0.528682308195 -0.0298869374607 0)
(0.530167939977 -0.0357828621773 0)
(0.531895259267 -0.0417087498098 0)
(0.533875809807 -0.0476456610455 0)
(0.536121481738 -0.0535708260185 0)
(0.538644255793 -0.0594571891735 0)
(0.541455879175 -0.0652729625588 0)
(0.544567462553 -0.0709812039932 0)
(0.547988987848 -0.0765394415827 0)
(0.551728717551 -0.0818993718006 0)
(0.555792498619 -0.0870066646727 0)
(0.560182957708 -0.0918009162739 0)
(0.564898590229 -0.0962157952825 0)
(0.569932753699 -0.100179436112 0)
(0.575272586469 -0.103615135198 0)
(0.580897886351 -0.106442408105 0)
(0.586779999766 -0.108578461696 0)
(0.592880790289 -0.109940125897 0)
(0.599151774814 -0.110446271574 0)
(0.605533533956 -0.110020713122 0)
(0.611955518158 -0.108595555056 0)
(0.618336378385 -0.106114891227 0)
(0.624584945938 -0.102538704634 0)
(0.630601964912 -0.0978467493203 0)
(0.636282638812 -0.092042130587 0)
(0.641519986978 -0.0851542464243 0)
(0.646208917458 -0.0772407256323 0)
(0.650250816993 -0.0683880124049 0)
(0.653558349915 -0.058710316803 0)
(0.65606006526 -0.0483467807047 0)
(0.657704356911 -0.0374568936141 0)
(0.65846233123 -0.0262144172176 0)
(0.65832923969 -0.0148003036277 0)
(0.65732432098 -0.00339523940126 0)
(0.655489101578 0.00782752967984 0)
(0.652884376841 0.0187085017332 0)
(0.649586234472 0.0291068848149 0)
(0.64568157032 0.0389039586131 0)
(0.641263548215 0.048004790698 0)
(0.636427379241 0.0563384526465 0)
(0.631266682067 0.0638570012197 0)
(0.625870568188 0.0705335451576 0)
(0.620321493223 0.0763597205831 0)
(0.614693837733 0.0813428634381 0)
(0.60905313102 0.085503112846 0)
(0.603455806047 0.0888706189525 0)
(0.597949367093 0.0914829720112 0)
(0.592572857933 0.0933829212486 0)
(0.587357531712 0.0946164142091 0)
(0.582327640386 0.0952309596462 0)
(0.577501278765 0.0952742983316 0)
(0.572891234259 0.0947933547068 0)
(0.568505807386 0.0938334363697 0)
(0.564349579757 0.0924376464129 0)
(0.560424115494 0.0906464743441 0)
(0.556728589137 0.0884975336997 0)
(0.553260338336 0.0860254177857 0)
(0.550015343297 0.0832616487039 0)
(0.546988637377 0.0802346985912 0)
(0.544174654737 0.0769700655941 0)
(0.541567521673 0.0734903903821 0)
(0.539161298546 0.0698156019121 0)
(0.536950179043 0.0659630836839 0)
(0.534928653191 0.0619478538641 0)
(0.533091640009 0.0577827544656 0)
(0.53143459509 0.0534786462607 0)
(0.529953597792 0.0490446073347 0)
(0.528645422079 0.0444881341938 0)
(0.527507594449 0.039815345163 0)
(0.526538441771 0.0350311864672 0)
(0.525737131331 0.0301396419316 0)
(0.525103704818 0.0251439476724 0)
(0.512132857868 0.0203660259754 0)
(0.511947322662 0.0150104443965 0)
(0.511908553016 0.00955507859604 0)
(0.512019998722 0.00400145071041 0)
(0.512286208382 -0.00164846116164 0)
(0.512712844536 -0.00739192924606 0)
(0.513306693063 -0.0132251599011 0)
(0.514075663948 -0.0191429523173 0)
(0.515028779615 -0.0251383298745 0)
(0.516176146019 -0.0312021425374 0)
(0.517528900615 -0.0373226395792 0)
(0.519099130058 -0.0434850131929 0)
(0.520899749193 -0.0496709152971 0)
(0.52294433154 -0.0558579521473 0)
(0.525246880116 -0.0620191643585 0)
(0.527821526251 -0.0681225037614 0)
(0.530682143136 -0.0741303232252 0)
(0.533841860462 -0.0799989013149 0)
(0.537312466937 -0.0856780304076 0)
(0.541103689098 -0.0911107046145 0)
(0.54522233815 -0.0962329523514 0)
(0.549671322001 -0.100973867237 0)
(0.55444852795 -0.105255899503 0)
(0.559545592951 -0.108995477246 0)
(0.564946593648 -0.112104031143 0)
(0.570626707402 -0.114489495821 0)
(0.576550918141 -0.116058353539 0)
(0.582672865901 -0.116718268509 0)
(0.588933964452 -0.116381330388 0)
(0.595262934197 -0.114967880785 0)
(0.601575912924 -0.112410835924 0)
(0.607777309288 -0.108660342564 0)
(0.613761546251 -0.103688516872 0)
(0.619415797421 -0.0974939251926 0)
(0.624623742835 -0.0901053847419 0)
(0.629270260366 -0.0815846100599 0)
(0.633246830537 -0.07202723121 0)
(0.636457283978 -0.0615617850792 0)
(0.638823388552 -0.0503464418932 0)
(0.640289682446 -0.0385634686874 0)
(0.640826947285 -0.0264117427258 0)
(0.640433851123 -0.0140979723852 0)
(0.639136573606 -0.00182749757497 0)
(0.6369865132 0.0102044649335 0)
(0.634056384959 0.0218203714291 0)
(0.630435195044 0.0328660947094 0)
(0.626222703105 0.0432145424509 0)
(0.621523969575 0.0527671661153 0)
(0.61644445033 0.0614536242485 0)
(0.611085928964 0.0692300009402 0)
(0.605543416213 0.0760760259965 0)
(0.599903016345 0.0819917201073 0)
(0.594240670572 0.0869938212689 0)
(0.588621637472 0.0911122634029 0)
(0.583100552439 0.094386893397 0)
(0.577721912127 0.0968645392554 0)
(0.572520846648 0.0985964838405 0)
(0.56752406498 0.099636356111 0)
(0.562750883077 0.100038422987 0)
(0.558214266758 0.0998562473679 0)
(0.553921841147 0.0991416686785 0)
(0.549876834674 0.0979440591436 0)
(0.546078938551 0.0963098098209 0)
(0.542525072351 0.0942820037046 0)
(0.539210053483 0.0919002378187 0)
(0.536127173259 0.0892005613873 0)
(0.533268685516 0.0862155023614 0)
(0.530626215644 0.0829741594871 0)
(0.528191098835 0.0795023415419 0)
(0.525954656606 0.0758227392589 0)
(0.52390842042 0.0719551187939 0)
(0.522044310738 0.0679165283889 0)
(0.520354779073 0.0637215122011 0)
(0.518832919886 0.0593823271549 0)
(0.5174725583 0.05490916021 0)
(0.516268318837 0.0503103446551 0)
(0.515215679586 0.0455925750277 0)
(0.514311015544 0.0407611210432 0)
(0.513551634151 0.0358200415338 0)
(0.512935805481 0.0307723999125 0)
(0.512462788949 0.0256204830741 0)
(0.49936966791 0.0205622850135 0)
(0.49929383445 0.015074968548 0)
(0.499335697196 0.00948516473656 0)
(0.499498322264 0.00379325172855 0)
(0.49978597712 -0.0019999578048 0)
(0.500204156693 -0.00789291998777 0)
(0.500759607374 -0.0138830380783 0)
(0.501460346048 -0.0199663123425 0)
(0.502315670423 -0.0261369582515 0)
(0.503336155789 -0.0323869902664 0)
(0.504533632114 -0.0387057692451 0)
(0.50592113397 -0.0450795126437 0)
(0.507512814182 -0.0514907683211 0)
(0.509323810383 -0.0579178550067 0)
(0.511370051849 -0.0643342755174 0)
(0.513667992223 -0.0707081127924 0)
(0.516234252127 -0.0770014238933 0)
(0.519085154487 -0.0831696534917 0)
(0.522236134944 -0.0891610961215 0)
(0.525701010484 -0.0949164456637 0)
(0.529491091881 -0.100368481036 0)
(0.533614130425 -0.105441948545 0)
(0.538073097512 -0.110053713168 0)
(0.542864807702 -0.114113262072 0)
(0.54797841264 -0.117523652324 0)
(0.553393815252 -0.120182998666 0)
(0.559080080879 -0.121986593506 0)
(0.564993953653 -0.122829736238 0)
(0.571078620583 -0.122611318762 0)
(0.577262898715 -0.121238164749 0)
(0.583461047057 -0.118630048997 0)
(0.589573417139 -0.114725229584 0)
(0.595488145136 -0.109486212537 0)
(0.601084044679 -0.102905344952 0)
(0.606234773413 -0.0950097134427 0)
(0.610814211956 -0.0858647348367 0)
(0.614702814616 -0.0755757998025 0)
(0.617794490883 -0.0642874062118 0)
(0.620003393828 -0.0521794150133 0)
(0.621269847141 -0.0394603620583 0)
(0.621564573004 -0.0263581818661 0)
(0.620890555822 -0.0131092551194 0)
(0.619282334875 5.29793073993e-05 0)
(0.616802931585 0.0129087188909 0)
(0.613538825517 0.0252608478116 0)
(0.609593613496 0.0369415439656 0)
(0.605081191029 0.0478160547943 0)
(0.60011925187 0.0577837733389 0)
(0.594823661365 0.0667770677819 0)
(0.589304003225 0.0747584563609 0)
(0.583660388133 0.0817167385557 0)
(0.577981455494 0.0876626263565 0)
(0.572343402191 0.0926243036675 0)
(0.566809829495 0.096643214974 0)
(0.561432196132 0.0997702703289 0)
(0.556250685612 0.102062562537 0)
(0.551295326854 0.103580625607 0)
(0.546587241034 0.104386218498 0)
(0.542139919589 0.104540590678 0)
(0.537960466227 0.104103171675 0)
(0.534050758709 0.10313062161 0)
(0.53040850409 0.101676180619 0)
(0.52702817465 0.0997892595677 0)
(0.523901821412 0.0975152209194 0)
(0.521019768885 0.0948953058113 0)
(0.518371198909 0.0919666706049 0)
(0.51594463404 0.0887625029248 0)
(0.513728332013 0.0853121932508 0)
(0.511710603155 0.0816415433909 0)
(0.509880062178 0.0777729976047 0)
(0.508225825086 0.0737258858378 0)
(0.506737660899 0.069516671534 0)
(0.505406106893 0.0651591988991 0)
(0.5042225549 0.0606649364128 0)
(0.503179315244 0.0560432148885 0)
(0.502269663857 0.0513014595563 0)
(0.501487877277 0.0464454165624 0)
(0.500829259393 0.0414793749963 0)
(0.500290163135 0.0364063861114 0)
(0.499868009599 0.0312284818567 0)
(0.499561306582 0.0259468952002 0)
(0.486421444319 0.0206335016842 0)
(0.486455861359 0.0150444244211 0)
(0.486576632933 0.00935060617888 0)
(0.486786391248 0.00355119270294 0)
(0.487089049632 -0.00235426664394 0)
(0.487489840061 -0.00836552294303 0)
(0.487995352496 -0.0144813044531 0)
(0.488613573437 -0.0206989616471 0)
(0.489353920073 -0.0270140762983 0)
(0.490227265322 -0.0334200306664 0)
(0.491245947654 -0.039907533404 0)
(0.492423758023 -0.0464640997402 0)
(0.493775894379 -0.0530734849398 0)
(0.495318872166 -0.0597150721269 0)
(0.497070376928 -0.0663632184984 0)
(0.49904904274 -0.0729865679716 0)
(0.501274137787 -0.07954734362 0)
(0.503765136331 -0.0860006401429 0)
(0.506541154684 -0.0922937452927 0)
(0.509620228444 -0.0983655298226 0)
(0.513018409421 -0.104145958162 0)
(0.516748664579 -0.109555786452 0)
(0.520819566654 -0.114506530245 0)
(0.525233778181 -0.11890080002 0)
(0.529986348587 -0.122633116926 0)
(0.535062868721 -0.125591331144 0)
(0.540437559304 -0.12765876744 0)
(0.546071408854 -0.12871721196 0)
(0.551910520938 -0.128650825835 0)
(0.557884876174 -0.127351018677 0)
(0.563907754942 -0.124722233653 0)
(0.569876092865 -0.120688482604 0)
(0.575672041092 -0.115200326322 0)
(0.581165963891 -0.108241829641 0)
(0.586221012841 -0.0998368507107 0)
(0.590699256428 -0.0900538780456 0)
(0.594469112938 -0.0790085571033 0)
(0.597413566386 -0.0668631170328 0)
(0.599438406933 -0.0538221488755 0)
(0.600479526536 -0.0401245407022 0)
(0.600508087659 -0.0260319064067 0)
(0.599532576121 -0.0118148131905 0)
(0.59759756651 0.00226133498547 0)
(0.594779641642 0.0159493402906 0)
(0.591180976705 0.0290310708384 0)
(0.586921362424 0.0413250132296 0)
(0.582129848122 0.0526900159517 0)
(0.576937081661 0.0630255936956 0)
(0.571468979509 0.072269544659 0)
(0.565841993092 0.0803937315244 0)
(0.560159978802 0.0873988437533 0)
(0.554512499181 0.0933088227828 0)
(0.548974286687 0.0981654455055 0)
(0.543605578089 0.102023381029 0)
(0.538453049315 0.104945889236 0)
(0.533551123033 0.107001222668 0)
(0.528923469416 0.108259721516 0)
(0.52458456629 0.108791547868 0)
(0.520541224646 0.108664982541 0)
(0.516794017847 0.107945199314 0)
(0.513338578046 0.10669343216 0)
(0.510166741968 0.10496645726 0)
(0.507267541615 0.102816320632 0)
(0.504628044452 0.100290252298 0)
(0.502234053411 0.0974307179427 0)
(0.500070680332 0.0942755683722 0)
(0.498122807943 0.0908582553662 0)
(0.496375455739 0.0872080896911 0)
(0.494814064583 0.0833505229989 0)
(0.493424713729 0.0793074402553 0)
(0.492194282686 0.0750974532718 0)
(0.491110568858 0.0707361890374 0)
(0.490162370478 0.0662365689643 0)
(0.489339542984 0.0616090770301 0)
(0.48863303573 0.0568620162229 0)
(0.488034914818 0.0520017537591 0)
(0.487538376833 0.0470329563607 0)
(0.487137757413 0.0419588174908 0)
(0.486828537839 0.0367812789073 0)
(0.486607352167 0.0315012492747 0)
(0.486471996855 0.0261188228713 0)
(0.473363376193 0.020578422442 0)
(0.473507781257 0.0149197877107 0)
(0.473705008026 0.0091546489007 0)
(0.473957198093 0.0032808558952 0)
(0.474267826896 -0.00270337829677 0)
(0.474641752661 -0.00879918632995 0)
(0.475085271379 -0.0150067258904 0)
(0.47560617552 -0.021324824389 0)
(0.476213813213 -0.0277505836604 0)
(0.476919143483 -0.0342789394323 0)
(0.477734781669 -0.0409021706468 0)
(0.478675027457 -0.0476093543746 0)
(0.47975586587 -0.0543857632143 0)
(0.480994929171 -0.0612122038735 0)
(0.482411404862 -0.0680642983358 0)
(0.484025871927 -0.0749117128941 0)
(0.485860044201 -0.0817173456901 0)
(0.487936396565 -0.0884364906146 0)
(0.490277646782 -0.0950160048572 0)
(0.492906063834 -0.10139351938 0)
(0.495842573211 -0.107496746378 0)
(0.499105631817 -0.113242955384 0)
(0.502709851167 -0.118538709697 0)
(0.506664358917 -0.123279976409 0)
(0.5109709071 -0.127352744574 0)
(0.515621762483 -0.130634304184 0)
(0.520597451344 -0.132995349211 0)
(0.525864478191 -0.134303065089 0)
(0.531373193987 -0.134425337275 0)
(0.537056050536 -0.133236164485 0)
(0.542826536239 -0.13062226966 0)
(0.548579133116 -0.126490767618 0)
(0.554190650645 -0.12077756957 0)
(0.559523261253 -0.113455988258 0)
(0.564429465904 -0.104544770575 0)
(0.568759031249 -0.094114559047 0)
(0.57236764149 -0.0822916352853 0)
(0.575126645153 -0.0692578486686 0)
(0.57693299951 -0.0552459521011 0)
(0.577718271228 -0.0405299408512 0)
(0.577454986306 -0.025410490957 0)
(0.576158731175 -0.0101974454274 0)
(0.573886037151 0.00480763566851 0)
(0.570729050439 0.019327260715 0)
(0.566807473304 0.033121076661 0)
(0.562258571768 0.0459944525996 0)
(0.557227002635 0.0578018429577 0)
(0.551855954647 0.0684458223921 0)
(0.546280233367 0.0778730007382 0)
(0.540621440876 0.086067992763 0)
(0.534985126755 0.0930465082109 0)
(0.529459594157 0.0988483905004 0)
(0.524115963886 0.103531147505 0)
(0.519009112861 0.107164273376 0)
(0.514179162274 0.10982448333 0)
(0.50965326079 0.111591866833 0)
(0.505447474251 0.112546894563 0)
(0.50156865001 0.112768177878 0)
(0.498016169644 0.112330865414 0)
(0.494783538987 0.111305561627 0)
(0.491859790219 0.109757660558 0)
(0.489230689098 0.107747000726 0)
(0.486879752702 0.105327761203 0)
(0.484789090815 0.10254853295 0)
(0.48294008847 0.0994525124497 0)
(0.481313949152 0.0960777761451 0)
(0.479892118428 0.0924576039401 0)
(0.478656607021 0.0886208281364 0)
(0.477590230831 0.0845921907515 0)
(0.476676783649 0.0803926973816 0)
(0.475901156338 0.0760399598368 0)
(0.475249414371 0.0715485228889 0)
(0.474708843803 0.0669301728036 0)
(0.474267974149 0.0621942270675 0)
(0.473916585202 0.0573478059841 0)
(0.47364570358 0.0523960877217 0)
(0.473447593726 0.0473425490605 0)
(0.473315747222 0.0421891945592 0)
(0.47324487347 0.0369367772103 0)
(0.473230894202 0.0315850139296 0)
(0.473270943707 0.0261327994566 0)
(0.460273607402 0.0203966645047 0)
(0.460526921435 0.0147027988061 0)
(0.460797463847 0.00890120191233 0)
(0.461086822896 0.00298839339245 0)
(0.461397942338 -0.00303879388704 0)
(0.461735181337 -0.00918293142127 0)
(0.462104384765 -0.0154456815718 0)
(0.462512962013 -0.021827446818 0)
(0.462969971551 -0.0283269753776 0)
(0.463486207329 -0.0349409166485 0)
(0.464074281634 -0.0416633199346 0)
(0.464748697235 -0.0484850702238 0)
(0.465525899412 -0.0553932555435 0)
(0.466424295755 -0.0623704618113 0)
(0.467464228445 -0.0693939933969 0)
(0.468667880028 -0.0764350211484 0)
(0.470059089529 -0.0834576647937 0)
(0.471663051414 -0.090418023904 0)
(0.47350586548 -0.0972631815249 0)
(0.475613901971 -0.103930217685 0)
(0.478012943704 -0.110345286802 0)
(0.480727066931 -0.116422833827 0)
(0.483777226507 -0.122065048774 0)
(0.487179520682 -0.127161687462 0)
(0.490943128681 -0.131590416172 0)
(0.495067942788 -0.135217866488 0)
(0.49954195812 -0.137901608848 0)
(0.504338539174 -0.139493261972 0)
(0.509413751966 -0.139842940599 0)
(0.514704030377 -0.13880519413 0)
(0.520124526681 -0.13624649121 0)
(0.525568564832 -0.132054149411 0)
(0.53090865127 -0.12614638966 0)
(0.53599947999 -0.118482917295 0)
(0.540683273635 -0.109075111757 0)
(0.544797591482 -0.0979945719487 0)
(0.548185343282 -0.0853784882626 0)
(0.550706224808 -0.0714303220208 0)
(0.55224853319 -0.0564147885632 0)
(0.552740272835 -0.0406464957712 0)
(0.552157036439 -0.0244713922457 0)
(0.550523745821 -0.00824408185029 0)
(0.547910955432 0.00769348807903 0)
(0.544428127666 0.0230307377339 0)
(0.540213848494 0.0375043473772 0)
(0.535423360538 0.0509080042491 0)
(0.530216294827 0.063094737405 0)
(0.524746751932 0.0739739774408 0)
(0.519156087311 0.0835051781519 0)
(0.513568306623 0.0916895141313 0)
(0.508087779842 0.098561002992 0)
(0.502798779127 0.104178022134 0)
(0.497766295816 0.108615768838 0)
(0.493037666287 0.111959899528 0)
(0.488644644211 0.114301387771 0)
(0.484605655147 0.115732527231 0)
(0.480928049986 0.116343946961 0)
(0.477610237173 0.116222483206 0)
(0.474643621852 0.115449750579 0)
(0.472014315501 0.11410126672 0)
(0.469704604495 0.112246001996 0)
(0.467694182872 0.109946245499 0)
(0.465961165135 0.107257698132 0)
(0.464482900992 0.104229721604 0)
(0.463236616649 0.100905687959 0)
(0.462199907803 0.0973233877027 0)
(0.461351108464 0.0935154656405 0)
(0.460669557846 0.0895098624203 0)
(0.460135785195 0.085330246773 0)
(0.459731629866 0.0809964288023 0)
(0.459440311477 0.0765247487228 0)
(0.459246462573 0.071928438428 0)
(0.459136134173 0.0672179554073 0)
(0.459096782697 0.0624012900521 0)
(0.459117245196 0.0574842484288 0)
(0.459187708493 0.0524707132953 0)
(0.459299676744 0.0473628866063 0)
(0.459445941024 0.0421615170594 0)
(0.459620553807 0.0368661164407 0)
(0.459818810609 0.0314751686937 0)
(0.460037240583 0.0259863357746 0)
(0.447232840063 0.0200887405478 0)
(0.447593175216 0.0143959359463 0)
(0.44793326894 0.00859475841544 0)
(0.448254088358 0.00268039540744 0)
(0.448557943135 -0.00335171080544 0)
(0.44884855539 -0.00950559381614 0)
(0.449131144287 -0.0157844613482 0)
(0.449412524031 -0.0221903542264 0)
(0.449701213133 -0.0287237586743 0)
(0.450007551742 -0.0353831640997 0)
(0.45034382244 -0.042164558187 0)
(0.450724368033 -0.0490608509988 0)
(0.451165697607 -0.0560612200478 0)
(0.451686569147 -0.0631503691415 0)
(0.452308033501 -0.0703076955067 0)
(0.453053420148 -0.0775063626588 0)
(0.453948240231 -0.0847122811378 0)
(0.455019976667 -0.0918830062282 0)
(0.456297725126 -0.0989665717951 0)
(0.457811643722 -0.105900293213 0)
(0.459592164156 -0.112609590888 0)
(0.461668914055 -0.1190069098 0)
(0.464069301021 -0.124990840276 0)
(0.466816715809 -0.1304455808 0)
(0.469928328253 -0.135240923712 0)
(0.473412478458 -0.139232986399 0)
(0.477265711369 -0.142265948445 0)
(0.481469567987 -0.14417508046 0)
(0.485987332229 -0.144791350346 0)
(0.490761035439 -0.14394785144 0)
(0.495709131085 -0.141488195791 0)
(0.500725351799 -0.137276837255 0)
(0.505679322488 -0.131211021848 0)
(0.510419498285 -0.123233710516 0)
(0.514778904373 -0.113346400282 0)
(0.518583929606 -0.101620293552 0)
(0.521665898586 -0.0882037715415 0)
(0.523874273394 -0.0733240251342 0)
(0.525090185364 -0.0572817778713 0)
(0.52524008669 -0.0404385849021 0)
(0.524305806604 -0.0231927726608 0)
(0.522324885588 -0.00594904338226 0)
(0.519383790678 0.0109066951236 0)
(0.515610095123 0.0270283798016 0)
(0.511161444834 0.042129725883 0)
(0.506209973937 0.0559954548375 0)
(0.500927694056 0.0684813034461 0)
(0.495476065683 0.0795081850482 0)
(0.489999020015 0.0890529078285 0)
(0.484618963359 0.097137154503 0)
(0.479435356466 0.103816403501 0)
(0.474525178872 0.10916988046 0)
(0.469944583187 0.113292017312 0)
(0.465731211862 0.11628552727 0)
(0.46190681118 0.118256015595 0)
(0.458479894458 0.119307954692 0)
(0.455448291057 0.11954181517 0)
(0.452801480746 0.119052140221 0)
(0.450522659446 0.117926364794 0)
(0.448590515692 0.116244204456 0)
(0.446980720008 0.114077465638 0)
(0.445667144219 0.111490155832 0)
(0.444622836455 0.108538797171 0)
(0.44382078186 0.105272868754 0)
(0.443234480153 0.101735321537 0)
(0.442838370232 0.097963124874 0)
(0.442608129729 0.093987815865 0)
(0.442520874481 0.0898360321549 0)
(0.442555279613 0.0855300160294 0)
(0.442691640694 0.0810880829848 0)
(0.442911890368 0.0765250518271 0)
(0.443199583125 0.0718526360721 0)
(0.443539858513 0.0670797982625 0)
(0.443919391022 0.0622130700277 0)
(0.444326333257 0.0572568414642 0)
(0.444750257591 0.0522136238479 0)
(0.445182100429 0.0470842899274 0)
(0.445614112336 0.0418682961602 0)
(0.446039816569 0.0365638912983 0)
(0.446453978049 0.0311683157656 0)
(0.446852584363 0.0256779963177 0)
(0.434323866366 0.0196560714207 0)
(0.434788547428 0.0140023731517 0)
(0.435193880958 0.00824029807719 0)
(0.435540141529 0.00236373540206 0)
(0.435828895898 -0.00363323679967 0)
(0.43606308133 -0.00975609930352 0)
(0.436247102728 -0.0160096063263 0)
(0.436386947912 -0.0223974594523 0)
(0.436490319735 -0.0289219326135 0)
(0.436566782724 -0.0355834390743 0)
(0.436627920653 -0.0423800306425 0)
(0.436687499662 -0.0493068187197 0)
(0.43676162925 -0.0563553064818 0)
(0.436868910416 -0.0635126216279 0)
(0.437030556399 -0.0707606400539 0)
(0.437270466701 -0.0780749929206 0)
(0.437615229203 -0.0854239534072 0)
(0.438094018366 -0.0927672057151 0)
(0.438738349689 -0.100054508501 0)
(0.439581642306 -0.107224278945 0)
(0.440658533484 -0.114202143357 0)
(0.442003882061 -0.120899526847 0)
(0.4436513945 -0.127212389337 0)
(0.445631809952 -0.133020258687 0)
(0.44797059351 -0.138185763665 0)
(0.450685114612 -0.14255492744 0)
(0.453781336322 -0.145958540723 0)
(0.457250116381 -0.148214982302 0)
(0.461063325971 -0.149134877505 0)
(0.465170125063 -0.148527960066 0)
(0.469493883238 -0.146212403149 0)
(0.473930377389 -0.142026682669 0)
(0.478347991876 -0.135843709058 0)
(0.482590648045 -0.127586514596 0)
(0.486484090702 -0.117244246329 0)
(0.489845947626 -0.104886577857 0)
(0.492499278933 -0.0906737856716 0)
(0.494287563219 -0.0748592235282 0)
(0.495088846616 -0.0577835236733 0)
(0.494832297619 -0.0398624438491 0)
(0.493511967437 -0.0215548705453 0)
(0.491183179811 -0.00331941297377 0)
(0.487949173662 0.0144127539485 0)
(0.48395393865 0.0312584084641 0)
(0.479371920133 0.0469093555349 0)
(0.474388075046 0.0611459959196 0)
(0.4691807764 0.0738321136281 0)
(0.463912383901 0.08490521562 0)
(0.458723324815 0.0943639663559 0)
(0.453729058067 0.102254120769 0)
(0.449019720415 0.108655150661 0)
(0.444661569387 0.113668733388 0)
(0.440699396878 0.1174093846 0)
(0.437159395707 0.119997143835 0)
(0.434052164653 0.121552089058 0)
(0.431375645569 0.122190407464 0)
(0.429117856655 0.122021741308 0)
(0.427259340151 0.121147543486 0)
(0.425775284507 0.119660206586 0)
(0.424637312043 0.117642763756 0)
(0.42381494464 0.115168995332 0)
(0.423276773789 0.112303808846 0)
(0.422991368925 0.109103790188 0)
(0.422927960999 0.105617849399 0)
(0.423056938006 0.101887905652 0)
(0.423350186971 0.0979495728232 0)
(0.423781313465 0.0938328200628 0)
(0.424325765769 0.0895625915871 0)
(0.424960886701 0.085159377165 0)
(0.42566591226 0.0806397298891 0)
(0.42642193267 0.0760167313687 0)
(0.427211828353 0.0713004068101 0)
(0.428020190724 0.0664980938845 0)
(0.428833235563 0.0616147701124 0)
(0.429638714989 0.0566533438876 0)
(0.430425832692 0.0516149143919 0)
(0.431185165998 0.0464990056247 0)
(0.431908597549 0.0413037796677 0)
(0.432589258754 0.036026234172 0)
(0.433221486715 0.0306623889542 0)
(0.433800795997 0.0252074665306 0)
(0.421631027526 0.0191009859892 0)
(0.422196627004 0.0135259232534 0)
(0.422662434368 0.00784317191423 0)
(0.423027958668 0.00204539464939 0)
(0.423293911516 -0.00387462873118 0)
(0.423462291659 -0.00992376971093 0)
(0.423536492063 -0.0161082862911 0)
(0.423521429584 -0.0224335169566 0)
(0.423423696794 -0.0289035243488 0)
(0.423251734744 -0.0355206785276 0)
(0.423016024301 -0.0422851685596 0)
(0.42272929207 -0.0491944300374 0)
(0.422406724704 -0.0562424751423 0)
(0.422066182408 -0.0634191111958 0)
(0.42172839846 -0.070709033588 0)
(0.421417146446 -0.0780907799667 0)
(0.421159350386 -0.0855355351727 0)
(0.420985104915 -0.0930057814628 0)
(0.420927563167 -0.100453797137 0)
(0.421022639154 -0.107820020138 0)
(0.421308459897 -0.115031313246 0)
(0.421824491424 -0.121999196062 0)
(0.422610253956 -0.128618148152 0)
(0.423703538413 -0.134764139484 0)
(0.42513804344 -0.140293609523 0)
(0.426940376522 -0.145043194136 0)
(0.429126413051 -0.148830584734 0)
(0.431697093147 -0.151456985321 0)
(0.434633865138 -0.152711690359 0)
(0.437894158289 -0.152379309545 0)
(0.441407474875 -0.150250075976 0)
(0.445072901181 -0.146133446299 0)
(0.44875898279 -0.139874793241 0)
(0.452306903364 -0.131374398031 0)
(0.455537751442 -0.120607257981 0)
(0.458264525151 -0.107641458034 0)
(0.460308775434 -0.0926513969423 0)
(0.46151773496 -0.0759201110064 0)
(0.461775426162 -0.057830772298 0)
(0.461021922306 -0.0388616546114 0)
(0.459274976012 -0.0195422412816 0)
(0.45661652795 -0.000383995984761 0)
(0.453164303983 0.0181412525769 0)
(0.449071312619 0.0356120755437 0)
(0.444521983282 0.0517006360974 0)
(0.439704624325 0.0661907695423 0)
(0.434792029236 0.0789603312499 0)
(0.429936852895 0.0899679564075 0)
(0.42526757809 0.0992376231527 0)
(0.420886318984 0.106841423004 0)
(0.41686938428 0.112884015278 0)
(0.413269417143 0.117489935774 0)
(0.410118190119 0.120793657779 0)
(0.40742966338 0.122932066826 0)
(0.405203100165 0.124038997859 0)
(0.403426078224 0.124241483652 0)
(0.402077272156 0.123657376354 0)
(0.401128924283 0.122394032984 0)
(0.400548962329 0.120547794644 0)
(0.400302755496 0.118204032183 0)
(0.400354524946 0.115437574473 0)
(0.400668440446 0.112313376132 0)
(0.40120944323 0.108887317352 0)
(0.401943837778 0.105207058432 0)
(0.402839694162 0.101312895461 0)
(0.403867099241 0.097238582097 0)
(0.404998290511 0.0930120961407 0)
(0.406207701462 0.0886563396576 0)
(0.407471942417 0.0841897684472 0)
(0.408769736314 0.0796269514119 0)
(0.410081824879 0.0749790634276 0)
(0.411390857248 0.0702543171216 0)
(0.412681270299 0.0654583398903 0)
(0.413939167715 0.0605945028492 0)
(0.415152203066 0.0556642083932 0)
(0.416309470832 0.0506671428235 0)
(0.417401408329 0.0456015001802 0)
(0.418419710723 0.0404641830832 0)
(0.419357260853 0.0352509860597 0)
(0.420208075171 0.0299567665979 0)
(0.420967266925 0.0245756089935 0)
(0.409239600501 0.0184267076741 0)
(0.409901986697 0.0129709670747 0)
(0.410423153023 0.00740897231027 0)
(0.410801771098 0.00173227020921 0)
(0.411037585541 -0.00406755059637 0)
(0.411131502073 -0.00999865195325 0)
(0.411085701197 -0.01606870587 0)
(0.410903778342 -0.0222846132024 0)
(0.410590910973 -0.0286521717433 0)
(0.410154052676 -0.0351756827283 0)
(0.409602153229 -0.04185748321 0)
(0.40894640238 -0.0486973900643 0)
(0.408200492975 -0.0556920396882 0)
(0.407380896295 -0.0628341058553 0)
(0.406507138495 -0.0701113769997 0)
(0.405602061753 -0.0775056738016 0)
(0.404692046735 -0.0849915889357 0)
(0.403807163996 -0.0925350341221 0)
(0.402981210761 -0.100091586384 0)
(0.402251576137 -0.107604637329 0)
(0.401658862487 -0.115003368514 0)
(0.401246174401 -0.122200605205 0)
(0.401057971104 -0.129090643436 0)
(0.401138366676 -0.135547204813 0)
(0.401528760707 -0.141421753277 0)
(0.402264699068 -0.146542509503 0)
(0.403371913277 -0.150714618751 0)
(0.404861583396 -0.153722055002 0)
(0.406725028801 -0.155331953679 0)
(0.408928261908 -0.155302116984 0)
(0.411407136009 -0.153392373528 0)
(0.414064144288 -0.149380224852 0)
(0.416768181551 -0.143080689554 0)
(0.419358565158 -0.134369417894 0)
(0.421654263847 -0.123207185955 0)
(0.423469305839 -0.109663134305 0)
(0.424635432831 -0.0939320725574 0)
(0.425024007144 -0.0763339991475 0)
(0.424543731878 -0.057292853586 0)
(0.423160352171 -0.0373590336745 0)
(0.420937576485 -0.0171474783537 0)
(0.418000436358 0.00279136830858 0)
(0.414470644898 0.0219638987148 0)
(0.410490570914 0.0399079730411 0)
(0.406239859757 0.0562791846072 0)
(0.401891049589 0.0708782808411 0)
(0.397589134107 0.0836016164809 0)
(0.393461204592 0.0944304249901 0)
(0.38961353643 0.103414541574 0)
(0.386128604037 0.110651955716 0)
(0.383065659426 0.116271452914 0)
(0.380462675763 0.120419164449 0)
(0.378338683193 0.123248268137 0)
(0.376696400834 0.124911305795 0)
(0.375525078845 0.125554731836 0)
(0.374803371669 0.125315316901 0)
(0.374502063267 0.124318033235 0)
(0.374586513875 0.122675073308 0)
(0.375018754463 0.120485693436 0)
(0.375759204093 0.117836623101 0)
(0.376768021623 0.114802832816 0)
(0.378006126041 0.111448503235 0)
(0.379435931015 0.107828081824 0)
(0.38102184244 0.103987348958 0)
(0.382730565906 0.0999644427099 0)
(0.384531266437 0.0957908119398 0)
(0.386395617107 0.0914920818465 0)
(0.388297767082 0.0870888261911 0)
(0.39021425387 0.0825972470893 0)
(0.392123879356 0.0780297674286 0)
(0.394007564693 0.0733955433381 0)
(0.395848195453 0.0687009052758 0)
(0.397630465463 0.0639497366056 0)
(0.39934072544 0.0591437983437 0)
(0.400966840839 0.0542830082805 0)
(0.402498062027 0.0493656820724 0)
(0.403924909006 0.0443887432735 0)
(0.405239072268 0.0393479086903 0)
(0.406433330972 0.0342378549323 0)
(0.407501489366 0.0290523716366 0)
(0.408438332288 0.0237845065716 0)
(0.397235115231 0.0176373277836 0)
(0.39798951202 0.0123423705999 0)
(0.398560688816 0.00694339175287 0)
(0.398946412092 0.00143097168456 0)
(0.399145352571 -0.00420434362485 0)
(0.399157173601 -0.0099718612361 0)
(0.398982647418 -0.0158805285159 0)
(0.398623800893 -0.0219386805497 0)
(0.398084092307 -0.0281537377681 0)
(0.397368620353 -0.0345318421789 0)
(0.396484365951 -0.0410774186409 0)
(0.395440466426 -0.0477926453815 0)
(0.394248519889 -0.0546768155097 0)
(0.392922915164 -0.061725568704 0)
(0.391481178885 -0.0689299697704 0)
(0.389944326166 -0.0762754087451 0)
(0.388337193998 -0.0837402961903 0)
(0.386688726876 -0.0912945282269 0)
(0.385032171527 -0.0988976999387 0)
(0.383405121762 -0.106497054937 0)
(0.381849335249 -0.114025175725 0)
(0.380410221774 -0.121397447572 0)
(0.379135878624 -0.128509372607 0)
(0.37807552598 -0.135233876798 0)
(0.377277179896 -0.141418846947 0)
(0.376784403892 -0.14688526393 0)
(0.376632020971 -0.15142646326 0)
(0.376840771578 -0.154809245325 0)
(0.377411098086 -0.156777747288 0)
(0.378316545576 -0.157061124256 0)
(0.37949770091 -0.155386089562 0)
(0.380858127065 -0.151495119045 0)
(0.382264262468 -0.145170460117 0)
(0.383551325279 -0.13626281334 0)
(0.384536405636 -0.124721944544 0)
(0.385039900806 -0.110626042016 0)
(0.384920832007 -0.0942056921828 0)
(0.384115788886 -0.0758374856644 0)
(0.38259571154 -0.0559714907372 0)
(0.380378195215 -0.0352418546248 0)
(0.377615851306 -0.0143779004971 0)
(0.374509618846 0.00607651545646 0)
(0.371154749092 0.0256581570336 0)
(0.367638343991 0.0438518693624 0)
(0.364106869699 0.0602982289513 0)
(0.360680794991 0.0748405990248 0)
(0.357437047679 0.0873891845081 0)
(0.354456563488 0.097941379456 0)
(0.351813914368 0.106567672615 0)
(0.349568526913 0.113386970775 0)
(0.347763253865 0.118547957887 0)
(0.346424298442 0.122215226606 0)
(0.34556167521 0.124558481741 0)
(0.345170609034 0.125744393259 0)
(0.345233752174 0.125930874639 0)
(0.345723823343 0.12526344593 0)
(0.346606299682 0.123873274081 0)
(0.347841905298 0.121876482133 0)
(0.349388751014 0.119374355635 0)
(0.351204068278 0.116454133123 0)
(0.353245541379 0.113190135413 0)
(0.355472277534 0.109645054305 0)
(0.357845470115 0.105871277655 0)
(0.360328813442 0.101912171797 0)
(0.362888723841 0.0978032745803 0)
(0.365494414957 0.0935733748858 0)
(0.368117867602 0.0892454697319 0)
(0.370733726815 0.0848375998852 0)
(0.373319151881 0.0803635708814 0)
(0.375853638972 0.0758335696412 0)
(0.378318831061 0.0712546883372 0)
(0.380698325704 0.0666313674487 0)
(0.38297748816 0.0619657694983 0)
(0.385143274978 0.0572580941425 0)
(0.387184071487 0.0525068442885 0)
(0.389089545437 0.0477090518822 0)
(0.390850518243 0.0428604710625 0)
(0.392458854766 0.0379557455344 0)
(0.393907372296 0.03298855631 0)
(0.395189769252 0.0279517554297 0)
(0.396300574125 0.02283749089 0)
(0.385702607493 0.0167377663017 0)
(0.386543663869 0.0116453927395 0)
(0.387159390013 0.00645207490211 0)
(0.38754658731 0.00114761346183 0)
(0.387702755742 -0.00427829954741 0)
(0.387626178952 -0.00983592716789 0)
(0.387316038494 -0.0155353045782 0)
(0.3867725596 -0.0213860183095 0)
(0.385997190941 -0.0273969375985 0)
(0.38499282079 -0.0335758859427 0)
(0.383764031754 -0.0399292386123 0)
(0.382317395553 -0.0464614291256 0)
(0.38066180807 -0.053174344519 0)
(0.378808862864 -0.0600665856644 0)
(0.376773258021 -0.0671325650351 0)
(0.374573226352 -0.0743614104752 0)
(0.372230971786 -0.0817356401376 0)
(0.369773084789 -0.0892295716555 0)
(0.367230895995 -0.096807429066 0)
(0.364640709202 -0.104421115961 0)
(0.362043831776 -0.112007635758 0)
(0.359486291842 -0.119486164131 0)
(0.357018097565 -0.126754820871 0)
(0.354691856034 -0.133687257524 0)
(0.352560533507 -0.140129284767 0)
(0.350674118129 -0.145895922609 0)
(0.349074966056 -0.15076947724 0)
(0.347791711721 -0.154499528335 0)
(0.346831852106 -0.156806022782 0)
(0.346173521754 -0.157386951672 0)
(0.345757601979 -0.155932232564 0)
(0.345482196759 -0.152145264816 0)
(0.345202607532 -0.145772858756 0)
(0.344740534803 -0.136642267402 0)
(0.343904372366 -0.124700751793 0)
(0.342520350476 -0.110052583368 0)
(0.340491973742 -0.0929965261156 0)
(0.337902494393 -0.0740234449347 0)
(0.334857840724 -0.0535575140614 0)
(0.331479953329 -0.0323363325163 0)
(0.328089611362 -0.0112690664105 0)
(0.325029416189 0.00922696805167 0)
(0.322293205349 0.028845779064 0)
(0.319821661368 0.046974494799 0)
(0.317671772767 0.063228014176 0)
(0.315846763125 0.0775487517595 0)
(0.314283397469 0.0898252026989 0)
(0.312998057262 0.100049105811 0)
(0.312031700929 0.108297187766 0)
(0.311425623758 0.114697800305 0)
(0.311215202907 0.119411753477 0)
(0.311424782544 0.122617675246 0)
(0.312064379726 0.124499620307 0)
(0.313129195181 0.12523744209 0)
(0.314601212368 0.125000102142 0)
(0.316451860766 0.123941589179 0)
(0.318644981849 0.122198926523 0)
(0.321139628903 0.119891719907 0)
(0.323892455847 0.117122745926 0)
(0.326859607795 0.113979169657 0)
(0.329998124219 0.110534082623 0)
(0.33326691538 0.10684814821 0)
(0.336627389844 0.102971219221 0)
(0.340043809902 0.0989438489867 0)
(0.343483442869 0.0947986560185 0)
(0.346916565016 0.0905615272633 0)
(0.350316363804 0.0862526603936 0)
(0.353658774094 0.0818874545957 0)
(0.356922275398 0.0774772640279 0)
(0.360087670097 0.0730300300841 0)
(0.363137856816 0.0685508088154 0)
(0.366057608702 0.0640422090615 0)
(0.368833363061 0.0595047554897 0)
(0.37145302644 0.0549371891834 0)
(0.373905797557 0.0503367168417 0)
(0.376182009467 0.0456992181809 0)
(0.378272991605 0.0410194198344 0)
(0.380170952029 0.0362910429538 0)
(0.381868879987 0.0315069308198 0)
(0.383360468918 0.0266591620947 0)
(0.384640060125 0.0217391548623 0)
(0.374725814998 0.0157337213483 0)
(0.375647681852 0.010885587015 0)
(0.376302505589 0.00594046951682 0)
(0.376686074165 0.000887610310426 0)
(0.376794635573 -0.00428392660957 0)
(0.376624975792 -0.00958512956239 0)
(0.376174526136 -0.0150268871645 0)
(0.375441502965 -0.020619801263 0)
(0.374425083026 -0.0263739549747 0)
(0.373125617999 -0.0322986238873 0)
(0.371544891866 -0.0384019158772 0)
(0.369686424514 -0.0446903218008 0)
(0.36755582423 -0.0511681554776 0)
(0.365161190301 -0.0578368568267 0)
(0.362513564269 -0.0646941267865 0)
(0.359627424082 -0.0717328568549 0)
(0.356521208708 -0.0789398100479 0)
(0.353217850896 -0.0862940044132 0)
(0.34974528159 -0.0937647460581 0)
(0.346136849911 -0.101309257773 0)
(0.342431575995 -0.108869854764 0)
(0.338674118725 -0.11637063556 0)
(0.334914294499 -0.123713691525 0)
(0.331205925919 -0.130774904793 0)
(0.327604733533 -0.137399519624 0)
(0.324164922663 -0.143397860008 0)
(0.320934092672 -0.148541851714 0)
(0.317946164942 -0.152563404024 0)
(0.315212267896 -0.155156199052 0)
(0.312710018915 -0.155982960843 0)
(0.310372501139 -0.154690715908 0)
(0.308079634916 -0.150936719369 0)
(0.305656905631 -0.144427138715 0)
(0.302888902994 -0.134967876034 0)
(0.299552467291 -0.122519826522 0)
(0.295461343129 -0.107245310465 0)
(0.290556582216 -0.0895724488646 0)
(0.285231720074 -0.0702872420226 0)
(0.279844839048 -0.049589065498 0)
(0.274774364923 -0.0283739947762 0)
(0.27063288393 -0.00790939070731 0)
(0.268019693541 0.011806589138 0)
(0.266670923281 0.0309187466304 0)
(0.266222174271 0.0485620025432 0)
(0.266493077344 0.0642686055963 0)
(0.267275073091 0.0782552090718 0)
(0.268233928469 0.0902501572126 0)
(0.269331095837 0.100191321669 0)
(0.270593265346 0.108134055341 0)
(0.272065960206 0.114196889776 0)
(0.273800820003 0.118542859395 0)
(0.275841013178 0.121361254526 0)
(0.278212576841 0.122850519995 0)
(0.280922400892 0.123205062749 0)
(0.2839601746 0.122606451266 0)
(0.28730203478 0.121218373397 0)
(0.290914578574 0.119184461246 0)
(0.294758531214 0.116628117997 0)
(0.298791752396 0.113653603903 0)
(0.302971511042 0.110347805785 0)
(0.307256093038 0.106782287303 0)
(0.311605860766 0.103015365019 0)
(0.315983889692 0.0990940649384 0)
(0.320356292329 0.0950558874755 0)
(0.324692319162 0.0909303541149 0)
(0.32896430637 0.0867403353308 0)
(0.33314752352 0.0825031735931 0)
(0.337219960844 0.0782316221807 0)
(0.341162084863 0.0739346230233 0)
(0.344956582637 0.0696179467142 0)
(0.348588108318 0.0652847163307 0)
(0.352043040885 0.0609358344941 0)
(0.355309258422 0.056570330648 0)
(0.358375931913 0.052185643126 0)
(0.361233339988 0.0477778483644 0)
(0.36387270506 0.0433418476701 0)
(0.366286050782 0.0388715203142 0)
(0.368466080503 0.0343598503767 0)
(0.370406076358 0.0297990336952 0)
(0.372099818736 0.0251805704615 0)
(0.373541526048 0.0204953484319 0)
(0.364386326952 0.0146316090491 0)
(0.365382738095 0.010068701081 0)
(0.366071334795 0.00541368247805 0)
(0.366446858768 0.000655485115084 0)
(0.366504245987 -0.0042171967405 0)
(0.366238693742 -0.00921580916514 0)
(0.365645756186 -0.0143518174106 0)
(0.364721471746 -0.0196365531321 0)
(0.36346252638 -0.0250810205964 0)
(0.361866457167 -0.0306956502408 0)
(0.359931901169 -0.036489985141 0)
(0.357658894731 -0.0424722823998 0)
(0.355049228233 -0.0486490070603 0)
(0.35210686053 -0.0550241907185 0)
(0.348838395466 -0.0615986204492 0)
(0.345253619426 -0.0683688159213 0)
(0.34136609306 -0.0753257437055 0)
(0.337193781123 -0.0824532081171 0)
(0.332759690474 -0.0897258481847 0)
(0.328092466 -0.0971066618931 0)
(0.323226865145 -0.104543974345 0)
(0.318203990357 -0.11196777063 0)
(0.313071100301 -0.119285335577 0)
(0.307880739345 -0.126376196222 0)
(0.302688817551 -0.133086473878 0)
(0.297551148722 -0.139222958772 0)
(0.292517846722 -0.14454756917 0)
(0.287624966548 -0.148773392497 0)
(0.282882971549 -0.151564241964 0)
(0.278262140637 -0.152540560365 0)
(0.273676049968 -0.151295483672 0)
(0.268966177275 -0.147425826626 0)
(0.263894720835 -0.140583219687 0)
(0.258160165514 -0.130548394313 0)
(0.25145186991 -0.117320218563 0)
(0.243511511013 -0.101181883444 0)
(0.234196703816 -0.082768311963 0)
(0.224616189334 -0.0638447143537 0)
(0.215420711885 -0.0436041624589 0)
(0.207826679879 -0.0229711774019 0)
(0.202794299712 -0.00445449062153 0)
(0.201330992211 0.0131397833941 0)
(0.202643884825 0.0311537288602 0)
(0.205916839914 0.0476684245953 0)
(0.210209884269 0.0621941389413 0)
(0.215097777084 0.0759115465939 0)
(0.219673075274 0.0878074454974 0)
(0.223966576407 0.0976949482392 0)
(0.228056594576 0.105559040804 0)
(0.232047165811 0.111483784129 0)
(0.236053434718 0.115629278195 0)
(0.24017216587 0.118199266816 0)
(0.244468846457 0.11941317584 0)
(0.24897725575 0.119486400386 0)
(0.253704545472 0.118618256173 0)
(0.2586378998 0.116985751685 0)
(0.263750956534 0.114741417074 0)
(0.269009201569 0.11201373819 0)
(0.274374097777 0.108909069305 0)
(0.279806019867 0.105514223089 0)
(0.28526620781 0.101899226328 0)
(0.290717978566 0.0981199526409 0)
(0.296127405965 0.0942204929582 0)
(0.301463632246 0.090235214188 0)
(0.306698931812 0.0861905053055 0)
(0.311808614156 0.0821062341049 0)
(0.316770828061 0.077996947884 0)
(0.321566310971 0.073872853888 0)
(0.326178113889 0.0697406140699 0)
(0.330591322174 0.065603985597 0)
(0.334792785246 0.0614643346628 0)
(0.33877086296 0.0573210471796 0)
(0.342515192849 0.0531718561469 0)
(0.346016480042 0.0490131021237 0)
(0.34926631025 0.0448399403256 0)
(0.352256985404 0.0406465054317 0)
(0.354981381136 0.0364260432057 0)
(0.357432825193 0.0321710164502 0)
(0.359604995998 0.0278731915786 0)
(0.361491840716 0.0235237111621 0)
(0.363087512504 0.0191131571526 0)
(0.354762699925 0.0134384959788 0)
(0.355827054004 0.00920057841102 0)
(0.356544334193 0.00487634757747 0)
(0.356908222432 0.000454698017461 0)
(0.356912309249 -0.00407576162907 0)
(0.356550146453 -0.00872663761624 0)
(0.355815326245 -0.0135096594493 0)
(0.354701590406 -0.018436560557 0)
(0.353202973999 -0.0235189225204 0)
(0.351313988771 -0.0287679718468 0)
(0.349029852233 -0.0341943153578 0)
(0.346346769078 -0.0398075964799 0)
(0.343262272048 -0.0456160498998 0)
(0.339775629313 -0.0516259258984 0)
(0.335888324588 -0.0578407479536 0)
(0.331604613839 -0.0642603576256 0)
(0.32693215793 -0.0708796890507 0)
(0.321882722725 -0.0776872014532 0)
(0.316472925508 -0.0846628820371 0)
(0.310724987059 -0.0917757140055 0)
(0.304667418975 -0.0989804868874 0)
(0.298335530364 -0.106213812501 0)
(0.291771567838 -0.113389207816 0)
(0.28502419471 -0.120391132201 0)
(0.278146855161 -0.127067952229 0)
(0.271194353143 -0.133224005387 0)
(0.264216733837 -0.138611321418 0)
(0.257249377865 -0.142922224079 0)
(0.25029825282 -0.145785043104 0)
(0.243319658241 -0.14676654428 0)
(0.236194667773 -0.145386500256 0)
(0.228700348217 -0.141152320214 0)
(0.22048530198 -0.133624868621 0)
(0.211072138541 -0.1225283994 0)
(0.199936059608 -0.107921258374 0)
(0.18662772795 -0.0903797416683 0)
(0.170268808631 -0.0703598965891 0)
(0.154066884723 -0.0521955621639 0)
(0.138263926942 -0.0342728755313 0)
(0.127304014879 -0.0155524555985 0)
(0.121308490286 -0.0013040421085 0)
(0.122130817111 0.0119127314741 0)
(0.127781272387 0.0276915218542 0)
(0.137842276801 0.0416751634142 0)
(0.148552521507 0.0548039997262 0)
(0.159944591726 0.0690784764424 0)
(0.169457176912 0.0814095969819 0)
(0.177817535953 0.091801448902 0)
(0.18529464705 0.100051580842 0)
(0.192163394094 0.106195223752 0)
(0.198681583382 0.110409970655 0)
(0.2050473298 0.112937645793 0)
(0.211392939026 0.114038790337 0)
(0.217794347528 0.113964800361 0)
(0.224284598795 0.112943026954 0)
(0.230866646029 0.11117038281 0)
(0.237523991564 0.108812233716 0)
(0.244228805564 0.106004334634 0)
(0.250947679804 0.102856244669 0)
(0.257645442789 0.0994552047704 0)
(0.264287535575 0.0958698984925 0)
(0.270841390383 0.0921538201394 0)
(0.277277148176 0.0883481577827 0)
(0.283567949938 0.0844841944471 0)
(0.289689959333 0.0805852733811 0)
(0.295622221686 0.0766683875368 0)
(0.301346429418 0.0727454540024 0)
(0.306846640772 0.0688243289715 0)
(0.312108982634 0.0649096116845 0)
(0.317121357066 0.0610032783359 0)
(0.321873163206 0.0571051799854 0)
(0.326355040866 0.0532134323296 0)
(0.330558638549 0.0493247198934 0)
(0.334476406462 0.0454345327709 0)
(0.338101413818 0.0415373504226 0)
(0.341427189141 0.0376267841133 0)
(0.34444758208 0.0336956872712 0)
(0.347156645306 0.0297362412497 0)
(0.349548535255 0.0257400225976 0)
(0.35161743081 0.021698056923 0)
(0.353357469341 0.0176008637108 0)
(0.345929555256 0.0121620266438 0)
(0.347054995154 0.0082870666378 0)
(0.347796197388 0.00433251180104 0)
(0.348145793193 0.000287506246775 0)
(0.34809602562 -0.0038591254528 0)
(0.347638784937 -0.00811883086489 0)
(0.346765667337 -0.0125032650535 0)
(0.345468060716 -0.0170242024319 0)
(0.34373726215 -0.0216934171942 0)
(0.341564632693 -0.0265225222072 0)
(0.338941796161 -0.0315227533097 0)
(0.335860889704 -0.0367046821088 0)
(0.332314874965 -0.0420778352839 0)
(0.328297919412 -0.0476501917759 0)
(0.323805857564 -0.0534275206031 0)
(0.318836740872 -0.0594125109134 0)
(0.313391482172 -0.0656036316085 0)
(0.307474594878 -0.0719936397872 0)
(0.301095016961 -0.0785676346005 0)
(0.294266992932 -0.0853005251927 0)
(0.287010959612 -0.0921537480495 0)
(0.279354335833 -0.0990710315648 0)
(0.271332038684 -0.105972969369 0)
(0.262986416313 -0.1127501436 0)
(0.25436606853 -0.119254567978 0)
(0.245522695238 -0.125289362416 0)
(0.236504681643 -0.130596930084 0)
(0.227345693261 -0.134846617909 0)
(0.218046280101 -0.137624025468 0)
(0.208546458513 -0.138425896954 0)
(0.198687254679 -0.136667247572 0)
(0.188159470634 -0.131712386812 0)
(0.176442064039 -0.122951432346 0)
(0.162739710517 -0.109955225016 0)
(0.145999831126 -0.092765802698 0)
(0.125816084137 -0.0721935856774 0)
(0.0986126977079 -0.0482147506453 0)
(0.0730228467087 -0.0273780180379 0)
(0.0402393255061 -0.0120460704971 0)
(0.0271745885318 -0.00347998157625 0)
(0.0221770224259 4.74959174298e-05 0)
(0.0256540673158 0.00325187284792 0)
(0.0360600057242 0.0103800576128 0)
(0.0628486474523 0.0224337011084 0)
(0.082671547838 0.0380417843897 0)
(0.103682742005 0.0554777947305 0)
(0.119191453389 0.0698125215583 0)
(0.132384859366 0.0817952893267 0)
(0.143582744479 0.0912030431019 0)
(0.153475056031 0.0980936005339 0)
(0.162571443048 0.102739169776 0)
(0.171216521788 0.105479841802 0)
(0.179629087946 0.106658676808 0)
(0.187934855972 0.10658922357 0)
(0.196195044274 0.105542589199 0)
(0.204428559344 0.103744629653 0)
(0.212628385877 0.101378474884 0)
(0.220773097147 0.0985896630039 0)
(0.228834442956 0.0954921364604 0)
(0.236782034279 0.0921740623941 0)
(0.244586051479 0.0887029742302 0)
(0.252218692155 0.0851300768231 0)
(0.259654848812 0.0814937406483 0)
(0.266872327541 0.0778222866152 0)
(0.273851798697 0.0741361814709 0)
(0.280576596622 0.0704497565614 0)
(0.287032441281 0.0667725468221 0)
(0.293207127637 0.0631103298342 0)
(0.299090211272 0.0594659293941 0)
(0.304672707259 0.0558398350118 0)
(0.309946811519 0.0522306780293 0)
(0.314905648775 0.0486355963755 0)
(0.319543048048 0.0450505130152 0)
(0.323853344755 0.0414703476429 0)
(0.327831207566 0.0378891768494 0)
(0.331471487851 0.0343003546201 0)
(0.334769089549 0.0306966024401 0)
(0.337718857548 0.0270700763109 0)
(0.340315482993 0.0234124164997 0)
(0.342553424314 0.0197147847547 0)
(0.344426843215 0.0159678929544 0)
(0.337956675434 0.0108103486152 0)
(0.339136161802 0.00733393692506 0)
(0.339896925406 0.00378554647694 0)
(0.340230581057 0.00015486333919 0)
(0.34012805747 -0.00356876276843 0)
(0.339579613247 -0.00739629114211 0)
(0.338574872229 -0.0113389488686 0)
(0.337102881866 -0.0154081703089 0)
(0.335152199198 -0.0196155103583 0)
(0.332711010184 -0.0239725224634 0)
(0.329767289397 -0.0284905895551 0)
(0.326309008572 -0.0331806922514 0)
(0.32232440405 -0.038053093583 0)
(0.317802314693 -0.0431169126338 0)
(0.312732603072 -0.0483795503185 0)
(0.307106673271 -0.0538459182665 0)
(0.300918097867 -0.0595174054459 0)
(0.294163363763 -0.0653904954246 0)
(0.286842740316 -0.0714549182565 0)
(0.278961261625 -0.0776911825944 0)
(0.270529793794 -0.0840672830288 0)
(0.26156611874 -0.090534312264 0)
(0.252095890251 -0.0970206275536 0)
(0.242153171422 -0.103424133812 0)
(0.231779992684 -0.109602179179 0)
(0.221023918421 -0.1153585761 0)
(0.20993196195 -0.12042747739 0)
(0.198538443601 -0.124454405435 0)
(0.186843737833 -0.126975770464 0)
(0.174780187746 -0.127399769511 0)
(0.162159464494 -0.124994167398 0)
(0.14858989971 -0.118893952396 0)
(0.133349042108 -0.108176303122 0)
(0.115195438665 -0.0921341314066 0)
(0.0923526472936 -0.0700833511805 0)
(0.0646469290557 -0.0429521700123 0)
(0.0207541217916 -0.0113024450719 0)
(0.00354302076299 -0.000449998363528 0)
(0 0 0)
(0 0 0)
(0 0 0)
(0 0 0)
(0 0 0)
(0.0029746962412 0.000374847326289 0)
(0.016752872032 0.00888978392928 0)
(0.0508856456098 0.0324673988206 0)
(0.0720294362283 0.0519119056421 0)
(0.089913183205 0.0674208482349 0)
(0.104617450073 0.0789360385654 0)
(0.117284298618 0.0872020709094 0)
(0.128749085089 0.0926693837644 0)
(0.139513691236 0.0958767726075 0)
(0.149874626511 0.0973145506651 0)
(0.159995302845 0.0973931977342 0)
(0.169954985304 0.0964455140583 0)
(0.179781023981 0.0947351621501 0)
(0.189470713716 0.092467089119 0)
(0.199005746227 0.0897982214625 0)
(0.20836115004 0.0868473431658 0)
(0.217510403134 0.0837035495455 0)
(0.226428118941 0.0804331126746 0)
(0.235091307186 0.0770848754836 0)
(0.243479841188 0.0736944099624 0)
(0.251576497962 0.0702871909073 0)
(0.259366775133 0.0668810068103 0)
(0.266838598124 0.0634877872335 0)
(0.273981982258 0.0601149861791 0)
(0.280788687404 0.0567666281736 0)
(0.287251886847 0.0534440982228 0)
(0.293365861981 0.0501467372846 0)
(0.29912572795 0.0468722900736 0)
(0.304527191182 0.0436172407576 0)
(0.309566337401 0.0403770635341 0)
(0.314239447418 0.0371464085817 0)
(0.318542837591 0.0339192389499 0)
(0.322472721851 0.0306889302329 0)
(0.326025092499 0.0274483420846 0)
(0.329195617402 0.0241898685477 0)
(0.331979551692 0.0209054726287 0)
(0.334371662527 0.017586709435 0)
(0.336366165963 0.0142247414024 0)
(0.330908118586 0.00939203787072 0)
(0.332134494561 0.00634681830903 0)
(0.332910908051 0.00323808883545 0)
(0.333228018577 5.63652339829e-05 0)
(0.333075511229 -0.00320817167502 0)
(0.332442092149 -0.00656566458474 0)
(0.331315498874 -0.0100265574938 0)
(0.329682528908 -0.013601558243 0)
(0.327529090862 -0.0173015799269 0)
(0.324840283727 -0.0211376534121 0)
(0.321600511294 -0.0251208005793 0)
(0.317793640473 -0.0292618543245 0)
(0.313403214279 -0.0335712064317 0)
(0.308412732481 -0.0380584576853 0)
(0.302806015202 -0.0427319353121 0)
(0.296567666871 -0.047598030106 0)
(0.289683659509 -0.0526602880092 0)
(0.282142054994 -0.0579181665976 0)
(0.273933885037 -0.0633653330215 0)
(0.265054203994 -0.0689873323934 0)
(0.255503320095 -0.0747583886119 0)
(0.24528818644 -0.080637005582 0)
(0.23442387304 -0.0865599076824 0)
(0.222934901329 -0.0924336901867 0)
(0.210855928234 -0.0981233542686 0)
(0.198230724961 -0.103436722704 0)
(0.185107564609 -0.108103669548 0)
(0.171528164266 -0.111749272142 0)
(0.157506586055 -0.113860377982 0)
(0.1429937845 -0.113745233129 0)
(0.127818868573 -0.110485608373 0)
(0.111567246438 -0.102885828941 0)
(0.0932769912349 -0.0894850680598 0)
(0.0716423324091 -0.0687832428758 0)
(0.0437023532596 -0.03921193308 0)
(0.00737859226358 -0.00517041257865 0)
(0 0 0)
(0 0 0)
(0 0 0)
(0 0 0)
(0 0 0)
(0 0 0)
(0 0 0)
(0 0 0)
(0 0 0)
(0.00557825741055 0.00376625691262 0)
(0.0325922311018 0.0282413148854 0)
(0.0534084744516 0.0490405923562 0)
(0.0702708886689 0.0638097369525 0)
(0.0849959857914 0.0739657133416 0)
(0.0982775918318 0.0805274365547 0)
(0.110781973096 0.084362814933 0)
(0.122827239173 0.0861762430201 0)
(0.134570087 0.0865042425924 0)
(0.146080647352 0.0857527513876 0)
(0.157378029044 0.084226780766 0)
(0.168453512166 0.0821532808622 0)
(0.179285621523 0.0796995349805 0)
(0.189848968506 0.0769879117061 0)
(0.200118824303 0.0741073676486 0)
(0.210073139626 0.0711221651524 0)
(0.219693204713 0.0680783528425 0)
(0.22896365116 0.0650085352949 0)
(0.23787216223 0.0619353718722 0)
(0.246409069795 0.0588741444269 0)
(0.25456692206 0.0558346453367 0)
(0.262340062294 0.0528225686397 0)
(0.269724238134 0.0498405365148 0)
(0.276716250368 0.0468888570749 0)
(0.283313643975 0.0439660834811 0)
(0.289514440375 0.0410694257254 0)
(0.295316907595 0.0381950529111 0)
(0.300719363933 0.035338313983 0)
(0.305720010372 0.03249389762 0)
(0.310316787219 0.0296559466763 0)
(0.314507250914 0.026818138634 0)
(0.318288467585 0.0239737406548 0)
(0.321656920551 0.0211156457039 0)
(0.3246084296 0.0182363946859 0)
(0.327138080411 0.0153281884265 0)
(0.329240163007 0.0123828925609 0)
(0.324841371342 0.00791602666847 0)
(0.326107416094 0.00533115020338 0)
(0.32689603829 0.0026920182508 0)
(0.327197030603 -9.75110623327e-06 0)
(0.326998943492 -0.00278285480793 0)
(0.326289060314 -0.00563630470703 0)
(0.32505338254 -0.00857941948942 0)
(0.323276628056 -0.0116218050201 0)
(0.320942246466 -0.0147733183316 0)
(0.318032456557 -0.0180440088201 0)
(0.314528312643 -0.0214440279015 0)
(0.310409808419 -0.0249834951593 0)
(0.305656029336 -0.0286723045073 0)
(0.300245367355 -0.032519847588 0)
(0.294155815159 -0.0365346227687 0)
(0.287365360646 -0.0407236856283 0)
(0.279852506556 -0.0450918791254 0)
(0.271596944799 -0.0496407563431 0)
(0.262580420671 -0.0543670721158 0)
(0.252787829073 -0.0592606662639 0)
(0.242208591929 -0.0643014818553 0)
(0.230838366514 -0.0694553439378 0)
(0.218681107527 -0.0746679499943 0)
(0.205751401764 -0.0798562727673 0)
(0.192076720408 -0.084896233871 0)
(0.177698664662 -0.0896050790508 0)
(0.162671361205 -0.0937164181564 0)
(0.147054194335 -0.096845426657 0)
(0.130895952601 -0.0984409659448 0)
(0.114208636481 -0.0977191330272 0)
(0.0969256416478 -0.0935703692742 0)
(0.0787794149114 -0.0844575191251 0)
(0.0589568324788 -0.0683660776933 0)
(0.0359544706617 -0.0425113976111 0)
(0.00473854442676 -0.00566555578721 0)
(0 0 0)
(0 0 0)
(0 0 0)
(0 0 0)
(0 0 0)
(0 0 0)
(0 0 0)
(0 0 0)
(0 0 0)
(0 0 0)
(0 0 0)
(0.00334495910563 0.0039134308715 0)
(0.0256382913987 0.0293285178643 0)
(0.0425568660416 0.0473810718616 0)
(0.0578264857289 0.059316377916 0)
(0.0720745959068 0.0669064397976 0)
(0.0857666973439 0.0713415046216 0)
(0.0991187820072 0.0735306603084 0)
(0.112207932198 0.0741364830435 0)
(0.125054994863 0.0736330339543 0)
(0.137647842669 0.0723597337707 0)
(0.149958145536 0.0705590536327 0)
(0.161953175923 0.0684034294542 0)
(0.17360236784 0.0660150073788 0)
(0.184880012874 0.0634800190123 0)
(0.195765784577 0.0608590859094 0)
(0.206244296879 0.0581945308732 0)
(0.216304347361 0.0555155488633 0)
(0.225938130989 0.0528418711788 0)
(0.235140524657 0.0501863740584 0)
(0.243908465741 0.0475569458281 0)
(0.252240421828 0.044957829822 0)
(0.260135942311 0.0423905937401 0)
(0.267595281874 0.0398548308101 0)
(0.274619086339 0.037348667168 0)
(0.28120813177 0.034869128495 0)
(0.287363108242 0.032412404005 0)
(0.293084440342 0.0299740352967 0)
(0.298372137356 0.0275490500397 0)
(0.303225667074 0.0251320550453 0)
(0.307643848225 0.0227172993675 0)
(0.31162475746 0.0202987152617 0)
(0.315165647733 0.0178699427999 0)
(0.318262875644 0.0154243424789 0)
(0.32091183595 0.0129549991174 0)
(0.323106902004 0.0104547196169 0)
(0.319806560831 0.00639153584581 0)
(0.321105030397 0.00429215522494 0)
(0.321902882724 0.00214846974601 0)
(0.322189158475 -4.65533135242e-05 0)
(0.321951419576 -0.00230022394101 0)
(0.321175705329 -0.00462013605942 0)
(0.319846494054 -0.00701416859014 0)
(0.317946672727 -0.00949047814769 0)
(0.315457518048 -0.0120574796495 0)
(0.312358693541 -0.0147238097608 0)
(0.308628268888 -0.0174982661643 0)
(0.304242769751 -0.0203897129057 0)
(0.299177268942 -0.0234069381908 0)
(0.293405533133 -0.0265584454784 0)
(0.286900243383 -0.0298521508167 0)
(0.279633312916 -0.0332949480083 0)
(0.271576332086 -0.0368920867035 0)
(0.262701179362 -0.0406462843304 0)
(0.252980849934 -0.0445564567534 0)
(0.242390572785 -0.0486158980312 0)
(0.23090931474 -0.0528096558522 0)
(0.218521803932 -0.0571107190393 0)
(0.205221228957 -0.0614744308871 0)
(0.191012735925 -0.0658302297864 0)
(0.175917653978 -0.0700693479126 0)
(0.159977886267 -0.0740264111324 0)
(0.143259052853 -0.07745190047 0)
(0.12585027244 -0.0799709584919 0)
(0.107859598856 -0.0810211648644 0)
(0.0894053519818 -0.0797541331582 0)
(0.0705738264308 -0.0748721174486 0)
(0.0512606183958 -0.0644232297099 0)
(0.0314799857579 -0.0453246755955 0)
(0.00728688488024 -0.0112646254542 0)
(0 0 0)
(0 0 0)
(0 0 0)
(0 0 0)
(0 0 0)
(0 0 0)
(0 0 0)
(0 0 0)
(0 0 0)
(0 0 0)
(0 0 0)
(0 0 0)
(0 0 0)
(0.00495725587561 0.00748559931429 0)
(0.0217170965276 0.0304099703363 0)
(0.0362537631016 0.0441471515132 0)
(0.0507213250849 0.0524952857472 0)
(0.0650317486784 0.0573129106646 0)
(0.0792634381472 0.0597430954601 0)
(0.0933755544635 0.0605676909467 0)
(0.107300963685 0.060308647194 0)
(0.120972539993 0.0593207712408 0)
(0.134328630399 0.0578475223905 0)
(0.147317320803 0.0560563270047 0)
(0.159898256077 0.0540623924382 0)
(0.172042011224 0.0519449807449 0)
(0.183728282233 0.049758512573 0)
(0.194943874091 0.0475401379409 0)
(0.205680930201 0.0453149149384 0)
(0.215935513118 0.0430993754899 0)
(0.225706504981 0.0409040006923 0)
(0.234994759848 0.0387349532911 0)
(0.243802445673 0.0365952988074 0)
(0.252132528932 0.0344858708133 0)
(0.259988368341 0.0324058860761 0)
(0.267373393327 0.0303533823789 0)
(0.274290848858 0.0283255297562 0)
(0.280743592076 0.0263188508577 0)
(0.286733929036 0.0243293757664 0)
(0.292263482069 0.0223527493423 0)
(0.297333080197 0.0203843040579 0)
(0.301942666621 0.0184191076613 0)
(0.306091218666 0.016451992436 0)
(0.309776676659 0.0144775709887 0)
(0.31299587909 0.0124902421958 0)
(0.315744502153 0.0104841900169 0)
(0.318017002282 0.008453377247 0)
(0.31584574619 0.00482801285741 0)
(0.317169401034 0.00323483323454 0)
(0.31797393118 0.00160788533003 0)
(0.31824776423 -5.83030904043e-05 0)
(0.317977653574 -0.00176942780982 0)
(0.317148618159 -0.00353141740017 0)
(0.315743883709 -0.00535043876304 0)
(0.313744827423 -0.00723289699109 0)
(0.31113092901 -0.00918542684663 0)
(0.30787973212 -0.0112148721117 0)
(0.303966821776 -0.0133282475703 0)
(0.299365825494 -0.0155326762401 0)
(0.294048448614 -0.0178352913989 0)
(0.287984557972 -0.0202430885057 0)
(0.281142332853 -0.022762705686 0)
(0.273488508502 -0.0254001020376 0)
(0.264988746162 -0.0281600891346 0)
(0.255608176362 -0.0310456503274 0)
(0.245312181929 -0.0340569508389 0)
(0.234067518778 -0.0371898926649 0)
(0.221843922063 -0.0404339909728 0)
(0.208616416603 -0.0437692249131 0)
(0.194368636351 -0.047161316155 0)
(0.179097522198 -0.0505545668336 0)
(0.16281972908 -0.0538608737358 0)
(0.145579828286 -0.0569427147958 0)
(0.127460027903 -0.0595865721113 0)
(0.108591774796 -0.0614609334333 0)
(0.0891753371847 -0.0620483843607 0)
(0.0695230078754 -0.0605318964413 0)
(0.0500601259478 -0.0556120325338 0)
(0.0312814172646 -0.0453076403654 0)
(0.0140748742812 -0.0267921734857 0)
(0.00011917436746 -0.00145268089917 0)
(0 0 0)
(0 0 0)
(0 0 0)
(0 0 0)
(0 0 0)
(0 0 0)
(0 0 0)
(0 0 0)
(0 0 0)
(0 0 0)
(0 0 0)
(0 0 0)
(0 0 0)
(4.90572347773e-05 0.000926918953439 0)
(0.00940206198532 0.0174317272719 0)
(0.0213418167719 0.0303126173255 0)
(0.0347642244403 0.0382799437303 0)
(0.0489872881521 0.0428733566626 0)
(0.0636364743195 0.0452242290135 0)
(0.0784336741754 0.0461097137885 0)
(0.0931614102334 0.046034537102 0)
(0.10767170704 0.0453293675146 0)
(0.121858124174 0.0442138668643 0)
(0.135644000372 0.0428351153538 0)
(0.148976216726 0.0412920522298 0)
(0.161819815641 0.039651397536 0)
(0.174153232972 0.0379581268817 0)
(0.185964441408 0.0362424091861 0)
(0.197248046276 0.0345242384289 0)
(0.208003181931 0.0328165561042 0)
(0.218232006817 0.031127378438 0)
(0.22793862124 0.0294612601753 0)
(0.237128278389 0.0278203104589 0)
(0.245806800548 0.0262049024074 0)
(0.253980141887 0.0246141707754 0)
(0.261654058203 0.0230463615419 0)
(0.268833855767 0.0214990771928 0)
(0.275524198868 0.0199694480461 0)
(0.281728960688 0.018454250845 0)
(0.287451105718 0.016949989574 0)
(0.292692594756 0.0154529490928 0)
(0.297454305627 0.0139592291319 0)
(0.301735964508 0.0124647640518 0)
(0.305536084028 0.0109653322556 0)
(0.308851905344 0.00945655807748 0)
(0.311679342146 0.00793390822579 0)
(0.314012925165 0.00639268433764 0)
(0.3129923088 0.00323507617395 0)
(0.314333928572 0.00216397607965 0)
(0.315142947503 0.00107010153081 0)
(0.31540733952 -5.02922874822e-05 0)
(0.31511325826 -0.00120110697903 0)
(0.314244964251 -0.00238640922516 0)
(0.312784750365 -0.00361043687153 0)
(0.310712867142 -0.00487760154256 0)
(0.30800745042 -0.00619248602962 0)
(0.304644454795 -0.00755983399607 0)
(0.300597597974 -0.00898452852655 0)
(0.295838323199 -0.0104715545775 0)
(0.290335789788 -0.0120259382564 0)
(0.284056905729 -0.013652652754 0)
(0.276966421526 -0.0153564762037 0)
(0.269027111715 -0.01714178003 0)
(0.260200080866 -0.0190122163079 0)
(0.250445246729 -0.0209702574504 0)
(0.239722078573 -0.0230165180788 0)
(0.227990710816 -0.0251487520128 0)
(0.215213620168 -0.0273603581143 0)
(0.201358158794 -0.0296381322965 0)
(0.186400377662 -0.0319588445292 0)
(0.170330731154 -0.0342839584631 0)
(0.153162367585 -0.036551380546 0)
(0.134942736778 -0.0386624073827 0)
(0.115769480212 -0.0404607842673 0)
(0.0958137888244 -0.0416983234494 0)
(0.0753634306237 -0.0419759238775 0)
(0.0549058147482 -0.0406363107581 0)
(0.0352036721199 -0.0365715211358 0)
(0.0177230622685 -0.0278980081699 0)
(0.00436471462036 -0.0103095312684 0)
(0 0 0)
(0 0 0)
(0 0 0)
(0 0 0)
(0 0 0)
(0 0 0)
(0 0 0)
(0 0 0)
(0 0 0)
(0 0 0)
(0 0 0)
(0 0 0)
(0 0 0)
(0 0 0)
(0 0 0)
(0.00280546947365 0.00650745332229 0)
(0.0116449823952 0.0182938509019 0)
(0.0236631251768 0.02479854733 0)
(0.0375626580347 0.0284456803451 0)
(0.0523820258342 0.0303107822418 0)
(0.0676068333996 0.0310497123749 0)
(0.0828849602171 0.0310673576811 0)
(0.0979921359547 0.0306201028826 0)
(0.112779614741 0.0298743513134 0)
(0.127147503513 0.0289396434931 0)
(0.141030555191 0.0278886329899 0)
(0.154388260476 0.026769691571 0)
(0.167197351844 0.0256150334542 0)
(0.179446278883 0.0244460118165 0)
(0.191131292493 0.0232766063402 0)
(0.202253736886 0.0221157446065 0)
(0.212818189701 0.020968864891 0)
(0.222831175749 0.019838979633 0)
(0.232300264623 0.018727405793 0)
(0.2412334276 0.0176342699533 0)
(0.249638573264 0.0165588592068 0)
(0.257523208921 0.0154998653479 0)
(0.264894191856 0.0144555545965 0)
(0.271757545069 0.0134238849786 0)
(0.278118319018 0.0124025866942 0)
(0.28398048574 0.0113892161761 0)
(0.289346855169 0.0103811913599 0)
(0.294219006173 0.00937581347561 0)
(0.298597226727 0.00837027912869 0)
(0.302480459219 0.00736168536287 0)
(0.305866247907 0.00634702963762 0)
(0.308750686454 0.00532320612774 0)
(0.311128364009 0.00428699938723 0)
(0.311270458403 0.00162246592993 0)
(0.312622845433 0.00108420108683 0)
(0.313434441487 0.000534469252729 0)
(0.313692941776 -2.8631493084e-05 0)
(0.313384130901 -0.000607083860546 0)
(0.31249180211 -0.00120295615486 0)
(0.31099767278 -0.00181840606576 0)
(0.308881297467 -0.00245568282109 0)
(0.306119980664 -0.00311712684411 0)
(0.302688692411 -0.00380516570019 0)
(0.298559991476 -0.00452230460542 0)
(0.293703962867 -0.00527110902172 0)
(0.288088179396 -0.00605417577505 0)
(0.281677701006 -0.00687408753706 0)
(0.274435131101 -0.00773334315844 0)
(0.26632075692 -0.00863425284613 0)
(0.257292812386 -0.00957878191663 0)
(0.2473079197 -0.01056831883 0)
(0.236321794967 -0.0116033307303 0)
(0.224290351879 -0.0126828499298 0)
(0.211171417794 -0.0138037027897 0)
(0.196927402053 -0.0149593399389 0)
(0.181529434036 -0.016138039739 0)
(0.164963703586 -0.0173201120536 0)
(0.147240944079 -0.0184734872648 0)
(0.12841019405 -0.0195466625036 0)
(0.108578605569 -0.0204572249649 0)
(0.0879424328779 -0.0210726126566 0)
(0.0668460228614 -0.0211760785212 0)
(0.0458901464296 -0.020402465271 0)
(0.0259786510747 -0.0181221856572 0)
(0.00901966237157 -0.0133160188442 0)
(0.000477671522051 -0.00361483579671 0)
(0 0 0)
(0 0 0)
(0 0 0)
(0 0 0)
(0 0 0)
(0 0 0)
(0 0 0)
(0 0 0)
(0 0 0)
(0 0 0)
(0 0 0)
(0 0 0)
(0 0 0)
(0 0 0)
(0 0 0)
(0.00025382207916 0.00223885537817 0)
(0.00571278348975 0.0086105666355 0)
(0.0169981675321 0.0121658948401 0)
(0.0306900658798 0.0141720589396 0)
(0.045577964454 0.0151989786578 0)
(0.0610429736474 0.0156157414325 0)
(0.0766456330627 0.0156464562261 0)
(0.0921112200503 0.0154305900086 0)
(0.107262899085 0.0150575778181 0)
(0.121985171688 0.0145857871538 0)
(0.136204496428 0.0140536558692 0)
(0.149876442658 0.0134866063052 0)
(0.162976404908 0.0129014587389 0)
(0.175492970841 0.0123092886797 0)
(0.187423328116 0.011717296547 0)
(0.198770149791 0.0111300445374 0)
(0.209539495153 0.0105502842182 0)
(0.219739385846 0.00997951631593 0)
(0.229378826916 0.00941837291028 0)
(0.238467123586 0.00886688024912 0)
(0.247013398303 0.00832464030674 0)
(0.255026246193 0.00779095643568 0)
(0.262513487521 0.00726492020781 0)
(0.269481988464 0.00674547111465 0)
(0.275937529695 0.00623143716998 0)
(0.281884707886 0.00572156200206 0)
(0.287326859218 0.00521452234089 0)
(0.292265996941 0.00470893864438 0)
(0.296702757177 0.00420338080135 0)
(0.30063634878 0.00369637028773 0)
(0.304064504233 0.00318637975906 0)
(0.306983429418 0.00267183078958 0)
(0.309387750725 0.00215109028021 0)
(0.310694869445 -1.56803722702e-13 0)
(0.31205084342 -1.69298332195e-13 0)
(0.312863278778 -1.81670963464e-13 0)
(0.313119776719 -1.9161386414e-13 0)
(0.312805997273 -1.99036814353e-13 0)
(0.311905575849 -2.04669885982e-13 0)
(0.310400035306 -2.10979282156e-13 0)
(0.308268694805 -2.15699351741e-13 0)
(0.305488577457 -2.18881231477e-13 0)
(0.302034319813 -2.20760479963e-13 0)
(0.297878087741 -2.22303070554e-13 0)
(0.292989505351 -2.24666269116e-13 0)
(0.287335606535 -2.23031638102e-13 0)
(0.280880822733 -2.2277082231e-13 0)
(0.273587026203 -2.24000914584e-13 0)
(0.265413655967 -2.21851607458e-13 0)
(0.256317965433 -2.17424806247e-13 0)
(0.246255449136 -2.11652773558e-13 0)
(0.235180536324 -2.09814393726e-13 0)
(0.22304769015 -2.00577000939e-13 0)
(0.209813135677 -1.93032178448e-13 0)
(0.195437572675 -1.85977980974e-13 0)
(0.179890419037 -1.78274318779e-13 0)
(0.163156365643 -1.67511189645e-13 0)
(0.145245264102 -1.56568320627e-13 0)
(0.12620663001 -1.45520905384e-13 0)
(0.106150851649 -1.32696029861e-13 0)
(0.0852830888369 -1.14679571463e-13 0)
(0.0639687952275 -1.00737068764e-13 0)
(0.0428543969218 -8.26294759831e-14 0)
(0.022917670634 -5.63044254054e-14 0)
(0.00620398188668 -3.55346999242e-14 0)
(-0.000330514271315 -6.49103514263e-15 0)
(0 0 0)
(0 0 0)
(0 0 0)
(0 0 0)
(0 0 0)
(0 0 0)
(0 0 0)
(0 0 0)
(0 0 0)
(0 0 0)
(0 0 0)
(0 0 0)
(0 0 0)
(0 0 0)
(0 0 0)
(-0.000258481202241 -7.03919520519e-16 0)
(0.003845645252 9.27225058586e-15 0)
(0.0148223554195 5.12463331915e-15 0)
(0.0284054290148 2.55567560616e-15 0)
(0.0433031982648 -4.0271474644e-15 0)
(0.0588438669371 -9.13274133359e-15 0)
(0.0745534491156 -1.22147262316e-14 0)
(0.0901385484231 -1.21672572677e-14 0)
(0.105412250761 -1.46324941826e-14 0)
(0.120253535744 -1.4299011385e-14 0)
(0.13458592847 -1.07988079895e-14 0)
(0.148363596698 -1.39507382373e-14 0)
(0.161561438055 -1.72609106123e-14 0)
(0.17416806192 -1.76718988402e-14 0)
(0.186180959684 -2.06912218715e-14 0)
(0.197603247701 -2.29026044123e-14 0)
(0.208441484099 -2.69249210931e-14 0)
(0.218704196499 -3.20974838702e-14 0)
(0.228400876103 -3.80652257063e-14 0)
(0.2375412803 -4.06100374797e-14 0)
(0.246134943132 -4.81017062107e-14 0)
(0.254190828584 -5.52122105159e-14 0)
(0.261717083404 -6.33213156591e-14 0)
(0.268720859567 -6.97214835096e-14 0)
(0.275208185194 -7.82711022537e-14 0)
(0.281183868579 -8.67937715879e-14 0)
(0.286651424162 -9.52474997613e-14 0)
(0.291613012317 -1.0567256994e-13 0)
(0.296069387091 -1.14912673069e-13 0)
(0.300019847618 -1.23835297439e-13 0)
(0.3034621902 -1.32542509421e-13 0)
(0.306392658843 -1.42247296077e-13 0)
(0.30880589272 -1.55075111222e-13 0)
(0.311270458403 -0.00162246593025 0)
(0.312622845433 -0.00108420108717 0)
(0.313434441487 -0.000534469253091 0)
(0.313692941776 2.86314927022e-05 0)
(0.313384130901 0.000607083860149 0)
(0.31249180211 0.00120295615445 0)
(0.31099767278 0.00181840606533 0)
(0.308881297467 0.00245568282066 0)
(0.306119980664 0.00311712684367 0)
(0.302688692411 0.00380516569975 0)
(0.298559991476 0.00452230460498 0)
(0.293703962867 0.00527110902128 0)
(0.288088179396 0.00605417577461 0)
(0.281677701006 0.00687408753662 0)
(0.274435131101 0.007733343158 0)
(0.26632075692 0.00863425284569 0)
(0.257292812386 0.0095787819162 0)
(0.2473079197 0.0105683188296 0)
(0.236321794967 0.0116033307299 0)
(0.224290351879 0.0126828499294 0)
(0.211171417794 0.0138037027893 0)
(0.196927402053 0.0149593399385 0)
(0.181529434036 0.0161380397387 0)
(0.164963703586 0.0173201120532 0)
(0.147240944079 0.0184734872645 0)
(0.12841019405 0.0195466625033 0)
(0.108578605569 0.0204572249647 0)
(0.0879424328779 0.0210726126563 0)
(0.0668460228614 0.021176078521 0)
(0.0458901464296 0.0204024652708 0)
(0.0259786510747 0.018122185657 0)
(0.00901966237156 0.0133160188441 0)
(0.00047767152205 0.00361483579669 0)
(0 0 0)
(0 0 0)
(0 0 0)
(0 0 0)
(0 0 0)
(0 0 0)
(0 0 0)
(0 0 0)
(0 0 0)
(0 0 0)
(0 0 0)
(0 0 0)
(0 0 0)
(0 0 0)
(0 0 0)
(0.00025382207916 -0.00223885537817 0)
(0.00571278348974 -0.00861056663548 0)
(0.0169981675321 -0.0121658948401 0)
(0.0306900658798 -0.0141720589396 0)
(0.045577964454 -0.0151989786578 0)
(0.0610429736474 -0.0156157414325 0)
(0.0766456330627 -0.0156464562261 0)
(0.0921112200503 -0.0154305900086 0)
(0.107262899085 -0.0150575778181 0)
(0.121985171688 -0.0145857871538 0)
(0.136204496428 -0.0140536558692 0)
(0.149876442658 -0.0134866063052 0)
(0.162976404908 -0.0129014587389 0)
(0.175492970841 -0.0123092886797 0)
(0.187423328116 -0.0117172965471 0)
(0.198770149791 -0.0111300445375 0)
(0.209539495153 -0.0105502842183 0)
(0.219739385846 -0.00997951631599 0)
(0.229378826916 -0.00941837291035 0)
(0.238467123586 -0.0088668802492 0)
(0.247013398303 -0.00832464030684 0)
(0.255026246193 -0.00779095643579 0)
(0.262513487521 -0.00726492020793 0)
(0.269481988464 -0.00674547111479 0)
(0.275937529695 -0.00623143717014 0)
(0.281884707886 -0.00572156200223 0)
(0.287326859218 -0.00521452234108 0)
(0.292265996941 -0.00470893864459 0)
(0.296702757177 -0.00420338080158 0)
(0.30063634878 -0.00369637028798 0)
(0.304064504233 -0.00318637975932 0)
(0.306983429418 -0.00267183078987 0)
(0.309387750725 -0.00215109028052 0)
(0.3129923088 -0.00323507617427 0)
(0.314333928572 -0.00216397607999 0)
(0.315142947503 -0.00107010153117 0)
(0.31540733952 5.02922871051e-05 0)
(0.31511325826 0.00120110697863 0)
(0.314244964251 0.00238640922475 0)
(0.312784750365 0.00361043687111 0)
(0.310712867142 0.00487760154213 0)
(0.30800745042 0.00619248602918 0)
(0.304644454795 0.00755983399563 0)
(0.300597597974 0.00898452852611 0)
(0.295838323199 0.010471554577 0)
(0.290335789788 0.012025938256 0)
(0.284056905729 0.0136526527535 0)
(0.276966421526 0.0153564762032 0)
(0.269027111715 0.0171417800296 0)
(0.260200080866 0.0190122163075 0)
(0.250445246729 0.02097025745 0)
(0.239722078573 0.0230165180784 0)
(0.227990710816 0.0251487520124 0)
(0.215213620168 0.0273603581139 0)
(0.201358158794 0.0296381322962 0)
(0.186400377662 0.0319588445289 0)
(0.170330731154 0.0342839584628 0)
(0.153162367585 0.0365513805457 0)
(0.134942736778 0.0386624073824 0)
(0.115769480212 0.040460784267 0)
(0.0958137888244 0.0416983234492 0)
(0.0753634306237 0.0419759238773 0)
(0.0549058147481 0.0406363107579 0)
(0.0352036721199 0.0365715211356 0)
(0.0177230622685 0.0278980081698 0)
(0.00436471462035 0.0103095312684 0)
(0 0 0)
(0 0 0)
(0 0 0)
(0 0 0)
(0 0 0)
(0 0 0)
(0 0 0)
(0 0 0)
(0 0 0)
(0 0 0)
(0 0 0)
(0 0 0)
(0 0 0)
(0 0 0)
(0 0 0)
(0.00280546947366 -0.00650745332229 0)
(0.0116449823952 -0.0182938509019 0)
(0.0236631251768 -0.02479854733 0)
(0.0375626580347 -0.0284456803451 0)
(0.0523820258342 -0.0303107822418 0)
(0.0676068333996 -0.031049712375 0)
(0.0828849602171 -0.0310673576811 0)
(0.0979921359548 -0.0306201028826 0)
(0.112779614741 -0.0298743513134 0)
(0.127147503513 -0.0289396434931 0)
(0.141030555191 -0.0278886329899 0)
(0.154388260476 -0.026769691571 0)
(0.167197351844 -0.0256150334542 0)
(0.179446278883 -0.0244460118165 0)
(0.191131292493 -0.0232766063402 0)
(0.202253736886 -0.0221157446066 0)
(0.212818189701 -0.020968864891 0)
(0.222831175749 -0.0198389796331 0)
(0.232300264623 -0.018727405793 0)
(0.2412334276 -0.0176342699534 0)
(0.249638573264 -0.0165588592069 0)
(0.257523208921 -0.015499865348 0)
(0.264894191856 -0.0144555545966 0)
(0.271757545069 -0.0134238849787 0)
(0.278118319018 -0.0124025866944 0)
(0.28398048574 -0.0113892161762 0)
(0.289346855169 -0.0103811913601 0)
(0.294219006173 -0.00937581347582 0)
(0.298597226727 -0.00837027912892 0)
(0.302480459219 -0.00736168536312 0)
(0.305866247907 -0.00634702963788 0)
(0.308750686454 -0.00532320612802 0)
(0.311128364009 -0.00428699938753 0)
(0.315845746191 -0.00482801285774 0)
(0.317169401034 -0.00323483323489 0)
(0.31797393118 -0.00160788533039 0)
(0.31824776423 5.83030900301e-05 0)
(0.317977653574 0.00176942780943 0)
(0.317148618159 0.00353141739977 0)
(0.315743883709 0.00535043876263 0)
(0.313744827423 0.00723289699067 0)
(0.31113092901 0.0091854268462 0)
(0.307879732121 0.0112148721113 0)
(0.303966821776 0.0133282475698 0)
(0.299365825494 0.0155326762397 0)
(0.294048448614 0.0178352913984 0)
(0.287984557972 0.0202430885053 0)
(0.281142332853 0.0227627056855 0)
(0.273488508502 0.0254001020371 0)
(0.264988746162 0.0281600891342 0)
(0.255608176362 0.031045650327 0)
(0.245312181929 0.0340569508385 0)
(0.234067518778 0.0371898926645 0)
(0.221843922063 0.0404339909724 0)
(0.208616416603 0.0437692249128 0)
(0.194368636351 0.0471613161547 0)
(0.179097522198 0.0505545668332 0)
(0.16281972908 0.0538608737355 0)
(0.145579828286 0.0569427147956 0)
(0.127460027903 0.059586572111 0)
(0.108591774796 0.0614609334331 0)
(0.0891753371846 0.0620483843605 0)
(0.0695230078754 0.0605318964411 0)
(0.0500601259477 0.0556120325336 0)
(0.0312814172646 0.0453076403653 0)
(0.0140748742812 0.0267921734857 0)
(0.00011917436746 0.00145268089917 0)
(0 0 0)
(0 0 0)
(0 0 0)
(0 0 0)
(0 0 0)
(0 0 0)
(0 0 0)
(0 0 0)
(0 0 0)
(0 0 0)
(0 0 0)
(0 0 0)
(0 0 0)
(4.90572347773e-05 -0.00092691895344 0)
(0.00940206198532 -0.0174317272719 0)
(0.0213418167719 -0.0303126173255 0)
(0.0347642244403 -0.0382799437303 0)
(0.0489872881521 -0.0428733566626 0)
(0.0636364743195 -0.0452242290135 0)
(0.0784336741754 -0.0461097137885 0)
(0.0931614102334 -0.0460345371021 0)
(0.10767170704 -0.0453293675147 0)
(0.121858124174 -0.0442138668643 0)
(0.135644000372 -0.0428351153538 0)
(0.148976216726 -0.0412920522298 0)
(0.161819815641 -0.039651397536 0)
(0.174153232972 -0.0379581268817 0)
(0.185964441408 -0.0362424091861 0)
(0.197248046276 -0.034524238429 0)
(0.208003181931 -0.0328165561042 0)
(0.218232006817 -0.031127378438 0)
(0.22793862124 -0.0294612601753 0)
(0.237128278389 -0.027820310459 0)
(0.245806800548 -0.0262049024074 0)
(0.253980141887 -0.0246141707755 0)
(0.261654058203 -0.023046361542 0)
(0.268833855767 -0.021499077193 0)
(0.275524198869 -0.0199694480462 0)
(0.281728960688 -0.0184542508451 0)
(0.287451105718 -0.0169499895742 0)
(0.292692594756 -0.015452949093 0)
(0.297454305627 -0.0139592291321 0)
(0.301735964508 -0.0124647640521 0)
(0.305536084028 -0.0109653322558 0)
(0.308851905344 -0.00945655807775 0)
(0.311679342146 -0.00793390822607 0)
(0.314012925165 -0.00639268433794 0)
(0.319806560831 -0.00639153584614 0)
(0.321105030397 -0.00429215522529 0)
(0.321902882724 -0.00214846974637 0)
(0.322189158475 4.65533131507e-05 0)
(0.321951419576 0.00230022394062 0)
(0.321175705329 0.00462013605902 0)
(0.319846494054 0.00701416858973 0)
(0.317946672727 0.00949047814727 0)
(0.315457518048 0.0120574796491 0)
(0.312358693541 0.0147238097604 0)
(0.308628268888 0.0174982661638 0)
(0.304242769751 0.0203897129053 0)
(0.299177268942 0.0234069381903 0)
(0.293405533133 0.026558445478 0)
(0.286900243383 0.0298521508162 0)
(0.279633312916 0.0332949480079 0)
(0.271576332086 0.0368920867031 0)
(0.262701179362 0.04064628433 0)
(0.252980849934 0.044556456753 0)
(0.242390572785 0.0486158980308 0)
(0.23090931474 0.0528096558518 0)
(0.218521803932 0.057110719039 0)
(0.205221228957 0.0614744308868 0)
(0.191012735925 0.0658302297861 0)
(0.175917653978 0.0700693479123 0)
(0.159977886267 0.0740264111321 0)
(0.143259052853 0.0774519004697 0)
(0.12585027244 0.0799709584917 0)
(0.107859598856 0.0810211648642 0)
(0.0894053519817 0.079754133158 0)
(0.0705738264307 0.0748721174484 0)
(0.0512606183958 0.0644232297098 0)
(0.0314799857579 0.0453246755955 0)
(0.00728688488024 0.0112646254542 0)
(0 0 0)
(0 0 0)
(0 0 0)
(0 0 0)
(0 0 0)
(0 0 0)
(0 0 0)
(0 0 0)
(0 0 0)
(0 0 0)
(0 0 0)
(0 0 0)
(0 0 0)
(0.00495725587561 -0.0074855993143 0)
(0.0217170965276 -0.0304099703363 0)
(0.0362537631016 -0.0441471515132 0)
(0.050721325085 -0.0524952857472 0)
(0.0650317486784 -0.0573129106647 0)
(0.0792634381472 -0.0597430954601 0)
(0.0933755544636 -0.0605676909467 0)
(0.107300963685 -0.0603086471941 0)
(0.120972539993 -0.0593207712408 0)
(0.134328630399 -0.0578475223906 0)
(0.147317320803 -0.0560563270048 0)
(0.159898256077 -0.0540623924382 0)
(0.172042011224 -0.0519449807449 0)
(0.183728282233 -0.0497585125731 0)
(0.194943874091 -0.0475401379409 0)
(0.205680930201 -0.0453149149384 0)
(0.215935513118 -0.04309937549 0)
(0.225706504981 -0.0409040006923 0)
(0.234994759848 -0.0387349532912 0)
(0.243802445673 -0.0365952988075 0)
(0.252132528932 -0.0344858708134 0)
(0.259988368341 -0.0324058860762 0)
(0.267373393327 -0.030353382379 0)
(0.274290848858 -0.0283255297563 0)
(0.280743592076 -0.0263188508579 0)
(0.286733929036 -0.0243293757665 0)
(0.292263482069 -0.0223527493425 0)
(0.297333080197 -0.020384304058 0)
(0.301942666621 -0.0184191076615 0)
(0.306091218667 -0.0164519924362 0)
(0.309776676659 -0.014477570989 0)
(0.31299587909 -0.0124902421961 0)
(0.315744502153 -0.0104841900172 0)
(0.318017002282 -0.0084533772473 0)
(0.324841371342 -0.00791602666879 0)
(0.326107416094 -0.00533115020372 0)
(0.32689603829 -0.00269201825116 0)
(0.327197030603 9.75110586064e-06 0)
(0.326998943492 0.00278285480755 0)
(0.326289060314 0.00563630470664 0)
(0.32505338254 0.00857941948902 0)
(0.323276628056 0.0116218050197 0)
(0.320942246466 0.0147733183312 0)
(0.318032456557 0.0180440088197 0)
(0.314528312643 0.0214440279011 0)
(0.310409808419 0.0249834951588 0)
(0.305656029336 0.0286723045069 0)
(0.300245367355 0.0325198475876 0)
(0.294155815159 0.0365346227683 0)
(0.287365360646 0.0407236856279 0)
(0.279852506556 0.045091879125 0)
(0.271596944799 0.0496407563427 0)
(0.262580420671 0.0543670721155 0)
(0.252787829073 0.0592606662635 0)
(0.242208591929 0.064301481855 0)
(0.230838366514 0.0694553439375 0)
(0.218681107527 0.0746679499939 0)
(0.205751401764 0.079856272767 0)
(0.192076720408 0.0848962338707 0)
(0.177698664662 0.0896050790505 0)
(0.162671361205 0.0937164181561 0)
(0.147054194335 0.0968454266568 0)
(0.130895952601 0.0984409659446 0)
(0.114208636481 0.097719133027 0)
(0.0969256416478 0.093570369274 0)
(0.0787794149114 0.084457519125 0)
(0.0589568324787 0.0683660776932 0)
(0.0359544706617 0.0425113976111 0)
(0.00473854442676 0.0056655557872 0)
(0 0 0)
(0 0 0)
(0 0 0)
(0 0 0)
(0 0 0)
(0 0 0)
(0 0 0)
(0 0 0)
(0 0 0)
(0 0 0)
(0 0 0)
(0.00334495910563 -0.0039134308715 0)
(0.0256382913988 -0.0293285178643 0)
(0.0425568660416 -0.0473810718616 0)
(0.0578264857289 -0.059316377916 0)
(0.0720745959068 -0.0669064397976 0)
(0.0857666973439 -0.0713415046216 0)
(0.0991187820073 -0.0735306603084 0)
(0.112207932198 -0.0741364830435 0)
(0.125054994863 -0.0736330339543 0)
(0.137647842669 -0.0723597337707 0)
(0.149958145536 -0.0705590536328 0)
(0.161953175923 -0.0684034294542 0)
(0.17360236784 -0.0660150073788 0)
(0.184880012874 -0.0634800190123 0)
(0.195765784577 -0.0608590859094 0)
(0.206244296879 -0.0581945308733 0)
(0.216304347361 -0.0555155488634 0)
(0.225938130989 -0.0528418711789 0)
(0.235140524657 -0.0501863740585 0)
(0.243908465741 -0.0475569458282 0)
(0.252240421828 -0.0449578298221 0)
(0.260135942311 -0.0423905937401 0)
(0.267595281874 -0.0398548308102 0)
(0.274619086339 -0.0373486671681 0)
(0.28120813177 -0.0348691284951 0)
(0.287363108242 -0.0324124040051 0)
(0.293084440342 -0.0299740352969 0)
(0.298372137356 -0.0275490500398 0)
(0.303225667075 -0.0251320550455 0)
(0.307643848226 -0.0227172993678 0)
(0.31162475746 -0.0202987152619 0)
(0.315165647734 -0.0178699428001 0)
(0.318262875644 -0.0154243424791 0)
(0.32091183595 -0.0129549991177 0)
(0.323106902004 -0.0104547196172 0)
(0.330908118586 -0.00939203787104 0)
(0.332134494561 -0.00634681830937 0)
(0.332910908051 -0.00323808883581 0)
(0.333228018577 -5.6365234352e-05 0)
(0.333075511229 0.00320817167465 0)
(0.332442092149 0.00656566458435 0)
(0.331315498874 0.0100265574934 0)
(0.329682528908 0.0136015582426 0)
(0.327529090862 0.0173015799265 0)
(0.324840283727 0.0211376534116 0)
(0.321600511294 0.0251208005789 0)
(0.317793640473 0.0292618543241 0)
(0.313403214279 0.0335712064313 0)
(0.308412732481 0.0380584576849 0)
(0.302806015202 0.0427319353117 0)
(0.296567666871 0.0475980301056 0)
(0.289683659509 0.0526602880088 0)
(0.282142054994 0.0579181665972 0)
(0.273933885037 0.0633653330211 0)
(0.265054203994 0.068987332393 0)
(0.255503320095 0.0747583886115 0)
(0.24528818644 0.0806370055817 0)
(0.23442387304 0.0865599076821 0)
(0.222934901329 0.0924336901863 0)
(0.210855928234 0.0981233542683 0)
(0.198230724961 0.103436722704 0)
(0.185107564609 0.108103669548 0)
(0.171528164266 0.111749272142 0)
(0.157506586055 0.113860377981 0)
(0.1429937845 0.113745233128 0)
(0.127818868573 0.110485608373 0)
(0.111567246438 0.102885828941 0)
(0.0932769912349 0.0894850680597 0)
(0.0716423324091 0.0687832428758 0)
(0.0437023532596 0.03921193308 0)
(0.00737859226358 0.00517041257865 0)
(0 0 0)
(0 0 0)
(0 0 0)
(0 0 0)
(0 0 0)
(0 0 0)
(0 0 0)
(0 0 0)
(0 0 0)
(0.00557825741055 -0.00376625691262 0)
(0.0325922311018 -0.0282413148854 0)
(0.0534084744516 -0.0490405923562 0)
(0.070270888669 -0.0638097369525 0)
(0.0849959857914 -0.0739657133417 0)
(0.0982775918318 -0.0805274365547 0)
(0.110781973096 -0.0843628149331 0)
(0.122827239173 -0.0861762430201 0)
(0.134570087 -0.0865042425925 0)
(0.146080647352 -0.0857527513876 0)
(0.157378029044 -0.084226780766 0)
(0.168453512166 -0.0821532808623 0)
(0.179285621523 -0.0796995349805 0)
(0.189848968506 -0.0769879117062 0)
(0.200118824303 -0.0741073676487 0)
(0.210073139626 -0.0711221651524 0)
(0.219693204713 -0.0680783528426 0)
(0.22896365116 -0.065008535295 0)
(0.23787216223 -0.0619353718723 0)
(0.246409069795 -0.0588741444269 0)
(0.25456692206 -0.0558346453368 0)
(0.262340062294 -0.0528225686398 0)
(0.269724238134 -0.0498405365149 0)
(0.276716250368 -0.046888857075 0)
(0.283313643975 -0.0439660834812 0)
(0.289514440375 -0.0410694257255 0)
(0.295316907595 -0.0381950529113 0)
(0.300719363933 -0.0353383139832 0)
(0.305720010372 -0.0324938976202 0)
(0.310316787219 -0.0296559466765 0)
(0.314507250914 -0.0268181386342 0)
(0.318288467585 -0.023973740655 0)
(0.321656920551 -0.0211156457041 0)
(0.3246084296 -0.0182363946862 0)
(0.327138080411 -0.0153281884268 0)
(0.329240163007 -0.0123828925613 0)
(0.337956675434 -0.0108103486155 0)
(0.339136161802 -0.0073339369254 0)
(0.339896925407 -0.00378554647729 0)
(0.340230581057 -0.000154863339554 0)
(0.34012805747 0.00356876276805 0)
(0.339579613247 0.00739629114173 0)
(0.338574872229 0.0113389488683 0)
(0.337102881866 0.0154081703085 0)
(0.335152199198 0.0196155103579 0)
(0.332711010184 0.023972522463 0)
(0.329767289397 0.0284905895546 0)
(0.326309008572 0.033180692251 0)
(0.32232440405 0.0380530935825 0)
(0.317802314693 0.0431169126334 0)
(0.312732603072 0.0483795503181 0)
(0.307106673271 0.053845918266 0)
(0.300918097867 0.0595174054455 0)
(0.294163363763 0.0653904954242 0)
(0.286842740316 0.0714549182561 0)
(0.278961261625 0.077691182594 0)
(0.270529793794 0.0840672830284 0)
(0.26156611874 0.0905343122637 0)
(0.252095890251 0.0970206275533 0)
(0.242153171422 0.103424133811 0)
(0.231779992684 0.109602179178 0)
(0.22102391842 0.1153585761 0)
(0.20993196195 0.12042747739 0)
(0.198538443601 0.124454405435 0)
(0.186843737833 0.126975770464 0)
(0.174780187746 0.127399769511 0)
(0.162159464494 0.124994167398 0)
(0.14858989971 0.118893952395 0)
(0.133349042108 0.108176303122 0)
(0.115195438665 0.0921341314065 0)
(0.0923526472936 0.0700833511804 0)
(0.0646469290556 0.0429521700122 0)
(0.0207541217916 0.0113024450719 0)
(0.00354302076299 0.000449998363528 0)
(0 0 0)
(0 0 0)
(0 0 0)
(0 0 0)
(0 0 0)
(0.0029746962412 -0.000374847326289 0)
(0.016752872032 -0.00888978392928 0)
(0.0508856456099 -0.0324673988206 0)
(0.0720294362283 -0.0519119056421 0)
(0.089913183205 -0.067420848235 0)
(0.104617450073 -0.0789360385654 0)
(0.117284298618 -0.0872020709094 0)
(0.128749085089 -0.0926693837644 0)
(0.139513691236 -0.0958767726075 0)
(0.149874626511 -0.0973145506651 0)
(0.159995302845 -0.0973931977343 0)
(0.169954985304 -0.0964455140583 0)
(0.179781023981 -0.0947351621502 0)
(0.189470713716 -0.092467089119 0)
(0.199005746227 -0.0897982214626 0)
(0.20836115004 -0.0868473431659 0)
(0.217510403134 -0.0837035495455 0)
(0.226428118941 -0.0804331126747 0)
(0.235091307186 -0.0770848754837 0)
(0.243479841188 -0.0736944099625 0)
(0.251576497962 -0.0702871909073 0)
(0.259366775133 -0.0668810068104 0)
(0.266838598124 -0.0634877872335 0)
(0.273981982258 -0.0601149861792 0)
(0.280788687405 -0.0567666281736 0)
(0.287251886847 -0.0534440982229 0)
(0.293365861981 -0.0501467372847 0)
(0.29912572795 -0.0468722900738 0)
(0.304527191182 -0.0436172407577 0)
(0.309566337401 -0.0403770635342 0)
(0.314239447418 -0.0371464085819 0)
(0.318542837592 -0.0339192389501 0)
(0.322472721852 -0.0306889302331 0)
(0.326025092499 -0.0274483420848 0)
(0.329195617402 -0.0241898685479 0)
(0.331979551692 -0.020905472629 0)
(0.334371662527 -0.0175867094353 0)
(0.336366165963 -0.0142247414028 0)
(0.345929555256 -0.0121620266441 0)
(0.347054995154 -0.00828706663814 0)
(0.347796197388 -0.00433251180139 0)
(0.348145793193 -0.000287506247133 0)
(0.34809602562 0.00385912545244 0)
(0.347638784938 0.00811883086451 0)
(0.346765667338 0.0125032650532 0)
(0.345468060716 0.0170242024315 0)
(0.34373726215 0.0216934171938 0)
(0.341564632693 0.0265225222068 0)
(0.338941796161 0.0315227533093 0)
(0.335860889704 0.0367046821084 0)
(0.332314874965 0.0420778352835 0)
(0.328297919412 0.0476501917755 0)
(0.323805857564 0.0534275206027 0)
(0.318836740872 0.059412510913 0)
(0.313391482172 0.0656036316081 0)
(0.307474594878 0.0719936397868 0)
(0.301095016961 0.0785676346001 0)
(0.294266992932 0.0853005251923 0)
(0.287010959612 0.0921537480492 0)
(0.279354335833 0.0990710315645 0)
(0.271332038684 0.105972969368 0)
(0.262986416313 0.112750143599 0)
(0.25436606853 0.119254567978 0)
(0.245522695238 0.125289362415 0)
(0.236504681643 0.130596930084 0)
(0.227345693261 0.134846617909 0)
(0.218046280101 0.137624025468 0)
(0.208546458513 0.138425896954 0)
(0.198687254679 0.136667247572 0)
(0.188159470634 0.131712386811 0)
(0.176442064039 0.122951432346 0)
(0.162739710517 0.109955225016 0)
(0.145999831126 0.092765802698 0)
(0.125816084137 0.0721935856773 0)
(0.0986126977079 0.0482147506453 0)
(0.0730228467087 0.0273780180379 0)
(0.0402393255061 0.0120460704971 0)
(0.0271745885318 0.00347998157625 0)
(0.0221770224259 -4.74959174311e-05 0)
(0.0256540673158 -0.00325187284792 0)
(0.0360600057242 -0.0103800576128 0)
(0.0628486474523 -0.0224337011084 0)
(0.0826715478381 -0.0380417843897 0)
(0.103682742005 -0.0554777947305 0)
(0.119191453389 -0.0698125215583 0)
(0.132384859366 -0.0817952893268 0)
(0.143582744479 -0.0912030431019 0)
(0.153475056031 -0.0980936005339 0)
(0.162571443048 -0.102739169776 0)
(0.171216521788 -0.105479841802 0)
(0.179629087946 -0.106658676808 0)
(0.187934855972 -0.10658922357 0)
(0.196195044274 -0.105542589199 0)
(0.204428559344 -0.103744629653 0)
(0.212628385877 -0.101378474884 0)
(0.220773097147 -0.0985896630039 0)
(0.228834442956 -0.0954921364605 0)
(0.236782034279 -0.0921740623942 0)
(0.244586051479 -0.0887029742302 0)
(0.252218692155 -0.0851300768231 0)
(0.259654848812 -0.0814937406484 0)
(0.266872327541 -0.0778222866152 0)
(0.273851798697 -0.0741361814709 0)
(0.280576596622 -0.0704497565614 0)
(0.287032441281 -0.0667725468222 0)
(0.293207127637 -0.0631103298342 0)
(0.299090211272 -0.0594659293942 0)
(0.304672707259 -0.0558398350119 0)
(0.309946811519 -0.0522306780294 0)
(0.314905648775 -0.0486355963757 0)
(0.319543048048 -0.0450505130153 0)
(0.323853344755 -0.041470347643 0)
(0.327831207566 -0.0378891768496 0)
(0.331471487851 -0.0343003546203 0)
(0.334769089549 -0.0306966024403 0)
(0.337718857548 -0.0270700763112 0)
(0.340315482993 -0.0234124165 0)
(0.342553424315 -0.019714784755 0)
(0.344426843215 -0.0159678929547 0)
(0.354762699925 -0.0134384959791 0)
(0.355827054004 -0.00920057841135 0)
(0.356544334193 -0.00487634757781 0)
(0.356908222432 -0.000454698017815 0)
(0.356912309249 0.0040757616287 0)
(0.356550146453 0.00872663761587 0)
(0.355815326245 0.0135096594489 0)
(0.354701590406 0.0184365605567 0)
(0.353202973999 0.02351892252 0)
(0.351313988771 0.0287679718464 0)
(0.349029852233 0.0341943153574 0)
(0.346346769079 0.0398075964795 0)
(0.343262272048 0.0456160498994 0)
(0.339775629313 0.051625925898 0)
(0.335888324588 0.0578407479532 0)
(0.331604613839 0.0642603576252 0)
(0.32693215793 0.0708796890503 0)
(0.321882722725 0.0776872014528 0)
(0.316472925508 0.0846628820367 0)
(0.310724987059 0.0917757140052 0)
(0.304667418975 0.098980486887 0)
(0.298335530364 0.1062138125 0)
(0.291771567838 0.113389207816 0)
(0.28502419471 0.120391132201 0)
(0.278146855161 0.127067952229 0)
(0.271194353143 0.133224005387 0)
(0.264216733837 0.138611321417 0)
(0.257249377865 0.142922224079 0)
(0.25029825282 0.145785043104 0)
(0.24331965824 0.14676654428 0)
(0.236194667773 0.145386500256 0)
(0.228700348217 0.141152320214 0)
(0.22048530198 0.13362486862 0)
(0.211072138541 0.1225283994 0)
(0.199936059608 0.107921258374 0)
(0.18662772795 0.0903797416683 0)
(0.170268808631 0.0703598965891 0)
(0.154066884723 0.0521955621639 0)
(0.138263926942 0.0342728755313 0)
(0.127304014879 0.0155524555985 0)
(0.121308490286 0.0013040421085 0)
(0.122130817111 -0.0119127314741 0)
(0.127781272387 -0.0276915218542 0)
(0.137842276801 -0.0416751634142 0)
(0.148552521507 -0.0548039997262 0)
(0.159944591726 -0.0690784764425 0)
(0.169457176912 -0.0814095969819 0)
(0.177817535953 -0.091801448902 0)
(0.18529464705 -0.100051580842 0)
(0.192163394094 -0.106195223752 0)
(0.198681583382 -0.110409970655 0)
(0.2050473298 -0.112937645793 0)
(0.211392939026 -0.114038790337 0)
(0.217794347528 -0.113964800361 0)
(0.224284598796 -0.112943026954 0)
(0.23086664603 -0.11117038281 0)
(0.237523991564 -0.108812233716 0)
(0.244228805564 -0.106004334634 0)
(0.250947679804 -0.102856244669 0)
(0.257645442789 -0.0994552047704 0)
(0.264287535575 -0.0958698984926 0)
(0.270841390383 -0.0921538201394 0)
(0.277277148176 -0.0883481577827 0)
(0.283567949939 -0.0844841944471 0)
(0.289689959333 -0.0805852733812 0)
(0.295622221686 -0.0766683875369 0)
(0.301346429419 -0.0727454540025 0)
(0.306846640772 -0.0688243289716 0)
(0.312108982634 -0.0649096116846 0)
(0.317121357066 -0.061003278336 0)
(0.321873163206 -0.0571051799855 0)
(0.326355040866 -0.0532134323297 0)
(0.330558638549 -0.0493247198935 0)
(0.334476406462 -0.045434532771 0)
(0.338101413818 -0.0415373504228 0)
(0.341427189141 -0.0376267841135 0)
(0.344447582081 -0.0336956872714 0)
(0.347156645306 -0.0297362412499 0)
(0.349548535255 -0.0257400225979 0)
(0.35161743081 -0.0216980569233 0)
(0.353357469341 -0.0176008637111 0)
(0.364386326952 -0.0146316090495 0)
(0.365382738095 -0.0100687010814 0)
(0.366071334795 -0.00541368247839 0)
(0.366446858768 -0.000655485115436 0)
(0.366504245987 0.00421719674014 0)
(0.366238693742 0.00921580916477 0)
(0.365645756186 0.0143518174102 0)
(0.364721471746 0.0196365531318 0)
(0.36346252638 0.025081020596 0)
(0.361866457167 0.0306956502404 0)
(0.359931901169 0.0364899851406 0)
(0.357658894731 0.0424722823994 0)
(0.355049228233 0.0486490070599 0)
(0.35210686053 0.0550241907181 0)
(0.348838395466 0.0615986204488 0)
(0.345253619426 0.068368815921 0)
(0.34136609306 0.0753257437052 0)
(0.337193781123 0.0824532081167 0)
(0.332759690474 0.0897258481843 0)
(0.328092466 0.0971066618927 0)
(0.323226865145 0.104543974344 0)
(0.318203990357 0.11196777063 0)
(0.313071100301 0.119285335577 0)
(0.307880739345 0.126376196222 0)
(0.302688817551 0.133086473878 0)
(0.297551148722 0.139222958772 0)
(0.292517846722 0.14454756917 0)
(0.287624966548 0.148773392497 0)
(0.282882971549 0.151564241963 0)
(0.278262140637 0.152540560365 0)
(0.273676049968 0.151295483672 0)
(0.268966177275 0.147425826626 0)
(0.263894720835 0.140583219687 0)
(0.258160165514 0.130548394313 0)
(0.25145186991 0.117320218563 0)
(0.243511511013 0.101181883444 0)
(0.234196703816 0.082768311963 0)
(0.224616189334 0.0638447143536 0)
(0.215420711885 0.0436041624588 0)
(0.207826679879 0.0229711774019 0)
(0.202794299712 0.00445449062152 0)
(0.201330992211 -0.0131397833941 0)
(0.202643884825 -0.0311537288602 0)
(0.205916839914 -0.0476684245953 0)
(0.210209884269 -0.0621941389413 0)
(0.215097777085 -0.0759115465939 0)
(0.219673075274 -0.0878074454974 0)
(0.223966576407 -0.0976949482392 0)
(0.228056594576 -0.105559040804 0)
(0.232047165811 -0.111483784129 0)
(0.236053434718 -0.115629278195 0)
(0.24017216587 -0.118199266816 0)
(0.244468846457 -0.11941317584 0)
(0.24897725575 -0.119486400386 0)
(0.253704545472 -0.118618256173 0)
(0.2586378998 -0.116985751685 0)
(0.263750956534 -0.114741417074 0)
(0.269009201569 -0.11201373819 0)
(0.274374097777 -0.108909069305 0)
(0.279806019867 -0.105514223089 0)
(0.28526620781 -0.101899226328 0)
(0.290717978566 -0.098119952641 0)
(0.296127405965 -0.0942204929583 0)
(0.301463632246 -0.0902352141881 0)
(0.306698931812 -0.0861905053056 0)
(0.311808614156 -0.082106234105 0)
(0.316770828061 -0.0779969478841 0)
(0.321566310971 -0.0738728538881 0)
(0.326178113889 -0.06974061407 0)
(0.330591322174 -0.0656039855971 0)
(0.334792785246 -0.0614643346629 0)
(0.33877086296 -0.0573210471798 0)
(0.342515192849 -0.0531718561471 0)
(0.346016480042 -0.0490131021239 0)
(0.34926631025 -0.0448399403258 0)
(0.352256985405 -0.040646505432 0)
(0.354981381136 -0.036426043206 0)
(0.357432825193 -0.0321710164505 0)
(0.359604995998 -0.0278731915788 0)
(0.361491840716 -0.0235237111624 0)
(0.363087512504 -0.0191131571529 0)
(0.374725814998 -0.0157337213486 0)
(0.375647681852 -0.0108855870153 0)
(0.376302505589 -0.00594046951715 0)
(0.376686074165 -0.000887610310773 0)
(0.376794635574 0.00428392660921 0)
(0.376624975792 0.00958512956203 0)
(0.376174526136 0.0150268871641 0)
(0.375441502965 0.0206198012627 0)
(0.374425083026 0.0263739549743 0)
(0.373125617999 0.0322986238869 0)
(0.371544891867 0.0384019158768 0)
(0.369686424515 0.0446903218004 0)
(0.36755582423 0.0511681554772 0)
(0.365161190301 0.0578368568263 0)
(0.362513564269 0.0646941267861 0)
(0.359627424082 0.0717328568545 0)
(0.356521208708 0.0789398100476 0)
(0.353217850896 0.0862940044128 0)
(0.34974528159 0.0937647460577 0)
(0.34613684991 0.101309257772 0)
(0.342431575995 0.108869854764 0)
(0.338674118725 0.11637063556 0)
(0.334914294499 0.123713691525 0)
(0.331205925919 0.130774904793 0)
(0.327604733533 0.137399519623 0)
(0.324164922663 0.143397860008 0)
(0.320934092672 0.148541851714 0)
(0.317946164942 0.152563404024 0)
(0.315212267896 0.155156199051 0)
(0.312710018915 0.155982960843 0)
(0.310372501139 0.154690715908 0)
(0.308079634916 0.150936719369 0)
(0.30565690563 0.144427138715 0)
(0.302888902994 0.134967876034 0)
(0.299552467291 0.122519826522 0)
(0.295461343129 0.107245310465 0)
(0.290556582215 0.0895724488646 0)
(0.285231720074 0.0702872420226 0)
(0.279844839048 0.049589065498 0)
(0.274774364923 0.0283739947762 0)
(0.27063288393 0.00790939070729 0)
(0.268019693541 -0.011806589138 0)
(0.266670923281 -0.0309187466304 0)
(0.266222174271 -0.0485620025432 0)
(0.266493077344 -0.0642686055963 0)
(0.267275073091 -0.0782552090719 0)
(0.268233928469 -0.0902501572126 0)
(0.269331095837 -0.100191321669 0)
(0.270593265346 -0.108134055341 0)
(0.272065960206 -0.114196889776 0)
(0.273800820004 -0.118542859395 0)
(0.275841013178 -0.121361254526 0)
(0.278212576841 -0.122850519995 0)
(0.280922400892 -0.123205062749 0)
(0.2839601746 -0.122606451266 0)
(0.28730203478 -0.121218373397 0)
(0.290914578574 -0.119184461246 0)
(0.294758531214 -0.116628117997 0)
(0.298791752396 -0.113653603903 0)
(0.302971511042 -0.110347805785 0)
(0.307256093038 -0.106782287303 0)
(0.311605860766 -0.103015365019 0)
(0.315983889692 -0.0990940649385 0)
(0.320356292329 -0.0950558874756 0)
(0.324692319162 -0.090930354115 0)
(0.32896430637 -0.0867403353309 0)
(0.333147523521 -0.0825031735932 0)
(0.337219960844 -0.0782316221808 0)
(0.341162084863 -0.0739346230234 0)
(0.344956582637 -0.0696179467143 0)
(0.348588108318 -0.0652847163309 0)
(0.352043040885 -0.0609358344943 0)
(0.355309258422 -0.0565703306482 0)
(0.358375931913 -0.0521856431262 0)
(0.361233339988 -0.0477778483646 0)
(0.36387270506 -0.0433418476704 0)
(0.366286050782 -0.0388715203144 0)
(0.368466080503 -0.0343598503769 0)
(0.370406076358 -0.0297990336955 0)
(0.372099818736 -0.0251805704618 0)
(0.373541526048 -0.0204953484322 0)
(0.385702607493 -0.016737766302 0)
(0.386543663869 -0.0116453927398 0)
(0.387159390013 -0.00645207490244 0)
(0.38754658731 -0.00114761346217 0)
(0.387702755742 0.00427829954705 0)
(0.387626178952 0.00983592716753 0)
(0.387316038494 0.0155353045778 0)
(0.3867725596 0.0213860183092 0)
(0.385997190941 0.0273969375981 0)
(0.38499282079 0.0335758859423 0)
(0.383764031754 0.039929238612 0)
(0.382317395553 0.0464614291252 0)
(0.38066180807 0.0531743445186 0)
(0.378808862864 0.060066585664 0)
(0.376773258021 0.0671325650347 0)
(0.374573226352 0.0743614104748 0)
(0.372230971786 0.0817356401372 0)
(0.369773084789 0.0892295716551 0)
(0.367230895995 0.0968074290657 0)
(0.364640709202 0.104421115961 0)
(0.362043831776 0.112007635757 0)
(0.359486291842 0.11948616413 0)
(0.357018097565 0.126754820871 0)
(0.354691856034 0.133687257524 0)
(0.352560533507 0.140129284766 0)
(0.350674118129 0.145895922609 0)
(0.349074966056 0.150769477239 0)
(0.347791711721 0.154499528335 0)
(0.346831852106 0.156806022782 0)
(0.346173521754 0.157386951672 0)
(0.345757601979 0.155932232564 0)
(0.345482196758 0.152145264816 0)
(0.345202607532 0.145772858756 0)
(0.344740534803 0.136642267402 0)
(0.343904372366 0.124700751793 0)
(0.342520350476 0.110052583368 0)
(0.340491973742 0.0929965261156 0)
(0.337902494393 0.0740234449347 0)
(0.334857840724 0.0535575140614 0)
(0.331479953329 0.0323363325163 0)
(0.328089611362 0.0112690664105 0)
(0.325029416189 -0.0092269680517 0)
(0.322293205349 -0.028845779064 0)
(0.319821661368 -0.046974494799 0)
(0.317671772767 -0.0632280141761 0)
(0.315846763125 -0.0775487517595 0)
(0.314283397469 -0.0898252026989 0)
(0.312998057262 -0.100049105811 0)
(0.312031700929 -0.108297187766 0)
(0.311425623758 -0.114697800305 0)
(0.311215202907 -0.119411753477 0)
(0.311424782544 -0.122617675246 0)
(0.312064379726 -0.124499620307 0)
(0.313129195181 -0.12523744209 0)
(0.314601212368 -0.125000102142 0)
(0.316451860766 -0.123941589179 0)
(0.318644981849 -0.122198926523 0)
(0.321139628903 -0.119891719907 0)
(0.323892455847 -0.117122745926 0)
(0.326859607795 -0.113979169657 0)
(0.329998124219 -0.110534082623 0)
(0.33326691538 -0.10684814821 0)
(0.336627389844 -0.102971219222 0)
(0.340043809902 -0.0989438489867 0)
(0.343483442869 -0.0947986560186 0)
(0.346916565016 -0.0905615272633 0)
(0.350316363805 -0.0862526603937 0)
(0.353658774094 -0.0818874545959 0)
(0.356922275398 -0.0774772640281 0)
(0.360087670097 -0.0730300300842 0)
(0.363137856816 -0.0685508088156 0)
(0.366057608702 -0.0640422090617 0)
(0.368833363062 -0.0595047554899 0)
(0.37145302644 -0.0549371891836 0)
(0.373905797557 -0.0503367168419 0)
(0.376182009467 -0.0456992181811 0)
(0.378272991605 -0.0410194198347 0)
(0.38017095203 -0.0362910429541 0)
(0.381868879987 -0.0315069308201 0)
(0.383360468918 -0.026659162095 0)
(0.384640060126 -0.0217391548626 0)
(0.397235115231 -0.0176373277839 0)
(0.39798951202 -0.0123423706003 0)
(0.398560688816 -0.0069433917532 0)
(0.398946412092 -0.0014309716849 0)
(0.399145352571 0.0042043436245 0)
(0.399157173601 0.00997186123574 0)
(0.398982647418 0.0158805285155 0)
(0.398623800893 0.0219386805493 0)
(0.398084092307 0.0281537377677 0)
(0.397368620353 0.0345318421785 0)
(0.396484365951 0.0410774186405 0)
(0.395440466426 0.0477926453811 0)
(0.394248519889 0.0546768155094 0)
(0.392922915164 0.0617255687036 0)
(0.391481178886 0.06892996977 0)
(0.389944326166 0.0762754087447 0)
(0.388337193998 0.0837402961899 0)
(0.386688726876 0.0912945282266 0)
(0.385032171527 0.0988976999384 0)
(0.383405121763 0.106497054936 0)
(0.381849335249 0.114025175725 0)
(0.380410221774 0.121397447572 0)
(0.379135878624 0.128509372607 0)
(0.37807552598 0.135233876798 0)
(0.377277179896 0.141418846947 0)
(0.376784403892 0.14688526393 0)
(0.376632020971 0.151426463259 0)
(0.376840771578 0.154809245324 0)
(0.377411098086 0.156777747288 0)
(0.378316545576 0.157061124256 0)
(0.37949770091 0.155386089562 0)
(0.380858127065 0.151495119045 0)
(0.382264262468 0.145170460117 0)
(0.383551325279 0.13626281334 0)
(0.384536405636 0.124721944544 0)
(0.385039900806 0.110626042016 0)
(0.384920832007 0.0942056921827 0)
(0.384115788886 0.0758374856644 0)
(0.38259571154 0.0559714907372 0)
(0.380378195215 0.0352418546248 0)
(0.377615851306 0.0143779004971 0)
(0.374509618846 -0.00607651545649 0)
(0.371154749092 -0.0256581570336 0)
(0.367638343991 -0.0438518693625 0)
(0.364106869699 -0.0602982289513 0)
(0.360680794991 -0.0748405990248 0)
(0.357437047679 -0.0873891845081 0)
(0.354456563488 -0.097941379456 0)
(0.351813914368 -0.106567672615 0)
(0.349568526913 -0.113386970775 0)
(0.347763253865 -0.118547957887 0)
(0.346424298442 -0.122215226606 0)
(0.34556167521 -0.124558481741 0)
(0.345170609035 -0.125744393259 0)
(0.345233752174 -0.125930874639 0)
(0.345723823343 -0.12526344593 0)
(0.346606299682 -0.123873274081 0)
(0.347841905298 -0.121876482133 0)
(0.349388751014 -0.119374355635 0)
(0.351204068278 -0.116454133123 0)
(0.353245541379 -0.113190135413 0)
(0.355472277535 -0.109645054305 0)
(0.357845470116 -0.105871277655 0)
(0.360328813442 -0.101912171797 0)
(0.362888723841 -0.0978032745804 0)
(0.365494414957 -0.0935733748859 0)
(0.368117867602 -0.089245469732 0)
(0.370733726815 -0.0848375998854 0)
(0.373319151881 -0.0803635708815 0)
(0.375853638972 -0.0758335696413 0)
(0.378318831061 -0.0712546883374 0)
(0.380698325704 -0.0666313674489 0)
(0.38297748816 -0.0619657694984 0)
(0.385143274978 -0.0572580941427 0)
(0.387184071487 -0.0525068442887 0)
(0.389089545437 -0.0477090518824 0)
(0.390850518243 -0.0428604710627 0)
(0.392458854766 -0.0379557455346 0)
(0.393907372296 -0.0329885563103 0)
(0.395189769252 -0.0279517554299 0)
(0.396300574125 -0.0228374908903 0)
(0.409239600501 -0.0184267076744 0)
(0.409901986697 -0.012970967075 0)
(0.410423153023 -0.0074089723106 0)
(0.410801771098 -0.00173227020955 0)
(0.411037585541 0.00406755059603 0)
(0.411131502073 0.00999865195289 0)
(0.411085701197 0.0160687058696 0)
(0.410903778342 0.022284613202 0)
(0.410590910973 0.0286521717429 0)
(0.410154052676 0.035175682728 0)
(0.409602153229 0.0418574832097 0)
(0.40894640238 0.048697390064 0)
(0.408200492975 0.0556920396878 0)
(0.407380896295 0.0628341058549 0)
(0.406507138495 0.0701113769994 0)
(0.405602061753 0.0775056738012 0)
(0.404692046735 0.0849915889353 0)
(0.403807163996 0.0925350341218 0)
(0.402981210761 0.100091586383 0)
(0.402251576137 0.107604637329 0)
(0.401658862487 0.115003368514 0)
(0.401246174401 0.122200605205 0)
(0.401057971104 0.129090643435 0)
(0.401138366676 0.135547204813 0)
(0.401528760707 0.141421753277 0)
(0.402264699068 0.146542509503 0)
(0.403371913277 0.150714618751 0)
(0.404861583396 0.153722055002 0)
(0.406725028801 0.155331953679 0)
(0.408928261908 0.155302116984 0)
(0.411407136009 0.153392373528 0)
(0.414064144288 0.149380224852 0)
(0.416768181551 0.143080689554 0)
(0.419358565158 0.134369417894 0)
(0.421654263847 0.123207185955 0)
(0.423469305839 0.109663134305 0)
(0.424635432831 0.0939320725573 0)
(0.425024007144 0.0763339991475 0)
(0.424543731878 0.057292853586 0)
(0.423160352171 0.0373590336744 0)
(0.420937576485 0.0171474783537 0)
(0.418000436358 -0.00279136830861 0)
(0.414470644898 -0.0219638987149 0)
(0.410490570914 -0.0399079730411 0)
(0.406239859757 -0.0562791846073 0)
(0.401891049589 -0.0708782808411 0)
(0.397589134107 -0.0836016164809 0)
(0.393461204592 -0.0944304249901 0)
(0.38961353643 -0.103414541574 0)
(0.386128604037 -0.110651955716 0)
(0.383065659426 -0.116271452914 0)
(0.380462675763 -0.120419164449 0)
(0.378338683193 -0.123248268137 0)
(0.376696400834 -0.124911305795 0)
(0.375525078845 -0.125554731836 0)
(0.374803371669 -0.125315316902 0)
(0.374502063267 -0.124318033235 0)
(0.374586513875 -0.122675073308 0)
(0.375018754463 -0.120485693436 0)
(0.375759204093 -0.117836623101 0)
(0.376768021623 -0.114802832816 0)
(0.378006126041 -0.111448503235 0)
(0.379435931015 -0.107828081824 0)
(0.38102184244 -0.103987348959 0)
(0.382730565906 -0.09996444271 0)
(0.384531266437 -0.0957908119399 0)
(0.386395617107 -0.0914920818466 0)
(0.388297767082 -0.0870888261912 0)
(0.390214253871 -0.0825972470894 0)
(0.392123879357 -0.0780297674288 0)
(0.394007564693 -0.0733955433383 0)
(0.395848195453 -0.068700905276 0)
(0.397630465463 -0.0639497366058 0)
(0.39934072544 -0.0591437983439 0)
(0.400966840839 -0.0542830082807 0)
(0.402498062027 -0.0493656820727 0)
(0.403924909006 -0.0443887432737 0)
(0.405239072268 -0.0393479086906 0)
(0.406433330972 -0.0342378549326 0)
(0.407501489366 -0.0290523716369 0)
(0.408438332288 -0.0237845065719 0)
(0.421631027526 -0.0191009859895 0)
(0.422196627005 -0.0135259232537 0)
(0.422662434368 -0.00784317191455 0)
(0.423027958669 -0.00204539464972 0)
(0.423293911516 0.00387462873084 0)
(0.423462291659 0.00992376971058 0)
(0.423536492063 0.0161082862907 0)
(0.423521429584 0.0224335169562 0)
(0.423423696794 0.0289035243484 0)
(0.423251734744 0.0355206785272 0)
(0.423016024301 0.0422851685593 0)
(0.42272929207 0.049194430037 0)
(0.422406724704 0.0562424751419 0)
(0.422066182408 0.0634191111955 0)
(0.42172839846 0.0707090335876 0)
(0.421417146446 0.0780907799664 0)
(0.421159350386 0.0855355351723 0)
(0.420985104915 0.0930057814625 0)
(0.420927563167 0.100453797137 0)
(0.421022639154 0.107820020137 0)
(0.421308459897 0.115031313246 0)
(0.421824491424 0.121999196062 0)
(0.422610253956 0.128618148151 0)
(0.423703538412 0.134764139484 0)
(0.42513804344 0.140293609523 0)
(0.426940376522 0.145043194136 0)
(0.429126413051 0.148830584734 0)
(0.431697093147 0.151456985321 0)
(0.434633865138 0.152711690359 0)
(0.437894158289 0.152379309545 0)
(0.441407474875 0.150250075976 0)
(0.445072901181 0.146133446298 0)
(0.44875898279 0.139874793241 0)
(0.452306903364 0.13137439803 0)
(0.455537751442 0.120607257981 0)
(0.458264525151 0.107641458034 0)
(0.460308775434 0.0926513969423 0)
(0.46151773496 0.0759201110063 0)
(0.461775426162 0.057830772298 0)
(0.461021922306 0.0388616546114 0)
(0.459274976012 0.0195422412816 0)
(0.45661652795 0.000383995984732 0)
(0.453164303983 -0.0181412525769 0)
(0.449071312619 -0.0356120755437 0)
(0.444521983282 -0.0517006360974 0)
(0.439704624325 -0.0661907695423 0)
(0.434792029236 -0.0789603312499 0)
(0.429936852895 -0.0899679564075 0)
(0.42526757809 -0.0992376231527 0)
(0.420886318984 -0.106841423004 0)
(0.41686938428 -0.112884015278 0)
(0.413269417143 -0.117489935774 0)
(0.410118190119 -0.120793657779 0)
(0.40742966338 -0.122932066827 0)
(0.405203100165 -0.124038997859 0)
(0.403426078224 -0.124241483652 0)
(0.402077272156 -0.123657376354 0)
(0.401128924283 -0.122394032984 0)
(0.400548962329 -0.120547794644 0)
(0.400302755496 -0.118204032183 0)
(0.400354524946 -0.115437574473 0)
(0.400668440446 -0.112313376132 0)
(0.40120944323 -0.108887317352 0)
(0.401943837778 -0.105207058432 0)
(0.402839694162 -0.101312895461 0)
(0.403867099241 -0.0972385820972 0)
(0.404998290512 -0.0930120961408 0)
(0.406207701462 -0.0886563396578 0)
(0.407471942417 -0.0841897684474 0)
(0.408769736314 -0.0796269514121 0)
(0.410081824879 -0.0749790634278 0)
(0.411390857249 -0.0702543171217 0)
(0.412681270299 -0.0654583398905 0)
(0.413939167715 -0.0605945028494 0)
(0.415152203066 -0.0556642083935 0)
(0.416309470832 -0.0506671428237 0)
(0.417401408329 -0.0456015001805 0)
(0.418419710723 -0.0404641830834 0)
(0.419357260853 -0.0352509860599 0)
(0.420208075172 -0.0299567665981 0)
(0.420967266925 -0.0245756089938 0)
(0.434323866366 -0.019656071421 0)
(0.434788547429 -0.014002373152 0)
(0.435193880958 -0.0082402980775 0)
(0.43554014153 -0.00236373540239 0)
(0.435828895898 0.00363323679934 0)
(0.43606308133 0.00975609930318 0)
(0.436247102728 0.016009606326 0)
(0.436386947912 0.022397459452 0)
(0.436490319735 0.0289219326131 0)
(0.436566782725 0.0355834390739 0)
(0.436627920653 0.0423800306422 0)
(0.436687499662 0.0493068187193 0)
(0.43676162925 0.0563553064815 0)
(0.436868910416 0.0635126216276 0)
(0.437030556399 0.0707606400536 0)
(0.437270466701 0.0780749929203 0)
(0.437615229203 0.0854239534068 0)
(0.438094018366 0.0927672057147 0)
(0.438738349689 0.100054508501 0)
(0.439581642306 0.107224278945 0)
(0.440658533484 0.114202143356 0)
(0.442003882061 0.120899526847 0)
(0.4436513945 0.127212389337 0)
(0.445631809952 0.133020258687 0)
(0.44797059351 0.138185763665 0)
(0.450685114612 0.14255492744 0)
(0.453781336322 0.145958540723 0)
(0.457250116381 0.148214982302 0)
(0.461063325971 0.149134877505 0)
(0.465170125063 0.148527960066 0)
(0.469493883238 0.146212403149 0)
(0.473930377389 0.142026682669 0)
(0.478347991876 0.135843709058 0)
(0.482590648045 0.127586514596 0)
(0.486484090702 0.117244246329 0)
(0.489845947626 0.104886577857 0)
(0.492499278933 0.0906737856715 0)
(0.494287563219 0.0748592235281 0)
(0.495088846616 0.0577835236733 0)
(0.494832297619 0.0398624438491 0)
(0.493511967437 0.0215548705453 0)
(0.491183179811 0.00331941297375 0)
(0.487949173662 -0.0144127539485 0)
(0.48395393865 -0.0312584084641 0)
(0.479371920133 -0.0469093555349 0)
(0.474388075046 -0.0611459959196 0)
(0.4691807764 -0.0738321136281 0)
(0.463912383901 -0.08490521562 0)
(0.458723324815 -0.0943639663559 0)
(0.453729058067 -0.102254120769 0)
(0.449019720415 -0.108655150661 0)
(0.444661569387 -0.113668733388 0)
(0.440699396878 -0.1174093846 0)
(0.437159395707 -0.119997143835 0)
(0.434052164653 -0.121552089058 0)
(0.431375645569 -0.122190407464 0)
(0.429117856655 -0.122021741308 0)
(0.427259340151 -0.121147543486 0)
(0.425775284507 -0.119660206586 0)
(0.424637312043 -0.117642763756 0)
(0.423814944641 -0.115168995333 0)
(0.423276773789 -0.112303808846 0)
(0.422991368925 -0.109103790189 0)
(0.422927960999 -0.105617849399 0)
(0.423056938006 -0.101887905652 0)
(0.423350186971 -0.0979495728234 0)
(0.423781313465 -0.093832820063 0)
(0.424325765769 -0.0895625915873 0)
(0.424960886701 -0.0851593771651 0)
(0.42566591226 -0.0806397298892 0)
(0.42642193267 -0.0760167313689 0)
(0.427211828354 -0.0713004068102 0)
(0.428020190725 -0.0664980938847 0)
(0.428833235563 -0.0616147701126 0)
(0.429638714989 -0.0566533438878 0)
(0.430425832692 -0.0516149143921 0)
(0.431185165998 -0.0464990056249 0)
(0.431908597549 -0.0413037796679 0)
(0.432589258754 -0.0360262341722 0)
(0.433221486715 -0.0306623889545 0)
(0.433800795997 -0.0252074665309 0)
(0.447232840063 -0.0200887405481 0)
(0.447593175216 -0.0143959359466 0)
(0.44793326894 -0.00859475841575 0)
(0.448254088358 -0.00268039540775 0)
(0.448557943136 0.00335171080511 0)
(0.44884855539 0.00950559381581 0)
(0.449131144287 0.0157844613478 0)
(0.449412524031 0.022190354226 0)
(0.449701213133 0.028723758674 0)
(0.450007551742 0.0353831640993 0)
(0.45034382244 0.0421645581866 0)
(0.450724368033 0.0490608509985 0)
(0.451165697607 0.0560612200475 0)
(0.451686569147 0.0631503691411 0)
(0.452308033501 0.0703076955064 0)
(0.453053420149 0.0775063626585 0)
(0.453948240231 0.0847122811375 0)
(0.455019976667 0.0918830062279 0)
(0.456297725126 0.0989665717948 0)
(0.457811643722 0.105900293212 0)
(0.459592164156 0.112609590888 0)
(0.461668914055 0.1190069098 0)
(0.464069301021 0.124990840276 0)
(0.466816715809 0.130445580799 0)
(0.469928328253 0.135240923711 0)
(0.473412478458 0.139232986399 0)
(0.477265711369 0.142265948445 0)
(0.481469567987 0.144175080459 0)
(0.485987332229 0.144791350346 0)
(0.490761035439 0.14394785144 0)
(0.495709131085 0.141488195791 0)
(0.500725351799 0.137276837255 0)
(0.505679322488 0.131211021848 0)
(0.510419498285 0.123233710516 0)
(0.514778904373 0.113346400282 0)
(0.518583929606 0.101620293552 0)
(0.521665898586 0.0882037715414 0)
(0.523874273394 0.0733240251341 0)
(0.525090185364 0.0572817778713 0)
(0.52524008669 0.040438584902 0)
(0.524305806604 0.0231927726608 0)
(0.522324885588 0.00594904338224 0)
(0.519383790678 -0.0109066951236 0)
(0.515610095123 -0.0270283798016 0)
(0.511161444834 -0.042129725883 0)
(0.506209973937 -0.0559954548375 0)
(0.500927694056 -0.0684813034461 0)
(0.495476065683 -0.0795081850482 0)
(0.489999020015 -0.0890529078285 0)
(0.484618963359 -0.097137154503 0)
(0.479435356466 -0.103816403501 0)
(0.474525178872 -0.10916988046 0)
(0.469944583187 -0.113292017312 0)
(0.465731211862 -0.11628552727 0)
(0.46190681118 -0.118256015596 0)
(0.458479894458 -0.119307954692 0)
(0.455448291057 -0.119541815171 0)
(0.452801480746 -0.119052140222 0)
(0.450522659446 -0.117926364794 0)
(0.448590515692 -0.116244204456 0)
(0.446980720008 -0.114077465639 0)
(0.445667144219 -0.111490155832 0)
(0.444622836455 -0.108538797172 0)
(0.44382078186 -0.105272868754 0)
(0.443234480153 -0.101735321537 0)
(0.442838370233 -0.0979631248742 0)
(0.442608129729 -0.0939878158651 0)
(0.442520874481 -0.089836032155 0)
(0.442555279613 -0.0855300160295 0)
(0.442691640694 -0.081088082985 0)
(0.442911890368 -0.0765250518273 0)
(0.443199583125 -0.0718526360723 0)
(0.443539858513 -0.0670797982627 0)
(0.443919391022 -0.0622130700279 0)
(0.444326333258 -0.0572568414644 0)
(0.444750257591 -0.0522136238481 0)
(0.445182100429 -0.0470842899276 0)
(0.445614112336 -0.0418682961605 0)
(0.446039816569 -0.0365638912985 0)
(0.446453978049 -0.0311683157658 0)
(0.446852584363 -0.0256779963179 0)
(0.460273607402 -0.020396664505 0)
(0.460526921436 -0.0147027988064 0)
(0.460797463847 -0.00890120191263 0)
(0.461086822897 -0.00298839339276 0)
(0.461397942338 0.00303879388673 0)
(0.461735181337 0.00918293142095 0)
(0.462104384765 0.0154456815715 0)
(0.462512962013 0.0218274468177 0)
(0.462969971551 0.0283269753773 0)
(0.463486207329 0.0349409166482 0)
(0.464074281634 0.0416633199343 0)
(0.464748697235 0.0484850702235 0)
(0.465525899412 0.0553932555432 0)
(0.466424295755 0.062370461811 0)
(0.467464228445 0.0693939933966 0)
(0.468667880028 0.0764350211481 0)
(0.470059089529 0.0834576647934 0)
(0.471663051414 0.0904180239037 0)
(0.47350586548 0.0972631815246 0)
(0.475613901971 0.103930217684 0)
(0.478012943704 0.110345286801 0)
(0.480727066931 0.116422833826 0)
(0.483777226507 0.122065048774 0)
(0.487179520682 0.127161687462 0)
(0.490943128681 0.131590416172 0)
(0.495067942788 0.135217866488 0)
(0.49954195812 0.137901608848 0)
(0.504338539174 0.139493261972 0)
(0.509413751966 0.139842940599 0)
(0.514704030377 0.138805194129 0)
(0.520124526681 0.13624649121 0)
(0.525568564832 0.132054149411 0)
(0.53090865127 0.12614638966 0)
(0.53599947999 0.118482917295 0)
(0.540683273635 0.109075111757 0)
(0.544797591482 0.0979945719486 0)
(0.548185343282 0.0853784882625 0)
(0.550706224807 0.0714303220208 0)
(0.55224853319 0.0564147885632 0)
(0.552740272835 0.0406464957711 0)
(0.552157036439 0.0244713922457 0)
(0.550523745821 0.00824408185027 0)
(0.547910955432 -0.00769348807904 0)
(0.544428127666 -0.023030737734 0)
(0.540213848494 -0.0375043473772 0)
(0.535423360538 -0.0509080042491 0)
(0.530216294827 -0.0630947374051 0)
(0.524746751932 -0.0739739774408 0)
(0.519156087311 -0.0835051781519 0)
(0.513568306623 -0.0916895141313 0)
(0.508087779842 -0.098561002992 0)
(0.502798779127 -0.104178022134 0)
(0.497766295816 -0.108615768838 0)
(0.493037666287 -0.111959899528 0)
(0.488644644211 -0.114301387771 0)
(0.484605655147 -0.115732527231 0)
(0.480928049986 -0.116343946962 0)
(0.477610237173 -0.116222483206 0)
(0.474643621852 -0.115449750579 0)
(0.472014315501 -0.11410126672 0)
(0.469704604495 -0.112246001996 0)
(0.467694182872 -0.109946245499 0)
(0.465961165135 -0.107257698132 0)
(0.464482900992 -0.104229721604 0)
(0.463236616649 -0.100905687959 0)
(0.462199907803 -0.0973233877028 0)
(0.461351108464 -0.0935154656406 0)
(0.460669557846 -0.0895098624205 0)
(0.460135785195 -0.0853302467732 0)
(0.459731629867 -0.0809964288024 0)
(0.459440311477 -0.076524748723 0)
(0.459246462573 -0.0719284384282 0)
(0.459136134173 -0.0672179554075 0)
(0.459096782697 -0.0624012900523 0)
(0.459117245196 -0.057484248429 0)
(0.459187708493 -0.0524707132956 0)
(0.459299676744 -0.0473628866066 0)
(0.459445941024 -0.0421615170596 0)
(0.459620553807 -0.036866116441 0)
(0.459818810609 -0.031475168694 0)
(0.460037240583 -0.0259863357748 0)
(0.473363376193 -0.0205784224423 0)
(0.473507781257 -0.014919787711 0)
(0.473705008026 -0.009154648901 0)
(0.473957198093 -0.00328085589551 0)
(0.474267826896 0.00270337829646 0)
(0.474641752661 0.00879918632964 0)
(0.475085271379 0.0150067258901 0)
(0.47560617552 0.0213248243886 0)
(0.476213813213 0.0277505836601 0)
(0.476919143483 0.034278939432 0)
(0.477734781669 0.0409021706465 0)
(0.478675027457 0.0476093543743 0)
(0.47975586587 0.054385763214 0)
(0.480994929171 0.0612122038732 0)
(0.482411404862 0.0680642983355 0)
(0.484025871927 0.0749117128938 0)
(0.485860044201 0.0817173456898 0)
(0.487936396565 0.0884364906143 0)
(0.490277646782 0.0950160048569 0)
(0.492906063834 0.101393519379 0)
(0.495842573211 0.107496746378 0)
(0.499105631817 0.113242955384 0)
(0.502709851167 0.118538709697 0)
(0.506664358917 0.123279976409 0)
(0.5109709071 0.127352744574 0)
(0.515621762483 0.130634304184 0)
(0.520597451344 0.132995349211 0)
(0.525864478191 0.134303065089 0)
(0.531373193987 0.134425337275 0)
(0.537056050536 0.133236164484 0)
(0.542826536239 0.13062226966 0)
(0.548579133116 0.126490767618 0)
(0.554190650645 0.12077756957 0)
(0.559523261253 0.113455988258 0)
(0.564429465904 0.104544770575 0)
(0.568759031249 0.094114559047 0)
(0.57236764149 0.0822916352853 0)
(0.575126645153 0.0692578486685 0)
(0.57693299951 0.055245952101 0)
(0.577718271228 0.0405299408511 0)
(0.577454986306 0.025410490957 0)
(0.576158731175 0.0101974454274 0)
(0.573886037151 -0.00480763566853 0)
(0.570729050439 -0.019327260715 0)
(0.566807473304 -0.033121076661 0)
(0.562258571768 -0.0459944525996 0)
(0.557227002635 -0.0578018429577 0)
(0.551855954647 -0.0684458223921 0)
(0.546280233367 -0.0778730007382 0)
(0.540621440876 -0.086067992763 0)
(0.534985126755 -0.0930465082109 0)
(0.529459594157 -0.0988483905004 0)
(0.524115963886 -0.103531147505 0)
(0.519009112861 -0.107164273376 0)
(0.514179162274 -0.10982448333 0)
(0.50965326079 -0.111591866833 0)
(0.505447474251 -0.112546894563 0)
(0.50156865001 -0.112768177878 0)
(0.498016169644 -0.112330865414 0)
(0.494783538987 -0.111305561628 0)
(0.491859790219 -0.109757660558 0)
(0.489230689098 -0.107747000726 0)
(0.486879752702 -0.105327761203 0)
(0.484789090815 -0.10254853295 0)
(0.48294008847 -0.0994525124499 0)
(0.481313949152 -0.0960777761452 0)
(0.479892118428 -0.0924576039402 0)
(0.478656607021 -0.0886208281366 0)
(0.477590230831 -0.0845921907517 0)
(0.476676783649 -0.0803926973817 0)
(0.475901156338 -0.076039959837 0)
(0.475249414371 -0.0715485228891 0)
(0.474708843803 -0.0669301728037 0)
(0.474267974149 -0.0621942270677 0)
(0.473916585202 -0.0573478059843 0)
(0.47364570358 -0.0523960877219 0)
(0.473447593726 -0.0473425490607 0)
(0.473315747222 -0.0421891945595 0)
(0.47324487347 -0.0369367772105 0)
(0.473230894202 -0.0315850139298 0)
(0.473270943707 -0.0261327994569 0)
(0.486421444319 -0.0206335016845 0)
(0.486455861359 -0.0150444244214 0)
(0.486576632934 -0.00935060617918 0)
(0.486786391248 -0.00355119270324 0)
(0.487089049632 0.00235426664364 0)
(0.487489840061 0.00836552294273 0)
(0.487995352497 0.0144813044528 0)
(0.488613573437 0.0206989616468 0)
(0.489353920073 0.027014076298 0)
(0.490227265322 0.0334200306661 0)
(0.491245947654 0.0399075334037 0)
(0.492423758023 0.0464640997399 0)
(0.493775894379 0.0530734849395 0)
(0.495318872166 0.0597150721266 0)
(0.497070376929 0.0663632184981 0)
(0.49904904274 0.0729865679713 0)
(0.501274137787 0.0795473436197 0)
(0.503765136331 0.0860006401426 0)
(0.506541154684 0.0922937452925 0)
(0.509620228444 0.0983655298223 0)
(0.513018409421 0.104145958162 0)
(0.516748664579 0.109555786452 0)
(0.520819566654 0.114506530245 0)
(0.525233778181 0.11890080002 0)
(0.529986348587 0.122633116925 0)
(0.535062868721 0.125591331144 0)
(0.540437559304 0.12765876744 0)
(0.546071408854 0.12871721196 0)
(0.551910520938 0.128650825834 0)
(0.557884876174 0.127351018677 0)
(0.563907754942 0.124722233652 0)
(0.569876092865 0.120688482604 0)
(0.575672041092 0.115200326322 0)
(0.581165963891 0.108241829641 0)
(0.586221012841 0.0998368507107 0)
(0.590699256428 0.0900538780455 0)
(0.594469112938 0.0790085571032 0)
(0.597413566386 0.0668631170328 0)
(0.599438406933 0.0538221488755 0)
(0.600479526536 0.0401245407021 0)
(0.600508087659 0.0260319064067 0)
(0.599532576121 0.0118148131905 0)
(0.59759756651 -0.0022613349855 0)
(0.594779641641 -0.0159493402907 0)
(0.591180976705 -0.0290310708384 0)
(0.586921362424 -0.0413250132296 0)
(0.582129848122 -0.0526900159517 0)
(0.576937081661 -0.0630255936956 0)
(0.571468979509 -0.072269544659 0)
(0.565841993092 -0.0803937315244 0)
(0.560159978802 -0.0873988437533 0)
(0.554512499181 -0.0933088227829 0)
(0.548974286687 -0.0981654455056 0)
(0.543605578089 -0.102023381029 0)
(0.538453049315 -0.104945889236 0)
(0.533551123033 -0.107001222668 0)
(0.528923469416 -0.108259721516 0)
(0.52458456629 -0.108791547868 0)
(0.520541224646 -0.108664982541 0)
(0.516794017847 -0.107945199314 0)
(0.513338578046 -0.106693432161 0)
(0.510166741968 -0.104966457261 0)
(0.507267541615 -0.102816320632 0)
(0.504628044452 -0.100290252298 0)
(0.502234053411 -0.0974307179429 0)
(0.500070680332 -0.0942755683723 0)
(0.498122807943 -0.0908582553664 0)
(0.496375455739 -0.0872080896913 0)
(0.494814064583 -0.0833505229991 0)
(0.493424713729 -0.0793074402555 0)
(0.492194282686 -0.0750974532719 0)
(0.491110568858 -0.0707361890376 0)
(0.490162370478 -0.0662365689645 0)
(0.489339542984 -0.0616090770304 0)
(0.48863303573 -0.0568620162232 0)
(0.488034914819 -0.0520017537593 0)
(0.487538376833 -0.047032956361 0)
(0.487137757413 -0.0419588174911 0)
(0.486828537839 -0.0367812789076 0)
(0.486607352167 -0.031501249275 0)
(0.486471996855 -0.0261188228716 0)
(0.49936966791 -0.0205622850138 0)
(0.49929383445 -0.0150749685483 0)
(0.499335697196 -0.00948516473685 0)
(0.499498322264 -0.00379325172885 0)
(0.49978597712 0.0019999578045 0)
(0.500204156694 0.00789291998747 0)
(0.500759607374 0.013883038078 0)
(0.501460346048 0.0199663123422 0)
(0.502315670423 0.0261369582512 0)
(0.503336155789 0.0323869902661 0)
(0.504533632114 0.0387057692448 0)
(0.50592113397 0.0450795126434 0)
(0.507512814183 0.0514907683208 0)
(0.509323810384 0.0579178550064 0)
(0.511370051849 0.0643342755172 0)
(0.513667992223 0.0707081127921 0)
(0.516234252127 0.0770014238931 0)
(0.519085154487 0.0831696534914 0)
(0.522236134944 0.0891610961213 0)
(0.525701010484 0.0949164456635 0)
(0.529491091881 0.100368481036 0)
(0.533614130425 0.105441948545 0)
(0.538073097512 0.110053713168 0)
(0.542864807702 0.114113262072 0)
(0.54797841264 0.117523652324 0)
(0.553393815252 0.120182998666 0)
(0.559080080879 0.121986593506 0)
(0.564993953653 0.122829736238 0)
(0.571078620583 0.122611318762 0)
(0.577262898714 0.121238164749 0)
(0.583461047057 0.118630048997 0)
(0.589573417138 0.114725229584 0)
(0.595488145136 0.109486212537 0)
(0.601084044679 0.102905344951 0)
(0.606234773413 0.0950097134426 0)
(0.610814211956 0.0858647348366 0)
(0.614702814616 0.0755757998025 0)
(0.617794490883 0.0642874062118 0)
(0.620003393828 0.0521794150132 0)
(0.621269847141 0.0394603620583 0)
(0.621564573004 0.026358181866 0)
(0.620890555822 0.0131092551194 0)
(0.619282334875 -5.29793074288e-05 0)
(0.616802931585 -0.0129087188909 0)
(0.613538825517 -0.0252608478116 0)
(0.609593613496 -0.0369415439656 0)
(0.605081191029 -0.0478160547944 0)
(0.60011925187 -0.0577837733389 0)
(0.594823661365 -0.0667770677819 0)
(0.589304003225 -0.0747584563609 0)
(0.583660388133 -0.0817167385557 0)
(0.577981455494 -0.0876626263565 0)
(0.572343402191 -0.0926243036675 0)
(0.566809829495 -0.096643214974 0)
(0.561432196132 -0.0997702703289 0)
(0.556250685612 -0.102062562537 0)
(0.551295326854 -0.103580625607 0)
(0.546587241034 -0.104386218498 0)
(0.542139919589 -0.104540590678 0)
(0.537960466228 -0.104103171675 0)
(0.534050758709 -0.10313062161 0)
(0.53040850409 -0.101676180619 0)
(0.52702817465 -0.0997892595678 0)
(0.523901821412 -0.0975152209196 0)
(0.521019768885 -0.0948953058114 0)
(0.518371198909 -0.091966670605 0)
(0.51594463404 -0.0887625029249 0)
(0.513728332013 -0.085312193251 0)
(0.511710603155 -0.0816415433911 0)
(0.509880062179 -0.0777729976049 0)
(0.508225825086 -0.073725885838 0)
(0.506737660899 -0.0695166715342 0)
(0.505406106893 -0.0651591988993 0)
(0.5042225549 -0.060664936413 0)
(0.503179315244 -0.0560432148887 0)
(0.502269663857 -0.0513014595565 0)
(0.501487877277 -0.0464454165627 0)
(0.500829259393 -0.0414793749966 0)
(0.500290163135 -0.0364063861116 0)
(0.499868009599 -0.031228481857 0)
(0.499561306582 -0.0259468952004 0)
(0.512132857869 -0.0203660259757 0)
(0.511947322662 -0.0150104443968 0)
(0.511908553016 -0.00955507859633 0)
(0.512019998722 -0.0040014507107 0)
(0.512286208382 0.00164846116135 0)
(0.512712844536 0.00739192924577 0)
(0.513306693063 0.0132251599008 0)
(0.514075663949 0.0191429523171 0)
(0.515028779615 0.0251383298742 0)
(0.516176146019 0.0312021425372 0)
(0.517528900615 0.037322639579 0)
(0.519099130058 0.0434850131926 0)
(0.520899749193 0.0496709152969 0)
(0.52294433154 0.055857952147 0)
(0.525246880116 0.0620191643582 0)
(0.527821526251 0.0681225037612 0)
(0.530682143136 0.074130323225 0)
(0.533841860462 0.0799989013147 0)
(0.537312466937 0.0856780304074 0)
(0.541103689098 0.0911107046143 0)
(0.54522233815 0.0962329523512 0)
(0.549671322001 0.100973867237 0)
(0.55444852795 0.105255899503 0)
(0.559545592951 0.108995477246 0)
(0.564946593648 0.112104031143 0)
(0.570626707402 0.114489495821 0)
(0.576550918141 0.116058353539 0)
(0.582672865901 0.116718268509 0)
(0.588933964452 0.116381330388 0)
(0.595262934197 0.114967880785 0)
(0.601575912923 0.112410835924 0)
(0.607777309288 0.108660342564 0)
(0.613761546251 0.103688516872 0)
(0.619415797421 0.0974939251925 0)
(0.624623742835 0.0901053847419 0)
(0.629270260366 0.0815846100598 0)
(0.633246830537 0.0720272312099 0)
(0.636457283978 0.0615617850791 0)
(0.638823388552 0.0503464418932 0)
(0.640289682446 0.0385634686874 0)
(0.640826947285 0.0264117427258 0)
(0.640433851123 0.0140979723851 0)
(0.639136573606 0.00182749757494 0)
(0.6369865132 -0.0102044649335 0)
(0.634056384958 -0.0218203714291 0)
(0.630435195044 -0.0328660947095 0)
(0.626222703105 -0.0432145424509 0)
(0.621523969575 -0.0527671661153 0)
(0.61644445033 -0.0614536242485 0)
(0.611085928964 -0.0692300009402 0)
(0.605543416213 -0.0760760259966 0)
(0.599903016345 -0.0819917201074 0)
(0.594240670572 -0.086993821269 0)
(0.588621637472 -0.0911122634029 0)
(0.583100552439 -0.0943868933971 0)
(0.577721912127 -0.0968645392555 0)
(0.572520846648 -0.0985964838405 0)
(0.56752406498 -0.0996363561111 0)
(0.562750883077 -0.100038422987 0)
(0.558214266758 -0.099856247368 0)
(0.553921841147 -0.0991416686786 0)
(0.549876834674 -0.0979440591437 0)
(0.546078938551 -0.096309809821 0)
(0.542525072351 -0.0942820037048 0)
(0.539210053483 -0.0919002378189 0)
(0.536127173259 -0.0892005613874 0)
(0.533268685516 -0.0862155023615 0)
(0.530626215644 -0.0829741594873 0)
(0.528191098836 -0.079502341542 0)
(0.525954656606 -0.0758227392591 0)
(0.523908420421 -0.0719551187941 0)
(0.522044310738 -0.0679165283891 0)
(0.520354779073 -0.0637215122013 0)
(0.518832919886 -0.0593823271552 0)
(0.5174725583 -0.0549091602103 0)
(0.516268318837 -0.0503103446553 0)
(0.515215679586 -0.045592575028 0)
(0.514311015545 -0.0407611210434 0)
(0.513551634152 -0.0358200415341 0)
(0.512935805481 -0.0307723999128 0)
(0.512462788949 -0.0256204830744 0)
(0.524639107461 -0.0200468134869 0)
(0.524345213028 -0.0148506529244 0)
(0.524224844889 -0.00955782421954 0)
(0.524281792766 -0.0041708843793 0)
(0.524520824293 0.00130714122713 0)
(0.524947689854 0.00687247148517 0)
(0.525569118529 0.0125202622273 0)
(0.52639280223 0.0182442771769 0)
(0.527427364336 0.0240365358033 0)
(0.528682308195 0.0298869374604 0)
(0.530167939977 0.035782862177 0)
(0.531895259267 0.0417087498096 0)
(0.533875809807 0.0476456610452 0)
(0.536121481739 0.0535708260182 0)
(0.538644255793 0.0594571891733 0)
(0.541455879175 0.0652729625586 0)
(0.544567462553 0.070981203993 0)
(0.547988987848 0.0765394415825 0)
(0.551728717551 0.0818993718004 0)
(0.555792498619 0.0870066646725 0)
(0.560182957708 0.0918009162737 0)
(0.564898590229 0.0962157952823 0)
(0.569932753699 0.100179436112 0)
(0.575272586469 0.103615135198 0)
(0.580897886351 0.106442408105 0)
(0.586779999766 0.108578461696 0)
(0.592880790289 0.109940125897 0)
(0.599151774814 0.110446271574 0)
(0.605533533956 0.110020713122 0)
(0.611955518158 0.108595555056 0)
(0.618336378385 0.106114891227 0)
(0.624584945938 0.102538704634 0)
(0.630601964912 0.0978467493203 0)
(0.636282638812 0.0920421305869 0)
(0.641519986978 0.0851542464242 0)
(0.646208917458 0.0772407256322 0)
(0.650250816993 0.0683880124048 0)
(0.653558349915 0.058710316803 0)
(0.65606006526 0.0483467807047 0)
(0.657704356911 0.037456893614 0)
(0.65846233123 0.0262144172175 0)
(0.65832923969 0.0148003036277 0)
(0.65732432098 0.00339523940123 0)
(0.655489101578 -0.00782752967988 0)
(0.652884376841 -0.0187085017333 0)
(0.649586234472 -0.0291068848149 0)
(0.64568157032 -0.0389039586131 0)
(0.641263548215 -0.048004790698 0)
(0.636427379241 -0.0563384526465 0)
(0.631266682067 -0.0638570012197 0)
(0.625870568188 -0.0705335451577 0)
(0.620321493223 -0.0763597205832 0)
(0.614693837733 -0.0813428634381 0)
(0.60905313102 -0.085503112846 0)
(0.603455806047 -0.0888706189526 0)
(0.597949367093 -0.0914829720113 0)
(0.592572857933 -0.0933829212487 0)
(0.587357531712 -0.0946164142092 0)
(0.582327640386 -0.0952309596463 0)
(0.577501278765 -0.0952742983317 0)
(0.572891234259 -0.0947933547069 0)
(0.568505807386 -0.0938334363698 0)
(0.564349579757 -0.092437646413 0)
(0.560424115494 -0.0906464743442 0)
(0.556728589137 -0.0884975336999 0)
(0.553260338336 -0.0860254177859 0)
(0.550015343297 -0.0832616487041 0)
(0.546988637378 -0.0802346985913 0)
(0.544174654737 -0.0769700655943 0)
(0.541567521673 -0.0734903903823 0)
(0.539161298546 -0.0698156019124 0)
(0.536950179043 -0.0659630836841 0)
(0.534928653191 -0.0619478538643 0)
(0.533091640009 -0.0577827544658 0)
(0.53143459509 -0.0534786462609 0)
(0.529953597792 -0.0490446073349 0)
(0.52864542208 -0.044488134194 0)
(0.527507594449 -0.0398153451633 0)
(0.526538441771 -0.0350311864675 0)
(0.525737131331 -0.0301396419319 0)
(0.525103704819 -0.0251439476727 0)
(0.53682005499 -0.0196075273199 0)
(0.536419909413 -0.014596169701 0)
(0.536217745598 -0.00949164075346 0)
(0.536217655655 -0.00429740684234 0)
(0.536424574684 0.000982593298276 0)
(0.536844276238 0.00634367046178 0)
(0.537483356195 0.0117800894697 0)
(0.538349202188 0.017284755184 0)
(0.539449945091 0.022848879486 0)
(0.540794388259 0.0284616294453 0)
(0.542391909427 0.0341097579431 0)
(0.544252329386 0.0397772193725 0)
(0.546385740734 0.0454447747857 0)
(0.54880228932 0.0510895930382 0)
(0.551511900445 0.056684857155 0)
(0.554523941613 0.0621993883675 0)
(0.55784681378 0.0675973040334 0)
(0.561487463762 0.0728377299625 0)
(0.565450812049 0.0778745924362 0)
(0.569739092881 0.0826565202463 0)
(0.574351107416 0.0871268921427 0)
(0.579281396447 0.091224069686 0)
(0.584519346571 0.0948818590789 0)
(0.590048253239 0.098030247265 0)
(0.595844375663 0.100596456394 0)
(0.60187603181 0.102506355465 0)
(0.608102796179 0.103686257218 0)
(0.614474877494 0.104065110852 0)
(0.620932766186 0.103577075828 0)
(0.627407250344 0.102164428303 0)
(0.633819900629 0.0997807102347 0)
(0.640084116208 0.0963939835264 0)
(0.64610680188 0.0919900018526 0)
(0.651790708331 0.0865750667279 0)
(0.657037412118 0.0801783004928 0)
(0.661750841067 0.0728530571261 0)
(0.66584117041 0.0646772126538 0)
(0.669228835857 0.0557521383362 0)
(0.67184834634 0.0462002637014 0)
(0.67365154751 0.0361612767719 0)
(0.674610003912 0.025787170552 0)
(0.674716245522 0.0152364991813 0)
(0.673983754069 0.00466831096094 0)
(0.672445712059 -0.00576374689454 0)
(0.670152672005 -0.0159166957272 0)
(0.66716941178 -0.025662501562 0)
(0.663571309259 -0.0348911351601 0)
(0.659440579613 -0.043512348934 0)
(0.654862676044 -0.0514562426422 0)
(0.649923080435 -0.0586727890484 0)
(0.644704626083 -0.0651305460165 0)
(0.639285415725 -0.0708147975235 0)
(0.633737333684 -0.0757253522032 0)
(0.628125105077 -0.0798741953741 0)
(0.622505827366 -0.0832831492545 0)
(0.616928887052 -0.0859816538233 0)
(0.611436173111 -0.0880047423856 0)
(0.606062505076 -0.089391253808 0)
(0.60083620409 -0.0901822983891 0)
(0.595779747562 -0.0904199760838 0)
(0.5909104604 -0.0901463334585 0)
(0.586241207287 -0.0894025381859 0)
(0.58178106049 -0.0882282459819 0)
(0.577535926055 -0.0866611336464 0)
(0.573509117941 -0.0847365724511 0)
(0.569701874863 -0.0824874178607 0)
(0.566113818433 -0.0799438939855 0)
(0.562743353965 -0.0771335538675 0)
(0.559588017171 -0.0740812994691 0)
(0.556644771066 -0.0708094478847 0)
(0.55391025809 -0.0673378327465 0)
(0.551381012612 -0.0636839319935 0)
(0.549053638949 -0.0598630150955 0)
(0.546924959767 -0.0558883044905 0)
(0.544992139377 -0.0517711474042 0)
(0.543252785955 -0.0475211954133 0)
(0.541705036265 -0.0431465901037 0)
(0.540347625923 -0.0386541540061 0)
(0.539179947764 -0.0340495866606 0)
(0.538202100364 -0.0293376662196 0)
(0.537414928265 -0.0245224574473 0)
(0.548611086484 -0.0190517862266 0)
(0.548107526084 -0.0142483301913 0)
(0.547824135179 -0.00935555206343 0)
(0.547765276386 -0.00437768986587 0)
(0.547936010513 0.000680549595075 0)
(0.548342083726 0.00581372441638 0)
(0.548989900845 0.0110153763233 0)
(0.549886482137 0.0162777339869 0)
(0.55103940033 0.0215914010716 0)
(0.552456693934 0.0269450299453 0)
(0.554146752347 0.032324983027 0)
(0.556118167581 0.0377149850805 0)
(0.558379546902 0.0430957714332 0)
(0.560939280278 0.0484447391308 0)
(0.563805256254 0.05373561048 0)
(0.566984520013 0.0589381212899 0)
(0.570482867822 0.0640177493787 0)
(0.574304373208 0.0689355025255 0)
(0.578450842025 0.0736477889027 0)
(0.582921196379 0.0781063969313 0)
(0.587710791385 0.0822586151866 0)
(0.592810673977 0.0860475260245 0)
(0.598206799838 0.0894125084626 0)
(0.603879232769 0.0922899858567 0)
(0.609801360534 0.0946144512087 0)
(0.61593917189 0.096319796628 0)
(0.62225065069 0.0973409625802 0)
(0.628685353321 0.0976159062377 0)
(0.635184244146 0.097087865946 0)
(0.641679867915 0.0957078704935 0)
(0.648096936223 0.0934374083193 0)
(0.654353394557 0.0902511349589 0)
(0.66036201518 0.0861394602525 0)
(0.666032527502 0.0811108250074 0)
(0.67127425185 0.0751934562254 0)
(0.675999146736 0.0684363877524 0)
(0.680125119146 0.0609095560722 0)
(0.683579390233 0.052702833387 0)
(0.686301665733 0.0439239421475 0)
(0.688246842732 0.0346953010251 0)
(0.689387002382 0.0251499695054 0)
(0.689712497013 0.0154269666251 0)
(0.689232033006 0.00566631391466 0)
(0.687971758215 -0.00399582242316 0)
(0.685973465003 -0.0134315387841 0)
(0.683292103374 -0.0225248648989 0)
(0.679992851843 -0.0311745098274 0)
(0.676148007887 -0.0392956068748 0)
(0.671833937205 -0.0468204846194 0)
(0.667128273093 -0.0536985711215 0)
(0.662107497876 -0.0598955888289 0)
(0.656844978869 -0.0653922197049 0)
(0.651409479609 -0.0701824187684 0)
(0.645864127206 -0.0742715365478 0)
(0.640265789693 -0.0776743840084 0)
(0.634664801979 -0.0804133431709 0)
(0.629104973309 -0.0825165970738 0)
(0.623623810228 -0.0840165265141 0)
(0.618252894644 -0.0849482993539 0)
(0.613018364665 -0.0853486613879 0)
(0.607941454889 -0.0852549255415 0)
(0.603039061818 -0.0847041478826 0)
(0.598324308322 -0.0837324738482 0)
(0.593807088349 -0.0823746354843 0)
(0.58949457909 -0.080663579704 0)
(0.585391712737 -0.07863020804 0)
(0.581501603778 -0.0763032096538 0)
(0.577825930619 -0.0737089711283 0)
(0.574365272394 -0.0708715485615 0)
(0.571119403248 -0.0678126895242 0)
(0.568087547242 -0.0645518944267 0)
(0.565268597534 -0.061106508688 0)
(0.562661303686 -0.0574918387753 0)
(0.560264430899 -0.0537212866679 0)
(0.558076894845 -0.0498064985999 0)
(0.556097875409 -0.0457575250492 0)
(0.554326912379 -0.0415829898953 0)
(0.552763985693 -0.0372902674709 0)
(0.55140958242 -0.0328856668971 0)
(0.550264752278 -0.028374623647 0)
(0.549331153005 -0.0237618987291 0)
(0.559951484012 -0.0183838905658 0)
(0.559348028695 -0.0138092039926 0)
(0.558984728973 -0.0091493720258 0)
(0.558866191029 -0.00440925846134 0)
(0.558997568475 0.000405814409266 0)
(0.559384542312 0.00528981334199 0)
(0.560033285252 0.0102357290074 0)
(0.560950407944 0.0152352982908 0)
(0.562142884158 0.02027871473 0)
(0.563617951464 0.0253543285866 0)
(0.565382983452 0.0304483390638 0)
(0.567445329132 0.0355444824567 0)
(0.569812114786 0.0406237215754 0)
(0.572490003394 0.0456639436433 0)
(0.575484906757 0.0506396760448 0)
(0.57880164582 0.0555218317884 0)
(0.582443555458 0.0602774993066 0)
(0.586412031287 0.0648697941787 0)
(0.590706018099 0.0692577934075 0)
(0.595321442331 0.0733965758051 0)
(0.600250594787 0.0772373946009 0)
(0.605481474726 0.0807280101764 0)
(0.61099711239 0.083813211425 0)
(0.616774894171 0.0864355530429 0)
(0.622785922529 0.0885363324467 0)
(0.628994451243 0.0900568232906 0)
(0.635357444895 0.0909397720891 0)
(0.641824318724 0.0911311497102 0)
(0.648336920016 0.0905821302861 0)
(0.654829813353 0.0892512466561 0)
(0.661230927895 0.0871066447374 0)
(0.6674626135 0.0841283310513 0)
(0.673443132798 0.0803102808437 0)
(0.67908858748 0.0756622526824 0)
(0.684315239765 0.0702111437658 0)
(0.689042146463 0.06400172335 0)
(0.693193977554 0.0570966040003 0)
(0.696703850156 0.0495753541337 0)
(0.699515979653 0.0415327196164 0)
(0.701587940491 0.0330760019592 0)
(0.70289234583 0.0243217262751 0)
(0.703417800057 0.0153918097661 0)
(0.703169046054 0.00640949576605 0)
(0.702166308191 -0.00250466095789 0)
(0.700443909077 -0.0112364863335 0)
(0.698048302245 -0.0196813306996 0)
(0.695035705466 -0.0277465073242 0)
(0.691469534883 -0.0353529492032 0)
(0.687417829467 -0.0424360848239 0)
(0.682950824901 -0.0489459968295 0)
(0.678138794724 -0.0548469712961 0)
(0.673050232543 -0.0601165688758 0)
(0.667750408416 -0.0647443547946 0)
(0.662300299101 -0.0687304168685 0)
(0.65675586724 -0.0720837841099 0)
(0.651167648649 -0.0748208374721 0)
(0.645580598679 -0.0769637821997 0)
(0.64003414629 -0.0785392304937 0)
(0.634562406463 -0.0795769251052 0)
(0.629194506274 -0.0801086196681 0)
(0.623954986106 -0.0801671201454 0)
(0.618864244119 -0.0797854834431 0)
(0.613938998675 -0.0789963635984 0)
(0.609192749397 -0.0778314924975 0)
(0.604636222803 -0.0763212803131 0)
(0.600277792885 -0.0744945203481 0)
(0.596123870581 -0.0723781833549 0)
(0.592179258899 -0.069997287355 0)
(0.588447472599 -0.0673748302971 0)
(0.584931022886 -0.0645317743707 0)
(0.581631668629 -0.0614870723288 0)
(0.578550636333 -0.0582577276677 0)
(0.575688811476 -0.0548588819236 0)
(0.573046903957 -0.0513039236355 0)
(0.570625590447 -0.0476046146838 0)
(0.568425636242 -0.043771230729 0)
(0.566447999049 -0.0398127133637 0)
(0.564693916811 -0.0357368323536 0)
(0.563164981398 -0.0315503569763 0)
(0.561863199597 -0.0272592360096 0)
(0.560791042504 -0.0228687863481 0)
(0.5707845257 -0.017608761302 0)
(0.570085328811 -0.0132815598514 0)
(0.569644161098 -0.00887369491889 0)
(0.569465849518 -0.00439050572557 0)
(0.569555615278 0.0001622260804 0)
(0.569919047716 0.00477803945613 0)
(0.570562061188 0.00944954642063 0)
(0.571490832752 0.0141681745032 0)
(0.57271171804 0.0189239003389 0)
(0.574231142329 0.0237049763341 0)
(0.576055463471 0.0284976532901 0)
(0.578190803094 0.0332859030602 0)
(0.580642842305 0.0380511467369 0)
(0.583416578186 0.0427719955329 0)
(0.58651603756 0.0474240134177 0)
(0.58994394512 0.0519795127062 0)
(0.593701343903 0.0564073960768 0)
(0.597787167585 0.0606730608811 0)
(0.602197766089 0.0647383839415 0)
(0.606926388764 0.0685618071426 0)
(0.611962632922 0.0720985457657 0)
(0.617291869893 0.0753009423579 0)
(0.622894665929 0.0781189886007 0)
(0.628746221231 0.0805010356862 0)
(0.634815856728 0.0823947096291 0)
(0.641066584775 0.0837480412655 0)
(0.647454805943 0.0845108109858 0)
(0.65393017886 0.084636095259 0)
(0.660435712547 0.0840819857379 0)
(0.666908129872 0.0828134326107 0)
(0.673278545174 0.080804142833 0)
(0.679473487965 0.0780384425687 0)
(0.685416286902 0.0745129938992 0)
(0.69102880388 0.0702382416216 0)
(0.696233478038 0.0652394601378 0)
(0.700955605602 0.059557276405 0)
(0.705125747507 0.0532475653432 0)
(0.708682127199 0.0463806500664 0)
(0.711572861515 0.0390397895102 0)
(0.713757863167 0.031318996284 0)
(0.715210268013 0.0233202906968 0)
(0.715917274595 0.0151505533475 0)
(0.715880333783 0.0069181786337 0)
(0.715114685107 -0.00127025186932 0)
(0.71364829446 -0.0093130657789 0)
(0.711520297226 -0.0171161871077 0)
(0.708779085086 -0.0245952843201 0)
(0.705480189924 -0.0316773072859 0)
(0.701684114659 -0.0383013988674 0)
(0.697454241998 -0.0444192164793 0)
(0.69285492381 -0.0499947358044 0)
(0.687949821577 -0.0550036314642 0)
(0.682800536994 -0.0594323387265 0)
(0.677465544433 -0.0632768987255 0)
(0.67199941552 -0.0665416803267 0)
(0.666452310832 -0.0692380577766 0)
(0.660869704453 -0.0713831072815 0)
(0.655292302736 -0.0729983696579 0)
(0.649756118107 -0.0741087115155 0)
(0.644292660824 -0.0747413048119 0)
(0.638929215449 -0.0749247343669 0)
(0.63368917341 -0.0746882350292 0)
(0.628592398008 -0.0740610544445 0)
(0.623655602978 -0.0730719334836 0)
(0.618892730141 -0.071748694008 0)
(0.614315315477 -0.0701179224516 0)
(0.609932836239 -0.0682047373818 0)
(0.605753034335 -0.0660326295117 0)
(0.601782213314 -0.0636233633651 0)
(0.598025507885 -0.0609969307861 0)
(0.59448712607 -0.0581715475996 0)
(0.591170564907 -0.0551636858993 0)
(0.588078801177 -0.0519881355809 0)
(0.585214458904 -0.048658089828 0)
(0.582579955548 -0.0451852502644 0)
(0.580177628767 -0.041579948386 0)
(0.578009845561 -0.0378512806953 0)
(0.576079095401 -0.0340072556602 0)
(0.57438806874 -0.0300549512168 0)
(0.572939722016 -0.0260006820401 0)
(0.57173732996 -0.0218501762215 0)
(0.581057543724 -0.0167318771774 0)
(0.580267338215 -0.0126688233607 0)
(0.579751029696 -0.00852987297371 0)
(0.579513646421 -0.0043206892344 0)
(0.579560458486 -4.73568479047e-05 0)
(0.579896946716 0.00428339774301 0)
(0.580528753578 0.00866397742254 0)
(0.581461614208 0.0130856777112 0)
(0.582701265277 0.0175384438149 0)
(0.584253329194 0.0220106236337 0)
(0.586123170919 0.0264887198505 0)
(0.588315724527 0.0309571452998 0)
(0.590835286684 0.035397987098 0)
(0.593685274358 0.039790786476 0)
(0.596867944505 0.0441123428931 0)
(0.60038407415 0.0483365527992 0)
(0.604232600336 0.0524342952704 0)
(0.608410220936 0.0563733786139 0)
(0.612910959293 0.0601185637752 0)
(0.617725698279 0.0636316818226 0)
(0.622841692517 0.0668718637175 0)
(0.628242071404 0.0697959007221 0)
(0.633905349899 0.0723587528432 0)
(0.639804968932 0.0745142203158 0)
(0.645908892307 0.0762157889139 0)
(0.652179291823 0.0774176535282 0)
(0.658572356581 0.0780759157108 0)
(0.665038265281 0.0781499396514 0)
(0.67152136107 0.0776038374881 0)
(0.677960566329 0.0764080394207 0)
(0.684290068684 0.0745408877086 0)
(0.690440298992 0.0719901776713 0)
(0.696339206538 0.0687545551343 0)
(0.701913816408 0.0648446706349 0)
(0.707092029912 0.0602839885759 0)
(0.711804602737 0.0551091566363 0)
(0.715987210085 0.0493698587577 0)
(0.719582486853 0.0431281042713 0)
(0.722541917837 0.0364569448637 0)
(0.724827451423 0.0294386567524 0)
(0.726412722715 0.0221624723598 0)
(0.727283798422 0.0147219873586 0)
(0.727439393671 0.00721239869127 0)
(0.726890554888 -0.000272257634313 0)
(0.725659846924 -0.00764170510051 0)
(0.723780120756 -0.0148117194457 0)
(0.721292965572 -0.0217060083108 0)
(0.718246963203 -0.0282576126228 0)
(0.714695863235 -0.0344098077755 0)
(0.710696786032 -0.0401165213379 0)
(0.706308541683 -0.0453423144182 0)
(0.701590129609 -0.0500619942945 0)
(0.69659945964 -0.054259936567 0)
(0.691392313471 -0.0579291971748 0)
(0.686021547174 -0.0610704901837 0)
(0.680536521632 -0.0636910984156 0)
(0.674982738354 -0.0658037727525 0)
(0.669401652685 -0.0674256639327 0)
(0.663830634257 -0.0685773190385 0)
(0.658303044736 -0.0692817644064 0)
(0.652848404947 -0.0695636878026 0)
(0.6474926264 -0.0694487255161 0)
(0.642258285795 -0.0689628545085 0)
(0.637164924747 -0.0681318857469 0)
(0.632229360474 -0.0669810521404 0)
(0.627465996432 -0.0655346828438 0)
(0.622887124693 -0.0638159548812 0)
(0.618503214243 -0.0618467128459 0)
(0.614323181361 -0.0596473477004 0)
(0.610354639761 -0.0572367262633 0)
(0.606604129429 -0.0546321637296 0)
(0.603077323932 -0.0518494324307 0)
(0.599779216624 -0.0489028009366 0)
(0.596714286609 -0.0458050984905 0)
(0.593886645523 -0.0425678006149 0)
(0.591300166338 -0.0392011325086 0)
(0.588958595371 -0.0357141875686 0)
(0.586865648609 -0.0321150590029 0)
(0.585025093295 -0.028410983042 0)
(0.583440815556 -0.0246084927277 0)
(0.582116874596 -0.020713581635 0)
(0.59072194661 -0.0157592117212 0)
(0.58984598921 -0.0119750292265 0)
(0.589257910155 -0.00811998323902 0)
(0.588962922011 -0.00419991148017 0)
(0.588966330366 -0.000221048209182 0)
(0.589273498707 0.00380977310546 0)
(0.589889794713 0.00788491009956 0)
(0.590820516307 0.0119956960097 0)
(0.59207079557 0.0161322200826 0)
(0.593645478465 0.0202831062996 0)
(0.59554897823 0.0244352936372 0)
(0.597785100279 0.0285738220567 0)
(0.600356836615 0.0326816295437 0)
(0.603266128024 0.0367393667802 0)
(0.606513592846 0.0407252374208 0)
(0.610098221926 0.0446148734153 0)
(0.614017040411 0.0483812563065 0)
(0.618264738589 0.0519946968624 0)
(0.622833275842 0.0554228866466 0)
(0.627711464171 0.0586310360465 0)
(0.632884540598 0.0615821136751 0)
(0.638333741031 0.0642372017158 0)
(0.644035891839 0.0665559804371 0)
(0.649963039279 0.0684973525124 0)
(0.656082140773 0.0700202136619 0)
(0.662354845591 0.0710843702893 0)
(0.668737395239 0.0716515970851 0)
(0.67518067535 0.0716868180131 0)
(0.681630450373 0.0711593829153 0)
(0.688027809434 0.0700443996498 0)
(0.694309845559 0.0683240690105 0)
(0.700410580821 0.0659889578251 0)
(0.706262136606 0.0630391360525 0)
(0.711796131477 0.0594850980891 0)
(0.716945269846 0.0553483885945 0)
(0.721645064514 0.0506618604556 0)
(0.725835617038 0.0454695079752 0)
(0.729463364683 0.0398258419781 0)
(0.732482693955 0.0337948040162 0)
(0.734857320836 0.0274482516052 0)
(0.736561348223 0.0208640815856 0)
(0.737579931548 0.0141240896482 0)
(0.737909512225 0.00731168640536 0)
(0.737557611817 0.000509600860938 0)
(0.736542213412 -0.00620230051989 0)
(0.73489078628 -0.0127489659433 0)
(0.732639032096 -0.019061793284 0)
(0.729829443639 -0.0250798904248 0)
(0.726509769557 -0.0307509358393 0)
(0.722731472593 -0.0360316443514 0)
(0.718548255936 -0.0408878677456 0)
(0.714014715692 -0.0452943777869 0)
(0.70918515945 -0.0492343899019 0)
(0.704112613651 -0.0526988898832 0)
(0.698848027352 -0.055685824716 0)
(0.693439667826 -0.0581992134705 0)
(0.687932694554 -0.0602482265825 0)
(0.682368892308 -0.061846273046 0)
(0.676786540877 -0.0630101260576 0)
(0.671220397946 -0.0637591091731 0)
(0.665701772239 -0.0641143575295 0)
(0.660258665708 -0.0640981623537 0)
(0.654915965875 -0.0637334018892 0)
(0.649695672108 -0.0630430579828 0)
(0.644617142288 -0.0620498147493 0)
(0.639697348977 -0.060775733831 0)
(0.634951136519 -0.0592419996243 0)
(0.630391472615 -0.0574687272916 0)
(0.626029689687 -0.0554748262793 0)
(0.621875712786 -0.0532779122908 0)
(0.617938271983 -0.0508942611122 0)
(0.614225098101 -0.0483387982879 0)
(0.610743101294 -0.0456251193078 0)
(0.607498532495 -0.0427655356725 0)
(0.604497128062 -0.0397711428971 0)
(0.60174423815 -0.0366519071717 0)
(0.599244939412 -0.0334167680171 0)
(0.597004132636 -0.0300737548279 0)
(0.595026625859 -0.0266301156804 0)
(0.593317203364 -0.0230924572069 0)
(0.591880680818 -0.0194668946805 0)
(0.599733212057 -0.0146971715728 0)
(0.598777226985 -0.0112047698922 0)
(0.598121342276 -0.00764678589678 0)
(0.597770939562 -0.00402908688993 0)
(0.597731350686 -0.000357908544489 0)
(0.598007819456 0.00335996054844 0)
(0.598605444506 0.00711698876154 0)
(0.599529101853 0.0109047071236 0)
(0.600783345603 0.0147135126918 0)
(0.602372285207 0.0185324720834 0)
(0.604299437649 0.0223491283815 0)
(0.606567553068 0.0261493154858 0)
(0.609178412545 0.0299169849587 0)
(0.612132597175 0.0336340514911 0)
(0.61542922813 0.0372802642702 0)
(0.619065678274 0.0408331127214 0)
(0.623037256981 0.0442677762628 0)
(0.627336871256 0.0475571287712 0)
(0.631954668017 0.0506718093154 0)
(0.636877664538 0.0535803712135 0)
(0.642089376537 0.0562495214913 0)
(0.647569456167 0.0586444621414 0)
(0.653293355146 0.0607293430392 0)
(0.659232031358 0.0624678337581 0)
(0.665351720124 0.0638238176565 0)
(0.671613793816 0.0647622063686 0)
(0.677974735176 0.065249866161 0)
(0.684386250126 0.0652566396028 0)
(0.690795544614 0.0647564368781 0)
(0.69714578668 0.0637283613162 0)
(0.703376769019 0.0621578239999 0)
(0.709425778673 0.0600375935885 0)
(0.715228669125 0.0573687208838 0)
(0.720721116315 0.0541612744268 0)
(0.725840024823 0.0504348247761 0)
(0.730525034815 0.0462186220561 0)
(0.734720066119 0.0415514244138 0)
(0.738374824758 0.0364809539685 0)
(0.741446191478 0.0310629805974 0)
(0.743899412767 0.0253600604502 0)
(0.745709023451 0.0194399826097 0)
(0.746859445919 0.0133740005589 0)
(0.747345232953 0.00723494204364 0)
(0.747170946529 0.00109529923509 0)
(0.746350690743 -0.00497460013605 0)
(0.744907340145 -0.0109082503701 0)
(0.742871522719 -0.0166443816199 0)
(0.740280427824 -0.0221280800533 0)
(0.737176513224 -0.0273115888414 0)
(0.733606182353 -0.0321547877279 0)
(0.729618494711 -0.0366253688674 0)
(0.725263960497 -0.0406987418518 0)
(0.720593457198 -0.0443577108745 0)
(0.715657292331 -0.0475919719894 0)
(0.710504424271 -0.050397479134 0)
(0.705181842662 -0.0527757249585 0)
(0.699734101823 -0.0547329775581 0)
(0.694202994782 -0.0562795079384 0)
(0.688627351897 -0.0574288362341 0)
(0.683042946199 -0.0581970179856 0)
(0.67748248719 -0.0586019855702 0)
(0.671975685467 -0.0586629544566 0)
(0.666549371926 -0.0583998994043 0)
(0.661227657079 -0.0578331021064 0)
(0.65603211801 -0.0569827690048 0)
(0.650982002515 -0.0558687160131 0)
(0.646094441893 -0.0545101155526 0)
(0.641384665601 -0.0529253005102 0)
(0.63686621254 -0.0511316193719 0)
(0.632551135075 -0.0491453367488 0)
(0.628450192946 -0.0469815737186 0)
(0.62457303516 -0.0446542827777 0)
(0.620928368619 -0.0421762526693 0)
(0.617524112755 -0.0395591388876 0)
(0.614367539855 -0.0368135162105 0)
(0.611465400975 -0.0339489501538 0)
(0.608824037511 -0.030974084764 0)
(0.606449478569 -0.0278967446431 0)
(0.604347524255 -0.0247240495245 0)
(0.602523814971 -0.0214625400907 0)
(0.600983886691 -0.0181183140309 0)
(0.608050856269 -0.0135525373769 0)
(0.607020979817 -0.0103631421519 0)
(0.606301797003 -0.00711367605678 0)
(0.605898844353 -0.00380989789305 0)
(0.605817473847 -0.000457904145798 0)
(0.606062812336 0.00293570486526 0)
(0.60663970198 0.00636365449412 0)
(0.607552620547 0.00981782241693 0)
(0.608805580369 0.0132890643439 0)
(0.610402004735 0.0167670412623 0)
(0.612344580623 0.0202400513261 0)
(0.614635086839 0.0236948702507 0)
(0.617274196946 0.0271166049089 0)
(0.620261256825 0.0304885657253 0)
(0.623594037353 0.0337921644141 0)
(0.627268463531 0.0370068445558 0)
(0.631278322485 0.0401100533995 0)
(0.635614954111 0.0430772640442 0)
(0.640266929747 0.0458820576971 0)
(0.645219726163 0.0484962759157 0)
(0.650455404251 0.0508902524885 0)
(0.655952304164 0.0530331337512 0)
(0.661684771002 0.054893294515 0)
(0.667622927535 0.056438854279 0)
(0.673732512558 0.0576382948684 0)
(0.679974805074 0.0584611760346 0)
(0.686306655376 0.0588789398734 0)
(0.692680643793 0.0588657882678 0)
(0.69904538616 0.0583996102031 0)
(0.705346001569 0.0574629281347 0)
(0.71152475243 0.0560438251958 0)
(0.7175218593 0.0541368086572 0)
(0.723276483274 0.0517435605713 0)
(0.728727857528 0.0488735248498 0)
(0.73381653742 0.0455442820191 0)
(0.73848572648 0.0417816691815 0)
(0.742682624862 0.0376196135639 0)
(0.746359738887 0.0330996631809 0)
(0.749476086457 0.0282702166505 0)
(0.751998234477 0.0231854745565 0)
(0.753901111513 0.0179041548731 0)
(0.755168551425 0.0124880325553 0)
(0.755793540671 0.00700037630766 0)
(0.755778161513 0.00150436217303 0)
(0.755133243341 -0.00393845680751 0)
(0.753877752553 -0.00926955275902 0)
(0.752037965975 -0.0144346376653 0)
(0.749646482439 -0.0193846479229 0)
(0.746741131385 -0.0240764744407 0)
(0.743363836423 -0.0284734319639 0)
(0.739559486657 -0.0325454772342 0)
(0.735374860358 -0.0362691983375 0)
(0.73085763569 -0.0396276065892 0)
(0.726055512779 -0.0426097675284 0)
(0.721015461522 -0.0452103094204 0)
(0.715783100788 -0.0474288467195 0)
(0.71040220749 -0.0492693529331 0)
(0.704914348543 -0.0507395129829 0)
(0.699358624926 -0.0518500801175 0)
(0.693771514735 -0.0526142571999 0)
(0.688186801055 -0.0530471171703 0)
(0.682635570349 -0.0531650729286 0)
(0.677146267686 -0.0529854029256 0)
(0.671744796194 -0.0525258354862 0)
(0.666454649492 -0.0518041922844 0)
(0.661297067343 -0.0508380894258 0)
(0.656291206254 -0.049644693185 0)
(0.651454318205 -0.0482405265191 0)
(0.646801931964 -0.0466413219418 0)
(0.642348032623 -0.0448619161259 0)
(0.638105235979 -0.0429161816094 0)
(0.63408495521 -0.0408169911819 0)
(0.630297557984 -0.0385762108263 0)
(0.626752512653 -0.0362047174836 0)
(0.623458522617 -0.0337124383311 0)
(0.620423648227 -0.0311084086996 0)
(0.617655415792 -0.0284008461841 0)
(0.615160913397 -0.0255972389083 0)
(0.612946873291 -0.022704446263 0)
(0.611019740584 -0.0197288107642 0)
(0.609385727996 -0.0166762799419 0)
(0.615638385478 -0.0123324082557 0)
(0.614541112548 -0.00945569317215 0)
(0.613763627951 -0.00652463088096 0)
(0.613311609434 -0.00354474234643 0)
(0.613190425213 -0.000521853618095 0)
(0.613405091701 0.00253775647525 0)
(0.613960212364 0.00562720531491 0)
(0.61485989677 0.00873885367453 0)
(0.616107658926 0.011864152997 0)
(0.617706294057 0.014993495145 0)
(0.619657733166 0.0181160675667 0)
(0.621962874944 0.02121971745 0)
(0.624621394995 0.0242908291489 0)
(0.627631532804 0.0273142199041 0)
(0.630989857584 0.0302730596497 0)
(0.634691014966 0.0331488214394 0)
(0.638727457516 0.0359212696944 0)
(0.643089163361 0.0385684940073 0)
(0.647763348613 0.0410669965466 0)
(0.652734180958 0.0433918411077 0)
(0.657982503578 0.04551687144 0)
(0.663485580466 0.0474150055319 0)
(0.669216876085 0.04905861095 0)
(0.675145884124 0.0504199640075 0)
(0.681238021524 0.0514717923992 0)
(0.687454604977 0.0521878969671 0)
(0.693752927269 0.052543843491 0)
(0.700086450129 0.0525177099471 0)
(0.706405128216 0.052090868789 0)
(0.712655875421 0.0512487778272 0)
(0.718783179641 0.0499817476897 0)
(0.724729865503 0.0482856492352 0)
(0.730437996446 0.0461625213002 0)
(0.735849898359 0.0436210384847 0)
(0.740909277278 0.0406768008956 0)
(0.745562394264 0.0373524132769 0)
(0.749759252447 0.0336773298837 0)
(0.75345474545 0.0296874535018 0)
(0.756609713864 0.0254244914385 0)
(0.759191857978 0.020935086944 0)
(0.761176460774 0.0162697598569 0)
(0.762546885122 0.0114817036372 0)
(0.7632948223 0.0066254958566 0)
(0.7634202842 0.0017557844886 0)
(0.762931347185 -0.00307398754352 0)
(0.761843670054 -0.0078127620345 0)
(0.760179820415 -0.0124129010774 0)
(0.757968452092 -0.0168310425174 0)
(0.75524338051 -0.0210287530648 0)
(0.752042603345 -0.0249729707329 0)
(0.74840731072 -0.0286362409195 0)
(0.744380923655 -0.0319967609425 0)
(0.7400081922 -0.0350382556777 0)
(0.735334376799 -0.0377497119488 0)
(0.730404528463 -0.0401250016979 0)
(0.725262876157 -0.0421624240694 0)
(0.719952323513 -0.0438641948818 0)
(0.714514052037 -0.0452359090517 0)
(0.708987224206 -0.0462859978765 0)
(0.703408777306 -0.0470251990855 0)
(0.697813297348 -0.0474660535767 0)
(0.692232961771 -0.0476224390009 0)
(0.686697539617 -0.0475091470035 0)
(0.681234438406 -0.0471415080553 0)
(0.675868787759 -0.046535065453 0)
(0.67062355083 -0.0457052982067 0)
(0.665519655736 -0.0446673911441 0)
(0.660576140285 -0.0434360495781 0)
(0.65581030437 -0.042025355252 0)
(0.65123786538 -0.04044865993 0)
(0.646873112853 -0.0387185128808 0)
(0.642729059365 -0.0368466185566 0)
(0.638817585271 -0.0348438209438 0)
(0.635149575447 -0.032720111328 0)
(0.631735046615 -0.0304846565306 0)
(0.628583264133 -0.0281458450128 0)
(0.625702847401 -0.0257113485898 0)
(0.623101863173 -0.0231881978288 0)
(0.620787906198 -0.0205828695112 0)
(0.618768166646 -0.0179013848121 0)
(0.617049483802 -0.0151494170771 0)
(0.622463234943 -0.0110441506099 0)
(0.621305368373 -0.00848836710654 0)
(0.620475012508 -0.00588415366229 0)
(0.619977972688 -0.00323667440068 0)
(0.619819630906 -0.000551364526327 0)
(0.620004902383 0.00216594033362 0)
(0.620538173499 0.00490887230783 0)
(0.621423220366 0.00767039845322 0)
(0.622663107402 0.010442688737 0)
(0.624260065373 0.0132169870546 0)
(0.626215348649 0.0159834879885 0)
(0.628529071664 0.0187312225459 0)
(0.631200025016 0.0214479566978 0)
(0.634225472168 0.0241201071479 0)
(0.637600928376 0.0267326793658 0)
(0.641319924303 0.0292692334936 0)
(0.645373757757 0.031711884221 0)
(0.649751238129 0.0340413410756 0)
(0.654438429434 0.036236995722 0)
(0.659418399227 0.0382770627205 0)
(0.664670982255 0.0401387797012 0)
(0.670172569173 0.0417986719467 0)
(0.675895932168 0.0432328848967 0)
(0.681810100611 0.0444175859991 0)
(0.687880300817 0.0453294346103 0)
(0.694067974484 0.0459461152773 0)
(0.70033089014 0.0462469257885 0)
(0.706623360875 0.0462134069584 0)
(0.712896579492 0.0458299964509 0)
(0.719099078887 0.0450846843149 0)
(0.725177320945 0.043969643711 0)
(0.731076411398 0.0424818069927 0)
(0.736740931335 0.0406233553666 0)
(0.742115868475 0.0384020902801 0)
(0.747147623558 0.0358316568768 0)
(0.751785059895 0.0329315945707 0)
(0.755980557887 0.0297271970457 0)
(0.759691032142 0.0262491735209 0)
(0.762878867128 0.0225331143323 0)
(0.765512728884 0.018618775894 0)
(0.767568215036 0.0145492118059 0)
(0.769028313357 0.0103697870702 0)
(0.769883649458 0.00612711999323 0)
(0.77013251621 0.00186800054396 0)
(0.769780689832 -0.0023616656804 0)
(0.768841049208 -0.00651784211894 0)
(0.767333024725 -0.0105592354298 0)
(0.765281910099 -0.0144480291295 0)
(0.762718074832 -0.0181504570302 0)
(0.75967611608 -0.0216372074934 0)
(0.756193987147 -0.0248836594818 0)
(0.752312136137 -0.027869959933 0)
(0.748072683042 -0.0305809586197 0)
(0.743518657537 -0.033006021224 0)
(0.738693313497 -0.0351387438839 0)
(0.733639530304 -0.0369765931938 0)
(0.728399305668 -0.038520494884 0)
(0.72301334021 -0.0397743925386 0)
(0.717520710511 -0.0407447951172 0)
(0.711958624694 -0.0414403290431 0)
(0.70636225286 -0.0418713075014 0)
(0.700764623656 -0.0420493265562 0)
(0.695196577843 -0.0419868949056 0)
(0.689686769799 -0.0416971016306 0)
(0.684261708266 -0.0411933242168 0)
(0.678945828306 -0.0404889774401 0)
(0.673761587197 -0.0395973023921 0)
(0.66872957782 -0.0385311939526 0)
(0.663868653954 -0.0373030643468 0)
(0.659196062682 -0.035924740009 0)
(0.654727579893 -0.0344073887654 0)
(0.650477645501 -0.0327614743045 0)
(0.646459495629 -0.0309967349815 0)
(0.642685289472 -0.0291221841647 0)
(0.63916622901 -0.0271461295643 0)
(0.635912670048 -0.0250762092308 0)
(0.632934223342 -0.0229194421907 0)
(0.630239844774 -0.0206822919486 0)
(0.627837913676 -0.0183707413413 0)
(0.625736298501 -0.0159903774497 0)
(0.623942409109 -0.0135464854726 0)
(0.628496700251 -0.0096953517385 0)
(0.627285303523 -0.00746745323051 0)
(0.626407886851 -0.0051972162254 0)
(0.625870369247 -0.00288934062178 0)
(0.625678144857 -0.000548762400669 0)
(0.625836038784 0.00181923516691 0)
(0.626348244612 0.00420890850122 0)
(0.627218243054 0.00661394026739 0)
(0.628448701334 0.00902732717574 0)
(0.630041353072 0.0114412710499 0)
(0.631996858705 0.0138470755831 0)
(0.634314646839 0.0162350516435 0)
(0.63699273735 0.018594434466 0)
(0.640027547605 0.0209133165495 0)
(0.643413683845 0.0231786005548 0)
(0.647143720561 0.0253759769306 0)
(0.65120797162 0.0274899313391 0)
(0.655594257928 0.0295037871737 0)
(0.660287677588 0.0313997884893 0)
(0.665270385705 0.0331592284514 0)
(0.670521392288 0.0347626278818 0)
(0.676016387895 0.0361899675722 0)
(0.681727607808 0.0374209766994 0)
(0.687623746422 0.0384354778574 0)
(0.693669934116 0.0392137869084 0)
(0.699827788937 0.0397371630564 0)
(0.706055554953 0.0399883013254 0)
(0.71230833781 0.0399518560978 0)
(0.718538445879 0.0396149807071 0)
(0.724695842271 0.0389678645382 0)
(0.730728708849 0.0380042459612 0)
(0.736584118396 0.0367218770682 0)
(0.742208805287 0.0351229149608 0)
(0.747550018826 0.0332142145946 0)
(0.752556437142 0.0310075002117 0)
(0.75717911373 0.0285193963194 0)
(0.76137242402 0.0257713050044 0)
(0.765094976156 0.0227891238506 0)
(0.768310449207 0.019602807402 0)
(0.770988323444 0.0162457843147 0)
(0.773104471281 0.0127542512588 0)
(0.774641583935 0.00916637239761 0)
(0.775589417104 0.00552141911655 0)
(0.775944848549 0.00185888799492 0)
(0.775711750362 -0.00178236449572 0)
(0.77490068812 -0.00536493439408 0)
(0.773528467221 -0.00885359837222 0)
(0.771617552892 -0.0122159328631 0)
(0.769195394299 -0.0154228072821 0)
(0.766293684782 -0.0184487425906 0)
(0.762947589677 -0.0212721342365 0)
(0.759194970829 -0.0238753453448 0)
(0.755075633159 -0.0262446815546 0)
(0.750630614137 -0.0283702628747 0)
(0.745901532067 -0.0302458103829 0)
(0.74093000423 -0.0318683666173 0)
(0.735757141385 -0.0332379683232 0)
(0.730423121184 -0.0343572890911 0)
(0.724966839729 -0.0352312676223 0)
(0.71942563793 -0.0358667351497 0)
(0.713835097428 -0.036272053138 0)
(0.708228899561 -0.0364567699896 0)
(0.702638740139 -0.0364313032005 0)
(0.697094292495 -0.0362066513588 0)
(0.691623211334 -0.0357941385933 0)
(0.686251170201 -0.035205192596 0)
(0.681001925902 -0.0344511561526 0)
(0.675897403745 -0.0335431312068 0)
(0.670957798163 -0.0324918538247 0)
(0.666201683881 -0.0313075979888 0)
(0.661646133458 -0.0300001058934 0)
(0.657306837585 -0.0285785423065 0)
(0.653198225076 -0.0270514705666 0)
(0.649333579969 -0.0254268478799 0)
(0.645725153514 -0.0237120377287 0)
(0.642384269236 -0.0219138373965 0)
(0.639321419477 -0.0200385188161 0)
(0.636546352095 -0.0180918811657 0)
(0.634068146147 -0.0160793138323 0)
(0.631895275532 -0.0140058685517 0)
(0.630035659657 -0.0118763396882 0)
(0.633713865323 -0.008293778515 0)
(0.632456218972 -0.00639953626505 0)
(0.631537878739 -0.00446920074447 0)
(0.630964862866 -0.00250691289027 0)
(0.630742576376 -0.000517014050959 0)
(0.630875766479 0.00149586065267 0)
(0.631368460013 0.00352668767889 0)
(0.632223882545 0.00556996037446 0)
(0.633444358902 0.00761959572981 0)
(0.635031195159 0.00966884435324 0)
(0.636984542392 0.0117102057629 0)
(0.639303242883 0.013735351452 0)
(0.641984659925 0.0157350585596 0)
(0.645024492937 0.0176991573614 0)
(0.648416580228 0.0196164961525 0)
(0.652152692543 0.0214749274203 0)
(0.656222321363 0.0232613194359 0)
(0.660612466862 0.0249615975238 0)
(0.665307431491 0.0265608192239 0)
(0.670288626142 0.028043287315 0)
(0.675534396951 0.0293927041599 0)
(0.681019881736 0.0305923700181 0)
(0.686716905926 0.0316254268083 0)
(0.692593928417 0.0324751472717 0)
(0.698616048088 0.0331252675689 0)
(0.704745081489 0.0335603590692 0)
(0.710939721523 0.0337662325194 0)
(0.717155785508 0.0337303650052 0)
(0.723346558886 0.0334423372929 0)
(0.729463237906 0.0328942664619 0)
(0.735455470932 0.0320812164352 0)
(0.741271993612 0.0310015673621 0)
(0.746861348258 0.0296573240625 0)
(0.752172672603 0.0280543441604 0)
(0.757156537982 0.0262024683026 0)
(0.761765812381 0.0241155380562 0)
(0.765956520085 0.0218112916827 0)
(0.769688667325 0.0193111337832 0)
(0.772927002677 0.0166397814544 0)
(0.775641682348 0.0138247965822 0)
(0.777808813786 0.0108960206506 0)
(0.779410856327 0.00788493431671 0)
(0.7804368643 0.00482396846171 0)
(0.780882565772 0.00174579602098 0)
(0.780750278171 -0.00131736558795 0)
(0.780048669796 -0.0043344131892 0)
(0.778792383012 -0.00727595290652 0)
(0.777001540352 -0.0101148116162 0)
(0.774701158406 -0.0128264506654 0)
(0.77192049622 -0.0153892739015 0)
(0.76869236504 -0.0177848280565 0)
(0.765052424829 -0.0199978989213 0)
(0.761038490372 -0.0220165112127 0)
(0.756689866385 -0.0238318433909 0)
(0.752046727142 -0.0254380708942 0)
(0.747149552197 -0.0268321523686 0)
(0.742038625865 -0.0280135736169 0)
(0.736753604697 -0.0289840633614 0)
(0.731333154094 -0.0297472937023 0)
(0.725814652751 -0.0303085765552 0)
(0.720233961666 -0.0306745655437 0)
(0.714625253017 -0.0308529709587 0)
(0.709020893267 -0.0308522935812 0)
(0.703451374323 -0.0306815814917 0)
(0.697945286327 -0.0303502125088 0)
(0.692529325745 -0.0298677036325 0)
(0.687228332618 -0.0292435478382 0)
(0.682065351253 -0.0284870777507 0)
(0.677061709053 -0.0276073551223 0)
(0.672237108714 -0.0266130846133 0)
(0.667609729522 -0.0255125501029 0)
(0.663196333987 -0.0243135716185 0)
(0.659012376526 -0.023023480931 0)
(0.655072111332 -0.0216491139069 0)
(0.651388696991 -0.0201968177994 0)
(0.647974295683 -0.0186724717971 0)
(0.644840165175 -0.0170815193027 0)
(0.641996741978 -0.0154290105757 0)
(0.63945371431 -0.013719654531 0)
(0.637220083607 -0.011957878633 0)
(0.635304213514 -0.010147895948 0)
(0.638093530999 -0.00684734112234 0)
(0.636797092827 -0.00529144930431 0)
(0.635844241487 -0.00370584180105 0)
(0.635241079345 -0.00209401930241 0)
(0.634993021065 -0.000459646809049 0)
(0.635104748793 0.001193370539 0)
(0.635580149752 0.00286081074605 0)
(0.636422235971 0.00453805842672 0)
(0.637633046107 0.00622002971816 0)
(0.639213529555 0.0079011001305 0)
(0.641163413403 0.00957503708481 0)
(0.643481053147 0.0112349391673 0)
(0.646163268568 0.0128731844208 0)
(0.64920516675 0.0144813902842 0)
(0.652599954809 0.0160503880595 0)
(0.656338745684 0.0175702150169 0)
(0.660410361091 0.0190301274058 0)
(0.66480113664 0.0204186376997 0)
(0.66949473501 0.0217235793302 0)
(0.674471973947 0.0229322019162 0)
(0.679710676786 0.0240312995455 0)
(0.685185553901 0.0250073739664 0)
(0.690868124155 0.0258468335845 0)
(0.696726685739 0.0265362279112 0)
(0.702726345882 0.0270625155742 0)
(0.708829118484 0.0274133622116 0)
(0.714994097884 0.0275774625665 0)
(0.721177715489 0.0275448789753 0)
(0.727334083906 0.0273073863105 0)
(0.733415430496 0.0268588114536 0)
(0.739372618896 0.0261953537092 0)
(0.74515575322 0.0253158714301 0)
(0.75071485538 0.0242221196906 0)
(0.756000601614 0.0229189243038 0)
(0.760965100074 0.0214142789414 0)
(0.765562687546 0.0197193546464 0)
(0.769750720476 0.0178484145669 0)
(0.773490333653 0.0158186311478 0)
(0.776747139589 0.0136498080042 0)
(0.779491842819 0.0113640139257 0)
(0.78170074625 0.00898514148154 0)
(0.783356131024 0.00653840707392 0)
(0.784446496947 0.00404981262661 0)
(0.784966656931 0.00154559108604 0)
(0.784917685606 -0.000948341615422 0)
(0.784306728776 -0.00340690653092 0)
(0.783146686212 -0.00580633443264 0)
(0.78145578504 -0.00812457565617 0)
(0.779257064412 -0.0103416356612 0)
(0.776577794084 -0.0124398295028 0)
(0.773448850128 -0.0144039529345 0)
(0.769904070205 -0.0162213720039 0)
(0.765979609099 -0.0178820365129 0)
(0.761713312579 -0.0193784254293 0)
(0.757144124655 -0.0207054342125 0)
(0.752311539963 -0.0218602150687 0)
(0.747255109751 -0.022841981455 0)
(0.742014006853 -0.0236517878414 0)
(0.736626652242 -0.0242922949462 0)
(0.731130403408 -0.0247675295343 0)
(0.725561302832 -0.0250826465396 0)
(0.719953883334 -0.0252436998617 0)
(0.714341025976 -0.025257426788 0)
(0.708753865452 -0.0251310496693 0)
(0.703221737494 -0.024872097292 0)
(0.697772162655 -0.024488247353 0)
(0.692430860878 -0.0239871905869 0)
(0.687221791459 -0.0233765164021 0)
(0.682167213324 -0.0226636193545 0)
(0.677287760913 -0.0218556254041 0)
(0.672602531371 -0.020959336645 0)
(0.668129179197 -0.0199811930511 0)
(0.663884014895 -0.0189272497163 0)
(0.659882104582 -0.0178031680766 0)
(0.656137367887 -0.0166142196561 0)
(0.652662671787 -0.0153653009695 0)
(0.649469918337 -0.0140609583251 0)
(0.64657012449 -0.0127054213938 0)
(0.643973492451 -0.0113026445277 0)
(0.641689469142 -0.00985635492731 0)
(0.639726793576 -0.00837010684861 0)
(0.641618147587 -0.0053640616305 0)
(0.64029051657 -0.00415022952508 0)
(0.639309792036 -0.00291316924338 0)
(0.638682144693 -0.00165567400749 0)
(0.638412997425 -0.000380664993423 0)
(0.638506980401 0.000908750065906 0)
(0.638967868931 0.00220921768993 0)
(0.639798503869 0.0035170797351 0)
(0.641000694676 0.00482831576665 0)
(0.64257510548 0.00613848790214 0)
(0.644521124865 0.00744268950633 0)
(0.646836720485 0.00873549932555 0)
(0.649518280122 0.0100109428672 0)
(0.652560441333 0.0112624630413 0)
(0.655955912457 0.0124829022732 0)
(0.659695288455 0.0136644984582 0)
(0.663766865816 0.0147988972259 0)
(0.668156461523 0.015877183007 0)
(0.672847241921 0.0168899313107 0)
(0.677819568083 0.0178272844061 0)
(0.683050865032 0.0186790522244 0)
(0.688515522759 0.019434839744 0)
(0.694184837458 0.0200842013636 0)
(0.700027001539 0.0206168218023 0)
(0.70600715091 0.0210227218986 0)
(0.712087477461 0.0212924863258 0)
(0.718227413724 0.0214175087558 0)
(0.724383895196 0.0213902484308 0)
(0.730511703763 0.021204490561 0)
(0.736563893119 0.0208556015362 0)
(0.742492293992 0.0203407687811 0)
(0.748248093524 0.0196592143137 0)
(0.753782479445 0.0188123708318 0)
(0.759047335876 0.0178040095687 0)
(0.763995974042 0.0166403103056 0)
(0.768583878012 0.015329865834 0)
(0.77276944321 0.0138836157801 0)
(0.776514684043 0.0123147079294 0)
(0.779785886816 0.0106382888067 0)
(0.78255418523 0.00887122904498 0)
(0.784796038275 0.00703179269151 0)
(0.786493594027 0.00513926275651 0)
(0.787634927611 0.0032135377318 0)
(0.788214147022 0.00127471527332 0)
(0.788231366192 -0.000657320361401 0)
(0.787692550321 -0.00256329121333 0)
(0.786609243569 -0.00442488462648 0)
(0.784998193482 -0.00622506659407 0)
(0.78288088971 -0.00794834070643 0)
(0.780283036628 -0.00958094725817 0)
(0.777233980279 -0.0111110003648 0)
(0.773766109791 -0.0125285639943 0)
(0.769914252227 -0.0138256704546 0)
(0.765715077841 -0.0149962869613 0)
(0.761206530293 -0.0160362374039 0)
(0.756427293605 -0.0169430873215 0)
(0.751416304789 -0.017716000441 0)
(0.746212318379 -0.0183555750087 0)
(0.740853526456 -0.0188636676468 0)
(0.735377235595 -0.0192432116995 0)
(0.729819600151 -0.0194980360939 0)
(0.72421540983 -0.0196326897151 0)
(0.718597928216 -0.0196522752619 0)
(0.712998778133 -0.0195622955523 0)
(0.707447869093 -0.0193685143455 0)
(0.701973361795 -0.0190768329432 0)
(0.696601664549 -0.0186931831595 0)
(0.691357456529 -0.0182234366988 0)
(0.686263732966 -0.017673330548 0)
(0.681341867669 -0.0170484076743 0)
(0.676611688585 -0.0163539720988 0)
(0.672091562471 -0.0155950572799 0)
(0.667798485138 -0.014776406676 0)
(0.663748174068 -0.0139024653412 0)
(0.659955160584 -0.0129773814435 0)
(0.656432879055 -0.0120050166466 0)
(0.653193750921 -0.0109889643775 0)
(0.650249261584 -0.00993257508824 0)
(0.647610028442 -0.00883898770447 0)
(0.645285858544 -0.00771116653899 0)
(0.643285794521 -0.00655194301889 0)
(0.644273754293 -0.0038520470071 0)
(0.64292263785 -0.00298307663804 0)
(0.641920855638 -0.0020974521659 0)
(0.641274630272 -0.001197206645 0)
(0.640989391158 -0.000284464586926 0)
(0.641069729614 0.000638516392698 0)
(0.641519336981 0.00156930356217 0)
(0.642340925649 0.00250524732965 0)
(0.643536133171 0.00344344050447 0)
(0.645105409925 0.00438067942273 0)
(0.647047891184 0.00531342793207 0)
(0.649361254838 0.0062377853749 0)
(0.652041566506 0.00714945985917 0)
(0.655083114338 0.00804374824907 0)
(0.65847823639 0.0089155244369 0)
(0.662217144165 0.00975923756122 0)
(0.666287746583 0.0105689218952 0)
(0.670675479401 0.0113382201333 0)
(0.67536314586 0.0120604217305 0)
(0.680330774994 0.0127285177821 0)
(0.685555504713 0.0133352736539 0)
(0.691011497231 0.013873320166 0)
(0.696669894761 0.0143352635933 0)
(0.702498823434 0.0147138140569 0)
(0.708463453199 0.015001931064 0)
(0.714526120799 0.0151929840077 0)
(0.720646521945 0.0152809244125 0)
(0.726781977246 0.0152604656368 0)
(0.732887774528 0.015127264695 0)
(0.738917587707 0.0148780999099 0)
(0.744823969539 0.0145110373374 0)
(0.750558912399 0.0140255784243 0)
(0.756074467889 0.0134227812348 0)
(0.761323412734 0.0127053479139 0)
(0.766259945253 0.0118776718709 0)
(0.770840394051 0.0109458394947 0)
(0.775023918498 0.00991758301548 0)
(0.778773179464 0.00880218332149 0)
(0.782054958719 0.00761032399592 0)
(0.784840706438 0.00635390038723 0)
(0.787106998496 0.00504578996469 0)
(0.788835888543 0.00369959234015 0)
(0.790015143943 0.00232934897773 0)
(0.790638359467 0.000949253619723 0)
(0.790704947637 -0.000426635246094 0)
(0.790220009575 -0.00178466897597 0)
(0.789194094816 -0.00311186060368 0)
(0.787642862422 -0.00439610573427 0)
(0.785586658794 -0.0056263663281 0)
(0.783050029597 -0.00679281342157 0)
(0.780061184225 -0.00788692706478 0)
(0.7766514313 -0.00890155385175 0)
(0.77285460284 -0.00983092424769 0)
(0.768706483238 -0.0106706333909 0)
(0.764244257155 -0.0114175901237 0)
(0.759505988063 -0.0120699396832 0)
(0.754530136687 -0.0126269657777 0)
(0.749355126049 -0.0130889777476 0)
(0.744018957495 -0.0134571882153 0)
(0.738558879871 -0.0137335861346 0)
(0.733011112156 -0.0139208095319 0)
(0.7274106183 -0.0140220215364 0)
(0.721790931713 -0.0140407925867 0)
(0.716184025946 -0.0139809910118 0)
(0.710620227397 -0.0138466835452 0)
(0.705128165467 -0.0136420467643 0)
(0.699734755385 -0.0133712899616 0)
(0.694465208865 -0.0130385895539 0)
(0.689343067862 -0.0126480348195 0)
(0.684390256907 -0.0122035845165 0)
(0.679627149732 -0.0117090337659 0)
(0.675072646258 -0.0111679904771 0)
(0.670744256296 -0.0105838605349 0)
(0.666658186713 -0.0099598409496 0)
(0.662829429093 -0.00929892018764 0)
(0.659271845273 -0.00860388493129 0)
(0.655998248417 -0.00787733256924 0)
(0.653020477551 -0.00712168877561 0)
(0.650349463736 -0.00633922959323 0)
(0.647995286242 -0.00553210749452 0)
(0.645967217322 -0.00470238094179 0)
(0.646049927905 -0.00231946598582 0)
(0.644683112076 -0.00179731385162 0)
(0.643667219176 -0.00126514411387 0)
(0.643008506753 -0.000724191804188 0)
(0.642712408757 -0.00017574684674 0)
(0.642783490691 0.000378821041886 0)
(0.643225387939 0.000938037255626 0)
(0.644040727256 0.00150029739089 0)
(0.645231031627 0.00206384297591 0)
(0.646796609082 0.00262673835784 0)
(0.648736426356 0.00318684934803 0)
(0.651047968758 0.00374182431095 0)
(0.653727088078 0.00428907846964 0)
(0.656767840898 0.00482578228355 0)
(0.660162320308 0.00534885482859 0)
(0.663900484631 0.00585496316699 0)
(0.667969987489 0.00634052872551 0)
(0.672356014234 0.00680174169761 0)
(0.677041130427 0.00723458443623 0)
(0.682005148744 0.00763486469841 0)
(0.687225021218 0.00799825943253 0)
(0.692674764138 0.00832036955252 0)
(0.698325423207 0.0085967858168 0)
(0.704145086507 0.00882316552183 0)
(0.710098952534 0.00899531923151 0)
(0.716149459882 0.00910930620968 0)
(0.722256484106 0.00916153661869 0)
(0.728377605763 0.00914887792258 0)
(0.734468451723 0.00906876232568 0)
(0.740483109477 0.00891929153054 0)
(0.746374611468 0.00869933466533 0)
(0.752095483473 0.0084086149623 0)
(0.757598347999 0.00804778071666 0)
(0.762836570522 0.00761845626114 0)
(0.767764933585 0.00712326918314 0)
(0.772340321327 0.00656585079346 0)
(0.776522395242 0.00595080790898 0)
(0.780274240978 0.00528366528848 0)
(0.783562965999 0.0045707794826 0)
(0.786360228929 0.00381922633138 0)
(0.788642683489 0.0030366657503 0)
(0.790392322879 0.00223118867554 0)
(0.791596714299 0.00141115198853 0)
(0.792249117599 0.000585007828799 0)
(0.792348486633 -0.000238866113551 0)
(0.791899356497 -0.00105232896396 0)
(0.790911624025 -0.00184762593873 0)
(0.789400232643 -0.00261751970642 0)
(0.787384775548 -0.00335540016407 0)
(0.784889033267 -0.0040553702336 0)
(0.78194046271 -0.00471230657755 0)
(0.778569655125 -0.00532189535632 0)
(0.774809779726 -0.00588064422486 0)
(0.770696028544 -0.0063858726431 0)
(0.766265076313 -0.00683568322404 0)
(0.761554567048 -0.00722891726261 0)
(0.756602636714 -0.00756509778563 0)
(0.751447479041 -0.00784436346911 0)
(0.746126959276 -0.00806739661646 0)
(0.740678278569 -0.00823534811832 0)
(0.735137689859 -0.00834976196105 0)
(0.729540264504 -0.00841250145195 0)
(0.723919707653 -0.00842567891373 0)
(0.718308219308 -0.00839159019564 0)
(0.712736397317 -0.00831265496976 0)
(0.707233178027 -0.00819136344218 0)
(0.701825810059 -0.00803022981681 0)
(0.696539856538 -0.00783175260713 0)
(0.691399221178 -0.00759838169798 0)
(0.686426193737 -0.00733249191293 0)
(0.681641510606 -0.00703636273736 0)
(0.677064426561 -0.00671216377904 0)
(0.67271279401 -0.00636194550919 0)
(0.668603146411 -0.00598763481333 0)
(0.664750782835 -0.00559103488624 0)
(0.661169850959 -0.00517382902344 0)
(0.657873426094 -0.0047375878896 0)
(0.65487358407 -0.0042837798769 0)
(0.652181466106 -0.0038137841998 0)
(0.649807333949 -0.00332890640578 0)
(0.647760613829 -0.00283039601025 0)
(0.646939742652 -0.000774529080147 0)
(0.645565064559 -0.000600350960142 0)
(0.644542094752 -0.000422829436269 0)
(0.643877108343 -0.00024237872287 0)
(0.643575541617 -5.94313342077e-05 0)
(0.643641947202 0.000125553630618 0)
(0.64407993252 0.000312082140665 0)
(0.644892081512 0.000499616953859 0)
(0.646079859909 0.000687569555804 0)
(0.647643504619 0.000875292491012 0)
(0.649581898222 0.00106207228725 0)
(0.651892429928 0.00124712320183 0)
(0.654570844907 0.00142958204723 0)
(0.65761108439 0.00160850438085 0)
(0.661005119559 0.00178286236762 0)
(0.664742782897 0.00195154464266 0)
(0.66881160132 0.00211335851098 0)
(0.673196636105 0.00226703481903 0)
(0.677880335298 0.00241123581617 0)
(0.682842404903 0.0025445662878 0)
(0.688059705669 0.00266558818467 0)
(0.693506182696 0.00277283889006 0)
(0.699152835265 0.00286485315799 0)
(0.704967734253 0.00294018861939 0)
(0.710916094168 0.00299745459195 0)
(0.716960406086 0.0030353437458 0)
(0.723060636774 0.00305266597821 0)
(0.729174497694 0.00304838364575 0)
(0.735257785735 0.00302164710283 0)
(0.741264795179 0.00297182931796 0)
(0.747148797791 0.00289855819796 0)
(0.752862585015 0.00280174516541 0)
(0.758359063301 0.00268160851939 0)
(0.763591890614 0.00253869018065 0)
(0.768516139465 0.00237386458546 0)
(0.773088969535 0.00218833875113 0)
(0.777270291254 0.00198364288258 0)
(0.781023400817 0.00176161130826 0)
(0.784315567165 0.00152435399934 0)
(0.787118552403 0.00127421940762 0)
(0.789409049145 0.00101374981775 0)
(0.791169021107 0.000745630811481 0)
(0.792385936892 0.000472636752588 0)
(0.793052891026 0.000197574394684 0)
(0.793168610683 -7.67732241913e-05 0)
(0.792737350919 -0.000347700509019 0)
(0.791768685312 -0.000612628763616 0)
(0.790277202454 -0.000869149781486 0)
(0.788282121626 -0.00111506235338 0)
(0.785806842991 -0.00134840088985 0)
(0.782878448823 -0.00156745578085 0)
(0.779527172605 -0.0017707855165 0)
(0.775785852349 -0.00195722094787 0)
(0.771689383419 -0.00212586235773 0)
(0.767274184453 -0.0022760702279 0)
(0.762577688053 -0.00240745073209 0)
(0.757637865677 -0.00251983705153 0)
(0.75249279396 -0.00261326761695 0)
(0.747180267442 -0.00268796233283 0)
(0.741737460686 -0.00274429775321 0)
(0.736200640883 -0.00278278206311 0)
(0.730604930476 -0.00280403058973 0)
(0.724984118033 -0.00280874243084 0)
(0.719370514565 -0.00279767865396 0)
(0.713794851688 -0.00277164239476 0)
(0.70828621755 -0.00273146107023 0)
(0.70287202608 -0.00267797082478 0)
(0.697578015006 -0.00261200324618 0)
(0.692428268079 -0.00253437432359 0)
(0.687445257077 -0.00244587556997 0)
(0.68264989934 -0.00234726719572 0)
(0.678061626877 -0.00223927319661 0)
(0.673698463357 -0.0021225782057 0)
(0.669577105619 -0.00199782595362 0)
(0.665713006657 -0.0018656191829 0)
(0.662120457319 -0.00172652086752 0)
(0.658812664276 -0.00158105659775 0)
(0.655801822071 -0.00142971800115 0)
(0.653099177311 -0.00127296708128 0)
(0.650715083276 -0.00111124136671 0)
(0.648659043454 -0.000944959772013 0)
)
;

boundaryField
{
    left
    {
        type            cyclic;
    }
    right
    {
        type            cyclic;
    }
    bottom
    {
        type            cyclic;
    }
    top
    {
        type            cyclic;
    }
    frontAndBack
    {
        type            empty;
    }
}


// ************************************************************************* //
