/*--------------------------------*- C++ -*----------------------------------*\
| =========                 |                                                 |
| \\      /  F ield         | OpenFOAM: The Open Source CFD Toolbox           |
|  \\    /   O peration     | Version:  v2106                                 |
|   \\  /    A nd           | Website:  www.openfoam.com                      |
|    \\/     M anipulation  |                                                 |
\*---------------------------------------------------------------------------*/
FoamFile
{
    version     2.0;
    format      ascii;
    arch        "LSB;label=32;scalar=64";
    class       surfaceScalarField;
    location    "15";
    object      phi;
}
// * * * * * * * * * * * * * * * * * * * * * * * * * * * * * * * * * * * * * //

dimensions      [0 3 -1 0 0 0 0];

oriented        oriented;

internalField   nonuniform List<scalar> 
12960
(
-0.0036796549361
8.4728388021e-05
-0.00376307882628
8.34238901821e-05
-0.00384464931377
8.15704874954e-05
-0.00392380299769
7.91536839197e-05
-0.00399996618816
7.6163190472e-05
-0.00407255987382
7.25936856599e-05
-0.00414100543682
6.84455630016e-05
-0.00420473107557
6.3725638751e-05
-0.0042631788652
5.84477896344e-05
-0.0043158123534
5.26334882009e-05
-0.00436212455576
4.63122023603e-05
-0.0044016461822
3.95216264383e-05
-0.00443395389608
3.23077138847e-05
-0.00445867838256
2.47244864797e-05
-0.00447551198489
1.68336023269e-05
-0.00448421565894
8.70367404986e-06
-0.00448462499861
4.09339666703e-07
-0.0044766550996
-7.96989900434e-06
-0.00446030405655
-1.63510430491e-05
-0.00443565492792
-2.46491286338e-05
-0.00440287605345
-3.27788744625e-05
-0.00436221966746
-4.06563859976e-05
-0.00431401881446
-4.82008529932e-05
-0.00425868263878
-5.53361756822e-05
-0.00419669018124
-6.19924575342e-05
-0.004128582872
-6.81073092432e-05
-0.00405495595355
-7.36269184445e-05
-0.00397644910168
-7.85068518723e-05
-0.00389373653081
-8.27125708693e-05
-0.00380751687539
-8.62196554256e-05
-0.00371850312994
-8.90137454465e-05
-0.00362741290944
-9.10902204985e-05
-0.00353495926034
-9.24536491011e-05
-0.00344184221464
-9.31170456957e-05
-0.00334874123638
-9.31009782616e-05
-0.00325630866534
-9.24325710395e-05
-0.00316516421955
-9.11444457909e-05
-0.003075890577
-8.92736425465e-05
-0.00298903002088
-8.68605561241e-05
-0.00290508210189
-8.3947918981e-05
-0.0028245022466
-8.05798552949e-05
-0.00274770122184
-7.68010247579e-05
-0.00267504535345
-7.26558683845e-05
-0.00260685738968
-6.8187963775e-05
-0.00254341789789
-6.34394917878e-05
-0.0024849670847
-5.84508131861e-05
-0.0024317069343
-5.32601503989e-05
-0.00238380356722
-4.79033670784e-05
-0.00234138973044
-4.24138367873e-05
-0.00230456733944
-3.68223909959e-05
-0.00227341000336
-3.11573360759e-05
-0.00224796547416
-2.54445291994e-05
-0.0022282579709
-1.97075032585e-05
-0.00221429033941
-1.39676314904e-05
-0.00220604601603
-8.24432338381e-06
-0.00220349077186
-2.55524417154e-06
-0.00220657422076
3.08344890521e-06
-0.00221523108023
8.65685946898e-06
-0.00222938217944
1.4151099208e-05
-0.00224893521328
1.95530338466e-05
-0.00227378524502
2.48500317353e-05
-0.00230381496347
3.00297184586e-05
-0.00233889470388
3.50797404042e-05
-0.00237888224395
3.99875400749e-05
-0.00242362238974
4.4740145787e-05
-0.002472946368
4.93239782626e-05
-0.00252667104485
5.37246768543e-05
-0.00258459799313
5.7926948274e-05
-0.00264651243387
6.19144407505e-05
-0.0027121820811
6.56696472286e-05
-0.00278135592218
6.9173841074e-05
-0.00285376297065
7.24070484731e-05
-0.00292911103254
7.53480618948e-05
-0.00300708553159
7.79744990489e-05
-0.0030873484438
8.02629122142e-05
-0.00316953739647
8.21889526696e-05
-0.003253264991
8.37275945318e-05
-0.00333811841315
8.48534221581e-05
-0.00342365939744
8.55409842906e-05
-0.00350942461416
8.57652167141e-05
8.55019339246e-05
-0.00366343366551
0.000169506952695
-0.00374693951064
0.000166929735307
-0.00382862406337
0.000163255040225
-0.00390792364947
0.000158453270018
-0.00398426364932
0.000152503190327
-0.00405706342873
0.000145393465065
-0.00412574203546
0.000137124169738
-0.00418972462561
0.000127708228895
-0.00424844955279
0.000117172716817
-0.00430137602037
0.000105559955783
-0.00434799216189
9.29283438748e-05
-0.0043878233809
7.93528454519e-05
-0.00442044074983
6.49250828151e-05
-0.00444546924018
4.97529768298e-05
-0.00446259553704
3.39598991879e-05
-0.00447157518041
1.76833174181e-05
-0.00447223877699
1.07293625139e-06
-0.00446449704025
-1.57116357503e-05
-0.00444834444362
-3.25036396756e-05
-0.00442386131236
-4.91322598957e-05
-0.00439121423082
-6.54259559996e-05
-0.00435065470299
-8.12159138295e-05
-0.00430251606995
-9.63394860376e-05
-0.00424720875576
-0.000110643489869
-0.00418521397826
-0.000123987235039
-0.00411707611917
-0.000136245168326
-0.00404339399592
-0.000147309041695
-0.00396481131186
-0.000157089535931
-0.00388200658182
-0.000165517300913
-0.0037956828342
-0.000172543403045
-0.00370655738155
-0.000178139198094
-0.00361535192868
-0.000182295673368
-0.00352278325459
-0.00018502232319
-0.00342955466436
-0.000186345635933
-0.00333634836207
-0.000186307280546
-0.00324381884979
-0.000184962083326
-0.00315258741224
-0.000182375883339
-0.00306323770519
-0.000178623349597
-0.00297631242793
-0.000173785833378
-0.00289231102964
-0.000167949317275
-0.00281168837403
-0.000161202510902
-0.0027348542687
-0.000153635130089
-0.00266217375324
-0.000145336383841
-0.00259396803358
-0.000136393683442
-0.00253051594827
-0.000126891577095
-0.00247205585485
-0.000116910906605
-0.00241878782939
-0.000106528175858
-0.00237087608057
-9.58151159029e-05
-0.00232845148849
-8.48384288672e-05
-0.00229161418882
-7.3659690667e-05
-0.00226043613331
-6.23353915854e-05
-0.0022349635682
-5.09170943017e-05
-0.00221521938202
-3.94516894428e-05
-0.00220120528359
-2.79817299248e-05
-0.00219290377978
-1.65458271939e-05
-0.00219027992998
-5.17909397192e-06
-0.00219328286116
6.08638009119e-06
-0.00220184703331
1.72210316138e-05
-0.00221589324994
2.81973158382e-05
-0.00223532941302
3.89891969316e-05
-0.00226005102512
4.95716438341e-05
-0.00228994144501
5.99201383456e-05
-0.00232487190584
7.00102012319e-05
-0.00236470130757
7.98169418064e-05
-0.00240927579795
8.93146361714e-05
-0.00245842815872
9.84763390335e-05
-0.00251197701635
0.000107273534478
-0.00256972589943
0.000115675831358
-0.00263146216776
0.000123650709078
-0.00269695584147
0.000131163320938
-0.0027659583623
0.000138176361911
-0.00283820132307
0.000144650009245
-0.00291339520578
0.000150541944599
-0.00299122817339
0.000155807466661
-0.00307136496523
0.000160399704054
-0.00315344595073
0.000164269938168
-0.00323708640088
0.000167368044684
-0.00332187604112
0.000169643062393
-0.0034073789528
0.000171043895971
-0.0034931338927
0.000171520156621
0.00017102314206
-0.00363097673344
0.00025438039843
-0.00371464111755
0.000250594119414
-0.00379654861266
0.000245162535339
-0.00387613508024
0.000238039737602
-0.0039528241215
0.000229192231579
-0.00402603193136
0.000218601274926
-0.00409517295468
0.00020626519306
-0.00415966631616
0.000192201590377
-0.00421894296393
0.000176449364592
-0.00427245343178
0.000159070423629
-0.00431967608789
0.00014015099999
-0.00436012570096
0.000119802458518
-0.00439336211896
9.81615008168e-05
-0.00441899882528
7.53896831447e-05
-0.00443671111299
5.1672186904e-05
-0.00444624360453
2.7215808952e-05
-0.0044474168419
2.24617362806e-06
-0.00444013268541
-2.29957922445e-05
-0.00442437828531
-4.82580397709e-05
-0.00440022843302
-7.32821121937e-05
-0.00436784615259
-9.78082364234e-05
-0.00432748145883
-0.00012158060759
-0.00427946827949
-0.000144352665376
-0.00422421961327
-0.000165892156089
-0.00416222106617
-0.000185985782143
-0.00409402297254
-0.000204443261951
-0.00402023135933
-0.000221100654912
-0.00394149804959
-0.000235822845666
-0.00385851022282
-0.000248505127689
-0.00377197975351
-0.000259073872349
-0.00368263263853
-0.000267486313077
-0.00359119879765
-0.000273729514248
-0.00349840249544
-0.000277818625397
-0.0034049535881
-0.00027979454328
-0.00331153974985
-0.000279721118796
-0.00321881978364
-0.000277682049533
-0.00312741807251
-0.000273777594472
-0.00303792018359
-0.000268121238518
-0.00295086959797
-0.000260836418998
-0.00286676550762
-0.000252053407619
-0.00278606159545
-0.00024190642308
-0.00270916569634
-0.0002305310292
-0.0026364402261
-0.00021806185408
-0.00256820325886
-0.000204630650675
-0.00250473013359
-0.000190364702369
-0.00244625547327
-0.000175385566922
-0.00239297550723
-0.000159808141899
-0.0023450505956
-0.000143740027531
-0.0023026078653
-0.000127281159169
-0.00226574387765
-0.000110523678318
-0.00223452725913
-9.35520101041e-05
-0.00220900123747
-7.64431159594e-05
-0.00218918603566
-5.92668912537e-05
-0.00217508108606
-4.20866795267e-05
-0.00216666703538
-2.49598778774e-05
-0.00216390751893
-7.93861042067e-06
-0.00216675068934
8.92955049955e-06
-0.00217513049055
2.56008328251e-05
-0.002188967673
4.20344982918e-05
-0.00220817054995
5.81920738806e-05
-0.00223263549848
7.40365923624e-05
-0.00226224721184
8.95318517099e-05
-0.00229687871239
0.000104641701782
-0.00233639113678
0.000119329366195
-0.00238063330751
0.000133556806902
-0.00242944110708
0.000147284138599
-0.0024826366734
0.000160469100797
-0.00254002743789
0.00017306659585
-0.00260140503019
0.000185028301385
-0.00266654407702
0.000196302367766
-0.0027352009259
0.000206833210791
-0.00280711232878
0.000216561412122
-0.00288199412477
0.00022542374059
-0.00295953996597
0.000233353307857
-0.00303942013531
0.000240279873401
-0.00312128051072
0.000246130313573
-0.00320474173444
0.000250829268407
-0.00328939865171
0.000254299979666
-0.00337482008668
0.000256465330939
-0.00346054902669
0.000257249096627
0.000256577403075
-0.00358225597907
0.0003393824314
-0.00366614467662
0.000334482816961
-0.0037483735341
0.000327391392824
-0.0038283779239
0.000318044127404
-0.00390557898114
0.00030639328882
-0.00397938833408
0.000292410627866
-0.00404921369071
0.000276090549689
-0.00411446526517
0.000257453164828
-0.0041745629945
0.00023654709393
-0.00422894445908
0.000213451888201
-0.00427707337902
0.000188279919934
-0.00431844851764
0.00016117759714
-0.00435261278161
0.000132325764786
-0.00437916227083
0.000101939172368
-0.0043977550011
7.02649171746e-05
-0.00440811900299
3.75798108418e-05
-0.00441005949412
4.18666475496e-06
-0.00440346483137
-2.95904549945e-05
-0.00438831097599
-6.34118951546e-05
-0.00436466424801
-9.69288401661e-05
-0.00433268220574
-0.000129790278702
-0.00429261255771
-0.000161650255618
-0.00424479009534
-0.000192175127741
-0.00418963171738
-0.000221050534049
-0.00412762969854
-0.000247987800986
-0.004059343427
-0.000272729533487
-0.00398538989477
-0.000295054187148
-0.00390643326721
-0.000314779473224
-0.00382317388153
-0.00033176451337
-0.00373633702738
-0.000345910726499
-0.00364666184872
-0.000357161491734
-0.00355489067539
-0.000365500687577
-0.00346175905025
-0.000370950250542
-0.00336798666693
-0.0003735669266
-0.00327426937784
-0.000373438407882
-0.00318127237609
-0.000370679051282
-0.00308962460216
-0.000365425368407
-0.00299991437787
-0.000357831462803
-0.00291268622914
-0.000348064567732
-0.00282843882555
-0.000336300811201
-0.00274762393973
-0.0003227213089
-0.00267064631155
-0.000307508657389
-0.00259786429255
-0.000290843873071
-0.00252959114153
-0.000272903801701
-0.00246609684339
-0.000253859000506
-0.00240761032914
-0.000233872081178
-0.00235432198249
-0.000213096488541
-0.00230638632973
-0.000191675680298
-0.00226392482032
-0.000169742668576
-0.00222702861849
-0.000147419880149
-0.00219576133758
-0.000124819291016
-0.00217016166082
-0.000102042792713
-0.00215024580284
-7.91827492395e-05
-0.00213600977595
-5.63227064107e-05
-0.00212743143432
-3.35382195066e-05
-0.00212447227627
-1.08977684712e-05
-0.00212707899203
1.15362662543e-05
-0.00213518474948
3.3706590277e-05
-0.00214871021534
5.55599641519e-05
-0.00216756431292
7.70461714626e-05
-0.00219164472104
9.81170004771e-05
-0.00222083812124
0.000118725251914
-0.00225502020298
0.000138823783523
-0.00229405543833
0.000158364601546
-0.00233779664001
0.000177298008578
-0.00238608431829
0.000195571816884
-0.00243874585466
0.000213130637159
-0.00249559451219
0.000229915253387
-0.00255642830553
0.000245862094726
-0.00262102875605
0.000260902818278
-0.00268915956139
0.000274964016136
-0.00276056521256
0.000287967063293
-0.0028349695959
0.000299828123926
-0.00291207462227
0.000310458334229
-0.00299155893101
0.000319764182144
-0.00307307672166
0.000327648104221
-0.00315625677201
0.000334009318759
-0.00324070170669
0.000338744914341
-0.00332598758539
0.000341751209639
-0.00341166388416
0.0003429253954
0.000342167465013
-0.00351723073212
0.000424530127872
-0.00360139313518
0.000418645220018
-0.00368402588761
0.000410024145252
-0.00376456410052
0.000398582340314
-0.00384242600478
0.000384255193084
-0.00391701750073
0.00036700212381
-0.00398773763494
0.000346810683903
-0.00405398500488
0.000323700534768
-0.00411516505725
0.000297727146296
-0.00417069820567
0.00026898503662
-0.00422002864791
0.000237610362181
-0.00426263371473
0.000203782663952
-0.00429803353385
0.000167725583913
-0.00432580074729
0.000129706385805
-0.00434556998099
9.00341508737e-05
-0.00435704673836
4.90565682149e-05
-0.00436001537562
7.15530201157e-06
-0.00435434582193
-3.52600086821e-05
-0.0043399987324
-7.77589846869e-05
-0.00431702880772
-0.000119898764849
-0.00428558607976
-0.000161233006659
-0.00424591504392
-0.000201321291458
-0.00419835161164
-0.000239738560024
-0.00414331795384
-0.000276084191841
-0.00408131540089
-0.000309990353936
-0.00401291564965
-0.000341129284732
-0.00393875059783
-0.00036921923897
-0.00385950117487
-0.000394028896181
-0.00377588556458
-0.00041538012366
-0.00368864721748
-0.000433149073598
-0.00359854303205
-0.000447265677171
-0.0035063320464
-0.000457711673225
-0.00341276493074
-0.000464517366202
-0.00331857451058
-0.000467757346753
-0.00322446748638
-0.000467545432083
-0.00313111745108
-0.000464029086582
-0.00303915924767
-0.00045738357182
-0.00294918465551
-0.000447806054962
-0.00286173935001
-0.000435509873228
-0.00277732104544
-0.000420719115779
-0.00269637870505
-0.000403663649288
-0.00261931268648
-0.000384574675954
-0.00254647568185
-0.000363680877709
-0.00247817431012
-0.000341205173426
-0.00241467122357
-0.000317362087062
-0.00235618759737
-0.000292355707371
-0.00230290588276
-0.000266378203153
-0.00225497271629
-0.000239608846765
-0.00221250189162
-0.000212213493255
-0.00217557731341
-0.000184344458357
-0.00214425586673
-0.000156140737695
-0.00211857014718
-0.000127728512265
-0.0020985310087
-9.92218877104e-05
-0.00208412989613
-7.07238189897e-05
-0.00207534093806
-4.23271775732e-05
-0.00207212278376
-1.41159227745e-05
-0.00207442017359
1.38336560899e-05
-0.0020821652383
4.14516549826e-05
-0.00209527852635
6.86732522041e-05
-0.00211366976243
9.54374075434e-05
-0.00213723834269
0.000121685580738
-0.00216587357489
0.000147360484114
-0.00219945467334
0.000172404881974
-0.00223785052032
0.00019676044852
-0.00228091920717
0.000220366695427
-0.00232850736991
0.000243159979625
-0.00238044933584
0.000265072603093
-0.00243656609975
0.000286032017295
-0.00249666415039
0.00030596014537
-0.00256053417099
0.000324772838878
-0.00262794964038
0.000342379485528
-0.00269866536546
0.000358682788367
-0.0027724159799
0.000373578738362
-0.00284891444898
0.000386956803318
-0.00292785062598
0.000398700359134
-0.00300888991137
0.000408687389617
-0.00309167207272
0.000416791480105
-0.00317581028901
0.000422883130631
-0.00326089049013
0.000426831410767
-0.00334647106735
0.000428505972619
0.00042777943331
-0.00343584975393
0.000509818149013
-0.00352031310186
0.000503108567956
-0.00360341072451
0.0004931217679
-0.00368457804228
0.000479749658086
-0.00376323028413
0.000462907434928
-0.00383876678557
0.000442538625247
-0.00391057630043
0.000418620198763
-0.00397804334981
0.000391167584151
-0.00404055559557
0.000360239392059
-0.00409751218159
0.00032594162264
-0.004148332935
0.000288431115586
-0.00419246826342
0.000247917992375
-0.0042294095259
0.000204666846395
-0.00425869959794
0.000158996457844
-0.00427994330039
0.000111277853328
-0.0042928173223
6.19305901257e-05
-0.00429707924453
1.14172242413e-05
-0.00429257526927
-3.97639839426e-05
-0.00427924628292
-9.10879710422e-05
-0.00425713192831
-0.00014201311946
-0.00422637243552
-0.000191992499442
-0.00418720805488
-0.000240485672099
-0.00413997604502
-0.000286970569887
-0.00408510528513
-0.000330954951733
-0.00402310869442
-0.000371986944645
-0.00395457374443
-0.000409664234719
-0.00388015143308
-0.000443641550322
-0.0038005441476
-0.000473636181663
-0.00371649287313
-0.000499431398122
-0.00362876420467
-0.000520877742061
-0.00353813759472
-0.000537892287122
-0.00344539322181
-0.000550456046134
-0.00335130080132
-0.000558609786692
-0.00325660958733
-0.000562448560744
-0.00316203973738
-0.00056211528203
-0.00306827513735
-0.000557793686619
-0.00297595771533
-0.000549700993838
-0.00288568321425
-0.000538080556043
-0.0027979983445
-0.000523194742973
-0.00271339920191
-0.000505318258372
-0.00263233081072
-0.000484732040476
-0.0025551876368
-0.000461717849872
-0.00248231491048
-0.000436553604036
-0.00241401059975
-0.000409509484154
-0.00235052788226
-0.000380844804549
-0.00229207797535
-0.000350805614286
-0.00223883319759
-0.000319622980905
-0.00219093015088
-0.000287511893478
-0.00214847292746
-0.000254670716674
-0.00211153626234
-0.000221281123479
-0.00208016856585
-0.000187508434191
-0.00205439478469
-0.000153502293418
-0.00203421905183
-0.000119397620569
-0.00201962709589
-8.53157749366e-05
-0.00201058838982
-5.13658836416e-05
-0.00200705802601
-1.76462865798e-05
-0.00200897831101
1.57539410868e-05
-0.00201628007805
4.87534220184e-05
-0.00202888371944
8.12768936032e-05
-0.00204669994388
0.000113253631978
-0.00206963026581
0.000144615902673
-0.00209756723623
0.000175297454532
-0.00213039442508
0.000205232070824
-0.00216798616704
0.000234352190477
-0.00221020708328
0.000262587611671
-0.00225691139298
0.00028986428932
-0.00230794202947
0.00031610323958
-0.00236312957774
0.000341219565568
-0.00242229105152
0.000365121619157
-0.0024852285309
0.000387710318256
-0.00255172768412
0.000408878638742
-0.00262155620099
0.000428511305237
-0.00269446216963
0.000446484707002
-0.00277017243308
0.00046266706677
-0.00284839096837
0.000476918894422
-0.00292879733698
0.000489093758235
-0.00301104526275
0.000499039405875
-0.00309476140066
0.000506599268533
-0.00317954436801
0.000511614378118
-0.00326496411675
0.000513925721367
0.000513377049342
-0.00333805391712
0.000595212760565
-0.00342281727034
0.000587871921173
-0.00350641319634
0.000576717693908
-0.00358827843274
0.00056161489448
-0.00366782554824
0.00054245455043
-0.00374444690061
0.00051915997762
-0.00381751970851
0.000491693006658
-0.00388641229054
0.000460060166184
-0.00395049148741
0.000424318588928
-0.00400913123505
0.000384581370283
-0.00406172219919
0.000341022079721
-0.00410768231568
0.000293878108869
-0.00414646801033
0.000243452541046
-0.00417758579961
0.000190114247125
-0.00420060390713
0.000134295960843
-0.00421516347499
7.64901579913e-05
-0.00422098891232
1.72426615635e-05
-0.00421789691105
-4.28559852092e-05
-0.00420580367753
-0.00010318120456
-0.00418472997886
-0.000163086818128
-0.00415480368622
-0.000221918792086
-0.00411625960812
-0.000279029750195
-0.00406943653803
-0.000333793639978
-0.00401477158187
-0.000385619907892
-0.00395279197095
-0.000433966555566
-0.00388410469162
-0.000478351514053
-0.00380938436494
-0.000518361876998
-0.00372935987986
-0.000553660666743
-0.00364480031729
-0.000583990960697
-0.00355650070073
-0.000609177358617
-0.00346526807471
-0.000629124913146
-0.00337190835094
-0.000643815769902
-0.00327721428269
-0.000653303854939
-0.00318195483763
-0.000657708005805
-0.0030868661468
-0.000657203972859
-0.00299264411885
-0.000652015714574
-0.00289993872956
-0.000642406383128
-0.00280934993
-0.0006286693556
-0.00272142506402
-0.000611119608954
-0.00263665764821
-0.000590085674184
-0.00255548734299
-0.00056590234569
-0.00247830093138
-0.00053890426148
-0.00240543412012
-0.0005094204153
-0.00233717398358
-0.000477769620692
-0.00227376188299
-0.00044425690514
-0.00221539670889
-0.000409170788391
-0.00216223831289
-0.000372781376903
-0.00211441101377
-0.000335339192596
-0.00207200708137
-0.000297074649077
-0.00203509011969
-0.000258198085154
-0.00200369828702
-0.00021890026686
-0.00197784730518
-0.000179353275263
-0.00195753322289
-0.000139711702859
-0.001942734909
-0.000100114088824
-0.00193341626009
-6.06845325557e-05
-0.00192952811428
-2.15344323899e-05
-0.0019310098689
1.72356957118e-05
-0.00193779080385
5.55343569695e-05
-0.00194979111589
9.32772056394e-05
-0.00196692267147
0.000130385187563
-0.00198908948736
0.000166782718555
-0.00201618794923
0.00020239591641
-0.00204810677953
0.000237150901122
-0.00208472676584
0.000270972176783
-0.00212592026202
0.00030378110785
-0.00217155047443
0.000335494501736
-0.00222147054643
0.000366023311573
-0.00227552245523
0.000395271474375
-0.00233353573677
0.000423134900691
-0.00239532605586
0.000449500637349
-0.00246069364189
0.000474246224773
-0.00252942161322
0.00049723927657
-0.00260127421801
0.000518337311785
-0.00267599502382
0.000537387872585
-0.00275330509482
0.000554228965421
-0.00283290120198
0.000568689865397
-0.00291445411989
0.000580592323784
-0.00299760707234
0.000589752220979
-0.00308197439847
0.000595981704244
-0.00316714052071
0.000599091843609
0.000598895834201
-0.00322377970708
0.000680645625257
-0.00330880761388
0.000672899827975
-0.00339290136421
0.000660811444235
-0.00347550055717
0.000644214087442
-0.00355601598933
0.000622969982585
-0.00363383316281
0.000596977151101
-0.00370831701831
0.000566176862161
-0.00377881798409
0.000530561131963
-0.00384467939416
0.000490179998996
-0.00390524627759
0.000445148253717
-0.00395987545589
0.000395651258016
-0.00400794680823
0.000341949461214
-0.0040488754783
0.000284381211119
-0.00408212470553
0.000223363474351
-0.00410721887598
0.000159390131289
-0.00412375631125
9.30275932682e-05
-0.0041314212575
2.49076078111e-05
-0.00412999451006
-4.42827326489e-05
-0.00411936211998
-0.000113813594646
-0.00409952168094
-0.000182927257168
-0.00407058578975
-0.000250854683274
-0.00403278240535
-0.000316833134599
-0.00398645199124
-0.000380124054084
-0.0039320415009
-0.000440030398235
-0.0038700954394
-0.00049591261706
-0.003801244392
-0.000547202561457
-0.00372619153649
-0.000593414732503
-0.00364569774232
-0.000634154460921
-0.0035605658983
-0.000669122804717
-0.00347162510477
-0.000698118152141
-0.00337971531845
-0.000721034699469
-0.00328567295849
-0.000737858129859
-0.00319031788074
-0.000748658932688
-0.00309444201468
-0.000753583871865
-0.00299879984433
-0.000752846143209
-0.0029041008085
-0.000746714750404
-0.00281100360366
-0.000735503587974
-0.00272011229709
-0.000719560662167
-0.0026319741012
-0.000699257804845
-0.00254707862105
-0.000674981154332
-0.00246585836495
-0.000647122601788
-0.00238869029963
-0.000616072326805
-0.00231589823507
-0.000582212479859
-0.00224775583556
-0.000545912020197
-0.0021844900714
-0.000507522669306
-0.00212628494674
-0.000467375913047
-0.00207328536213
-0.000425780961513
-0.00202560099306
-0.000383023561668
-0.0019833100881
-0.000339365554035
-0.00194646311031
-0.000295045062947
-0.00191508616384
-0.000250277213332
-0.00188918416341
-0.000205255275694
-0.00186874371752
-0.000160152148752
-0.00185373570735
-0.000115122098993
-0.00184411755205
-7.03026878554e-05
-0.00183983515791
-2.58168265239e-05
-0.00184082455422
1.82250920191e-05
-0.00184701322212
6.17230248709e-05
-0.0018583211256
0.000104585109124
-0.00187466145509
0.000146725517051
-0.0018959410951
0.000188062358564
-0.00192206082777
0.000228515649075
-0.00195291528392
0.000268005357276
-0.00198839265322
0.000306449546087
-0.00202837416459
0.000343762619222
-0.00207273334787
0.000379853685013
-0.00212133508775
0.000414625051448
-0.00217403448134
0.000447970867968
-0.00223067551147
0.000479775930826
-0.00229108954929
0.000509914675165
-0.0023550937017
0.000538250377186
-0.00242248902231
0.000564634597174
-0.0024930586082
0.000588906897676
-0.00256656561005
0.000610894874441
-0.00264275118908
0.000630414544449
-0.00272133246193
0.000647271138243
-0.00280200048318
0.00066126034504
-0.00288441832533
0.000672170063128
-0.00296821932715
0.000679782706066
-0.00305300559353
0.000683878109985
0.000684237083059
-0.00309296364662
0.000766007348758
-0.0031781794632
0.000758115644557
-0.00326272982909
0.000745361810122
-0.00334605938875
0.000727543647096
-0.00342757871646
0.000704489310299
-0.00350666724025
0.000676065674896
-0.00358267750801
0.000642187129922
-0.00365494093414
0.000602824558085
-0.00372277512811
0.000558014192966
-0.00378549285243
0.000507865978042
-0.00384241258511
0.000452570990697
-0.00389287057206
0.000392407448158
-0.00393623415047
0.000327744789536
-0.00397191601036
0.00025904533424
-0.00399938894659
0.000186863067514
-0.00401820054901
0.000111839195687
-0.00402798719532
3.46942541285e-05
-0.00402848666384
-4.37832641329e-05
-0.00401954868174
-0.000122751576749
-0.00400114277689
-0.000201333162014
-0.00397336290892
-0.000278634551242
-0.00393642851347
-0.000353767530049
-0.00389068179048
-0.000425870777072
-0.00383658128537
-0.000494130903344
-0.00377469203112
-0.000557801871315
-0.00370567271777
-0.000616221874804
-0.00363026051489
-0.00066882693538
-0.00354925427811
-0.000715160697701
-0.00346349691644
-0.00075488016639
-0.00337385768336
-0.00078775738522
-0.00328121508947
-0.00081367729336
-0.00318644102894
-0.000832632190387
-0.00309038658141
-0.000844713380221
-0.00299386980943
-0.000850100643848
-0.00289766573205
-0.000849050220588
-0.00280249852786
-0.000841881954592
-0.00270903591307
-0.00082896620277
-0.00261788555497
-0.000810711020263
-0.00252959332005
-0.000787550039768
-0.00244464311733
-0.000759931357054
-0.00236345807903
-0.000728307640087
-0.00228640281811
-0.000693127587717
-0.00221378651307
-0.000654828784909
-0.00214586658917
-0.000613831944095
-0.00208285279109
-0.000570536467381
-0.0020249114692
-0.000525317234943
-0.00197216993077
-0.00047852249994
-0.00192472073537
-0.000430472757069
-0.001882625839
-0.000381460450405
-0.00184592051502
-0.000331750386928
-0.00181461699974
-0.000281580728613
-0.00178870782745
-0.000231164447981
-0.00176816883348
-0.000180691142724
-0.00175296181488
-0.000130329117589
-0.00174303684689
-8.02276558458e-05
-0.00173833425942
-3.05194139926e-05
-0.00173878628249
1.86771150886e-05
-0.00174431837218
6.72551145613e-05
-0.00175485023049
0.000115116967431
-0.00177029653305
0.000162171819615
-0.00179056737871
0.000208333204222
-0.00181556847429
0.000253516744652
-0.00184520106709
0.000297637950073
-0.0018793616365
0.000340610115503
-0.00191794135513
0.000382342337852
-0.00196082532865
0.00042273765853
-0.00200789162307
0.000461691345862
-0.00205901008759
0.000499089332493
-0.00211404098131
0.000534806824547
-0.00217283341275
0.000568707106606
-0.00223522360274
0.000600640567171
-0.00230103298344
0.000630443977877
-0.00237006615005
0.000657940064285
-0.00244210868606
0.000682937410453
-0.00251692488953
0.000705230747914
-0.00259425543532
0.000724601684037
-0.00267381501783
0.00074081992755
-0.00275529002982
0.000753645075116
-0.00283833634626
0.000762829022502
-0.00292257729635
0.000768119060076
0.000769261709834
-0.00294554777216
0.000851140777794
-0.00303082661116
0.000843394483557
-0.00311574433887
0.000830279537826
-0.00319975357373
0.000811552881955
-0.00328226700274
0.000787002739313
-0.00336265955884
0.000756458231001
-0.00344027205824
0.000719799629318
-0.00351441649371
0.000676968993551
-0.00358438314644
0.000627980845702
-0.00364944962406
0.000572932455658
-0.00370889185346
0.000512013220093
-0.00376199695407
0.000445512548769
-0.00380807779157
0.000373825627039
-0.00384648886998
0.000297456412655
-0.00387664307137
0.000217017268898
-0.0038980286101
0.000133224734421
-0.00391022544981
4.68910938395e-05
-0.00391292035337
-4.10883605772e-05
-0.00390591971588
-0.000129752214241
-0.00388915937959
-0.000218093498302
-0.0038627107521
-0.000305083178728
-0.00382678274024
-0.00038969554191
-0.00378171925621
-0.000470934261109
-0.00372799232758
-0.000547857831968
-0.00366619112169
-0.000619603077205
-0.00359700744811
-0.000685405548383
-0.00352121850504
-0.000744615878452
-0.00343966776656
-0.000796711436181
-0.0033532449601
-0.000841302972848
-0.00326286605862
-0.000878136286699
-0.00316945412145
-0.000907089230529
-0.00307392167755
-0.000928164634289
-0.00297715517545
-0.000941479882325
-0.0028800018451
-0.0009472539742
-0.00278325914405
-0.000945792921631
-0.00268766680721
-0.000937474291434
-0.00259390139348
-0.000922731616508
-0.0025025731272
-0.000902039286539
-0.00241422476766
-0.000875898399308
-0.00232933220344
-0.000844823921277
-0.00224830645575
-0.000809333387771
-0.00217149678099
-0.000769937262476
-0.00209919458289
-0.00072713098301
-0.0020316378736
-0.00068138865339
-0.00196901605746
-0.000633158283512
-0.00191147484726
-0.000582858445149
-0.00185912115799
-0.00053087618921
-0.00181202785701
-0.000477566058049
-0.00177023827871
-0.000423250028702
-0.00173377043815
-0.000368218227496
-0.00170262089982
-0.000312730266938
-0.00167676827573
-0.000257017072067
-0.00165617634076
-0.000201283077698
-0.00164079676444
-0.000145708693913
-0.001630571466
-9.04529542798e-05
-0.00162543460502
-3.56562749783e-05
-0.00162531422337
1.85567334464e-05
-0.00163013355633
7.20744475156e-05
-0.00163981203072
0.000124795441823
-0.00165426596823
0.000176625757126
-0.00167340901037
0.000227476246363
-0.0016971522804
0.000277260014677
-0.00172540429544
0.000325889965112
-0.00175807064018
0.000373276460248
-0.00179505341151
0.000419325109179
-0.00183625044151
0.000463934688531
-0.00188155430486
0.000506995209211
-0.00193085111526
0.000548386142899
-0.0019840191149
0.000587974824181
-0.00204092706082
0.000625615052524
-0.00210143241293
0.000661145919286
-0.00216537932992
0.000694390894863
-0.00223259648236
0.000725157216735
-0.00230289469666
0.000753235624752
-0.00237606444916
0.000778400500408
-0.00245187323804
0.000800410472917
-0.00253006287019
0.000819009559699
-0.00261034671268
0.000833928917615
-0.0026924069734
0.000844889283212
-0.00277589209208
0.000851604178763
0.000853783960877
-0.00278148631009
0.00093583407264
-0.00286664761452
0.000928555787991
-0.00295178755982
0.000915419483127
-0.00303637051614
0.000896135838274
-0.00311981453223
0.000870446755401
-0.00320149257378
0.000838136272547
-0.00328073533149
0.000799042387035
-0.00335683586442
0.000753069526482
-0.00342905631724
0.000700201298524
-0.00349663689746
0.000640513035874
-0.0035588072147
0.000574183537328
-0.00361479996762
0.000501505301689
-0.00366386681518
0.000422892474604
-0.00370529609303
0.000338885690502
-0.00373843184434
0.00025015302021
-0.0037626934438
0.000157486333876
-0.00377759492512
6.17925751614e-05
-0.00378276300237
-3.59202833231e-05
-0.00377795272541
-0.000134562491204
-0.0037630597499
-0.000232986473813
-0.00373812834058
-0.00033001458805
-0.00370335445773
-0.000424469424754
-0.00365908358188
-0.000515205136964
-0.00360580328074
-0.000601138133104
-0.00354413088057
-0.000681275477381
-0.00347479693028
-0.000754739498666
-0.0033986254056
-0.000820787403133
-0.00331651176445
-0.000878825077333
-0.00322940002439
-0.000928414712907
-0.00313825999096
-0.000969276320126
-0.00304406563961
-0.00100128358188
-0.00294777546643
-0.00102445480748
-0.0028503154021
-0.00103893994665
-0.00275256465579
-0.00104500472051
-0.00265534464137
-0.00104301293605
-0.00255941095407
-0.00103340797873
-0.00246544821939
-0.00101669435119
-0.00237406753019
-0.000993419975739
-0.00228580612193
-0.000964159807571
-0.00220112890444
-0.000929501138764
-0.00212043146525
-0.000890030826962
-0.00204404417733
-0.000846324550399
-0.00197223707719
-0.000798938083146
-0.00190522522032
-0.000748400510257
-0.00184317426664
-0.000695209237196
-0.00178620609425
-0.000639826617539
-0.00173440428305
-0.000582678000413
-0.00168781934903
-0.000524150992066
-0.00164647364431
-0.000464595733425
-0.00161036586656
-0.00040432600524
-0.00157947514539
-0.000343620988112
-0.00155376469127
-0.000282727526184
-0.00153318500717
-0.000221862761797
-0.00151767667292
-0.000161217028165
-0.00150717271953
-0.000100956907666
-0.00150160061497
-4.12283795439e-05
-0.001500883885
1.78400034785e-05
-0.00150494339348
7.61339559957e-05
-0.00151369830552
0.000133550353859
-0.00152706675554
0.000189994207147
-0.00154496623994
0.000245375730767
-0.00156731375139
0.000299607526126
-0.00159402566892
0.000352601882644
-0.00162501741508
0.000404268206407
-0.0016602028884
0.000454510582503
-0.00169949367676
0.000503225476886
-0.00174279805459
0.00055029958704
-0.00179001976504
0.000595607853353
-0.00184105658622
0.00063901164536
-0.00189579867997
0.000680357146272
-0.00195412672131
0.000719473960625
-0.00201590980756
0.000756173981117
-0.00208100314834
0.000790250557518
-0.00214924554109
0.000821478017494
-0.00222045664234
0.000849611601663
-0.0022944340528
0.000874387883378
-0.00237095024397
0.000895525750862
-0.00244974936758
0.00091272804123
-0.00253054400527
0.000925683920904
-0.00261301193514
0.000934072108629
0.000937565040981
-0.00260075372609
0.00101981360706
-0.00268555349459
0.00101335555648
-0.00277070624006
0.0010005722286
-0.00285569280926
0.000981122407476
-0.00293994090637
0.00095469485251
-0.00302282516853
0.000921020534711
-0.00310366890207
0.000879886120571
-0.00318174782658
0.000831148450996
-0.00325629615918
0.000774749631119
-0.00332651532462
0.000710732201316
-0.00339158549247
0.000639253705178
-0.00345068001356
0.00056059982278
-0.00350298265445
0.000475195115489
-0.00354770731329
0.000383610349341
-0.00358411965641
0.000286565363333
-0.00361155986116
0.000184926538627
-0.0036294654163
7.96981303012e-05
-0.00363739275037
-2.79929492583e-05
-0.00363503636441
-0.000136918877163
-0.00362224416752
-0.000245778670704
-0.00359902786729
-0.000353230888273
-0.00356556754859
-0.000457929743458
-0.00352220995627
-0.000558562729278
-0.00346946044329
-0.000653887646093
-0.00340796900772
-0.000742766912945
-0.00333851126758
-0.000824197238803
-0.00326196555561
-0.000897333115109
-0.00317928752329
-0.000961503109649
-0.00309148370888
-0.00101621852732
-0.00299958545666
-0.00106117457235
-0.00290462439857
-0.00109624463996
-0.00280761045717
-0.00112146874887
-0.00270951304033
-0.00113703736349
-0.00261124580755
-0.00114327195329
-0.00251365512236
-0.00114060362124
-0.00241751208403
-0.00112955101706
-0.00232350786306
-0.00111069857215
-0.0022322519506
-0.0010846758882
-0.00214427286698
-0.0010521388912
-0.00206002085269
-0.00101375315306
-0.00197987207548
-0.000970179604168
-0.00190413392141
-0.000922062704468
-0.00183305098704
-0.000870021017514
-0.00176681144652
-0.000814640050779
-0.0017055535264
-0.000756467157314
-0.00164937187768
-0.000696008266265
-0.00159832368644
-0.000633726191657
-0.00155243441033
-0.00057004026817
-0.00151170306639
-0.000505327077365
-0.00147610702714
-0.000439922044487
-0.00144560630694
-0.00037412170832
-0.00142014733893
-0.000308186494186
-0.0013996662569
-0.00024234384383
-0.00138409170509
-0.000176791579982
-0.00137334720515
-0.000111701407606
-0.0013673531119
-4.7222472792e-05
-0.00136602819031
1.65150818936e-05
-0.00136929084522
7.93966109059e-05
-0.00137706003303
0.000141319541666
-0.00138925588175
0.000202190055865
-0.00140580004219
0.000261919891206
-0.0014266157893
0.000320423273238
-0.00145162788868
0.00037761398203
-0.00148076223933
0.00043340255705
-0.00151394529973
0.000487693642909
-0.00155110330091
0.000540383478066
-0.00159216124623
0.000591357532355
-0.0016370416951
0.000640488302225
-0.00168566332486
0.000687633275114
-0.00173793926318
0.000732633084592
-0.00179377518224
0.00077530987969
-0.00185306714554
0.000815465944416
-0.00191569919944
0.000852882611417
-0.00198154070409
0.000887319522145
-0.00205044340304
0.000918514300609
-0.00212223823792
0.000946182718258
-0.00219673192448
0.000970019437426
-0.00227370331965
0.000989699436394
-0.00235289962661
0.00100488022787
-0.00243403250652
0.00101520498854
0.00102030672613
-0.00240335434799
0.00110273678888
-0.00248747707638
0.00109747828487
-0.00257236004051
0.00108545519273
-0.00265750632
0.00106626868697
-0.00274235873811
0.00103954727062
-0.00282629852057
0.00100496031717
-0.00290864567305
0.00096223327305
-0.00298866151851
0.000911164296457
-0.00306555383868
0.000851641951289
-0.00313848503093
0.000783663393568
-0.00320658361162
0.000707352285869
-0.00326895926032
0.000622975471479
-0.00332472140084
0.000530957256014
-0.0033730010557
0.000431890004199
-0.00341297540232
0.00032653970995
-0.00344389412525
0.000215845261564
-0.00346510633532
0.000100910340367
-0.00347608656078
-1.70127237997e-05
-0.00347645815562
-0.000136547282324
-0.00346601245918
-0.000256224367141
-0.00344472220901
-0.000374521138447
-0.00341274805141
-0.000489903901059
-0.0033704374751
-0.000600873305586
-0.00331831606274
-0.000706009058454
-0.00325707155676
-0.000804011418917
-0.00318753179385
-0.000893737001718
-0.00311063799725
-0.000974226911711
-0.00302741517701
-0.00104472592989
-0.00293894145808
-0.00110469224625
-0.00284631805036
-0.00115379798007
-0.00275064132788
-0.00119192136244
-0.00265297814475
-0.00121913193201
-0.00255434513635
-0.00123567037188
-0.00245569238414
-0.0012419247055
-0.00235789149352
-0.00123840451187
-0.00226172787065
-0.00122571463993
-0.00216789679252
-0.00120452965029
-0.00207700274358
-0.00117556993713
-0.00198956143509
-0.00113958019969
-0.00190600391594
-0.00109731067221
-0.00182668221477
-0.00104950130534
-0.00175187600884
-0.000996868910396
-0.00168179988547
-0.000940097140888
-0.00161661083716
-0.000879829099087
-0.00155641570653
-0.000816662287941
-0.00150127836616
-0.000751145606634
-0.00145122647989
-0.000683778077929
-0.00140625774428
-0.00061500900378
-0.00136634555138
-0.000545239270265
-0.0013314440475
-0.000474823548365
-0.00130149258823
-0.000404073167593
-0.00127641960804
-0.000333259474373
-0.0012561459354
-0.000262617516477
-0.00124058759168
-0.000192349923695
-0.00122965811628
-0.000122630883006
-0.00122327046077
-5.36101283037e-05
-0.00122133849421
1.45831153288e-05
-0.00122377815856
8.18362752587e-05
-0.00123050830959
0.000148049692695
-0.00124145127398
0.000213133020256
-0.00125653314869
0.000277001765918
-0.00127568386344
0.000339573987981
-0.00129883702209
0.000400767140688
-0.00132592953392
0.00046049506888
-0.00135690104051
0.000518665149499
-0.00139169313977
0.000575175577324
-0.00143024840388
0.00062991279646
-0.00147250918409
0.000682749082436
-0.00151841619157
0.000733540282596
-0.00156790684046
0.000782123733483
-0.00162091333687
0.000828316376103
-0.00167736049618
0.000871913103719
-0.00173716327068
0.000912685385918
-0.00180022397109
0.00095038022256
-0.00186642916866
0.000984719498179
-0.00193564627079
0.00101539982038
-0.00200771977206
0.0010420929387
-0.00208246719581
0.00106444686014
-0.00215967475891
0.00108208779097
-0.00223909281575
0.00109462304538
0.00110164507655
-0.00218933376853
0.00118418494462
-0.00227238422409
0.00118052874043
-0.00235663234063
0.00116970330928
-0.00244161027769
0.00115124662403
-0.00252678272081
0.00112471971373
-0.00261154384382
0.00108972144018
-0.00269521599732
0.00104590542656
-0.00277705066938
0.00099299896852
-0.00285623229417
0.000930823576074
-0.00293188547361
0.000859316573014
-0.00300308611095
0.000778552923204
-0.00306887681735
0.000688766177876
-0.00312828673306
0.000590367171722
-0.00318035559767
0.00048395886881
-0.00322416152026
0.000370345632547
-0.00325885146418
0.000250535205483
-0.00328367301928
0.000125731895467
-0.00329800565065
-2.68009243673e-06
-0.00330138935417
-0.000133163578801
-0.00329354858308
-0.000264065138231
-0.00327440948644
-0.000393660235086
-0.00324410892084
-0.000520204466662
-0.00320299430078
-0.000641987925643
-0.00315161408001
-0.000757389279228
-0.00309069944205
-0.000864926056875
-0.00302113851952
-0.000963297924244
-0.00294394503372
-0.00105142039751
-0.0028602235748
-0.00112844738881
-0.00277113381305
-0.001193782008
-0.0026778557683
-0.00124707602482
-0.00258155791886
-0.00128821921188
-0.00248336947169
-0.00131732037918
-0.00238435761794
-0.00133468222564
-0.00228551012467
-0.00134077219877
-0.00218772320934
-0.0013361914272
-0.00209179433126
-0.001321643518
-0.00199841932141
-0.00129790466014
-0.00190819315037
-0.00126579610817
-0.00182161359158
-0.00122615975848
-0.0017390870539
-0.00117983720989
-0.00166093591657
-0.00112765244266
-0.00158740678382
-0.00107039804315
-0.00151867917294
-0.00100882475176
-0.00145487424764
-0.00094363402439
-0.00139606330125
-0.000875473234335
-0.00134227577756
-0.000804933130325
-0.00129350668779
-0.000732547167691
-0.00124972334078
-0.000658792350796
-0.00121087134914
-0.000584091261907
-0.00117687990932
-0.000508814988186
-0.00114766637827
-0.000433286698637
-0.0011231401866
-0.000357785666046
-0.00110320613827
-0.000282551564802
-0.0010877671525
-0.000207788909472
-0.00107672650437
-0.000133671531133
-0.00106998961973
-6.03470129471e-05
-0.00106746547591
1.20589715166e-05
-0.00106906765551
8.34384548557e-05
-0.00107471509432
0.0001536971315
-0.00108433255887
0.000222750484813
-0.0010978508825
0.000290520089543
-0.00111520698252
0.000356930087999
-0.00113634367521
0.000421903833385
-0.00116120929901
0.000485360692676
-0.00118975715057
0.000547213001061
-0.00122194473297
0.000607363159724
-0.00125773280971
0.000665700873199
-0.0012970842534
0.000722100526129
-0.00133996267315
0.000776418702337
-0.00138633080047
0.000828491860805
-0.00143614860998
0.000878134185617
-0.00148937114802
0.000925135641757
-0.00154594604086
0.00096926027876
-0.00160581065372
0.00101024483542
-0.00166888887345
0.00104779771792
-0.00173508749244
0.00108159843937
-0.00180429217839
0.00111129762466
-0.00187636302738
0.00113651770913
-0.00195112971423
0.00115685447781
-0.00202838627816
0.00117187960932
0.00118114441118
-0.00195879226316
0.00126365647511
-0.00204028727427
0.00126202375155
-0.00212344338735
0.00125285942236
-0.00220782979953
0.00123563303621
-0.00229294116002
0.00120983107422
-0.00237819253873
0.00117497281889
-0.00246291605695
0.00113062894477
-0.00254635983927
0.00107644275085
-0.00262769001186
0.00101215374866
-0.00270599649632
0.000937623057476
-0.00278030330951
0.00085285973639
-0.00284958395285
0.000758046821221
-0.00291278224158
0.000653565460445
-0.00296883857042
0.000540015197652
-0.00301672114232
0.000418228204452
-0.00305546112377
0.000289275186928
-0.00308419009214
0.000154460863841
-0.00310217759291
1.53074083306e-05
-0.00310886622142
-0.000126474950289
-0.00310390148495
-0.000269029874707
-0.00308715387975
-0.000410407840281
-0.00305873113991
-0.000548627206501
-0.00301897937202
-0.000681739693537
-0.00296847270755
-0.000807895943701
-0.00290799213614
-0.000925406628277
-0.00283849518234
-0.00103279487804
-0.00276107884827
-0.00112883673159
-0.00267693865771
-0.00121258757937
-0.00258732669809
-0.00128339396762
-0.00249351130968
-0.00134089141323
-0.00239674058696
-0.0013849899346
-0.00229821123455
-0.00141584973159
-0.00219904366425
-0.00143384979594
-0.00210026361761
-0.00143955224541
-0.00200279010256
-0.00143366494225
-0.00190742906872
-0.00141700455185
-0.00181487201527
-0.00139046171359
-0.001725698613
-0.00135496951043
-0.00164038240527
-0.00131147596621
-0.00155929870552
-0.00126092090964
-0.00148273390617
-0.00120421724201
-0.00141089553453
-0.0011422364148
-0.00134392252036
-0.00107579776593
-0.00128189526379
-0.00100566128096
-0.00122484520557
-0.000932523292549
-0.00117276369909
-0.000857014636808
-0.00112561006397
-0.000779700802812
-0.00108331876502
-0.000701083649751
-0.00104580570827
-0.000621604318649
-0.0010129736809
-0.000541647015559
-0.000984716985133
-0.000461543394405
-0.000960925331015
-0.000381577320164
-0.000941487059958
-0.000301989835859
-0.00092629177335
-0.00022298419608
-0.000915232438626
-0.000144730865856
-0.000908207040836
-6.73724107369e-05
-0.000905119841676
8.97177235646e-06
-0.000905882300801
8.42009139804e-05
-0.000910413706635
0.000158228537334
-0.000918641556121
0.0002309783343
-0.000930501715134
0.000302380248556
-0.000945938383804
0.000372366756669
-0.000964903883747
0.000440869333328
-0.00098735827726
0.000507815086188
-0.00101326882189
0.000573123545695
-0.00104260925737
0.000636703595198
-0.0010753589156
0.000698450531431
-0.00111150163872
0.00075824324925
-0.00115102448409
0.000815941547704
-0.00119391619
0.000871383566722
-0.00124016537071
0.000924383366328
-0.00128975840487
0.000974728675909
-0.00134267697813
0.00102217885202
-0.00139889523831
0.00106646309559
-0.00145837652094
0.00110727900055
-0.0015210696055
0.00114429152393
-0.00158690446771
0.00117713248686
-0.00165578750353
0.00120540074496
-0.00172759621634
0.00122866319061
-0.00180217338123
0.00124645677421
0.00125829176262
-0.00171190045219
0.00134056056587
-0.00179126098087
0.00134138428022
-0.00187276619002
0.00133436463151
-0.00195603134384
0.00131889819004
-0.00204059054187
0.00129439027224
-0.00212588939304
0.00126027167006
-0.002211279193
0.00121601874473
-0.00229601337868
0.00116117693653
-0.00237924714937
0.00109538751935
-0.00246004121782
0.00101841712593
-0.00253737066096
0.000930189179532
-0.00261013974279
0.000830815903049
-0.00267720334986
0.000720629067513
-0.00273739528622
0.000600207134012
-0.00278956311096
0.00047039602919
-0.00283260848514
0.00033232056111
-0.00286553119214
0.000187383570841
-0.00288747422328
3.72504394736e-05
-0.00289776670704
-0.000116182466531
-0.00289596114713
-0.000270835434619
-0.00288186160555
-0.000424507381865
-0.00285554013541
-0.000574948676639
-0.00281733971037
-0.00071994011857
-0.00276786302696
-0.000857372627114
-0.00270794791163
-0.00098532174361
-0.00263863144231
-0.00110211134736
-0.0025611059147
-0.0012063622592
-0.00247667029371
-0.00129702320035
-0.00238668082656
-0.00137338343477
-0.00229250412641
-0.00143506811338
-0.00219547535949
-0.00148201870152
-0.00209686332214
-0.00151446176893
-0.00199784333082
-0.00153286978726
-0.0018994780827
-0.00153791749353
-0.00180270604225
-0.0015304369827
-0.0017083364917
-0.00151137410239
-0.00161705014455
-0.00148174806074
-0.00152940413199
-0.001442615523
-0.00144584019829
-0.00139503989991
-0.00136669504481
-0.00134006606312
-0.00129221191032
-0.0012787003765
-0.00122255264273
-0.00121189568238
-0.00115780968449
-0.00114054072418
-0.00109801754818
-0.00106545341727
-0.0010431634941
-0.000987377346625
-0.000993197233266
-0.000906980897643
-0.000948039568432
-0.000824858467646
-0.000907589953534
-0.000741533264649
-0.000871733000447
-0.000657461271737
-0.000840343995181
-0.000573036020825
-0.000813293506033
-0.000488593883553
-0.000790451176683
-0.000404419649513
-0.000771688800496
-0.000320752212047
-0.000756882770333
-0.000237790226243
-0.000745915992602
-0.000155697643587
-0.000738679346482
-7.46090568574e-05
-0.000735072760271
5.36518614576e-06
-0.000735005967149
8.41341208579e-05
-0.000738398992952
0.000161621563137
-0.00074518241911
0.000237761760458
-0.000755297454756
0.000312495284202
-0.000768695843413
0.000385765145326
-0.000785339621465
0.00045751311138
-0.000805200737866
0.00052767620259
-0.000828260537146
0.000596183344975
-0.000854509100595
0.000662952158647
-0.0008839444336
0.000727885864436
-0.000916571480293
0.000790870295944
-0.000952400939897
0.000851771007308
-0.00099144785266
0.000910430479485
-0.00103372991674
0.000966665430405
-0.00107926549136
0.00102026425053
-0.00112807123615
0.00107098459682
-0.00118015933187
0.00111855119131
-0.00123553422482
0.0011626538935
-0.00129418883663
0.00120294613573
-0.00135610018321
0.00123904383345
-0.00142122435409
0.00127052491584
-0.00148949081587
0.00129692965239
-0.00156079602446
0.00131776198281
0.00133249209959
-0.00144891742016
0.00141421182804
-0.00152546128899
0.00141792814905
-0.00160464559251
0.00141354893502
-0.00168614164219
0.00140039423971
-0.00176953380711
0.00137778243717
-0.00185430961057
0.00134504747353
-0.00193985105036
0.00130156018452
-0.00202542802634
0.00124675391251
-0.00211019493527
0.00118015442827
-0.00219319163676
0.00110141382742
-0.00227335006869
0.00101034761146
-0.0023495077488
0.000906973583165
-0.00242042919325
0.000791550511959
-0.00248483586588
0.000664613806645
-0.00254144461701
0.00052700478032
-0.00258901367385
0.000379889617953
-0.00262639417836
0.000224764075349
-0.00265258419255
6.34404536585e-05
-0.00266678117256
-0.000101985486516
-0.0026684283416
-0.000269188265584
-0.00265725054018
-0.000435685183286
-0.00263327604773
-0.000598923169086
-0.00259684202239
-0.000756374143913
-0.00254858251434
-0.000905632135158
-0.00248939978805
-0.0010445044699
-0.00242042165556
-0.00117108947986
-0.00234294890804
-0.00128383500672
-0.00225839753684
-0.00138157457156
-0.00216824041769
-0.00146354055392
-0.00207395260132
-0.00152935592975
-0.00197696341273
-0.00157900789011
-0.00187861740948
-0.00161280777218
-0.00178014511074
-0.00163134208601
-0.00168264344097
-0.0016354191633
-0.00158706510725
-0.00162601531642
-0.00149421566271
-0.00160422354693
-0.00140475677699
-0.00157120694646
-0.00131921419099
-0.001528158109
-0.00123798892434
-0.00147626516656
-0.00116137047798
-0.00141668450948
-0.00108955098892
-0.00135051986556
-0.00102263951811
-0.00127880715318
-0.000960675864766
-0.00120250437752
-0.000903643487543
-0.00112248579449
-0.000851481270947
-0.00103953956322
-0.000804094000261
-0.00095436816833
-0.00076136150419
-0.000867590963716
-0.000723146493555
-0.000779748275285
-0.000689301171124
-0.000691306594168
-0.000659672716777
-0.000602664475171
-0.00063410776744
-0.00051415883289
-0.000612456016174
-0.000426071400779
-0.000594573052636
-0.000338635175585
-0.00058032256008
-0.000252040718799
-0.000569577974041
-0.000166442229627
-0.000562223696185
-8.19633347125e-05
-0.0005581559446
1.29743456042e-06
-0.000557283309485
8.3261485743e-05
-0.000559527071462
0.000163865325114
-0.00056482132854
0.000243056017537
-0.000573112967406
0.000320786923068
-0.000584361505048
0.000397013682967
-0.000598538817767
0.000471690424099
-0.000615628766213
0.000544766151036
-0.000635626717111
0.000616181295873
-0.000658538954634
0.00068586439617
-0.000684381966839
0.000753728876641
-0.000713181585105
0.00081966991421
-0.000744971946854
0.000883561369056
-0.000779794244278
0.000945252776908
-0.0008176952139
0.00100456640003
-0.000858725314109
0.00106129435074
-0.000902936530238
0.00111519581295
-0.000950379739645
0.00116599440072
-0.00100110156336
0.00121337571721
-0.00105514062665
0.00125698519903
-0.00111252314952
0.00129642635632
-0.00117325779083
0.00133125955714
-0.00123732967862
0.00136100154018
-0.00130469357586
0.00138512588004
0.00140306468173
-0.00117021148303
0.00148382635248
-0.00124314725535
0.00149086392137
-0.00131922098555
0.00148962266522
-0.00139817073167
0.00147934398583
-0.00147964311772
0.00145925482322
-0.00156318061589
0.00142858497169
-0.00164820962851
0.00138658919714
-0.00173403034494
0.00133257462894
-0.00181980959952
0.00126593368286
-0.00190457819123
0.00118618241913
-0.00198723429721
0.00109300371744
-0.00206655466171
0.000986293947664
-0.00214121509739
0.000866210947641
-0.00220982142917
0.000733220138431
-0.00227095128109
0.000588134632234
-0.00232320601219
0.000432144349052
-0.00236527070612
0.000266828769281
-0.00239597864065
9.41483881879e-05
-0.00241437530931
-8.35888178509e-05
-0.00241977604484
-0.000263787530052
-0.00241181140293
-0.000443649825202
-0.00239045587106
-0.000620278700952
-0.00235603683872
-0.000790793176261
-0.00230922205529
-0.000952446918585
-0.0022509861276
-0.00110274039758
-0.00218255957593
-0.00123951603153
-0.00210536585849
-0.00136102872415
-0.00202095240943
-0.00146598802062
-0.00193092162373
-0.00155357133962
-0.0018368669882
-0.00162341056528
-0.00174031825853
-0.00167555661977
-0.00164269800865
-0.00171042802207
-0.00154529037626
-0.0017287497184
-0.00144922161046
-0.0017314879291
-0.00135545116691
-0.00171978575998
-0.00126477159133
-0.0016949031225
-0.00117781523391
-0.00165816330389
-0.0010950658704
-0.0016109074725
-0.00101687349225
-0.00155445754472
-0.000943470796957
-0.00149008720477
-0.000874990208927
-0.00141900045359
-0.000811480552567
-0.00134231680954
-0.000752922762889
-0.0012610621672
-0.000699244240827
-0.00117616431655
-0.000650331639656
-0.00108845216439
-0.000606042005155
-0.000998657802831
-0.000566212291143
-0.000907420677728
-0.000530667339306
-0.000815293227121
-0.000499226453878
-0.000722747479596
-0.000471708723908
-0.000630182205142
-0.000447937253696
-0.000537930303102
-0.000427742459504
-0.000446266194971
-0.000410964581645
-0.000355413053444
-0.000397455548057
-0.000265549752388
-0.000387080310221
-0.000176817467462
-0.000379717756475
-8.93258884589e-05
-0.000375261292073
-3.15902984141e-06
-0.000373619160442
8.16193541118e-05
-0.000374714566205
0.000164960730877
-0.000378485647912
0.000246827099243
-0.000384885336857
0.000327186612013
-0.000393881127968
0.000406009474079
-0.000405454779163
0.000483264075293
-0.000419601946735
0.000558913318608
-0.000436331756047
0.000632911105186
-0.000455666298705
0.000705198938828
-0.000477640039491
0.000775702617427
-0.000502299108348
0.000844328983066
-0.000529700444355
0.000910962705064
-0.000559910750172
0.000975463082725
-0.000593005206274
0.00103766085613
-0.000629065884997
0.00109735502946
-0.000668179794746
0.00115430972269
-0.000710436474939
0.00120825108091
-0.000755925053162
0.00125886429543
-0.000804730667845
0.00130579081371
-0.000856930153792
0.00134862584227
-0.00091258688552
0.00138691628887
-0.000971744676355
0.00142015933102
-0.00103442064195
0.00144780184563
0.00146924099837
-0.000876283707854
0.00154851977817
-0.00094470636742
0.00155928658093
-0.00101675308792
0.00156166938572
-0.00109223971943
0.00155483061733
-0.00117088796985
0.00153790307364
-0.00125230971855
0.0015100067204
-0.00133599154223
0.00147027102082
-0.00142128048667
0.00141786357338
-0.00150737245565
0.00135202565184
-0.001593304934
0.00127211489747
-0.00167795606443
0.00117765484787
-0.00176005228058
0.00106839016381
-0.00183818666547
0.000944345332538
-0.0019108498591
0.000805883332059
-0.00197647458078
0.000653759353907
-0.00203349354316
0.00048916331144
-0.00208040871696
0.00031374394308
-0.00211586790899
0.000129607580211
-0.00213874266051
-6.07140663272e-05
-0.00214819961358
-0.000254330576981
-0.00214375752698
-0.000448091911805
-0.00212532465296
-0.000638711574965
-0.00209321273176
-0.000822905097467
-0.00204812448607
-0.000997535164271
-0.00199111449748
-0.00115975038618
-0.00192352820657
-0.00130710232244
-0.00184692633977
-0.00143763059095
-0.00176300249173
-0.00154991186866
-0.00167350134546
-0.00164307248589
-0.00158014407884
-0.0017167678319
-0.0014845657281
-0.00177113497051
-0.00138826711369
-0.00180672663647
-0.00129258194837
-0.00182443488371
-0.001198658224
-0.00182541165347
-0.00110745196901
-0.00181099201497
-0.00101973094732
-0.0017826241442
-0.000936085743989
-0.00174180850722
-0.000856945837772
-0.00169004737872
-0.000782598581347
-0.00162880480114
-0.000713209404683
-0.00155947638143
-0.000648841959345
-0.00148336789893
-0.000589477292741
-0.00140168147615
-0.000535031459507
-0.00131550800044
-0.000485371234104
-0.00122582454196
-0.000440327786165
-0.00113349561233
-0.000399708323014
-0.00103927726598
-0.000363305801224
-0.000943823199519
-0.000330906869838
-0.000847692158507
-0.000302298240355
-0.000751356109078
-0.000277271690578
-0.000655208754919
-0.000255627907143
-0.000559574086537
-0.000237179359825
-0.000464714742289
-0.0002217523835
-0.000370840029769
-0.00020918862375
-0.000278113512137
-0.000199345981213
-0.00018666011
-0.000192099169453
-9.65727002188e-05
-0.000187339982027
-7.91821726703e-06
-0.000184977346857
7.92567189421e-05
-0.000184937230327
0.000164920614347
-0.000187162439535
0.000249052308452
-0.000191612358762
0.000331636531239
-0.000198262645202
0.000412659760519
-0.000207104899195
0.000492106329286
-0.000218146315144
0.000569954734557
-0.000231409310944
0.000646174100986
-0.000246931125569
0.000720720753454
-0.000264763366449
0.000793534858306
-0.000284971479954
0.000864537096572
-0.000307634109618
0.000933625334727
-0.00033284229743
0.00100067127054
-0.00036069847346
0.00106551703216
-0.000391315168183
0.00112797172419
-0.000424813370286
0.0011878079248
-0.000461320440271
0.0012447581509
-0.000500967477688
0.00129851133285
-0.000543886027449
0.00134870936347
-0.000590203999472
0.00139494381429
-0.000640040667419
0.00143675295682
-0.000693500608151
0.00147361927175
-0.000750666446348
0.00150496768383
0.00153016483419
-0.000567794189905
0.00160730810197
-0.000630683432684
0.00162217582371
-0.000697655177599
0.00162864113064
-0.000768613912873
0.00162578935261
-0.000843369578109
0.00161265873888
-0.000921618880141
0.00158825602243
-0.00100292606132
0.001551578202
-0.0010867041625
0.00150164167456
-0.00117219825394
0.00143751974328
-0.00125847258417
0.0013583892277
-0.00134440406448
0.00126358632818
-0.00142868487217
0.00115267097149
-0.00150983709349
0.00102549755386
-0.00158624211308
0.000882288351642
-0.00165618676121
0.000723704002044
-0.00171792679993
0.000550903350157
-0.00176976600789
0.000365583151043
-0.00181014649553
0.000169988067847
-0.00183774315555
-3.31174063023e-05
-0.00185155163281
-0.000240522099724
-0.00185095902152
-0.000448684523097
-0.00183579181979
-0.000653878776694
-0.00180633723321
-0.000852359684048
-0.00176333205145
-0.00104054034603
-0.00170791708065
-0.00121516535698
-0.00164156398542
-0.00137345541768
-0.00156598469355
-0.00151320988281
-0.00148303299316
-0.00163286356906
-0.00139460761283
-0.00173149786622
-0.00130256510548
-0.00180881033925
-0.00120864843854
-0.00186505163746
-0.00111443417204
-0.00190094090297
-0.00102129847257
-0.00191757058318
-0.000930400319718
-0.00191630980632
-0.00084267911102
-0.00189871322366
-0.000758863369394
-0.00186643988583
-0.000679487262693
-0.00182118461392
-0.000604911981694
-0.00176462265972
-0.000535349529114
-0.00169836725372
-0.000470887027413
-0.00162393888313
-0.000411510180895
-0.00154274474545
-0.000357124987601
-0.00145606666944
-0.000307577171541
-0.0013650558165
-0.000262669094097
-0.0012707326194
-0.000222174113391
-0.00117399059304
-0.000185848503142
-0.00107560287623
-0.000153441131809
-0.000976230570851
-0.00012470115125
-0.000876432139065
-9.93839626156e-05
-0.000776673297713
-7.72557252631e-05
-0.000677336992271
-5.80966593977e-05
-0.000578733152402
-4.17033701647e-05
-0.000481108031522
-2.78903943581e-05
-0.000384653005575
-1.64911433489e-05
-0.000289512763146
-7.35838902307e-06
-0.000195792864326
-3.64414638893e-07
-0.000103566674603
4.59906993737e-06
-1.28817018433e-05
7.6211690477e-06
7.62346198318e-05
8.77213583418e-06
0.00016376964756
8.1037532828e-06
0.000249720691003
5.64972731557e-06
0.000334090557207
1.42606871077e-06
0.000416883419124
-4.56854952189e-06
0.000498100947519
-1.23524638337e-05
0.000577738648869
-2.19607172227e-05
0.000655782354375
-3.34447701156e-05
0.000732204806347
-4.68722055378e-05
0.000806962293728
-6.23264008209e-05
0.000879991291855
-7.99061292028e-05
0.000951205063109
-9.97250450013e-05
0.00102049018634
-0.000121910995156
0.00108770298231
-0.000146605087874
0.0011526658169
-0.000173960435673
0.0012151632726
-0.00020414047526
0.00127493819048
-0.000237316750754
0.00133168760835
-0.000273666030127
0.00138505864284
-0.000313366607954
0.00143464439212
-0.000356593632251
0.00147997998111
-0.000403513280801
0.0015205389203
-0.000454275605544
0.00155573000857
0.00158489509474
-0.000245590912363
0.00165911207959
-0.000301813038492
0.00167839794984
-0.000362529009285
0.00168935710143
-0.000427741853915
0.00169100219724
-0.000497362436611
0.00168227932157
-0.000571187914087
0.0016620814999
-0.000648878721954
0.00162926900986
-0.000729935074324
0.00158269802693
-0.000813674485352
0.00152125915431
-0.000899212442732
0.00144392718508
-0.00098544902704
0.00134982291249
-0.00107106486799
0.00123828681244
-0.00115453019564
0.00110896288152
-0.00123413073988
0.000961888895881
-0.00130801374607
0.000797587008233
-0.00137425595955
0.00061714556364
-0.0014309525269
0.000422279718397
-0.00147632243205
0.000215357972994
-0.00150882257508
-6.1726327247e-07
-0.0015272555612
-0.000222089113603
-0.00153085529853
-0.000445084785767
-0.00151934704796
-0.000665387027269
-0.00149297975769
-0.000878726974311
-0.00145251928992
-0.0010810008138
-0.00139919552124
-0.00126848912566
-0.00133461454253
-0.00143803639639
-0.00126065069584
-0.0015871737295
-0.00117932961333
-0.00171418465156
-0.00109271345584
-0.00181811402372
-0.00100279915538
-0.0018987246397
-0.000911437146506
-0.00195641364633
-0.000820273741449
-0.00199210430803
-0.000730716791155
-0.00200712753348
-0.000643921947537
-0.00200310464994
-0.000560795549052
-0.00198183962215
-0.000482009723229
-0.00194522571165
-0.00040802551882
-0.00189516881833
-0.000339120482038
-0.0018335276965
-0.000275417847283
-0.00176206988847
-0.000216915269884
-0.00168244146053
-0.000163511702723
-0.00159614831261
-0.000115031574361
-0.0015045467978
-7.12458558236e-05
-0.00140884153503
-3.18899155438e-05
-0.00131008855968
3.32172500684e-06
-0.00120920223359
3.46834893875e-05
-0.00110696464061
6.24893796951e-05
-0.00100403646116
8.70257981639e-05
-0.000900968557534
0.000108566210425
-0.000798213709974
0.000127367323774
-0.00069613810562
0.000143666484447
-0.000595032313076
0.000157680033775
-0.00049512158085
0.000169602400003
-0.000396575371804
0.000179605738194
-0.000299516101337
0.00018783996339
-0.000204027089522
0.000194433051502
-0.000110159762715
0.000199491507776
-1.7940158118e-05
0.000203100924575
7.26252030332e-05
0.000205326568595
0.00016154400354
0.000206213953185
0.000248833306413
0.00020578936443
0.000334515145962
0.000204060320687
0.000418612462866
0.000201015954726
0.000501145313479
0.000196627315984
0.000582127287611
0.000190847598113
0.000661562072246
0.000183612304402
0.000739440100058
0.000174839371097
0.000815735227033
0.000164429276555
0.000890401386397
0.000152265172892
0.000963369166773
0.000138213086554
0.00103454227267
0.000122122245543
0.00110379382332
0.000103825603937
0.00117096245851
8.31406492551e-05
0.00123584822728
5.98705951929e-05
0.00129820824455
3.3806081267e-05
0.00135775212227
4.72752177076e-06
0.00141413720234
-2.75917312857e-05
0.00146696364518
-6.33812240559e-05
0.00151576947388
-0.000102868027024
0.00156002572327
-0.000146269925106
0.00159913190666
0.00163241210438
8.92592309952e-05
0.00170276617201
4.09446677534e-05
0.00172671251308
-1.22054171264e-05
0.00174250718631
-7.03005979643e-05
0.00174909737808
-0.000133363841378
0.00174534256498
-0.000201307448733
0.00173002510726
-0.000273906473134
0.00170186803426
-0.000350770458822
0.00165956201262
-0.000431314960589
0.00160180365608
-0.000514735071031
0.00152734729552
-0.00059998406649
0.00143507190795
-0.000685761151867
0.00132406389782
-0.000770512916636
0.00119371464628
-0.000852453358627
0.00104382933787
-0.00092960725518
0.000874740904786
-0.000999880617106
0.000687418925566
-0.00106115842075
0.000483557522045
-0.00111142585598
0.000265625408223
-0.00114890570598
3.6862586724e-05
-0.00117218966059
-0.000198805158996
-0.00118033726988
-0.000436937176474
-0.0011729477761
-0.000672776521052
-0.00115021005678
-0.000901464693625
-0.00111290677122
-0.00111830409936
-0.00106235277008
-0.0013190431268
-0.00100028962036
-0.00150009954611
-0.000928758904809
-0.00165870444505
-0.000849964602889
-0.00179297895349
-0.000766137378333
-0.00190194124827
-0.000679415512318
-0.00198544650572
-0.000591752396455
-0.00204407676219
-0.000504854015165
-0.00207900268932
-0.000420145134614
-0.00209183641403
-0.000338760084317
-0.00208448970023
-0.000261552587687
-0.00205904711878
-0.000189118817166
-0.00201765948217
-0.000121828400219
-0.00196245923527
-5.98590827373e-05
-0.00189549701398
-3.23184319942e-06
-0.00181869712801
4.81557433264e-05
-0.00173382904706
9.44992515097e-05
-0.00164249182079
0.000136060968994
-0.00154610851529
0.000173147507015
-0.00144592807306
0.000206091365235
-0.0013430324179
0.000235236154937
-0.00123834702329
0.00026092507384
-0.00113265355952
0.000283492180002
-0.00102660356732
0.000303256010568
-0.000920732388101
0.000320515117167
-0.000815472816573
0.000335545131305
-0.000711168119758
0.000348597021727
-0.000608084203497
0.000359896255782
-0.000506420814904
0.00036964262468
-0.000406321740702
0.000378010536136
-0.000307884012792
0.000385149616397
-0.000211166169783
0.000391185496743
-0.00011619564306
0.000396220687372
-2.29753487474e-05
0.000400335464794
6.85104256118e-05
0.000403588717819
0.000158290750515
0.000406018712775
0.000246403311457
0.000407643751214
0.000332890107522
0.000408462703799
0.000417793510281
0.000408455412731
0.000501152604548
0.000407582962617
0.000582999737725
0.000405787826497
0.000663357208366
0.000402993900255
0.0007422340263
0.000399106445386
0.000819622681903
0.000394011967281
0.000895495864502
0.000387578064436
0.000969803069618
0.000379653293468
0.00104246704364
0.000370067106137
0.00111338001065
0.00035862992793
0.00118239963672
0.000345133463595
0.00124934469161
0.000329351333706
0.00131399037444
0.000311040167914
0.00137606328806
0.000289941305191
0.00143523606506
0.000265783278826
0.00149112167154
0.000238285293519
0.00154326745919
0.000207161932414
0.00159114908437
0.000172129361427
0.00163416447764
0.00167162814239
0.000435437996711
0.00173703305546
0.000396365485982
0.00176578502381
0.000352210767903
0.00178666190439
0.000302752771245
0.00179855537474
0.000247848125834
0.0018002472104
0.000187457174581
0.00179041605851
0.000121673635516
0.00176765157333
5.07572809592e-05
0.00173047836718
-2.48316789131e-05
0.00167739261595
-0.000104398735596
0.00160691435221
-0.000186985087033
0.00151765825939
-0.00027134601746
0.00140842482824
-0.000355943041631
0.00127831167046
-0.000438955594109
0.00112684189035
-0.000518318534961
0.000954103845637
-0.000591791771299
0.000760892161904
-0.000657064156627
0.000548829907374
-0.000711889636552
0.000320450888148
-0.000754252798684
7.9225748856e-05
-0.000782528766627
-0.000170529191054
-0.000795586615439
-0.000423879327662
-0.000792867187772
-0.000675495948718
-0.000774463347734
-0.000919868533663
-0.000741149854844
-0.00115161759225
-0.000694309471487
-0.00136588351016
-0.000635805737493
-0.0015586032801
-0.000567839546719
-0.00172667063582
-0.000492790311911
-0.00186802818829
-0.000413055407861
-0.00198167615232
-0.000330910002154
-0.00206759191143
-0.000248401240081
-0.00212658552427
-0.00016728044606
-0.00216012348334
-8.89706960819e-05
-0.00217014616401
-1.4563724126e-05
-0.00215889667219
5.51614515761e-05
-0.00212877229448
0.000119705829611
-0.0020822038602
0.000178810245368
-0.00202156365103
0.000232412784634
-0.00194909955325
0.000280607344461
-0.00186689168784
0.000323605588895
-0.00177682729149
0.000361703523714
-0.00168058975561
0.000395253167751
-0.00157965815933
0.000424639291285
-0.00147531419659
0.000450260875888
-0.0013686540025
0.000472516776102
-0.0012606029235
0.000491794989914
-0.00115193177333
0.000508464938096
-0.0010432735155
0.00052287218665
-0.000935139636655
0.000535335103514
-0.000827935733438
0.000546143007514
-0.000721976023757
0.000555555435911
-0.000617496631895
0.000563802221941
-0.000514667600934
0.000571084132331
-0.000413603651093
0.000577573865998
-0.000314373746459
0.000583417258513
-0.000217009562299
0.000588734573052
-0.000121512957599
0.000593621787931
-2.78625636262e-05
0.000598151814609
6.39803989332e-05
0.000602375598867
0.000154066966257
0.00060632307279
0.000242455837535
0.00061000393695
0.000329209243362
0.000613408261519
0.000414389185712
0.000616506902555
0.000498053963512
0.000619251736075
0.000580254904205
0.000621575718145
0.000661033226296
0.000623392784619
0.000740416959825
0.000624597609793
0.000818417856729
0.000625065249492
0.000895028224803
0.000624650701476
0.000970217617634
0.000623188424892
0.00104392932023
0.000620491871371
0.00111607656417
0.000616353093673
0.00118653841442
0.000610542514056
0.00125515527123
0.000602808954237
0.00132172393425
0.000592880052365
0.00138599218994
0.000580463220136
0.00144765289729
0.000565247325163
0.00150633756652
0.000546905319725
0.00156160946463
0.000525098076315
0.00161295632778
0.000499479731532
0.00165978282243
0.00170140299377
0.000791343112124
0.00176062470611
0.000762921062858
0.00179420707308
0.00072929240544
0.00182029056181
0.000690123970873
0.0018377238093
0.000645148192871
0.0018452229884
0.000594190327266
0.00184137392412
0.000537200430388
0.00182464147021
0.000474289738971
0.0017933890586
0.000405770358349
0.00174591199657
0.000332196110845
0.00168048859971
0.000254401039525
0.00159545333071
0.000173530571782
0.00148929529599
9.10593076393e-05
0.0013607829346
8.78930146259e-06
0.00120911189653
-7.11781438833e-05
0.00103407129098
-0.000146506447254
0.000836220465275
-0.000214728320894
0.000617051781013
-0.000273392343458
0.000379114910712
-0.000320264294447
0.000126097699845
-0.000353525466076
-0.000137268019424
-0.000371853672423
-0.000405551121315
-0.000374486855295
-0.000672862765846
-0.000361360095381
-0.000932995293577
-0.000333195337933
-0.0011797823497
-0.000291403167044
-0.00140767568105
-0.000237927414719
-0.00161207903243
-0.000175096778581
-0.00178950127196
-0.000105447623851
-0.00193767734302
-3.15325315928e-05
-0.00205559124458
4.42472305768e-05
-0.0021433716736
0.000119764404715
-0.0022021026984
0.000193240045111
-0.00223359912374
0.000263274058125
-0.00224018017702
0.000328840575097
-0.00222446318916
0.000389258552161
-0.00218919027155
0.000444147636918
-0.00213709294496
0.000493377512401
-0.00207079352651
0.000537016646749
-0.0019927386876
0.000575284288469
-0.00190515932956
0.000608507883689
-0.00181005088672
0.000637086875517
-0.00170916874744
0.000661463020625
-0.00160403430443
0.000682096845023
-0.00149594802099
0.000699449578846
-0.00138600673632
0.000713969787819
-0.00127512313248
0.000726083901383
-0.00116404588689
0.000736189882498
-0.00105337949662
0.000744653362875
-0.000943603117032
0.000751805660431
-0.000835088030995
0.000757943190457
-0.000728113553783
0.000763327871156
-0.000622881312593
0.000768188203937
-0.000519527933715
0.000772720777566
-0.000418136224721
0.000777092002813
-0.000318744971706
0.000781439931459
-0.000221357490945
0.000785876051375
-0.000125949077515
0.000790486979374
-3.24734916244e-05
0.000795335996846
5.91313814611e-05
0.000800464391138
0.000148938571965
0.000805892579245
0.000237027649428
0.000811621000727
0.000323480821881
0.000817630774557
0.000408379411882
0.000823884120626
0.000491800617443
0.000830324551453
0.000573814473378
0.000836876843845
0.000654480933903
0.000843446804245
0.000733846999425
0.000849920845786
0.000811943815188
0.000856165400124
0.000888783670465
0.00086202619325
0.000964356824508
0.000867327422383
0.00103862809109
0.000871870881021
0.00111153310554
0.000875435091983
0.00118297420345
0.000877774524378
0.00125281583884
0.000878618990486
0.00132087946815
0.000877673343246
0.00138693783718
0.000874617624933
0.0014507086156
0.000869107853198
0.00151184733825
0.000860777672108
0.00156993964572
0.000849241142923
0.00162449285697
0.000834097001332
0.00167492696402
0.00172056523232
0.00115505704614
0.0017722309552
0.00113873891796
0.00181052520127
0.00111723999949
0.00184178948028
0.00109012010259
0.0018648437062
0.00105698997837
0.00187835311262
0.00101753890956
0.00188082499292
0.000971568062596
0.00187061231717
0.000919029537163
0.00184592758403
0.000860070256492
0.00180487127724
0.000795078625248
0.00174548023095
0.000724730242388
0.00166580171357
0.000650027054074
0.0015639984843
0.00057232321586
0.00143848677281
0.000493332202689
0.0012881029097
0.0004151099485
0.00111229354517
0.000340002671959
0.000911327741816
0.000270551891077
0.000686502561895
0.000209349820826
0.000440316980963
0.000158788554407
0.000176658966264
0.000120797492405
-9.92769574218e-05
9.68536664425e-05
-0.000381607295352
8.79882697669e-05
-0.000663997369171
9.45354189191e-05
-0.000939542442729
0.000115901851185
-0.00120114878197
0.000150728786388
-0.00144250261625
0.000197087516361
-0.0016584377624
0.000252594488729
-0.00184500824433
0.000314598282695
-0.00199968113699
0.000380414430245
-0.00212140739213
0.000447531842806
-0.00221048908616
0.000513758922897
-0.0022683297785
0.000577307376627
-0.00229714757747
0.000636821245021
-0.00229969404542
0.00069136315728
-0.00227900510142
0.000740372071641
-0.00223819918591
0.000783605802032
-0.00218032667535
0.000821078576955
-0.00210826630144
0.000853000487663
-0.00202466059831
0.000879722851318
-0.00193188169321
0.000901691432228
-0.00183201946762
0.000919408054365
-0.00172688536958
0.000933400262827
-0.0016180265129
0.000944198209546
-0.00150674596771
0.00095231772546
-0.00139412625224
0.000958248499544
-0.00128105390656
0.000962446343685
-0.00116824373103
0.000965328633086
-0.00105626178602
0.000967272143334
-0.00094554662728
0.000968612638501
-0.000836428526161
0.000969645688736
-0.000729146604018
0.000970628305506
-0.000623863929363
0.00097178107593
-0.00052068070414
0.000973290554799
-0.00041964570359
0.000975311735129
-0.000320766152036
0.00097797046735
-0.000224016223166
0.00098136573547
-0.000129344345635
0.000985571727719
-3.66794838736e-05
0.000990639661082
5.40634480981e-05
0.00099659933525
0.000142978897797
0.00100346040322
0.000230166581462
0.00101121335407
0.000315727871028
0.00101983020943
0.000399762556519
0.00102926493914
0.000482365887739
0.00103945360479
0.000563625807721
0.00105031424245
0.000643620296246
0.00106174649789
0.000722414743981
0.00107363103095
0.000800059282133
0.00108582870865
0.000876585992767
0.00109817961191
0.000952005921241
0.00111050188695
0.00102630581605
0.00112259048125
0.00109944451124
0.00113421581591
0.00117134886879
0.00114512246131
0.00124190919343
0.00115502790285
0.00131097402661
0.00116362150854
0.00137834423149
0.00117056384149
0.00144376628265
0.00117548649825
0.00150692468149
0.00117799269981
0.00156743344416
0.00117765891585
0.00162482664092
0.00117403786411
0.00167854801576
0.0017279398012
0.00152431951363
0.00177055614496
0.0015215650992
0.0018132796157
0.00151383253891
0.00184952204056
0.00150058654745
0.00187808969766
0.00148132676024
0.00189761289983
0.00145561496924
0.00190653678392
0.00142310895147
0.00190311833495
0.0013836030883
0.0018854334472
0.00133707507303
0.00185139929251
0.00128373653187
0.00179881877212
0.00122408331605
0.00172545492939
0.00115893860947
0.00162914319087
0.00108948056191
0.00150794482038
0.00101725059304
0.00136033287857
0.000944144251211
0.001185399887
0.000872376192761
0.000983095800267
0.000804413061995
0.000754465692661
0.000742861492446
0.000501868550512
0.000690142024113
0.000229378434597
0.00064808810104
-5.72230343487e-05
0.000618211910331
-0.000351731104644
0.000601923178879
-0.000647708637718
0.00060003767171
-0.000937656935561
0.000612208891282
-0.00121332000154
0.000637275354396
-0.00146756907937
0.000673522035748
-0.00169468444375
0.000718652985977
-0.00189013919456
0.000769974584985
-0.002051002736
0.000824704389108
-0.00217613719625
0.000880238377803
-0.00226602307485
0.000934332208309
-0.002322423609
0.000985200832291
-0.00234801620145
0.00103154800939
-0.00234604122252
0.00107254233923
-0.00231999943125
0.00110775980437
-0.00227341665105
0.00113711077432
-0.00220967764531
0.00116076435151
-0.00213191987862
0.00117907791732
-0.00204297416412
0.00119253593092
-0.00194533970681
0.00120169946737
-0.00184118300408
0.00120716639411
-0.00173235229632
0.00120954120536
-0.00162040132414
0.0012094131356
-0.00150661789795
0.00120734107497
-0.0013920541916
0.00120384388153
-0.00127755671313
0.00119939484344
-0.00116379469294
0.0011944192334
-0.00105128617598
0.00118929408943
-0.000940421483314
0.00118434953151
-0.000831483968233
0.00117987107727
-0.000724668149783
0.00117610254857
-0.000620095400666
0.00117324926504
-0.00051782742061
0.00117148130421
-0.00041787774276
0.00117093667223
-0.000320221520051
0.00117172427849
-0.00022480382943
0.00117392664442
-0.000131546711565
0.00117760230351
-4.03551429636e-05
0.00118278786921
4.88778824035e-05
0.00118949976062
0.000136267006384
0.00119773558519
0.000221930756891
0.00120747518329
0.000305988272925
0.0012186813434
0.000388556396416
0.00123130019844
0.000469747032698
0.00124526131522
0.000549664690942
0.00126047748929
0.000628404122169
0.00127684425854
0.000706047974731
0.00129423914966
0.000782664391019
0.00131252067381
0.00085830446861
0.00133152709085
0.0009329995042
0.00135107496636
0.00100675794055
0.00137095755318
0.00107956192442
0.00139094303937
0.0011513633826
0.00141077271852
0.00122207951428
0.00143015915726
0.00129158758787
0.00144878445953
0.00135971892922
0.00146629875855
0.00142625198363
0.00148231910725
0.00149090433279
0.00149642898676
0.00155332356464
0.00150817871179
0.0016130769159
0.00151708708125
0.00166963964629
0.00172238217906
0.00189650662559
0.00175436405755
0.00190873284145
0.00180105339984
0.00191638300677
0.00184187187524
0.00191884621417
0.00187562649026
0.00191553093881
0.00190092817519
0.00190589158897
0.00191617613376
0.00188946235783
0.00191954756609
0.00186589875774
0.00190899704729
0.00183502609649
0.00188227195376
0.0017968921831
0.00183695268551
0.00175181871166
0.00177052840082
0.00170044174556
0.00168052015697
0.00164372857492
0.00156465799102
0.00158296710485
0.00142109434864
0.0015197443633
0.00124862262855
0.00145592369141
0.00104691647216
0.0013936372467
0.000816752137368
0.00133528261715
0.000560223180068
0.00128307732313
0.000281583728614
0.00123830489986
-1.24506110795e-05
0.00120221420015
-0.000315640404931
0.00117679538035
-0.000622289817921
0.00116377192862
-0.000924633483831
0.00116319883816
-0.00121274691108
0.00117436833371
-0.00147873857491
0.00119618162503
-0.00171649773508
0.00122668206738
-0.0019206396369
0.00126323795462
-0.00208755862325
0.00130300346585
-0.00221590270748
0.00134328607265
-0.00230630568165
0.00138178260854
-0.0023609201449
0.00141670650185
-0.00238294009475
0.00144682212833
-0.002376156849
0.0014714094986
-0.00234458680152
0.00149018842162
-0.00229219557407
0.00150322704427
-0.00222271626795
0.00151085111991
-0.00213954395426
0.00151356289501
-0.00204568593922
0.00151197342545
-0.00194375023725
0.00150674903247
-0.00183595861109
0.00149857088816
-0.00172417415202
0.00148810591724
-0.00160993635322
0.00147598696236
-0.00149449894307
0.00146280023646
-0.0013788674657
0.0014490783121
-0.00126383478877
0.00143529717929
-0.00115001356013
0.00142187618467
-0.00103786518136
0.00140917992101
-0.000927725219654
0.00139752135532
-0.000819825402544
0.00138716566442
-0.00071431245888
0.00137833439124
-0.000611264127485
0.00137120964774
-0.000510702677115
0.00136593817615
-0.000412606271166
0.0013626351444
-0.0003169184883
0.00136138759877
-0.0002235562838
0.00136225753012
-0.00013241664292
0.00136528453369
-4.33821465295e-05
0.00137048805798
4.36743581093e-05
0.00137786924858
0.000128885815785
0.0013874123984
0.000212387607073
0.00139908601921
0.000294314652116
0.00141284355026
0.000374798865362
0.00142862371966
0.000453966863298
0.00144635057324
0.000531937837365
0.00146593318455
0.000608821510857
0.00148726505852
0.00068471610076
0.00151022324068
0.000759706208862
0.00153466714422
0.000833860565066
0.00156043710863
0.000907229539793
0.00158735270681
0.00097984234237
0.00161521082334
0.00105170380789
0.00164378353487
0.00112279067106
0.00167281583651
0.00119304721264
0.00170202327507
0.00126238014931
0.00173108957414
0.00133065263014
0.00175966436715
0.00139767719062
0.00178736119499
0.00146320750495
0.00181375597661
0.00152692878302
0.00183838622458
0.00158844666793
0.00186075135563
0.00164727451524
0.0017028189965
0.00226862018223
0.00172253060399
0.00229714149514
0.00177253208694
0.00232170363487
0.00181730973551
0.00234164697036
0.00185568315478
0.00235631854766
0.00188625659789
0.00236509840469
0.00190739627673
0.00236743401273
0.00191721195805
0.00236288336877
0.00191354769125
0.00235116573176
0.00189398959077
0.00233221606372
0.00185590235355
0.00230623501018
0.00179650945435
0.00227371967133
0.00171303549583
0.0022354514759
0.00160292618645
0.00219242651813
0.00146411930641
0.00214576160705
0.00129528753963
0.002096640241
0.00109603783821
0.00204641281627
0.000866979562102
0.00199686827102
0.00060976772532
0.00194968095022
0.000328771049412
0.00190464652164
3.25838174931e-05
0.00186208007601
-0.000273073959296
0.00182495351885
-0.000585163260763
0.0017967717086
-0.000896451673581
0.00177809196231
-0.00119406716479
0.00176914428249
-0.00146979089509
0.00177026213934
-0.00171761559192
0.00178022801032
-0.00193060550789
0.00179658198398
-0.00210391259691
0.00181642198371
-0.0022357427072
0.00183693072758
-0.00232681442552
0.00185569684235
-0.00237968625967
0.0018708903501
-0.00239813360251
0.00188130872756
-0.00238657522646
0.00188632756615
-0.00234960564012
0.00188580077986
-0.00229166878777
0.00187994590674
-0.00221686139483
0.00186923535374
-0.00212883340126
0.00185430334378
-0.00203075392926
0.00183587163814
-0.00192531853161
0.00181469346751
-0.00181478044046
0.00179151336897
-0.00170099405347
0.00176704003278
-0.00158546301703
0.0017419292963
-0.00146938820659
0.00171677474988
-0.00135371291928
0.00169210384945
-0.00123916388833
0.00166837786039
-0.00112628757108
0.00164599434239
-0.00101548166336
0.00162529120826
-0.000907022085519
0.00160655165073
-0.000801085845012
0.00159000943505
-0.000697770243206
0.00157585421104
-0.000597108903469
0.00156423661417
-0.00049908508025
0.00155527301051
-0.000403642667509
0.00154904980053
-0.000310695278318
0.00154562723939
-0.00022013372266
0.00154504275971
-0.000131832163233
0.00154731380121
-4.56531880313e-05
0.00155244016303
3.85479962839e-05
0.00156040590029
0.000120920078525
0.00157118078912
0.000201612718246
0.0015847213844
0.000280774056836
0.0016009716929
0.000358548556862
0.00161986348206
0.000435075074139
0.00164131624181
0.000510485077616
0.00166523681387
0.000584900938793
0.00169151870019
0.000658434214443
0.00172004105994
0.000731183849111
0.00175066740334
0.000803234221664
0.00178324399013
0.000874652953001
0.00181759794232
0.000945488390179
0.00185353508444
0.00101576666578
0.00189083753131
0.00108548822419
0.00192926105416
0.00115462368979
0.00196853227154
0.00122310893194
0.00200834573403
0.00129083916765
0.00204836100273
0.00135766192192
0.00208819986249
0.0014233686452
0.00212744386517
0.00148768478035
0.00216563246751
0.00155025806559
0.00220226211486
0.00161064486789
0.0016682943827
0.00263729105941
0.00167410283411
0.00268325080652
0.00172657233983
0.00272608731104
0.00177447323098
0.00276512511833
0.00181664534749
0.00279968808261
0.0018516936336
0.00282912703734
0.001877957322
0.00285285707961
0.00189348191578
0.00287040532632
0.00189599944454
0.00288146788337
0.00188292703372
0.00288597016573
0.0018514000712
0.00288411811183
0.00179836150825
0.00287641740829
0.00172073619937
0.00286361496261
0.00161572863213
0.00284650542022
0.0014812288488
0.00282562488096
0.00131616807889
0.00280103704599
0.00112062567317
0.00277264326637
0.00089537334172
0.00274072517189
0.000641685819801
0.00270600724016
0.000363488981144
0.00266499570573
7.35953519198e-05
0.00261567983139
-0.000223758084957
0.00256276070526
-0.000532244134633
0.00251329964358
-0.000846990611895
0.00246816849969
-0.0011489360209
0.00242960807002
-0.00143123046543
0.00240097035337
-0.00168897787527
0.00238229867149
-0.00191193382601
0.0023713344082
-0.00209294833362
0.0023650419708
-0.0022294502698
0.00236034925044
-0.00232212170516
0.0023545994605
-0.00237393646973
0.00234581009014
-0.00238934423214
0.00233273775728
-0.00237350289361
0.00231480617871
-0.00233167406154
0.0022919711105
-0.00226883371956
0.00226457383387
-0.00218946411821
0.0022332093057
-0.0020974688731
0.00219861885232
-0.00199616347587
0.00216160874622
-0.00188830842552
0.00212299199267
-0.00177616368691
0.00208354916432
-0.00166155122513
0.00204400397617
-0.00154591782887
0.00200500976684
-0.00143039399727
0.00196714373665
-0.00131584688909
0.00193090648056
-0.00120292663225
0.00189672496008
-0.00109210605059
0.00186495755459
-0.000983714257878
0.00183590022396
-0.000877964754884
0.00180979311127
-0.000774978732324
0.00178682713676
-0.000674804268692
0.00176715029452
-0.00057743206123
0.00175087347857
-0.000482808264309
0.00173807574435
-0.000390844933286
0.00172880896565
-0.000301428499612
0.00172310188233
-0.000214426639346
0.00172096355581
-0.00012969383671
0.0017223862617
-4.70758939192e-05
0.0017273478552
3.35864027826e-05
0.0017358136462
0.000112454287522
0.00174773781994
0.000189688544507
0.00176306443603
0.000265447440752
0.00178172803459
0.000339884958293
0.00180365387376
0.000413149234977
0.00182875781776
0.00048538113361
0.00185694589077
0.000556712865786
0.00188811350676
0.000627266598446
0.0019221443826
0.000697152973272
0.00195890913827
0.000766469465998
0.00199826358672
0.000835298504547
0.0020400467157
0.0009037052612
0.00208407836566
0.00097173501582
0.00213015661305
0.0010394099768
0.00217805487695
0.00110672542589
0.00222751878104
0.00117364502785
0.00227826282401
0.00124009512468
0.00232996694204
0.00130595780389
0.0023822730889
0.00137106249833
0.00243478201704
0.00143517585221
0.00248705051922
0.00149798956341
0.00253858948962
0.00155910589749
0.0016180205828
0.00299880079796
0.00160836168446
0.00306309616804
0.00166227696975
0.00312531270166
0.00171225669736
0.00318479488588
0.00175716316327
0.0032408864083
0.00179560211118
0.00329296204494
0.00182588168536
0.0033404721911
0.00184597176961
0.00338300200475
0.0018534696309
0.00342034453999
0.00184558449848
0.00345258013982
0.00181916447137
0.00348014381193
0.00177079783615
0.00350384750572
0.00169703250558
0.00352477785807
0.00159479827978
0.00354390797483
0.00146209873204
0.00356130211178
0.00129877394194
0.00357538428297
0.00110654350199
0.00358408664678
0.00088667097791
0.0035841842755
0.000641588191073
0.00357417553211
0.000373497724532
0.00354439627549
0.00010337460854
0.00348805507445
-0.000167416883914
0.00341252937057
-0.000456718430747
0.00333167246235
-0.000766133703677
0.00324675919577
-0.00106402275433
0.00316398003893
-0.00134845130858
0.00309265597891
-0.00161765381525
0.00303447206472
-0.00185374991182
0.00298712738013
-0.00204560364902
0.00294720507664
-0.00218952796632
0.00291106219926
-0.00228597882778
0.00287550002655
-0.00233837429702
0.00283816699372
-0.00235201119931
0.00279763977571
-0.00233297567559
0.00275330356012
-0.00228733784594
0.0027051585471
-0.00222068870654
0.00265362624015
-0.00213793181126
0.00259938603151
-0.00204322866446
0.0025432498496
-0.00194002729396
0.00248607248478
-0.0018311310607
0.00242869141465
-0.00171878261678
0.00237188927216
-0.00160474908263
0.00231637280868
-0.0014904013654
0.00226276336799
-0.00137678455657
0.00221159505918
-0.00126467858028
0.0021633178264
-0.00115464939947
0.00211830341719
-0.00104709164138
0.00207685286476
-0.000942263705448
0.00203920455269
-0.000840316442814
0.00200554225751
-0.000741316437144
0.00197600279554
-0.000645264806724
0.00195068305989
-0.000552112325577
0.00192964634086
-0.000461771545279
0.00191292789342
-0.00037412648585
0.00190053975951
-0.000289040365701
0.00189247487896
-0.000206361758794
0.00188871053673
-0.000125929494482
0.00188921119972
-4.75765569159e-05
0.0018939307968
2.8866805707e-05
0.00190281449272
0.000103570591598
0.00191580000194
0.000176703035291
0.00193281848203
0.000248428960664
0.00195379504045
0.000318908399875
0.00197864888158
0.00038829539384
0.00200729311489
0.000456736900299
0.00203963423892
0.000524371741756
0.00207557131047
0.000591329526896
0.0021149948033
0.000657729480446
0.00215778515666
0.000723679112635
0.00220381101087
0.000789272650336
0.00225292712549
0.000854589146588
0.00230497197594
0.000919690165368
0.00235976502761
0.000984616925127
0.0024171036932
0.0010493867603
0.00247675999137
0.00111398872968
0.00253847694464
0.00117837817142
0.00260196478422
0.00124246996431
0.00266689707321
0.00130613020934
0.00273290692165
0.00136916600376
0.00279958355305
0.00143131293201
0.0028664695983
0.00149221985224
0.00155143053279
0.00334912516394
0.00152488461589
0.00343233041672
0.00157907171697
0.00351468122912
0.00162990588496
0.00359557563271
0.00167626875968
0.00367441824055
0.00171675950333
0.0037506600161
0.00174963990981
0.00382385624362
0.0017727755421
0.00389374753161
0.00178357834291
0.00396036660612
0.00177896542397
0.0040241640128
0.00175536706469
0.00408613011209
0.00170883173686
0.00414787549107
0.00163528712659
0.00421156629382
0.00153110747703
0.00427938189547
0.00139428313039
0.00435182373693
0.00122633210048
0.00442528504106
0.00103308219786
0.00449433422265
0.000817621796327
0.00455072795586
0.000585194457856
0.00458491335185
0.000339312328547
0.00457785158513
0.000110436375262
0.00451455465156
-0.000104119950344
0.00440528411414
-0.000347447893333
0.00427501976918
-0.000635869358709
0.00412985660261
-0.000918859587762
0.00397943325987
-0.00119802796584
0.00384727712936
-0.00148549768475
0.00373543175352
-0.00174190453598
0.00364061950449
-0.0019507914
0.00355849857739
-0.00210740703921
0.0034841774897
-0.00221165774009
0.00341334667454
-0.00226754348186
0.00334291725941
-0.00228158178419
0.00327107233574
-0.00226113075193
0.00319703612121
-0.0022133016314
0.00312077716296
-0.00214442974829
0.00304274169881
-0.00205989634711
0.00296364600414
-0.0019641329698
0.00288432791262
-0.00186070920243
0.0028056476177
-0.00175245076578
0.00272842582411
-0.00164156082319
0.002653408551
-0.00152973180952
0.00258125010589
-0.00141824292029
0.00251250793556
-0.00130804238624
0.00244764487071
-0.00119981551543
0.00238703566887
-0.00109404019763
0.00233097577599
-0.000991031748501
0.00227969095129
-0.000890978880745
0.0022333469044
-0.000793972395924
0.00219205843794
-0.000700027970677
0.00215589781825
-0.000609104187042
0.00212490224713
-0.000521116754456
0.00209908040118
-0.00043594969933
0.00207841806273
-0.000353464147397
0.00206288289765
-0.000273505200621
0.00205242845096
-0.000195907312105
0.00204699743595
-0.000120498479467
0.00204652439112
-4.71035120855e-05
0.00205093777405
2.44534227744e-05
0.00206016155386
9.43468117831e-05
0.00207411635588
0.000162748233276
0.0020927202035
0.000229825113044
0.00211588889406
0.000295739709312
0.00214353603734
0.000360648250565
0.00217557277786
0.000424700159774
0.00221190721531
0.000488037304303
0.00225244353059
0.000550793211618
0.00229708081949
0.00061309219155
0.00234571163074
0.000675048301388
0.00239822020086
0.000736764080209
0.00245448037547
0.000798328971978
0.00251435320512
0.000859817335717
0.00257768420533
0.000921285924915
0.00264430027525
0.000982770690386
0.00271400627961
0.00104428272532
0.00278658131708
0.00110580313395
0.00286177472709
0.0011672765543
0.00293930193268
0.00122860300376
0.00301884028389
0.00128962765254
0.00310002516434
0.00135012805156
0.00318244676149
0.00140979825509
0.00146822919891
0.00368400240353
0.00142360310877
0.00378629675488
0.00147677736562
0.00388909336098
0.00152710927886
0.00399186869703
0.00157349342363
0.00409411799128
0.00161451020908
0.00419540593339
0.00164835196771
0.00429544407364
0.00167273740185
0.00439420526737
0.00168481714918
0.0044920866702
0.00168108402114
0.00459012389578
0.00165732983911
0.00469024129509
0.00160871433755
0.00479552437837
0.00153000404332
0.0049104750727
0.0014161567827
0.00504077172331
0.00126398647978
0.00519040647322
0.00107669735057
0.00535671006387
0.000866778607204
0.0055263780329
0.000647953827301
0.00567172059409
0.000439851896664
0.00577568948263
0.000235343440009
0.00580908831487
7.70375430212e-05
0.00574130045565
-3.63320911249e-05
0.00558145896379
-0.000187606401469
0.00537934135486
-0.000433751749779
0.00513877489312
-0.000678293126023
0.0048792805438
-0.000938533616526
0.00466208819914
-0.00126830534009
0.00447878810157
-0.0015586044384
0.00432364700527
-0.0017956503037
0.00419040535022
-0.00197416538416
0.00407148339753
-0.00209273578741
0.00396043823734
-0.00215649832167
0.00385289666671
-0.00217404021356
0.00374638301877
-0.00215461710398
0.00363983216061
-0.00210675077324
0.00353311023082
-0.00203770781851
0.00342663739821
-0.0019534235145
0.00332112082079
-0.00185861639237
0.00321737872272
-0.00175696710436
0.00311623171411
-0.00165130375718
0.00301844054465
-0.00154376965373
0.00292467448603
-0.0014359657509
0.002835499146
-0.00132906758026
0.00275137608434
-0.00122391932458
0.00267266916808
-0.00112110859917
0.00259965438766
-0.0010210254172
0.0025325310694
-0.000923908430245
0.00247143323143
-0.000829881042769
0.00241644036266
-0.000738979527155
0.00236758724786
-0.000651174855881
0.00232487267667
-0.000566389615847
0.00228826700521
-0.000484511082995
0.00225771861387
-0.000405401307993
0.00223315934421
-0.000328904877735
0.00221450901528
-0.00025485487169
0.00220167912327
-0.000183077420098
0.00219457582406
-0.000113395180262
0.00219310228986
-4.56299778854e-05
0.0021971605205
2.03951921345e-05
0.00220665267888
8.48546534055e-05
0.00222148200888
0.000147918903273
0.00224155338366
0.000209753738273
0.00226677352223
0.000270519570734
0.00229705090352
0.000330370869274
0.0023322953982
0.000389455665096
0.00237241763155
0.000447915070961
0.00241732808302
0.00050588276014
0.00246693592206
0.000563484352514
0.00252114757351
0.000620836649936
0.00257986500113
0.000678046652593
0.00264298369324
0.000735210279868
0.00271039033195
0.000792410697008
0.00278196012667
0.000849716130196
0.00285755379557
0.00090717702148
0.00293701418645
0.000964822334443
0.0030201625443
0.00102265477609
0.00310679446105
0.00108064463756
0.00319667558767
0.00113872187715
0.00328953726096
0.00119676597925
0.00338507230545
0.00125459300708
0.00348293143261
0.00131193912792
0.00136843973511
0.0039990270045
0.00130484917461
0.00412013505178
0.00135566931834
0.00424316899626
0.00140407533438
0.00436769301737
0.00144896940252
0.00449330051682
0.00148890270962
0.00461967580973
0.0015219766748
0.00474669274637
0.00154572046521
0.00487456883826
0.00155694105729
0.005004102338
0.00155155052139
0.0051370186263
0.00152441355081
0.00527643819343
0.00146929477042
0.0054275016773
0.00137894055945
0.00559834895457
0.00124530950543
0.00580133448488
0.00106100094946
0.00605013798746
0.000827893847989
0.00633917805016
0.000577738544509
0.00672710578803
0.000260026089429
0.00502378279088
0
0.00356928634546
0
0.00293627315905
0
0.00313571321256
0
0.00414080069653
0
0.00591560517448
0
0.00625071363624
-0.000107358336913
0.00585611790038
-0.000543937880666
0.00552573400916
-0.00093792144886
0.00524930922667
-0.00128217965592
0.00502035861388
-0.0015666996909
0.00482856284494
-0.00178236961523
0.00466049737168
-0.00192467031415
0.00450592663287
-0.00200192758286
0.00435856723567
-0.00202668081635
0.00421508743125
-0.00201113729957
0.00407408332144
-0.00196574666343
0.0039353051274
-0.00189892962447
0.00379913077012
-0.00181724915722
0.00366623126634
-0.00172571688859
0.0035373697124
-0.00162810555042
0.00341328763386
-0.00152722167864
0.00329464615948
-0.00142512817935
0.0031820005143
-0.00132332010572
0.00307579407381
-0.00122286113977
0.00297636332904
-0.00112448857981
0.00288394840683
-0.00102869367696
0.00279870590189
-0.000935782912266
0.00272072212168
-0.000845924650037
0.00265002569125
-0.000759184612336
0.00258659898896
-0.000675552824868
0.00253038819954
-0.000594964066458
0.00248131195432
-0.000517313370628
0.00243926862939
-0.000442467758071
0.00240414242147
-0.000370275100069
0.00237580834009
-0.000300570796359
0.00235413625603
-0.000233182787626
0.00233899413687
-0.000167935300941
0.00233025058779
-0.000104651631178
0.00232777680025
-4.31561903459e-05
0.00233144799645
1.67239959315e-05
0.00234114444277
7.51582070843e-05
0.00235675209235
0.000132311253696
0.00237816290494
0.000188342925687
0.00240527488147
0.000243407594199
0.00243799184111
0.000297653909638
0.00247622295978
0.000351224546422
0.00251988208148
0.000404255949266
0.00256888680592
0.000456878035694
0.00262315734971
0.000509213808729
0.00268261517142
0.000561378828225
0.00274718134532
0.000613480478694
0.00281677466307
0.000665616962118
0.00289130943842
0.000717875921658
0.00297069298732
0.000770332581291
0.00305482275611
0.000823047252691
0.00314358307486
0.000876062015692
0.00323684152551
0.000929396325442
0.0033344449382
0.000983041224874
0.00343621507169
0.00103695174365
0.00354194410477
0.00109103694617
0.00365139017917
0.00114514693268
0.0037642734122
0.00119905589488
0.00125244007697
0.00428976705927
0.00116938490932
0.0044289202043
0.00121651617331
0.00457141209231
0.00126158344638
0.00471688278085
0.00130349871397
0.00486500005473
0.00134078543575
0.00501552604654
0.00137145068299
0.00516842939715
0.0013928171146
0.00532407140054
0.0014012990539
0.00548351446716
0.00139210745477
0.00564900857009
0.00135891944789
0.00582470575132
0.00129359758918
0.00601765902708
0.00118598728368
0.00623925821998
0.00102371031253
0.00650730447289
0.000792954696552
0.00685299082961
0.000482207491275
0.00434697339881
6.99659493751e-05
0
0
0
0
0
0
0
0
0
0
0
0
0
0
0.00233389477812
0
0.00650417272289
-0
0.00639906403332
-0.000367492185596
0.00601203111891
-0.000895146741506
0.00570188600431
-0.0012565545763
0.00545076679842
-0.00153125040934
0.00523387299555
-0.00170777651127
0.00503572060968
-0.00180377519699
0.00484807711364
-0.00183903732031
0.0046669718882
-0.00183003207413
0.00449085706143
-0.00178963183666
0.00431948689091
-0.00172755945395
0.00415325122011
-0.00165101348641
0.00399279529238
-0.00156526096087
0.00383881263805
-0.0014741228961
0.00369193940802
-0.0013803484486
0.00355270687762
-0.00128589564895
0.00342152650628
-0.00119213973439
0.00329869250256
-0.00110002713604
0.00318439308911
-0.00101018916636
0.00307872537804
-0.00092302596589
0.00298171099905
-0.000838768533276
0.00289331096178
-0.000757524612763
0.00281343902683
-0.000679312677387
0.00274197331844
-0.000604087116473
0.00267876616518
-0.0005317569132
0.00262365228636
-0.000462199491807
0.00257645550026
-0.00039527097197
0.00253699414778
-0.000330813747597
0.00250508541998
-0.00026866206856
0.00248054876178
-0.000208646129426
0.00246320850348
-0.000150595042639
0.00245289584981
-9.43389775043e-05
0.00244945033566
-3.97106762008e-05
0.0024527208387
1.34534928972e-05
0.00246256622216
6.53128236182e-05
0.00247885566684
0.000116021809019
0.00250146873809
0.000165729854437
0.00253029522306
0.000214581109229
0.0025652347633
0.000262714369399
0.00260619629939
0.00031026301033
0.00265309733643
0.000357354912223
0.00270586303177
0.000404112340362
0.00276442509951
0.000450651740981
0.00282872051986
0.000497083407882
0.0028986900342
0.000543510964347
0.00297427640137
0.000590030594948
0.00305542238368
0.000636729939352
0.00314206842693
0.000683686538045
0.00323414999509
0.000730965684523
0.00333159452048
0.000778617490308
0.00343431793631
0.000826672909611
0.00354222077551
0.000875138385675
0.00365518385264
0.00092398866652
0.00377306360782
0.000973157190985
0.00389568729686
0.00102252324364
0.00402284838629
0.00107189480545
0.00112098566928
0.00455189992641
0.00101840999059
0.00470782644542
0.0010605896543
0.00486841309262
0.00110099679918
0.00503334171354
0.00113857009306
0.00520229624897
0.00117183090032
0.00537501945126
0.0011987274807
0.00555141637249
0.00121642019336
0.00573174188831
0.00122097353809
0.00591693726673
0.00120691207635
0.00610917729591
0.00116667941871
0.0063127565446
0.0010900183405
0.00653581071702
0.000962933111265
0.00679299757953
0.000766523450014
0.00711647419184
0.00046947808424
0.00245811240382
4.78581189404e-05
0
0
0
0
0
0
0
0
0
0
0
0
0
0
0
0
0
0
0
0
0.00569071822425
-0
0.00669280178594
-0.000334651199486
0.0063233150738
-0.000887067864165
0.00602801785309
-0.00123595318863
0.00577071023546
-0.00145046889364
0.00553341743158
-0.00156648239312
0.00530787369938
-0.00161349358811
0.0050905156482
-0.00161267402295
0.00488021331027
-0.00157932949873
0.0046770141144
-0.00152436025809
0.00448145661371
-0.00145545598571
0.00429421522476
-0.00137801957192
0.00411592678151
-0.00129583445285
0.00394711470954
-0.00121153637663
0.0037881647295
-0.00112694566892
0.00363932677865
-0.00104330178354
0.00350072923477
-0.000961429592157
0.00337239785725
-0.000881857788848
0.00325427542203
-0.00080490353067
0.00314624004741
-0.000730733158657
0.00304812134355
-0.000659405908899
0.00295971413908
-0.000590905472919
0.00288078986023
-0.000525162837619
0.00281110578747
-0.000462072840439
0.00275041246979
-0.00040150617413
0.00269845958067
-0.000343318082853
0.00265500047874
-0.000287354645663
0.00261979570469
-0.000233457294506
0.00259261561211
-0.000181466036854
0.0025732422972
-0.000131221727726
0.00256147096281
-8.25676431143e-05
0.00255711082724
-3.53505406321e-05
0.00255998566597
1.05786541704e-05
0.00256993405655
5.53644330325e-05
0.00258680938157
9.91464840001e-05
0.00261047963151
0.000142059604503
0.00264082703873
0.000184233702009
0.00267774756425
0.000225793843871
0.00272115025078
0.000266860323809
0.00277095644794
0.000307548715057
0.00282709890891
0.00034796987939
0.00288952075034
0.000388229899556
0.00295817426114
0.000428429897079
0.00303301953825
0.00046866568724
0.00311402292019
0.000509027213002
0.00320115518151
0.00054959767804
0.00329438944298
0.000590452276572
0.00339369874541
0.000631656382097
0.0034990532279
0.000673263007812
0.00361041684939
0.000715309288126
0.00372774359581
0.000757811639249
0.00385097313221
0.000800759130127
0.00398002589772
0.000844104425467
0.00411479771836
0.000887751423007
0.00425515415031
0.000931538373497
0.00097521481192
0.00478135688074
0.000853544372134
0.00495230506606
0.000889641468973
0.00512907244552
0.000924229419717
0.00531133264927
0.00095630988931
0.0054987027989
0.00098446075069
0.00569076725174
0.00100666302786
0.00588713375685
0.00102005368825
0.00608755831107
0.00102054898387
0.00629219847929
0.00100227190812
0.00650201923144
0.000956858666562
0.00671964838513
0.000872389186809
0.00695288622958
0.000729695266817
0.00720993995992
0.00050946971967
0.00260092550566
0.000106486649549
0
0
0
0
0
0
0
0
0
0
0
0
0
0
0
0
0
0
0
0
0
0
0
0
0.00728613831407
0
0.0068590227097
-0.000459952259802
0.00653685242147
-0.000913782900396
0.00625120867959
-0.00116482515175
0.00598232250636
-0.00129759621989
0.00572376501037
-0.00135493609212
0.00547356791119
-0.00136247692377
0.00523170099636
-0.0013374625839
0.00499887137891
-0.00129153064064
0.00477595416048
-0.00123253876729
0.00456374417559
-0.00116580958702
0.0043628617995
-0.00109495207677
0.00417373202777
-0.0010224066049
0.0039965971588
-0.000949810799946
0.00383154298686
-0.000878247611596
0.00367852846105
-0.000808415066341
0.00353741403705
-0.000740743364856
0.00340798670087
-0.000675476194489
0.00328998105931
-0.000612727517097
0.00318309658748
-0.000552521437062
0.00308701143106
-0.000494820316503
0.00300139326487
-0.000439544671429
0.00292590770935
-0.000386587284916
0.00286022476093
-0.000335823225717
0.00280402362928
-0.000287116951204
0.00275699630914
-0.000240327325519
0.00271885015489
-0.000195311140259
0.00268930967391
-0.000151925555873
0.00266811771078
-0.000110029764592
0.00265503615865
-6.94860909822e-05
0.00264984630469
-3.01606866764e-05
0.00265234889293
8.07606592656e-06
0.00266236396877
4.53493572007e-05
0.00267973055411
8.17798986529e-05
0.00270430618973
0.000117483968892
0.00273596637076
0.000152573520973
0.00277460389313
0.000187156321499
0.0028201281205
0.000221336096439
0.002872464175
0.000255212660564
0.00293155204806
0.000288882006328
0.00299734562137
0.000322436326245
0.00306981158084
0.000355963937605
0.00314892819897
0.000389549069109
0.00323468395248
0.0004232714595
0.00332707593205
0.000457205698466
0.00342610798993
0.000491420218689
0.00353178855805
0.000525975813975
0.00364412805512
0.000560923510749
0.00376313578622
0.000596301557019
0.00388881622488
0.000632131200597
0.00402116455752
0.000668410797482
0.00416016137218
0.000705107610812
0.00430576639482
0.00074214640036
0.00445791123852
0.000779393529799
0.000816634788162
0.00497446407311
0.000676787282943
0.00515825658458
0.000705848957499
0.00534881582015
0.000733670184154
0.00554575575804
0.000759369951414
0.00574854462589
0.00078167188284
0.00595647289079
0.000798734762961
0.00616862011804
0.000807906461011
0.00638384055222
0.000805328549678
0.0066007990922
0.000785313368135
0.00681802872827
0.000739629030499
0.00703407987639
0.000656338038685
0.00725075178916
0.000513023354049
0.00665976594825
0.000245918644209
0
0
0
0
0
0
0
0
0
0
0
0
0
0
0
0
0
0
0
0
0
0
0
0
0
0
0
0
0.00725163067843
-9.07934240581e-05
0.00695150362987
-0.00061365585184
0.006655127856
-0.000868449377882
0.00636570425761
-0.0010081726215
0.00608161374325
-0.00107084557776
0.00580406051883
-0.00108492369935
0.00553497745008
-0.00106837951515
0.00527617978006
-0.00103273297062
0.00502911457707
-0.000985473564305
0.00479482167903
-0.000931516688975
0.00457397086125
-0.000874101258989
0.00436692409686
-0.000815359840513
0.00417380063621
-0.000756687339291
0.00399453559764
-0.000698982573028
0.00382892912099
-0.000642808589694
0.00367668599728
-0.000588500241142
0.00353744681784
-0.000536237015045
0.00341081201953
-0.000486092718787
0.0032963601833
-0.000438069600839
0.0031936617849
-0.000392121918097
0.00310228939855
-0.000348172285086
0.00302182516234
-0.000306123048704
0.00295186614526
-0.00026586420863
0.00289202811662
-0.000227278922572
0.00284194810536
-0.000190247314256
0.00280128604747
-0.000154649082373
0.0027697257507
-0.000120365259101
0.00274697535099
-8.72793648788e-05
0.00273276739386
-5.52781338512e-05
0.00272685864168
-2.42519344989e-05
0.00272902968297
5.90502463958e-06
0.00273908440071
3.52946394546e-05
0.00275684934188
6.40149574824e-05
0.00278217301834
9.21602924321e-05
0.00281492516011
0.000119821379211
0.0028549959339
0.000147085547708
0.00290229513328
0.000174036897051
0.00295675134049
0.000200756453356
0.00301831105389
0.000227322292934
0.00308693776894
0.000253809611187
0.0031626109936
0.000280290712946
0.00324532517058
0.000306834892137
0.0033350884698
0.00033350816028
0.0034319214018
0.000360372766466
0.00353585518797
0.000387486432511
0.00364692980489
0.000414901197063
0.00376519159584
0.000442661719791
0.00389069031386
0.000470802839006
0.00402347542396
0.000499346090493
0.00416359144943
0.000528294772016
0.00431107209647
0.000557626963767
0.00446593283715
0.000587285659677
0.00462816157582
0.000617164791132
0.000647089380064
0.00512806719111
0.000490457530147
0.00532217793971
0.000511738208902
0.00552376871371
0.000532079410159
0.00573235713438
0.00055078153074
0.0059472110168
0.000566818000421
0.00616725394082
0.000578691838944
0.00639093414083
0.000584226260997
0.00661605163661
0.000580211053898
0.00683951605909
0.000561848945657
0.00705680874534
0.000522336344247
0.00726136363943
0.000451783144591
0.00744319989004
0.000331187103447
0
6.83290206939e-05
0
0
0
0
0
0
0
0
0
0
0
0
0
0
0
0
0
0
0
0
0
0
0
0
0
0
0
0
0.00752999608949
0
0.00724800300877
-0.000331662771114
0.006965019866
-0.000585466235113
0.0066690598595
-0.000712212615009
0.00636887319843
-0.000770658916682
0.00607112207331
-0.000787172574228
0.00578063937358
-0.000777896815417
0.00550082633051
-0.000752919927544
0.00523395732718
-0.000718604560979
0.00498145433947
-0.000679013701265
0.00474411341584
-0.000636760335356
0.00452228112472
-0.000593527549396
0.00431598742254
-0.000550393637108
0.00412504387091
-0.000508039021401
0.00394911550571
-0.000466880224497
0.00378777307539
-0.000427157810823
0.00364053079802
-0.000388994737674
0.00350687349549
-0.000352435416258
0.00338627595974
-0.000317472065089
0.00327821664902
-0.000284062607376
0.00318218725072
-0.000252142886779
0.00309769923401
-0.000221635031995
0.00302428821391
-0.000192453188531
0.00296151672806
-0.000164507436721
0.00290897586681
-0.000137706453014
0.00286628607987
-0.000111959295429
0.00283309739685
-8.71765760822e-05
0.00280908923626
-6.3271204283e-05
0.00279396993079
-4.01588283801e-05
0.00278747606297
-1.77580666819e-05
0.00278937167953
4.00940808227e-06
0.00279944743402
2.52188849592e-05
0.00281751969309
4.59426984178e-05
0.00284342963055
6.62503549715e-05
0.00287704232529
8.62086844652e-05
0.00291824587171
0.00010588200129
0.00296695050559
0.000125332263172
0.00302308774295
0.000144619215999
0.00308660952363
0.000163800512253
0.00315748734564
0.000182931789173
0.00323571136926
0.000202066689326
0.00332128946118
0.000221256800218
0.00341424613841
0.000240551483053
0.00351462135711
0.000259997547757
0.00362246907315
0.000279638716474
0.00373785547604
0.000299514794175
0.00386085676478
0.000319660431055
0.00399155628919
0.000340103314595
0.00413004082049
0.000360861559194
0.00427639563348
0.000381939959026
0.00443069797437
0.000403324622873
0.0045930083427
0.000424975291343
0.00476335882191
0.000446814311923
0.00046871076366
0.00523963146046
0.000297121880906
0.0054412740611
0.000310095608261
0.00565087639614
0.000322477075121
0.00586784608698
0.000333811839899
0.00609123822562
0.000343425861783
0.00631960398253
0.000350326082032
0.00655078020095
0.000353050042575
0.00678160122138
0.00034939003347
0.00700749275712
0.000335957409913
0.00722157615429
0.000308252947075
0.00741175550518
0.000261603793702
0.0075608069925
0.000182135616128
0
8.34649964421e-06
0
0
0
0
0
0
0
0
0
0
0
0
0
0
0
0
0
0
0
0
0
0
0
0
0
0
0
0
0
0
0.00741875104091
-0.000129624298471
0.007171412247
-0.000338127441207
0.0068829117053
-0.000423712073309
0.00657660042525
-0.000464347636633
0.00626643581364
-0.00047700796262
0.00596113677126
-0.000472597773035
0.00566611186542
-0.000457895021701
0.00538463582043
-0.00043712851599
0.00511859270867
-0.000412970589506
0.00486895385069
-0.000387121477377
0.00463608990754
-0.000360663606241
0.00441997806444
-0.000334281794006
0.00422034136909
-0.000308402326053
0.00403674325215
-0.000283282107562
0.00386865195994
-0.000259066518611
0.00371548455693
-0.000235827334665
0.00357663694055
-0.000213587799879
0.00345150421546
-0.000192339339995
0.00333949438819
-0.000172052780104
0.00324003741554
-0.000152685914136
0.00315259101308
-0.000134188629527
0.00307664420319
-0.000116506378643
0.00301171928955
-9.95825230813e-05
0.0029573727413
-8.33599047673e-05
0.0029131953293
-6.77818834261e-05
0.00287881175737
-5.27930041554e-05
0.00285387996144
-3.83394083465e-05
0.00283809019938
-2.43690663236e-05
0.00283116401916
-1.08318864646e-05
0.00283285316678
2.32026046609e-06
0.00284293847724
1.51335744929e-05
0.00286122877815
2.76523975161e-05
0.00288755982512
3.99193079934e-05
0.00292179328099
5.19752285988e-05
0.00296381574392
6.38595383621e-05
0.00301353782491
7.56101821807e-05
0.00307089326987
8.72637710418e-05
0.00313583811644
9.88556656771e-05
0.00320834987017
0.000110420035447
0.00328842667746
0.000121989882036
0.0033760864639
0.000133597013776
0.00347136599475
0.00014527195221
0.00357431979814
0.00015704374436
0.00368501887007
0.000168939644549
0.00380354904968
0.000180984614559
0.00393000891182
0.000193200568914
0.00406450696493
0.000205605261492
0.00420715786049
0.000218210663633
0.00435807720362
0.000231020615898
0.00451737438966
0.00024402743683
0.00468514265743
0.000257207023571
0.0048614452145
0.000270511754853
0.000283860166944
0.00530731284605
9.95182765832e-05
0.00551353193377
0.000103876520536
0.00572797739295
0.000108031615945
0.00594996393889
0.000111825293962
0.00617836875465
0.00011502104602
0.00641142755445
0.000117267282231
0.00664643871317
0.000118038883856
0.00687930812209
0.000116520624549
0.00710385829761
0.000111407234394
0.00731099734916
0.000101113895527
0.00748658020731
8.60209355519e-05
0.0076095767256
5.91390978329e-05
0
-2.86628892427e-06
0
0
0
0
0
0
0
0
0
0
0
0
0
0
0
0
0
0
0
0
0
0
0
0
0
0
0
0
0
0
0.00752368814116
-3.25229254569e-05
0.00729511888991
-0.000109558189965
0.00701194298902
-0.000140536172416
0.00670273734081
-0.000155141988424
0.00638553981491
-0.000159810436719
0.00607146318894
-0.000158521147062
0.00576723340097
-0.00015366523374
0.00547681910129
-0.000146714216309
0.00520244335438
-0.000138594842587
0.00494521720571
-0.000129895328707
0.00470554239149
-0.000120988792026
0.00448337072334
-0.000112110125857
0.00427837305052
-0.000103404653231
0.00409005023917
-9.49592962073e-05
0.00391780646152
-8.68227409702e-05
0.0037609977197
-7.90185928389e-05
0.00361896394636
-7.15540265395e-05
0.00349105012499
-6.4425518622e-05
0.00337662001741
-5.76226725293e-05
0.00327506488787
-5.11307845981e-05
0.00318580882946
-4.49325711162e-05
0.00310831178202
-3.90093312018e-05
0.00304207098604
-3.33417271045e-05
0.00298662138469
-2.79103034142e-05
0.00294153532825
-2.26958269882e-05
0.00290642182733
-1.76795032286e-05
0.00288092552598
-1.28431069997e-05
0.00286472551422
-8.16905456415e-06
0.00285753406264
-3.64043488243e-06
0.0028590953363
7.58986805648e-07
0.00286918412673
5.04478406507e-06
0.0028876046277
9.2318965402e-06
0.00291418927098
1.33346647138e-05
0.0029487976309
1.73668686764e-05
0.00299131540113
2.13417681334e-05
0.00304165344198
2.52721413349e-05
0.00309974689227
2.9170320751e-05
0.00316555433485
3.30482231003e-05
0.00323905699928
3.6917371016e-05
0.00332025797844
4.07889028743e-05
0.00340918142619
4.46735660255e-05
0.00350587169117
4.85816872261e-05
0.00361039232426
5.25231112722e-05
0.00372282487327
5.65070955398e-05
0.00384326734491
6.05421429177e-05
0.0039718321658
6.46357480239e-05
0.00410864340635
6.87940209385e-05
0.00425383293339
7.30211365954e-05
0.0044075350152
7.73185340941e-05
0.00456987869677
8.16837552543e-05
0.00474097696143
8.61087589172e-05
0.00492091124932
9.05774669597e-05
9.50621745378e-05
0.0053299972306
-9.95182765824e-05
0.00553775027167
-0.000103876520535
0.00575381350356
-0.000108031615944
0.00597746409148
-0.000111825293961
0.00620750618352
-0.000115021046019
0.00644204074799
-0.00011726728223
0.0066781185157
-0.000118038883855
0.00691115976479
-0.000116520624548
0.00713397423358
-0.000111407234393
0.00733620202463
-0.000101113895526
0.00750824389574
-8.6020935551e-05
0.0076265220914
-5.91390978324e-05
0
2.86628892428e-06
0
0
0
0
0
0
0
0
0
0
0
0
0
0
0
0
0
0
0
0
0
0
0
0
0
0
0
0
0
0
0.00755574366264
3.25229254571e-05
0.00733662728271
0.000109558189966
0.00705555493787
0.000140536172417
0.00674527096103
0.000155141988425
0.00642565008759
0.000159810436721
0.00610860779346
0.000158521147064
0.00580127732598
0.000153665233742
0.00550784889336
0.000146714216312
0.00523065920818
0.00013859484259
0.00497086855076
0.00012989532871
0.00472889096671
0.000120988792029
0.00450467071499
0.00011211012586
0.00429786140853
0.000103404653234
0.00410794281611
9.49592962105e-05
0.00393429733417
8.68227409735e-05
0.00377626014848
7.90185928423e-05
0.0036331520954
7.15540265429e-05
0.00350430105815
6.44255186254e-05
0.00338905571309
5.76226725328e-05
0.00328679414389
5.11307846016e-05
0.00319692900166
4.49325711198e-05
0.00311891033925
3.90093312054e-05
0.00305222688504
3.33417271081e-05
0.0029964062782
2.79103034178e-05
0.00295101462422
2.26958269918e-05
0.00291565561776
1.76795032322e-05
0.00288996940376
1.28431070034e-05
0.00287363129463
8.16905456777e-06
0.00286635042486
3.64043488603e-06
0.00286786839847
-7.58986802076e-07
0.00287795796659
-5.04478406154e-06
0.00289642175967
-9.23189653672e-06
0.0029230910891
-1.33346647104e-05
0.00295782482645
-1.73668686731e-05
0.00300050836271
-2.13417681302e-05
0.00305105264538
-2.52721413317e-05
0.00310939328687
-2.91703207479e-05
0.00317548973307
-3.30482230974e-05
0.0032493244751
-3.69173710132e-05
0.00333090228085
-4.07889028716e-05
0.0034202494129
-4.4673566023e-05
0.00351741278735
-4.85816872238e-05
0.00362245900989
-5.25231112701e-05
0.00373547320097
-5.65070955379e-05
0.0038565574868
-6.05421429161e-05
0.00398582898285
-6.46357480225e-05
0.00412341702472
-6.87940209374e-05
0.00426945929791
-7.30211365945e-05
0.0044240963661
-7.73185340935e-05
0.00458746387661
-8.16837552539e-05
0.00475968139444
-8.61087589169e-05
0.00494083632836
-9.05774669596e-05
-9.50621745376e-05
0.00530731284605
-0.000297121880905
0.00551353193377
-0.00031009560826
0.00572797739295
-0.00032247707512
0.00594996393888
-0.000333811839898
0.00617836875465
-0.000343425861782
0.00641142755445
-0.00035032608203
0.00664643871317
-0.000353050042574
0.00687930812209
-0.000349390033469
0.00710385829761
-0.000335957409912
0.00731099734916
-0.000308252947074
0.00748658020731
-0.000261603793701
0.0076095767256
-0.000182135616128
0
-8.34649964418e-06
0
0
0
0
0
0
0
0
0
0
0
0
0
0
0
0
0
0
0
0
0
0
0
0
0
0
0
0
0
0
0.00752368814116
0.000129624298471
0.00729511888991
0.000338127441207
0.00701194298902
0.00042371207331
0.00670273734081
0.000464347636635
0.00638553981491
0.000477007962622
0.00607146318894
0.000472597773037
0.00576723340097
0.000457895021704
0.00547681910129
0.000437128515993
0.00520244335438
0.000412970589508
0.00494521720571
0.00038712147738
0.00470554239149
0.000360663606244
0.00448337072334
0.000334281794009
0.00427837305052
0.000308402326056
0.00409005023917
0.000283282107565
0.00391780646152
0.000259066518614
0.0037609977197
0.000235827334668
0.00361896394636
0.000213587799883
0.00349105012499
0.000192339339999
0.00337662001741
0.000172052780108
0.00327506488787
0.000152685914139
0.00318580882946
0.000134188629531
0.00310831178202
0.000116506378647
0.00304207098604
9.95825230849e-05
0.00298662138469
8.33599047709e-05
0.00294153532825
6.77818834297e-05
0.00290642182733
5.27930041591e-05
0.00288092552598
3.83394083502e-05
0.00286472551422
2.43690663273e-05
0.00285753406264
1.08318864682e-05
0.0028590953363
-2.32026046252e-06
0.00286918412673
-1.51335744894e-05
0.0028876046277
-2.76523975126e-05
0.00291418927098
-3.99193079899e-05
0.0029487976309
-5.19752285954e-05
0.00299131540113
-6.38595383588e-05
0.00304165344198
-7.56101821776e-05
0.00309974689227
-8.72637710387e-05
0.00316555433485
-9.88556656742e-05
0.00323905699928
-0.000110420035444
0.00332025797844
-0.000121989882034
0.00340918142619
-0.000133597013773
0.00350587169117
-0.000145271952208
0.00361039232426
-0.000157043744358
0.00372282487327
-0.000168939644547
0.00384326734491
-0.000180984614558
0.0039718321658
-0.000193200568912
0.00410864340635
-0.000205605261491
0.00425383293339
-0.000218210663633
0.0044075350152
-0.000231020615897
0.00456987869677
-0.000244027436829
0.00474097696143
-0.00025720702357
0.00492091124932
-0.000270511754852
-0.000283860166944
0.00523963146046
-0.000490457530146
0.0054412740611
-0.000511738208901
0.00565087639614
-0.000532079410159
0.00586784608698
-0.000550781530739
0.00609123822562
-0.00056681800042
0.00631960398253
-0.000578691838943
0.00655078020095
-0.000584226260996
0.00678160122138
-0.000580211053897
0.00700749275712
-0.000561848945656
0.00722157615429
-0.000522336344246
0.00741175550518
-0.00045178314459
0.0075608069925
-0.000331187103446
0
-6.83290206938e-05
0
0
0
0
0
0
0
0
0
0
0
0
0
0
0
0
0
0
0
0
0
0
0
0
0
0
0
0
0
0
0.00741875104091
0.000331662771115
0.007171412247
0.000585466235114
0.0068829117053
0.00071221261501
0.00657660042525
0.000770658916684
0.00626643581364
0.00078717257423
0.00596113677126
0.00077789681542
0.00566611186542
0.000752919927546
0.00538463582043
0.000718604560982
0.00511859270867
0.000679013701268
0.00486895385069
0.000636760335359
0.00463608990754
0.000593527549399
0.00441997806444
0.000550393637111
0.00422034136909
0.000508039021404
0.00403674325215
0.0004668802245
0.00386865195994
0.000427157810826
0.00371548455693
0.000388994737678
0.00357663694055
0.000352435416261
0.00345150421546
0.000317472065093
0.00333949438819
0.00028406260738
0.00324003741554
0.000252142886782
0.00315259101308
0.000221635031998
0.00307664420319
0.000192453188534
0.00301171928955
0.000164507436725
0.0029573727413
0.000137706453017
0.0029131953293
0.000111959295433
0.00287881175737
8.71765760858e-05
0.00285387996144
6.32712042866e-05
0.00283809019938
4.01588283837e-05
0.00283116401916
1.77580666855e-05
0.00283285316678
-4.0094080787e-06
0.00284293847724
-2.52188849557e-05
0.00286122877815
-4.59426984143e-05
0.00288755982512
-6.62503549681e-05
0.00292179328099
-8.62086844619e-05
0.00296381574392
-0.000105882001287
0.00301353782491
-0.000125332263169
0.00307089326987
-0.000144619215996
0.00313583811644
-0.00016380051225
0.00320834987017
-0.000182931789171
0.00328842667746
-0.000202066689324
0.0033760864639
-0.000221256800215
0.00347136599475
-0.000240551483051
0.00357431979814
-0.000259997547755
0.00368501887007
-0.000279638716472
0.00380354904968
-0.000299514794173
0.00393000891182
-0.000319660431053
0.00406450696493
-0.000340103314594
0.00420715786049
-0.000360861559193
0.00435807720362
-0.000381939959025
0.00451737438966
-0.000403324622872
0.00468514265743
-0.000424975291343
0.0048614452145
-0.000446814311923
-0.00046871076366
0.00512806719111
-0.000676787282943
0.00532217793971
-0.000705848957498
0.0055237687137
-0.000733670184154
0.00573235713438
-0.000759369951413
0.0059472110168
-0.000781671882839
0.00616725394082
-0.00079873476296
0.00639093414083
-0.00080790646101
0.00661605163661
-0.000805328549677
0.00683951605909
-0.000785313368134
0.00705680874534
-0.000739629030498
0.00726136363943
-0.000656338038684
0.00744319989004
-0.000513023354048
0
-0.000245918644209
0
0
0
0
0
0
0
0
0
0
0
0
0
0
0
0
0
0
0
0
0
0
0
0
0
0
0
0
0.00752999608949
9.07934240582e-05
0.00724800300877
0.00061365585184
0.006965019866
0.000868449377883
0.0066690598595
0.0010081726215
0.00636887319843
0.00107084557776
0.00607112207331
0.00108492369935
0.00578063937358
0.00106837951515
0.00550082633051
0.00103273297062
0.00523395732718
0.000985473564307
0.00498145433947
0.000931516688977
0.00474411341584
0.000874101258991
0.00452228112472
0.000815359840516
0.00431598742254
0.000756687339294
0.00412504387091
0.000698982573032
0.00394911550571
0.000642808589697
0.00378777307539
0.000588500241146
0.00364053079802
0.000536237015048
0.0035068734955
0.00048609271879
0.00338627595975
0.000438069600843
0.00327821664902
0.0003921219181
0.00318218725072
0.00034817228509
0.00309769923401
0.000306123048708
0.00302428821391
0.000265864208634
0.00296151672806
0.000227278922575
0.00290897586682
0.000190247314259
0.00286628607987
0.000154649082376
0.00283309739685
0.000120365259105
0.00280908923626
8.72793648824e-05
0.00279396993079
5.52781338548e-05
0.00278747606297
2.42519345025e-05
0.00278937167953
-5.90502463604e-06
0.00279944743402
-3.52946394511e-05
0.00281751969309
-6.40149574789e-05
0.00284342963055
-9.21602924287e-05
0.00287704232529
-0.000119821379208
0.00291824587171
-0.000147085547705
0.00296695050559
-0.000174036897048
0.00302308774295
-0.000200756453353
0.00308660952363
-0.000227322292931
0.00315748734564
-0.000253809611184
0.00323571136926
-0.000280290712944
0.00332128946118
-0.000306834892134
0.00341424613841
-0.000333508160277
0.00351462135711
-0.000360372766464
0.00362246907315
-0.000387486432509
0.00373785547604
-0.000414901197062
0.00386085676478
-0.00044266171979
0.00399155628919
-0.000470802839005
0.00413004082049
-0.000499346090492
0.00427639563348
-0.000528294772015
0.00443069797437
-0.000557626963766
0.0045930083427
-0.000587285659676
0.00476335882191
-0.000617164791131
-0.000647089380064
0.00497446407311
-0.000853544372134
0.00515825658458
-0.000889641468972
0.00534881582015
-0.000924229419717
0.00554575575804
-0.000956309889309
0.00574854462589
-0.000984460750689
0.00595647289079
-0.00100666302786
0.00616862011804
-0.00102005368825
0.00638384055222
-0.00102054898386
0.00660079909221
-0.00100227190812
0.00681802872827
-0.000956858666561
0.00703407987639
-0.000872389186808
0.00725075178916
-0.000729695266816
0.00665976594825
-0.00050946971967
0
-0.000106486649549
0
-0
0
0
0
0
0
0
0
0
0
0
0
0
0
0
0
0
0
0
0
0
0
0
0
0
0.00725163067843
0.000459952259802
0.00695150362987
0.000913782900397
0.006655127856
0.00116482515176
0.00636570425761
0.00129759621989
0.00608161374325
0.00135493609212
0.00580406051883
0.00136247692377
0.00553497745008
0.0013374625839
0.00527617978006
0.00129153064064
0.00502911457707
0.00123253876729
0.00479482167903
0.00116580958702
0.00457397086125
0.00109495207677
0.00436692409686
0.0010224066049
0.00417380063621
0.000949810799949
0.00399453559764
0.000878247611599
0.00382892912099
0.000808415066344
0.00367668599728
0.000740743364859
0.00353744681784
0.000675476194492
0.00341081201953
0.000612727517101
0.0032963601833
0.000552521437066
0.0031936617849
0.000494820316506
0.00310228939856
0.000439544671433
0.00302182516234
0.000386587284919
0.00295186614526
0.000335823225721
0.00289202811662
0.000287116951207
0.00284194810536
0.000240327325522
0.00280128604747
0.000195311140263
0.0027697257507
0.000151925555877
0.00274697535099
0.000110029764596
0.00273276739386
6.94860909858e-05
0.00272685864168
3.016068668e-05
0.00272902968297
-8.07606592303e-06
0.00273908440071
-4.53493571972e-05
0.00275684934188
-8.17798986495e-05
0.00278217301834
-0.000117483968888
0.00281492516011
-0.00015257352097
0.0028549959339
-0.000187156321496
0.00290229513329
-0.000221336096436
0.00295675134049
-0.000255212660561
0.00301831105389
-0.000288882006325
0.00308693776894
-0.000322436326242
0.0031626109936
-0.000355963937603
0.00324532517058
-0.000389549069107
0.0033350884698
-0.000423271459498
0.0034319214018
-0.000457205698464
0.00353585518797
-0.000491420218687
0.00364692980489
-0.000525975813973
0.00376519159584
-0.000560923510747
0.00389069031386
-0.000596301557017
0.00402347542396
-0.000632131200596
0.00416359144943
-0.000668410797481
0.00431107209647
-0.000705107610811
0.00446593283715
-0.000742146400359
0.00462816157582
-0.000779393529798
-0.000816634788161
0.00478135688074
-0.00101840999059
0.00495230506606
-0.0010605896543
0.00512907244552
-0.00110099679918
0.00531133264927
-0.00113857009306
0.0054987027989
-0.00117183090032
0.00569076725174
-0.0011987274807
0.00588713375685
-0.00121642019336
0.00608755831107
-0.00122097353808
0.00629219847929
-0.00120691207635
0.00650201923144
-0.00116667941871
0.00671964838513
-0.0010900183405
0.00695288622958
-0.000962933111264
0.00720993995992
-0.000766523450013
0.00260092550566
-0.000469478084239
0
-4.78581189404e-05
0
0
0
0
0
0
0
0
0
0
0
0
0
0
0
0
0
0
0
0
0
0
0.00728613831407
0.000334651199486
0.0068590227097
0.000887067864165
0.00653685242147
0.00123595318863
0.00625120867959
0.00145046889364
0.00598232250636
0.00156648239312
0.00572376501037
0.00161349358811
0.00547356791119
0.00161267402295
0.00523170099636
0.00157932949873
0.00499887137891
0.00152436025809
0.00477595416049
0.00145545598572
0.00456374417559
0.00137801957192
0.0043628617995
0.00129583445285
0.00417373202777
0.00121153637663
0.0039965971588
0.00112694566892
0.00383154298686
0.00104330178354
0.00367852846105
0.00096142959216
0.00353741403706
0.000881857788851
0.00340798670087
0.000804903530674
0.00328998105931
0.000730733158661
0.00318309658748
0.000659405908902
0.00308701143106
0.000590905472923
0.00300139326487
0.000525162837623
0.00292590770935
0.000462072840443
0.00286022476093
0.000401506174134
0.00280402362929
0.000343318082856
0.00275699630914
0.000287354645667
0.00271885015489
0.00023345729451
0.00268930967391
0.000181466036858
0.00266811771078
0.000131221727729
0.00265503615865
8.25676431178e-05
0.00264984630469
3.53505406356e-05
0.00265234889294
-1.05786541669e-05
0.00266236396877
-5.5364433029e-05
0.00267973055411
-9.91464839966e-05
0.00270430618973
-0.0001420596045
0.00273596637076
-0.000184233702005
0.00277460389313
-0.000225793843868
0.0028201281205
-0.000266860323806
0.002872464175
-0.000307548715054
0.00293155204806
-0.000347969879387
0.00299734562137
-0.000388229899553
0.00306981158084
-0.000428429897077
0.00314892819897
-0.000468665687237
0.00323468395248
-0.000509027213
0.00332707593205
-0.000549597678038
0.00342610798993
-0.00059045227657
0.00353178855805
-0.000631656382095
0.00364412805512
-0.00067326300781
0.00376313578623
-0.000715309288124
0.00388881622488
-0.000757811639248
0.00402116455752
-0.000800759130126
0.00416016137218
-0.000844104425466
0.00430576639482
-0.000887751423007
0.00445791123852
-0.000931538373496
-0.00097521481192
0.00455189992641
-0.00116938490932
0.00470782644542
-0.00121651617331
0.00486841309262
-0.00126158344638
0.00503334171354
-0.00130349871397
0.00520229624897
-0.00134078543575
0.00537501945126
-0.00137145068299
0.00555141637249
-0.0013928171146
0.00573174188831
-0.0014012990539
0.00591693726673
-0.00139210745477
0.00610917729591
-0.00135891944789
0.0063127565446
-0.00129359758918
0.00653581071702
-0.00118598728368
0.00679299757953
-0.00102371031253
0.00711647419184
-0.000792954696552
0.00245811240382
-0.000482207491275
0
-6.99659493751e-05
0
-0
0
0
0
0
0
0
0
0
0
0
0
0
0
0
0
0
0.00569071822425
0.000367492185596
0.00669280178594
0.000895146741506
0.0063233150738
0.0012565545763
0.00602801785309
0.00153125040934
0.00577071023546
0.00170777651127
0.00553341743158
0.00180377519699
0.00530787369938
0.00183903732031
0.0050905156482
0.00183003207413
0.00488021331027
0.00178963183666
0.00467701411441
0.00172755945395
0.00448145661371
0.00165101348641
0.00429421522476
0.00156526096087
0.00411592678151
0.0014741228961
0.00394711470954
0.0013803484486
0.0037881647295
0.00128589564896
0.00363932677865
0.00119213973439
0.00350072923477
0.00110002713605
0.00337239785725
0.00101018916637
0.00325427542203
0.000923025965894
0.00314624004741
0.000838768533279
0.00304812134355
0.000757524612766
0.00295971413908
0.000679312677391
0.00288078986023
0.000604087116476
0.00281110578747
0.000531756913204
0.00275041246979
0.000462199491811
0.00269845958067
0.000395270971973
0.00265500047874
0.0003308137476
0.00261979570469
0.000268662068563
0.00259261561212
0.000208646129429
0.0025732422972
0.000150595042643
0.00256147096281
9.43389775078e-05
0.00255711082724
3.97106762043e-05
0.00255998566597
-1.34534928938e-05
0.00256993405656
-6.53128236147e-05
0.00258680938157
-0.000116021809015
0.00261047963151
-0.000165729854433
0.00264082703873
-0.000214581109225
0.00267774756426
-0.000262714369396
0.00272115025078
-0.000310263010327
0.00277095644794
-0.000357354912219
0.00282709890891
-0.000404112340359
0.00288952075034
-0.000450651740978
0.00295817426114
-0.00049708340788
0.00303301953825
-0.000543510964344
0.0031140229202
-0.000590030594946
0.00320115518151
-0.000636729939349
0.00329438944298
-0.000683686538043
0.00339369874541
-0.000730965684521
0.0034990532279
-0.000778617490306
0.00361041684939
-0.000826672909609
0.00372774359581
-0.000875138385673
0.00385097313221
-0.000923988666519
0.00398002589772
-0.000973157190984
0.00411479771836
-0.00102252324364
0.00425515415031
-0.00107189480545
-0.00112098566928
0.00428976705927
-0.00130484917461
0.0044289202043
-0.00135566931834
0.00457141209231
-0.00140407533438
0.00471688278085
-0.00144896940252
0.00486500005473
-0.00148890270962
0.00501552604654
-0.0015219766748
0.00516842939715
-0.00154572046521
0.00532407140054
-0.00155694105729
0.00548351446716
-0.00155155052139
0.00564900857009
-0.00152441355081
0.00582470575132
-0.00146929477042
0.00601765902708
-0.00137894055945
0.00623925821998
-0.00124530950543
0.00650730447289
-0.00106100094946
0.00685299082961
-0.000827893847988
0.00434697339881
-0.000577738544509
0
-0.000260026089429
0
-0
0
-0
0
-0
0
0
0
0
0
0
0.00233389477812
0.000107358336913
0.00650417272289
0.000543937880666
0.00639906403332
0.00093792144886
0.00601203111891
0.00128217965592
0.00570188600431
0.0015666996909
0.00545076679842
0.00178236961523
0.00523387299555
0.00192467031415
0.00503572060968
0.00200192758286
0.00484807711364
0.00202668081635
0.0046669718882
0.00201113729957
0.00449085706143
0.00196574666343
0.00431948689091
0.00189892962447
0.00415325122011
0.00181724915722
0.00399279529238
0.0017257168886
0.00383881263805
0.00162810555042
0.00369193940802
0.00152722167864
0.00355270687762
0.00142512817936
0.00342152650628
0.00132332010572
0.00329869250256
0.00122286113977
0.00318439308911
0.00112448857981
0.00307872537804
0.00102869367696
0.00298171099905
0.000935782912269
0.00289331096178
0.00084592465004
0.00281343902683
0.000759184612339
0.00274197331844
0.000675552824871
0.00267876616518
0.000594964066461
0.00262365228636
0.000517313370631
0.00257645550026
0.000442467758075
0.00253699414778
0.000370275100072
0.00250508541999
0.000300570796363
0.00248054876179
0.000233182787629
0.00246320850348
0.000167935300945
0.00245289584981
0.000104651631182
0.00244945033566
4.31561903494e-05
0.0024527208387
-1.67239959281e-05
0.00246256622216
-7.51582070808e-05
0.00247885566684
-0.000132311253693
0.00250146873809
-0.000188342925683
0.00253029522306
-0.000243407594196
0.0025652347633
-0.000297653909635
0.00260619629939
-0.000351224546419
0.00265309733644
-0.000404255949263
0.00270586303177
-0.000456878035691
0.00276442509952
-0.000509213808726
0.00282872051986
-0.000561378828222
0.00289869003421
-0.000613480478691
0.00297427640138
-0.000665616962116
0.00305542238368
-0.000717875921656
0.00314206842693
-0.000770332581288
0.0032341499951
-0.000823047252689
0.00333159452048
-0.00087606201569
0.00343431793631
-0.00092939632544
0.00354222077551
-0.000983041224872
0.00365518385264
-0.00103695174365
0.00377306360782
-0.00109103694616
0.00389568729686
-0.00114514693268
0.00402284838629
-0.00119905589488
-0.00125244007697
0.0039990270045
-0.00142360310877
0.00412013505178
-0.00147677736562
0.00424316899626
-0.00152710927886
0.00436769301737
-0.00157349342363
0.00449330051682
-0.00161451020908
0.00461967580973
-0.00164835196771
0.00474669274637
-0.00167273740185
0.00487456883826
-0.00168481714918
0.005004102338
-0.00168108402114
0.0051370186263
-0.00165732983911
0.00527643819343
-0.00160871433754
0.0054275016773
-0.00153000404332
0.00559834895457
-0.0014161567827
0.00580133448488
-0.00126398647978
0.00605013798746
-0.00107669735057
0.00633917805016
-0.000866778607204
0.00672710578803
-0.000647953827301
0.00502378279088
-0.000439851896664
0.00356928634546
-0.000235343440009
0.00293627315905
-7.70375430212e-05
0.00313571321256
3.63320911249e-05
0.00414080069653
0.000187606401469
0.00591560517448
0.000433751749779
0.00625071363624
0.000678293126023
0.00585611790038
0.000938533616526
0.00552573400916
0.00126830534009
0.00524930922667
0.0015586044384
0.00502035861388
0.0017956503037
0.00482856284494
0.00197416538416
0.00466049737168
0.00209273578741
0.00450592663287
0.00215649832167
0.00435856723567
0.00217404021356
0.00421508743125
0.00215461710398
0.00407408332144
0.00210675077324
0.0039353051274
0.00203770781851
0.00379913077012
0.0019534235145
0.00366623126634
0.00185861639237
0.0035373697124
0.00175696710437
0.00341328763386
0.00165130375718
0.00329464615948
0.00154376965373
0.0031820005143
0.00143596575091
0.00307579407381
0.00132906758026
0.00297636332904
0.00122391932458
0.00288394840683
0.00112110859918
0.00279870590189
0.00102102541721
0.00272072212168
0.000923908430248
0.00265002569125
0.000829881042773
0.00258659898896
0.000738979527159
0.00253038819954
0.000651174855884
0.00248131195432
0.00056638961585
0.0024392686294
0.000484511082999
0.00240414242147
0.000405401307996
0.0023758083401
0.000328904877739
0.00235413625603
0.000254854871694
0.00233899413687
0.000183077420101
0.00233025058779
0.000113395180265
0.00232777680025
4.56299778889e-05
0.00233144799646
-2.03951921311e-05
0.00234114444278
-8.48546534021e-05
0.00235675209235
-0.000147918903269
0.00237816290494
-0.00020975373827
0.00240527488147
-0.00027051957073
0.00243799184111
-0.000330370869271
0.00247622295978
-0.000389455665093
0.00251988208148
-0.000447915070957
0.00256888680592
-0.000505882760137
0.00262315734971
-0.000563484352511
0.00268261517142
-0.000620836649933
0.00274718134532
-0.00067804665259
0.00281677466307
-0.000735210279865
0.00289130943842
-0.000792410697005
0.00297069298732
-0.000849716130194
0.00305482275611
-0.000907177021478
0.00314358307486
-0.000964822334441
0.00323684152551
-0.00102265477609
0.0033344449382
-0.00108064463756
0.00343621507169
-0.00113872187714
0.00354194410477
-0.00119676597925
0.00365139017917
-0.00125459300708
0.00376427341221
-0.00131193912792
-0.00136843973511
0.00368400240353
-0.00152488461589
0.00378629675488
-0.00157907171697
0.00388909336098
-0.00162990588496
0.00399186869703
-0.00167626875968
0.00409411799128
-0.00171675950333
0.00419540593339
-0.00174963990981
0.00429544407364
-0.0017727755421
0.00439420526737
-0.00178357834291
0.0044920866702
-0.00177896542397
0.00459012389578
-0.00175536706468
0.00469024129509
-0.00170883173686
0.00479552437837
-0.00163528712659
0.0049104750727
-0.00153110747703
0.00504077172331
-0.00139428313039
0.00519040647322
-0.00122633210048
0.00535671006387
-0.00103308219786
0.0055263780329
-0.000817621796327
0.00567172059409
-0.000585194457856
0.00577568948263
-0.000339312328547
0.00580908831487
-0.000110436375262
0.00574130045565
0.000104119950344
0.00558145896379
0.000347447893333
0.00537934135486
0.000635869358709
0.00513877489312
0.000918859587762
0.0048792805438
0.00119802796584
0.00466208819914
0.00148549768475
0.00447878810157
0.00174190453598
0.00432364700527
0.0019507914
0.00419040535022
0.00210740703921
0.00407148339754
0.00221165774009
0.00396043823735
0.00226754348186
0.00385289666671
0.00228158178419
0.00374638301877
0.00226113075193
0.00363983216061
0.00221330163141
0.00353311023082
0.0021444297483
0.00342663739821
0.00205989634711
0.00332112082079
0.0019641329698
0.00321737872272
0.00186070920243
0.00311623171411
0.00175245076579
0.00301844054465
0.00164156082319
0.00292467448604
0.00152973180952
0.002835499146
0.0014182429203
0.00275137608434
0.00130804238624
0.00267266916809
0.00119981551543
0.00259965438766
0.00109404019763
0.0025325310694
0.000991031748505
0.00247143323143
0.000890978880748
0.00241644036266
0.000793972395927
0.00236758724786
0.00070002797068
0.00232487267667
0.000609104187046
0.00228826700521
0.00052111675446
0.00225771861387
0.000435949699333
0.00223315934421
0.000353464147401
0.00221450901528
0.000273505200624
0.00220167912327
0.000195907312108
0.00219457582407
0.00012049847947
0.00219310228987
4.71035120889e-05
0.00219716052051
-2.4453422771e-05
0.00220665267888
-9.43468117797e-05
0.00222148200889
-0.000162748233273
0.00224155338366
-0.000229825113041
0.00226677352224
-0.000295739709309
0.00229705090353
-0.000360648250561
0.0023322953982
-0.000424700159771
0.00237241763155
-0.0004880373043
0.00241732808303
-0.000550793211615
0.00246693592206
-0.000613092191547
0.00252114757351
-0.000675048301385
0.00257986500113
-0.000736764080207
0.00264298369324
-0.000798328971975
0.00271039033195
-0.000859817335715
0.00278196012667
-0.000921285924912
0.00285755379557
-0.000982770690384
0.00293701418645
-0.00104428272532
0.00302016254431
-0.00110580313395
0.00310679446105
-0.0011672765543
0.00319667558767
-0.00122860300376
0.00328953726096
-0.00128962765254
0.00338507230545
-0.00135012805156
0.00348293143261
-0.00140979825509
-0.00146822919891
0.00334912516394
-0.00160836168446
0.00343233041672
-0.00166227696975
0.00351468122912
-0.00171225669736
0.00359557563271
-0.00175716316327
0.00367441824055
-0.00179560211117
0.0037506600161
-0.00182588168536
0.00382385624362
-0.00184597176961
0.00389374753161
-0.0018534696309
0.00396036660612
-0.00184558449848
0.0040241640128
-0.00181916447137
0.00408613011209
-0.00177079783614
0.00414787549107
-0.00169703250558
0.00421156629382
-0.00159479827978
0.00427938189547
-0.00146209873204
0.00435182373693
-0.00129877394194
0.00442528504106
-0.00110654350199
0.00449433422265
-0.00088667097791
0.00455072795586
-0.000641588191073
0.00458491335185
-0.000373497724532
0.00457785158513
-0.00010337460854
0.00451455465156
0.000167416883914
0.00440528411414
0.000456718430747
0.00427501976918
0.000766133703677
0.00412985660261
0.00106402275433
0.00397943325987
0.00134845130858
0.00384727712936
0.00161765381525
0.00373543175352
0.00185374991182
0.00364061950449
0.00204560364902
0.00355849857739
0.00218952796632
0.0034841774897
0.00228597882778
0.00341334667454
0.00233837429702
0.00334291725941
0.00235201119932
0.00327107233574
0.0023329756756
0.00319703612121
0.00228733784594
0.00312077716296
0.00222068870655
0.00304274169881
0.00213793181126
0.00296364600414
0.00204322866446
0.00288432791262
0.00194002729396
0.0028056476177
0.0018311310607
0.00272842582411
0.00171878261678
0.002653408551
0.00160474908264
0.0025812501059
0.0014904013654
0.00251250793557
0.00137678455657
0.00244764487071
0.00126467858028
0.00238703566887
0.00115464939947
0.002330975776
0.00104709164138
0.00227969095129
0.000942263705451
0.0022333469044
0.000840316442817
0.00219205843794
0.000741316437147
0.00215589781826
0.000645264806727
0.00212490224714
0.000552112325581
0.00209908040119
0.000461771545283
0.00207841806273
0.000374126485853
0.00206288289765
0.000289040365704
0.00205242845096
0.000206361758797
0.00204699743595
0.000125929494486
0.00204652439112
4.75765569193e-05
0.00205093777405
-2.88668057037e-05
0.00206016155387
-0.000103570591595
0.00207411635588
-0.000176703035288
0.0020927202035
-0.000248428960661
0.00211588889406
-0.000318908399872
0.00214353603734
-0.000388295393837
0.00217557277786
-0.000456736900296
0.00221190721532
-0.000524371741753
0.00225244353059
-0.000591329526893
0.00229708081949
-0.000657729480443
0.00234571163074
-0.000723679112632
0.00239822020086
-0.000789272650333
0.00245448037547
-0.000854589146585
0.00251435320512
-0.000919690165366
0.00257768420534
-0.000984616925124
0.00264430027525
-0.0010493867603
0.00271400627961
-0.00111398872968
0.00278658131708
-0.00117837817141
0.0028617747271
-0.00124246996431
0.00293930193268
-0.00130613020934
0.0030188402839
-0.00136916600376
0.00310002516434
-0.00143131293201
0.00318244676149
-0.00149221985224
-0.00155143053278
0.00299880079796
-0.00167410283411
0.00306309616804
-0.00172657233982
0.00312531270166
-0.00177447323098
0.00318479488588
-0.00181664534749
0.00324088640831
-0.0018516936336
0.00329296204494
-0.001877957322
0.0033404721911
-0.00189348191578
0.00338300200475
-0.00189599944454
0.00342034453999
-0.00188292703371
0.00345258013982
-0.0018514000712
0.00348014381193
-0.00179836150825
0.00350384750572
-0.00172073619937
0.00352477785807
-0.00161572863213
0.00354390797483
-0.0014812288488
0.00356130211178
-0.00131616807889
0.00357538428297
-0.00112062567317
0.00358408664678
-0.00089537334172
0.0035841842755
-0.0006416858198
0.00357417553212
-0.000363488981144
0.0035443962755
-7.35953519198e-05
0.00348805507445
0.000223758084957
0.00341252937057
0.000532244134633
0.00333167246235
0.000846990611895
0.00324675919578
0.0011489360209
0.00316398003893
0.00143123046543
0.00309265597891
0.00168897787527
0.00303447206472
0.00191193382601
0.00298712738013
0.00209294833362
0.00294720507664
0.0022294502698
0.00291106219926
0.00232212170516
0.00287550002655
0.00237393646973
0.00283816699373
0.00238934423214
0.00279763977571
0.00237350289361
0.00275330356012
0.00233167406154
0.0027051585471
0.00226883371957
0.00265362624015
0.00218946411821
0.00259938603151
0.0020974688731
0.0025432498496
0.00199616347587
0.00248607248478
0.00188830842552
0.00242869141465
0.00177616368691
0.00237188927216
0.00166155122513
0.00231637280869
0.00154591782887
0.00226276336799
0.00143039399727
0.00221159505918
0.00131584688909
0.0021633178264
0.00120292663225
0.00211830341719
0.00109210605059
0.00207685286476
0.000983714257881
0.00203920455269
0.000877964754887
0.00200554225751
0.000774978732327
0.00197600279554
0.000674804268695
0.00195068305989
0.000577432061233
0.00192964634086
0.000482808264312
0.00191292789342
0.000390844933289
0.00190053975951
0.000301428499616
0.00189247487896
0.000214426639349
0.00188871053673
0.000129693836713
0.00188921119973
4.70758939225e-05
0.0018939307968
-3.35864027793e-05
0.00190281449273
-0.000112454287519
0.00191580000194
-0.000189688544503
0.00193281848203
-0.000265447440748
0.00195379504045
-0.00033988495829
0.00197864888158
-0.000413149234974
0.0020072931149
-0.000485381133607
0.00203963423893
-0.000556712865783
0.00207557131048
-0.000627266598443
0.0021149948033
-0.000697152973269
0.00215778515667
-0.000766469465995
0.00220381101088
-0.000835298504544
0.00225292712549
-0.000903705261197
0.00230497197594
-0.000971735015817
0.00235976502762
-0.0010394099768
0.0024171036932
-0.00110672542588
0.00247675999137
-0.00117364502785
0.00253847694464
-0.00124009512468
0.00260196478422
-0.00130595780389
0.00266689707321
-0.00137106249833
0.00273290692166
-0.00143517585221
0.00279958355306
-0.00149798956341
0.0028664695983
-0.00155910589749
-0.0016180205828
0.00263729105941
-0.00172253060399
0.00268325080652
-0.00177253208694
0.00272608731105
-0.0018173097355
0.00276512511833
-0.00185568315478
0.00279968808261
-0.00188625659789
0.00282912703735
-0.00190739627673
0.00285285707962
-0.00191721195805
0.00287040532632
-0.00191354769125
0.00288146788337
-0.00189398959077
0.00288597016573
-0.00185590235355
0.00288411811183
-0.00179650945435
0.00287641740829
-0.00171303549583
0.00286361496261
-0.00160292618645
0.00284650542022
-0.00146411930641
0.00282562488096
-0.00129528753963
0.00280103704599
-0.00109603783821
0.00277264326637
-0.000866979562102
0.00274072517189
-0.00060976772532
0.00270600724016
-0.000328771049412
0.00266499570573
-3.2583817493e-05
0.00261567983139
0.000273073959296
0.00256276070526
0.000585163260763
0.00251329964358
0.000896451673581
0.00246816849969
0.00119406716479
0.00242960807002
0.00146979089509
0.00240097035337
0.00171761559192
0.00238229867149
0.00193060550789
0.0023713344082
0.00210391259691
0.0023650419708
0.0022357427072
0.00236034925044
0.00232681442552
0.00235459946051
0.00237968625967
0.00234581009014
0.00239813360251
0.00233273775728
0.00238657522646
0.00231480617871
0.00234960564012
0.0022919711105
0.00229166878778
0.00226457383387
0.00221686139483
0.00223320930571
0.00212883340127
0.00219861885232
0.00203075392926
0.00216160874622
0.00192531853162
0.00212299199267
0.00181478044047
0.00208354916433
0.00170099405347
0.00204400397617
0.00158546301703
0.00200500976684
0.0014693882066
0.00196714373665
0.00135371291929
0.00193090648057
0.00123916388834
0.00189672496008
0.00112628757108
0.0018649575546
0.00101548166336
0.00183590022396
0.000907022085522
0.00180979311127
0.000801085845015
0.00178682713676
0.000697770243209
0.00176715029452
0.000597108903472
0.00175087347858
0.000499085080253
0.00173807574435
0.000403642667512
0.00172880896565
0.000310695278321
0.00172310188233
0.000220133722663
0.00172096355581
0.000131832163236
0.0017223862617
4.56531880345e-05
0.0017273478552
-3.85479962806e-05
0.0017358136462
-0.000120920078522
0.00174773781994
-0.000201612718243
0.00176306443603
-0.000280774056833
0.0017817280346
-0.000358548556858
0.00180365387376
-0.000435075074135
0.00182875781776
-0.000510485077612
0.00185694589077
-0.00058490093879
0.00188811350677
-0.00065843421444
0.00192214438261
-0.000731183849108
0.00195890913827
-0.000803234221661
0.00199826358673
-0.000874652952999
0.00204004671571
-0.000945488390176
0.00208407836566
-0.00101576666577
0.00213015661305
-0.00108548822419
0.00217805487696
-0.00115462368979
0.00222751878104
-0.00122310893194
0.00227826282401
-0.00129083916765
0.00232996694204
-0.00135766192192
0.0023822730889
-0.00142336864519
0.00243478201704
-0.00148768478034
0.00248705051922
-0.00155025806559
0.00253858948962
-0.00161064486788
-0.0016682943827
0.00226862018223
-0.00175436405755
0.00229714149514
-0.00180105339984
0.00232170363487
-0.00184187187524
0.00234164697036
-0.00187562649026
0.00235631854766
-0.00190092817519
0.00236509840469
-0.00191617613376
0.00236743401274
-0.00191954756609
0.00236288336877
-0.00190899704729
0.00235116573177
-0.00188227195376
0.00233221606372
-0.00183695268551
0.00230623501019
-0.00177052840082
0.00227371967133
-0.00168052015697
0.0022354514759
-0.00156465799102
0.00219242651813
-0.00142109434864
0.00214576160705
-0.00124862262854
0.002096640241
-0.00104691647216
0.00204641281627
-0.000816752137368
0.00199686827102
-0.000560223180068
0.00194968095022
-0.000281583728614
0.00190464652165
1.24506110797e-05
0.00186208007601
0.000315640404931
0.00182495351885
0.000622289817921
0.0017967717086
0.000924633483831
0.00177809196231
0.00121274691108
0.00176914428249
0.00147873857491
0.00177026213934
0.00171649773508
0.00178022801032
0.0019206396369
0.00179658198399
0.00208755862325
0.00181642198371
0.00221590270748
0.00183693072758
0.00230630568165
0.00185569684235
0.0023609201449
0.0018708903501
0.00238294009475
0.00188130872756
0.002376156849
0.00188632756615
0.00234458680153
0.00188580077986
0.00229219557407
0.00187994590674
0.00222271626795
0.00186923535374
0.00213954395426
0.00185430334378
0.00204568593922
0.00183587163814
0.00194375023725
0.00181469346751
0.00183595861109
0.00179151336897
0.00172417415202
0.00176704003278
0.00160993635322
0.0017419292963
0.00149449894307
0.00171677474988
0.0013788674657
0.00169210384945
0.00126383478877
0.0016683778604
0.00115001356013
0.00164599434239
0.00103786518136
0.00162529120826
0.000927725219657
0.00160655165073
0.000819825402547
0.00159000943505
0.000714312458883
0.00157585421104
0.000611264127488
0.00156423661417
0.000510702677118
0.00155527301052
0.000412606271169
0.00154904980054
0.000316918488303
0.00154562723939
0.000223556283804
0.00154504275971
0.000132416642923
0.00154731380121
4.33821465327e-05
0.00155244016303
-4.36743581061e-05
0.00156040590029
-0.000128885815781
0.00157118078912
-0.00021238760707
0.0015847213844
-0.000294314652113
0.0016009716929
-0.000374798865359
0.00161986348206
-0.000453966863294
0.00164131624181
-0.000531937837362
0.00166523681387
-0.000608821510854
0.00169151870019
-0.000684716100757
0.00172004105994
-0.000759706208859
0.00175066740334
-0.000833860565063
0.00178324399014
-0.00090722953979
0.00181759794233
-0.000979842342367
0.00185353508444
-0.00105170380789
0.00189083753131
-0.00112279067106
0.00192926105417
-0.00119304721264
0.00196853227154
-0.00126238014931
0.00200834573403
-0.00133065263014
0.00204836100274
-0.00139767719062
0.00208819986249
-0.00146320750495
0.00212744386517
-0.00152692878302
0.00216563246751
-0.00158844666793
0.00220226211487
-0.00164727451524
-0.0017028189965
0.00189650662559
-0.00177055614496
0.00190873284145
-0.0018132796157
0.00191638300677
-0.00184952204056
0.00191884621417
-0.00187808969766
0.00191553093881
-0.00189761289983
0.00190589158897
-0.00190653678392
0.00188946235783
-0.00190311833495
0.00186589875774
-0.0018854334472
0.00183502609649
-0.00185139929251
0.0017968921831
-0.00179881877212
0.00175181871167
-0.00172545492939
0.00170044174557
-0.00162914319087
0.00164372857492
-0.00150794482038
0.00158296710485
-0.00136033287857
0.0015197443633
-0.001185399887
0.00145592369141
-0.000983095800266
0.0013936372467
-0.000754465692661
0.00133528261715
-0.000501868550511
0.00128307732313
-0.000229378434597
0.00123830489986
5.72230343489e-05
0.00120221420015
0.000351731104644
0.00117679538035
0.000647708637718
0.00116377192862
0.000937656935561
0.00116319883817
0.00121332000154
0.00117436833371
0.00146756907937
0.00119618162504
0.00169468444375
0.00122668206738
0.00189013919456
0.00126323795463
0.002051002736
0.00130300346585
0.00217613719625
0.00134328607265
0.00226602307485
0.00138178260855
0.002322423609
0.00141670650185
0.00234801620145
0.00144682212833
0.00234604122252
0.0014714094986
0.00231999943126
0.00149018842162
0.00227341665105
0.00150322704427
0.00220967764531
0.00151085111991
0.00213191987862
0.00151356289501
0.00204297416412
0.00151197342546
0.00194533970681
0.00150674903247
0.00184118300408
0.00149857088817
0.00173235229633
0.00148810591724
0.00162040132415
0.00147598696236
0.00150661789795
0.00146280023646
0.00139205419161
0.0014490783121
0.00127755671313
0.00143529717929
0.00116379469294
0.00142187618467
0.00105128617598
0.00140917992101
0.000940421483317
0.00139752135532
0.000831483968236
0.00138716566442
0.000724668149786
0.00137833439124
0.000620095400669
0.00137120964774
0.000517827420613
0.00136593817615
0.000417877742763
0.0013626351444
0.000320221520054
0.00136138759877
0.000224803829433
0.00136225753013
0.000131546711569
0.00136528453369
4.03551429667e-05
0.00137048805799
-4.88778824004e-05
0.00137786924858
-0.000136267006381
0.0013874123984
-0.000221930756888
0.00139908601921
-0.000305988272922
0.00141284355027
-0.000388556396413
0.00142862371967
-0.000469747032695
0.00144635057324
-0.000549664690939
0.00146593318456
-0.000628404122166
0.00148726505853
-0.000706047974728
0.00151022324068
-0.000782664391016
0.00153466714423
-0.000858304468607
0.00156043710864
-0.000932999504198
0.00158735270682
-0.00100675794055
0.00161521082334
-0.00107956192441
0.00164378353488
-0.00115136338259
0.00167281583651
-0.00122207951428
0.00170202327507
-0.00129158758787
0.00173108957415
-0.00135971892922
0.00175966436715
-0.00142625198363
0.00178736119499
-0.00149090433279
0.00181375597661
-0.00155332356464
0.00183838622458
-0.0016130769159
0.00186075135563
-0.00166963964629
-0.00172238217906
0.00152431951363
-0.0017722309552
0.0015215650992
-0.00181052520126
0.00151383253891
-0.00184178948027
0.00150058654745
-0.0018648437062
0.00148132676025
-0.00187835311262
0.00145561496924
-0.00188082499292
0.00142310895147
-0.00187061231717
0.0013836030883
-0.00184592758403
0.00133707507303
-0.00180487127724
0.00128373653187
-0.00174548023095
0.00122408331605
-0.00166580171357
0.00115893860947
-0.0015639984843
0.00108948056191
-0.00143848677281
0.00101725059304
-0.0012881029097
0.000944144251213
-0.00111229354517
0.000872376192762
-0.000911327741816
0.000804413061996
-0.000686502561895
0.000742861492447
-0.000440316980962
0.000690142024114
-0.000176658966264
0.000648088101041
9.9276957422e-05
0.000618211910333
0.000381607295352
0.00060192317888
0.000663997369171
0.000600037671711
0.00093954244273
0.000612208891283
0.00120114878197
0.000637275354397
0.00144250261625
0.000673522035749
0.0016584377624
0.000718652985978
0.00184500824433
0.000769974584986
0.00199968113699
0.000824704389109
0.00212140739213
0.000880238377804
0.00221048908616
0.00093433220831
0.0022683297785
0.000985200832292
0.00229714757747
0.0010315480094
0.00229969404542
0.00107254233923
0.00227900510142
0.00110775980437
0.00223819918591
0.00113711077433
0.00218032667535
0.00116076435151
0.00210826630144
0.00117907791732
0.00202466059831
0.00119253593092
0.00193188169322
0.00120169946737
0.00183201946763
0.00120716639411
0.00172688536958
0.00120954120536
0.0016180265129
0.0012094131356
0.00150674596771
0.00120734107497
0.00139412625224
0.00120384388153
0.00128105390656
0.00119939484344
0.00116824373103
0.0011944192334
0.00105626178602
0.00118929408944
0.000945546627283
0.00118434953151
0.000836428526164
0.00117987107727
0.000729146604021
0.00117610254857
0.000623863929366
0.00117324926504
0.000520680704143
0.00117148130421
0.000419645703593
0.00117093667223
0.000320766152039
0.00117172427849
0.000224016223169
0.00117392664442
0.000129344345638
0.00117760230351
3.66794838766e-05
0.00118278786921
-5.4063448095e-05
0.00118949976062
-0.000142978897794
0.00119773558519
-0.000230166581459
0.0012074751833
-0.000315727871025
0.0012186813434
-0.000399762556516
0.00123130019844
-0.000482365887736
0.00124526131522
-0.000563625807718
0.0012604774893
-0.000643620296243
0.00127684425855
-0.000722414743978
0.00129423914966
-0.00080005928213
0.00131252067382
-0.000876585992764
0.00133152709086
-0.000952005921238
0.00135107496636
-0.00102630581605
0.00137095755318
-0.00109944451124
0.00139094303938
-0.00117134886879
0.00141077271853
-0.00124190919343
0.00143015915726
-0.00131097402661
0.00144878445953
-0.00137834423148
0.00146629875855
-0.00144376628265
0.00148231910725
-0.00150692468149
0.00149642898677
-0.00156743344416
0.00150817871179
-0.00162482664092
0.00151708708125
-0.00167854801576
-0.0017279398012
0.00115505704615
-0.00176062470611
0.00113873891796
-0.00179420707308
0.00111723999949
-0.00182029056181
0.00109012010259
-0.0018377238093
0.00105698997837
-0.0018452229884
0.00101753890957
-0.00184137392412
0.000971568062598
-0.00182464147021
0.000919029537165
-0.0017933890586
0.000860070256494
-0.00174591199657
0.00079507862525
-0.00168048859971
0.000724730242389
-0.00159545333071
0.000650027054076
-0.00148929529599
0.000572323215862
-0.0013607829346
0.000493332202691
-0.00120911189653
0.000415109948502
-0.00103407129098
0.000340002671961
-0.000836220465275
0.000270551891079
-0.000617051781013
0.000209349820828
-0.000379114910711
0.000158788554409
-0.000126097699845
0.000120797492407
0.000137268019424
9.6853666444e-05
0.000405551121315
8.79882697683e-05
0.000672862765847
9.45354189205e-05
0.000932995293577
0.000115901851187
0.0011797823497
0.000150728786389
0.00140767568105
0.000197087516362
0.00161207903243
0.00025259448873
0.00178950127196
0.000314598282696
0.00193767734302
0.000380414430246
0.00205559124458
0.000447531842808
0.0021433716736
0.000513758922898
0.00220210269841
0.000577307376628
0.00223359912374
0.000636821245023
0.00224018017702
0.000691363157281
0.00222446318916
0.000740372071642
0.00218919027155
0.000783605802033
0.00213709294496
0.000821078576956
0.00207079352651
0.000853000487664
0.0019927386876
0.00087972285132
0.00190515932956
0.000901691432229
0.00181005088672
0.000919408054366
0.00170916874744
0.000933400262829
0.00160403430444
0.000944198209547
0.00149594802099
0.000952317725462
0.00138600673633
0.000958248499546
0.00127512313248
0.000962446343687
0.00116404588689
0.000965328633087
0.00105337949662
0.000967272143336
0.000943603117034
0.000968612638503
0.000835088030997
0.000969645688738
0.000728113553786
0.000970628305508
0.000622881312596
0.000971781075933
0.000519527933718
0.000973290554802
0.000418136224724
0.000975311735132
0.000318744971709
0.000977970467353
0.000221357490948
0.000981365735472
0.000125949077518
0.000985571727722
3.24734916273e-05
0.000990639661085
-5.91313814581e-05
0.000996599335253
-0.000148938571962
0.00100346040322
-0.000237027649425
0.00101121335407
-0.000323480821878
0.00101983020943
-0.000408379411879
0.00102926493914
-0.00049180061744
0.0010394536048
-0.000573814473375
0.00105031424245
-0.0006544809339
0.0010617464979
-0.000733846999422
0.00107363103095
-0.000811943815185
0.00108582870865
-0.000888783670462
0.00109817961192
-0.000964356824505
0.00111050188696
-0.00103862809109
0.00112259048125
-0.00111153310553
0.00113421581591
-0.00118297420345
0.00114512246132
-0.00125281583883
0.00115502790285
-0.00132087946814
0.00116362150854
-0.00138693783717
0.0011705638415
-0.0014507086156
0.00117548649825
-0.00151184733825
0.00117799269981
-0.00156993964572
0.00117765891586
-0.00162449285696
0.00117403786412
-0.00167492696402
-0.00172056523232
0.000791343112127
-0.00173703305546
0.000762921062861
-0.00176578502381
0.000729292405443
-0.00178666190439
0.000690123970875
-0.00179855537473
0.000645148192873
-0.00180024721039
0.000594190327268
-0.00179041605851
0.000537200430391
-0.00176765157333
0.000474289738973
-0.00173047836718
0.000405770358351
-0.00167739261595
0.000332196110847
-0.00160691435221
0.000254401039527
-0.00151765825939
0.000173530571784
-0.00140842482824
9.10593076413e-05
-0.00127831167045
8.78930146453e-06
-0.00112684189035
-7.11781438814e-05
-0.000954103845637
-0.000146506447252
-0.000760892161904
-0.000214728320892
-0.000548829907373
-0.000273392343456
-0.000320450888147
-0.000320264294445
-7.92257488557e-05
-0.000353525466075
0.000170529191054
-0.000371853672422
0.000423879327662
-0.000374486855294
0.000675495948718
-0.00036136009538
0.000919868533664
-0.000333195337931
0.00115161759225
-0.000291403167043
0.00136588351016
-0.000237927414717
0.0015586032801
-0.00017509677858
0.00172667063583
-0.00010544762385
0.00186802818829
-3.15325315916e-05
0.00198167615232
4.4247230578e-05
0.00206759191143
0.000119764404716
0.00212658552427
0.000193240045112
0.00216012348334
0.000263274058126
0.00217014616401
0.000328840575098
0.00215889667219
0.000389258552162
0.00212877229448
0.000444147636919
0.0020822038602
0.000493377512402
0.00202156365103
0.00053701664675
0.00194909955325
0.00057528428847
0.00186689168784
0.000608507883691
0.0017768272915
0.000637086875519
0.00168058975562
0.000661463020627
0.00157965815933
0.000682096845025
0.00147531419659
0.000699449578848
0.0013686540025
0.00071396978782
0.00126060292351
0.000726083901385
0.00115193177333
0.0007361898825
0.00104327351551
0.000744653362877
0.000935139636657
0.000751805660433
0.000827935733441
0.00075794319046
0.00072197602376
0.000763327871158
0.000617496631897
0.00076818820394
0.000514667600937
0.000772720777568
0.000413603651096
0.000777092002816
0.000314373746462
0.000781439931462
0.000217009562302
0.000785876051378
0.000121512957602
0.000790486979376
2.78625636291e-05
0.000795335996849
-6.39803989303e-05
0.000800464391141
-0.000154066966254
0.000805892579248
-0.000242455837532
0.00081162100073
-0.000329209243359
0.00081763077456
-0.000414389185709
0.000823884120629
-0.000498053963509
0.000830324551456
-0.000580254904202
0.000836876843849
-0.000661033226293
0.000843446804248
-0.000740416959822
0.00084992084579
-0.000818417856727
0.000856165400128
-0.0008950282248
0.000862026193253
-0.000970217617631
0.000867327422386
-0.00104392932022
0.000871870881025
-0.00111607656417
0.000875435091987
-0.00118653841441
0.000877774524381
-0.00125515527123
0.000878618990489
-0.00132172393425
0.00087767334325
-0.00138599218993
0.000874617624936
-0.00144765289729
0.000869107853201
-0.00150633756651
0.000860777672111
-0.00156160946463
0.000849241142926
-0.00161295632778
0.000834097001335
-0.00165978282242
-0.00170140299376
0.000435437996714
-0.00170276617201
0.000396365485985
-0.00172671251308
0.000352210767906
-0.00174250718631
0.000302752771248
-0.00174909737808
0.000247848125836
-0.00174534256498
0.000187457174584
-0.00173002510726
0.000121673635518
-0.00170186803426
5.07572809616e-05
-0.00165956201262
-2.48316789107e-05
-0.00160180365608
-0.000104398735594
-0.00152734729552
-0.000186985087031
-0.00143507190795
-0.000271346017458
-0.00132406389782
-0.000355943041629
-0.00119371464628
-0.000438955594107
-0.00104382933787
-0.000518318534958
-0.000874740904785
-0.000591791771297
-0.000687418925566
-0.000657064156626
-0.000483557522045
-0.000711889636551
-0.000265625408222
-0.000754252798683
-3.68625867236e-05
-0.000782528766625
0.000198805158996
-0.000795586615437
0.000436937176474
-0.00079286718777
0.000672776521052
-0.000774463347732
0.000901464693625
-0.000741149854842
0.00111830409936
-0.000694309471485
0.0013190431268
-0.000635805737492
0.00150009954611
-0.000567839546718
0.00165870444505
-0.000492790311909
0.00179297895349
-0.00041305540786
0.00190194124827
-0.000330910002153
0.00198544650572
-0.00024840124008
0.00204407676219
-0.000167280446059
0.00207900268932
-8.89706960807e-05
0.00209183641403
-1.45637241248e-05
0.00208448970024
5.51614515774e-05
0.00205904711878
0.000119705829612
0.00201765948217
0.00017881024537
0.00196245923527
0.000232412784636
0.00189549701399
0.000280607344462
0.00181869712801
0.000323605588897
0.00173382904706
0.000361703523716
0.0016424918208
0.000395253167753
0.00154610851529
0.000424639291286
0.00144592807306
0.00045026087589
0.0013430324179
0.000472516776104
0.00123834702329
0.000491794989916
0.00113265355952
0.000508464938098
0.00102660356732
0.000522872186652
0.000920732388103
0.000535335103517
0.000815472816576
0.000546143007516
0.000711168119761
0.000555555435913
0.0006080842035
0.000563802221943
0.000506420814907
0.000571084132334
0.000406321740705
0.000577573866001
0.000307884012795
0.000583417258516
0.000211166169786
0.000588734573055
0.000116195643063
0.000593621787934
2.29753487502e-05
0.000598151814612
-6.85104256089e-05
0.00060237559887
-0.000158290750512
0.000606323072793
-0.000246403311454
0.000610003936953
-0.00033289010752
0.000613408261522
-0.000417793510278
0.000616506902558
-0.000501152604545
0.000619251736078
-0.000582999737722
0.000621575718148
-0.000663357208363
0.000623392784623
-0.000742234026297
0.000624597609796
-0.0008196226819
0.000625065249495
-0.000895495864499
0.000624650701479
-0.000969803069615
0.000623188424896
-0.00104246704364
0.000620491871374
-0.00111338001065
0.000616353093676
-0.00118239963671
0.00061054251406
-0.00124934469161
0.00060280895424
-0.00131399037443
0.000592880052368
-0.00137606328806
0.00058046322014
-0.00143523606506
0.000565247325166
-0.00149112167154
0.000546905319728
-0.00154326745919
0.000525098076318
-0.00159114908437
0.000499479731535
-0.00163416447764
-0.00167162814239
8.92592309984e-05
-0.00165911207959
4.09446677564e-05
-0.00167839794984
-1.22054171234e-05
-0.00168935710143
-7.03005979614e-05
-0.00169100219724
-0.000133363841375
-0.00168227932157
-0.00020130744873
-0.0016620814999
-0.000273906473131
-0.00162926900986
-0.000350770458819
-0.00158269802693
-0.000431314960587
-0.00152125915431
-0.000514735071029
-0.00144392718508
-0.000599984066488
-0.00134982291249
-0.000685761151865
-0.00123828681244
-0.000770512916634
-0.00110896288151
-0.000852453358625
-0.000961888895881
-0.000929607255178
-0.000797587008232
-0.000999880617104
-0.000617145563639
-0.00106115842075
-0.000422279718397
-0.00111142585598
-0.000215357972994
-0.00114890570598
6.17263272917e-07
-0.00117218966058
0.000222089113604
-0.00118033726988
0.000445084785768
-0.0011729477761
0.000665387027269
-0.00115021005678
0.000878726974312
-0.00111290677122
0.0010810008138
-0.00106235277008
0.00126848912566
-0.00100028962036
0.00143803639639
-0.000928758904807
0.0015871737295
-0.000849964602887
0.00171418465157
-0.000766137378332
0.00181811402372
-0.000679415512316
0.0018987246397
-0.000591752396454
0.00195641364633
-0.000504854015164
0.00199210430803
-0.000420145134612
0.00200712753348
-0.000338760084315
0.00200310464994
-0.000261552587685
0.00198183962215
-0.000189118817164
0.00194522571165
-0.000121828400218
0.00189516881833
-5.98590827359e-05
0.0018335276965
-3.23184319792e-06
0.00176206988848
4.81557433279e-05
0.00168244146054
9.44992515113e-05
0.00159614831261
0.000136060968996
0.00150454679781
0.000173147507017
0.00140884153504
0.000206091365236
0.00131008855968
0.000235236154938
0.00120920223359
0.000260925073842
0.00110696464061
0.000283492180004
0.00100403646116
0.000303256010571
0.000900968557537
0.00032051511717
0.000798213709977
0.000335545131308
0.000696138105623
0.000348597021729
0.000595032313078
0.000359896255784
0.000495121580852
0.000369642624683
0.000396575371806
0.000378010536138
0.000299516101339
0.0003851496164
0.000204027089525
0.000391185496746
0.000110159762717
0.000396220687375
1.79401581208e-05
0.000400335464797
-7.26252030304e-05
0.000403588717822
-0.000161544003537
0.000406018712778
-0.00024883330641
0.000407643751217
-0.000334515145959
0.000408462703803
-0.000418612462863
0.000408455412734
-0.000501145313476
0.000407582962621
-0.000582127287608
0.000405787826501
-0.000661562072243
0.000402993900259
-0.000739440100055
0.000399106445389
-0.000815735227031
0.000394011967284
-0.000890401386394
0.000387578064439
-0.00096336916677
0.000379653293471
-0.00103454227267
0.000370067106141
-0.00110379382332
0.000358629927934
-0.00117096245851
0.000345133463599
-0.00123584822728
0.000329351333709
-0.00129820824454
0.000311040167918
-0.00135775212227
0.000289941305195
-0.00141413720234
0.000265783278829
-0.00146696364517
0.000238285293522
-0.00151576947388
0.000207161932417
-0.00156002572326
0.00017212936143
-0.00159913190665
-0.00163241210438
-0.000245590912359
-0.00160730810197
-0.000301813038489
-0.00162217582371
-0.000362529009282
-0.00162864113064
-0.000427741853912
-0.00162578935261
-0.000497362436608
-0.00161265873887
-0.000571187914084
-0.00158825602243
-0.000648878721951
-0.00155157820199
-0.000729935074321
-0.00150164167456
-0.00081367448535
-0.00143751974328
-0.000899212442729
-0.0013583892277
-0.000985449027038
-0.00126358632818
-0.00107106486798
-0.00115267097149
-0.00115453019564
-0.00102549755386
-0.00123413073988
-0.000882288351641
-0.00130801374607
-0.000723704002043
-0.00137425595955
-0.000550903350156
-0.0014309525269
-0.000365583151043
-0.00147632243205
-0.000169988067847
-0.00150882257508
3.31174063028e-05
-0.0015272555612
0.000240522099725
-0.00153085529853
0.000448684523097
-0.00151934704795
0.000653878776694
-0.00149297975769
0.000852359684048
-0.00145251928992
0.00104054034603
-0.00139919552124
0.00121516535698
-0.00133461454252
0.00137345541768
-0.00126065069584
0.00151320988282
-0.00117932961333
0.00163286356906
-0.00109271345583
0.00173149786622
-0.00100279915538
0.00180881033925
-0.000911437146504
0.00186505163746
-0.000820273741448
0.00190094090297
-0.000730716791153
0.00191757058318
-0.000643921947536
0.00191630980632
-0.00056079554905
0.00189871322367
-0.000482009723228
0.00186643988583
-0.000408025518819
0.00182118461392
-0.000339120482036
0.00176462265972
-0.000275417847282
0.00169836725372
-0.000216915269882
0.00162393888314
-0.000163511702722
0.00154274474545
-0.000115031574359
0.00145606666944
-7.12458558218e-05
0.0013650558165
-3.18899155419e-05
0.0012707326194
3.32172500878e-06
0.00117399059304
3.46834893896e-05
0.00107560287623
6.24893796972e-05
0.000976230570854
8.70257981661e-05
0.000876432139068
0.000108566210427
0.000776673297716
0.000127367323776
0.000677336992274
0.00014366648445
0.000578733152404
0.000157680033777
0.000481108031525
0.000169602400006
0.000384653005578
0.000179605738196
0.000289512763149
0.000187839963393
0.000195792864328
0.000194433051505
0.000103566674606
0.000199491507779
1.2881701846e-05
0.000203100924578
-7.62346198291e-05
0.000205326568598
-0.000163769647557
0.000206213953188
-0.000249720691
0.000205789364433
-0.000334090557204
0.00020406032069
-0.000416883419121
0.00020101595473
-0.000498100947516
0.000196627315988
-0.000577738648866
0.000190847598116
-0.000655782354372
0.000183612304406
-0.000732204806344
0.000174839371101
-0.000806962293726
0.000164429276559
-0.000879991291852
0.000152265172895
-0.000951205063107
0.000138213086558
-0.00102049018633
0.000122122245547
-0.00108770298231
0.000103825603941
-0.0011526658169
8.31406492587e-05
-0.00121516327259
5.98705951965e-05
-0.00127493819048
3.38060812706e-05
-0.00133168760834
4.72752177432e-06
-0.00138505864284
-2.75917312822e-05
-0.00143464439212
-6.33812240524e-05
-0.00147997998111
-0.000102868027021
-0.0015205389203
-0.000146269925103
-0.00155573000857
-0.00158489509474
-0.000567794189902
-0.00154851977817
-0.000630683432681
-0.00155928658093
-0.000697655177596
-0.00156166938572
-0.00076861391287
-0.00155483061733
-0.000843369578106
-0.00153790307364
-0.000921618880138
-0.00151000672039
-0.00100292606131
-0.00147027102082
-0.00108670416249
-0.00141786357338
-0.00117219825394
-0.00135202565184
-0.00125847258417
-0.00127211489747
-0.00134440406448
-0.00117765484787
-0.00142868487216
-0.00106839016381
-0.00150983709349
-0.000944345332537
-0.00158624211307
-0.000805883332058
-0.00165618676121
-0.000653759353907
-0.00171792679993
-0.000489163311439
-0.00176976600789
-0.000313743943079
-0.00181014649553
-0.00012960758021
-0.00183774315555
6.07140663278e-05
-0.00185155163281
0.000254330576982
-0.00185095902152
0.000448091911806
-0.00183579181979
0.000638711574966
-0.00180633723321
0.000822905097467
-0.00176333205145
0.000997535164271
-0.00170791708064
0.00115975038618
-0.00164156398541
0.00130710232245
-0.00156598469355
0.00143763059095
-0.00148303299315
0.00154991186866
-0.00139460761283
0.00164307248589
-0.00130256510548
0.0017167678319
-0.00120864843853
0.00177113497051
-0.00111443417204
0.00180672663647
-0.00102129847257
0.00182443488372
-0.000930400319717
0.00182541165347
-0.000842679111018
0.00181099201497
-0.000758863369392
0.0017826241442
-0.000679487262691
0.00174180850722
-0.000604911981692
0.00169004737872
-0.000535349529113
0.00162880480114
-0.000470887027412
0.00155947638144
-0.000411510180893
0.00148336789893
-0.000357124987599
0.00140168147615
-0.000307577171539
0.00131550800044
-0.000262669094095
0.00122582454196
-0.000222174113389
0.00113349561233
-0.000185848503139
0.00103927726598
-0.000153441131807
0.000943823199521
-0.000124701151248
0.000847692158509
-9.93839626133e-05
0.000751356109081
-7.72557252607e-05
0.000655208754921
-5.80966593952e-05
0.000559574086539
-4.17033701622e-05
0.000464714742292
-2.78903943555e-05
0.000370840029771
-1.64911433462e-05
0.00027811351214
-7.35838902025e-06
0.000186660110002
-3.64414635985e-07
9.65727002214e-05
4.59906994037e-06
7.91821726963e-06
7.62116905078e-06
-7.92567189395e-05
8.77213583733e-06
-0.000164920614344
8.10375328603e-06
-0.000249052308449
5.64972731887e-06
-0.000331636531237
1.42606871413e-06
-0.000412659760516
-4.56854951846e-06
-0.000492106329283
-1.23524638303e-05
-0.000569954734554
-2.19607172191e-05
-0.000646174100983
-3.3444770112e-05
-0.000720720753451
-4.68722055342e-05
-0.000793534858303
-6.23264008173e-05
-0.000864537096569
-7.99061291991e-05
-0.000933625334725
-9.97250449977e-05
-0.00100067127054
-0.000121910995152
-0.00106551703215
-0.00014660508787
-0.00112797172418
-0.00017396043567
-0.00118780792479
-0.000204140475256
-0.00124475815089
-0.000237316750751
-0.00129851133285
-0.000273666030124
-0.00134870936347
-0.000313366607951
-0.00139494381429
-0.000356593632247
-0.00143675295682
-0.000403513280797
-0.00147361927175
-0.00045427560554
-0.00150496768383
-0.00153016483418
-0.000876283707851
-0.00148382635247
-0.000944706367417
-0.00149086392137
-0.00101675308792
-0.00148962266522
-0.00109223971942
-0.00147934398583
-0.00117088796984
-0.00145925482322
-0.00125230971855
-0.00142858497169
-0.00133599154223
-0.00138658919714
-0.00142128048667
-0.00133257462894
-0.00150737245565
-0.00126593368285
-0.00159330493399
-0.00118618241913
-0.00167795606443
-0.00109300371744
-0.00176005228057
-0.000986293947663
-0.00183818666547
-0.00086621094764
-0.0019108498591
-0.00073322013843
-0.00197647458077
-0.000588134632233
-0.00203349354316
-0.000432144349051
-0.00208040871696
-0.00026682876928
-0.00211586790898
-9.41483881872e-05
-0.00213874266051
8.35888178515e-05
-0.00214819961358
0.000263787530053
-0.00214375752698
0.000443649825202
-0.00212532465296
0.000620278700952
-0.00209321273176
0.000790793176262
-0.00204812448607
0.000952446918586
-0.00199111449748
0.00110274039758
-0.00192352820656
0.00123951603153
-0.00184692633977
0.00136102872415
-0.00176300249173
0.00146598802062
-0.00167350134546
0.00155357133962
-0.00158014407883
0.00162341056528
-0.0014845657281
0.00167555661977
-0.00138826711369
0.00171042802207
-0.00129258194837
0.0017287497184
-0.001198658224
0.0017314879291
-0.00110745196901
0.00171978575998
-0.00101973094731
0.00169490312251
-0.000936085743988
0.00165816330389
-0.00085694583777
0.0016109074725
-0.000782598581345
0.00155445754472
-0.000713209404681
0.00149008720477
-0.000648841959343
0.0014190004536
-0.000589477292739
0.00134231680955
-0.000535031459505
0.00126106216721
-0.000485371234102
0.00117616431655
-0.000440327786163
0.00108845216439
-0.000399708323012
0.000998657802833
-0.000363305801221
0.000907420677731
-0.000330906869835
0.000815293227123
-0.000302298240353
0.000722747479598
-0.000277271690576
0.000630182205144
-0.000255627907141
0.000537930303104
-0.000237179359822
0.000446266194973
-0.000221752383497
0.000355413053446
-0.000209188623747
0.00026554975239
-0.00019934598121
0.000176817467465
-0.00019209916945
8.93258884614e-05
-0.000187339982024
3.15902984392e-06
-0.000184977346854
-8.16193541093e-05
-0.000184937230324
-0.000164960730875
-0.000187162439532
-0.000246827099241
-0.000191612358758
-0.00032718661201
-0.000198262645198
-0.000406009474076
-0.000207104899191
-0.000483264075291
-0.000218146315141
-0.000558913318605
-0.00023140931094
-0.000632911105183
-0.000246931125566
-0.000705198938825
-0.000264763366445
-0.000775702617424
-0.000284971479951
-0.000844328983063
-0.000307634109614
-0.000910962705061
-0.000332842297427
-0.000975463082722
-0.000360698473456
-0.00103766085613
-0.00039131516818
-0.00109735502946
-0.000424813370282
-0.00115430972269
-0.000461320440267
-0.00120825108091
-0.000500967477685
-0.00125886429543
-0.000543886027445
-0.00130579081371
-0.000590203999468
-0.00134862584227
-0.000640040667415
-0.00138691628887
-0.000693500608147
-0.00142015933101
-0.000750666446345
-0.00144780184563
-0.00146924099837
-0.00117021148303
-0.00141421182803
-0.00124314725535
-0.00141792814905
-0.00131922098555
-0.00141354893502
-0.00139817073166
-0.00140039423971
-0.00147964311772
-0.00137778243717
-0.00156318061588
-0.00134504747352
-0.00164820962851
-0.00130156018451
-0.00173403034494
-0.00124675391251
-0.00181980959952
-0.00118015442827
-0.00190457819122
-0.00110141382742
-0.00198723429721
-0.00101034761146
-0.0020665546617
-0.000906973583164
-0.00214121509739
-0.000791550511958
-0.00220982142917
-0.000664613806644
-0.00227095128109
-0.000527004780319
-0.00232320601218
-0.000379889617952
-0.00236527070612
-0.000224764075348
-0.00239597864065
-6.34404536578e-05
-0.00241437530931
0.000101985486516
-0.00241977604484
0.000269188265584
-0.00241181140293
0.000435685183287
-0.00239045587106
0.000598923169087
-0.00235603683871
0.000756374143913
-0.00230922205529
0.000905632135158
-0.0022509861276
0.0010445044699
-0.00218255957593
0.00117108947986
-0.00210536585849
0.00128383500672
-0.00202095240942
0.00138157457156
-0.00193092162372
0.00146354055392
-0.00183686698819
0.00152935592975
-0.00174031825853
0.00157900789011
-0.00164269800865
0.00161280777219
-0.00154529037626
0.00163134208601
-0.00144922161046
0.0016354191633
-0.00135545116691
0.00162601531642
-0.00126477159133
0.00160422354693
-0.00117781523391
0.00157120694647
-0.0010950658704
0.001528158109
-0.00101687349224
0.00147626516656
-0.000943470796955
0.00141668450948
-0.000874990208925
0.00135051986557
-0.000811480552566
0.00127880715319
-0.000752922762887
0.00120250437753
-0.000699244240825
0.00112248579449
-0.000650331639654
0.00103953956322
-0.000606042005153
0.000954368168332
-0.00056621229114
0.000867590963718
-0.000530667339304
0.000779748275287
-0.000499226453876
0.00069130659417
-0.000471708723905
0.000602664475174
-0.000447937253694
0.000514158832893
-0.000427742459502
0.000426071400781
-0.000410964581643
0.000338635175587
-0.000397455548054
0.000252040718801
-0.000387080310218
0.000166442229629
-0.000379717756472
8.19633347149e-05
-0.00037526129207
-1.29743455799e-06
-0.000373619160439
-8.32614857406e-05
-0.000374714566202
-0.000163865325111
-0.000378485647909
-0.000243056017534
-0.000384885336853
-0.000320786923066
-0.000393881127965
-0.000397013682964
-0.000405454779159
-0.000471690424097
-0.000419601946731
-0.000544766151033
-0.000436331756044
-0.000616181295871
-0.000455666298701
-0.000685864396168
-0.000477640039488
-0.000753728876638
-0.000502299108344
-0.000819669914207
-0.000529700444352
-0.000883561369054
-0.000559910750169
-0.000945252776906
-0.00059300520627
-0.00100456640002
-0.000629065884994
-0.00106129435074
-0.000668179794742
-0.00111519581294
-0.000710436474936
-0.00116599440072
-0.000755925053159
-0.00121337571721
-0.000804730667841
-0.00125698519902
-0.000856930153789
-0.00129642635632
-0.000912586885516
-0.00133125955714
-0.000971744676351
-0.00136100154018
-0.00103442064194
-0.00138512588004
-0.00140306468173
-0.00144891742016
-0.00134056056587
-0.00152546128899
-0.00134138428022
-0.00160464559251
-0.0013343646315
-0.00168614164218
-0.00131889819003
-0.00176953380711
-0.00129439027224
-0.00185430961057
-0.00126027167006
-0.00193985105036
-0.00121601874472
-0.00202542802634
-0.00116117693653
-0.00211019493526
-0.00109538751935
-0.00219319163676
-0.00101841712593
-0.00227335006869
-0.00093018917953
-0.0023495077488
-0.000830815903048
-0.00242042919325
-0.000720629067512
-0.00248483586588
-0.000600207134011
-0.00254144461701
-0.000470396029189
-0.00258901367385
-0.000332320561109
-0.00262639417836
-0.000187383570841
-0.00265258419254
-3.72504394728e-05
-0.00266678117256
0.000116182466532
-0.00266842834159
0.00027083543462
-0.00265725054017
0.000424507381866
-0.00263327604773
0.00057494867664
-0.00259684202238
0.000719940118571
-0.00254858251434
0.000857372627114
-0.00248939978805
0.00098532174361
-0.00242042165555
0.00110211134736
-0.00234294890804
0.0012063622592
-0.00225839753684
0.00129702320035
-0.00216824041769
0.00137338343477
-0.00207395260132
0.00143506811338
-0.00197696341273
0.00148201870153
-0.00187861740948
0.00151446176893
-0.00178014511074
0.00153286978726
-0.00168264344097
0.00153791749353
-0.00158706510725
0.00153043698271
-0.00149421566271
0.00151137410239
-0.00140475677699
0.00148174806074
-0.00131921419099
0.001442615523
-0.00123798892434
0.00139503989991
-0.00116137047798
0.00134006606312
-0.00108955098891
0.0012787003765
-0.00102263951811
0.00121189568238
-0.000960675864765
0.00114054072418
-0.000903643487541
0.00106545341727
-0.000851481270945
0.000987377346627
-0.000804094000259
0.000906980897645
-0.000761361504188
0.000824858467648
-0.000723146493552
0.000741533264651
-0.000689301171121
0.000657461271739
-0.000659672716775
0.000573036020827
-0.000634107767437
0.000488593883555
-0.000612456016172
0.000404419649516
-0.000594573052634
0.000320752212049
-0.000580322560077
0.000237790226245
-0.000569577974038
0.00015569764359
-0.000562223696183
7.46090568597e-05
-0.000558155944597
-5.36518614341e-06
-0.000557283309482
-8.41341208555e-05
-0.000559527071459
-0.000161621563135
-0.000564821328537
-0.000237761760456
-0.000573112967403
-0.0003124952842
-0.000584361505044
-0.000385765145323
-0.000598538817763
-0.000457513111378
-0.000615628766209
-0.000527676202587
-0.000635626717108
-0.000596183344972
-0.000658538954631
-0.000662952158645
-0.000684381966836
-0.000727885864433
-0.000713181585101
-0.000790870295941
-0.00074497194685
-0.000851771007305
-0.000779794244274
-0.000910430479482
-0.000817695213896
-0.000966665430402
-0.000858725314106
-0.00102026425053
-0.000902936530234
-0.00107098459681
-0.000950379739642
-0.00111855119131
-0.00100110156335
-0.0011626538935
-0.00105514062665
-0.00120294613573
-0.00111252314952
-0.00123904383345
-0.00117325779083
-0.00127052491584
-0.00123732967862
-0.00129692965238
-0.00130469357585
-0.00131776198281
-0.00133249209959
-0.00171190045219
-0.00126365647511
-0.00179126098087
-0.00126202375154
-0.00187276619001
-0.00125285942236
-0.00195603134384
-0.00123563303621
-0.00204059054186
-0.00120983107422
-0.00212588939304
-0.00117497281889
-0.002211279193
-0.00113062894477
-0.00229601337868
-0.00107644275085
-0.00237924714937
-0.00101215374866
-0.00246004121782
-0.000937623057474
-0.00253737066096
-0.000852859736389
-0.00261013974279
-0.00075804682122
-0.00267720334986
-0.000653565460443
-0.00273739528622
-0.00054001519765
-0.00278956311096
-0.000418228204451
-0.00283260848514
-0.000289275186927
-0.00286553119214
-0.00015446086384
-0.00288747422328
-1.53074083297e-05
-0.00289776670704
0.00012647495029
-0.00289596114713
0.000269029874708
-0.00288186160554
0.000410407840282
-0.00285554013541
0.000548627206501
-0.00281733971037
0.000681739693537
-0.00276786302696
0.000807895943702
-0.00270794791163
0.000925406628277
-0.00263863144231
0.00103279487804
-0.00256110591469
0.00112883673159
-0.00247667029371
0.00121258757937
-0.00238668082656
0.00128339396762
-0.00229250412641
0.00134089141323
-0.00219547535949
0.0013849899346
-0.00209686332214
0.00141584973159
-0.00199784333082
0.00143384979594
-0.0018994780827
0.00143955224541
-0.00180270604224
0.00143366494225
-0.0017083364917
0.00141700455185
-0.00161705014455
0.00139046171359
-0.00152940413199
0.00135496951044
-0.00144584019829
0.00131147596621
-0.00136669504481
0.00126092090964
-0.00129221191032
0.00120421724201
-0.00122255264273
0.0011422364148
-0.00115780968449
0.00107579776593
-0.00109801754818
0.00100566128096
-0.0010431634941
0.000932523292551
-0.000993197233264
0.000857014636809
-0.00094803956843
0.000779700802814
-0.000907589953532
0.000701083649753
-0.000871733000444
0.000621604318651
-0.000840343995178
0.000541647015561
-0.00081329350603
0.000461543394407
-0.000790451176681
0.000381577320166
-0.000771688800493
0.000301989835861
-0.000756882770331
0.000222984196082
-0.0007459159926
0.000144730865859
-0.000738679346479
6.73724107391e-05
-0.000735072760268
-8.9717723542e-06
-0.000735005967146
-8.42009139781e-05
-0.000738398992949
-0.000158228537332
-0.000745182419107
-0.000230978334297
-0.000755297454753
-0.000302380248554
-0.00076869584341
-0.000372366756667
-0.000785339621462
-0.000440869333326
-0.000805200737863
-0.000507815086186
-0.000828260537142
-0.000573123545693
-0.000854509100591
-0.000636703595195
-0.000883944433596
-0.000698450531428
-0.00091657148029
-0.000758243249248
-0.000952400939894
-0.000815941547701
-0.000991447852657
-0.000871383566719
-0.00103372991673
-0.000924383366325
-0.00107926549135
-0.000974728675906
-0.00112807123615
-0.00102217885202
-0.00118015933187
-0.00106646309559
-0.00123553422482
-0.00110727900055
-0.00129418883662
-0.00114429152392
-0.00135610018321
-0.00117713248686
-0.00142122435409
-0.00120540074495
-0.00148949081586
-0.00122866319061
-0.00156079602446
-0.00124645677421
-0.00125829176261
-0.00195879226315
-0.00118418494462
-0.00204028727427
-0.00118052874043
-0.00212344338735
-0.00116970330927
-0.00220782979953
-0.00115124662403
-0.00229294116002
-0.00112471971373
-0.00237819253873
-0.00108972144018
-0.00246291605694
-0.00104590542655
-0.00254635983927
-0.000992998968519
-0.00262769001186
-0.000930823576072
-0.00270599649632
-0.000859316573013
-0.00278030330951
-0.000778552923202
-0.00284958395285
-0.000688766177874
-0.00291278224157
-0.000590367171721
-0.00296883857042
-0.000483958868809
-0.00301672114232
-0.000370345632546
-0.00305546112377
-0.000250535205482
-0.00308419009214
-0.000125731895466
-0.00310217759291
2.68009243768e-06
-0.00310886622142
0.000133163578802
-0.00310390148494
0.000264065138232
-0.00308715387975
0.000393660235087
-0.00305873113991
0.000520204466663
-0.00301897937202
0.000641987925644
-0.00296847270754
0.000757389279229
-0.00290799213614
0.000864926056875
-0.00283849518234
0.000963297924245
-0.00276107884827
0.00105142039752
-0.00267693865771
0.00112844738881
-0.00258732669809
0.001193782008
-0.00249351130968
0.00124707602482
-0.00239674058696
0.00128821921188
-0.00229821123455
0.00131732037918
-0.00219904366425
0.00133468222564
-0.00210026361761
0.00134077219877
-0.00200279010256
0.0013361914272
-0.00190742906872
0.001321643518
-0.00181487201527
0.00129790466015
-0.001725698613
0.00126579610817
-0.00164038240527
0.00122615975848
-0.00155929870552
0.00117983720989
-0.00148273390617
0.00112765244266
-0.00141089553452
0.00107039804315
-0.00134392252035
0.00100882475176
-0.00128189526379
0.000943634024392
-0.00122484520557
0.000875473234337
-0.00117276369909
0.000804933130327
-0.00112561006397
0.000732547167693
-0.00108331876501
0.000658792350798
-0.00104580570827
0.000584091261909
-0.0010129736809
0.000508814988188
-0.00098471698513
0.000433286698639
-0.000960925331013
0.000357785666048
-0.000941487059955
0.000282551564804
-0.000926291773347
0.000207788909474
-0.000915232438624
0.000133671531135
-0.000908207040834
6.03470129492e-05
-0.000905119841673
-1.20589715145e-05
-0.000905882300798
-8.34384548535e-05
-0.000910413706632
-0.000153697131498
-0.000918641556118
-0.000222750484811
-0.000930501715131
-0.000290520089541
-0.000945938383801
-0.000356930087996
-0.000964903883744
-0.000421903833383
-0.000987358277256
-0.000485360692674
-0.00101326882189
-0.000547213001058
-0.00104260925736
-0.000607363159722
-0.0010753589156
-0.000665700873197
-0.00111150163872
-0.000722100526127
-0.00115102448408
-0.000776418702335
-0.00119391619
-0.000828491860802
-0.00124016537071
-0.000878134185614
-0.00128975840486
-0.000925135641754
-0.00134267697812
-0.000969260278758
-0.0013988952383
-0.00101024483541
-0.00145837652094
-0.00104779771791
-0.0015210696055
-0.00108159843936
-0.0015869044677
-0.00111129762466
-0.00165578750353
-0.00113651770913
-0.00172759621633
-0.00115685447781
-0.00180217338122
-0.00117187960932
-0.00118114441117
-0.00218933376853
-0.00110273678887
-0.00227238422408
-0.00109747828487
-0.00235663234063
-0.00108545519273
-0.00244161027769
-0.00106626868697
-0.0025267827208
-0.00103954727061
-0.00261154384381
-0.00100496031717
-0.00269521599732
-0.000962233273049
-0.00277705066938
-0.000911164296455
-0.00285623229417
-0.000851641951287
-0.00293188547361
-0.000783663393566
-0.00300308611095
-0.000707352285867
-0.00306887681734
-0.000622975471477
-0.00312828673305
-0.000530957256012
-0.00318035559766
-0.000431890004198
-0.00322416152026
-0.000326539709949
-0.00325885146418
-0.000215845261563
-0.00328367301928
-0.000100910340366
-0.00329800565064
1.70127238007e-05
-0.00330138935417
0.000136547282325
-0.00329354858308
0.000256224367142
-0.00327440948644
0.000374521138448
-0.00324410892083
0.00048990390106
-0.00320299430078
0.000600873305587
-0.00315161408
0.000706009058455
-0.00309069944205
0.000804011418917
-0.00302113851952
0.000893737001719
-0.00294394503372
0.000974226911712
-0.0028602235748
0.00104472592989
-0.00277113381304
0.00110469224625
-0.0026778557683
0.00115379798007
-0.00258155791886
0.00119192136244
-0.00248336947169
0.00121913193201
-0.00238435761794
0.00123567037188
-0.00228551012467
0.00124192470551
-0.00218772320933
0.00123840451187
-0.00209179433126
0.00122571463993
-0.0019984193214
0.00120452965029
-0.00190819315037
0.00117556993714
-0.00182161359158
0.00113958019969
-0.0017390870539
0.00109731067221
-0.00166093591657
0.00104950130534
-0.00158740678382
0.000996868910398
-0.00151867917294
0.00094009714089
-0.00145487424764
0.000879829099089
-0.00139606330125
0.000816662287943
-0.00134227577755
0.000751145606636
-0.00129350668779
0.000683778077931
-0.00124972334078
0.000615009003782
-0.00121087134913
0.000545239270267
-0.00117687990931
0.000474823548367
-0.00114766637827
0.000404073167595
-0.0011231401866
0.000333259474375
-0.00110320613827
0.000262617516479
-0.00108776715249
0.000192349923697
-0.00107672650437
0.000122630883008
-0.00106998961972
5.36101283057e-05
-0.00106746547591
-1.45831153267e-05
-0.00106906765551
-8.18362752565e-05
-0.00107471509431
-0.000148049692693
-0.00108433255887
-0.000213133020254
-0.00109785088249
-0.000277001765916
-0.00111520698251
-0.000339573987979
-0.00113634367521
-0.000400767140685
-0.00116120929901
-0.000460495068878
-0.00118975715057
-0.000518665149497
-0.00122194473297
-0.000575175577321
-0.00125773280971
-0.000629912796457
-0.0012970842534
-0.000682749082434
-0.00133996267314
-0.000733540282593
-0.00138633080046
-0.00078212373348
-0.00143614860998
-0.000828316376101
-0.00148937114802
-0.000871913103716
-0.00154594604086
-0.000912685385915
-0.00160581065371
-0.000950380222557
-0.00166888887345
-0.000984719498176
-0.00173508749243
-0.00101539982038
-0.00180429217839
-0.0010420929387
-0.00187636302738
-0.00106444686014
-0.00195112971422
-0.00108208779097
-0.00202838627816
-0.00109462304538
-0.00110164507655
-0.00240335434798
-0.00101981360706
-0.00248747707637
-0.00101335555648
-0.00257236004051
-0.0010005722286
-0.00265750632
-0.000981122407474
-0.00274235873811
-0.000954694852508
-0.00282629852056
-0.000921020534709
-0.00290864567304
-0.000879886120569
-0.0029886615185
-0.000831148450994
-0.00306555383867
-0.000774749631117
-0.00313848503093
-0.000710732201315
-0.00320658361162
-0.000639253705177
-0.00326895926031
-0.000560599822779
-0.00332472140084
-0.000475195115488
-0.0033730010557
-0.00038361034934
-0.00341297540231
-0.000286565363332
-0.00344389412525
-0.000184926538625
-0.00346510633532
-7.96981303001e-05
-0.00347608656078
2.79929492593e-05
-0.00347645815561
0.000136918877164
-0.00346601245918
0.000245778670705
-0.003444722209
0.000353230888274
-0.0034127480514
0.000457929743459
-0.0033704374751
0.000558562729279
-0.00331831606273
0.000653887646094
-0.00325707155676
0.000742766912946
-0.00318753179385
0.000824197238804
-0.00311063799725
0.00089733311511
-0.00302741517701
0.00096150310965
-0.00293894145808
0.00101621852732
-0.00284631805035
0.00106117457235
-0.00275064132788
0.00109624463996
-0.00265297814474
0.00112146874888
-0.00255434513635
0.00113703736349
-0.00245569238414
0.00114327195329
-0.00235789149351
0.00114060362124
-0.00226172787065
0.00112955101707
-0.00216789679252
0.00111069857216
-0.00207700274358
0.0010846758882
-0.00198956143509
0.0010521388912
-0.00190600391594
0.00101375315306
-0.00182668221477
0.000970179604169
-0.00175187600884
0.000922062704469
-0.00168179988547
0.000870021017516
-0.00161661083716
0.000814640050781
-0.00155641570653
0.000756467157316
-0.00150127836616
0.000696008266266
-0.00145122647989
0.000633726191659
-0.00140625774428
0.000570040268172
-0.00136634555138
0.000505327077366
-0.0013314440475
0.000439922044489
-0.00130149258823
0.000374121708322
-0.00127641960804
0.000308186494188
-0.00125614593539
0.000242343843832
-0.00124058759168
0.000176791579984
-0.00122965811628
0.000111701407608
-0.00122327046077
4.7222472794e-05
-0.0012213384942
-1.65150818916e-05
-0.00122377815856
-7.93966109039e-05
-0.00123050830959
-0.000141319541664
-0.00124145127398
-0.000202190055862
-0.00125653314869
-0.000261919891204
-0.00127568386343
-0.000320423273236
-0.00129883702209
-0.000377613982028
-0.00132592953392
-0.000433402557048
-0.00135690104051
-0.000487693642907
-0.00139169313977
-0.000540383478064
-0.00143024840387
-0.000591357532353
-0.00147250918408
-0.000640488302222
-0.00151841619157
-0.000687633275111
-0.00156790684046
-0.00073263308459
-0.00162091333687
-0.000775309879688
-0.00167736049617
-0.000815465944414
-0.00173716327067
-0.000852882611414
-0.00180022397109
-0.000887319522143
-0.00186642916866
-0.000918514300607
-0.00193564627078
-0.000946182718255
-0.00200771977206
-0.000970019437423
-0.0020824671958
-0.000989699436392
-0.0021596747589
-0.00100488022786
-0.00223909281575
-0.00101520498854
-0.00102030672613
-0.00260075372609
-0.000935834072637
-0.00268555349458
-0.000928555787989
-0.00277070624006
-0.000915419483125
-0.00285569280926
-0.000896135838272
-0.00293994090637
-0.000870446755399
-0.00302282516853
-0.000838136272545
-0.00310366890207
-0.000799042387033
-0.00318174782658
-0.00075306952648
-0.00325629615918
-0.000700201298522
-0.00332651532462
-0.000640513035872
-0.00339158549247
-0.000574183537326
-0.00345068001356
-0.000501505301688
-0.00350298265445
-0.000422892474603
-0.00354770731329
-0.0003388856905
-0.00358411965641
-0.000250153020209
-0.00361155986116
-0.000157486333875
-0.0036294654163
-6.17925751602e-05
-0.00363739275036
3.59202833242e-05
-0.0036350363644
0.000134562491205
-0.00362224416751
0.000232986473814
-0.00359902786729
0.000330014588051
-0.00356556754859
0.000424469424755
-0.00352220995627
0.000515205136965
-0.00346946044328
0.000601138133105
-0.00340796900772
0.000681275477382
-0.00333851126758
0.000754739498667
-0.00326196555561
0.000820787403134
-0.00317928752329
0.000878825077334
-0.00309148370887
0.000928414712908
-0.00299958545665
0.000969276320128
-0.00290462439857
0.00100128358188
-0.00280761045717
0.00102445480748
-0.00270951304033
0.00103893994665
-0.00261124580755
0.00104500472051
-0.00251365512236
0.00104301293606
-0.00241751208403
0.00103340797873
-0.00232350786306
0.00101669435119
-0.0022322519506
0.00099341997574
-0.00214427286698
0.000964159807573
-0.00206002085269
0.000929501138766
-0.00197987207548
0.000890030826963
-0.00190413392141
0.0008463245504
-0.00183305098704
0.000798938083147
-0.00176681144652
0.000748400510259
-0.0017055535264
0.000695209237197
-0.00164937187768
0.000639826617541
-0.00159832368643
0.000582678000415
-0.00155243441033
0.000524150992068
-0.00151170306639
0.000464595733427
-0.00147610702714
0.000404326005241
-0.00144560630693
0.000343620988113
-0.00142014733893
0.000282727526186
-0.0013996662569
0.000221862761799
-0.00138409170508
0.000161217028167
-0.00137334720514
0.000100956907668
-0.0013673531119
4.12283795458e-05
-0.00136602819031
-1.78400034766e-05
-0.00136929084522
-7.61339559937e-05
-0.00137706003303
-0.000133550353857
-0.00138925588174
-0.000189994207145
-0.00140580004218
-0.000245375730764
-0.0014266157893
-0.000299607526124
-0.00145162788868
-0.000352601882641
-0.00148076223932
-0.000404268206405
-0.00151394529973
-0.000454510582501
-0.00155110330091
-0.000503225476883
-0.00159216124623
-0.000550299587037
-0.0016370416951
-0.00059560785335
-0.00168566332485
-0.000639011645357
-0.00173793926317
-0.000680357146269
-0.00179377518224
-0.000719473960623
-0.00185306714554
-0.000756173981114
-0.00191569919944
-0.000790250557515
-0.00198154070409
-0.000821478017491
-0.00205044340303
-0.00084961160166
-0.00212223823791
-0.000874387883375
-0.00219673192448
-0.00089552575086
-0.00227370331964
-0.000912728041227
-0.0023528996266
-0.000925683920901
-0.00243403250652
-0.000934072108626
-0.000937565040979
-0.00278148631008
-0.000851140777792
-0.00286664761452
-0.000843394483554
-0.00295178755982
-0.000830279537824
-0.00303637051614
-0.000811552881953
-0.00311981453223
-0.000787002739311
-0.00320149257377
-0.000756458230999
-0.00328073533149
-0.000719799629316
-0.00335683586442
-0.00067696899355
-0.00342905631724
-0.0006279808457
-0.00349663689746
-0.000572932455656
-0.00355880721469
-0.000512013220092
-0.00361479996761
-0.000445512548767
-0.00366386681518
-0.000373825627037
-0.00370529609303
-0.000297456412653
-0.00373843184434
-0.000217017268897
-0.00376269344379
-0.00013322473442
-0.00377759492512
-4.68910938383e-05
-0.00378276300237
4.10883605784e-05
-0.00377795272541
0.000129752214242
-0.0037630597499
0.000218093498303
-0.00373812834057
0.000305083178729
-0.00370335445773
0.000389695541911
-0.00365908358188
0.000470934261111
-0.00360580328074
0.000547857831969
-0.00354413088056
0.000619603077206
-0.00347479693028
0.000685405548384
-0.0033986254056
0.000744615878453
-0.00331651176445
0.000796711436182
-0.00322940002439
0.000841302972849
-0.00313825999096
0.0008781362867
-0.00304406563961
0.00090708923053
-0.00294777546643
0.00092816463429
-0.0028503154021
0.000941479882326
-0.00275256465579
0.000947253974201
-0.00265534464137
0.000945792921632
-0.00255941095407
0.000937474291435
-0.00246544821939
0.000922731616509
-0.00237406753019
0.000902039286541
-0.00228580612193
0.000875898399309
-0.00220112890444
0.000844823921278
-0.00212043146525
0.000809333387773
-0.00204404417732
0.000769937262477
-0.00197223707719
0.000727130983012
-0.00190522522032
0.000681388653392
-0.00184317426664
0.000633158283514
-0.00178620609425
0.00058285844515
-0.00173440428304
0.000530876189212
-0.00168781934903
0.000477566058051
-0.0016464736443
0.000423250028704
-0.00161036586656
0.000368218227497
-0.00157947514539
0.00031273026694
-0.00155376469127
0.000257017072068
-0.00153318500717
0.0002012830777
-0.00151767667292
0.000145708693915
-0.00150717271953
9.04529542816e-05
-0.00150160061496
3.56562749802e-05
-0.001500883885
-1.85567334446e-05
-0.00150494339348
-7.20744475137e-05
-0.00151369830551
-0.000124795441821
-0.00152706675553
-0.000176625757124
-0.00154496623994
-0.000227476246361
-0.00156731375139
-0.000277260014675
-0.00159402566892
-0.00032588996511
-0.00162501741508
-0.000373276460246
-0.0016602028884
-0.000419325109177
-0.00169949367676
-0.000463934688528
-0.00174279805458
-0.000506995209208
-0.00179001976504
-0.000548386142897
-0.00184105658622
-0.000587974824178
-0.00189579867996
-0.000625615052521
-0.0019541267213
-0.000661145919283
-0.00201590980756
-0.00069439089486
-0.00208100314834
-0.000725157216732
-0.00214924554108
-0.000753235624749
-0.00222045664234
-0.000778400500405
-0.0022944340528
-0.000800410472914
-0.00237095024396
-0.000819009559696
-0.00244974936758
-0.000833928917612
-0.00253054400527
-0.000844889283209
-0.00261301193514
-0.000851604178761
-0.000853783960874
-0.00294554777216
-0.000766007348755
-0.00303082661116
-0.000758115644554
-0.00311574433886
-0.000745361810119
-0.00319975357372
-0.000727543647094
-0.00328226700274
-0.000704489310297
-0.00336265955884
-0.000676065674894
-0.00344027205824
-0.00064218712992
-0.0035144164937
-0.000602824558083
-0.00358438314644
-0.000558014192964
-0.00364944962406
-0.00050786597804
-0.00370889185345
-0.000452570990695
-0.00376199695406
-0.000392407448156
-0.00380807779157
-0.000327744789534
-0.00384648886998
-0.000259045334239
-0.00387664307137
-0.000186863067513
-0.0038980286101
-0.000111839195686
-0.00391022544981
-3.46942541273e-05
-0.00391292035337
4.37832641341e-05
-0.00390591971587
0.00012275157675
-0.00388915937959
0.000201333162015
-0.0038627107521
0.000278634551243
-0.00382678274024
0.00035376753005
-0.0037817192562
0.000425870777073
-0.00372799232758
0.000494130903345
-0.00366619112169
0.000557801871316
-0.00359700744811
0.000616221874805
-0.00352121850504
0.000668826935381
-0.00343966776656
0.000715160697702
-0.0033532449601
0.000754880166391
-0.00326286605862
0.000787757385221
-0.00316945412145
0.000813677293361
-0.00307392167755
0.000832632190388
-0.00297715517545
0.000844713380223
-0.0028800018451
0.00085010064385
-0.00278325914405
0.000849050220589
-0.00268766680721
0.000841881954594
-0.00259390139347
0.000828966202771
-0.0025025731272
0.000810711020264
-0.00241422476766
0.000787550039769
-0.00232933220343
0.000759931357055
-0.00224830645575
0.000728307640089
-0.00217149678099
0.000693127587718
-0.00209919458289
0.00065482878491
-0.00203163787359
0.000613831944096
-0.00196901605746
0.000570536467382
-0.00191147484726
0.000525317234945
-0.00185912115799
0.000478522499942
-0.00181202785701
0.000430472757071
-0.00177023827871
0.000381460450406
-0.00173377043814
0.00033175038693
-0.00170262089982
0.000281580728614
-0.00167676827573
0.000231164447982
-0.00165617634076
0.000180691142725
-0.00164079676443
0.000130329117591
-0.001630571466
8.02276558475e-05
-0.00162543460501
3.05194139943e-05
-0.00162531422337
-1.86771150868e-05
-0.00163013355633
-6.72551145595e-05
-0.00163981203072
-0.000115116967429
-0.00165426596823
-0.000162171819613
-0.00167340901037
-0.00020833320422
-0.00169715228039
-0.00025351674465
-0.00172540429543
-0.000297637950071
-0.00175807064018
-0.000340610115501
-0.00179505341151
-0.00038234233785
-0.00183625044151
-0.000422737658528
-0.00188155430485
-0.00046169134586
-0.00193085111526
-0.000499089332491
-0.00198401911489
-0.000534806824544
-0.00204092706081
-0.000568707106603
-0.00210143241293
-0.000600640567169
-0.00216537932991
-0.000630443977874
-0.00223259648236
-0.000657940064282
-0.00230289469666
-0.00068293741045
-0.00237606444915
-0.000705230747911
-0.00245187323803
-0.000724601684035
-0.00253006287018
-0.000740819927547
-0.00261034671268
-0.000753645075113
-0.00269240697339
-0.000762829022499
-0.00277589209208
-0.000768119060073
-0.000769261709831
-0.00309296364657
-0.000680645625256
-0.00317817946315
-0.000672899827974
-0.00326272982903
-0.000660811444234
-0.00334605938869
-0.000644214087441
-0.0034275787164
-0.000622969982584
-0.00350666724019
-0.0005969771511
-0.00358267750795
-0.00056617686216
-0.00365494093407
-0.000530561131962
-0.00372277512804
-0.000490179998995
-0.00378549285237
-0.000445148253716
-0.00384241258505
-0.000395651258016
-0.00389287057199
-0.000341949461213
-0.00393623415041
-0.000284381211118
-0.0039719160103
-0.00022336347435
-0.00399938894652
-0.000159390131288
-0.00401820054894
-9.30275932672e-05
-0.00402798719526
-2.490760781e-05
-0.00402848666377
4.42827326501e-05
-0.00401954868167
0.000113813594647
-0.00400114277682
0.000182927257169
-0.00397336290885
0.000250854683275
-0.00393642851341
0.000316833134601
-0.00389068179042
0.000380124054086
-0.00383658128531
0.000440030398237
-0.00377469203106
0.000495912617062
-0.00370567271771
0.000547202561459
-0.00363026051483
0.000593414732506
-0.00354925427806
0.000634154460924
-0.00346349691638
0.00066912280472
-0.00337385768331
0.000698118152144
-0.00328121508942
0.000721034699472
-0.00318644102889
0.000737858129861
-0.00309038658136
0.000748658932691
-0.00299386980938
0.000753583871868
-0.002897665732
0.000752846143212
-0.00280249852781
0.000746714750407
-0.00270903591302
0.000735503587977
-0.00261788555493
0.00071956066217
-0.00252959332
0.000699257804848
-0.00244464311728
0.000674981154335
-0.00236345807899
0.000647122601791
-0.00228640281808
0.000616072326808
-0.00221378651303
0.000582212479862
-0.00214586658913
0.0005459120202
-0.00208285279106
0.000507522669308
-0.00202491146916
0.000467375913049
-0.00197216993074
0.000425780961516
-0.00192472073533
0.000383023561671
-0.00188262583897
0.000339365554037
-0.00184592051499
0.000295045062949
-0.0018146169997
0.000250277213334
-0.00178870782742
0.000205255275696
-0.00176816883345
0.000160152148754
-0.00175296181485
0.000115122098995
-0.00174303684686
7.03026878572e-05
-0.00173833425939
2.58168265257e-05
-0.00173878628246
-1.82250920173e-05
-0.00174431837215
-6.17230248693e-05
-0.00175485023046
-0.000104585109122
-0.00177029653302
-0.000146725517049
-0.00179056737868
-0.000188062358562
-0.00181556847426
-0.000228515649074
-0.00184520106705
-0.000268005357274
-0.00187936163647
-0.000306449546086
-0.0019179413551
-0.00034376261922
-0.00196082532862
-0.000379853685012
-0.00200789162303
-0.000414625051447
-0.00205901008755
-0.000447970867966
-0.00211404098127
-0.000479775930825
-0.00217283341271
-0.000509914675163
-0.0022352236027
-0.000538250377185
-0.0023010329834
-0.000564634597172
-0.00237006615001
-0.000588906897675
-0.00244210868602
-0.000610894874439
-0.00251692488948
-0.000630414544447
-0.00259425543528
-0.000647271138242
-0.00267381501778
-0.000661260345038
-0.00275529002977
-0.000672170063126
-0.00283833634621
-0.000679782706064
-0.0029225772963
-0.000683878109983
-0.000684237083058
-0.00322377970724
-0.000595212760559
-0.00330880761404
-0.000587871921167
-0.00339290136437
-0.000576717693902
-0.00347550055734
-0.000561614894475
-0.0035560159895
-0.000542454550425
-0.00363383316298
-0.000519159977615
-0.00370831701849
-0.000491693006654
-0.00377881798427
-0.00046006016618
-0.00384467939435
-0.000424318588924
-0.00390524627778
-0.00038458137028
-0.00395987545608
-0.000341022079718
-0.00400794680843
-0.000293878108866
-0.0040488754785
-0.000243452541043
-0.00408212470573
-0.000190114247122
-0.00410721887618
-0.00013429596084
-0.00412375631145
-7.64901579895e-05
-0.0041314212577
-1.72426615621e-05
-0.00412999451026
4.28559852103e-05
-0.00411936212018
0.000103181204561
-0.00409952168114
0.000163086818128
-0.00407058578995
0.000221918792087
-0.00403278240554
0.000279029750195
-0.00398645199143
0.000333793639978
-0.00393204150109
0.000385619907891
-0.00387009543959
0.000433966555565
-0.00380124439218
0.000478351514052
-0.00372619153668
0.000518361876997
-0.00364569774249
0.000553660666742
-0.00356056589847
0.000583990960695
-0.00347162510494
0.000609177358616
-0.00337971531861
0.000629124913144
-0.00328567295865
0.0006438157699
-0.0031903178809
0.000653303854938
-0.00309444201483
0.000657708005803
-0.00299879984448
0.000657203972857
-0.00290410080865
0.000652015714573
-0.0028110036038
0.000642406383127
-0.00272011229722
0.000628669355599
-0.00263197410133
0.000611119608952
-0.00254707862118
0.000590085674183
-0.00246585836507
0.000565902345689
-0.00238869029974
0.000538904261478
-0.00231589823518
0.0005094204153
-0.00224775583567
0.000477769620692
-0.0021844900715
0.00044425690514
-0.00212628494685
0.000409170788391
-0.00207328536223
0.000372781376902
-0.00202560099316
0.000335339192596
-0.0019833100882
0.000297074649078
-0.0019464631104
0.000258198085155
-0.00191508616393
0.00021890026686
-0.0018891841635
0.000179353275263
-0.00186874371761
0.00013971170286
-0.00185373570743
0.000100114088825
-0.00184411755213
6.0684532557e-05
-0.001839835158
2.15344323915e-05
-0.00184082455431
-1.72356957101e-05
-0.00184701322221
-5.55343569676e-05
-0.00185832112569
-9.32772056372e-05
-0.00187466145518
-0.000130385187561
-0.00189594109519
-0.000166782718553
-0.00192206082786
-0.000202395916408
-0.00195291528401
-0.000237150901119
-0.00198839265332
-0.00027097217678
-0.00202837416469
-0.000303781107847
-0.00207273334797
-0.000335494501732
-0.00212133508785
-0.000366023311569
-0.00217403448144
-0.000395271474371
-0.00223067551158
-0.000423134900687
-0.0022910895494
-0.000449500637344
-0.00235509370182
-0.000474246224768
-0.00242248902242
-0.000497239276565
-0.00249305860832
-0.00051833731178
-0.00256656561018
-0.00053738787258
-0.00264275118921
-0.000554228965415
-0.00272133246206
-0.000568689865392
-0.00280200048332
-0.000580592323778
-0.00288441832547
-0.000589752220973
-0.0029682193273
-0.000595981704239
-0.00305300559368
-0.000599091843604
-0.000598895834195
-0.00333805391704
-0.000509818149009
-0.00342281727025
-0.000503108567952
-0.00350641319626
-0.000493121767897
-0.00358827843265
-0.000479749658083
-0.00366782554815
-0.000462907434925
-0.00374444690052
-0.000442538625244
-0.00381751970841
-0.000418620198761
-0.00388641229045
-0.000391167584148
-0.00395049148731
-0.000360239392057
-0.00400913123496
-0.000325941622637
-0.00406172219909
-0.000288431115584
-0.00410768231558
-0.000247917992373
-0.00414646801023
-0.000204666846393
-0.00417758579951
-0.000158996457842
-0.00420060390703
-0.000111277853326
-0.00421516347489
-6.19305901243e-05
-0.00422098891221
-1.141722424e-05
-0.00421789691095
3.97639839438e-05
-0.00420580367743
9.10879710432e-05
-0.00418472997876
0.000142013119461
-0.00415480368612
0.000191992499443
-0.00411625960802
0.0002404856721
-0.00406943653793
0.000286970569888
-0.00401477158178
0.000330954951734
-0.00395279197086
0.000371986944646
-0.00388410469152
0.00040966423472
-0.00380938436485
0.000443641550323
-0.00372935987977
0.000473636181664
-0.0036448003172
0.000499431398122
-0.00355650070065
0.000520877742061
-0.00346526807462
0.000537892287122
-0.00337190835086
0.000550456046134
-0.00327721428261
0.000558609786692
-0.00318195483755
0.000562448560745
-0.00308686614673
0.000562115282031
-0.00299264411877
0.000557793686619
-0.00289993872949
0.000549700993839
-0.00280934992993
0.000538080556044
-0.00272142506395
0.000523194742974
-0.00263665764814
0.000505318258373
-0.00255548734293
0.000484732040477
-0.00247830093132
0.000461717849873
-0.00240543412006
0.000436553604037
-0.00233717398353
0.000409509484155
-0.00227376188294
0.00038084480455
-0.00221539670883
0.000350805614287
-0.00216223831284
0.000319622980906
-0.00211441101372
0.000287511893479
-0.00207200708132
0.000254670716675
-0.00203509011964
0.00022128112348
-0.00200369828697
0.000187508434192
-0.00197784730513
0.000153502293419
-0.00195753322284
0.000119397620571
-0.00194273490895
8.5315774938e-05
-0.00193341626004
5.13658836431e-05
-0.00192952811423
1.76462865813e-05
-0.00193100986885
-1.57539410852e-05
-0.0019377908038
-4.87534220167e-05
-0.00194979111584
-8.12768936014e-05
-0.00196692267142
-0.000113253631976
-0.00198908948731
-0.000144615902671
-0.00201618794918
-0.00017529745453
-0.00204810677948
-0.000205232070822
-0.00208472676579
-0.000234352190475
-0.00212592026196
-0.000262587611669
-0.00217155047438
-0.000289864289317
-0.00222147054637
-0.000316103239577
-0.00227552245518
-0.000341219565565
-0.00233353573671
-0.000365121619154
-0.0023953260558
-0.000387710318253
-0.00246069364183
-0.000408878638739
-0.00252942161316
-0.000428511305234
-0.00260127421794
-0.000446484706999
-0.00267599502376
-0.000462667066767
-0.00275330509475
-0.000476918894418
-0.00283290120191
-0.000489093758231
-0.00291445411982
-0.000499039405871
-0.00299760707227
-0.000506599268529
-0.00308197439839
-0.000511614378114
-0.00316714052063
-0.000513925721363
-0.000513377049339
-0.00343584975381
-0.000424530127871
-0.00352031310175
-0.000418645220017
-0.00360341072439
-0.000410024145251
-0.00368457804216
-0.000398582340313
-0.003763230284
-0.000384255193084
-0.00383876678544
-0.000367002123809
-0.0039105763003
-0.000346810683903
-0.00397804334968
-0.000323700534768
-0.00404055559544
-0.000297727146296
-0.00409751218146
-0.00026898503662
-0.00414833293486
-0.00023761036218
-0.00419246826328
-0.000203782663951
-0.00422940952576
-0.000167725583913
-0.0042586995978
-0.000129706385805
-0.00427994330025
-9.00341508729e-05
-0.00429281732216
-4.90565682139e-05
-0.00429707924439
-7.1553020104e-06
-0.00429257526913
3.52600086834e-05
-0.00427924628278
7.77589846884e-05
-0.00425713192817
0.00011989876485
-0.00422637243538
0.000161233006661
-0.00418720805474
0.00020132129146
-0.00413997604488
0.000239738560027
-0.00408510528499
0.000276084191844
-0.00402310869429
0.000309990353939
-0.0039545737443
0.000341129284735
-0.00388015143295
0.000369219238973
-0.00380054414747
0.000394028896184
-0.00371649287301
0.000415380123663
-0.00362876420455
0.000433149073601
-0.0035381375946
0.000447265677174
-0.0034453932217
0.000457711673228
-0.00335130080121
0.000464517366206
-0.00325660958722
0.000467757346757
-0.00316203973728
0.000467545432087
-0.00306827513725
0.000464029086586
-0.00297595771523
0.000457383571824
-0.00288568321415
0.000447806054966
-0.00279799834441
0.000435509873232
-0.00271339920182
0.000420719115782
-0.00263233081063
0.000403663649292
-0.00255518763672
0.000384574675957
-0.00248231491039
0.000363680877712
-0.00241401059967
0.000341205173429
-0.00235052788218
0.000317362087065
-0.00229207797527
0.000292355707373
-0.00223883319752
0.000266378203156
-0.00219093015081
0.000239608846768
-0.00214847292739
0.000212213493258
-0.00211153626227
0.00018434445836
-0.00208016856578
0.000156140737697
-0.00205439478462
0.000127728512267
-0.00203421905177
9.92218877124e-05
-0.00201962709582
7.07238189916e-05
-0.00201058838975
4.2327177575e-05
-0.00200705802595
1.41159227761e-05
-0.00200897831094
-1.38336560883e-05
-0.00201628007798
-4.14516549812e-05
-0.00202888371938
-6.86732522028e-05
-0.00204669994381
-9.54374075422e-05
-0.00206963026575
-0.000121685580737
-0.00209756723616
-0.000147360484112
-0.00213039442501
-0.000172404881973
-0.00216798616697
-0.000196760448519
-0.00221020708321
-0.000220366695426
-0.0022569113929
-0.000243159979624
-0.00230794202939
-0.000265072603092
-0.00236312957766
-0.000286032017294
-0.00242229105144
-0.000305960145369
-0.00248522853082
-0.000324772838878
-0.00255172768403
-0.000342379485527
-0.0026215562009
-0.000358682788367
-0.00269446216954
-0.000373578738361
-0.00277017243299
-0.000386956803317
-0.00284839096827
-0.000398700359133
-0.00292879733689
-0.000408687389615
-0.00301104526265
-0.000416791480103
-0.00309476140055
-0.00042288313063
-0.0031795443679
-0.000426831410766
-0.00326496411665
-0.000428505972618
-0.000427779433309
-0.00351723073232
-0.000339382431393
-0.00360139313539
-0.000334482816955
-0.00368402588782
-0.000327391392819
-0.00376456410073
-0.000318044127399
-0.003842426005
-0.000306393288815
-0.00391701750095
-0.000292410627861
-0.00398773763517
-0.000276090549685
-0.00405398500511
-0.000257453164824
-0.00411516505748
-0.000236547093926
-0.0041706982059
-0.000213451888197
-0.00422002864815
-0.000188279919931
-0.00426263371497
-0.000161177597137
-0.0042980335341
-0.000132325764783
-0.00432580074754
-0.000101939172366
-0.00434556998124
-7.02649171727e-05
-0.00435704673861
-3.75798108402e-05
-0.00436001537587
-4.18666475365e-06
-0.00435434582218
2.95904549955e-05
-0.00433999873265
6.34118951553e-05
-0.00431702880796
9.69288401665e-05
-0.00428558608
0.000129790278703
-0.00424591504416
0.000161650255618
-0.00419835161187
0.000192175127741
-0.00414331795408
0.000221050534048
-0.00408131540112
0.000247987800985
-0.00401291564988
0.000272729533486
-0.00393875059805
0.000295054187147
-0.00385950117509
0.000314779473223
-0.00377588556479
0.000331764513369
-0.00368864721769
0.000345910726497
-0.00359854303225
0.000357161491733
-0.0035063320466
0.000365500687575
-0.00341276493093
0.000370950250541
-0.00331857451077
0.000373566926598
-0.00322446748657
0.00037343840788
-0.00313111745126
0.00037067905128
-0.00303915924784
0.000365425368405
-0.00294918465568
0.000357831462801
-0.00286173935018
0.000348064567731
-0.00277732104559
0.0003363008112
-0.0026963787052
0.000322721308899
-0.00261931268663
0.000307508657388
-0.00254647568199
0.00029084387307
-0.00247817431026
0.0002729038017
-0.0024146712237
0.000253859000505
-0.00235618759751
0.000233872081177
-0.00230290588289
0.000213096488541
-0.00225497271642
0.000191675680298
-0.00221250189174
0.000169742668576
-0.00217557731353
0.000147419880149
-0.00214425586685
0.000124819291017
-0.0021185701473
0.000102042792713
-0.00209853100882
7.91827492403e-05
-0.00208412989624
5.63227064117e-05
-0.00207534093818
3.35382195078e-05
-0.00207212278387
1.08977684725e-05
-0.00207442017371
-1.15362662527e-05
-0.00208216523841
-3.37065902752e-05
-0.00209527852647
-5.55599641499e-05
-0.00211366976255
-7.70461714603e-05
-0.00213723834281
-9.81170004747e-05
-0.00216587357501
-0.000118725251911
-0.00219945467347
-0.00013882378352
-0.00223785052044
-0.000158364601542
-0.00228091920729
-0.000177298008575
-0.00232850737004
-0.000195571816881
-0.00238044933597
-0.000213130637155
-0.00243656609989
-0.000229915253382
-0.00249666415053
-0.000245862094722
-0.00256053417114
-0.000260902818274
-0.00262794964053
-0.000274964016131
-0.00269866536561
-0.000287967063288
-0.00277241598005
-0.00029982812392
-0.00284891444914
-0.000310458334224
-0.00292785062614
-0.000319764182138
-0.00300888991154
-0.000327648104215
-0.00309167207289
-0.000334009318753
-0.00317581028919
-0.000338744914335
-0.00326089049032
-0.000341751209633
-0.00334647106754
-0.000342925395394
-0.000342167465006
-0.00358225597895
-0.000254380398426
-0.0036661446765
-0.000250594119411
-0.00374837353398
-0.000245162535336
-0.00382837792378
-0.000238039737599
-0.00390557898102
-0.000229192231576
-0.00397938833396
-0.000218601274923
-0.00404921369058
-0.000206265193058
-0.00411446526503
-0.000192201590375
-0.00417456299437
-0.00017644936459
-0.00422894445894
-0.000159070423627
-0.00427707337888
-0.000140150999988
-0.0043184485175
-0.000119802458516
-0.00435261278147
-9.81615008154e-05
-0.00437916227069
-7.53896831433e-05
-0.00439775500096
-5.16721869026e-05
-0.00440811900285
-2.72158089507e-05
-0.00441005949398
-2.24617362683e-06
-0.00440346483123
2.29957922457e-05
-0.00438831097585
4.8258039772e-05
-0.00436466424787
7.32821121948e-05
-0.0043326822056
9.78082364245e-05
-0.00429261255757
0.000121580607591
-0.00424479009521
0.000144352665377
-0.00418963171725
0.000165892156091
-0.00412762969841
0.000185985782144
-0.00405934342687
0.000204443261952
-0.00398538989464
0.000221100654913
-0.00390643326708
0.000235822845668
-0.00382317388141
0.00024850512769
-0.00373633702726
0.00025907387235
-0.0036466618486
0.000267486313078
-0.00355489067528
0.000273729514249
-0.00346175905013
0.000277818625398
-0.00336798666682
0.000279794543281
-0.00327426937773
0.000279721118797
-0.00318127237599
0.000277682049535
-0.00308962460206
0.000273777594473
-0.00299991437777
0.000268121238519
-0.00291268622904
0.000260836418999
-0.00282843882546
0.000252053407621
-0.00274762393965
0.000241906423081
-0.00267064631146
0.000230531029201
-0.00259786429247
0.000218061854082
-0.00252959114145
0.000204630650676
-0.00246609684331
0.000190364702371
-0.00240761032906
0.000175385566924
-0.00235432198242
0.000159808141901
-0.00230638632965
0.000143740027533
-0.00226392482025
0.00012728115917
-0.00222702861842
0.000110523678319
-0.00219576133751
9.35520101055e-05
-0.00217016166075
7.64431159608e-05
-0.00215024580277
5.92668912551e-05
-0.00213600977588
4.20866795281e-05
-0.00212743143426
2.49598778789e-05
-0.0021244722762
7.93861042214e-06
-0.00212707899196
-8.92955049805e-06
-0.00213518474941
-2.56008328236e-05
-0.00214871021527
-4.20344982903e-05
-0.00216756431285
-5.8192073879e-05
-0.00219164472097
-7.40365923607e-05
-0.00222083812117
-8.95318517082e-05
-0.00225502020291
-0.00010464170178
-0.00229405543826
-0.000119329366193
-0.00233779663993
-0.0001335568069
-0.00238608431822
-0.000147284138597
-0.00243874585458
-0.000160469100795
-0.00249559451211
-0.000173066595848
-0.00255642830545
-0.000185028301382
-0.00262102875596
-0.000196302367764
-0.0026891595613
-0.000206833210789
-0.00276056521247
-0.000216561412119
-0.00283496959581
-0.000225423740587
-0.00291207462218
-0.000233353307854
-0.00299155893092
-0.000240279873398
-0.00307307672156
-0.00024613031357
-0.00315625677191
-0.000250829268404
-0.00324070170658
-0.000254299979662
-0.00332598758528
-0.000256465330936
-0.00341166388405
-0.000257249096623
-0.000256577403071
-0.00363097673335
-0.000169506952692
-0.00371464111746
-0.000166929735306
-0.00379654861257
-0.000163255040225
-0.00387613508015
-0.000158453270018
-0.0039528241214
-0.000152503190326
-0.00402603193126
-0.000145393465065
-0.00409517295458
-0.000137124169738
-0.00415966631606
-0.000127708228895
-0.00421894296383
-0.000117172716816
-0.00427245343168
-0.000105559955783
-0.00431967608779
-9.29283438743e-05
-0.00436012570085
-7.93528454514e-05
-0.00439336211885
-6.49250828145e-05
-0.00441899882517
-4.97529768291e-05
-0.00443671111288
-3.3959899187e-05
-0.00444624360442
-1.7683317417e-05
-0.0044474168418
-1.07293625019e-06
-0.0044401326853
1.57116357517e-05
-0.00442437828521
3.25036396771e-05
-0.00440022843291
4.91322598975e-05
-0.00436784615249
6.54259560015e-05
-0.00432748145873
8.12159138316e-05
-0.00427946827939
9.63394860399e-05
-0.00422421961317
0.000110643489871
-0.00416222106607
0.000123987235042
-0.00409402297244
0.000136245168329
-0.00402023135923
0.000147309041698
-0.0039414980495
0.000157089535934
-0.00385851022272
0.000165517300916
-0.00377197975342
0.000172543403048
-0.00368263263844
0.000178139198098
-0.00359119879756
0.000182295673372
-0.00349840249536
0.000185022323194
-0.00340495358801
0.000186345635937
-0.00331153974977
0.00018630728055
-0.00321881978356
0.00018496208333
-0.00312741807243
0.000182375883342
-0.00303792018351
0.000178623349601
-0.0029508695979
0.000173785833382
-0.00286676550755
0.000167949317279
-0.00278606159538
0.000161202510905
-0.00270916569627
0.000153635130093
-0.00263644022603
0.000145336383844
-0.0025682032588
0.000136393683445
-0.00250473013353
0.000126891577098
-0.00244625547321
0.000116910906607
-0.00239297550717
0.00010652817586
-0.00234505059554
9.58151159054e-05
-0.00230260786524
8.48384288696e-05
-0.00226574387759
7.36596906693e-05
-0.00223452725907
6.23353915875e-05
-0.00220900123742
5.09170943038e-05
-0.00218918603561
3.94516894447e-05
-0.00217508108601
2.79817299266e-05
-0.00216666703532
1.65458271956e-05
-0.00216390751887
5.17909397343e-06
-0.00216675068928
-6.08638008979e-06
-0.00217513049049
-1.72210316125e-05
-0.00218896767295
-2.8197315837e-05
-0.00220817054989
-3.89891969305e-05
-0.00223263549842
-4.95716438331e-05
-0.00226224721179
-5.99201383446e-05
-0.00229687871233
-7.0010201231e-05
-0.00233639113672
-7.98169418056e-05
-0.00238063330745
-8.93146361706e-05
-0.00242944110702
-9.84763390328e-05
-0.00248263667333
-0.000107273534477
-0.00254002743783
-0.000115675831357
-0.00260140503013
-0.000123650709078
-0.00266654407696
-0.000131163320937
-0.00273520092584
-0.00013817636191
-0.00280711232871
-0.000144650009244
-0.0028819941247
-0.000150541944598
-0.00295953996589
-0.00015580746666
-0.00303942013524
-0.000160399704053
-0.00312128051064
-0.000164269938167
-0.00320474173436
-0.000167368044682
-0.00328939865163
-0.000169643062392
-0.0033748200866
-0.000171043895969
-0.0034605490266
-0.00017152015662
-0.000171023142057
-0.00366343366569
-8.47283880172e-05
-0.00374693951082
-8.34238901759e-05
-0.00382862406355
-8.15704874899e-05
-0.00390792364966
-7.91536839146e-05
-0.00398426364951
-7.61631904673e-05
-0.00405706342892
-7.25936856556e-05
-0.00412574203566
-6.84455629977e-05
-0.00418972462581
-6.37256387474e-05
-0.004248449553
-5.84477896311e-05
-0.00430137602058
-5.26334881979e-05
-0.0043479921621
-4.63122023575e-05
-0.00438782338111
-3.95216264358e-05
-0.00442044075005
-3.23077138825e-05
-0.0044454692404
-2.47244864777e-05
-0.00446259553726
-1.68336023252e-05
-0.00447157518063
-8.70367404839e-06
-0.00447223877721
-4.09339665476e-07
-0.00446449704047
7.96989900534e-06
-0.00444834444384
1.63510430499e-05
-0.00442386131258
2.46491286343e-05
-0.00439121423104
3.27788744629e-05
-0.0043506547032
4.06563859977e-05
-0.00430251607016
4.82008529932e-05
-0.00424720875597
5.5336175682e-05
-0.00418521397846
6.19924575339e-05
-0.00411707611937
6.81073092427e-05
-0.00404339399612
7.36269184439e-05
-0.00396481131206
7.85068518716e-05
-0.00388200658201
8.27125708685e-05
-0.00379568283439
8.62196554248e-05
-0.00370655738173
8.90137454456e-05
-0.00361535192886
9.10902204976e-05
-0.00352278325477
9.24536491002e-05
-0.00342955466452
9.31170456948e-05
-0.00333634836223
9.31009782607e-05
-0.00324381884994
9.24325710386e-05
-0.00315258741239
9.114444579e-05
-0.00306323770534
8.92736425457e-05
-0.00297631242808
8.68605561234e-05
-0.00289231102978
8.39479189804e-05
-0.00281168837417
8.05798552944e-05
-0.00273485426883
7.68010247574e-05
-0.00266217375337
7.26558683841e-05
-0.0025939680337
6.81879637747e-05
-0.00253051594839
6.34394917877e-05
-0.00247205585497
5.8450813186e-05
-0.00241878782951
5.3260150399e-05
-0.00237087608068
4.79033670787e-05
-0.0023284514886
4.24138367877e-05
-0.00229161418893
3.68223909964e-05
-0.00226043613342
3.11573360766e-05
-0.00223496356831
2.54445292002e-05
-0.00221521938213
1.97075032594e-05
-0.00220120528369
1.39676314915e-05
-0.00219290377988
8.24432338502e-06
-0.00219027993008
2.55524417291e-06
-0.00219328286127
-3.08344890367e-06
-0.00220184703341
-8.65685946728e-06
-0.00221589325004
-1.41510992061e-05
-0.00223532941313
-1.95530338446e-05
-0.00226005102523
-2.48500317331e-05
-0.00228994144512
-3.00297184562e-05
-0.00232487190595
-3.50797404017e-05
-0.00236470130768
-3.99875400722e-05
-0.00240927579807
-4.47401457841e-05
-0.00245842815884
-4.93239782595e-05
-0.00251197701647
-5.3724676851e-05
-0.00256972589955
-5.79269482705e-05
-0.00263146216788
-6.19144407467e-05
-0.0026969558416
-6.56696472247e-05
-0.00276595836244
-6.91738410699e-05
-0.00283820132321
-7.24070484687e-05
-0.00291339520592
-7.53480618902e-05
-0.00299122817354
-7.7974499044e-05
-0.00307136496538
-8.02629122091e-05
-0.00315344595088
-8.21889526642e-05
-0.00323708640104
-8.37275945262e-05
-0.00332187604128
-8.48534221522e-05
-0.00340737895296
-8.55409842845e-05
-0.00349313389288
-8.57652167075e-05
-8.55019339207e-05
-0.00367965493601
-0.00376307882619
-0.00384464931368
-0.00392380299759
-0.00399996618806
-0.00407255987372
-0.00414100543672
-0.00420473107547
-0.0042631788651
-0.0043158123533
-0.00436212455566
-0.00440164618209
-0.00443395389598
-0.00445867838246
-0.00447551198478
-0.00448421565883
-0.0044846249985
-0.00447665509949
-0.00446030405644
-0.00443565492781
-0.00440287605335
-0.00436221966735
-0.00431401881436
-0.00425868263867
-0.00419669018114
-0.0041285828719
-0.00405495595346
-0.00397644910159
-0.00389373653072
-0.00380751687529
-0.00371850312985
-0.00362741290935
-0.00353495926025
-0.00344184221456
-0.0033487412363
-0.00325630866526
-0.00316516421947
-0.00307589057693
-0.0029890300208
-0.00290508210182
-0.00282450224653
-0.00274770122177
-0.00267504535339
-0.00260685738961
-0.00254341789783
-0.00248496708464
-0.00243170693424
-0.00238380356717
-0.00234138973038
-0.00230456733938
-0.00227341000331
-0.00224796547411
-0.00222825797085
-0.00221429033936
-0.00220604601597
-0.0022034907718
-0.00220657422071
-0.00221523108017
-0.00222938217938
-0.00224893521323
-0.00227378524496
-0.00230381496342
-0.00233889470382
-0.00237888224389
-0.00242362238968
-0.00247294636794
-0.00252667104479
-0.00258459799306
-0.00264651243381
-0.00271218208104
-0.00278135592211
-0.00285376297058
-0.00292911103247
-0.00300708553151
-0.00308734844373
-0.00316953739639
-0.00325326499092
-0.00333811841307
-0.00342365939736
-0.00350942461407
)
;

boundaryField
{
    left
    {
        type            cyclic;
        value           nonuniform List<scalar> 
81
(
0.00359492654808
0.00357865510084
0.0035461032877
0.0034972539461
0.00343208303565
0.00335056173279
0.00325265930557
0.00313834684239
0.00300760192312
0.00286041434313
0.00269679301524
0.00251677419167
0.00232043116617
0.00210788561279
0.00187932073267
0.00163499636144
0.001375266158
0.00110059695859
0.000811590282161
0.000509005866102
0.000193786934741
-0.000132913323411
-0.000469704880161
-0.000814934762778
-0.00116666329523
-0.0015226447034
-0.00188031453819
-0.00223678672867
-0.00258886328952
-0.00293305964831
-0.00326564809537
-0.00358272089641
-0.00388027307034
-0.00415430279398
-0.00440092500768
-0.00461649126228
-0.00479770698392
-0.00494173743832
-0.00504629581122
-0.00510970924172
-0.00513096067744
-0.00510970924172
-0.00504629581122
-0.00494173743832
-0.00479770698392
-0.00461649126228
-0.00440092500768
-0.00415430279398
-0.00388027307034
-0.00358272089641
-0.00326564809537
-0.00293305964831
-0.00258886328952
-0.00223678672867
-0.00188031453819
-0.0015226447034
-0.00116666329523
-0.000814934762781
-0.000469704880164
-0.000132913323414
0.000193786934737
0.000509005866099
0.000811590282158
0.00110059695859
0.00137526615799
0.00163499636143
0.00187932073266
0.00210788561279
0.00232043116617
0.00251677419167
0.00269679301524
0.00286041434312
0.00300760192307
0.00313834684254
0.00325265930549
0.00335056173268
0.00343208303585
0.00349725394599
0.00354610328762
0.00357865510101
0.00359492654799
)
;
    }
    right
    {
        type            cyclic;
        value           nonuniform List<scalar> 
81
(
-0.00359492654808
-0.00357865510084
-0.0035461032877
-0.0034972539461
-0.00343208303565
-0.00335056173279
-0.00325265930557
-0.00313834684239
-0.00300760192312
-0.00286041434313
-0.00269679301524
-0.00251677419167
-0.00232043116617
-0.00210788561279
-0.00187932073267
-0.00163499636144
-0.001375266158
-0.00110059695859
-0.000811590282161
-0.000509005866102
-0.000193786934741
0.000132913323411
0.000469704880161
0.000814934762778
0.00116666329523
0.0015226447034
0.00188031453819
0.00223678672867
0.00258886328952
0.00293305964831
0.00326564809537
0.00358272089641
0.00388027307034
0.00415430279398
0.00440092500768
0.00461649126228
0.00479770698392
0.00494173743832
0.00504629581122
0.00510970924172
0.00513096067744
0.00510970924172
0.00504629581122
0.00494173743832
0.00479770698392
0.00461649126228
0.00440092500768
0.00415430279398
0.00388027307034
0.00358272089641
0.00326564809537
0.00293305964831
0.00258886328952
0.00223678672867
0.00188031453819
0.0015226447034
0.00116666329523
0.000814934762781
0.000469704880164
0.000132913323414
-0.000193786934737
-0.000509005866099
-0.000811590282158
-0.00110059695859
-0.00137526615799
-0.00163499636143
-0.00187932073266
-0.00210788561279
-0.00232043116617
-0.00251677419167
-0.00269679301524
-0.00286041434312
-0.00300760192307
-0.00313834684254
-0.00325265930549
-0.00335056173268
-0.00343208303585
-0.00349725394599
-0.00354610328762
-0.00357865510101
-0.00359492654799
)
;
    }
    bottom
    {
        type            cyclic;
        value           nonuniform List<scalar> 
81
(
-1.31893641339e-15
-7.46318472639e-16
-2.08752721318e-15
-1.89749911316e-15
-1.58004593965e-15
-1.34419196501e-15
-1.17968844757e-15
-1.0563259936e-15
-9.52660378635e-16
-8.65409498346e-16
-7.98569273958e-16
-7.510061507e-16
-7.16809129098e-16
-6.86701952046e-16
-6.54516311309e-16
-6.23632906049e-16
-5.98343448957e-16
-5.83472776773e-16
-5.76664510497e-16
-5.73889540585e-16
-5.70934052672e-16
-5.683834109e-16
-5.66532426021e-16
-5.68269325822e-16
-5.74246031443e-16
-5.837717123e-16
-5.94797830244e-16
-6.05724236674e-16
-6.13525192223e-16
-6.20087534364e-16
-6.26556789336e-16
-6.35478448971e-16
-6.4595494576e-16
-6.56694433696e-16
-6.69183319819e-16
-6.79495043066e-16
-6.88031287458e-16
-6.94663911265e-16
-6.99146669018e-16
-7.0357369148e-16
-7.04683528968e-16
-7.07810518455e-16
-7.09965485478e-16
-7.12298648919e-16
-7.09401623186e-16
-7.07663474806e-16
-7.00175058386e-16
-6.89657756806e-16
-6.78949436622e-16
-6.69548714103e-16
-6.66794359314e-16
-6.71401844438e-16
-6.83018699202e-16
-6.97762308202e-16
-7.12325855082e-16
-7.23853571369e-16
-7.31397695678e-16
-7.41072752411e-16
-7.51817349347e-16
-7.66886143996e-16
-7.89334016458e-16
-8.16387342798e-16
-8.51250507825e-16
-8.92709008564e-16
-9.32691991474e-16
-9.70155780796e-16
-9.99081357768e-16
-1.03316281947e-15
-1.0876987636e-15
-1.16479675221e-15
-1.24980922604e-15
-1.32483354864e-15
-1.38833037296e-15
-1.46955506685e-15
-1.59331591901e-15
-1.76256777697e-15
-1.97461042272e-15
-2.23029588576e-15
-2.33767720431e-15
-8.55402423779e-16
-1.31922504844e-15
)
;
    }
    top
    {
        type            cyclic;
        value           nonuniform List<scalar> 
81
(
1.31893641339e-15
7.46318472639e-16
2.08753382316e-15
1.89749911316e-15
1.58005254963e-15
1.34419857499e-15
1.17968844757e-15
1.05633260358e-15
9.52660378635e-16
8.65409498346e-16
7.98569273958e-16
7.510061507e-16
7.16809129098e-16
6.86699473303e-16
6.54515485062e-16
6.23632492925e-16
5.98343429592e-16
5.83473603021e-16
5.76664510497e-16
5.73889540585e-16
5.70932400177e-16
5.68386715891e-16
5.66535731011e-16
5.68269325822e-16
5.74249336434e-16
5.83778322281e-16
5.94797830244e-16
6.05727541665e-16
6.13531802204e-16
6.20087534364e-16
6.26563399317e-16
6.35485058952e-16
6.4595494576e-16
6.56704348668e-16
6.69183319819e-16
6.79495043066e-16
6.88037897439e-16
6.94663911265e-16
6.99153279e-16
7.03580301461e-16
7.04690138949e-16
7.07817128437e-16
7.09962180488e-16
7.12298648919e-16
7.09404928177e-16
7.07670084787e-16
7.00181668367e-16
6.89657756806e-16
6.7894282664e-16
6.69550366598e-16
6.66794359314e-16
6.71405149429e-16
6.83018699202e-16
6.97762308202e-16
7.12326268206e-16
7.23799051417e-16
7.31397695678e-16
7.41072752411e-16
7.51817349347e-16
7.66885317748e-16
7.89334016458e-16
8.16387342798e-16
8.51248855329e-16
8.92704051078e-16
9.32691991474e-16
9.7015082331e-16
9.99081357768e-16
1.03315786198e-15
1.0876987636e-15
1.16479675221e-15
1.24980922604e-15
1.32483354864e-15
1.38833037296e-15
1.46955506685e-15
1.59330236648e-15
1.76257438695e-15
1.97462364268e-15
2.23029588576e-15
2.33767720431e-15
8.55415643741e-16
1.31922504844e-15
)
;
    }
    frontAndBack
    {
        type            empty;
        value           nonuniform List<scalar> 0();
    }
}


// ************************************************************************* //
