/*--------------------------------*- C++ -*----------------------------------*\
| =========                 |                                                 |
| \\      /  F ield         | OpenFOAM: The Open Source CFD Toolbox           |
|  \\    /   O peration     | Version:  v2106                                 |
|   \\  /    A nd           | Website:  www.openfoam.com                      |
|    \\/     M anipulation  |                                                 |
\*---------------------------------------------------------------------------*/
FoamFile
{
    version     2.0;
    format      ascii;
    arch        "LSB;label=32;scalar=64";
    class       volScalarField;
    location    "7.5";
    object      T;
}
// * * * * * * * * * * * * * * * * * * * * * * * * * * * * * * * * * * * * * //

dimensions      [0 0 0 1 0 0 0];

internalField   nonuniform List<scalar> 
6561
(
4.54732658103e-05
6.50233572272e-05
9.37351957774e-05
0.000134929444134
0.00019312493608
0.000274345467903
0.000386492953403
0.00053978834974
0.000747278760895
0.00102540471559
0.00139461574703
0.001880015114
0.00251200595907
0.00332690169947
0.00436745343539
0.00568323721203
0.00733083474414
0.00937373338465
0.0118818653024
0.0149307024527
0.0185998231408
0.0229708675822
0.0281248033093
0.0341384258107
0.0410800247634
0.0490041518428
0.0579454345477
0.0679113977038
0.0788742925874
0.0907620146523
0.103448348546
0.116743060029
0.130382810737
0.144024538622
0.157243793816
0.169541369765
0.180362007958
0.189128308864
0.195290526373
0.198388430734
0.198115815666
0.194373581743
0.187296322649
0.177243367667
0.164755762901
0.150490437111
0.135146649322
0.119398543348
0.103843122108
0.0889675128732
0.0751348779522
0.0625855478268
0.0514488492163
0.0417611842664
0.0334866531961
0.0265374873705
0.0207925154485
0.0161126923732
0.0123533350079
0.00937313307591
0.00704026684481
0.00523609882141
0.00385695040215
0.0028144564261
0.00203493562247
0.00145814179649
0.00103568260301
0.000729318696146
0.000509291042705
0.000352770623413
0.000242483072667
0.000165530225246
0.000112409552431
7.6219292035e-05
5.20299071043e-05
3.6399711368e-05
2.70126945113e-05
2.24186692332e-05
2.18590187906e-05
2.51649573198e-05
3.27189222584e-05
3.98770547429e-05
5.70058743128e-05
8.21206739168e-05
0.000118105268468
0.000168876099135
0.000239643633157
0.000337228847897
0.00047043520063
0.00065047368154
0.000891434516433
0.00121079379619
0.00162993681581
0.00217467237165
0.00287570398154
0.00376901538287
0.00489611926998
0.00630411068255
0.0080454604109
0.0101774798664
0.0127613875784
0.0158609091491
0.019540347222
0.023862065703
0.0288833429857
0.0346525623728
0.0412047251379
0.0485562952205
0.0566994194672
0.0655956226765
0.0751691664943
0.0853004045002
0.0958196841515
0.106502655558
0.117068240755
0.127180938135
0.136459442004
0.144493494867
0.150870130673
0.155208744946
0.157201797126
0.156655026007
0.153518988589
0.147903864905
0.140072807771
0.130414575197
0.119401364087
0.107540440068
0.0953280507285
0.0832119626682
0.0715659434093
0.0606766774704
0.0507415769594
0.0418748687102
0.0341190600331
0.0274591376114
0.021837382908
0.017167300156
0.0133457288031
0.0102626894394
0.00780886988202
0.00588090008697
0.00438470757982
0.00323731070976
0.00236741692591
0.00171516674621
0.00123131686682
0.000876099854608
0.000617941429595
0.000432164777988
0.000299767511182
0.000206321881226
0.000141022528004
9.5887470807e-05
6.51059946383e-05
4.45201393173e-05
3.12233672539e-05
2.32595224243e-05
1.94064691887e-05
1.90311005119e-05
2.20052082385e-05
2.86746478758e-05
3.46060490938e-05
4.94530140533e-05
7.11865912683e-05
0.000102283600915
0.000146100854692
0.000207095223712
0.00029108880879
0.000405578860276
0.000560089529514
0.000766558920114
0.00103975023082
0.00139767010826
0.00186197082284
0.00245830582568
0.00321660103674
0.00417119736602
0.00536081406577
0.00682827818305
0.00861996323628
0.0107848808033
0.0133733723883
0.0164353559732
0.0200180921853
0.0241634491566
0.0289046632355
0.0342626156374
0.0402416748468
0.0468251946008
0.0539708131985
0.0616057793521
0.0696226415839
0.077875789157
0.0861795215255
0.0943085306113
0.102001854081
0.108971401989
0.114915934529
0.119540726995
0.12258202417
0.123833873645
0.123173421917
0.120579870825
0.116142657818
0.11005634418
0.102602641438
0.0941228590203
0.0849857644444
0.0755560740298
0.0661677906463
0.0571049409357
0.0485905280935
0.040783120413
0.033779616269
0.0276223502253
0.022308716869
0.0178017443155
0.0140404194497
0.0109489572199
0.00844455777273
0.00644347839304
0.00486545344621
0.00363662928571
0.00269125380727
0.00197238608128
0.00143188429042
0.00102990239432
0.000734087504735
0.000518628299838
0.000363264968864
0.000252336169504
0.000173909741894
0.000119021756988
8.10324501902e-05
5.5096854758e-05
3.77414844074e-05
2.65351997263e-05
1.98415070069e-05
1.66402102905e-05
1.64079613765e-05
1.90493749198e-05
2.48726711329e-05
2.97211639981e-05
4.24535088086e-05
6.10613208407e-05
8.76486023907e-05
0.000125060966163
0.000177068723716
0.000248586408254
0.000345927849776
0.000477093621555
0.000652084497212
0.000883230499685
0.00118552026127
0.0015769099124
0.00207858484265
0.00271514180264
0.00351465341043
0.00450857273038
0.00573143278496
0.00722029520843
0.0090139042587
0.0111515074798
0.0136713127297
0.0166085632413
0.0199932280296
0.0238473245624
0.0281819147724
0.032993845396
0.0382623412185
0.0439456079141
0.0499776631124
0.0562656927308
0.0626883241878
0.0690953115615
0.0753092203428
0.0811297433788
0.0863412168375
0.0907236646477
0.0940672226548
0.0961890757167
0.0969511836161
0.0962763060445
0.0941594828669
0.0906724734561
0.0859597939867
0.0802266373786
0.0737205755862
0.0667100043229
0.0594625579626
0.0522262653411
0.0452153023632
0.0386011462929
0.0325090092979
0.0270187704622
0.0221692712228
0.0179647493118
0.0143822860984
0.0113793522467
0.00890078976266
0.00688481674954
0.00526785537698
0.00398814999414
0.0029882584823
0.00221657034394
0.00162803787764
0.00118431158826
0.000853456900506
0.000609404193274
0.000431254393331
0.000302532350324
0.000210452860429
0.000145241097562
9.95309354314e-05
6.78511013613e-05
4.61997767017e-05
3.17024258963e-05
2.2344522892e-05
1.67697217528e-05
1.41342613885e-05
1.40094970758e-05
1.63260278105e-05
2.13546552081e-05
2.52632524046e-05
3.60668950338e-05
5.18304269207e-05
7.43217760002e-05
0.000105927010475
0.00014980089023
0.000210046459373
0.00029192246182
0.0004020753407
0.000548789834956
0.000742248728193
0.000994788215404
0.00132113079238
0.00173857278982
0.00226709900973
0.00292939280076
0.00375070681477
0.00475855813581
0.00598221196821
0.00745192105994
0.00919789388273
0.0112489735323
0.0136310214921
0.0163650159022
0.019464892882
0.022935182
0.0267685136422
0.0309431075579
0.0354203892198
0.040142924574
0.0450329138608
0.0499915384422
0.0548995030139
0.0596191438852
0.0639984577762
0.0678773125774
0.0710958986608
0.0735051478879
0.0749784048181
0.075423154755
0.0747912301668
0.0730857956631
0.0703636840341
0.0667323396844
0.0623415711169
0.0573712486998
0.0520167371623
0.0464740752114
0.0409267131197
0.0355351163766
0.0304299119948
0.0257086513148
0.0214357939764
0.0176452260523
0.0143445059899
0.0115200503349
0.00914258131572
0.00717231592737
0.00556354544172
0.00426841053211
0.00323980611967
0.002433445831
0.0018091788963
0.00133168648712
0.000970695872023
0.000700845815206
0.000501321358891
0.000355355539224
0.00024967350705
0.000173933583457
0.000120201548593
8.2479672734e-05
5.63007746686e-05
3.83896627125e-05
2.63891894904e-05
1.86452621886e-05
1.40439327124e-05
1.18936466222e-05
1.18464422683e-05
1.38530388932e-05
1.81480923551e-05
2.12544045289e-05
3.03254092526e-05
4.35395497368e-05
6.23664049466e-05
8.87851957277e-05
0.000125407160816
0.000175620775844
0.000243758418915
0.000335281341776
0.000456977472847
0.00061716368221
0.000825880760831
0.00109506565823
0.00143868171267
0.00187278400106
0.0024154939072
0.00308685497884
0.00390854156127
0.00490339298529
0.0060947496228
0.00750557319038
0.00915734244957
0.0110687269779
0.0132540559321
0.0157216155958
0.01847182891
0.0214953920921
0.0247714678322
0.0282660613233
0.0319307340109
0.0357018388731
0.0395004868295
0.0432334700452
0.046795364043
0.050071992259
0.0529453474862
0.0552999109254
0.0570300891859
0.0580482222289
0.0582923499836
0.0577327381625
0.056376139158
0.0542669615091
0.0514849391605
0.0481394465517
0.0443611560772
0.0402921370345
0.036075660528
0.0318468915863
0.0277253736103
0.0238098325904
0.0201754423342
0.0168733678119
0.0139321800173
0.0113606206522
0.00915117519367
0.00728396376592
0.00573055306148
0.00445740440689
0.0034287837203
0.00260905580031
0.00196436137406
0.00146372865772
0.00107970324566
0.000788594368349
0.000570436256414
0.000408754888639
0.000290216679635
0.000204219804128
0.000142473127279
9.85935747086e-05
6.77410080924e-05
4.63005297265e-05
3.16155234086e-05
2.17703383384e-05
1.54189287897e-05
1.16545489342e-05
9.91537664533e-06
9.92136906351e-06
1.16384696792e-05
1.52672878198e-05
1.76999899153e-05
2.52369738102e-05
3.61988742585e-05
5.17942725849e-05
7.36474347763e-05
0.000103896659033
0.000145310355856
0.000201419408282
0.000276662880237
0.000376542193291
0.000507776507267
0.000678449298728
0.00089813317317
0.0011779769761
0.00153073655312
0.00197072837339
0.00251368403243
0.00317648376174
0.00397674884016
0.00493227651805
0.00606030693326
0.00737661960618
0.00889446741821
0.0106233683609
0.0125677895478
0.0147257737059
0.0170875752654
0.0196343908085
0.0223372864439
0.0251564416634
0.0280408437121
0.0309285755673
0.0337478397619
0.0364188430771
0.0388566257726
0.0409748458632
0.0426904196331
0.0439287775956
0.0446293364351
0.0447506428752
0.0442745572749
0.04320885612
0.0415877702541
0.039470233265
0.0369359453277
0.0340796866897
0.031004564045
0.0278149895157
0.0246101625448
0.021478673887
0.018494625935
0.0157154187415
0.01318113185
0.0109152677028
0.00892652461857
0.00721123331738
0.00575610859651
0.00454102065388
0.00354156220875
0.00273126389998
0.00208338107104
0.00157223354737
0.00117412346338
0.000867884424086
0.000635129976296
0.000460273228077
0.000330385551582
0.000234953554596
0.000165582386341
0.000115681844145
8.01609611769e-05
5.51475344768e-05
3.77417207292e-05
2.58073993587e-05
1.78012969781e-05
1.26376005203e-05
9.58464221267e-06
8.18991462405e-06
8.22990361481e-06
9.68179468846e-06
1.27148449379e-05
1.4591200295e-05
2.07889155789e-05
2.97886528837e-05
4.25738773026e-05
6.04635122118e-05
8.51900939873e-05
0.000118991512994
0.000164714922063
0.000225930159514
0.00030704843365
0.000413440083687
0.000551543044644
0.000728951326923
0.000954470554335
0.00123812561721
0.001591104063
0.00202561826213
0.00255466995207
0.00319170274911
0.00395013183836
0.00484274543595
0.00588097977787
0.00707407822548
0.00842815536759
0.00994519841312
0.011622050294
0.0134494312486
0.01541106765
0.0174830077602
0.0196332129618
0.021821518405
0.0240000568778
0.0261142311998
0.028104299969
0.0299076052099
0.0314614153461
0.0327062825284
0.0335897241946
0.0340699461365
0.0341192468865
0.0337267042058
0.0328997656977
0.0316644589579
0.030064096283
0.0281565484925
0.0260103610194
0.0237001402939
0.0213017184794
0.0188875988467
0.0165231022338
0.0142635018137
0.0121522795112
0.0102204914015
0.00848711211769
0.00696015066108
0.0056382938377
0.0045128337809
0.00356966355098
0.00279116918049
0.00215789792214
0.00164993289113
0.00124794824264
0.000933953392643
0.000691758574829
0.000507207805934
0.00036823068368
0.000264763422299
0.000188584266876
0.000133100827518
9.31184686946e-05
6.46107792332e-05
4.45060229702e-05
3.04976724914e-05
2.08827417353e-05
1.44285664328e-05
1.0266744824e-05
7.81191462712e-06
6.7026751454e-06
6.76205831632e-06
7.97533590158e-06
1.0483483669e-05
1.19078568734e-05
1.6952068532e-05
2.42652658657e-05
3.46393819994e-05
4.91342324744e-05
6.91389395276e-05
9.64436310227e-05
0.0001333200896
0.000182609014527
0.00024781026443
0.000333170908407
0.00044376419617
0.000585550775975
0.000765411795866
0.000991142112731
0.00127139092992
0.00161553702719
0.00203348657187
0.00253538351075
0.00313122588363
0.00383038613551
0.00464103959396
0.00556951257121
0.00661956978587
0.00779166961254
0.00908222461736
0.010482913414
0.0119800974984
0.0135544027334
0.0151805287663
0.0168273498527
0.018458366052
0.0200325529394
0.0215056390528
0.0228318116127
0.0239658117943
0.0248653319469
0.0254935724658
0.0258217629573
0.0258314117757
0.025516032562
0.0248821171216
0.0239491859815
0.0227488469359
0.0213229129724
0.0197207518017
0.0179961359811
0.0162039170095
0.0143968506731
0.0126228576087
0.0109229249013
0.00932975873905
0.00786720216618
0.00655034995063
0.00538623346751
0.00437491565376
0.00351082818239
0.00278419539356
0.00218241589244
0.00169130647972
0.0012961483718
0.000982508022488
0.000736831408899
0.000546830050533
0.000401689214018
0.000292134529035
0.000210393924956
0.000150088897388
0.000106084064938
7.43179888371e-05
5.163221383e-05
3.56100518811e-05
2.44321036298e-05
1.67520147889e-05
1.15934650489e-05
8.26776419352e-06
6.31051985742e-06
5.43547065526e-06
5.50358683981e-06
6.50579078643e-06
8.55802987362e-06
9.62126852821e-06
1.36849457923e-05
1.95673574169e-05
2.78996229932e-05
3.9524570106e-05
5.55444858891e-05
7.73765384352e-05
0.000106814674783
0.000146095983197
0.000197968476073
0.00026575603967
0.000353414970765
0.00046557517397
0.000607557856173
0.000785360585786
0.00100560006592
0.00127540309085
0.00160223709331
0.00199367359188
0.00245708080359
0.00299924571184
0.00362593089616
0.00434137726276
0.00514777019385
0.00604469320107
0.00702859950756
0.00809233762935
0.00922477148411
0.0104105383039
0.0116299881084
0.0128593460746
0.014071133116
0.0152348695683
0.0163180713313
0.0172875266016
0.0181108145704
0.0187579963172
0.0192033753921
0.0194271958283
0.0194171247433
0.0191693619988
0.0186892361175
0.017991185999
0.0170980890899
0.0160399702612
0.0148521994416
0.0135733467712
0.0122429008398
0.010899062805
0.00957680729248
0.00830635589144
0.00711215013182
0.0060123484911
0.00501881555336
0.00413752766993
0.00336929190179
0.00271066411724
0.00215495586021
0.00169323439833
0.00131524194259
0.00101018425395
0.000767362257547
0.000576640410294
0.000428761016308
0.000315524031731
0.000229857465662
0.000165805070593
0.000118456658639
8.38431368358e-05
5.88141626625e-05
4.09119177482e-05
2.82503970573e-05
1.94061166939e-05
1.33233881811e-05
9.23529726474e-06
6.60018793185e-06
5.05267261603e-06
4.36783945448e-06
4.43728422995e-06
5.25575066996e-06
6.91742906652e-06
7.69696314868e-06
1.09377204159e-05
1.56216669961e-05
2.22466272934e-05
3.14760311131e-05
4.41756391521e-05
6.14559200234e-05
8.47190345891e-05
0.000115708730903
0.000156560642907
0.000209849549367
0.000278629141007
0.000366458844266
0.000477411366214
0.000616053985747
0.000787396365052
0.000996797937434
0.00124982887532
0.00155208035504
0.0019089223615
0.00232521059783
0.00280494808496
0.00335091157326
0.00396425768575
0.00464412844746
0.00538728016122
0.00618776308418
0.00703668165247
0.00792206572758
0.00882888214904
0.00973921244071
0.01063261652
0.0114866934188
0.0122778381415
0.0129821788693
0.0135766611526
0.0140402265192
0.0143550138671
0.0145074958092
0.0144894521745
0.0142986826461
0.0139393727833
0.0134220533524
0.0127631302702
0.0119840070371
0.0111098666024
0.0101682177847
0.00918733626787
0.00819473794157
0.00721581230686
0.0062727183775
0.00538360985676
0.00456221642102
0.00381776965813
0.00315523045399
0.00257575252809
0.00207730560067
0.00165538077737
0.00130370828733
0.00101493106625
0.000781193983115
0.000594625177642
0.000447700990229
0.000333498029271
0.000245844454312
0.000179387580482
0.000129596880195
9.27210632482e-05
6.57159209787e-05
4.61567368275e-05
3.21458809511e-05
2.22231458969e-05
1.52837110241e-05
1.05064764545e-05
7.29391104563e-06
5.2234729577e-06
4.01000729725e-06
3.47820944802e-06
3.54417213591e-06
4.20512561214e-06
5.5366633311e-06
6.09715742716e-06
8.65581835207e-06
1.23482715471e-05
1.7563231286e-05
2.4817648866e-05
3.47846606634e-05
4.83256467223e-05
6.65255085413e-05
9.07297621414e-05
0.000122581414866
0.000164054879532
0.000217483424061
0.000285575925504
0.000371418080776
0.000478452824812
0.000610434631565
0.000771352733582
0.000965319186409
0.00119641918911
0.00146852317035
0.00178506282302
0.00214877641398
0.00256143213842
0.00302354180069
0.00353408040708
0.00409023005202
0.00468716846737
0.00531792350622
0.00597331441419
0.00664199881998
0.00731064082521
0.00796421032055
0.00858641669081
0.00916027146229
0.00966876439074
0.0100956263914
0.0104261412741
0.0106479575563
0.0107518431695
0.010732321409
0.0105881277815
0.0103224358121
0.00994281578644
0.00946091290386
0.00889185803621
0.00825345167643
0.0075651856584
0.00684718409569
0.00611915209943
0.00539941722645
0.0047041351042
0.00404670964353
0.00343745306289
0.00288348532208
0.00238884988893
0.00195480558852
0.00158024402398
0.0012621789224
0.000996256922332
0.000777247229789
0.000599478319845
0.000457201560278
0.00034487268665
0.00025735133297
0.000190025705834
0.000138873840499
0.000100474913499
7.19842549594e-05
5.10845475795e-05
3.59237533654e-05
2.50480320427e-05
1.73356525204e-05
1.19358784911e-05
8.21515285709e-06
5.71165174054e-06
4.0984086537e-06
3.15467042629e-06
2.74487105294e-06
2.80452803956e-06
3.33241405478e-06
4.38847985508e-06
4.78287552367e-06
6.78299383556e-06
9.66505371964e-06
1.37295407698e-05
1.93752538923e-05
2.71203533835e-05
3.76263599757e-05
5.17243604275e-05
7.04422779304e-05
9.50315857815e-05
0.000126991304617
0.00016808656582
0.000220358500897
0.000286121797438
0.000367946026547
0.000468616879204
0.000591073830196
0.000738321543823
0.000913313583834
0.00111880869019
0.00135720198933
0.00163033591037
0.00193929813405
0.00228421640713
0.00266406228497
0.00307647758446
0.00351763831673
0.00398217093789
0.00446313477555
0.00495208239251
0.00543920643487
0.00591357724298
0.0063634702985
0.00677677660761
0.00714148261556
0.00744619952828
0.00768071542078
0.00783653783096
0.00790739041553
0.00788962553736
0.00778251620099
0.00758839619331
0.00731262681969
0.00696338182733
0.00655125782748
0.00608873398478
0.00558951976515
0.00506784096241
0.0045377203086
0.00401230873646
0.00350331679335
0.00302058377237
0.00257180658961
0.00216243353228
0.00179571202634
0.00147286650224
0.00119337362441
0.000955298158923
0.000755653372749
0.000590754242872
0.000456538671099
0.000348839997
0.000263602144793
0.000197035781814
0.000145719324372
0.000106652279099
7.72703288268e-05
5.54320386609e-05
3.93864498317e-05
2.77295425665e-05
1.93559387002e-05
1.34105566328e-05
9.24341499362e-06
6.36951481075e-06
4.4347548298e-06
3.18814559247e-06
2.46015067231e-06
2.1467496707e-06
2.19873536014e-06
2.61577796996e-06
3.44487057467e-06
3.71566971646e-06
5.26382039111e-06
7.49130381791e-06
1.06281081718e-05
1.49788545459e-05
2.09384870476e-05
2.90100537941e-05
3.98239690976e-05
5.41578431095e-05
7.29556030231e-05
9.73442300666e-05
0.000128646030703
0.000168383992124
0.000218277495222
0.000280225533916
0.000356274681582
0.000448569411175
0.000559283059597
0.00069052874917
0.000844250927368
0.00102209980948
0.00122529281442
0.00145446893967
0.0017095437655
0.00198957423041
0.00229264330294
0.00261577503304
0.00295489008466
0.00330481067086
0.00365932184114
0.00401129337287
0.00435286322116
0.00467567974639
0.00497119595401
0.00523100495367
0.00544720199035
0.00561275495724
0.00572186254385
0.00577027741887
0.00575557145077
0.00567732128657
0.00553719592842
0.00533893339371
0.00508820098331
0.00479234264716
0.0044600266186
0.00410081580387
0.00372469114462
0.00334156316825
0.00296080834335
0.00259086428388
0.00223891151271
0.00191066020957
0.00161024940959
0.00134025500078
0.00110179307744
0.000894697922289
0.000717749803912
0.00056892701148
0.000445658710685
0.000345059523281
0.000264132257055
0.000199931007619
0.000149682145285
0.000110864969441
8.12568101722e-05
5.89490716696e-05
4.23413070907e-05
3.0120151307e-05
2.12291074776e-05
1.48340560702e-05
1.02881492985e-05
7.09862457256e-06
4.89710992572e-06
3.41424298455e-06
2.45888536595e-06
1.901864664e-06
1.66398211087e-06
1.70794728259e-06
2.03390504385e-06
2.67827170726e-06
2.8589331837e-06
4.04558493189e-06
5.75044259097e-06
8.14781797372e-06
1.14681313375e-05
1.60094903595e-05
2.21507311475e-05
3.03654306971e-05
4.12361704127e-05
5.54680602643e-05
7.39002397663e-05
9.75137807336e-05
0.000127434161873
0.000164926308288
0.000211380136232
0.000268284661599
0.000337189060664
0.000419649641752
0.000517162505327
0.000631082719079
0.000762532065387
0.000912298749703
0.0010807337808
0.00126764991761
0.00147222998451
0.00169295185756
0.00192753741454
0.00217293215676
0.00242532103973
0.0026801843382
0.00293239521739
0.00317635822706
0.00340618534504
0.00361590364034
0.00379968626017
0.0039520964024
0.00406833231836
0.00414446028738
0.00417762199646
0.00416620293656
0.00410994940198
0.00401002356715
0.00386898900765
0.00369072295445
0.00348025641693
0.00324354880558
0.0029872093574
0.0027181828682
0.00244342122669
0.00216956431695
0.00190265349959
0.00164789793232
0.00140950870752
0.00119060883733
0.000993219477728
0.000818315536676
0.000665937944849
0.000535346070499
0.000425192326095
0.00033370182034
0.000258842497147
0.000198474916805
0.000150474971998
0.000112826774928
8.36862545674e-05
6.14184200555e-05
4.46127205962e-05
3.20815524691e-05
2.28469070829e-05
1.61196325073e-05
1.12749995705e-05
7.82739303278e-06
5.40611283497e-06
3.73354721789e-06
2.60640543164e-06
1.88027929548e-06
1.45752668198e-06
1.27831193639e-06
1.31457022235e-06
1.56665718159e-06
2.06247732505e-06
2.17882446692e-06
3.07961529941e-06
4.37191406979e-06
6.18656055089e-06
8.69617449316e-06
1.21236167891e-05
1.67514593806e-05
2.29320755645e-05
3.10977907013e-05
4.17703343188e-05
5.55686219304e-05
7.32136887017e-05
9.55294238748e-05
0.000123437646239
0.000157946051424
0.000200127685241
0.000251090881977
0.000311939069894
0.000383720489296
0.000467368671123
0.000563635442307
0.000673019189918
0.000795692041179
0.000931430399758
0.00107955381671
0.00123887737523
0.00140768256513
0.00158371098601
0.00176418416219
0.00194585134275
0.00212506549904
0.00229788595711
0.00246020435924
0.00260788907595
0.00273694189726
0.00284365989003
0.00292479473837
0.00297770167271
0.00300047020182
0.00299202925469
0.00295222000606
0.00288183063142
0.0027825885877
0.00265710784078
0.00250879083593
0.00234168793343
0.00216032037628
0.00196947631854
0.00177399255793
0.00157853683026
0.00138740631698
0.00120435705312
0.00103247616157
0.000874104572468
0.000730812709056
0.000603426314861
0.000492094956014
0.000396392393383
0.000315436340251
0.000248015138245
0.000192710343874
0.000148006674078
0.000112383690193
8.43865185344e-05
6.26754384707e-05
4.60560906507e-05
3.34932913918e-05
2.41120257178e-05
1.71892497686e-05
1.21398169246e-05
8.49930537007e-06
5.90590002922e-06
4.08286743257e-06
2.82262132642e-06
1.97294170377e-06
1.42558853541e-06
1.10733592888e-06
9.73325868974e-07
1.00258259753e-06
1.19551848806e-06
1.57328125321e-06
1.64484419062e-06
2.32210200447e-06
3.29234118434e-06
4.65283622755e-06
6.5316804545e-06
9.09390948059e-06
1.25483113319e-05
1.71546204357e-05
2.32306659332e-05
3.11588997271e-05
4.13915772829e-05
5.44537201331e-05
7.09428734971e-05
9.15246091956e-05
0.000116922738475
0.000147903315654
0.000185251750783
0.000229742717913
0.00028210304199
0.000342968352124
0.000412834964375
0.000492009147599
0.0005805565619
0.000678255163699
0.000784555168409
0.000898549687751
0.00101895937338
0.00114413379291
0.0012720713678
0.00140045858194
0.00152672792265
0.00164813276143
0.00176183624073
0.00186501031172
0.00195494043971
0.00202913118768
0.00208540788328
0.00212200980779
0.0021376707283
0.00213168303499
0.00210394218194
0.00205496855068
0.0019859043177
0.00189848352684
0.00179497449619
0.00167809506017
0.00155090301104
0.00141666636324
0.00127872044727
0.0011403209254
0.00100450313209
0.000873958290615
0.000750935948683
0.000637179476275
0.000533898017223
0.000441774435334
0.000361005173846
0.00029136511068
0.000232288809639
0.000182959158812
0.000142395129841
0.000109531986429
8.32893324293e-05
6.26245383781e-05
4.65710135185e-05
3.42623009297e-05
2.49439834319e-05
1.79759108678e-05
1.28273736624e-05
9.06766409604e-06
6.35410124415e-06
4.4191494638e-06
3.05781098721e-06
2.11607140854e-06
1.48084950723e-06
1.07165821191e-06
8.34017151379e-07
7.34557419684e-07
7.5771101039e-07
9.0386559907e-07
1.18887595876e-06
1.23011747959e-06
1.73449330431e-06
2.45606266283e-06
3.46646689429e-06
4.85987123842e-06
6.75735497337e-06
9.31176259781e-06
1.27127833527e-05
1.71919337352e-05
2.30270130721e-05
3.05454942188e-05
4.01262120398e-05
5.21986367584e-05
6.72389851528e-05
8.57624483525e-05
0.000108310917704
0.000135435782516
0.000167675660832
0.000205529301674
0.000249424346626
0.000299683129003
0.000356487175858
0.000419842508175
0.000489548150095
0.000565170404084
0.0006460253829
0.000731171988075
0.000819416991649
0.000909333146713
0.000999290385265
0.00108749924406
0.00117206478842
0.00125104857609
0.00132253569685
0.00138470368471
0.00143589013505
0.00147465612728
0.00149984297747
0.00151062032031
0.00150652393974
0.00148748205069
0.00145382884976
0.00140630413865
0.00134603779151
0.00127451795447
0.00119354231732
0.00110515272578
0.00101155483078
0.000915026259655
0.000817818628213
0.000722060177719
0.000629666538595
0.00054226684044
0.00046115103506
0.000387242045202
0.000321093581242
0.000262911670615
0.000212595592796
0.000169792354002
0.000133958228032
0.000104421191119
8.04390920729e-05
6.12498409399e-05
4.61114742123e-05
3.43314139434e-05
2.52854139825e-05
1.84274996328e-05
1.32926548865e-05
9.49414547581e-06
6.71726620687e-06
4.71105389567e-06
3.27919011649e-06
2.27099094416e-06
1.57308412599e-06
1.1021296404e-06
7.98755004817e-07
6.22749672847e-07
5.49485254062e-07
5.67489319296e-07
6.77088986059e-07
8.90045888154e-07
9.11441189152e-07
1.28355057887e-06
1.81518006202e-06
2.55860568267e-06
3.58241653707e-06
4.97463366926e-06
6.84613430053e-06
9.33420493878e-06
1.26059799043e-05
1.68614471443e-05
2.23356274499e-05
2.92994654167e-05
3.80589220553e-05
4.89517427762e-05
6.23414037772e-05
7.86078265299e-05
9.81346023269e-05
0.000121292689169
0.000148420825998
0.00017980323919
0.000215645568132
0.00025605027618
0.000300993099753
0.000350302279197
0.000403642371543
0.000460504339185
0.000520203327984
0.000581885102494
0.000644541527598
0.000707034828718
0.000768129697255
0.000826531711482
0.000880930089308
0.000930042534513
0.000972659911686
0.00100768868082
0.00103418939642
0.00105141005114
0.00105881352106
0.00105609874673
0.001043215476
0.00102037236146
0.000988037967797
0.000946933894421
0.000898018910782
0.000842462930302
0.000781609995312
0.000716930300913
0.00064996260338
0.000582249905176
0.000515272726672
0.000450385232558
0.000388759722539
0.000331344372403
0.000278837678595
0.000231681083181
0.000190069113469
0.000153974454019
0.000123183991785
9.73412054377e-05
7.59903130067e-05
5.86182193699e-05
4.46913085448e-05
3.36852764089e-05
2.51072984836e-05
1.8510735097e-05
1.35032212961e-05
9.74936101793e-06
6.96937780361e-06
4.93502539339e-06
3.46389535117e-06
2.41303418896e-06
1.67254546987e-06
1.15963443801e-06
8.13371420302e-07
5.90312149823e-07
4.61017180693e-07
4.07453038546e-07
4.21226895585e-07
5.0259614414e-07
6.60196569676e-07
6.69154934529e-07
9.41150343883e-07
1.329241881e-06
1.87123075364e-06
2.6166293947e-06
3.62885802541e-06
4.98764069593e-06
6.79146871592e-06
9.15995138143e-06
1.22358210948e-05
1.61863073335e-05
2.1203548226e-05
2.75036780958e-05
3.53242235949e-05
4.49194693796e-05
5.65535248577e-05
7.0490941607e-05
8.69848973676e-05
0.000106263171661
0.000128512377531
0.000153861163882
0.000182363337094
0.000213982038823
0.00024857622814
0.000285890723431
0.00032555094428
0.000367063251008
0.000409821420488
0.000453119350193
0.000496169592526
0.000538126843757
0.000578115106116
0.000615256962634
0.000648703292631
0.000677661829921
0.000701423216055
0.000719383587605
0.000731063193045
0.000736120975484
0.000734365390865
0.000725761877962
0.000710437309932
0.000688681443275
0.000660944907194
0.000627832772477
0.000590092385715
0.000548594146987
0.000504304373336
0.000458250348
0.000411478927227
0.000365011345293
0.000319797858943
0.000276676386109
0.000236339121371
0.000199310231786
0.000165936339265
0.000136389866169
0.000110683779819
8.86950934529e-05
7.01938281877e-05
5.48740431545e-05
4.23839169113e-05
3.23525588546e-05
2.44120683176e-05
1.8214183243e-05
1.34415557132e-05
9.81419686741e-06
7.09193556221e-06
5.07385542055e-06
3.59565537677e-06
2.52576747497e-06
1.76090686661e-06
1.2215578888e-06
8.47740942452e-07
5.95271384586e-07
4.32619223716e-07
3.38406634579e-07
2.99535245596e-07
3.0991119476e-07
3.69727096714e-07
4.8526067244e-07
4.86890546611e-07
6.8391250213e-07
9.64681062911e-07
1.35629241906e-06
1.89417988639e-06
2.62364848123e-06
3.60153816086e-06
4.89791807262e-06
6.59768006569e-06
8.80186267923e-06
1.16285005429e-05
1.52127636024e-05
1.97061318935e-05
2.52743514482e-05
3.20939419589e-05
4.03470826149e-05
5.02147923611e-05
6.18684445304e-05
7.54598086571e-05
9.11099842837e-05
0.000108897767576
0.000128848151857
0.000150921785576
0.00017500627355
0.000200910190902
0.000228360572171
0.000257004439226
0.000286414651576
0.000316100024906
0.00034551930317
0.000374098228286
0.000401248674169
0.000426388638524
0.00044896184597
0.00046845582252
0.000484417546443
0.000496466133522
0.000504302423641
0.00050771573061
0.000506588319265
0.000500898308619
0.000490721615242
0.000476233239085
0.00045770770142
0.000435517870771
0.000410130917824
0.000382099922987
0.000352049860067
0.000320657376307
0.000288624830058
0.000256650121596
0.000225394779977
0.000195453402932
0.000167327643433
0.000141407421941
0.000117961064442
9.71348351639e-05
7.89611066734e-05
6.33734252423e-05
5.02261344008e-05
3.93160560255e-05
3.04039438284e-05
2.32339053014e-05
1.7549599032e-05
1.31066301616e-05
9.681095815e-06
7.07462349024e-06
5.11648522598e-06
3.66347327175e-06
2.59821930395e-06
1.82656468826e-06
1.27447720224e-06
8.84886609826e-07
6.14695883941e-07
4.32127272167e-07
3.14487095332e-07
2.46380059971e-07
2.18370193175e-07
2.26067243333e-07
2.69610181799e-07
3.53519181418e-07
3.5124753383e-07
4.92723857541e-07
6.94106139865e-07
9.74658491079e-07
1.35953459214e-06
1.88084243398e-06
2.578791213e-06
3.50284905063e-06
4.71281618656e-06
6.27969249551e-06
8.28619333171e-06
1.08267474437e-05
1.40067994015e-05
1.79412414098e-05
2.27518201742e-05
2.85634074185e-05
3.54990897378e-05
4.36741241702e-05
5.31889162645e-05
6.41212998139e-05
7.65185204488e-05
9.03894344786e-05
0.000105697513722
0.000122355280966
0.000140220776315
0.00015909656477
0.000178731640043
0.000198826367999
0.000219040363285
0.000239002930285
0.000258325455128
0.00027661494076
0.00029348776104
0.000308582694188
0.000321572392343
0.000332172650811
0.000340149140039
0.00034532162015
0.000347566017801
0.000346815038921
0.000343058143226
0.000336341655322
0.000326769510126
0.000314504659072
0.000299770574841
0.000282851726389
0.000264091557823
0.000243886528171
0.000222675298241
0.000200923027073
0.00017910160606
0.000157667442341
0.000137039075798
0.00011757716333
9.95690757043e-05
8.32196745722e-05
6.8648913153e-05
5.58959363229e-05
4.49285469728e-05
3.56563867664e-05
2.79459944467e-05
2.16360208006e-05
1.65512120268e-05
1.25142177902e-05
9.35473893502e-06
6.91592968384e-06
5.05826870379e-06
3.66130056147e-06
2.62373349867e-06
1.86238336607e-06
1.31040352046e-06
9.15161431237e-07
6.36034584403e-07
4.42314800521e-07
3.11339264416e-07
2.2691170441e-07
1.78038286818e-07
1.57977962689e-07
1.63593325805e-07
1.94982376234e-07
2.55370965457e-07
2.51433752936e-07
3.52213492277e-07
4.95527731368e-07
6.94975153326e-07
9.68288857846e-07
1.3380717682e-06
1.83258435141e-06
2.48653317535e-06
3.34179200541e-06
4.44796925303e-06
5.86271861322e-06
7.6516762735e-06
9.88790125727e-06
1.26506986379e-05
1.60237217363e-05
2.00922815376e-05
2.49398406722e-05
3.06437347609e-05
3.72702426676e-05
4.48692134913e-05
5.34685436829e-05
6.30688721274e-05
7.36389131334e-05
8.51118662273e-05
9.73833189243e-05
0.000110310989659
0.000123716543592
0.000137389560721
0.000151093556225
0.000164573764339
0.000177566219367
0.000189807521275
0.00020104457855
0.000211043594738
0.000219597621537
0.00022653214937
0.000231708446199
0.000235024671397
0.000236415144999
0.000235848476866
0.000233325467333
0.000228877694796
0.000222567463963
0.000214489329261
0.000204772802373
0.000193585232909
0.000181133444749
0.000167662619648
0.000153451376834
0.0001388027989
0.000124031810345
0.000109449902528
9.53488804342e-05
8.19856367394e-05
6.95697899111e-05
5.82555630837e-05
4.81385929869e-05
3.92575982334e-05
3.1600180841e-05
2.51115964402e-05
1.97051478155e-05
1.52729126424e-05
1.16957465982e-05
8.85182668276e-06
6.62334026843e-06
4.90122573131e-06
3.58809753718e-06
2.59963225581e-06
1.86475889695e-06
1.32500363094e-06
9.33305137731e-07
6.52561046549e-07
4.54102979474e-07
3.16237803677e-07
2.22941727382e-07
1.62754302089e-07
1.27891274846e-07
1.13577184482e-07
1.17588541398e-07
1.39994121539e-07
1.83078215969e-07
1.78901883508e-07
2.50223927724e-07
3.51583372053e-07
4.92533077685e-07
6.85518554967e-07
9.46386105358e-07
1.29492480093e-06
1.75540562142e-06
2.35706931884e-06
3.13450216868e-06
4.12782710771e-06
5.3826286935e-06
6.94952603831e-06
8.88331070833e-06
1.12415787504e-05
1.40828092268e-05
1.74638766808e-05
2.14370312571e-05
2.60464355194e-05
3.13244072369e-05
3.72875767681e-05
4.39332190209e-05
5.12360557144e-05
5.91458367057e-05
6.75859940018e-05
7.64536160138e-05
8.56209132221e-05
9.49382437248e-05
0.000104238645104
0.000113343686492
0.000122070321262
0.000130238296486
0.000137677571461
0.000144235128885
0.000149780549159
0.000154209787355
0.000157446770223
0.000159442729772
0.000160173588045
0.000159636130607
0.000157844029479
0.000154824860047
0.000150619021218
0.00014528095501
0.000138882376916
0.000131516521453
0.000123301968487
0.00011438446259
0.000104935633053
9.5148372241e-05
8.52290759282e-05
7.53872807791e-05
6.58239408494e-05
5.67199518959e-05
4.82263882232e-05
4.04576216731e-05
3.34879877605e-05
2.73520667235e-05
2.20481210453e-05
1.75438690352e-05
1.37836106786e-05
1.0695744152e-05
8.19987182238e-06
6.21293077203e-06
4.65403551192e-06
3.44794482901e-06
2.52723502932e-06
1.83337022831e-06
1.31691178241e-06
9.37115733455e-07
6.6114396389e-07
4.63075343881e-07
3.22858363748e-07
2.25304040254e-07
1.59181537745e-07
1.16450722661e-07
9.16458041652e-08
8.1411305249e-08
8.41843729635e-08
1.0001426921e-07
1.30509275536e-07
1.27004263697e-07
1.77310212464e-07
2.4880636941e-07
3.48203302474e-07
4.84241553682e-07
6.68046574705e-07
9.13506832521e-07
1.23764932009e-06
1.66097846388e-06
2.20773571982e-06
2.90602897287e-06
3.7877744797e-06
4.88839103008e-06
6.24618785982e-06
7.90139614187e-06
9.89480977756e-06
1.22660252271e-05
1.50513018695e-05
1.82811023557e-05
2.19774139061e-05
2.61509927414e-05
3.0798710306e-05
3.59012069795e-05
4.14210723811e-05
4.73017681388e-05
5.34674876562e-05
5.98241081472e-05
6.62613341263e-05
7.26560597776e-05
7.88768900262e-05
8.4789654821e-05
9.0263625842e-05
9.51780010714e-05
9.94280728688e-05
0.000102930371097
0.000105626029485
0.000107481731096
0.000108487906045
0.000108654383814
0.000108004347263
0.000106567990813
0.000104377495974
0.000101464641023
9.78616389353e-05
9.36048793024e-05
8.87403640154e-05
8.33292014533e-05
7.7451391091e-05
7.12067992475e-05
6.47132979308e-05
5.81022641863e-05
5.15116139229e-05
4.50773404809e-05
3.89249017681e-05
3.31615772351e-05
2.78707675171e-05
2.31088468079e-05
1.89047012902e-05
1.52616659023e-05
1.2161278395e-05
9.56812969874e-06
7.43509457715e-06
5.70834020256e-06
4.33168399123e-06
3.25005947233e-06
2.41201562149e-06
1.77130148359e-06
1.28766823959e-06
9.27059118567e-07
6.61363056389e-07
4.67891734529e-07
3.28711680413e-07
2.29931369197e-07
1.6101307803e-07
1.14153625348e-07
8.3758293049e-08
6.60181621988e-08
5.85920590068e-08
6.03892441123e-08
7.14467494181e-08
9.28948126819e-08
9.06816930153e-08
1.26288935862e-07
1.76969606847e-07
2.47485970656e-07
3.44048360458e-07
4.74571133138e-07
6.48946669302e-07
8.79319648842e-07
1.18033794257e-06
1.56935017338e-06
2.06651397006e-06
2.69477401915e-06
3.47966623241e-06
4.44890477726e-06
5.63171339692e-06
7.05787218702e-06
8.75646619627e-06
1.07543427205e-05
1.30743091242e-05
1.57331309358e-05
1.87394187894e-05
2.20915202058e-05
2.57755560854e-05
2.97637605006e-05
3.40132951028e-05
3.84657160201e-05
4.30472712497e-05
4.76701983994e-05
5.22351708451e-05
5.66349941557e-05
6.07595673909e-05
6.45019762978e-05
6.77653642409e-05
7.04699398215e-05
7.25591756536e-05
7.40040319591e-05
7.48040473558e-05
7.49845202471e-05
7.45898091492e-05
7.36738727745e-05
7.22901871547e-05
7.0483617953e-05
6.82863361995e-05
6.57186001358e-05
6.27937496514e-05
5.95255190944e-05
5.59354646382e-05
5.20584332689e-05
4.79449743153e-05
4.36611309223e-05
3.92860333151e-05
3.49071488192e-05
3.06140457936e-05
2.6491882602e-05
2.26153983074e-05
1.90442146278e-05
1.58200013692e-05
1.29656560504e-05
1.04863094716e-05
8.37173573108e-06
6.59963172543e-06
5.1392310511e-06
3.95480163269e-06
3.00870655431e-06
2.2638473242e-06
1.68543196105e-06
1.24210269305e-06
9.0651604071e-07
6.55495154289e-07
4.6987776686e-07
3.34171218473e-07
2.36106055784e-07
1.66157339775e-07
1.17081721622e-07
8.35006133991e-08
6.15461556719e-08
4.85770935542e-08
4.29655632832e-08
4.39524021807e-08
5.15671312349e-08
6.66084892922e-08
6.6196207723e-08
9.18510248147e-08
1.28523413149e-07
1.79698064051e-07
2.49937196313e-07
3.45078352446e-07
4.72449364797e-07
6.41088569883e-07
8.61953945455e-07
1.14809999299e-06
1.51479628794e-06
1.97955720936e-06
2.56204909114e-06
3.28383962317e-06
4.16795547028e-06
5.23821835986e-06
6.51833769314e-06
8.0307491614e-06
9.79520369444e-06
1.18271289016e-05
1.41358055018e-05
1.67224238039e-05
1.95781103383e-05
2.26820432579e-05
2.59998086913e-05
2.94821903793e-05
3.30646314084e-05
3.66676549664e-05
4.01985680023e-05
4.3554773063e-05
4.6628942051e-05
4.93161155159e-05
5.15224430776e-05
5.31747699613e-05
5.42296696665e-05
5.46799978868e-05
5.45568754828e-05
5.39255020167e-05
5.287451886e-05
5.15005971612e-05
4.98918645827e-05
4.81146971715e-05
4.6207464711e-05
4.41822932165e-05
4.20331969552e-05
3.97470592749e-05
3.73139446793e-05
3.47344735378e-05
3.20231414616e-05
2.92088417844e-05
2.63336013726e-05
2.34490663643e-05
2.06115991739e-05
1.78772052135e-05
1.52966628565e-05
1.29115750259e-05
1.07518558242e-05
8.83477943725e-06
7.16544057103e-06
5.73829727522e-06
4.53938475952e-06
3.54879543247e-06
2.74309049221e-06
2.09740993265e-06
1.58715289339e-06
1.18919009187e-06
8.82635502191e-07
6.49244094081e-07
4.73519858451e-07
3.42619343694e-07
2.46126632346e-07
1.7576133458e-07
1.25065612619e-07
8.91019178003e-08
6.41812790876e-08
4.7633033136e-08
3.7620693212e-08
3.30047887785e-08
3.32514289464e-08
3.83845085364e-08
4.89793963486e-08
5.09136492222e-08
7.02461218215e-08
9.81378996556e-08
1.3731382969e-07
1.91371222002e-07
2.64952042155e-07
3.63935119803e-07
4.95640758468e-07
6.69036535569e-07
8.94928883867e-07
1.18612043875e-06
1.55750840845e-06
2.02609475179e-06
2.61087517075e-06
3.33257131246e-06
4.21316959328e-06
5.27523113048e-06
6.54094079401e-06
8.03086980209e-06
9.76243618818e-06
1.17480619072e-05
1.39930460977e-05
1.64932039036e-05
1.92323632684e-05
2.21798729933e-05
2.52883583094e-05
2.84920661879e-05
3.17062646256e-05
3.48282770346e-05
3.77408023021e-05
4.0318125376e-05
4.24355739567e-05
4.3982037162e-05
4.48744946966e-05
4.50723958135e-05
4.45886596872e-05
4.34935446497e-05
4.19082612989e-05
3.99874034911e-05
3.78928511703e-05
3.57656098145e-05
3.37040253199e-05
3.17549425106e-05
2.99190016949e-05
2.81658250098e-05
2.64521557649e-05
2.4736426164e-05
2.29886062925e-05
2.11938873128e-05
1.93528019485e-05
1.74801063294e-05
1.56017170174e-05
1.3750303824e-05
1.19610490724e-05
1.0267378945e-05
8.6974572657e-06
7.27195168693e-06
6.0031163151e-06
4.8950034416e-06
3.94449993365e-06
3.14284687456e-06
2.47733105582e-06
1.93290773154e-06
1.49359853006e-06
1.14358702101e-06
8.67996530569e-07
6.53376887657e-07
4.87950106854e-07
3.616733789e-07
2.66175820906e-07
1.94617615819e-07
1.41509899716e-07
1.02523392974e-07
7.43046793217e-08
5.43118146481e-08
4.06756870686e-08
3.2090049905e-08
2.77310739799e-08
2.72062465474e-08
3.0532136026e-08
3.81406458519e-08
4.31389888991e-08
5.90422296644e-08
8.23543018188e-08
1.15463319779e-07
1.61564073545e-07
2.2483316681e-07
3.10630850178e-07
4.25725171081e-07
5.785306996e-07
7.793498576e-07
1.04059978896e-06
1.37700184045e-06
1.80570423141e-06
2.34630161075e-06
3.020708249e-06
3.85283500583e-06
4.86801448445e-06
6.09211468066e-06
7.55028004932e-06
9.26524193773e-06
1.12551504241e-05
1.35309007783e-05
1.60929658637e-05
1.89278086119e-05
2.20040454091e-05
2.52686706088e-05
2.86438386519e-05
3.20249259861e-05
3.52808302751e-05
3.82576439633e-05
4.07868513e-05
4.26988853301e-05
4.3842071339e-05
4.41055644236e-05
4.34429428479e-05
4.18910756738e-05
3.95776071835e-05
3.67110593222e-05
3.35511457406e-05
3.03634519845e-05
2.73703203246e-05
2.47143217424e-05
2.24469965897e-05
2.05437444483e-05
1.89336260237e-05
1.75308681311e-05
1.62545678473e-05
1.50419726957e-05
1.38515120212e-05
1.26604372803e-05
1.14623177371e-05
1.02645279729e-05
9.0832190427e-06
7.93930133849e-06
6.85410308519e-06
5.84594989886e-06
4.92820294791e-06
4.10858461475e-06
3.38944582169e-06
2.76861230637e-06
2.2404932974e-06
1.79721772257e-06
1.42965088787e-06
1.12821844408e-06
8.83517552324e-07
6.86728720685e-07
5.29859772084e-07
4.05860040209e-07
3.08642026697e-07
2.33042670572e-07
1.74749612955e-07
1.30211080396e-07
9.6542193447e-08
7.1435995977e-08
5.30842980166e-08
4.01113496372e-08
3.15221693123e-08
2.66667940212e-08
2.52215904934e-08
2.71888989743e-08
3.29165396444e-08
4.20056536305e-08
5.69618622695e-08
7.93464329884e-08
1.11589724944e-07
1.5699340576e-07
2.19936831132e-07
3.06121336295e-07
4.22850585579e-07
5.79341452327e-07
7.87054948425e-07
1.06003032474e-06
1.41519750917e-06
1.87263350554e-06
2.45571732163e-06
3.19112565097e-06
4.10859833099e-06
5.24038925617e-06
6.62030610089e-06
8.28223273994e-06
1.02580245219e-05
1.25746729904e-05
1.52506598915e-05
1.82914698465e-05
2.16843196853e-05
2.53923057054e-05
2.93483842548e-05
3.34498973616e-05
3.75547295258e-05
4.14805975526e-05
4.50093396702e-05
4.78982099015e-05
4.98998350456e-05
5.07913332844e-05
5.04108603316e-05
4.86965541252e-05
4.57190805716e-05
4.16961375222e-05
3.69774829275e-05
3.19945603556e-05
2.71806490707e-05
2.28833038581e-05
1.93019211085e-05
1.6476126588e-05
1.43252976811e-05
1.27066603634e-05
1.14688165116e-05
1.04758240023e-05
9.62626907125e-06
8.8530233447e-06
8.11373022485e-06
7.38296412737e-06
6.65570051694e-06
5.93778302572e-06
5.24168411666e-06
4.5810895627e-06
3.96717521979e-06
3.40710240458e-06
2.90401842537e-06
2.45781981068e-06
2.06614543969e-06
1.72528654698e-06
1.43088047087e-06
1.17837335622e-06
9.63294081813e-07
7.81396168303e-07
6.28718055213e-07
5.01599258371e-07
3.96677108839e-07
3.10878282941e-07
2.41411704766e-07
1.85764543558e-07
1.41700512798e-07
1.07258898701e-07
8.07530660819e-08
6.07680654499e-08
4.61580086434e-08
3.60448616925e-08
2.98211192921e-08
2.71594556712e-08
2.80329154949e-08
3.27495511083e-08
4.74192573788e-08
6.37947938988e-08
8.87918256711e-08
1.25264178846e-07
1.77139592901e-07
2.49688959316e-07
3.49850546922e-07
4.86609434258e-07
6.71427796879e-07
9.18715245267e-07
1.24631971881e-06
1.67600820945e-06
2.23389261214e-06
2.95073923293e-06
3.86208111602e-06
5.00803089861e-06
6.43266935695e-06
8.1828628501e-06
1.03063442016e-05
1.28488803982e-05
1.58503532988e-05
1.93396059912e-05
2.33279714914e-05
2.78015213911e-05
3.27122744375e-05
3.79689166944e-05
4.34280303614e-05
4.88874140162e-05
5.40837656469e-05
5.86976703555e-05
6.23692344136e-05
6.47274167287e-05
6.54345641972e-05
6.42443033758e-05
6.10655731887e-05
5.6018866732e-05
4.94647326499e-05
4.19828884913e-05
3.42876599016e-05
2.70861723412e-05
2.09189044054e-05
1.60501485607e-05
1.24613816095e-05
9.95717782269e-06
8.27718026425e-06
7.16290974469e-06
6.39686387641e-06
5.83286751316e-06
5.38365669995e-06
4.9939557157e-06
4.61021548571e-06
4.22550002619e-06
3.84211709218e-06
3.47054182303e-06
3.12096972084e-06
2.79894115651e-06
2.50504156577e-06
2.23658626799e-06
1.98965253302e-06
1.76062318311e-06
1.546998582e-06
1.34756988776e-06
1.16218476566e-06
9.91337860101e-07
8.3575283766e-07
6.9604765518e-07
5.72516811925e-07
4.65028254729e-07
3.73013895273e-07
2.95525772077e-07
2.31330300721e-07
1.7901756484e-07
1.37108876643e-07
1.04152287418e-07
7.88014019461e-08
5.98773122598e-08
4.64166526994e-08
3.77108480328e-08
3.33428380222e-08
3.32281875038e-08
3.76677644806e-08
6.00558894602e-08
8.03872309896e-08
1.11851896172e-07
1.58156579626e-07
2.24446849217e-07
3.17677891201e-07
4.47065191809e-07
6.24617173355e-07
8.65745629011e-07
1.18994088247e-06
1.62148635354e-06
2.19017112614e-06
2.9319388247e-06
3.8893864784e-06
5.11199830957e-06
6.65596723917e-06
8.58342275388e-06
1.09608499873e-05
1.38564551671e-05
1.73362127204e-05
2.1458328063e-05
2.62658805184e-05
3.17774921983e-05
3.79760283749e-05
4.4795609625e-05
5.21076508377e-05
5.97072834617e-05
6.730239464e-05
7.45086057561e-05
8.08546724451e-05
8.58036747491e-05
8.87953505008e-05
8.93130793853e-05
8.69742946228e-05
8.16347747395e-05
7.34857804062e-05
6.31108729951e-05
5.14619717358e-05
3.97209987424e-05
2.90473190669e-05
2.02813961148e-05
1.37469866501e-05
9.24576453623e-06
6.35890314063e-06
4.69786004924e-06
3.78558783291e-06
3.28025888034e-06
2.99709555468e-06
2.85085706961e-06
2.80183846042e-06
2.70416441856e-06
2.59190289634e-06
2.46970420398e-06
2.35519066893e-06
2.25934949568e-06
2.18139948753e-06
2.11194422763e-06
2.03871087683e-06
1.95126710197e-06
1.84354456948e-06
1.71436071994e-06
1.5666105547e-06
1.40585258556e-06
1.23884209717e-06
1.07232563859e-06
9.12212124563e-07
7.63112985072e-07
6.28184631025e-07
5.09187794953e-07
4.06681574055e-07
3.20283755823e-07
2.48946531425e-07
1.91214075219e-07
1.45443515941e-07
1.09982591253e-07
8.33056548993e-08
6.41151041395e-08
5.14183656679e-08
4.459201755e-08
4.34450533639e-08
4.8293197768e-08
8.14151226855e-08
1.08707401006e-07
1.51260893465e-07
2.14161810726e-07
3.04505527986e-07
4.31918648061e-07
6.09196681072e-07
8.53060967172e-07
1.18502979052e-06
1.63238598253e-06
2.22920582961e-06
3.01739103682e-06
4.04761633085e-06
5.38006985061e-06
7.08482213012e-06
9.24161329825e-06
1.19387991127e-05
1.5271147889e-05
1.9336137294e-05
2.42283698458e-05
3.00317200441e-05
3.68088611377e-05
4.45879207565e-05
5.33462188446e-05
6.29914005693e-05
7.33408598421e-05
8.41012358663e-05
9.48510267561e-05
0.000105031014069
0.000113949093652
0.00012080783517
0.000124763768417
0.000125025601097
0.000120992489917
0.000112421428067
9.95942190393e-05
8.34313676723e-05
6.54792814003e-05
4.7694228255e-05
3.19940035037e-05
1.96982383653e-05
1.11810105837e-05
5.73376726671e-06
2.44275992519e-06
1.15654284718e-06
6.94087292263e-07
5.6377044428e-07
6.00332090953e-07
7.729233344e-07
1.22272691571e-06
1.35801859773e-06
1.49058224197e-06
1.5955526622e-06
1.71635421455e-06
1.86996147414e-06
2.04358576938e-06
2.20787609751e-06
2.33225465312e-06
2.39479375563e-06
2.38580799546e-06
2.30708225296e-06
2.16881655418e-06
1.98594339749e-06
1.77486420778e-06
1.55106461819e-06
1.32766409949e-06
1.11475273648e-06
9.19303313419e-07
7.45453476915e-07
5.94988263459e-07
4.67896442928e-07
3.62915277433e-07
2.78013206406e-07
2.10787111447e-07
1.58770211573e-07
1.19659251745e-07
9.14768958988e-08
7.26886364814e-08
6.22944582298e-08
5.9915050427e-08
6.58913498299e-08
1.13927861006e-07
1.5198771202e-07
2.11523847931e-07
2.99681650222e-07
4.26455962826e-07
6.05430299328e-07
8.54681974785e-07
1.19785819779e-06
1.66541577599e-06
2.29599900463e-06
3.13790531325e-06
4.25055532056e-06
5.70584242914e-06
7.58918687266e-06
1.0000060874e-05
1.30516869694e-05
1.68695435495e-05
2.1588244831e-05
2.73463034342e-05
3.42782420196e-05
4.25035098471e-05
5.21117011046e-05
6.3143695357e-05
7.55685934085e-05
8.92567739515e-05
0.000103950146314
0.000119231849739
0.000134499387016
0.000148947568858
0.000161570601898
0.000171195714987
0.000176562778159
0.000176463456705
0.000169946739146
0.000156581896727
0.000136742081556
0.000111830612919
8.43223024354e-05
5.74548893633e-05
3.44403517392e-05
1.7384589466e-05
6.9032415944e-06
9.37283308209e-07
2.91996792107e-46
-8.09484392876e-283
1.97626258336e-323
3.45845952089e-323
1.48219693752e-323
2.96439387505e-323
8.14151284597e-08
3.08217340737e-07
7.30250233e-07
1.05479961943e-06
1.43309483762e-06
1.89658551276e-06
2.4020292266e-06
2.87562887984e-06
3.25033275095e-06
3.4844804364e-06
3.5647935961e-06
3.50122904881e-06
3.31880469464e-06
3.04954429775e-06
2.72617663545e-06
2.37804042588e-06
2.02895201217e-06
1.69653435246e-06
1.39249891737e-06
1.12346431133e-06
8.92007056949e-07
6.97740449206e-07
5.38298369968e-07
4.10161947772e-07
3.09309954377e-07
2.31701793173e-07
1.73618165067e-07
1.31892259635e-07
1.04066510928e-07
8.85089241016e-08
8.45204588519e-08
9.24621134265e-08
1.61118727235e-07
2.14943342756e-07
2.99223594894e-07
4.24062748564e-07
6.0361468289e-07
8.57127946395e-07
1.21022588143e-06
1.69642893874e-06
2.3589076023e-06
3.25242852724e-06
4.44542091092e-06
6.02204343942e-06
8.08407362069e-06
1.07523710253e-05
1.41675851547e-05
1.84896900478e-05
2.38958357246e-05
3.05759175782e-05
3.87251876356e-05
4.85331780755e-05
6.01681938398e-05
7.37566811311e-05
8.93569277229e-05
0.000106926855197
0.00012628620996
0.000147074381921
0.000168706564065
0.000190333243204
0.00021081129553
0.000228699296333
0.000242294646108
0.000249734552994
0.000249184400038
0.000239131764139
0.000218786923688
0.00018855346405
0.000150466052147
0.000108393312789
6.76856908952e-05
3.37985404354e-05
9.9440336419e-06
6.04163657585e-07
-2.72676382988e-206
1.48219693752e-323
0
2.47032822921e-323
-2.96439387505e-323
4.44659081257e-323
-1.48219693752e-323
2.47032822921e-323
-3.95252516673e-323
1.25845082168e-07
6.91124813653e-07
1.39844932148e-06
2.33663013732e-06
3.37418425188e-06
4.33657889196e-06
5.08549734165e-06
5.54857370891e-06
5.7140357265e-06
5.61334836374e-06
5.30217592311e-06
4.84437849169e-06
4.30091505378e-06
3.72355232847e-06
3.15229638286e-06
2.6152849553e-06
2.13008600154e-06
1.70564633813e-06
1.34439781718e-06
1.04422833401e-06
8.00166698805e-07
6.05726180214e-07
4.53912427737e-07
3.37936627952e-07
2.51691719223e-07
1.90054487098e-07
1.49074268724e-07
1.26103415281e-07
1.19918061376e-07
1.30871640768e-07
2.27821595287e-07
3.04065952582e-07
4.23435610446e-07
6.00189475104e-07
8.54321957897e-07
1.21302864384e-06
1.71250487331e-06
2.40008385344e-06
3.33669572668e-06
4.59959237394e-06
6.28523241795e-06
8.51215524847e-06
1.14235911461e-05
1.51894572755e-05
2.00072787081e-05
2.61014540738e-05
3.37201635797e-05
4.31291021514e-05
5.46011240678e-05
6.84008223454e-05
8.47630549427e-05
0.000103864495944
0.000125787471099
0.000150475694513
0.000177682158115
0.000206910503067
0.000237352975102
0.000267830879692
0.000296747696634
0.000322070957414
0.000341366470023
0.000351916461956
0.000350959362505
0.000336089118113
0.00030583867652
0.00026043059893
0.000202582988075
0.0001381057726
7.58456282661e-05
2.53195679959e-05
1.14514364651e-06
-8.14998682249e-225
-3.45845952089e-323
0
0
0
9.88131291682e-324
-1.97626258336e-323
3.45845952089e-323
-3.45845952089e-323
-4.94065645841e-323
-2.96439387505e-323
2.10011496846e-07
1.42845632303e-06
3.2190692122e-06
5.21552539947e-06
7.02547231282e-06
8.38044875415e-06
9.17053889339e-06
9.40608625223e-06
9.17099116164e-06
8.58284224047e-06
7.7638321163e-06
6.82300432832e-06
5.84787734055e-06
4.90249556057e-06
4.02922014873e-06
3.25230814852e-06
2.58203846631e-06
2.01867108223e-06
1.55587807409e-06
1.18350779588e-06
8.89677991736e-07
6.62268723988e-07
4.89921685083e-07
3.62662957359e-07
2.72261902609e-07
2.12426971703e-07
1.78924820875e-07
1.69695328044e-07
1.8502361065e-07
3.2044483231e-07
4.27988770976e-07
5.96246307668e-07
8.45226386007e-07
1.20300427331e-06
1.70776350049e-06
2.41030319897e-06
3.37701692017e-06
4.69331345259e-06
6.46739852749e-06
8.83426574083e-06
1.195965349e-05
1.60436116006e-05
2.13231879662e-05
2.80735958598e-05
3.66070635474e-05
4.72684095432e-05
6.042624256e-05
7.64585708661e-05
9.57315396221e-05
0.000118570017617
0.000145218851889
0.000175793835633
0.000210221850486
0.000248170353478
0.000288967568069
0.000331516718029
0.000374210877667
0.000414860096834
0.000450649974246
0.000478161063741
0.000493490991025
0.000492534590203
0.000471488939523
0.000427651907967
0.000360548850017
0.00027329908334
0.000173976145431
7.75265272135e-05
6.45097646473e-06
3.29205343825e-158
2.96439387505e-323
0
0
0
0
0
2.96439387505e-323
4.44659081257e-323
0
4.94065645841e-323
4.94065645841e-323
1.97626258336e-323
1.05881645159e-06
4.5715413579e-06
8.40227089802e-06
1.17347023318e-05
1.40888854255e-05
1.53407866741e-05
1.55834319367e-05
1.50194887951e-05
1.38867691706e-05
1.2410750138e-05
1.07796662903e-05
9.13599547107e-06
7.5779077965e-06
6.16566702909e-06
4.92975329618e-06
3.87888898626e-06
3.00707599747e-06
2.29930480079e-06
1.73590628079e-06
1.29568005761e-06
9.58006355597e-07
7.04168443561e-07
5.18102295732e-07
3.86764621002e-07
3.00279694891e-07
2.51995625663e-07
2.38555171303e-07
2.60066436716e-07
4.47279629254e-07
5.97915321488e-07
8.3336512763e-07
1.18149785331e-06
1.68143548932e-06
2.38637479584e-06
3.36705394114e-06
4.71586808682e-06
6.55158804667e-06
9.02456407605e-06
1.23221987513e-05
1.66743463967e-05
2.23581413716e-05
2.9701576501e-05
3.90849525437e-05
5.09391107682e-05
6.57391587541e-05
8.39922238144e-05
0.000106217641044
0.000132917927127
0.000164538929601
0.000201417696856
0.000243716914045
0.000291345239288
0.000343863643616
0.000400379089433
0.000459428914263
0.000518862674156
0.00057573372979
0.000626221444586
0.000665617351789
0.000688425731183
0.000688651741921
0.000660380293242
0.000598782458453
0.00050168244652
0.000371618331714
0.000217603487219
5.44193055357e-05
-2.39503828473e-54
2.20647694405e-309
-1.97626258336e-323
0
0
0
0
0
0
-4.94065645841e-323
4.44659081257e-323
3.45845952089e-323
-4.44659081257e-323
9.88131291682e-324
6.81396600047e-07
6.40669418232e-06
1.38035089805e-05
1.988215066e-05
2.38491736336e-05
2.56980016314e-05
2.57558072219e-05
2.44759052764e-05
2.2318329157e-05
1.96833495177e-05
1.68837143976e-05
1.4142084365e-05
1.16018187055e-05
9.34291746001e-06
7.39841256751e-06
5.76892549753e-06
4.43453532137e-06
3.36385963009e-06
2.52061896528e-06
1.86810742787e-06
1.37202658976e-06
1.00211259235e-06
7.32930125059e-07
5.44141513258e-07
4.20495981057e-07
3.51729536565e-07
3.32522533327e-07
3.62630144709e-07
6.18840352055e-07
8.28098250727e-07
1.15481288386e-06
1.63748149183e-06
2.33016530651e-06
3.30635603783e-06
4.66372898755e-06
6.52978197421e-06
9.06829033836e-06
1.24864086453e-05
1.70421145808e-05
2.30515172632e-05
3.08953412936e-05
4.10236543017e-05
5.39576399951e-05
7.02869476171e-05
9.06608952798e-05
0.000115771597192
0.000146326954513
0.000183011426786
0.000226432611296
0.000277051918581
0.000335098054864
0.000400462622109
0.000472577973698
0.000550278656867
0.000631649641663
0.00071386765121
0.00079304715802
0.000864111168089
0.000920720195839
0.000955312971704
0.000959344322955
0.000923860713018
0.000840648070965
0.000704306666347
0.000515606357586
0.00028594797871
4.13883918097e-05
8.23366510422e-139
4.94065645841e-324
0
0
0
0
0
0
0
-3.45845952089e-323
4.94065645841e-323
-2.47032822921e-323
2.47032822921e-323
-9.88131291682e-324
1.48219693752e-323
7.39069580164e-06
2.29848163528e-05
3.39961979772e-05
4.04304760719e-05
4.28942245374e-05
4.22821376564e-05
3.95391274026e-05
3.55131763027e-05
3.08845856499e-05
2.61507607584e-05
2.16434100948e-05
1.75596731604e-05
1.39957024463e-05
1.09769471297e-05
8.48295127544e-06
6.46636306004e-06
4.86672019156e-06
3.61990355467e-06
2.66420671315e-06
1.94389589979e-06
1.41100821748e-06
1.02599500955e-06
7.57684239723e-07
5.82921038431e-07
4.8615357807e-07
4.59162377946e-07
5.01082890668e-07
8.48220156551e-07
1.13634711951e-06
1.58565824523e-06
2.24887716439e-06
3.20006279537e-06
4.53986374805e-06
6.4019815139e-06
8.96083334253e-06
1.24403112985e-05
1.71233975864e-05
2.33622118832e-05
3.15878312368e-05
4.23189388994e-05
5.61680335275e-05
7.38435807955e-05
9.61461409836e-05
0.000123956192679
0.00015821113568
0.000199868839932
0.000249855152934
0.000308993015557
0.000377911275785
0.000456931917993
0.000545935210642
0.000644203193954
0.000750243022735
0.000861593146819
0.00097461762066
0.00108429781025
0.00118403761767
0.00126550979708
0.00131859036701
0.00133146480614
0.00129106838986
0.00118419376211
0.000999917447811
0.000734402515593
0.000399132798618
3.18143724319e-05
3.54129415644e-195
4.94065645841e-324
0
0
0
0
0
0
0
2.47032822921e-323
-4.44659081257e-323
2.96439387505e-323
-3.95252516673e-323
-2.96439387505e-323
-4.94065645841e-324
1.13787151532e-05
3.9957811701e-05
5.86700247382e-05
6.84308104448e-05
7.11145596499e-05
6.87475946445e-05
6.31576810282e-05
5.58257996625e-05
4.78521804986e-05
3.99886216277e-05
3.27013324115e-05
2.62403857554e-05
2.07029478505e-05
1.60851859709e-05
1.23220698929e-05
9.31627372564e-06
6.95809203079e-06
5.13836698281e-06
3.75623358934e-06
2.7232011105e-06
1.96478443449e-06
1.420619107e-06
1.04375549198e-06
7.9963660744e-07
6.65119260802e-07
6.27794300985e-07
6.85792466247e-07
1.15143836065e-06
1.5445347336e-06
2.15676111437e-06
3.059694651e-06
4.35389620297e-06
6.17599233501e-06
8.70739227132e-06
1.21846176285e-05
1.69110948671e-05
2.32700756298e-05
3.17381010844e-05
4.28981101368e-05
5.74509117308e-05
7.62233114866e-05
0.000100170727126
0.000130371682872
0.000168011190111
0.00021434975975
0.000270674714383
0.000338230632598
0.000418126201397
0.000511215477989
0.000617952523585
0.000738219471864
0.000871129200609
0.00101480477048
0.00116613867084
0.00132053588504
0.00147164639396
0.00161109587114
0.00172822942109
0.00180989571147
0.00184032889721
0.00180126681816
0.00167265618295
0.00143478190887
0.00107358356047
0.000592249183891
3.20984718073e-05
3.57071911358e-214
1.48219693752e-323
0
0
0
0
0
0
0
1.48219693752e-323
3.95252516673e-323
3.45845952089e-323
-2.47032822921e-323
4.94065645841e-323
-2.47032822921e-323
2.0649398372e-05
7.15581443699e-05
0.000101737360059
0.000115238371269
0.000116755478241
0.000110426022912
9.95421947923e-05
8.6540038943e-05
7.31001296575e-05
6.02921403903e-05
4.87245713158e-05
3.86783210765e-05
3.02154474745e-05
2.32622308919e-05
1.76694317663e-05
1.32539348087e-05
9.82601801226e-06
7.20599766344e-06
5.23334584234e-06
3.77072114792e-06
2.7047676125e-06
1.94504686159e-06
1.42207859495e-06
1.08516763757e-06
9.00480244145e-07
8.49684224195e-07
9.29372858037e-07
1.54774863557e-06
2.07906106938e-06
2.90546648194e-06
4.12328114755e-06
5.86783877117e-06
8.32295858997e-06
1.17326077398e-05
1.64147165486e-05
2.27769342033e-05
3.13338646342e-05
4.27249893926e-05
5.77320630025e-05
7.72942634985e-05
0.000102518816336
0.000134684219353
0.000175232633781
0.000225747542687
0.00028791249883
0.000363446778778
0.000454014109769
0.000561101391356
0.00068586549144
0.000828947672807
0.000990256821797
0.00116872412991
0.00136203288903
0.0015663272891
0.00177590336514
0.00198288354129
0.00217687375069
0.00234459926555
0.00246951385173
0.00253138468926
0.00250590069396
0.0023645077187
0.00207509925694
0.00160527257493
0.000932930594682
7.81794598575e-05
9.01462738161e-195
0
0
0
0
0
0
0
0
-1.48219693752e-323
0
-1.97626258336e-323
3.45845952089e-323
-1.48219693752e-323
0
4.48445287683e-05
0.000131754086435
0.000176597543726
0.000192372559878
0.000189234560822
0.000174785287329
0.000154487948889
0.00013207779444
0.000109954682267
8.95319475908e-05
7.15270405057e-05
5.6190804263e-05
4.34800277794e-05
3.31818898827e-05
2.49999904309e-05
1.86110620964e-05
1.37001364123e-05
9.9804489578e-06
7.2029692084e-06
5.15923132613e-06
3.68014954694e-06
2.63271887749e-06
1.91590660491e-06
1.45660474903e-06
1.2062090511e-06
1.13818892644e-06
1.24689036966e-06
2.0598695535e-06
2.77122280847e-06
3.87617604189e-06
5.50318583608e-06
7.83275549036e-06
1.11099921969e-05
1.56600867249e-05
2.19066479023e-05
3.03925976692e-05
4.18030043414e-05
5.69887908864e-05
7.69896991682e-05
0.000103054231063
0.00013665355179
0.000179485580506
0.000233464783912
0.000300692630079
0.000383403371295
0.00048387993272
0.000604335301818
0.000746756014505
0.000912706112233
0.00110309217735
0.00131789246758
0.00155585531984
0.00181417328116
0.00208813915716
0.0023707876326
0.00265252061661
0.00292070518715
0.00315921880442
0.00334789619002
0.00346180751307
0.00347027828383
0.00333556322924
0.00301109109941
0.00243920998842
0.00154984004906
0.000274304218841
5.76357251707e-138
-4.94065645841e-324
0
0
0
0
0
0
0
-4.44659081257e-323
-2.96439387505e-323
1.48219693752e-323
2.96439387505e-323
2.47032822921e-323
1.97626258336e-323
0.000116054691397
0.000248302529197
0.00030516051619
0.000316932389821
0.000301772548237
0.000271938588135
0.000235647165192
0.000198167849916
0.000162660519859
0.000130821561013
0.00010337015902
8.04046012915e-05
6.16559218188e-05
4.66626377109e-05
3.4886435581e-05
2.57848598272e-05
1.88536066257e-05
1.36480663511e-05
9.79130752385e-06
6.97372828072e-06
4.94806505762e-06
3.52228256245e-06
2.55201250255e-06
1.93360189052e-06
1.59842154739e-06
1.5088250517e-06
1.65599851106e-06
2.71409221352e-06
3.65742597331e-06
5.12070884356e-06
7.27373475955e-06
1.03550901853e-05
1.46886767219e-05
2.07040969523e-05
2.89608014999e-05
4.0175599266e-05
5.52527028636e-05
7.53149039888e-05
0.000101733747256
0.000136155712108
0.000180520461136
0.000237066239793
0.000308316621029
0.000397042115834
0.000506189880833
0.000638775021489
0.000797727973135
0.000985694247144
0.00120478545674
0.00145628382644
0.00174030596586
0.00205543492131
0.00239833151471
0.00276333561635
0.00314206397373
0.00352300203617
0.00389107097238
0.004227125027
0.00450729480729
0.00470203582371
0.00477466622385
0.00467905127967
0.00435568569949
0.00372387953239
0.00266349374652
0.000972172933986
-4.57131222901e-53
5.32214673457e-308
-4.94065645841e-323
0
0
0
0
0
0
-3.95252516673e-323
0
-2.47032822921e-323
4.94065645841e-324
-2.47032822921e-323
4.40781808273e-05
0.000324103324815
0.000468240089416
0.000519490393335
0.000512391448501
0.000471827303426
0.000414888813916
0.000352669619523
0.000291928024011
0.000236428899424
0.000187945246537
0.000146978473906
0.000113264182681
8.61186911116e-05
6.46690677608e-05
4.7999323165e-05
3.52375161686e-05
2.56023649057e-05
1.84231164658e-05
1.31426481959e-05
9.31085168295e-06
6.57313561763e-06
4.65724717539e-06
3.36043963096e-06
2.5382067102e-06
2.09527584466e-06
1.979231378e-06
2.17696648374e-06
3.54021454316e-06
4.77917049346e-06
6.69834840849e-06
9.5201677785e-06
1.35571397798e-05
1.92334369621e-05
2.71115316769e-05
3.7923759085e-05
5.26082785734e-05
7.2348350641e-05
9.86130985619e-05
0.000133196984858
0.000178254124919
0.000236322339055
0.000310330604676
0.000403582451828
0.000519707031919
0.00066256930147
0.000836131236759
0.00104425744974
0.00129046116222
0.00157759023145
0.00190745761474
0.00228042583825
0.00269495986785
0.00314716606888
0.00363033511875
0.00413450190674
0.00464602335598
0.00514715284693
0.00561555346646
0.00602363624391
0.00633752894325
0.00651537583635
0.0065045376638
0.00623705440235
0.00562250182283
0.00453996848707
0.00285952095667
0.000331096792812
2.11590356185e-156
3.95252516673e-323
0
0
0
0
0
-3.95252516673e-323
2.96439387505e-323
-3.45845952089e-323
4.94065645841e-324
-3.45845952089e-323
-3.95252516673e-323
0.00028684996051
0.000686456028868
0.000837170732989
0.000858225132765
0.000807824507566
0.000720851382876
0.000619416089392
0.000517134365328
0.000421817499251
0.000337402116446
0.000265330709528
0.000205518405395
0.000157015140947
0.000118447343793
8.83019705742e-05
6.50995189426e-05
4.74905200238e-05
3.43009060659e-05
2.45446973092e-05
1.74171281503e-05
1.22772885997e-05
8.62634242168e-06
6.08519563507e-06
4.3739546591e-06
3.294482951e-06
2.71671280699e-06
2.56899224073e-06
2.83256342052e-06
4.57124954599e-06
6.18273030465e-06
8.67546433481e-06
1.23381737836e-05
1.75764777411e-05
2.49408299808e-05
3.51610576404e-05
4.91873081666e-05
6.82367251878e-05
9.38444615905e-05
0.000127916680328
0.000172781991162
0.000231236356122
0.000306574941054
0.000402602820097
0.00052361503766
0.00067433554017
0.000859804197782
0.00108520185831
0.00135560540632
0.00167566835312
0.00204922760653
0.0024788435491
0.00296528781811
0.00350700020649
0.00409954138084
0.00473506963936
0.00540186526298
0.00608391225026
0.00676052082938
0.00740593051601
0.00798876716789
0.00847113550022
0.00880702115326
0.008939592171
0.00879698133424
0.00828615068917
0.00728392728818
0.00561855775917
0.00297781693276
0.000210460043065
-2.1554893575e-222
-1.97626258336e-323
0
0
0
9.88131291682e-324
-9.88131291682e-324
-3.45845952089e-323
-2.96439387505e-323
-2.96439387505e-323
-4.44659081257e-323
0.000254455671356
0.00103715425001
0.00135554911827
0.00142995249237
0.00136937762933
0.00123721881443
0.00107356426551
0.000903599024264
0.000742245779465
0.000597438455896
0.000472519768107
0.00036795660941
0.000282533187099
0.000214157965286
0.000160391345791
0.000118774784826
8.70214340462e-05
6.31127844836e-05
4.53339225985e-05
3.22708944759e-05
2.27866799828e-05
1.59869816988e-05
1.11831153727e-05
7.85648056318e-06
5.62715521955e-06
4.22789049314e-06
3.48400911065e-06
3.29929175764e-06
3.64776039058e-06
5.84285638336e-06
7.91845251024e-06
1.11245940242e-05
1.58326544031e-05
2.25642771535e-05
3.20272767285e-05
4.51600714211e-05
6.31844040981e-05
8.76654948427e-05
0.000120577869258
0.00016437389358
0.000222050525038
0.000297207994451
0.000394092172372
0.000517610390679
0.000673308734194
0.000867297592209
0.00110611194218
0.00139649383497
0.0017450872507
0.00215804018986
0.00264051564951
0.00319612178651
0.00382628142571
0.00452957091704
0.00530106636203
0.0061317389995
0.00700793812052
0.00791098589877
0.00881688014549
0.00969605385856
0.0105130703406
0.011226039951
0.0117854471236
0.0121320297294
0.0121934354942
0.0118794828001
0.011074863102
0.00962173772182
0.00726276623856
0.00349584479046
0.000390644970256
-2.95333011915e-203
-2.96439387505e-323
0
9.88131291682e-324
3.95252516673e-323
-3.95252516673e-323
-3.95252516673e-323
-3.95252516673e-323
-4.44659081257e-323
0.000450402587255
0.00176413705703
0.00226340207465
0.00239586409161
0.00230930132174
0.00210148937127
0.00183667200054
0.00155659679133
0.00128701027647
0.00104232026592
0.000829196618631
0.000649288577351
0.000501193667583
0.00038183193458
0.000287370146835
0.000213815842305
0.00015737513713
0.000114646124645
8.27019316831e-05
5.9103365992e-05
4.18698970648e-05
2.94289740268e-05
2.05570246577e-05
1.43205648658e-05
1.00223583739e-05
7.1552016047e-06
5.36440000887e-06
4.41912132179e-06
4.19237347595e-06
4.64921533859e-06
7.39244980127e-06
1.00396059067e-05
1.41228774266e-05
2.01155541933e-05
2.86822916397e-05
4.07248777439e-05
5.74389443136e-05
8.03813301992e-05
0.000111547045347
0.000153453661188
0.000209229435756
0.00028269957467
0.000378462784164
0.000501947808744
0.000659437165647
0.000858043087386
0.00110561915319
0.00141059070292
0.00178168840057
0.00222757274871
0.00275634334095
0.00337493533309
0.00408841679831
0.0048992135629
0.00580630139948
0.00680441696048
0.00788334574201
0.00902734427488
0.0102147408881
0.0114177308939
0.0126023341933
0.0137284137534
0.0147495656956
0.0156126074595
0.016256368839
0.0166096245958
0.0165882928839
0.0160919553527
0.0149980308119
0.013149582574
0.0103512859767
0.00650514299208
0.00152614140356
8.02355275033e-43
-4.05830034675e-279
2.47032822921e-323
-1.97626258336e-323
0
2.47032822921e-323
0.000399141554333
0.00148068754769
0.00327506274881
0.00393825731936
0.0040665773328
0.00388929021755
0.00353835339583
0.00310257020198
0.00264238329471
0.0021970321887
0.0017897452096
0.00143213465741
0.0011278551444
0.000875471944189
0.000670586513624
0.000507335715623
0.000379397568803
0.000280625247941
0.000205411346954
0.000148864069798
0.000106858573645
7.60108074435e-05
5.36079912106e-05
3.75193055833e-05
2.61022154432e-05
1.81138402949e-05
1.26325525301e-05
8.99216645905e-06
6.72933564513e-06
5.54381091694e-06
5.27078863315e-06
5.86451323746e-06
9.25795589064e-06
1.26007242713e-05
1.77497570324e-05
2.53026205737e-05
3.60982853673e-05
5.12749990338e-05
7.23420897383e-05
0.000101265371926
0.000140564898807
0.000193422422445
0.000263794047537
0.000356521203231
0.000477430273267
0.000633408164432
0.000832438004957
0.00108357641256
0.00139685183805
0.00178306295884
0.00225345761102
0.00281927693674
0.00349115679333
0.00427838925839
0.00518806107437
0.00622410230066
0.00738629570545
0.00866931312021
0.0100618558696
0.011545978624
0.0130966654744
0.014681699781
0.0162618223656
0.0177911052721
0.0192173864852
0.0204825369695
0.0215223198986
0.0222657443006
0.0226341753511
0.0225408857898
0.0218917474065
0.0205875985737
0.018531769211
0.0156488309448
0.0118277377474
0.00686921752541
0.0042021178716
0.00291924453103
0.00253410110623
0.00279495760218
0.00370622394475
0.00600355197186
0.00664363542738
0.00705358928886
0.006964338164
0.00653443741626
0.00590268730716
0.00517172475065
0.004416369132
0.00368852796721
0.00302100926288
0.00243144681194
0.00192622730794
0.00150402863679
0.00115872310046
0.000881588551364
0.00066288701658
0.00049291856659
0.000362667041717
0.000264144927781
0.000190528232987
0.000136153962945
9.64353401528e-05
6.77345943651e-05
4.72205400972e-05
3.27283464211e-05
2.26316705264e-05
1.5732283991e-05
1.11690274808e-05
8.34596027653e-06
6.87855542209e-06
6.55642849764e-06
7.32114521543e-06
1.14762009752e-05
1.56554142604e-05
2.2083888597e-05
3.15090026634e-05
4.49797666554e-05
6.39194007443e-05
9.02155039983e-05
0.000126327476517
0.000175409739865
0.000241447619926
0.000329400468865
0.000445343713204
0.000596598100008
0.000791830648035
0.00104110799364
0.00135587939123
0.00174886416585
0.00223381762801
0.00282515112961
0.00353738683736
0.00438443656488
0.00537870697259
0.00653005045787
0.00784460126603
0.00932355802808
0.0109619943889
0.0127477950204
0.0146608208111
0.0166723998638
0.0187452160353
0.0208336215001
0.0228843346713
0.0248374068666
0.0266272713567
0.0281836732653
0.0294323955382
0.0302960220983
0.0306954883172
0.0305536270783
0.0298020843257
0.028393096547
0.0263171646012
0.0236242233749
0.0205335297129
0.0179202765939
0.0159915551609
0.0146375971621
0.013737866603
0.0132374647036
0.0130909550238
0.0125804321879
0.011845175455
0.0108650814034
0.00971549298636
0.00848630444275
0.00725517184762
0.00608159462895
0.00500627369289
0.00405276275659
0.00323047383622
0.00253822184071
0.00196765470471
0.00150618321911
0.00113926251239
0.000852030343108
0.000630385511238
0.000461618887193
0.000334711135136
0.00024039877899
0.000171091942227
0.000120707657096
8.44647641014e-05
5.8671412906e-05
4.05244334421e-05
2.79312233199e-05
1.93588609027e-05
1.37113641615e-05
1.02338426854e-05
8.44126931229e-06
8.06935199051e-06
9.04522635206e-06
1.40809455003e-05
1.92536318784e-05
2.71992561332e-05
3.88436664483e-05
5.54859763827e-05
7.88888170003e-05
0.000111390619796
0.000156039628331
0.000216748010194
0.000298462427089
0.00040734466662
0.000550952447652
0.000738406370607
0.00098052439982
0.00128990058774
0.00168090049747
0.00216954263675
0.00277323401889
0.00351032964407
0.00439949117212
0.0054588301198
0.0067048360072
0.00815110990241
0.00980694790016
0.0116758453752
0.0137540184648
0.0160290602173
0.0184788604887
0.0210709160379
0.0237621360375
0.026499205782
0.0292195086149
0.0318525301673
0.0343215983968
0.0365457846868
0.038441864636
0.0399264763981
0.0409190268738
0.0413463405932
0.0411502386184
0.0402989873228
0.0388029483813
0.0367344698405
0.0342633234204
0.0317067440509
0.0292975415396
0.027086879355
0.0250628576146
0.0232006920856
0.0214395583645
0.0195990642766
0.017671062471
0.0156698816947
0.0136515894082
0.0116844210362
0.0098295097268
0.00813295072787
0.00662359270109
0.0053139969571
0.00420319073624
0.00328017869477
0.00252745472974
0.00192405597401
0.00144795620343
0.001077771302
0.000793849411672
0.000578863110352
0.000418030479799
0.000299081533043
0.000212066668502
0.000149081336872
0.000103959896333
7.19736735201e-05
4.95542165212e-05
3.40525075761e-05
2.35379771855e-05
1.66368581741e-05
1.2407072948e-05
1.02458789601e-05
9.82643833207e-06
1.10599718716e-05
1.71006054291e-05
2.34384746362e-05
3.31605470409e-05
4.74026940899e-05
6.77582127671e-05
9.63890816497e-05
0.000136164575505
0.00019082703876
0.000265183069096
0.000365315984788
0.000498812178517
0.000674989796169
0.000905113220674
0.00120257132283
0.00158299176628
0.00206425841921
0.00266639492259
0.00341127566216
0.0043221268658
0.00542278638204
0.00673670181721
0.00828566368614
0.0100882930374
0.0121583307888
0.0145028068376
0.0171201978382
0.0199987092029
0.0231148344042
0.0264323478298
0.0299018717153
0.0334611203589
0.0370358666878
0.040541603721
0.0438858018283
0.0469706199555
0.0496959571174
0.0519628741266
0.0536776835073
0.0547573057144
0.0551366014038
0.0547780751393
0.0536834723344
0.051905223215
0.049554874689
0.0468011309035
0.0438129809554
0.040693560254
0.0375058438758
0.0342908778801
0.0310663036366
0.0278261671538
0.0245997982098
0.0214348178061
0.0183945992837
0.0155433145147
0.0129338751489
0.0106020476387
0.00856508099847
0.00682327566402
0.0053632566483
0.00416193136981
0.0031903730283
0.00241716023995
0.00181095930442
0.00134232071418
0.000984773425332
0.000715353346835
0.000514714925851
0.000366962953185
0.000259318120471
0.000181702761958
0.000126307605239
8.7178755361e-05
5.98473934633e-05
4.10126278607e-05
2.82799262995e-05
1.99527350407e-05
1.48724192015e-05
1.23008172609e-05
1.18399147236e-05
1.33839747482e-05
2.05557383615e-05
2.8242586938e-05
4.00179176312e-05
5.72616448471e-05
8.19087345772e-05
0.000116585127288
0.000164777336934
0.000231035723249
0.000321209655041
0.000442710017282
0.000604790685753
0.000818835694554
0.00109863296173
0.00146060887841
0.00192399126091
0.00251086178729
0.00324605398436
0.00415685019259
0.00527243193528
0.00662304398129
0.00823884418645
0.0101484296034
0.0123770544115
0.0149445861032
0.0178632811349
0.0211354968052
0.0247514882401
0.0286874630505
0.0329040763267
0.0373455407774
0.0419394985287
0.0465977532206
0.0512178991313
0.0556858199503
0.0598789828245
0.0636704491759
0.0669335866373
0.0695475960242
0.0714041015996
0.0724150502386
0.0725218539113
0.0717049335463
0.0699914693719
0.0674581260504
0.0642255483005
0.0604361982813
0.0562239918408
0.0517120729854
0.0470128067897
0.0422260397794
0.0374421282926
0.0327525634556
0.0282472077883
0.0240105171127
0.0201133377011
0.0166062952405
0.0135170873492
0.0108512187215
0.0085951488886
0.00672078237961
0.00519035137002
0.00396097509649
0.00298845859719
0.00223014589733
0.00164683058145
0.00120384201233
0.000871479124209
0.000624973347529
0.000444145072325
0.000312887912528
0.000218581464143
0.000151502034817
0.000104274826608
7.13911640389e-05
4.88002770477e-05
3.35759866275e-05
2.36533183957e-05
1.76275432149e-05
1.46075237023e-05
1.41158295594e-05
1.60293528905e-05
2.44564080656e-05
3.3684330865e-05
4.78013614913e-05
6.84672780615e-05
9.80086671861e-05
0.000139583452579
0.000197386497049
0.000276896596762
0.000385163178074
0.000531127842306
0.000725971488026
0.000983472061266
0.00132035115521
0.00175657998863
0.00231560723705
0.00302446351779
0.00391369102839
0.00501704311685
0.00637089876632
0.00801334245689
0.00998287180148
0.0123167144972
0.0150487625832
0.0182071649297
0.0218116563657
0.025870740811
0.0303788821318
0.0353138855098
0.0406346693868
0.0462796301378
0.0521657874082
0.0581888696969
0.0642244632345
0.0701303117565
0.0757498310432
0.0809168978835
0.0854619860274
0.0892197283333
0.0920379302985
0.0937878686961
0.0943753158088
0.0937510897784
0.0919190819998
0.0889393173649
0.0849243240138
0.0800268767553
0.074422896278
0.0683002703745
0.0618486189913
0.0552508541978
0.0486784474283
0.042287921525
0.0362158286008
0.0305741866493
0.0254457392683
0.0208814157225
0.0169010345211
0.0134968294942
0.010638859068
0.00828126923846
0.00636850284169
0.00484079311197
0.00363856355297
0.00270561038073
0.00199113100577
0.00145077422403
0.00104693546992
0.000748521789888
0.000530384558158
0.000372578418973
0.000259563017376
0.000179426068312
0.000123175219106
8.41227533365e-05
5.73709111282e-05
3.93952723812e-05
2.77178932424e-05
2.0659410821e-05
1.71590523768e-05
1.6652560491e-05
1.89998591823e-05
2.87995763053e-05
3.97639290377e-05
5.65149768506e-05
8.10290658088e-05
0.000116075526863
0.00016541393665
0.000234040996344
0.000328487826298
0.000457166248314
0.000630759063688
0.000862644321865
0.0011693370897
0.00157092439234
0.00209146011033
0.00275927722592
0.00360716572227
0.00467235672385
0.00599624842807
0.0076238084596
0.009602591915
0.0119813257936
0.014808029505
0.0181276677735
0.021979365643
0.0263932534439
0.0313870494657
0.036962525868
0.0431020350471
0.0497652960679
0.056886652806
0.0643730194105
0.072102731201
0.0799255303987
0.0876639467956
0.0951163873833
0.102062311426
0.108269892442
0.113506474139
0.117551817262
0.120213562838
0.121343588885
0.12085321002
0.118724677269
0.115016530082
0.109861263096
0.103454764704
0.0960399503749
0.0878886653063
0.0792828030126
0.0704974915971
0.0617879260185
0.0533786174482
0.0454551638861
0.0381591844558
0.0315860571221
0.0257859965138
0.0207684114721
0.0165087315394
0.012956595823
0.0100443112169
0.00769468470566
0.00582762742834
0.00436523525005
0.00323531147206
0.00237348144781
0.00172415226791
0.00124060628771
0.000884505109668
0.000625040680727
0.000437918608319
0.000304306840612
0.000209837048209
0.000143709319625
9.79236344431e-05
6.66430805382e-05
4.56823622118e-05
3.21090867262e-05
2.39430432597e-05
1.99389014419e-05
1.94394617262e-05
2.22890703647e-05
3.35667010655e-05
4.64598352051e-05
6.61315062007e-05
9.49110419665e-05
0.000136061160283
0.000194012152818
0.000274655414118
0.000385697780546
0.000537075725027
0.000741424508906
0.00101459179266
0.00137617792014
0.00185007623535
0.00246497669112
0.00325478524231
0.00425890094429
0.0055222834378
0.00709523696759
0.00903283475863
0.0113939109266
0.0142395573533
0.0176310808
0.0216274008813
0.0262819012718
0.0316387824486
0.0377290011981
0.0445659163431
0.052140788448
0.0604183023534
0.0693322980045
0.0787819159825
0.0886284059194
0.0986929316596
0.108755859627
0.118558243198
0.127806477889
0.136181281219
0.14335203023
0.148996809787
0.152827175777
0.154614932859
0.154216932874
0.151593651355
0.146817980067
0.140072134659
0.131632641978
0.121846307985
0.111101367102
0.0997977222833
0.088320405121
0.0770184509815
0.0661891946235
0.0560682900559
0.0468254848262
0.0385654194626
0.0313328060195
0.0251210092798
0.0198827226304
0.015541379631
0.0120021160312
0.00916140431233
0.00691484064826
0.00516290083015
0.00381474849484
0.00279035513079
0.00202127953585
0.00145047192507
0.00103143747703
0.000727037448195
0.000508140220924
0.000352271380121
0.00024235766153
0.00016561701867
0.000112616168053
7.64963854103e-05
5.23560107721e-05
3.67719701781e-05
2.74407540866e-05
2.29201806206e-05
2.24557640776e-05
2.5878788427e-05
3.87217414804e-05
5.37256254083e-05
7.65875823294e-05
0.000110024631005
0.000157841046428
0.000225203564436
0.000318986830766
0.000448191442413
0.000624434353574
0.000862507129537
0.00118099138266
0.00160291267237
0.00215640431591
0.00287534127867
0.0037998922003
0.00497692557328
0.00646019531194
0.00831022285342
0.0105937890429
0.0133829508131
0.0167535061913
0.0207828469264
0.0255471605952
0.0311179718132
0.037558042312
0.0449166783193
0.0532245167809
0.0624878764769
0.0726827665045
0.0837486503112
0.0955820871032
0.10803044818
0.120886084548
0.133881663879
0.146687940555
0.158915933313
0.170126143674
0.179847565599
0.187608100003
0.192975100457
0.195600761977
0.195264179407
0.191902156859
0.185622681206
0.176697619037
0.165535397363
0.15263971591
0.138562536908
0.123858832631
0.109048597998
0.0945886045607
0.0808539530411
0.0681288686146
0.0566056878882
0.0463904500942
0.0375134329637
0.0299428788505
0.0236001509679
0.0183747506817
0.0141379701843
0.0107543726155
0.00809070935359
0.00602224245131
0.00443670366922
0.00323628054021
0.00233808490941
0.00167355258819
0.00118716971807
0.000834845306661
0.000582167895332
0.00040270905321
0.000276473547649
0.000188547725283
0.00012796330731
8.67714703385e-05
5.93092117258e-05
4.16340615958e-05
3.1102001469e-05
2.6065226727e-05
2.56698424738e-05
2.97377980939e-05
4.42097779276e-05
6.14877215867e-05
8.77801495774e-05
0.000126223158168
0.000181206003005
0.000258691136995
0.000366616499172
0.000515383520134
0.000718431626693
0.000992895450301
0.00136033430852
0.00184751478547
0.00248721650897
0.00331901886541
0.0043900130478
0.00575537044588
0.00747868619053
0.00963200710774
0.0122954479347
0.0155562997598
0.0195075411942
0.02424567587
0.0298678384722
0.0364681331713
0.0441331889784
0.0529369308508
0.0629345674882
0.0741557822163
0.0865970824903
0.10021322713
0.114907637976
0.130521773719
0.146823698224
0.163496654759
0.180129511466
0.196212525229
0.211143707181
0.224252221297
0.234843905522
0.242268245166
0.2459965508
0.245693970684
0.241270565968
0.232901158382
0.22100780043
0.206207037311
0.18923637135
0.170877501443
0.151889327772
0.132957276886
0.114660164796
0.0974527779143
0.081661475181
0.0674899433535
0.0550322438039
0.0442905263883
0.0351950440425
0.0276244174509
0.0214245184311
0.0164248309482
0.0124516490522
0.00933792200954
0.00692991437562
0.00509109123103
0.00370376735082
0.00266909147633
0.00190589953115
0.00134889127431
0.000946487430744
0.000658626465311
0.000454673001586
0.000311538920461
0.000212064757017
0.000143671872368
9.72723736039e-05
6.64108120878e-05
4.6606362183e-05
3.4863956538e-05
2.93257598642e-05
2.90389573801e-05
3.38211236814e-05
4.99564473476e-05
6.96442544357e-05
9.95645280069e-05
0.000143298747858
0.000205857355789
0.000294047937033
0.000416938635031
0.000586421624927
0.000817878740215
0.00113094655211
0.00155037116938
0.00210693370288
0.0028384158554
0.00379056183098
0.00501797838485
0.0065849003473
0.00856573562822
0.0110452930177
0.0141185895359
0.0178901328988
0.0224725795232
0.0279846790209
0.034548430491
0.0422853903415
0.0513120798662
0.0617344351796
0.0736412127258
0.0870962011404
0.102128990132
0.118723917236
0.136806688606
0.156228135324
0.176744789908
0.197996733121
0.219484871184
0.240552854257
0.260383203026
0.278021466813
0.292442360992
0.302661396368
0.30787218
0.30756981964
0.301634636347
0.290361058888
0.274419311541
0.254752442733
0.232444351583
0.208595962733
0.184230004543
0.160229204633
0.137304013987
0.115983060177
0.0966197809701
0.0794098347929
0.0644149859074
0.0515900843199
0.0408104811481
0.0318978388278
0.0246428894117
0.0188242699221
0.0142230900497
0.0106333259527
0.00786845659895
0.00576495689994
0.00418334445828
0.00300746703865
0.00214264480662
0.00151317340078
0.00105957462625
0.000735867844196
0.000507037091486
0.000346791050829
0.000235655598355
0.000159399680651
0.000107771397558
7.35087787535e-05
5.1585495203e-05
3.86528456206e-05
3.26436448625e-05
3.25095579895e-05
3.80699160939e-05
5.5868366349e-05
7.8065338624e-05
0.000111754543664
0.000160982256678
0.000231406547557
0.000330716179313
0.000469158494055
0.00066018270505
0.000921202300486
0.00127447533884
0.00174809409858
0.00237706578533
0.00320445394471
0.00428253628893
0.00567391954215
0.00745253669637
0.00970443808238
0.0125282764197
0.0160353790097
0.0203492986352
0.0256047389445
0.0319457592547
0.039523175017
0.048491078306
0.059002398958
0.0712033989878
0.0852269244139
0.101184110546
0.119154030905
0.139170487732
0.161204783932
0.185142980828
0.210756059877
0.237662045143
0.265281361473
0.292791753516
0.319098124578
0.342844801799
0.362505695587
0.376572976046
0.383807176731
0.383446992386
0.375342404227
0.359998367278
0.338499303634
0.312304303726
0.283008680965
0.252149279579
0.22107877397
0.190902056115
0.162457549743
0.136327177856
0.112862937882
0.092222009348
0.0744051110952
0.0592946121348
0.0466900343631
0.0363393776908
0.0279653351036
0.0212860161135
0.0160302653028
0.011948028971
0.00881647108509
0.00644266806283
0.00466373419984
0.00334517043552
0.00237811753077
0.00167605797882
0.0011713711659
0.000812018668787
0.000558529711576
0.000381373838167
0.000258748099217
0.000174766535193
0.000118016478541
8.04350941402e-05
5.6456933976e-05
4.23860699756e-05
3.59522848408e-05
3.60182062241e-05
4.24120749797e-05
6.18346671431e-05
8.65949688771e-05
0.000124125056041
0.000178946754586
0.000257379971525
0.000368013909798
0.000522301517361
0.000735285387762
0.00102646070249
0.00142077584196
0.00194976381544
0.00265278763193
0.00357837032908
0.00478556605198
0.00634531311738
0.00834169454982
0.010873017568
0.0140526125484
0.0180092456626
0.0228870388393
0.0288447962241
0.0360546466593
0.0446999232818
0.0549722072142
0.0670674509412
0.0811810506771
0.0975016305267
0.116203099989
0.13743420696
0.161304283485
0.187863137616
0.217072109812
0.24876238717
0.282576356621
0.317889503575
0.353716953029
0.388624680871
0.420694600792
0.447628077865
0.467069891303
0.4770967651
0.476561713745
0.465289096124
0.444150972225
0.414940938073
0.379945956626
0.341511283765
0.301750383445
0.262403570769
0.22479929188
0.189873446441
0.15821659999
0.130131698898
0.105693111881
0.0848023625881
0.06723823213
0.0527000708642
0.0408438059452
0.0313105822839
0.0237483468449
0.0178269973282
0.0132479494489
0.00974911528535
0.00710632514128
0.00513217884017
0.00367320152929
0.00260603001945
0.00183319299277
0.0012788915243
0.000885048240097
0.000607780802968
0.000414369948349
0.00028073218555
0.000189368744945
0.000127740820536
8.7012118693e-05
6.10992147658e-05
4.59750451624e-05
3.91786289056e-05
3.9493142694e-05
4.67636721704e-05
6.77297048835e-05
9.50546507024e-05
0.0001364170747
0.000196814861971
0.000283229511563
0.000405150070224
0.000575234687849
0.000810119967551
0.00113138580593
0.00156667851065
0.00215098747639
0.00292806058158
0.0039519309525
0.00528851335105
0.00701721305742
0.00923247500075
0.012045187623
0.0155838463354
0.0199953771963
0.0254455239453
0.0321187111932
0.0402173121242
0.0499602666182
0.0615810073522
0.0753246433608
0.091444300258
0.110196388763
0.131834314809
0.156599676281
0.184709201363
0.216334426826
0.251569242064
0.290377892894
0.332513230162
0.377393510473
0.423930503927
0.470322767943
0.513885356927
0.551098405279
0.578160650209
0.592070184449
0.59111845843
0.575111112075
0.545542329185
0.505476336
0.458554220507
0.408199629683
0.357241964381
0.307823423818
0.261444731631
0.219062437978
0.1811959648
0.148027395893
0.11948856475
0.0953346568597
0.0752050911266
0.0586727836162
0.0452828890838
0.0345820908273
0.026139544016
0.0195606479114
0.0144948811937
0.0106389453167
0.00773640767785
0.00557492300567
0.00398195387462
0.00281973099379
0.00198001149566
0.00137902512289
0.000952854391654
0.000653380296722
0.000444840171907
0.000300986120453
0.000202796507572
0.000136674336768
9.30601167773e-05
6.53889380825e-05
4.93286388747e-05
4.22457274564e-05
4.28564710744e-05
5.10311920376e-05
7.3416912918e-05
0.000103248759053
0.000148345476924
0.000214169980931
0.000308348870304
0.000441248097785
0.000626700373736
0.000882896522306
0.00123345073092
0.00170864486393
0.00234684959784
0.00319611009762
0.0043158715623
0.00577880583042
0.00767268535091
0.0101022366199
0.0131908934541
0.0170823632889
0.021941919151
0.0279573378402
0.0353394220967
0.0443220704766
0.0551618900039
0.068137375969
0.0835476963799
0.101711091004
0.122962785075
0.147652055892
0.176137560808
0.208779046644
0.245921806617
0.287867264239
0.334818210876
0.386779886701
0.443388499071
0.503630780295
0.565427631775
0.625131196861
0.677247694317
0.71527343814
0.734581661807
0.732734141881
0.709484419406
0.66727862546
0.61165188862
0.54849782465
0.482707024047
0.417879197364
0.356457781038
0.29996692095
0.249237553418
0.204593735031
0.165998862601
0.133168790677
0.105659146871
0.082932580982
0.0644100583526
0.0495091200248
0.037671307233
0.0283805609717
0.0211742154866
0.0156480934858
0.0114571079396
0.0083126452394
0.00597783962459
0.00426165820349
0.00301251581312
0.00211194613325
0.00146868310373
0.00101336292376
0.000693944860286
0.000471867847494
0.000318905843404
0.000214653164027
0.000144556241512
9.84055144956e-05
6.92062784096e-05
5.23570273381e-05
4.50757206745e-05
4.60268891623e-05
5.51145452813e-05
7.87536905156e-05
0.000110971480169
0.000159609129384
0.000230571143818
0.000332095293774
0.000475377510698
0.000675361898701
0.000951710122287
0.00132996239306
0.00184289771024
0.00253209378987
0.00344967730686
0.00466024301172
0.00624290667738
0.00829344282625
0.010926445412
0.0142774401616
0.0185048735691
0.0237919081997
0.0303479694969
0.0384100176299
0.0482435597898
0.0601434723457
0.0744347634924
0.0914734645469
0.111647870808
0.135380321667
0.163129541964
0.195393128362
0.232708806747
0.275651148225
0.32481666829
0.380783141708
0.444015983994
0.514671713174
0.592211139816
0.67468481451
0.757540564911
0.832131931722
0.886054094469
0.912737289612
0.909131285749
0.874660743073
0.812686644822
0.734297155509
0.649082806074
0.56362292996
0.48204522418
0.40675837453
0.339010424829
0.279274335742
0.227510027157
0.183344357038
0.146197271582
0.11537206681
0.0901208050964
0.0696916458836
0.0533623478951
0.0404628250862
0.0303889233614
0.0226092184751
0.0166664244866
0.0121748380157
0.00881507500011
0.00632716849118
0.00450289299131
0.00317797614581
0.0022246665434
0.00154495818327
0.00106463440216
0.000728188720351
0.000494605500132
0.000333935490335
0.000224575074948
0.000151147975618
0.000102889358989
7.24406575032e-05
5.49757427704e-05
4.75931032918e-05
4.89228472618e-05
5.89107493504e-05
8.35971135809e-05
0.000118015047837
0.000169902996788
0.000245570868189
0.000353815797965
0.000506592178146
0.000719858962002
0.0010146204528
0.00141817499349
0.00196558164692
0.00270134799778
0.00368133272883
0.00497484503867
0.00666691009607
0.00886065687291
0.0116797737228
0.0152709703774
0.0198063855314
0.025485890172
0.0325392617434
0.0412282465144
0.0518485900147
0.0647322000285
0.0802497134351
0.0988138638046
0.120884181245
0.146973676636
0.177658218675
0.213589195803
0.25550953466
0.30427172969
0.360853185673
0.426356714371
0.501967958169
0.588807423648
0.687541696541
0.797452714706
0.914261389515
1.02519272321
1.10168949801
1.13781812462
1.13119441044
1.07974308389
0.984591647335
0.872305392968
0.757590847027
0.647899919184
0.546936475448
0.45636663035
0.376688042955
0.307710034839
0.248835777944
0.199236605354
0.157964790503
0.124029498724
0.0964492160578
0.0742879382201
0.0566793047051
0.042841336242
0.0320837164818
0.0238092253448
0.0175107516389
0.0127651705212
0.00922521796225
0.00661031805636
0.00469712705066
0.00331036464806
0.00231432285534
0.00160528621212
0.00110497069408
0.000754993498358
0.000512320362315
0.000345596919735
0.000232250709145
0.000156245556304
0.000106375392673
7.49961989467e-05
5.71096538186e-05
4.97280762629e-05
5.14659720321e-05
6.23181067029e-05
8.7810171889e-05
0.000124178849434
0.000178931611196
0.000258735087992
0.000372876519987
0.000533973248516
0.000758869952078
0.00106974157297
0.00149541832748
0.00207294511102
0.00284938094026
0.00388383497713
0.00524972464475
0.0070372293036
0.00935590137647
0.0123373877869
0.016138210848
0.0209425627223
0.0269650852965
0.0344536423752
0.0436921486159
0.0550036052143
0.0687536122423
0.0853547888146
0.10527274297
0.129034502356
0.157240652957
0.190582838104
0.229868722262
0.276056931948
0.330304570258
0.394028907749
0.468980891481
0.55731677941
0.661626077593
0.784809731049
0.929543306744
1.0963811552
1.27442807113
1.37880676467
1.42484097956
1.4143117485
1.34085116286
1.1823607181
1.01992854889
0.867818191345
0.730213514922
0.608342379347
0.502084000361
0.410626535138
0.332810695472
0.267317972139
0.21277780109
0.167832579311
0.131179790476
0.101600284001
0.0779768999996
0.0593055331481
0.044699933003
0.0333913073055
0.0247237657604
0.018146645866
0.0132047302567
0.00952727873385
0.00681666538543
0.00483725017758
0.00340494522903
0.00237777577737
0.00164759660159
0.00113301285295
0.000773471612979
0.000524435264029
0.000353515989512
0.000237437502788
0.000159690431451
0.000108757152529
7.67965777421e-05
5.86966116979e-05
5.14197773899e-05
5.35845609867e-05
6.52406575898e-05
9.12681661921e-05
0.000129278864661
0.000186423100669
0.000269663962864
0.00038869341009
0.000556674098339
0.000791177282842
0.00111533617352
0.00155923276412
0.00216153229252
0.00297137309287
0.00405051087347
0.00547570595847
0.00734133079397
0.0097621646561
0.0128763353121
0.0168483664267
0.0218722986478
0.0281748762895
0.0360188360338
0.0457064059677
0.0575832309647
0.0720430947584
0.0895340248245
0.110566664607
0.135726210644
0.165689789024
0.201251962407
0.243362231742
0.293180093309
0.352155639152
0.422146978677
0.50558949627
0.605733836107
0.726963860703
0.875202330481
1.05866056849
1.29200116471
1.47031483002
1.5842235525
1.63533978775
1.62325609909
1.54361690491
1.38883090657
1.16162785651
0.968635392182
0.802736819694
0.660777866792
0.540082534606
0.438164175887
0.352730538274
0.281679469131
0.223086179554
0.175193332517
0.136405842942
0.105288455785
0.0805637202444
0.0611086248319
0.0459489709958
0.0342512461612
0.0253122414619
0.018546951745
0.0134754271025
0.00970925505655
0.00693827965374
0.00491804324474
0.00345829743162
0.00241279300182
0.00167043862127
0.00114782205577
0.000783017975435
0.000530561551036
0.000357443475234
0.000239975159659
0.000161377998649
0.000109963558212
7.77889109752e-05
5.96905091691e-05
5.26191809716e-05
5.52169334185e-05
6.75926431656e-05
9.38648541917e-05
0.000133156825253
0.000192142858042
0.000278012185886
0.000400762204877
0.000573964248093
0.000815731257474
0.00114990776428
0.00160750136337
0.00222837116494
0.00306318252399
0.00417562892492
0.00564491184624
0.00756845885361
0.0100648507894
0.013276923202
0.0173750083667
0.0225602966198
0.029068324522
0.0371726491417
0.0471888507276
0.0594791309144
0.0744579550019
0.0925994460331
0.114447607881
0.140630986542
0.171884159971
0.209079624826
0.253275482222
0.305787278252
0.368297275537
0.443022844493
0.532979955858
0.642398937649
0.777356755792
0.94650232077
1.16018101642
1.4160590423
1.60125683241
1.72022757022
1.77373577255
1.76061280258
1.67730838424
1.51747385875
1.26929975754
1.04533764794
0.856277125844
0.698274832049
0.566452801179
0.456725390652
0.365763953223
0.290786330812
0.229406194713
0.179543374897
0.139372218486
0.107290824696
0.081900731792
0.0619911260257
0.0465244091398
0.0346216414048
0.0255473800162
0.0186940003491
0.013565869602
0.00976383816056
0.00697049395864
0.00493654033799
0.00346854515334
0.00241819327957
0.00167307191972
0.0011489363357
0.000783345465475
0.000530521231341
0.000357268893987
0.000239794315454
0.000161263116484
0.000109962560581
7.79464023157e-05
6.00635370986e-05
5.32914722113e-05
5.6314420523e-05
6.93026928902e-05
9.55179229517e-05
0.000135688458831
0.000195905888093
0.000283507343425
0.000408685520194
0.000585269036958
0.000831707732061
0.0011722838712
0.00163856906669
0.00227114308728
0.00312158467768
0.00425473627367
0.00575123473096
0.0077102900288
0.0102526851365
0.0135239653753
0.0176977880598
0.0229794173459
0.0296093805919
0.0378673581087
0.0480764668826
0.0606082325338
0.0758887390108
0.0944067269122
0.116724817168
0.143495629635
0.175485451598
0.21360947357
0.258984782668
0.31301092024
0.377494156688
0.454843624459
0.548392787033
0.66296318382
0.805985207681
0.990254681795
1.24286284747
1.48272040106
1.66719250752
1.78765695397
1.84174211706
1.82752215765
1.74219634213
1.58265545051
1.35110746116
1.08841198328
0.882901298297
0.71571253576
0.578006041396
0.464313903203
0.370647814177
0.293833226494
0.231222667081
0.180553273796
0.139868997231
0.107474439606
0.0819044347135
0.0619011457188
0.0463944097648
0.0344832554409
0.0254177683255
0.0185811701067
0.0134723223423
0.00968899721014
0.00691226033435
0.00489224331196
0.00343548565083
0.00239392359047
0.00165551245714
0.00113639779148
0.000774500982196
0.000524356418732
0.00035302606968
0.000236919861116
0.000159362175104
0.000108762574668
7.72695483685e-05
5.98074810306e-05
5.34177346498e-05
5.68437923406e-05
7.03174512849e-05
9.61733909291e-05
0.000136790211523
0.000197586915574
0.000285964946409
0.000412195001167
0.000590201997205
0.000838555072259
0.0011816836471
0.001651339367
0.00228832010195
0.00314446614147
0.0042849305362
0.00579071585824
0.00776145961831
0.0103184419531
0.0136077844946
0.0178038119069
0.0231125617591
0.029775459661
0.0380732317645
0.0483302146226
0.0609193545523
0.076268381226
0.0948679169253
0.117282680342
0.144167520926
0.1762908744
0.214569528206
0.260120615299
0.314340020789
0.379021771346
0.456541938297
0.550144913349
0.664387872868
0.805789172136
0.983469636064
1.20776296041
1.4738305253
1.66401442458
1.78583810064
1.83963110042
1.82375183442
1.73526975856
1.56867660972
1.30890537198
1.0733047243
0.874827619281
0.709841715312
0.573081761035
0.459991920408
0.366833682057
0.290498911636
0.228350855837
0.17812064355
0.137842960417
0.105814772092
0.0805664201469
0.0608387868974
0.0455630941231
0.0338416720281
0.0249290835703
0.0182135712197
0.0131990757406
0.00948817121814
0.00676624349942
0.00478716309535
0.00336060410115
0.00234106101725
0.00161852910139
0.00111074760703
0.000756860583647
0.000512325250857
0.000344889986079
0.000231468673038
0.000155751580227
0.000106411602345
7.57858290897e-05
5.8933972486e-05
5.29958357005e-05
5.67889515021e-05
7.06043849142e-05
9.5808605574e-05
0.000136423932996
0.000197127469198
0.000285298952971
0.000411166770364
0.000588587325595
0.000836026578278
0.00117776431094
0.00164534035065
0.00227925822399
0.00313095558596
0.00426504248797
0.00576179875655
0.0077199115415
0.0102594251507
0.013524870016
0.0176885392014
0.0229538933409
0.0295591033199
0.0377807906174
0.0479381057752
0.0603974059077
0.0755779658863
0.0939594038023
0.116091847576
0.142610359328
0.174255835284
0.21190561884
0.256618571798
0.309701598425
0.372807953613
0.448082397158
0.538373998273
0.647540657111
0.780856666687
0.945473293167
1.1508017867
1.40973288279
1.59494234644
1.71517168012
1.76757570267
1.74969214208
1.65927760897
1.49446303274
1.23948242673
1.02208037855
0.837726343981
0.682468080078
0.552459980096
0.44420975023
0.354633562733
0.281018984667
0.220974730902
0.17239049368
0.13340823471
0.102401055122
0.0779558353679
0.0588570959753
0.0440707310041
0.0327271366535
0.0241038038652
0.017607736189
0.0127581661109
0.00917003650373
0.00653863761931
0.00462568052359
0.00324697079832
0.00226173846617
0.00156359093698
0.00107298926187
0.000731104159107
0.000494884678305
0.000333165241691
0.000223641980414
0.000150562807531
0.000102994140346
7.35479255422e-05
5.74736893568e-05
5.20404522992e-05
5.61517714876e-05
7.01535601565e-05
9.4433598294e-05
0.000134599148299
0.000194539368943
0.000281526924276
0.000405628901781
0.00058047058081
0.000824195645923
0.00116064245071
0.0016207543914
0.00224423851482
0.0030814801593
0.00419571293964
0.00566543331103
0.00758703829965
0.0100776553338
0.013278126648
0.0173561103398
0.0225092694449
0.0289685437433
0.0370015415781
0.0469161569281
0.0590646176441
0.0738483132276
0.0917239465002
0.113211818467
0.138907410661
0.169497902316
0.205785885796
0.248723358986
0.299460095541
0.359411671845
0.430353566599
0.514548583422
0.614916620574
0.735271491461
0.880757115278
1.05920721407
1.28699634316
1.45526956141
1.57431909251
1.62510777386
1.60424021614
1.50975001054
1.35679487813
1.13044319628
0.940305166173
0.777096999943
0.637319637575
0.518558960101
0.418560663132
0.335124422565
0.266138307058
0.20961858728
0.163736452464
0.126833209867
0.0974269444225
0.07421265035
0.0560571951918
0.0419902231526
0.0311920299781
0.0229794008875
0.0167903347189
0.0121684679263
0.00874786993074
0.00623872280397
0.00441423967161
0.00309903064568
0.00215900121901
0.00149277022382
0.00102452335785
0.000698171973839
0.000472661700725
0.000318267154012
0.000213713055942
0.000143974468379
9.86261477796e-05
7.06306233206e-05
5.54745787451e-05
5.05822404853e-05
5.49520163257e-05
6.89782523855e-05
9.20906793239e-05
0.00013137272132
0.000189904317242
0.000274769369373
0.000395760273026
0.000566116672962
0.000803452327892
0.00113088829334
0.00157840882105
0.00218445219075
0.00299774211396
0.00407935657377
0.00550502049578
0.00736759739809
0.00977974454011
0.012876688028
0.0168190713389
0.021795835851
0.0280271087561
0.0357671061075
0.0453071109569
0.0569786628798
0.071157199973
0.0882665314682
0.108784690911
0.133251925484
0.162281807165
0.196576676835
0.236948779524
0.284348347003
0.339899157015
0.404939949936
0.48106484593
0.57014387267
0.674275484214
0.795534121663
0.935004716715
1.08868991356
1.22749745867
1.36282630214
1.4125652098
1.38725263491
1.27006195748
1.14000084342
0.985345849499
0.835947514753
0.699878330706
0.579432834439
0.474847504161
0.385409996971
0.309927186447
0.246977926956
0.19506485397
0.15270870332
0.118506852195
0.0911683577497
0.0695328968964
0.0525783623358
0.0394203995385
0.0293063152742
0.0216052442808
0.0157960681181
0.0114542629164
0.00823857837764
0.00587820863581
0.00416090532382
0.00292230602001
0.00203660829382
0.00140861023025
0.000967060119064
0.000659207042224
0.00044641561905
0.000300697171276
0.000202011292451
0.000136202061267
9.34484945586e-05
6.71266570134e-05
5.299924609e-05
4.86662136498e-05
5.32263441755e-05
6.71143316544e-05
8.88522892544e-05
0.000126845917158
0.000183369601656
0.000265243299297
0.000381880846805
0.000545995255684
0.000774481511057
0.0010894933351
0.00151972826331
0.00210193092533
0.00288261757539
0.00392001583135
0.005286202692
0.00706941200313
0.0093764708504
0.0123353145416
0.016097523997
0.0208408299649
0.0267715381987
0.0341268512594
0.0431770983009
0.0542279355913
0.0676226476021
0.0837447584162
0.10302124795
0.125926739572
0.152989049763
0.18479639672
0.222006217169
0.265354674244
0.315664036517
0.373841145101
0.440852070047
0.517641246301
0.604927192409
0.702725272722
0.809267527074
0.918725773178
1.01811268192
1.09837235109
1.13235399132
1.11475258812
1.04631282231
0.951745904033
0.840001080208
0.725058761646
0.615221413112
0.514689943223
0.425289920359
0.34748157842
0.28093244863
0.224859191948
0.178241850574
0.139961942956
0.108892049454
0.083952985275
0.0641485843977
0.0485847156467
0.0364771451537
0.0271516094136
0.0200386304982
0.0146650071359
0.0106434556378
0.0076615038275
0.00547043540532
0.00387483028609
0.00272304256148
0.00189879770789
0.00131397025684
0.000902517492594
0.000615488418072
0.000416994560075
0.000281014667756
0.00018890398344
0.000127486241556
8.76194132537e-05
6.31418206619e-05
5.01217098026e-05
4.63494486447e-05
5.10264630548e-05
6.46184609987e-05
8.48172583051e-05
0.000121159074874
0.000175140226031
0.000253250476899
0.000364434130886
0.000520754669951
0.000738224460613
0.00103781398152
0.00144665261048
0.0019994282871
0.00273998627342
0.00372311787973
0.00501651876707
0.00670288395974
0.00888209403198
0.0116734354768
0.0152177897285
0.0196797216165
0.0252494010943
0.0321443035123
0.0406106543317
0.0509246133764
0.0633932283571
0.0783552202125
0.0961816794687
0.117276727229
0.142078080014
0.17105717225
0.204717888806
0.243591787794
0.288225502827
0.339152022747
0.396830412557
0.461526072949
0.533082926859
0.610509706845
0.691286898818
0.770425144205
0.84000810328
0.891503505732
0.913330204741
0.900882454229
0.855801071221
0.787944775229
0.705646656543
0.617614877645
0.530424722369
0.44828866173
0.373583991613
0.307410354756
0.250019693061
0.201123277869
0.160106628451
0.126178849021
0.0984753555207
0.0761271343818
0.0583057372844
0.0442506173443
0.0332836760123
0.0248146928343
0.0183404479662
0.0134396963325
0.00976564034411
0.00703713435633
0.0050295161101
0.00356568556829
0.00250783176954
0.00175003728938
0.00121186167205
0.000832913664336
0.000568361013976
0.000385289838769
0.000259807382331
0.000174777236204
0.000118080510944
8.13065232857e-05
5.87897055634e-05
4.69237562758e-05
4.36982821582e-05
4.84165669977e-05
6.15652322748e-05
8.01057452364e-05
0.000114484286641
0.000165468066148
0.000239161267173
0.000343963188076
0.000491186507996
0.000695826830596
0.000977495810969
0.00136152746958
0.00188026235247
0.00257450692348
0.00349515604568
0.00470495492124
0.0062803639812
0.00831347681778
0.0109139284942
0.0142107208286
0.0183538839914
0.0235158913019
0.0298927472441
0.0377046772723
0.04719635996
0.0586366526903
0.0723177621794
0.0885537844133
0.107678457822
0.13004179403
0.15600489989
0.185931667301
0.220174903257
0.259052630935
0.302807340072
0.351536488008
0.405076445306
0.462815806874
0.523414457309
0.584434007202
0.641994506051
0.690809918641
0.725026179787
0.7387373299
0.7291180578
0.697168976116
0.647669763317
0.586281286501
0.518827594895
0.450222626327
0.384061729123
0.322686098095
0.267421990493
0.218840764805
0.17698457591
0.141545758715
0.112003049072
0.0877217689947
0.0680252556113
0.0522438755828
0.0397468664361
0.0299612551862
0.0223812724781
0.0165709916524
0.0121623493666
0.00885022474991
0.00638585157572
0.00456950223816
0.00324310627527
0.00228324404516
0.00159478245209
0.0011052885838
0.000760262648604
0.000519167444917
0.000352191639993
0.000237662702415
0.00016001740857
0.000108239205978
7.46789867223e-05
5.41864284722e-05
4.34911438413e-05
4.07851882497e-05
4.54702296116e-05
5.80434422663e-05
7.48532229206e-05
0.000107016625535
0.000154638865903
0.000223395319707
0.000321082048841
0.000458183568023
0.000648577257699
0.000910384539408
0.00126697599212
0.00174813249172
0.00239135710427
0.0032433229028
0.00436143034923
0.00581543486726
0.00768909146126
0.0100817496782
0.0131098199799
0.0169080228204
0.0216303253017
0.0274504675294
0.034561980967
0.0431776017189
0.0535279776318
0.065859550336
0.0804314470163
0.0975111186336
0.117368276574
0.140266357047
0.166450210427
0.196127878688
0.229443088027
0.266433392221
0.306966905226
0.350649011999
0.396691595235
0.443746553663
0.489732891239
0.531743282141
0.56618399879
0.589261364607
0.597642193709
0.589678322587
0.565945304553
0.529092531595
0.482785202875
0.43097397895
0.377245764413
0.324463512688
0.274676768255
0.229190746607
0.188700862262
0.153439187096
0.123307904044
0.0979906710557
0.0770404920159
0.0599460223666
0.0461794469115
0.0352292985216
0.0266213900674
0.0199306652164
0.01478635486
0.0108724091753
0.00792478603602
0.00572682669976
0.00410364505327
0.00291619903241
0.00205550143833
0.0014372595967
0.000997105037199
0.000686480516153
0.000469186701065
0.00031854906655
0.000215141722676
0.000144994290825
9.82065616368e-05
6.79002949796e-05
4.94456829749e-05
3.99098963833e-05
3.76855398704e-05
4.22669650271e-05
5.41517710686e-05
6.92039378761e-05
9.89645577178e-05
0.0001429580294
0.000206400518282
0.000296444671851
0.000422694386901
0.000597841241706
0.000838430580091
0.00116576212642
0.00160692485417
0.00219595852599
0.00297512489807
0.00399626023933
0.00532216796717
0.00702799647401
0.00920253343526
0.0119493349768
0.0153875969462
0.0196526668342
0.0248960887244
0.0312850691629
0.039001246651
0.0482386370426
0.059200603931
0.0720956555377
0.0871317809643
0.10450888619
0.124408645032
0.14698071058
0.172323713841
0.200458818239
0.231292908202
0.264568100589
0.29979497781
0.336170369913
0.372489356621
0.407078408108
0.437801175605
0.462204441788
0.477840981893
0.482723713544
0.475892442287
0.457712911315
0.429793867123
0.394528060198
0.354616944647
0.312650356732
0.27082802599
0.230835698392
0.1938363263
0.160527645008
0.131228548301
0.10597078047
0.0845833559599
0.0667641096924
0.052136826764
0.0402945546784
0.0308307313419
0.0233601517089
0.0175318325224
0.0130356845726
0.00960466179185
0.00701378273384
0.00507714582221
0.00364380469568
0.00259314478993
0.00183021193153
0.00128128918219
0.000889897750088
0.000613308029082
0.00041958333366
0.000285136901336
0.000192757572924
0.000130046984925
8.82074607152e-05
6.11220866028e-05
4.46743906522e-05
3.62629004835e-05
3.44744524751e-05
3.88886809929e-05
4.99941600246e-05
6.33042915187e-05
9.05402078648e-05
0.000130736211567
0.000188631695921
0.000270713678853
0.000385677636825
0.000544995128245
0.00076359420602
0.0010606554188
0.00146052108654
0.00199370841211
0.00269800787789
0.00361963745234
0.00481441075936
0.00634886409541
0.00830127373684
0.0107624821685
0.0138364404637
0.017640364614
0.0223043962198
0.0279706519164
0.034791539327
0.0429272067404
0.0525419736295
0.0637995516921
0.0768568010938
0.091855662116
0.108912747152
0.128105867119
0.149456513902
0.172907083892
0.198291552486
0.225298700396
0.253428403942
0.281944785504
0.309836130419
0.335800570983
0.358285812974
0.37561208998
0.386188078376
0.388792323604
0.382864728037
0.368666851593
0.347241212794
0.320185267744
0.289365005483
0.256643250062
0.223677052167
0.191802875089
0.161998701669
0.134899823465
0.110845236781
0.0899369510255
0.0721005826305
0.0571405513751
0.0447866740509
0.0347311804881
0.0266564952261
0.0202548298573
0.0152409357639
0.0113594263836
0.00838799398701
0.00613768534891
0.00445120740792
0.00320003611272
0.00228091637433
0.0016121780795
0.0011301568949
0.000785899894222
0.0005422532646
0.000371369473743
0.000252630581068
0.000170958980398
0.000115473104786
7.84402771789e-05
5.44792726843e-05
3.9969154967e-05
3.2626978507e-05
3.12238879966e-05
3.54162446974e-05
4.56751949995e-05
5.72965712979e-05
8.19501189174e-05
0.000118275664677
0.000170530537762
0.000244530962961
0.000348059461092
0.000491364664978
0.000687757766673
0.00095430660283
0.00131262341642
0.00178973552037
0.00241901945437
0.00324116893508
0.00430515528396
0.00566912657848
0.00740117916408
0.00957992311924
0.0122947525029
0.0156457222777
0.0197429268694
0.0247052699804
0.0306585102668
0.0377324604999
0.046057205415
0.0557581810222
0.0669499206795
0.0797282165182
0.0941603684734
0.110273106272
0.128037700727
0.147351793479
0.168017691785
0.189717504585
0.211986840015
0.234191181076
0.255512649829
0.274959077273
0.291409992473
0.303711314738
0.310818340874
0.311966910181
0.306833039641
0.295619773314
0.279035678908
0.258172882998
0.234335077174
0.208862573188
0.182989792126
0.157752164713
0.133942419578
0.112106280444
0.0925645143751
0.0754493900307
0.0607464184701
0.0483352519233
0.0380261417967
0.0295902308968
0.0227832248333
0.0173627763195
0.0131003516132
0.00978853934075
0.00724479285863
0.00531253053451
0.00386039844409
0.00278035782903
0.00198511568711
0.0014052837304
0.000986535628264
0.000686937841895
0.000474555558633
0.000325380592893
0.000221589996344
0.000150119480331
0.000101521577827
6.90720080876e-05
4.80866140938e-05
3.54136389548e-05
2.90705593029e-05
2.800016542e-05
3.19263602276e-05
4.12957830001e-05
5.1313405206e-05
7.33870658105e-05
0.000105858170462
0.000152507895333
0.000218491960864
0.00031069634756
0.000438171871168
0.000612650296499
0.00084914152918
0.00116660669548
0.00158869553371
0.00214452850629
0.00286949456043
0.0038060248304
0.00500429125339
0.00652276767339
0.00842858022107
0.0107975642763
0.0137139377202
0.0172694947716
0.0215622213822
0.0266942312642
0.0327689198595
0.0398872300665
0.0481429161981
0.0576166797938
0.0683690328571
0.0804317255379
0.0937975696264
0.108408524696
0.124142041553
0.140795960385
0.158072854348
0.17556572284
0.192748447227
0.20897629278
0.22350338671
0.235524258084
0.244243424597
0.248969514614
0.24921981689
0.244811171858
0.235907783253
0.223008180124
0.206874702711
0.188428334055
0.168635715257
0.148410696927
0.128543520812
0.109661034864
0.0922144083608
0.0764874268192
0.0626178354534
0.0506251792294
0.0404401926493
0.0319324336934
0.0249342516552
0.0192602383218
0.0147220466288
0.0111389229903
0.00834455195994
0.00619091384468
0.00454985697648
0.00331302552839
0.002390690156
0.00170992301411
0.00121245461175
0.000852455929647
0.000594409586685
0.000411170066031
0.000282264629512
0.000192451922207
0.000130532178696
8.83890076685e-05
6.02356875671e-05
4.2036767901e-05
3.10769065309e-05
2.5652013685e-05
2.48619836665e-05
2.84889206198e-05
3.69493700799e-05
)
;

boundaryField
{
    left
    {
        type            cyclic;
    }
    right
    {
        type            cyclic;
    }
    bottom
    {
        type            cyclic;
    }
    top
    {
        type            cyclic;
    }
    frontAndBack
    {
        type            empty;
    }
}


// ************************************************************************* //
