/*--------------------------------*- C++ -*----------------------------------*\
| =========                 |                                                 |
| \\      /  F ield         | OpenFOAM: The Open Source CFD Toolbox           |
|  \\    /   O peration     | Version:  v2106                                 |
|   \\  /    A nd           | Website:  www.openfoam.com                      |
|    \\/     M anipulation  |                                                 |
\*---------------------------------------------------------------------------*/
FoamFile
{
    version     2.0;
    format      ascii;
    arch        "LSB;label=32;scalar=64";
    class       volScalarField;
    location    "10";
    object      p;
}
// * * * * * * * * * * * * * * * * * * * * * * * * * * * * * * * * * * * * * //

dimensions      [0 2 -2 0 0 0 0];

internalField   nonuniform List<scalar> 
6561
(
-1.80971060279e-15
0.00239856377207
0.00474946827478
0.00704189078967
0.00926486258904
0.0114072741658
0.0134578876909
0.0154053577476
0.0172382614299
0.0189451389146
0.0205145455974
0.0219351168372
0.0231956462428
0.0242851782766
0.025193115704
0.0259093421044
0.0264243592395
0.0267294385762
0.0268167856494
0.0266797152634
0.0263128347572
0.0257122317286
0.0248756617684
0.0238027309158
0.0224950667897
0.0209564717176
0.0191930507516
0.0172133072989
0.0150281992631
0.0126511491475
0.0100980025566
0.00738693095178
0.00453827634809
0.00157433783871
-0.00148089771137
-0.00460207587402
-0.00776283828126
-0.0109362198262
-0.0140950676515
-0.0172124687322
-0.0202621721459
-0.0232189921831
-0.0260591792907
-0.0287607474184
-0.0313037485467
-0.0336704878264
-0.0358456756801
-0.0378165161657
-0.0395727336902
-0.0411065426082
-0.0424125662104
-0.0434877130226
-0.0443310191767
-0.0449434658907
-0.0453277808842
-0.0454882319333
-0.0454304198467
-0.0451610770249
-0.0446878765566
-0.0440192555773
-0.0431642554643
-0.0421323803868
-0.0409334748323
-0.0395776199827
-0.0380750482362
-0.0364360747382
-0.0346710445035
-0.0327902935325
-0.0308041222597
-0.0287227796701
-0.0265564564795
-0.024315285868
-0.0220093503741
-0.0196486936788
-0.0172433361349
-0.0148032930105
-0.0123385945127
-0.00985930674357
-0.00737555279796
-0.00489753325517
-0.00243554533631
3.63918585712e-05
0.00244602423163
0.00480788305321
0.00711114135542
0.00934482238186
0.0114978039917
0.0135588303003
0.0155165316136
0.0173594537589
0.0190760979329
0.0206549721858
0.0220846556067
0.0233538761832
0.0244516031421
0.0253671543497
0.0260903190296
0.0266114956481
0.0269218443134
0.0270134524241
0.0268795116084
0.0265145032124
0.025914388753
0.0250768008813
0.0240012295441
0.0226891972374
0.0211444165793
0.0193729229629
0.0173831748429
0.0151861143473
0.0127951814311
0.01022627575
0.00749766185353
0.00462981513788
0.0016452082339
-0.00143195998132
-0.00457608789729
-0.00776053970102
-0.0109580489654
-0.0141411452745
-0.0172825903647
-0.0203558094681
-0.023335303556
-0.0261970290055
-0.0289187328168
-0.0314802337751
-0.0338636426979
-0.0360535179353
-0.0380369553629
-0.0398036150062
-0.0413456889856
-0.0426578175132
-0.0437369611453
-0.0445822383555
-0.0451947377692
-0.0455773141697
-0.0457343767254
-0.0456716769216
-0.045396102512
-0.0449154825459
-0.0442384072564
-0.0433740654031
-0.0423321005777
-0.0411224870585
-0.0397554250376
-0.0382412544529
-0.0365903862271
-0.0348132494257
-0.0329202526767
-0.0309217581319
-0.0288280662537
-0.0266494097795
-0.0243959553173
-0.0220778111486
-0.0197050399458
-0.017287675244
-0.0148357406193
-0.0123592706383
-0.00986833272155
-0.00737304913271
-0.00488361834454
-0.00241033505712
0.000108916565899
0.0025406838927
0.00492445351737
0.00724939081224
0.00950450378582
0.0116786458293
0.0137605257153
0.0157387259233
0.017601730416
0.0193379630244
0.0209358375996
0.0223838210549
0.0236705103337
0.0247847241898
0.0257156104445
0.0264527690752
0.0269863910898
0.0273074126349
0.0274076831768
0.0272801458858
0.026919027553
0.0263200344975
0.0254805500115
0.0243998279797
0.0230791764538
0.0215221242267
0.0197345629016
0.0177248566693
0.0155039120679
0.0130852004603
0.0104847268887
0.00772094036883
0.00481458255675
0.00178847402235
-0.00133276000844
-0.00452301975916
-0.00775510932395
-0.0110011532004
-0.0142330384485
-0.0174228682845
-0.02054341196
-0.0235685356857
-0.0264736001496
-0.0292358118395
-0.0318345177692
-0.034251436146
-0.0364708187754
-0.0384795443159
-0.0402671446388
-0.0418257692995
-0.0431500953327
-0.0442371911591
-0.0450863442978
-0.0456988628546
-0.0460778604746
-0.0462280337147
-0.0461554397262
-0.0458672808714
-0.0453717015327
-0.0446776010179
-0.0437944651851
-0.0427322182731
-0.0415010954435
-0.0401115357543
-0.0385740946671
-0.0368993747562
-0.0350979729965
-0.0331804428446
-0.0311572692749
-0.0290388549522
-0.0268355158034
-0.0245574843691
-0.0222149194505
-0.0198179207163
-0.0173765470709
-0.0149008377185
-0.012400834968
-0.00988660791805
-0.00736827622931
-0.00485603324015
-0.00236016770476
0.000217055945088
0.00268201925443
0.00509865964206
0.00745613309396
0.00974342682769
0.0119493595406
0.0140625889274
0.0160716275633
0.0179648683131
0.0197306204713
0.0213571578566
0.022832780065
0.0241458880164
0.0252850747969
0.0262392325954
0.0269976762367
0.0275502834234
0.0278876512964
0.0280012683144
0.027883699724
0.0275287840702
0.0269318372773
0.0260898598625
0.0250017418557
0.0236684590474
0.0220932533385
0.0202817892985
0.0182422786262
0.0159855641524
0.0135251553796
0.0108772084058
0.00806044445494
0.00509600313907
0.0020072289731
-0.00118060753299
-0.00444064981751
-0.00774484870515
-0.0110643987831
-0.0143702045211
-0.0176333609026
-0.0208256321083
-0.0239199115224
-0.0268906470723
-0.0297142176455
-0.0323692489218
-0.0348368601979
-0.0371008374155
-0.0391477313167
-0.0409668831732
-0.0425503836209
-0.0438929725838
-0.0449918900098
-0.0458466881152
-0.0464590160975
-0.0468323879145
-0.0469719428667
-0.0468842075031
-0.0465768659355
-0.046058544127
-0.045338612216
-0.0444270075423
-0.0433340797997
-0.0420704586969
-0.0406469436646
-0.0390744145139
-0.0373637614947
-0.0355258329223
-0.0335713983881
-0.0315111255348
-0.0293555684196
-0.0271151655941
-0.02480024617
-0.0224210422999
-0.0199877066666
-0.0175103337387
-0.0149989836874
-0.0124637079946
-0.00991457587929
-0.00736170075018
-0.00481526594444
-0.00228554904324
0.000360032460397
0.00286924271954
0.00532971690429
0.00773060241939
0.0100608626253
0.0123092737356
0.0144644289922
0.0165147512425
0.0184485151228
0.0202538801154
0.0219189357879
0.0234317605246
0.024780495018
0.0259534316796
0.0269391209471
0.027726495196
0.0283050105826
0.0286648066589
0.0287968829839
0.0286932912136
0.0283473402954
0.0277538114185
0.0269091783267
0.0258118275046
0.0244622716691
0.022863348998
0.021020399685
0.0189414108263
0.0166371204067
0.0141210713598
0.0114096074084
0.00852180371712
0.0054793273117
0.00230622474156
-0.000971362506482
-0.00432555093718
-0.0077271288291
-0.0111460198697
-0.0145517824865
-0.0179141281869
-0.0212034405865
-0.0243912762634
-0.0274508292266
-0.0303573426201
-0.0330884541721
-0.0356244655835
-0.0379485302287
-0.0400467578409
-0.0419082389332
-0.0435249952687
-0.0448918655055
-0.046006337099
-0.0468683366064
-0.0474799907679
-0.047845370248
-0.0479702268678
-0.0478617337107
-0.0475282358124
-0.046979017395
-0.0462240899039
-0.0452740035337
-0.0441396835644
-0.0428322916844
-0.0413631115772
-0.0397434573768
-0.0379846031399
-0.0360977311996
-0.0340938971449
-0.0319840091523
-0.0297788194824
-0.0274889260844
-0.0251247824331
-0.0226967139079
-0.0202149392225
-0.0176895955985
-0.0151307665368
-0.0125485111945
-0.0099528944834
-0.00735401710237
-0.00476204477201
-0.00218723597901
0.000536809217564
0.00310130010686
0.00561657122418
0.00807176558378
0.0104558229672
0.0127574726033
0.0149652331149
0.017067420886
0.0190521681045
0.0209074518242
0.0226211354542
0.0241810241202
0.0255749353289
0.0267907862917
0.0278166991167
0.0286411248359
0.0292529868818
0.0296418441534
0.0297980732018
0.029713068308
0.0293794573316
0.0287913301713
0.0279444755392
0.0268366205228
0.025467666167
0.0238399111062
0.0219582542129
0.0198303663957
0.0174668212042
0.0148811738775
0.0120899790305
0.00911273839634
0.00597177196826
0.00269200854424
-0.000699305009496
-0.00417297262484
-0.00769828871786
-0.0112435371942
-0.0147765343904
-0.0182651973355
-0.0216781164929
-0.0249851111972
-0.0281577464966
-0.031169792079
-0.0339976072505
-0.036620440249
-0.0390206351237
-0.041183744539
-0.0430985517253
-0.0447570090194
-0.0461541037358
-0.0472876643568
-0.0481581211852
-0.0487682357624
-0.0491228126676
-0.0492284059721
-0.0490930308532
-0.0487258888631
-0.0481371132903
-0.04733753907
-0.0463384999175
-0.0451516538138
-0.0437888367168
-0.0422619433974
-0.0405828335955
-0.0387632612243
-0.0368148240953
-0.034748931537
-0.0325767873158
-0.03030938539
-0.0279575162144
-0.0255317815309
-0.0230426158157
-0.0205003127823
-0.0179150555619
-0.0152969493693
-0.0126560556357
-0.0100024267228
-0.00734614043404
-0.00469733361213
-0.00206623415441
0.000746090499193
0.00337686787342
0.00595789275157
0.00847831219319
0.010927046895
0.0132927787745
0.0155639457738
0.0177287450671
0.019775145982
0.021690914061
0.0234636477922
0.0250808296045
0.0265298927573
0.0277983057185
0.0288736755218
0.0297438713929
0.0303971696188
0.0308224201865
0.0310092351172
0.0309481976603
0.0306310905775
0.0300511406452
0.0292032752512
0.0280843855816
0.0266935894513
0.0250324853788
0.0231053881509
0.0209195349743
0.0184852504999
0.015816058673
0.0129287296586
0.00984325113457
0.00658271513625
0.00317311441789
-0.000356954056871
-0.00397667650514
-0.00765349369855
-0.0113536443238
-0.015042763452
-0.0186865150251
-0.0222512341919
-0.025704553786
-0.0290159894812
-0.0321574602952
-0.0351037249467
-0.0378327197545
-0.0403257897963
-0.042567811316
-0.0445472093183
-0.0462558794052
-0.0476890268493
-0.0488449385004
-0.0497247043744
-0.0503319057908
-0.0506722859384
-0.0507534169958
-0.0505843757074
-0.0501754368546
-0.0495377915883
-0.0486832952584
-0.0476242473089
-0.0463732040589
-0.0449428237965
-0.0433457425577
-0.0415944782296
-0.0397013601589
-0.0376784812207
-0.0355376692577
-0.0332904748905
-0.0309481728923
-0.0285217745609
-0.0260220488076
-0.023459549963
-0.0208446505814
-0.018187577782
-0.0154984518902
-0.0127873263395
-0.0100642279492
-0.00733919681145
-0.00462232510727
-0.00192379421646
0.000986323273809
0.00369435049219
0.00635206894325
0.00894864327378
0.011472984694
0.0139137325775
0.0162592431804
0.0184975866918
0.0206165539767
0.0226036745309
0.024446247303
0.026131386157
0.027646081827
0.028977282239
0.0301119930252
0.0310373999098
0.0317410143808
0.0322108436572
0.0324355853846
0.0324048467363
0.0321093866308
0.0315413786116
0.0306946905601
0.0295651758621
0.0281509689646
0.0264527765074
0.0244741534935
0.0222217524039
0.0197055319111
0.0169389110784
0.013938854842
0.0107258773302
0.00732395133852
0.0037603151514
6.5171908701e-05
-0.00372871825204
-0.00758654718948
-0.0114720564992
-0.0153482053757
-0.0191778843872
-0.0229246466633
-0.0265534255697
-0.0300312077928
-0.0333276330728
-0.0364154964089
-0.0392711349409
-0.0418746892303
-0.0442102365313
-0.046265801078
-0.0480332527325
-0.0495081101124
-0.0506892673422
-0.051578664889
-0.0521809247157
-0.052502968537
-0.0525536356266
-0.0523433137694
-0.0518835938806
-0.0511869558051
-0.0502664900285
-0.0491356576215
-0.0478080887505
-0.0462974185349
-0.0446171579056
-0.0427805963677
-0.0408007331372
-0.0386902329547
-0.0364614029093
-0.0341261867795
-0.0316961736719
-0.0291826180671
-0.0265964687357
-0.0239484043384
-0.0212488738623
-0.0185081403482
-0.0157363266318
-0.0129434620453
-0.0101395292108
-0.0073345101877
-0.00453843133933
-0.00176140633552
0.00125570020241
0.00405187852265
0.00679719747091
0.00948085878573
0.0120917797947
0.0146185681418
0.0170495034602
0.0193725272184
0.0215752421521
0.0236449228908
0.0255685395695
0.0273327963905
0.0289241872368
0.0303290705289
0.0315337655369
0.0325246722874
0.0332884170088
0.0338120247139
0.034083119991
0.034090156337
0.0338226733949
0.0332715802239
0.0324294612464
0.0312908997717
0.0298528120431
0.0281147826463
0.0260793899544
0.0237525082001
0.0211435709471
0.0182657793692
0.0151362380985
0.011776001713
0.00821001642368
0.00446694440648
0.000578862576436
-0.00341916659819
-0.00748964760496
-0.0115933152108
-0.0156898880205
-0.0197388842022
-0.0237004652793
-0.0275362701445
-0.0312102006615
-0.0346891227424
-0.0379434523944
-0.0409476042601
-0.0436802897684
-0.0461246621007
-0.0482683146513
-0.0501031475956
-0.0516251230051
-0.0528339324713
-0.0537326024929
-0.0543270622412
-0.054625696175
-0.0546389008131
-0.0543786612489
-0.0538581591225
-0.0530914200525
-0.052093005202
-0.0508777488261
-0.0494605413845
-0.0478561560933
-0.0460791156007
-0.0441435947261
-0.0420633548298
-0.039851705307
-0.0375214878325
-0.0350850792755
-0.0325544095876
-0.0299409913975
-0.0272559584959
-0.0245101108229
-0.0217139639766
-0.0188778016247
-0.0160117295061
-0.0131257299766
-0.0102297162592
-0.00733358571253
-0.00444727154593
-0.00158079247071
0.0015521647334
0.00444730798762
0.00729107958429
0.0100727446617
0.0127812491795
0.0154051868967
0.0179327730228
0.0203518257726
0.0226497572772
0.0248135755424
0.026829899383
0.0286849884959
0.030364791044
0.0318550112924
0.0331411999468
0.0342088698634
0.0350436396957
0.0356314077886
0.0359585581749
0.0360121998454
0.0357804395012
0.035252686733
0.0344199889727
0.0332753916332
0.0318143165992
0.0300349497157
0.0279386252261
0.0255301923853
0.0228183469077
0.0198159077572
0.0165400183478
0.0130122508369
0.00925859319731
0.00530930146995
0.00119860424516
-0.00303574694318
-0.00735307913759
-0.0117105393127
-0.0160639529378
-0.0203687669718
-0.0245810359819
-0.028658404353
-0.0325610357296
-0.0362524435874
-0.0397001838373
-0.0428763806893
-0.0457580694856
-0.0483273534168
-0.0505713833355
-0.0524821799585
-0.0540563249054
-0.0552945510622
-0.0562012638864
-0.0567840239261
-0.0570530176622
-0.0570205394336
-0.0567005023125
-0.0561079908657
-0.0552588641477
-0.054169413264
-0.0528560745393
-0.051335196763
-0.0496228591296
-0.0477347352654
-0.0456859980426
-0.0434912596171
-0.0411645411888
-0.0387192672714
-0.0361682797011
-0.0335238671447
-0.0307978064249
-0.0280014125459
-0.0251455948266
-0.0222409170358
-0.019297659847
-0.0163258842916
-0.0133354951893
-0.0103363037727
-0.00733808889549
-0.00435065634168
-0.00138389582182
0.00187341892084
0.0048782217265
0.00783121462202
0.0107217600679
0.0135388629788
0.0162711291039
0.018906729685
0.0214333736038
0.0238382884943
0.0261082125779
0.0282293992818
0.0301876369997
0.031968286649
0.0335563399409
0.0349365014966
0.036093298074
0.0370112181912
0.0376748852938
0.0380692672761
0.0381799245651
0.037993298076
0.0374970370781
0.036680365334
0.0355344817691
0.034052989364
0.0322323430006
0.0300723036737
0.0275763829728
0.0247522582347
0.0216121355587
0.0181730353413
0.0144569735643
0.0104910122388
0.00630715467275
0.00194206599608
-0.00256339313454
-0.00716482151885
-0.011815110434
-0.0164654301412
-0.0210663314699
-0.0255689119255
-0.0299259870253
-0.0340932040657
-0.0380300385219
-0.0417006222792
-0.0450743663949
-0.0481263576286
-0.0508375256205
-0.0531945938404
-0.055189840352
-0.0568207032205
-0.0580892699248
-0.059001690802
-0.0595675540889
-0.0597992554241
-0.0597113886717
-0.0593201784401
-0.0586429683638
-0.0576977735265
-0.0565029005908
-0.0550766353619
-0.0534369946516
-0.0516015373405
-0.0495872283363
-0.0474103485541
-0.0450864439561
-0.0426303069535
-0.0400559839707
-0.0373768036159
-0.0346054206134
-0.0317538713732
-0.0288336377719
-0.0258557163573
-0.0228306907645
-0.0197688056271
-0.0166800406801
-0.013574184095
-0.0104609043489
-0.00734982012798
-0.00425056790103
-0.00117286687616
0.00221693461715
0.00534193342725
0.00841479641183
0.0114250256513
0.0143617240159
0.0172135441529
0.0199686432053
0.0226146444278
0.0251386071698
0.0275270070297
0.0297657283516
0.0318400716077
0.0337347786031
0.0354340788077
0.0369217604625
0.0381812703844
0.0391958465641
0.0399486876802
0.040423163468
0.0406030694308
0.0404729285912
0.040018341765
0.0392263861458
0.0380860597322
0.0365887662843
0.0347288320463
0.032504041468
0.0299161747142
0.0269715250827
0.0236813698727
0.0200623642038
0.0161368243486
0.0119328659677
0.00748436397683
0.00283070531452
-0.00198368588744
-0.006910059067
-0.0118962764272
-0.0168879546263
-0.0218297639802
-0.026666822822
-0.0313461112654
-0.0358178223157
-0.0400365716068
-0.0439623989168
-0.0475615125299
-0.0508067497572
-0.0536777510108
-0.0561608666396
-0.0582488324006
-0.0599402601402
-0.0612389951232
-0.062153391166
-0.0626955504615
-0.0628805680386
-0.0627258124506
-0.0622502656729
-0.0614739371083
-0.060417359572
-0.0591011693736
-0.0575457682215
-0.0557710615404
-0.0537962657879
-0.0516397762764
-0.0493190866522
-0.0468507513667
-0.0442503830276
-0.0415326772962
-0.0387114589011
-0.0357997432714
-0.0328098092125
-0.0297532789002
-0.0266412022371
-0.0234841432883
-0.0202922670887
-0.0170754255787
-0.0138432418114
-0.0106051918641
-0.00737068410018
-0.00414913557459
-0.000950045458791
0.00257996867411
0.00583549504353
0.00903871232659
0.0121793135815
0.0152465481292
0.0182291604341
0.0211153339934
0.0238926413167
0.0265480014252
0.0290676466873
0.031437101236
0.0336411736743
0.0356639672664
0.037488911304
0.0390988178296
0.0404759683399
0.0416022354611
0.0424592448169
0.0430285823516
0.0432920521276
0.0432319890209
0.0428316296631
0.0420755433444
0.0409501222685
0.0394441274648
0.0375492827487
0.0352609043686
0.0325785484683
0.0295066524102
0.0260551396752
0.022239951993
0.0180834672516
0.0136147584759
0.00886964883344
0.0038905213189
-0.00127414961101
-0.00657056295937
-0.0119406512013
-0.0173234093288
-0.0226564405681
-0.0278776415017
-0.032926928572
-0.0377478968788
-0.0422893061006
-0.0465063046511
-0.050361327104
-0.0538246302003
-0.0568744664409
-0.0594969240704
-0.0616854837458
-0.063440355009
-0.0647676604632
-0.0656785335012
-0.0661881883302
-0.0663150107875
-0.0660797068286
-0.0655045341069
-0.0646126317551
-0.0634274548369
-0.0619723131641
-0.0602700092233
-0.0583425666536
-0.0562110387986
-0.0538953860461
-0.051414410669
-0.0487857384679
-0.0460258374646
-0.0431500650393
-0.0401727361366
-0.0371072063757
-0.033965965043
-0.0307607339855
-0.0275025693287
-0.0242019637241
-0.0208689474835
-0.0175131874765
-0.0141440830933
-0.0107708588849
-0.00740265372229
-0.00404860646702
-0.000717938231773
0.00295958273006
0.0063557082725
0.00969954575905
0.0129810402217
0.0161896461527
0.0193142556872
0.0223431308642
0.0252638409254
0.0280632059916
0.0307272488956
0.0332411574477
0.0355892599546
0.0377550174112
0.039721036416
0.0414691075131
0.0429802743102
0.0442349393139
0.0452130129246
0.0458941123513
0.046257817274
0.0462839887698
0.0459531572102
0.045246983381
0.0441487948132
0.042644196095
0.0407217476176
0.0383737017158
0.0355967784759
0.0323929557438
0.0287702393566
0.0247433708995
0.0203344221572
0.0155732190221
0.010497534478
0.00515299206436
-0.00040737053474
-0.00612391209219
-0.0119315819516
-0.0177614739765
-0.0235426802278
-0.0292043486407
-0.0346778163179
-0.0398986705039
-0.0448085947491
-0.0493568811365
-0.0535015212293
-0.0572098298808
-0.0604586046289
-0.0632338648687
-0.0655302424154
-0.0673501099458
-0.0687025376831
-0.0696021635076
-0.0700680501788
-0.0701225882728
-0.0697904872843
-0.0690978821442
-0.0680715693306
-0.0667383762693
-0.0651246598752
-0.0632559246895
-0.0611565477663
-0.0588495958462
-0.0563567200231
-0.0536981136676
-0.0508925205213
-0.0479572813574
-0.0449084092178
-0.0417606848711
-0.0385277656727
-0.0352223024176
-0.0318560600108
-0.0284400388433
-0.0249845946468
-0.0214995553289
-0.0179943338633
-0.0144780367577
-0.0109595679588
-0.00744772828137
-0.00395131060596
-0.000479191167475
0.00335266806228
0.00689914069934
0.0103935827406
0.0138262622586
0.0171869084708
0.0204646287926
0.0236478288163
0.0267241359922
0.0296803282094
0.0325022689545
0.0351748512869
0.0376819534988
0.0400064100371
0.0421300020398
0.0440334726716
0.0456965733153
0.0470981475396
0.0482162605825
0.0490283827774
0.049511635813
0.0496431108335
0.0494002669867
0.0487614179311
0.047706311798
0.0462168069328
0.0442776411861
0.0418772863649
0.0390088715745
0.0356711495703
0.031869469107
0.0276167041453
0.0229340785074
0.0178518135497
0.0124095187413
0.00665624323002
0.000650112827174
-0.00554250624056
-0.0118483447185
-0.0181890520712
-0.024483435303
-0.0306499973131
-0.036609604696
-0.0422880794248
-0.0476185187406
-0.0525431832208
-0.0570148338846
-0.0609974559236
-0.0644663796378
-0.0674078679334
-0.0698182736936
-0.0717028865465
-0.0730745900346
-0.0739524396893
-0.0743602542834
-0.074325290419
-0.0738770481905
-0.0730462356363
-0.0718639033241
-0.0703607479278
-0.0685665748308
-0.0665099041776
-0.0642177018046
-0.0617152154926
-0.0590258974278
-0.0561713951354
-0.0531715950742
-0.0500447052544
-0.0468073654486
-0.043474775675
-0.0400608355568
-0.0365782888556
-0.0330388689305
-0.0294534420868
-0.0258321467709
-0.0221845273621
-0.0185196619221
-0.0148462837349
-0.011172896809
-0.00750788574015
-0.00385962048296
-0.000236556647644
0.00375597583768
0.00746214710364
0.011116823357
0.0147106770936
0.0182337930753
0.0216755740392
0.025024647933
0.0282687772175
0.0313947712136
0.0343884029986
0.0372343329643
0.03991604186
0.0424157769577
0.0447145158977
0.046791953795
0.0486265203041
0.0501954345136
0.051474806735
0.0524397973907
0.0530648441867
0.0533239694478
0.0531911796987
0.0526409690756
0.0516489366493
0.0501925249117
0.0482518821564
0.0458108448964
0.0428580274891
0.0393879945615
0.0354024776853
0.030911581397
0.0259349059132
0.0205024962442
0.0146555126928
0.00844650969154
0.00193921176457
-0.00479230928126
-0.0116651152316
-0.0185895381881
-0.0254719008991
-0.0322176801879
-0.0387348858781
-0.0449373601396
-0.0507477253968
-0.0560997675041
-0.0609400885907
-0.0652289403598
-0.0689402646525
-0.0720610528142
-0.0745901743468
-0.0765368409578
-0.077918868699
-0.0787608816314
-0.0790925719787
-0.0789470994354
-0.0783596813041
-0.0773663990572
-0.0760032268163
-0.0743052727755
-0.0723062150889
-0.0700379083595
-0.0675301346742
-0.064810473241
-0.0619042643173
-0.058834645646
-0.0556226425739
-0.0522872960794
-0.0488458158569
-0.0453137482788
-0.0417051514045
-0.0380327712088
-0.034308214878
-0.030542118372
-0.0267443065423
-0.022923944932
-0.0190896830215
-0.0152497891546
-0.0114122777129
-0.00758502931542
-0.00377590495284
7.14498366416e-06
0.00416615290047
0.00804089626551
0.0118649984985
0.0156296282261
0.0193253180469
0.0229418589508
0.0264681946156
0.0298923158125
0.0332011556033
0.0363804865647
0.0394148219169
0.042287323216
0.0449797181703
0.0474722332049
0.0497435466052
0.05177076945
0.0535294630464
0.0549937032091
0.0561362033922
0.0569285103104
0.0573412871246
0.057344700317
0.0569089267726
0.0560047969611
0.0546045880476
0.0526829767207
0.0502181549494
0.0471931021469
0.0435969938071
0.0394267092752
0.0346883799975
0.0293988948241
0.0235872520534
0.0172956225479
0.0105799701288
0.00351006845441
-0.00383123822181
-0.0113496424453
-0.0189418737231
-0.0264990186475
-0.0339105042376
-0.0410684379138
-0.04787186085
-0.0542305341715
-0.0600679818062
-0.0653235534033
-0.0699533694874
-0.0739302098746
-0.0772425295598
-0.079892822237
-0.0818955627323
-0.0832749475704
-0.0840626195132
-0.0842955179717
-0.0840139501937
-0.0832599355716
-0.0820758420755
-0.0805033098551
-0.0785824409884
-0.0763512247992
-0.0738451637593
-0.0710970643443
-0.0681369590814
-0.0649921293902
-0.0616872029089
-0.05824430329
-0.0546832345777
-0.0510216860423
-0.0472754466498
-0.0434586211458
-0.0395838420514
-0.0356624737449
-0.0317048062821
-0.0277202377539
-0.0237174448467
-0.0197045419018
-0.0156892292192
-0.0116789316579
-0.00768092876091
-0.00370247773615
0.00024906935661
0.00457978299342
0.00863140340833
0.0126335923295
0.0165781162672
0.0204560593397
0.0242577067899
0.0279724264797
0.031588548214
0.0350932411944
0.0384723904548
0.0417104738018
0.0447904415925
0.0476936026682
0.0503995209316
0.0528859284461
0.0551286625561
0.0571016363884
0.0587768541768
0.0601244851343
0.0611130119812
0.0617094726136
0.0618798155562
0.0615893914844
0.060803603839
0.0594887408178
0.0576130081623
0.0551477763031
0.0520690456314
0.0483591189054
0.0440084492643
0.039017605566
0.0333992634631
0.0271800912027
0.0204023580427
0.0131250595804
0.00542433205854
-0.00260708286034
-0.0108615243042
-0.0192193192113
-0.0275528416257
-0.0357315815089
-0.0436278106877
-0.0511221360992
-0.0581084089094
-0.0644976588216
-0.070220700337
-0.0752291741166
-0.0794951601609
-0.0830096758297
-0.0857803791899
-0.0878287987888
-0.0891873854787
-0.0898966259627
-0.0900023905826
-0.0895536196428
-0.0886003947544
-0.0871924002976
-0.0853777528649
-0.083202159853
-0.0807083598978
-0.077935795606
-0.0749204710119
-0.0716949506971
-0.0682884632956
-0.0647270782428
-0.0610339305825
-0.0572294740492
-0.053331747353
-0.0493566425719
-0.0453181678112
-0.0412286988987
-0.0370992169268
-0.0329395300119
-0.0287584788076
-0.0245641261602
-0.0203639318814
-0.0161649140171
-0.01197379824
-0.00779715711974
-0.00364154108017
0.000486397167228
0.00499343302326
0.00922956817112
0.0134178706665
0.0175508160798
0.021620154689
0.0256167848736
0.0295306223567
0.0333504646904
0.0370638508073
0.0406569159911
0.0441142432806
0.0474187131386
0.0505513542392
0.0534911994789
0.0562151528434
0.0586978746101
0.0609116945578
0.0628265654127
0.0644100716922
0.0656275123575
0.0664420791745
0.066815156227
0.066706769341
0.0660762168321
0.0648829143529
0.0630874858464
0.0606531286107
0.0575472718084
0.0537435327419
0.0492239523016
0.043981459019
0.0380224683293
0.0313694677792
0.0240633748631
0.0161653981761
0.00775808725903
-0.00105479638255
-0.0101499442183
-0.0193878417682
-0.0286177152148
-0.0376840507599
-0.0464341435996
-0.0547254381878
-0.0624319360103
-0.0694493578217
-0.0756984940482
-0.0811262849428
-0.085704945751
-0.089429683586
-0.0923154621072
-0.0943932560579
-0.0957061946199
-0.0963059003454
-0.0962492283804
-0.0955955118538
-0.0944043420895
-0.092733863452
-0.0906395340288
-0.0881732878877
-0.0853830291247
-0.0823123895958
-0.0790006883229
-0.0754830388651
-0.0717905599564
-0.0679506534517
-0.0639873215492
-0.0599215021175
-0.0557714066702
-0.0515528501824
-0.0472795656097
-0.042963498811
-0.0386150817142
-0.0342434831387
-0.0298568378136
-0.025462454908
-0.0210670078936
-0.0166767078754
-0.0122974626861
-0.00793502409797
-0.00359512548863
0.000716387767328
0.00540370365874
0.00983121772228
0.0142129152243
0.0185421003778
0.0228113143633
0.027012199836
0.0311353589548
0.0351702038006
0.0391047984342
0.0429256923203
0.0466177454601
0.0501639463568
0.0535452249481
0.0567402639134
0.0597253133758
0.0624740160294
0.0649572521974
0.0671430173283
0.0689963480212
0.0704793168399
0.0715511209212
0.0721682945724
0.0722850814683
0.0718540072866
0.0708266979951
0.0691549915893
0.0667923905135
0.0636958963507
0.0598282550512
0.0551606174521
0.0496755842044
0.0433705524137
0.0362612049563
0.0283848858076
0.0198035183301
0.0106056501021
0.000907066860982
-0.00915066542287
-0.0194039712675
-0.029673210961
-0.0397711542096
-0.0495133174382
-0.0587277709824
-0.067263509885
-0.0749973564069
-0.0818383854639
-0.0877288876217
-0.0926426342551
-0.0965814192545
-0.0995704892177
-0.101653462522
-0.102887277736
-0.103337559523
-0.103074635374
-0.102170293519
-0.100695272194
-0.0987174178966
-0.0963004244482
-0.0935030535066
-0.0903787374158
-0.0869754734007
-0.0833359303172
-0.0794977026612
-0.075493659697
-0.0713523494421
-0.0670984274282
-0.0627530885559
-0.0583344870772
-0.0538581349831
-0.0493372730549
-0.0447832117933
-0.0402056415747
-0.0356129128668
-0.031012288343
-0.026410169368
-0.0218122996874
-0.0172239493372
-0.0126500818302
-0.00809550762897
-0.00356502681924
0.000936436238522
0.00580728320463
0.0104321543203
0.0150136634295
0.0195460699141
0.0240228393654
0.0284365009502
0.0327784958315
0.0370390149231
0.0412068245627
0.0452690790791
0.0492111197529
0.0530162603653
0.0566655604595
0.0601375886609
0.0634081800107
0.0664501933484
0.0692332774389
0.0717236578946
0.0738839611115
0.0756730965098
0.0770462244252
0.0779548440328
0.0783470435892
0.0781679637459
0.0773605331212
0.0758665427763
0.0736281312594
0.0705897520345
0.0667006866335
0.061918145951
0.0562109666561
0.0495638530192
0.0419820147666
0.0334959035819
0.024165625566
0.0140845190465
0.00338107446749
-0.00778199645413
-0.0192119177997
-0.0306927305692
-0.0419964101705
-0.0528975898852
-0.063186747889
-0.0726810187418
-0.0812336778989
-0.0887402484581
-0.0951389497497
-0.100407446025
-0.104557636039
-0.107629190434
-0.109682642149
-0.110792771172
-0.111042765805
-0.110519407424
-0.109309319649
-0.107496199622
-0.105158903255
-0.102370240819
-0.0991963367437
-0.0956964175147
-0.0919229096139
-0.0879217502489
-0.083732833892
-0.0793905358806
-0.0749242697918
-0.0703590478831
-0.0657160237851
-0.061013004209
-0.0562649220959
-0.0514842677454
-0.0466814773592
-0.0418652804112
-0.0370430085236
-0.032220869306
-0.0274041890174
-0.0225976280644
-0.0178053733457
-0.013031311337
-0.00827918563186
-0.00355274245338
0.00114413255925
0.00620100334291
0.0110282063061
0.0158149532237
0.0205565901694
0.0252476475389
0.029881692575
0.0344511704169
0.0389472313216
0.0433595418949
0.0476760784438
0.0518829009419
0.0559639066408
0.0599005631354
0.0636716217629
0.0672528136988
0.0706165331314
0.073731514583
0.0765625149915
0.0790700157557
0.0812099657829
0.0829335938797
0.0841873277468
0.084912867495
0.0850474738874
0.0845245450463
0.0832745694055
0.0812265559632
0.0783100526748
0.0744578648232
0.0696095718208
0.0637159129002
0.0567440622328
0.0486836929403
0.0395535011849
0.0294076858068
0.0183418538739
0.00649720630437
-0.00593934241933
-0.0187396834699
-0.0316417059396
-0.0443639718295
-0.0566279390014
-0.0681756075447
-0.0787829557412
-0.088273550556
-0.0965275706834
-0.103480727207
-0.109118337095
-0.113467554317
-0.116588233732
-0.118563517591
-0.119491191632
-0.11947638953
-0.118625866623
-0.117043770553
-0.114828701163
-0.112071835769
-0.108855901964
-0.105254791842
-0.101333636693
-0.0971491938888
-0.0927504300114
-0.088179212902
-0.083471049421
-0.0786558249458
-0.0737585155061
-0.0687998545842
-0.063796944733
-0.0587638099378
-0.0537118886029
-0.0486504696391
-0.043587075741
-0.0385277988335
-0.0334775930809
-0.0284405309329
-0.0234200275486
-0.0184190386966
-0.0134402369167
-0.00848617038997
-0.00355940864278
0.00133732109593
0.0065818949954
0.0116152811977
0.016611571997
0.0215673342169
0.026478307871
0.0313392567233
0.036143804888
0.0408842564519
0.0455513951643
0.0501342613458
0.0546199033535
0.05899310126
0.063236060931
0.0673280774882
0.0712451683618
0.0749596779023
0.0784398580207
0.0816494328043
0.0845471597813
0.0870864068161
0.0892147718845
0.090873783604
0.0919987337908
0.0925187097459
0.0923569134463
0.0914313770878
0.0896562089688
0.0869435281013
0.0832062627511
0.0783619887747
0.0723379745053
0.0650775820635
0.0565480489709
0.0467493059017
0.03572322652
0.0235630038642
0.0104212986372
-0.00348775778301
-0.0178937779038
-0.0324753556457
-0.0468793771739
-0.0607574868337
-0.073788951926
-0.0856956143505
-0.0962628538487
-0.105354280311
-0.112906461801
-0.118918315939
-0.123439765685
-0.126558851851
-0.128388890111
-0.129057229395
-0.128696260516
-0.127436779034
-0.12540340024
-0.122711616501
-0.119466144876
-0.115760253967
-0.111675789818
-0.107283668451
-0.102644655837
-0.0978103029344
-0.0928239418136
-0.0877216791015
-0.0825333458509
-0.0772833795522
-0.0719916258014
-0.06667405527
-0.0613433970212
-0.0560096926182
-0.050680777437
-0.0453626965931
-0.0400600632042
-0.0347763666218
-0.0295142379098
-0.0242756793553
-0.0190622642542
-0.0138753126729
-0.00871604835712
-0.00358574150411
0.00151415829671
0.00694724226778
0.0121894192712
0.0173983085213
0.0225718312042
0.027707083103
0.0328001866544
0.0378461267218
0.0428385664173
0.0477696392026
0.052629713406
0.0574071252323
0.06208787637
0.0666552924774
0.0710896392402
0.0753676934617
0.0794622679427
0.0833416909295
0.086969243967
0.0903025664328
0.093293041309
0.0958851854474
0.0980160793667
0.0996148873234
0.100602538806
0.100891668303
0.100386941817
0.0989859373264
0.0965807913755
0.0930608648622
0.0883167025801
0.0822455851332
0.0747590409929
0.0657926113351
0.0553175279348
0.0433534817855
0.0299830127854
0.0153667814219
-0.00025118410064
-0.0165514678342
-0.0331356387658
-0.0495508508005
-0.0653565604485
-0.0801512511631
-0.0935836157103
-0.10538850457
-0.115413783842
-0.123603530297
-0.129979522343
-0.134625342807
-0.13766827552
-0.139261776472
-0.139570973462
-0.138761818635
-0.13699370018
-0.134414777127
-0.131159322063
-0.127346566684
-0.12308063043
-0.118451164591
-0.113534424879
-0.108394566391
-0.103085018612
-0.0976498465679
-0.0921250402238
-0.0865396996835
-0.0809171010655
-0.075275639385
-0.0696296520768
-0.0639901311651
-0.0583653343988
-0.0527613066172
-0.0471823226873
-0.0416312628775
-0.036109930781
-0.0306193230031
-0.0251598588988
-0.0197315777612
-0.0143343100484
-0.00896782850588
-0.00363198443418
0.00167316616772
0.00729463220851
0.012746845777
0.0181700065214
0.0235635196689
0.0289259805702
0.0342550322633
0.0395472047374
0.0447977316273
0.050000339785
0.0551470068474
0.0602276815731
0.0652299613834
0.0701387212837
0.0749356882178
0.0795989550481
0.0841024289178
0.088415209962
0.0925008985139
0.0963168325352
0.0998132625331
0.102932479477
0.105607923164
0.107763315441
0.109311886095
0.110155790481
0.110185858739
0.109281871248
0.107313627212
0.10414314861
0.0996284080326
0.0936290355288
0.0860147110992
0.0766770823342
0.0655448973347
0.0526008110389
0.0379025375825
0.0216115047425
0.00400397401948
-0.0145484227837
-0.0335463269829
-0.0523905984736
-0.0705193668051
-0.0874291469005
-0.102665316621
-0.115892961167
-0.126951112849
-0.13580364811
-0.142509323575
-0.147201126599
-0.150060782569
-0.151294850253
-0.151116313774
-0.149731937391
-0.1473345658
-0.14409888216
-0.140179487202
-0.135710639789
-0.130807120819
-0.125565755069
-0.120067254775
-0.114378164387
-0.108552766497
-0.10263486601
-0.0966594097607
-0.0906539248429
-0.08463977509
-0.0786332447619
-0.072646463855
-0.0666881919288
-0.0607644779385
-0.0548792130282
-0.04903459207
-0.0432314982487
-0.0374698234233
-0.0317487354599
-0.0260669023011
-0.0204226812717
-0.0148142810163
-0.00923990252273
-0.00369786491793
0.00181327889894
0.00762199799074
0.0132840197834
0.0189216183346
0.024535804709
0.0301268109986
0.0356939578855
0.0412355023511
0.0467484607566
0.0522284020444
0.0576692052338
0.063062774714
0.068398706091
0.073663894563
0.0788420770202
0.0839132983933
0.0888532923445
0.0936327664091
0.0982165824859
0.102562825584
0.106621757581
0.110334659303
0.113632574786
0.116434987886
0.118648485839
0.120165498775
0.120863251763
0.120603135861
0.119230810852
0.116577476006
0.112462811788
0.106700184665
0.0991052935103
0.0895101850375
0.0777824578933
0.0638457349217
0.0477084842446
0.0295192201966
0.00959051626606
-0.0116635442152
-0.0336091552264
-0.0554162624744
-0.0763693210533
-0.095844188303
-0.113230196083
-0.128090658452
-0.140277754997
-0.149794773317
-0.156758116315
-0.161373446748
-0.163898224385
-0.164608863264
-0.163778169092
-0.161661616763
-0.158490296468
-0.154467906097
-0.149770216938
-0.144546255432
-0.138920532271
-0.132995749992
-0.126855626781
-0.120567627727
-0.114185485614
-0.107751454823
-0.101298282861
-0.0948509074512
-0.0884278994106
-0.0820426773121
-0.0757045219792
-0.0694194184114
-0.0631907509189
-0.0570198747465
-0.050906584734
-0.0448494988606
-0.0388463720128
-0.0328943530632
-0.0269901963839
-0.0211304372493
-0.0153115391884
-0.00953002019201
-0.00378256376442
0.00193387991333
0.00792765312687
0.0137976775857
0.0196482570056
0.0254821178756
0.0313012548023
0.0371068129344
0.0428989495986
0.0486766700188
0.0544376313252
0.0601779082359
0.0658917127905
0.0715710593301
0.077205364566
0.0827809710519
0.0882805807368
0.0936825836118
0.0989602649111
0.104080873184
0.109004531194
0.113682972655
0.118058091092
0.122060294134
0.125606669482
0.128598990794
0.130921624995
0.13243945041
0.132995973916
0.132411980539
0.130485242133
0.126991878368
0.121689963619
0.114327075346
0.104655850864
0.0924580850819
0.0775664534879
0.0598975934648
0.0395625068918
0.0169266057896
-0.00760553162315
-0.0332138192576
-0.0586605032549
-0.0830618987382
-0.105684218535
-0.125658989544
-0.142386532729
-0.155789072247
-0.165935479764
-0.173028599954
-0.177381822387
-0.179359282452
-0.179329200244
-0.177637803792
-0.174597006628
-0.170480068535
-0.165521046419
-0.159916484224
-0.153828730922
-0.147390053431
-0.140706865691
-0.133863737495
-0.126927031618
-0.119948101214
-0.112966037333
-0.106009993073
-0.0991011269726
-0.0922542130001
-0.0854789641831
-0.0787811140319
-0.0721632955121
-0.0656257523612
-0.0591669126272
-0.0527838497525
-0.0464726524587
-0.040228721165
-0.0340470056796
-0.0279221963932
-0.0218488791527
-0.0158216623176
-0.00983528315704
-0.00388469969806
0.00203482666964
0.00821031447789
0.0142848686882
0.020345245145
0.026395978551
0.0324409352422
0.0384832155486
0.0445250351999
0.0505675804985
0.0566108311565
0.0626533436349
0.0686919865122
0.0747216177968
0.0807346921649
0.0867207837966
0.0926660077891
0.0985523200481
0.104356672147
0.110049994057
0.115595974163
0.120949603029
0.126055445651
0.130845607757
0.135237367737
0.139130460571
0.142404025504
0.144913265567
0.146485938782
0.146918986091
0.145975902678
0.143385487125
0.138842176488
0.13200983289
0.122537203199
0.110089066484
0.094364081157
0.0751142542771
0.0523703013441
0.0266210175029
-0.00192752614119
-0.0322272093009
-0.0621910014551
-0.090819337621
-0.117393997228
-0.140547663996
-0.159362277314
-0.174014059456
-0.184677597567
-0.1916832248
-0.195498388282
-0.196634343596
-0.195578506207
-0.19276489725
-0.188567948996
-0.183304815437
-0.177239110437
-0.170585797839
-0.163517425799
-0.156170674845
-0.148652424824
-0.14104511412
-0.133411358608
-0.125797845386
-0.118238560648
-0.110757436495
-0.103370503734
-0.0960876305897
-0.0889139185827
-0.0818508174991
-0.0748970120896
-0.0680491243814
-0.0613022678288
-0.0546504829936
-0.0480870789508
-0.0416049000861
-0.0351965342435
-0.0288544751732
-0.0225712498388
-0.0163395192355
-0.0101521598719
-0.00400233192621
0.00211646078089
0.00846911213863
0.0147429825713
0.0210081589668
0.027271055539
0.0335374976371
0.039812649124
0.0461009195248
0.0524058457812
0.0587299424937
0.065074513299
0.0714394144602
0.0778227597659
0.0842205533805
0.0906262342331
0.0970301117945
0.103418668553
0.109773699055
0.116071249024
0.12228031083
0.128361223586
0.134263717658
0.139924535251
0.145264553691
0.150185339989
0.154565073573
0.158253780228
0.161067853675
0.162784059605
0.163133707444
0.161797632757
0.158400983705
0.152508407709
0.143635778134
0.131296225715
0.115009161862
0.094238762325
0.0688306566673
0.0396493034279
0.00621963991628
-0.0303676949189
-0.0660825310232
-0.10002280972
-0.131866269043
-0.159045225426
-0.17995382936
-0.195718679335
-0.20660409973
-0.213144052617
-0.216014909439
-0.215910726085
-0.213462945491
-0.209205340378
-0.203577590033
-0.196938792729
-0.189577923086
-0.181723191466
-0.173552021586
-0.165200493538
-0.156771456394
-0.148341318182
-0.139965650867
-0.131683736099
-0.123522207052
-0.115497947218
-0.107620385326
-0.0998933019712
-0.0923162445428
-0.0848856304838
-0.0775956039426
-0.0704386979888
-0.0634063440165
-0.0564892614578
-0.0496777540955
-0.0429619338353
-0.0363318884792
-0.0297778066461
-0.023290070335
-0.0168593235667
-0.0104765239444
-0.00413298278278
0.00217960143437
0.00870358477013
0.0151697648101
0.0216328661166
0.0281012276185
0.034582693662
0.0410845712496
0.0476135687529
0.0541757113494
0.0607762274175
0.0674193987869
0.0741083660071
0.0808448775641
0.0876289691239
0.0944585552277
0.101328911225
0.108232017348
0.115155729441
0.122082731647
0.128989215139
0.135843213244
0.14260250678
0.149211993894
0.155600398665
0.161676175981
0.167322450795
0.172390778983
0.176693459875
0.179994362696
0.18199907015
0.182345097744
0.180588545571
0.176182700349
0.168478966876
0.156811391496
0.140499461077
0.118467119313
0.0899418106115
0.0569140967214
0.0173092250519
-0.027726245254
-0.0703961424129
-0.11083453108
-0.149885508683
-0.182089493676
-0.204798451423
-0.221686279746
-0.23238669041
-0.237879320023
-0.239222929652
-0.237350792353
-0.233053300588
-0.226965662284
-0.219589673084
-0.211319582288
-0.20246080802
-0.193245770246
-0.18384868574
-0.174398101703
-0.164986990061
-0.155680894073
-0.146524420338
-0.137546305255
-0.128763335202
-0.120183376624
-0.111807711127
-0.103632825041
-0.0956517734506
-0.0878552149841
-0.0802321929189
-0.0727707211435
-0.0654582202257
-0.0582818386266
-0.0512286861869
-0.0442860009102
-0.0374412653472
-0.0306822852563
-0.0239972404464
-0.0173747155937
-0.0108037172159
-0.00427368180889
0.00222552071736
0.00891365960138
0.015563321594
0.0222155562068
0.0288806419052
0.0355684696126
0.0422885341353
0.0490499097747
0.0558612061207
0.0627304990242
0.0696652304088
0.0766720688221
0.0837567203042
0.0909236761179
0.0981758798881
0.10551429146
0.112937317919
0.120440073225
0.128013416261
0.13564270212
0.143306162128
0.150972803064
0.158599683946
0.166128391008
0.173480491411
0.180551688178
0.187204258336
0.193257135717
0.198473209583
0.202544866248
0.205079071475
0.205573764334
0.203367652168
0.197614172334
0.187452272733
0.172029436614
0.149141932753
0.116070682577
0.0793101849338
0.0292213688255
-0.0274140631656
-0.0758111150814
-0.12155338921
-0.169429338837
-0.208197738658
-0.232946740071
-0.252035990589
-0.262552963316
-0.266388931058
-0.265423988686
-0.261082501016
-0.254366259771
-0.245994488222
-0.236513227472
-0.22633646701
-0.215770268892
-0.205037043385
-0.194296386124
-0.183660318229
-0.17320476931
-0.162978743609
-0.153011456177
-0.143317679782
-0.133901726003
-0.124760430983
-0.115885393449
-0.107264639471
-0.0988838508638
-0.0907272652933
-0.0827783305124
-0.0750201745031
-0.0674359378025
-0.0600090028823
-0.0527231469046
-0.045562637765
-0.0385122885024
-0.0315574815144
-0.0246841713017
-0.0178788724264
-0.0111286378464
-0.00442103169017
0.00225590025327
0.00909961710902
0.0159221123009
0.0227527633619
0.0296037690081
0.0364870573698
0.0434143151188
0.0503970044638
0.0574463650934
0.0645733972544
0.0717888209472
0.0791030045957
0.086525854361
0.0940666523339
0.101733827875
0.10953464101
0.117474749522
0.125557621563
0.133783742344
0.142149545807
0.150645978319
0.15925656911
0.167954838342
0.17670081863
0.185436400728
0.194079110292
0.202513666173
0.210580224766
0.218058368371
0.224648279644
0.229951830214
0.233439043622
0.234352484833
0.231609913396
0.224119767091
0.211028137434
0.188299329764
0.148174778005
0.12186002266
0.0566501655824
-0.0310446420464
-0.0847818467648
-0.132426963852
-0.200452272954
-0.252443501447
-0.27063635268
-0.289199586977
-0.297836423851
-0.299151548339
-0.294890696645
-0.287169800305
-0.277331874009
-0.266152582258
-0.254180238857
-0.241815706087
-0.229338829731
-0.216941460595
-0.204753832925
-0.192860674251
-0.181312702239
-0.170136159624
-0.159340193804
-0.14892212891
-0.138871209803
-0.129171318418
-0.119802948753
-0.110744622379
-0.101973886777
-0.0934680091604
-0.0852044499025
-0.0771611764063
-0.0693168614391
-0.0616509980843
-0.0541439548934
-0.0467769885823
-0.0395322270326
-0.0323926319846
-0.0253419483442
-0.0183646452112
-0.0114458524096
-0.00457129536292
0.00227276950499
0.00926204126488
0.0162449304694
0.0232413805463
0.0302654541593
0.0373310666504
0.04445205528
0.0516422408732
0.058915480346
0.0662857079066
0.0737669617841
0.0813733920367
0.0891192431918
0.0970188029774
0.105086304933
0.113335767827
0.121780747987
0.130433971079
0.13930679649
0.148408448884
0.157744925562
0.167317451529
0.177120302626
0.187137748738
0.197339781569
0.207676141081
0.218067785215
0.228394295964
0.238475841424
0.248051753891
0.256761099588
0.264105857683
0.269299371103
0.271018661651
0.267956161782
0.260361877918
0.245329559692
0.194680297599
0.209380289559
0.172740884175
-0.019550021585
-0.0977192995463
-0.16308100074
-0.321656837598
-0.360921654718
-0.331244091937
-0.346043568562
-0.34077471575
-0.3362760572
-0.327435829657
-0.315391878174
-0.301694522612
-0.287160678338
-0.272315748056
-0.257504390226
-0.242941012225
-0.2287607736
-0.215048173265
-0.20184937404
-0.189181499404
-0.177041797123
-0.165414818131
-0.154277184294
-0.143600740166
-0.133354744309
-0.12350740128
-0.114026897664
-0.104882074221
-0.0960428423566
-0.0874804245211
-0.0791674737108
-0.0710781101632
-0.0631879018621
-0.0554738076243
-0.0479140960229
-0.040488249483
-0.0331768600732
-0.0259615215223
-0.0188247205564
-0.0117497296242
-0.00472050238405
0.00227842715602
0.00940175715911
0.016530874233
0.023678665933
0.0308609637044
0.0380935769798
0.0453924035775
0.0527735377009
0.060253375668
0.0678487191284
0.0755768749818
0.0834557504217
0.091503940379
0.0997408029592
0.108186516002
0.116862104253
0.125789421275
0.134991062321
0.144490172771
0.154310099931
0.164473811347
0.175002966779
0.185916478513
0.197228320966
0.208944244317
0.221056848664
0.233538020905
0.246326997654
0.259312381375
0.272309739217
0.285041009904
0.297101131628
0.307780154764
0.315680567314
0.31979864619
0.322894241389
0.332287164392
0.273321103705
-0.0206927885083
-1.13635098543e-322
1.67982319586e-322
7.90505033346e-323
1.97626258336e-322
1.67982319586e-322
-0.151886809788
-0.369227969702
-0.426015408902
-0.39355865459
-0.378367607959
-0.362411522803
-0.345023578475
-0.326886759332
-0.308550125214
-0.290519503262
-0.273063836401
-0.25629195658
-0.240255021722
-0.224976912618
-0.210455511533
-0.196666911941
-0.183573804336
-0.171132222926
-0.159295399742
-0.148015949111
-0.137247271013
-0.12694446355
-0.117064856665
-0.107568270006
-0.0984170884691
-0.089576224129
-0.0810130093381
-0.0726970494225
-0.0646000532834
-0.0566956538218
-0.048959225911
-0.0413677068038
-0.0338994219174
-0.0265339176226
-0.0192518017523
-0.0120345919274
-0.00486457140806
0.00227534806921
0.00951975869455
0.0167793079929
0.0240622420696
0.0313860265534
0.0387682276765
0.046226663299
0.0537795571141
0.0614456979936
0.0692446064464
0.0771967101343
0.0853235302732
0.0936478804889
0.102194079171
0.110988175409
0.120058186922
0.129434345535
0.139149341092
0.149238547116
0.159740199569
0.170695481464
0.182148437603
0.19414560111
0.206735147856
0.219965278657
0.233881283494
0.248520245889
0.263901683688
0.280011943768
0.296778334383
0.314026169073
0.331433424914
0.348460054167
0.36412360209
0.379548928685
0.392841311389
0.321295285469
1.77863632503e-322
-1.8774494542e-322
0
6.42285339594e-323
-1.97626258336e-323
1.67982319586e-322
-1.77863632503e-322
6.42285339594e-323
0
-0.402646300444
-0.452688183995
-0.429019818039
-0.400145955283
-0.375302802365
-0.352070152086
-0.329650027872
-0.308269815125
-0.288078516619
-0.269055165593
-0.251148945105
-0.234313355072
-0.218491689434
-0.203613653253
-0.189603157983
-0.176384845572
-0.163886753548
-0.152041176262
-0.140785027811
-0.13005997607
-0.119812371096
-0.109993018562
-0.100556865716
-0.0914626515186
-0.0826725511559
-0.0741518304334
-0.0658685175346
-0.0577930954525
-0.0498982160732
-0.0421584355363
-0.0345499696854
-0.0270504679632
-0.019638803842
-0.0122948797489
-0.00499944441943
0.0022660793684
0.00961712983203
0.0169898177356
0.0243900890374
0.031836870393
0.0393493040037
0.0469469370276
0.0546499198014
0.0624792167269
0.0704568341216
0.0786060698943
0.0869517905883
0.0955207421295
0.104341901526
0.113446877715
0.12287037064
0.132650698326
0.142830401649
0.153456935276
0.164583449448
0.176269659764
0.188582789883
0.201598554443
0.215402116253
0.230088857501
0.245764561567
0.262544228198
0.280548655028
0.299896966472
0.32067996651
0.342877279974
0.36634303473
0.391233335379
0.416621461414
0.43819392655
0.479818598444
4.44659081257e-323
7.90505033346e-323
-1.33397724377e-322
-1.97626258336e-322
1.33397724377e-322
-1.28457067919e-322
-1.82804288961e-322
-1.8774494542e-322
0
0
0
-0.513337610454
-0.466132159124
-0.436022573716
-0.405174440369
-0.376287309046
-0.349628708447
-0.32494311967
-0.302072545042
-0.280855249997
-0.261142024613
-0.242814784053
-0.225760719161
-0.209860874767
-0.19499813836
-0.181064328365
-0.167961646644
-0.155601925863
-0.14390572703
-0.132801565429
-0.122225161307
-0.112118686075
-0.102430032081
-0.0931121349003
-0.0841223606061
-0.0754219581141
-0.0669755714286
-0.0587508052035
-0.0507178370541
-0.0428490704878
-0.0351188228422
-0.0275030431452
-0.0199790552704
-0.0125253221697
-0.00512122732875
0.00225313010309
0.00969496347282
0.0171621629012
0.0246605331577
0.0322102526196
0.0398318175322
0.0475462658282
0.0553754150713
0.0633421201978
0.0714705576242
0.079786543463
0.0883178951076
0.0970948473833
0.106150536923
0.115521571516
0.125248705043
0.135377643351
0.145960012199
0.15705452497
0.168728395
0.181059045024
0.194136177722
0.208064292847
0.222965759415
0.238984513914
0.256290276677
0.275083120334
0.295599443543
0.318121289453
0.342970415515
0.370438361461
0.401054033869
0.437851570908
0.483780265615
0.503238877292
3.41506680624e-293
1.97626258336e-323
-1.77863632503e-322
2.47032822921e-323
1.63041663128e-322
2.96439387505e-323
1.97626258336e-322
-1.8774494542e-322
0
0
0
0
0
-0.522915711536
-0.476071362837
-0.434542613027
-0.399039382033
-0.367858004628
-0.339967653536
-0.3145643012
-0.291302038748
-0.26992376331
-0.250233851517
-0.232064473955
-0.21524914007
-0.199629853332
-0.185065907539
-0.171434400485
-0.158627663917
-0.146550909381
-0.135120454815
-0.124262264174
-0.113910658254
-0.104007169751
-0.0944995433834
-0.0853408737813
-0.0764888646277
-0.0679051902745
-0.0595549428357
-0.051406150413
-0.0434293545028
-0.0355972365809
-0.0278842854124
-0.0202664978421
-0.012721106767
-0.00522633075327
0.00223885965513
0.00975428242908
0.0172962280185
0.0248722330362
0.0325034860789
0.0402115787039
0.0480187580265
0.055948198064
0.0640242971049
0.0722730096956
0.0807222235848
0.089402194272
0.0983460528387
0.107590406715
0.117176058235
0.127148872684
0.137560836531
0.148471358349
0.159948880098
0.172072885471
0.184936416885
0.198649251315
0.213341951765
0.229171095184
0.246325983013
0.265036952938
0.285585411615
0.308317490086
0.333665263268
0.362153511864
0.394283649997
0.430377212269
0.471952392745
0.526651016744
0.679431337543
-9.88131291682e-323
-1.77863632503e-322
1.67982319586e-322
6.42285339594e-323
1.97626258336e-323
1.2351641146e-322
-9.38724727098e-323
-1.97626258336e-322
0
0
0
0
0
-0.514364857946
-0.509768399627
-0.462139506282
-0.418379027526
-0.383545860906
-0.352886801196
-0.325120908307
-0.300016712396
-0.277189505668
-0.256330550084
-0.237213526981
-0.219628173848
-0.203378395952
-0.188293264044
-0.174227065355
-0.161054810701
-0.148668303899
-0.13697333516
-0.125887526794
-0.115338542232
-0.105262560836
-0.0956029865827
-0.0863093631214
-0.0773364623145
-0.0686435142962
-0.0601935520714
-0.051952849013
-0.0438904319453
-0.0359776558185
-0.0281878285053
-0.02049587615
-0.0128780409486
-0.00531160435498
0.00222537045317
0.00979596700864
0.0173919774149
0.0250241648276
0.0327144597672
0.040485259604
0.0483597028596
0.0563619658386
0.0645175901326
0.0728538511874
0.0814001803408
0.0901886557012
0.0992545811724
0.108637178186
0.118380421704
0.128534061488
0.139154882385
0.150308274669
0.162070208561
0.174529737501
0.187792196612
0.201983329719
0.217254693765
0.23379084152
0.251818842476
0.271620548765
0.293548278073
0.31804739132
0.345691277513
0.377191060057
0.413242906693
0.454733102123
0.504856533269
0.56033737459
1.15869083559e-205
-1.38338380836e-322
-7.41098468762e-323
-1.53160350211e-322
-3.95252516673e-323
-1.97626258336e-322
7.90505033346e-323
-2.02566914795e-322
0
0
0
0
0
0
0
-0.541455663655
-0.483339512083
-0.434067726484
-0.396660924271
-0.363328316555
-0.333314985913
-0.30662693157
-0.282645253114
-0.260879897879
-0.24103555117
-0.222864544298
-0.206139214895
-0.190663562375
-0.176273330076
-0.162829759954
-0.150214165686
-0.138324187097
-0.127071038783
-0.116377303776
-0.106175099983
-0.0964045551991
-0.0870125452009
-0.077951648087
-0.0691792717303
-0.0606569190339
-0.0523495633342
-0.0442251122876
-0.0362539430438
-0.0284084948377
-0.0206629076011
-0.0129926970447
-0.00537445806639
0.0022144106187
0.00982069349977
0.0174494161498
0.0251156085376
0.0328416546802
0.0406504450691
0.0485656644735
0.0566121043443
0.0648160091677
0.0732054679861
0.0818108648253
0.0906654051649
0.0998057401267
0.109272716163
0.119112286258
0.129376629856
0.140125544125
0.15142819035
0.163365308229
0.176032050077
0.189541642936
0.204030179103
0.219662999797
0.236643369307
0.25522430541
0.275724499372
0.298550417261
0.324232645148
0.353491159146
0.387277388472
0.426544212882
0.472655708869
0.534491950484
0.631079419305
-5.92878775009e-323
2.47032822921e-323
-1.82804288961e-322
0
-1.8774494542e-322
-3.95252516673e-323
-9.38724727098e-323
1.97626258336e-323
0
0
0
0
0
0
0
-0.575272808906
-0.497173256264
-0.443826119966
-0.404788194389
-0.369979036037
-0.338489950645
-0.310743182878
-0.286023966501
-0.263689247162
-0.24338875135
-0.224851611522
-0.207830370203
-0.192112734288
-0.177522398424
-0.163911755636
-0.151155438891
-0.139145929619
-0.127790406253
-0.117008265135
-0.106729086444
-0.0968909580516
-0.0874390997189
-0.0783247315667
-0.0695041362351
-0.0609378739015
-0.0525901185366
-0.0444280908922
-0.0364215689502
-0.0285424604178
-0.0207644247017
-0.0130625338975
-0.00541296393124
0.00220729184617
0.00982888728791
0.01746855993
0.0251461369655
0.0328841549883
0.0407056704953
0.0486345522722
0.0566957991568
0.0649158928095
0.0733231970567
0.0819484180126
0.0908251427239
0.0999904788378
0.1094858242
0.119357803953
0.129659424546
0.140451510405
0.15180451166
0.163800802463
0.176537632165
0.190130953238
0.204720453269
0.220476304015
0.237608410352
0.256379164622
0.27712088611
0.300260690698
0.326362986182
0.356208468447
0.390846656283
0.431290739169
0.478871356258
0.544053815943
0.651360478792
-1.82804288961e-322
3.95252516673e-323
1.82804288961e-322
-8.89318162514e-323
-1.48219693752e-323
-3.95252516673e-323
1.72922976044e-322
1.72922976044e-322
0
0
0
0
0
0
0
-0.580883584233
-0.501965580572
-0.447279384511
-0.40729021354
-0.37218031236
-0.340244257855
-0.312135324553
-0.28716550267
-0.264638318598
-0.244183076756
-0.225521587673
-0.208399964785
-0.192600376518
-0.177942374067
-0.164275310137
-0.151471528032
-0.139421744826
-0.128031760944
-0.117219886733
-0.106914839111
-0.0970540132134
-0.0875820673073
-0.0784497617066
-0.0696129985246
-0.0610320194887
-0.0526707288198
-0.0444961156827
-0.0364777562164
-0.0285873791991
-0.0207984823724
-0.0130859886538
-0.00542593312249
0.00220482712172
0.00982069349975
0.0174494161497
0.0251156085376
0.0328416546802
0.0406504450691
0.0485656644735
0.0566121043442
0.0648160091677
0.0732054679861
0.0818108648253
0.0906654051649
0.0998057401267
0.109272716163
0.119112286258
0.129376629856
0.140125544125
0.15142819035
0.163365308229
0.176032050077
0.189541642936
0.204030179103
0.219662999797
0.236643369307
0.25522430541
0.275724499372
0.298550417261
0.324232645148
0.353491159146
0.387277388472
0.426544212882
0.472655708868
0.534491950484
0.631079419305
1.03753785627e-322
2.96439387505e-323
-1.77863632503e-322
1.77863632503e-322
-1.13635098543e-322
-8.3991159793e-323
-2.02566914795e-322
-6.42285339594e-323
0
0
0
0
0
0
0
-0.575272808906
-0.497173256264
-0.443826119966
-0.404788194389
-0.369979036037
-0.338489950645
-0.310743182878
-0.286023966501
-0.263689247162
-0.24338875135
-0.224851611522
-0.207830370203
-0.192112734288
-0.177522398424
-0.163911755636
-0.151155438891
-0.139145929619
-0.127790406253
-0.117008265135
-0.106729086444
-0.0968909580516
-0.087439099719
-0.0783247315668
-0.0695041362352
-0.0609378739016
-0.0525901185366
-0.0444280908923
-0.0364215689502
-0.0285424604178
-0.0207644247018
-0.0130625338975
-0.00541296393126
0.00220729184615
0.0097959670086
0.0173919774149
0.0250241648276
0.0327144597672
0.0404852596039
0.0483597028596
0.0563619658386
0.0645175901326
0.0728538511873
0.0814001803408
0.0901886557011
0.0992545811724
0.108637178186
0.118380421704
0.128534061488
0.139154882385
0.150308274669
0.162070208561
0.174529737501
0.187792196612
0.201983329719
0.217254693765
0.23379084152
0.251818842476
0.271620548765
0.293548278073
0.31804739132
0.345691277513
0.377191060057
0.413242906693
0.454733102123
0.504856533269
0.56033737459
4.89615183805e-206
1.58101006669e-322
-1.28457067919e-322
-9.38724727098e-323
1.48219693752e-322
5.43472210425e-323
1.18575755002e-322
1.92685601878e-322
0
0
0
0
0
0
0
-0.541455663655
-0.483339512083
-0.434067726484
-0.396660924271
-0.363328316555
-0.333314985913
-0.30662693157
-0.282645253114
-0.260879897879
-0.24103555117
-0.222864544298
-0.206139214895
-0.190663562374
-0.176273330076
-0.162829759954
-0.150214165686
-0.138324187097
-0.127071038783
-0.116377303776
-0.106175099983
-0.0964045551991
-0.0870125452009
-0.077951648087
-0.0691792717304
-0.060656919034
-0.0523495633342
-0.0442251122876
-0.0362539430439
-0.0284084948377
-0.0206629076011
-0.0129926970448
-0.00537445806644
0.00221441061866
0.00975428242903
0.0172962280185
0.0248722330361
0.0325034860789
0.0402115787038
0.0480187580265
0.055948198064
0.0640242971049
0.0722730096956
0.0807222235848
0.089402194272
0.0983460528387
0.107590406715
0.117176058235
0.127148872684
0.137560836531
0.148471358349
0.159948880098
0.172072885471
0.184936416885
0.198649251315
0.213341951765
0.229171095184
0.246325983013
0.265036952938
0.285585411615
0.308317490086
0.333665263268
0.362153511864
0.394283649997
0.430377212269
0.471952392745
0.526651016744
0.679431337543
-6.91691904178e-323
9.38724727098e-323
-1.92685601878e-322
9.88131291682e-324
-2.02566914795e-322
2.02566914795e-322
8.89318162514e-323
-1.53160350211e-322
0
0
0
0
0
-0.514364857946
-0.509768399627
-0.462139506282
-0.418379027526
-0.383545860906
-0.352886801196
-0.325120908307
-0.300016712396
-0.277189505667
-0.256330550084
-0.237213526981
-0.219628173848
-0.203378395952
-0.188293264043
-0.174227065355
-0.1610548107
-0.148668303899
-0.13697333516
-0.125887526794
-0.115338542232
-0.105262560836
-0.0956029865827
-0.0863093631214
-0.0773364623146
-0.0686435142963
-0.0601935520715
-0.0519528490131
-0.0438904319454
-0.0359776558186
-0.0281878285054
-0.02049587615
-0.0128780409486
-0.00531160435504
0.00222537045312
0.00969496347275
0.0171621629011
0.0246605331576
0.0322102526195
0.0398318175322
0.0475462658281
0.0553754150713
0.0633421201978
0.0714705576242
0.0797865434629
0.0883178951076
0.0970948473833
0.106150536923
0.115521571516
0.125248705043
0.135377643351
0.145960012199
0.15705452497
0.168728395
0.181059045023
0.194136177722
0.208064292847
0.222965759415
0.238984513913
0.256290276677
0.275083120334
0.295599443543
0.318121289453
0.342970415515
0.370438361461
0.401054033869
0.437851570908
0.483780265615
0.503238877292
2.5851916469e-293
-2.02566914795e-322
1.38338380836e-322
-1.48219693752e-322
-2.02566914795e-322
1.13635098543e-322
2.02566914795e-322
-3.95252516673e-323
0
0
0
0
0
-0.522915711536
-0.476071362837
-0.434542613027
-0.399039382033
-0.367858004628
-0.339967653536
-0.3145643012
-0.291302038748
-0.26992376331
-0.250233851517
-0.232064473955
-0.215249140069
-0.199629853331
-0.185065907539
-0.171434400485
-0.158627663916
-0.146550909381
-0.135120454814
-0.124262264174
-0.113910658254
-0.104007169751
-0.0944995433834
-0.0853408737814
-0.0764888646278
-0.0679051902746
-0.0595549428358
-0.0514061504131
-0.043429354503
-0.035597236581
-0.0278842854125
-0.0202664978422
-0.0127211067671
-0.00522633075335
0.00223885965505
0.00961712983195
0.0169898177355
0.0243900890373
0.0318368703929
0.0393493040037
0.0469469370276
0.0546499198013
0.0624792167268
0.0704568341215
0.0786060698943
0.0869517905882
0.0955207421294
0.104341901526
0.113446877714
0.12287037064
0.132650698326
0.142830401649
0.153456935276
0.164583449447
0.176269659763
0.188582789883
0.201598554443
0.215402116253
0.2300888575
0.245764561567
0.262544228198
0.280548655028
0.299896966472
0.320679966509
0.342877279974
0.36634303473
0.391233335379
0.416621461414
0.438193926549
0.479818598444
1.18575755002e-322
-1.2351641146e-322
-1.18575755002e-322
-1.03753785627e-322
9.88131291682e-324
1.08694442085e-322
-1.08694442085e-322
1.63041663128e-322
0
0
0
-0.513337610454
-0.466132159124
-0.436022573716
-0.405174440369
-0.376287309046
-0.349628708446
-0.32494311967
-0.302072545042
-0.280855249996
-0.261142024613
-0.242814784052
-0.22576071916
-0.209860874767
-0.194998138359
-0.181064328365
-0.167961646644
-0.155601925862
-0.14390572703
-0.132801565429
-0.122225161306
-0.112118686075
-0.102430032081
-0.0931121349004
-0.0841223606062
-0.0754219581143
-0.0669755714288
-0.0587508052036
-0.0507178370542
-0.0428490704879
-0.0351188228424
-0.0275030431453
-0.0199790552705
-0.0125253221698
-0.00512122732885
0.002253130103
0.00951975869445
0.0167793079928
0.0240622420695
0.0313860265534
0.0387682276764
0.0462266632989
0.0537795571141
0.0614456979935
0.0692446064464
0.0771967101342
0.0853235302732
0.0936478804889
0.102194079171
0.110988175409
0.120058186922
0.129434345534
0.139149341092
0.149238547116
0.159740199568
0.170695481463
0.182148437602
0.19414560111
0.206735147856
0.219965278657
0.233881283493
0.248520245889
0.263901683688
0.280011943768
0.296778334382
0.314026169073
0.331433424914
0.348460054166
0.36412360209
0.379548928685
0.392841311389
0.321295285469
-1.13635098543e-322
1.63041663128e-322
-1.18575755002e-322
1.82804288961e-322
-1.48219693752e-323
-3.95252516673e-323
1.63041663128e-322
9.88131291682e-324
0
-0.402646300444
-0.452688183995
-0.42901981804
-0.400145955283
-0.375302802365
-0.352070152086
-0.329650027872
-0.308269815125
-0.288078516618
-0.269055165592
-0.251148945105
-0.234313355071
-0.218491689433
-0.203613653252
-0.189603157983
-0.176384845572
-0.163886753547
-0.152041176262
-0.14078502781
-0.13005997607
-0.119812371096
-0.109993018562
-0.100556865716
-0.0914626515187
-0.0826725511561
-0.0741518304336
-0.0658685175348
-0.0577930954527
-0.0498982160734
-0.0421584355365
-0.0345499696856
-0.0270504679633
-0.0196388038421
-0.012294879749
-0.00499944441955
0.00226607936829
0.009401757159
0.0165308742329
0.0236786659329
0.0308609637043
0.0380935769797
0.0453924035775
0.0527735377009
0.0602533756679
0.0678487191284
0.0755768749817
0.0834557504217
0.091503940379
0.0997408029592
0.108186516002
0.116862104253
0.125789421275
0.134991062321
0.144490172771
0.154310099931
0.164473811347
0.175002966779
0.185916478513
0.197228320966
0.208944244317
0.221056848664
0.233538020905
0.246326997654
0.259312381375
0.272309739216
0.285041009904
0.297101131628
0.307780154764
0.315680567314
0.31979864619
0.322894241388
0.332287164391
0.273321103705
-0.0206927885087
4.94065645841e-324
-1.97626258336e-323
-2.96439387505e-323
-1.38338380836e-322
9.88131291682e-324
-0.151886809788
-0.369227969702
-0.426015408903
-0.39355865459
-0.378367607959
-0.362411522803
-0.345023578475
-0.326886759331
-0.308550125214
-0.290519503262
-0.273063836401
-0.256291956579
-0.240255021721
-0.224976912618
-0.210455511532
-0.19666691194
-0.183573804335
-0.171132222925
-0.159295399741
-0.148015949111
-0.137247271013
-0.126944463549
-0.117064856665
-0.107568270006
-0.0984170884691
-0.0895762241291
-0.0810130093382
-0.0726970494227
-0.0646000532836
-0.056695653822
-0.0489592259112
-0.041367706804
-0.0338994219176
-0.0265339176228
-0.0192518017525
-0.0120345919276
-0.00486457140819
0.00227534806909
0.00926204126476
0.0162449304693
0.0232413805462
0.0302654541592
0.0373310666504
0.0444520552799
0.0516422408731
0.0589154803459
0.0662857079066
0.073766961784
0.0813733920367
0.0891192431918
0.0970188029773
0.105086304933
0.113335767827
0.121780747987
0.130433971079
0.13930679649
0.148408448884
0.157744925562
0.167317451529
0.177120302626
0.187137748738
0.197339781569
0.207676141081
0.218067785215
0.228394295964
0.238475841424
0.248051753891
0.256761099587
0.264105857683
0.269299371103
0.271018661651
0.267956161782
0.260361877918
0.245329559692
0.194680297599
0.209380289559
0.172740884174
-0.0195500215854
-0.0977192995467
-0.163081000741
-0.321656837598
-0.360921654718
-0.331244091937
-0.346043568562
-0.34077471575
-0.3362760572
-0.327435829657
-0.315391878174
-0.301694522612
-0.287160678337
-0.272315748055
-0.257504390225
-0.242941012224
-0.228760773599
-0.215048173264
-0.20184937404
-0.189181499403
-0.177041797122
-0.165414818131
-0.154277184293
-0.143600740166
-0.133354744309
-0.12350740128
-0.114026897664
-0.104882074221
-0.0960428423567
-0.0874804245212
-0.0791674737109
-0.0710781101634
-0.0631879018624
-0.0554738076245
-0.0479140960231
-0.0404882494832
-0.0331768600734
-0.0259615215225
-0.0188247205565
-0.0117497296244
-0.00472050238419
0.00227842715588
0.00909961710888
0.0159221123008
0.0227527633618
0.029603769008
0.0364870573697
0.0434143151187
0.0503970044637
0.0574463650933
0.0645733972543
0.0717888209471
0.0791030045956
0.0865258543609
0.0940666523338
0.101733827875
0.10953464101
0.117474749522
0.125557621563
0.133783742344
0.142149545806
0.150645978319
0.159256569109
0.167954838342
0.176700818629
0.185436400728
0.194079110291
0.202513666173
0.210580224766
0.21805836837
0.224648279644
0.229951830214
0.233439043621
0.234352484833
0.231609913396
0.22411976709
0.211028137434
0.188299329764
0.148174778004
0.12186002266
0.056650165582
-0.0310446420468
-0.0847818467652
-0.132426963852
-0.200452272954
-0.252443501447
-0.27063635268
-0.289199586978
-0.297836423851
-0.299151548339
-0.294890696645
-0.287169800305
-0.277331874009
-0.266152582257
-0.254180238857
-0.241815706087
-0.22933882973
-0.216941460595
-0.204753832924
-0.19286067425
-0.181312702239
-0.170136159623
-0.159340193803
-0.148922128909
-0.138871209803
-0.129171318418
-0.119802948752
-0.110744622379
-0.101973886777
-0.0934680091605
-0.0852044499026
-0.0771611764065
-0.0693168614393
-0.0616509980846
-0.0541439548937
-0.0467769885825
-0.0395322270328
-0.0323926319848
-0.0253419483444
-0.0183646452114
-0.0114458524097
-0.00457129536307
0.00227276950484
0.00891365960124
0.0155633215939
0.0222155562066
0.0288806419051
0.0355684696125
0.0422885341352
0.0490499097746
0.0558612061206
0.0627304990241
0.0696652304088
0.076672068822
0.0837567203041
0.0909236761178
0.098175879888
0.10551429146
0.112937317919
0.120440073225
0.128013416261
0.135642702119
0.143306162127
0.150972803064
0.158599683945
0.166128391008
0.173480491411
0.180551688177
0.187204258336
0.193257135716
0.198473209583
0.202544866247
0.205079071475
0.205573764333
0.203367652168
0.197614172334
0.187452272732
0.172029436614
0.149141932753
0.116070682576
0.0793101849334
0.0292213688251
-0.027414063166
-0.0758111150818
-0.12155338921
-0.169429338837
-0.208197738658
-0.232946740071
-0.252035990589
-0.262552963316
-0.266388931058
-0.265423988686
-0.261082501016
-0.254366259771
-0.245994488221
-0.236513227471
-0.226336467009
-0.215770268892
-0.205037043384
-0.194296386123
-0.183660318228
-0.173204769309
-0.162978743608
-0.153011456176
-0.143317679782
-0.133901726002
-0.124760430983
-0.115885393449
-0.107264639471
-0.0988838508638
-0.0907272652933
-0.0827783305125
-0.0750201745033
-0.0674359378028
-0.0600090028826
-0.0527231469048
-0.0455626377652
-0.0385122885027
-0.0315574815146
-0.0246841713019
-0.0178788724266
-0.0111286378465
-0.00442103169033
0.00225590025312
0.00870358476998
0.01516976481
0.0216328661165
0.0281012276184
0.0345826936619
0.0410845712495
0.0476135687528
0.0541757113493
0.0607762274174
0.0674193987869
0.074108366007
0.080844877564
0.0876289691238
0.0944585552276
0.101328911224
0.108232017348
0.115155729441
0.122082731647
0.128989215138
0.135843213244
0.14260250678
0.149211993894
0.155600398664
0.161676175981
0.167322450794
0.172390778982
0.176693459875
0.179994362696
0.18199907015
0.182345097743
0.180588545571
0.176182700349
0.168478966875
0.156811391496
0.140499461077
0.118467119312
0.0899418106111
0.056914096721
0.0173092250515
-0.0277262452544
-0.0703961424133
-0.11083453108
-0.149885508684
-0.182089493676
-0.204798451423
-0.221686279746
-0.23238669041
-0.237879320022
-0.239222929652
-0.237350792353
-0.233053300587
-0.226965662283
-0.219589673083
-0.211319582287
-0.202460808019
-0.193245770245
-0.183848685739
-0.174398101702
-0.16498699006
-0.155680894072
-0.146524420337
-0.137546305254
-0.128763335201
-0.120183376624
-0.111807711127
-0.103632825041
-0.0956517734506
-0.0878552149842
-0.080232192919
-0.0727707211437
-0.065458220226
-0.0582818386268
-0.0512286861872
-0.0442860009105
-0.0374412653475
-0.0306822852565
-0.0239972404466
-0.0173747155939
-0.0108037172161
-0.00427368180905
0.0022255207172
0.00846911213848
0.0147429825711
0.0210081589666
0.0272710555389
0.033537497637
0.0398126491239
0.0461009195247
0.0524058457811
0.0587299424936
0.0650745132989
0.0714394144601
0.0778227597658
0.0842205533804
0.090626234233
0.0970301117944
0.103418668553
0.109773699055
0.116071249024
0.122280310829
0.128361223586
0.134263717658
0.139924535251
0.14526455369
0.150185339988
0.154565073573
0.158253780228
0.161067853675
0.162784059604
0.163133707443
0.161797632757
0.158400983705
0.152508407708
0.143635778133
0.131296225715
0.115009161861
0.0942387623245
0.0688306566668
0.0396493034275
0.00621963991585
-0.0303676949193
-0.0660825310236
-0.10002280972
-0.131866269044
-0.159045225426
-0.17995382936
-0.195718679335
-0.20660409973
-0.213144052616
-0.216014909438
-0.215910726085
-0.21346294549
-0.209205340377
-0.203577590032
-0.196938792728
-0.189577923085
-0.181723191465
-0.173552021585
-0.165200493536
-0.156771456393
-0.148341318182
-0.139965650866
-0.131683736098
-0.123522207052
-0.115497947218
-0.107620385325
-0.099893301971
-0.0923162445428
-0.0848856304839
-0.0775956039428
-0.070438697989
-0.0634063440168
-0.0564892614581
-0.0496777540958
-0.0429619338356
-0.0363318884794
-0.0297778066463
-0.0232900703352
-0.0168593235669
-0.0104765239446
-0.00413298278295
0.0021796014342
0.00821031447774
0.014284868688
0.0203452451449
0.0263959785509
0.0324409352421
0.0384832155485
0.0445250351998
0.0505675804984
0.0566108311564
0.0626533436348
0.0686919865121
0.0747216177967
0.0807346921648
0.0867207837965
0.092666007789
0.098552320048
0.104356672147
0.110049994057
0.115595974163
0.120949603029
0.12605544565
0.130845607757
0.135237367737
0.139130460571
0.142404025504
0.144913265566
0.146485938781
0.146918986091
0.145975902678
0.143385487124
0.138842176488
0.132009832889
0.122537203198
0.110089066484
0.0943640811565
0.0751142542766
0.0523703013436
0.0266210175024
-0.00192752614163
-0.0322272093013
-0.0621910014555
-0.0908193376213
-0.117393997228
-0.140547663996
-0.159362277314
-0.174014059456
-0.184677597566
-0.1916832248
-0.195498388282
-0.196634343596
-0.195578506206
-0.192764897249
-0.188567948995
-0.183304815436
-0.177239110436
-0.170585797838
-0.163517425798
-0.156170674844
-0.148652424823
-0.14104511412
-0.133411358607
-0.125797845386
-0.118238560647
-0.110757436495
-0.103370503734
-0.0960876305896
-0.0889139185827
-0.0818508174992
-0.0748970120898
-0.0680491243816
-0.061302267829
-0.0546504829939
-0.048087078951
-0.0416049000863
-0.0351965342437
-0.0288544751734
-0.022571249839
-0.0163395192356
-0.0101521598721
-0.00400233192638
0.00211646078072
0.00792765312671
0.0137976775855
0.0196482570054
0.0254821178755
0.0313012548022
0.0371068129343
0.0428989495985
0.0486766700187
0.0544376313251
0.0601779082358
0.0658917127904
0.07157105933
0.0772053645659
0.0827809710518
0.0882805807367
0.0936825836116
0.098960264911
0.104080873183
0.109004531194
0.113682972655
0.118058091092
0.122060294133
0.125606669481
0.128598990794
0.130921624995
0.13243945041
0.132995973916
0.132411980539
0.130485242133
0.126991878367
0.121689963619
0.114327075346
0.104655850863
0.0924580850814
0.0775664534874
0.0598975934643
0.0395625068913
0.0169266057892
-0.00760553162359
-0.033213819258
-0.0586605032552
-0.0830618987385
-0.105684218535
-0.125658989544
-0.142386532729
-0.155789072247
-0.165935479764
-0.173028599954
-0.177381822387
-0.179359282451
-0.179329200243
-0.177637803792
-0.174597006628
-0.170480068534
-0.165521046418
-0.159916484223
-0.153828730921
-0.14739005343
-0.14070686569
-0.133863737494
-0.126927031618
-0.119948101213
-0.112966037333
-0.106009993072
-0.0991011269724
-0.092254213
-0.0854789641831
-0.078781114032
-0.0721632955123
-0.0656257523615
-0.0591669126274
-0.0527838497527
-0.0464726524589
-0.0402287211652
-0.0340470056798
-0.0279221963934
-0.0218488791529
-0.0158216623178
-0.00983528315722
-0.00388469969823
0.00203482666947
0.00762199799058
0.0132840197832
0.0189216183344
0.0245358047089
0.0301268109985
0.0356939578854
0.041235502351
0.0467484607565
0.0522284020443
0.0576692052337
0.0630627747139
0.0683987060909
0.0736638945629
0.07884207702
0.0839132983931
0.0888532923444
0.093632766409
0.0982165824857
0.102562825584
0.106621757581
0.110334659303
0.113632574786
0.116434987886
0.118648485839
0.120165498774
0.120863251762
0.12060313586
0.119230810852
0.116577476006
0.112462811787
0.106700184665
0.0991052935097
0.089510185037
0.0777824578928
0.0638457349212
0.0477084842441
0.0295192201961
0.0095905162656
-0.0116635442156
-0.0336091552267
-0.0554162624747
-0.0763693210536
-0.0958441883032
-0.113230196083
-0.128090658452
-0.140277754996
-0.149794773316
-0.156758116315
-0.161373446747
-0.163898224385
-0.164608863264
-0.163778169091
-0.161661616763
-0.158490296467
-0.154467906096
-0.149770216937
-0.144546255431
-0.13892053227
-0.132995749992
-0.12685562678
-0.120567627727
-0.114185485613
-0.107751454823
-0.10129828286
-0.094850907451
-0.0884278994106
-0.0820426773121
-0.0757045219793
-0.0694194184115
-0.0631907509191
-0.0570198747467
-0.0509065847342
-0.0448494988609
-0.038846372013
-0.0328943530634
-0.0269901963841
-0.0211304372495
-0.0153115391886
-0.00953002019219
-0.00378256376459
0.00193387991317
0.00729463220835
0.0127468457769
0.0181700065212
0.0235635196687
0.0289259805701
0.0342550322632
0.0395472047373
0.0447977316272
0.0500003397849
0.0551470068473
0.060227681573
0.0652299613833
0.0701387212836
0.0749356882177
0.079598955048
0.0841024289176
0.0884152099618
0.0925008985137
0.0963168325349
0.0998132625328
0.102932479477
0.105607923164
0.10776331544
0.109311886095
0.11015579048
0.110185858738
0.109281871248
0.107313627212
0.104143148609
0.0996284080321
0.0936290355283
0.0860147110987
0.0766770823337
0.0655448973342
0.0526008110384
0.037902537582
0.021611504742
0.00400397401902
-0.0145484227841
-0.0335463269833
-0.052390598474
-0.0705193668053
-0.0874291469006
-0.102665316621
-0.115892961167
-0.126951112849
-0.13580364811
-0.142509323574
-0.147201126599
-0.150060782569
-0.151294850253
-0.151116313773
-0.14973193739
-0.147334565799
-0.144098882159
-0.140179487201
-0.135710639788
-0.130807120818
-0.125565755069
-0.120067254774
-0.114378164386
-0.108552766496
-0.10263486601
-0.0966594097604
-0.0906539248427
-0.0846397750899
-0.0786332447619
-0.0726464638551
-0.066688191929
-0.0607644779387
-0.0548792130284
-0.0490345920702
-0.0432314982489
-0.0374698234235
-0.0317487354601
-0.0260669023013
-0.0204226812718
-0.0148142810164
-0.0092399025229
-0.0036978649181
0.00181327889878
0.00694724226762
0.0121894192711
0.0173983085211
0.0225718312041
0.0277070831029
0.0328001866543
0.0378461267217
0.0428385664172
0.0477696392025
0.0526297134059
0.0574071252322
0.0620878763699
0.0666552924773
0.07108963924
0.0753676934616
0.0794622679425
0.0833416909293
0.0869692439669
0.0903025664326
0.0932930413088
0.0958851854472
0.0980160793664
0.099614887323
0.100602538806
0.100891668303
0.100386941817
0.0989859373259
0.096580791375
0.0930608648617
0.0883167025796
0.0822455851327
0.0747590409924
0.0657926113346
0.0553175279342
0.043353481785
0.0299830127849
0.0153667814214
-0.000251184101082
-0.0165514678346
-0.0331356387662
-0.0495508508007
-0.0653565604487
-0.0801512511633
-0.0935836157103
-0.10538850457
-0.115413783842
-0.123603530296
-0.129979522342
-0.134625342806
-0.13766827552
-0.139261776471
-0.139570973461
-0.138761818634
-0.136993700179
-0.134414777126
-0.131159322062
-0.127346566683
-0.123080630429
-0.11845116459
-0.113534424878
-0.10839456639
-0.103085018611
-0.0976498465675
-0.0921250402235
-0.0865396996834
-0.0809171010655
-0.0752756393851
-0.0696296520769
-0.0639901311653
-0.058365334399
-0.0527613066174
-0.0471823226875
-0.0416312628777
-0.0361099307812
-0.0306193230033
-0.025159858899
-0.0197315777614
-0.0143343100486
-0.00896782850605
-0.00363198443434
0.00167316616756
0.00658189499525
0.0116152811976
0.0166115719969
0.0215673342168
0.0264783078709
0.0313392567232
0.0361438048879
0.0408842564518
0.0455513951642
0.0501342613457
0.0546199033534
0.0589931012599
0.0632360609309
0.0673280774881
0.0712451683617
0.0749596779022
0.0784398580206
0.0816494328042
0.0845471597811
0.0870864068159
0.0892147718842
0.0908737836037
0.0919987337905
0.0925187097455
0.0923569134459
0.0914313770873
0.0896562089683
0.0869435281009
0.0832062627506
0.0783619887742
0.0723379745048
0.0650775820629
0.0565480489704
0.0467493059012
0.0357232265195
0.0235630038637
0.0104212986367
-0.00348775778343
-0.0178937779042
-0.0324753556461
-0.0468793771742
-0.0607574868339
-0.0737889519261
-0.0856956143505
-0.0962628538486
-0.105354280311
-0.1129064618
-0.118918315938
-0.123439765685
-0.12655885185
-0.128388890111
-0.129057229394
-0.128696260515
-0.127436779033
-0.125403400239
-0.1227116165
-0.119466144875
-0.115760253966
-0.111675789817
-0.10728366845
-0.102644655836
-0.0978103029339
-0.0928239418133
-0.0877216791012
-0.0825333458508
-0.0772833795521
-0.0719916258015
-0.0666740552701
-0.0613433970213
-0.0560096926183
-0.0506807774371
-0.0453626965933
-0.0400600632044
-0.034776366622
-0.02951423791
-0.0242756793555
-0.0190622642544
-0.0138753126731
-0.00871604835728
-0.00358574150427
0.00151415829656
0.00620100334277
0.0110282063059
0.0158149532236
0.0205565901692
0.0252476475388
0.0298816925749
0.0344511704168
0.0389472313215
0.0433595418948
0.0476760784437
0.0518829009418
0.0559639066407
0.0599005631353
0.0636716217628
0.0672528136986
0.0706165331312
0.0737315145828
0.0765625149914
0.0790700157555
0.0812099657827
0.0829335938795
0.0841873277465
0.0849128674947
0.0850474738871
0.0845245450459
0.0832745694051
0.0812265559628
0.0783100526743
0.0744578648227
0.0696095718203
0.0637159128997
0.0567440622323
0.0486836929397
0.0395535011844
0.0294076858063
0.0183418538734
0.00649720630393
-0.00593934241973
-0.0187396834703
-0.0316417059399
-0.0443639718297
-0.0566279390015
-0.0681756075447
-0.0787829557411
-0.0882735505558
-0.0965275706831
-0.103480727207
-0.109118337095
-0.113467554317
-0.116588233731
-0.11856351759
-0.119491191631
-0.119476389529
-0.118625866622
-0.117043770552
-0.114828701162
-0.112071835768
-0.108855901963
-0.105254791842
-0.101333636692
-0.0971491938882
-0.0927504300109
-0.0881792129017
-0.0834710494208
-0.0786558249457
-0.0737585155061
-0.0687998545843
-0.063796944733
-0.0587638099379
-0.053711888603
-0.0486504696393
-0.0435870757412
-0.0385277988337
-0.0334775930811
-0.0284405309331
-0.0234200275487
-0.0184190386967
-0.0134402369168
-0.00848617039012
-0.00355940864293
0.00133732109578
0.0058072832045
0.0104321543201
0.0150136634294
0.019546069914
0.0240228393653
0.0284365009501
0.0327784958314
0.037039014923
0.0412068245626
0.045269079079
0.0492111197528
0.0530162603652
0.0566655604594
0.0601375886608
0.0634081800106
0.0664501933483
0.0692332774388
0.0717236578944
0.0738839611113
0.0756730965096
0.0770462244249
0.0779548440325
0.0783470435889
0.0781679637456
0.0773605331209
0.0758665427759
0.073628131259
0.070589752034
0.066700686633
0.0619181459505
0.0562109666556
0.0495638530187
0.0419820147661
0.0334959035814
0.0241656255655
0.0140845190461
0.00338107446708
-0.0077819964545
-0.0192119178
-0.0306927305694
-0.0419964101707
-0.0528975898853
-0.063186747889
-0.0726810187418
-0.0812336778987
-0.0887402484579
-0.0951389497493
-0.100407446024
-0.104557636039
-0.107629190434
-0.109682642149
-0.110792771171
-0.111042765804
-0.110519407423
-0.109309319649
-0.107496199621
-0.105158903254
-0.102370240818
-0.099196336743
-0.0956964175141
-0.0919229096135
-0.0879217502485
-0.0837328338917
-0.0793905358804
-0.0749242697917
-0.070359047883
-0.0657160237851
-0.0610130042091
-0.056264922096
-0.0514842677455
-0.0466814773594
-0.0418652804113
-0.0370430085237
-0.0322208693062
-0.0274041890176
-0.0225976280645
-0.0178053733458
-0.0130313113372
-0.00827918563201
-0.00355274245353
0.00114413255911
0.00540370365861
0.00983121772215
0.0142129152242
0.0185421003777
0.0228113143632
0.0270121998359
0.0311353589547
0.0351702038005
0.0391047984341
0.0429256923202
0.04661774546
0.0501639463567
0.053545224948
0.0567402639133
0.0597253133757
0.0624740160293
0.0649572521972
0.0671430173282
0.068996348021
0.0704793168397
0.071551120921
0.0721682945722
0.072285081468
0.0718540072863
0.0708266979947
0.0691549915889
0.0667923905131
0.0636958963503
0.0598282550508
0.0551606174516
0.0496755842039
0.0433705524132
0.0362612049558
0.0283848858072
0.0198035183296
0.0106056501017
0.000907066860594
-0.00915066542322
-0.0194039712678
-0.0296732109612
-0.0397711542097
-0.0495133174382
-0.0587277709824
-0.0672635098849
-0.0749973564067
-0.0818383854636
-0.0877288876213
-0.0926426342546
-0.0965814192539
-0.099570489217
-0.101653462521
-0.102887277735
-0.103337559522
-0.103074635374
-0.102170293518
-0.100695272193
-0.0987174178958
-0.0963004244475
-0.093503053506
-0.0903787374153
-0.0869754734003
-0.0833359303169
-0.0794977026609
-0.0754936596968
-0.071352349442
-0.0670984274282
-0.0627530885559
-0.0583344870773
-0.0538581349832
-0.049337273055
-0.0447832117934
-0.0402056415748
-0.0356129128669
-0.0310122883431
-0.0264101693681
-0.0218122996875
-0.0172239493373
-0.0126500818303
-0.00809550762911
-0.00356502681937
0.00093643623839
0.00499343302314
0.00922956817101
0.0134178706664
0.0175508160797
0.0216201546889
0.0256167848735
0.0295306223566
0.0333504646904
0.0370638508072
0.040656915991
0.0441142432805
0.0474187131385
0.0505513542391
0.0534911994788
0.0562151528432
0.05869787461
0.0609116945577
0.0628265654125
0.0644100716921
0.0656275123573
0.0664420791742
0.0668151562268
0.0667067693407
0.0660762168318
0.0648829143526
0.063087485846
0.0606531286103
0.057547271808
0.0537435327415
0.0492239523011
0.0439814590186
0.0380224683288
0.0313694677788
0.0240633748627
0.0161653981756
0.00775808725864
-0.00105479638291
-0.0101499442186
-0.0193878417684
-0.028617715215
-0.03768405076
-0.0464341435997
-0.0547254381878
-0.0624319360102
-0.0694493578215
-0.0756984940479
-0.0811262849425
-0.0857049457505
-0.0894296835854
-0.0923154621066
-0.0943932560573
-0.0957061946192
-0.0963059003446
-0.0962492283797
-0.0955955118531
-0.0944043420888
-0.0927338634514
-0.0906395340282
-0.0881732878872
-0.0853830291243
-0.0823123895954
-0.0790006883226
-0.0754830388648
-0.0717905599563
-0.0679506534516
-0.0639873215492
-0.0599215021175
-0.0557714066703
-0.0515528501824
-0.0472795656098
-0.0429634988111
-0.0386150817143
-0.0342434831388
-0.0298568378138
-0.0254624549081
-0.0210670078937
-0.0166767078755
-0.0122974626862
-0.0079350240981
-0.00359512548876
0.000716387767207
0.00457978299331
0.00863140340822
0.0126335923294
0.0165781162671
0.0204560593396
0.0242577067898
0.0279724264796
0.0315885482139
0.0350932411943
0.0384723904547
0.0417104738017
0.0447904415924
0.0476936026681
0.0503995209315
0.052885928446
0.055128662556
0.0571016363882
0.0587768541766
0.0601244851342
0.061113011981
0.0617094726134
0.0618798155559
0.0615893914842
0.0608036038387
0.0594887408175
0.0576130081619
0.0551477763028
0.0520690456311
0.048359118905
0.0440084492639
0.0390176055656
0.0333992634627
0.0271800912022
0.0204023580423
0.0131250595801
0.00542433205818
-0.00260708286066
-0.0108615243044
-0.0192193192115
-0.0275528416258
-0.035731581509
-0.0436278106878
-0.0511221360992
-0.0581084089093
-0.0644976588214
-0.0702207003367
-0.0752291741163
-0.0794951601604
-0.0830096758292
-0.0857803791894
-0.0878287987882
-0.0891873854781
-0.0898966259621
-0.0900023905819
-0.0895536196421
-0.0886003947538
-0.087192400297
-0.0853777528643
-0.0832021598525
-0.0807083598973
-0.0779357956057
-0.0749204710116
-0.0716949506969
-0.0682884632955
-0.0647270782427
-0.0610339305824
-0.0572294740492
-0.053331747353
-0.0493566425719
-0.0453181678113
-0.0412286988988
-0.0370992169269
-0.032939530012
-0.0287584788077
-0.0245641261603
-0.0203639318815
-0.0161649140172
-0.0119737982401
-0.00779715711986
-0.00364154108028
0.000486397167117
0.00416615290037
0.00804089626541
0.0118649984984
0.015629628226
0.0193253180468
0.0229418589507
0.0264681946156
0.0298923158124
0.0332011556033
0.0363804865646
0.0394148219168
0.0422873232159
0.0449797181702
0.0474722332048
0.0497435466051
0.0517707694498
0.0535294630462
0.0549937032089
0.0561362033921
0.0569285103102
0.0573412871244
0.0573447003168
0.0569089267723
0.0560047969608
0.0546045880473
0.0526829767204
0.050218154949
0.0471931021465
0.0435969938068
0.0394267092749
0.0346883799971
0.0293988948237
0.023587252053
0.0172956225475
0.0105799701285
0.00351006845408
-0.0038312382221
-0.0113496424456
-0.0189418737233
-0.0264990186476
-0.0339105042377
-0.0410684379138
-0.04787186085
-0.0542305341713
-0.060067981806
-0.065323553403
-0.069953369487
-0.0739302098742
-0.0772425295593
-0.0798928222365
-0.0818955627317
-0.0832749475698
-0.0840626195125
-0.0842955179711
-0.0840139501931
-0.083259935571
-0.082075842075
-0.0805033098546
-0.0785824409879
-0.0763512247989
-0.073845163759
-0.071097064344
-0.0681369590812
-0.06499212939
-0.0616872029088
-0.05824430329
-0.0546832345777
-0.0510216860423
-0.0472754466498
-0.0434586211459
-0.0395838420515
-0.035662473745
-0.0317048062822
-0.027720237754
-0.0237174448468
-0.0197045419019
-0.0156892292193
-0.011678931658
-0.00768092876102
-0.00370247773625
0.00024906935651
0.00375597583758
0.00746214710355
0.011116823357
0.0147106770935
0.0182337930752
0.0216755740391
0.0250246479329
0.0282687772174
0.0313947712135
0.0343884029985
0.0372343329642
0.0399160418599
0.0424157769576
0.0447145158976
0.0467919537949
0.048626520304
0.0501954345135
0.0514748067349
0.0524397973905
0.0530648441866
0.0533239694476
0.0531911796985
0.0526409690754
0.0516489366491
0.0501925249114
0.0482518821561
0.0458108448961
0.0428580274887
0.0393879945612
0.0354024776849
0.0309115813966
0.0259349059128
0.0205024962439
0.0146555126925
0.00844650969122
0.00193921176428
-0.00479230928151
-0.0116651152318
-0.0185895381883
-0.0254719008992
-0.0322176801879
-0.0387348858781
-0.0449373601395
-0.0507477253966
-0.0560997675038
-0.0609400885905
-0.0652289403594
-0.0689402646521
-0.0720610528138
-0.0745901743463
-0.0765368409573
-0.0779188686984
-0.0787608816308
-0.0790925719781
-0.0789470994349
-0.0783596813036
-0.0773663990567
-0.0760032268159
-0.0743052727751
-0.0723062150885
-0.0700379083592
-0.067530134674
-0.0648104732408
-0.0619042643172
-0.0588346456459
-0.0556226425739
-0.0522872960794
-0.0488458158569
-0.0453137482789
-0.0417051514045
-0.0380327712089
-0.0343082148781
-0.030542118372
-0.0267443065424
-0.0229239449321
-0.0190896830216
-0.0152497891547
-0.0114122777131
-0.00758502931552
-0.00377590495293
7.14498357412e-06
0.0033526680622
0.00689914069926
0.0103935827406
0.0138262622585
0.0171869084707
0.0204646287926
0.0236478288162
0.0267241359921
0.0296803282093
0.0325022689544
0.0351748512868
0.0376819534987
0.040006410037
0.0421300020397
0.0440334726715
0.0456965733152
0.0470981475395
0.0482162605824
0.0490283827773
0.0495116358129
0.0496431108333
0.0494002669865
0.0487614179309
0.0477063117977
0.0462168069325
0.0442776411859
0.0418772863646
0.0390088715742
0.03567114957
0.0318694691067
0.027616704145
0.0229340785071
0.0178518135494
0.012409518741
0.00665624322974
0.000650112826917
-0.00554250624078
-0.0118483447187
-0.0181890520713
-0.0244834353031
-0.0306499973131
-0.0366096046959
-0.0422880794248
-0.0476185187405
-0.0525431832206
-0.0570148338843
-0.0609974559233
-0.0644663796375
-0.067407867933
-0.0698182736931
-0.071702886546
-0.0730745900341
-0.0739524396888
-0.0743602542829
-0.0743252904185
-0.07387704819
-0.0730462356358
-0.0718639033237
-0.0703607479275
-0.0685665748305
-0.0665099041774
-0.0642177018044
-0.0617152154924
-0.0590258974276
-0.0561713951353
-0.0531715950741
-0.0500447052544
-0.0468073654486
-0.043474775675
-0.0400608355568
-0.0365782888557
-0.0330388689306
-0.0294534420868
-0.025832146771
-0.0221845273622
-0.0185196619222
-0.014846283735
-0.0111728968091
-0.00750788574024
-0.00385962048305
-0.000236556647723
0.00295958272999
0.00635570827242
0.00969954575898
0.0129810402216
0.0161896461527
0.0193142556872
0.0223431308641
0.0252638409254
0.0280632059916
0.0307272488955
0.0332411574476
0.0355892599545
0.0377550174111
0.0397210364159
0.041469107513
0.04298027431
0.0442349393138
0.0452130129244
0.0458941123511
0.0462578172738
0.0462839887696
0.04595315721
0.0452469833808
0.044148794813
0.0426441960948
0.0407217476174
0.0383737017155
0.0355967784756
0.0323929557436
0.0287702393563
0.0247433708993
0.0203344221569
0.0155732190219
0.0104975344777
0.00515299206411
-0.000407370534965
-0.00612391209238
-0.0119315819517
-0.0177614739766
-0.0235426802278
-0.0292043486407
-0.0346778163178
-0.0398986705038
-0.044808594749
-0.0493568811363
-0.0535015212291
-0.0572098298805
-0.0604586046285
-0.0632338648683
-0.065530242415
-0.0673501099454
-0.0687025376827
-0.0696021635071
-0.0700680501783
-0.0701225882723
-0.0697904872839
-0.0690978821438
-0.0680715693302
-0.066738376269
-0.0651246598749
-0.0632559246893
-0.0611565477661
-0.058849595846
-0.056356720023
-0.0536981136675
-0.0508925205213
-0.0479572813574
-0.0449084092178
-0.0417606848711
-0.0385277656728
-0.0352223024176
-0.0318560600109
-0.0284400388434
-0.0249845946468
-0.021499555329
-0.0179943338633
-0.0144780367578
-0.0109595679589
-0.00744772828145
-0.00395131060603
-0.000479191167545
0.00257996867404
0.00583549504346
0.00903871232653
0.0121793135815
0.0152465481291
0.018229160434
0.0211153339933
0.0238926413166
0.0265480014251
0.0290676466873
0.0314371012359
0.0336411736743
0.0356639672663
0.0374889113039
0.0390988178295
0.0404759683398
0.041602235461
0.0424592448168
0.0430285823514
0.0432920521275
0.0432319890207
0.0428316296629
0.0420755433442
0.0409501222683
0.0394441274646
0.0375492827485
0.0352609043683
0.032578548468
0.0295066524099
0.0260551396749
0.0222399519927
0.0180834672514
0.0136147584756
0.00886964883321
0.00389052131868
-0.00127414961121
-0.00657056295953
-0.0119406512014
-0.0173234093289
-0.0226564405682
-0.0278776415017
-0.032926928572
-0.0377478968787
-0.0422893061004
-0.046506304651
-0.0503613271038
-0.0538246302
-0.0568744664406
-0.0594969240701
-0.0616854837455
-0.0634403550086
-0.0647676604628
-0.0656785335008
-0.0661881883298
-0.0663150107872
-0.0660797068283
-0.0655045341066
-0.0646126317548
-0.0634274548366
-0.0619723131638
-0.0602700092231
-0.0583425666534
-0.0562110387984
-0.053895386046
-0.0514144106689
-0.0487857384679
-0.0460258374646
-0.0431500650392
-0.0401727361366
-0.0371072063758
-0.0339659650431
-0.0307607339856
-0.0275025693287
-0.0242019637242
-0.0208689474836
-0.0175131874766
-0.0141440830933
-0.010770858885
-0.00740265372236
-0.00404860646709
-0.000717938231836
0.00221693461709
0.00534193342718
0.00841479641177
0.0114250256512
0.0143617240159
0.0172135441528
0.0199686432052
0.0226146444278
0.0251386071697
0.0275270070297
0.0297657283515
0.0318400716076
0.033734778603
0.0354340788076
0.0369217604625
0.0381812703843
0.039195846564
0.0399486876801
0.0404231634678
0.0406030694307
0.040472928591
0.0400183417648
0.0392263861456
0.038086059732
0.0365887662841
0.0347288320461
0.0325040414678
0.029916174714
0.0269715250825
0.0236813698725
0.0200623642036
0.0161368243484
0.0119328659675
0.00748436397663
0.00283070531434
-0.0019836858876
-0.00691005906714
-0.0118962764273
-0.0168879546264
-0.0218297639802
-0.026666822822
-0.0313461112653
-0.0358178223156
-0.0400365716067
-0.0439623989167
-0.0475615125297
-0.0508067497569
-0.0536777510105
-0.0561608666393
-0.0582488324003
-0.0599402601398
-0.0612389951229
-0.0621533911656
-0.0626955504612
-0.0628805680382
-0.0627258124503
-0.0622502656726
-0.0614739371081
-0.0604173595718
-0.0591011693734
-0.0575457682213
-0.0557710615402
-0.0537962657877
-0.0516397762763
-0.0493190866522
-0.0468507513667
-0.0442503830276
-0.0415326772962
-0.0387114589011
-0.0357997432714
-0.0328098092125
-0.0297532789003
-0.0266412022371
-0.0234841432883
-0.0202922670887
-0.0170754255788
-0.0138432418115
-0.0106051918642
-0.00737068410024
-0.00414913557464
-0.000950045458847
0.00187341892077
0.00487822172644
0.00783121462197
0.0107217600678
0.0135388629788
0.0162711291039
0.0189067296849
0.0214333736038
0.0238382884942
0.0261082125778
0.0282293992817
0.0301876369997
0.0319682866489
0.0335563399408
0.0349365014965
0.0360932980739
0.0370112181911
0.0376748852937
0.038069267276
0.038179924565
0.0379932980759
0.0374970370779
0.0366803653339
0.0355344817689
0.0340529893638
0.0322323430005
0.0300723036735
0.0275763829726
0.0247522582345
0.0216121355585
0.0181730353411
0.0144569735641
0.0104910122386
0.00630715467257
0.00194206599592
-0.00256339313468
-0.00716482151897
-0.011815110434
-0.0164654301412
-0.02106633147
-0.0255689119255
-0.0299259870253
-0.0340932040656
-0.0380300385218
-0.0417006222791
-0.0450743663947
-0.0481263576284
-0.0508375256203
-0.0531945938402
-0.0551898403517
-0.0568207032202
-0.0580892699245
-0.0590016908017
-0.0595675540887
-0.0597992554238
-0.0597113886714
-0.0593201784399
-0.0586429683635
-0.0576977735263
-0.0565029005906
-0.0550766353617
-0.0534369946515
-0.0516015373404
-0.0495872283362
-0.047410348554
-0.045086443956
-0.0426303069535
-0.0400559839707
-0.0373768036159
-0.0346054206134
-0.0317538713732
-0.0288336377719
-0.0258557163573
-0.0228306907646
-0.0197688056271
-0.0166800406802
-0.0135741840951
-0.0104609043489
-0.00734982012804
-0.00425056790108
-0.00117286687621
0.00155216473334
0.00444730798756
0.00729107958424
0.0100727446616
0.0127812491794
0.0154051868966
0.0179327730228
0.0203518257726
0.0226497572772
0.0248135755424
0.026829899383
0.0286849884959
0.0303647910439
0.0318550112923
0.0331411999467
0.0342088698633
0.0350436396956
0.0356314077885
0.0359585581748
0.0360121998453
0.0357804395011
0.0352526867329
0.0344199889726
0.0332753916331
0.0318143165991
0.0300349497155
0.0279386252259
0.0255301923851
0.0228183469075
0.019815907757
0.0165400183477
0.0130122508367
0.00925859319714
0.00530930146979
0.00119860424502
-0.00303574694329
-0.00735307913769
-0.0117105393128
-0.0160639529378
-0.0203687669718
-0.0245810359819
-0.0286584043529
-0.0325610357295
-0.0362524435873
-0.0397001838372
-0.0428763806891
-0.0457580694854
-0.0483273534166
-0.0505713833352
-0.0524821799583
-0.0540563249051
-0.0552945510619
-0.0562012638861
-0.0567840239259
-0.0570530176619
-0.0570205394333
-0.0567005023123
-0.0561079908655
-0.0552588641475
-0.0541694132639
-0.0528560745391
-0.0513351967629
-0.0496228591295
-0.0477347352654
-0.0456859980426
-0.043491259617
-0.0411645411888
-0.0387192672714
-0.0361682797011
-0.0335238671447
-0.0307978064249
-0.0280014125459
-0.0251455948266
-0.0222409170358
-0.019297659847
-0.0163258842916
-0.0133354951893
-0.0103363037727
-0.00733808889555
-0.00435065634173
-0.00138389582187
0.00125570020235
0.00405187852259
0.00679719747086
0.0094808587857
0.0120917797947
0.0146185681417
0.0170495034602
0.0193725272184
0.0215752421521
0.0236449228908
0.0255685395695
0.0273327963904
0.0289241872367
0.0303290705289
0.0315337655369
0.0325246722873
0.0332884170087
0.0338120247139
0.0340831199909
0.0340901563369
0.0338226733948
0.0332715802238
0.0324294612463
0.0312908997716
0.0298528120429
0.0281147826462
0.0260793899543
0.0237525082
0.021143570947
0.018265779369
0.0151362380984
0.0117760017128
0.00821001642355
0.00446694440636
0.000578862576327
-0.00341916659828
-0.00748964760504
-0.0115933152108
-0.0156898880205
-0.0197388842023
-0.0237004652793
-0.0275362701444
-0.0312102006614
-0.0346891227423
-0.0379434523943
-0.0409476042599
-0.0436802897682
-0.0461246621005
-0.0482683146512
-0.0501031475954
-0.051625123005
-0.0528339324711
-0.0537326024927
-0.054327062241
-0.0546256961748
-0.0546389008129
-0.0543786612488
-0.0538581591224
-0.0530914200524
-0.0520930052019
-0.050877748826
-0.0494605413844
-0.0478561560932
-0.0460791156007
-0.0441435947261
-0.0420633548298
-0.039851705307
-0.0375214878325
-0.0350850792755
-0.0325544095876
-0.0299409913975
-0.027255958496
-0.0245101108229
-0.0217139639767
-0.0188778016248
-0.0160117295061
-0.0131257299767
-0.0102297162593
-0.00733358571258
-0.00444727154597
-0.00158079247075
0.000986323273745
0.00369435049212
0.00635206894319
0.00894864327374
0.011472984694
0.0139137325775
0.0162592431804
0.0184975866918
0.0206165539767
0.0226036745308
0.024446247303
0.026131386157
0.0276460818269
0.0289772822389
0.0301119930252
0.0310373999097
0.0317410143807
0.0322108436571
0.0324355853845
0.0324048467362
0.0321093866307
0.0315413786115
0.03069469056
0.0295651758619
0.0281509689645
0.0264527765073
0.0244741534933
0.0222217524038
0.019705531911
0.0169389110783
0.0139388548418
0.01072587733
0.00732395133839
0.00376031515129
6.51719086054e-05
-0.00372871825212
-0.00758654718954
-0.0114720564992
-0.0153482053757
-0.0191778843872
-0.0229246466633
-0.0265534255696
-0.0300312077927
-0.0333276330727
-0.0364154964088
-0.0392711349408
-0.0418746892301
-0.0442102365311
-0.0462658010778
-0.0480332527323
-0.0495081101122
-0.050689267342
-0.0515786648888
-0.0521809247155
-0.0525029685368
-0.0525536356265
-0.0523433137692
-0.0518835938804
-0.051186955805
-0.0502664900283
-0.0491356576213
-0.0478080887504
-0.0462974185348
-0.0446171579055
-0.0427805963677
-0.0408007331371
-0.0386902329546
-0.0364614029093
-0.0341261867795
-0.0316961736719
-0.0291826180671
-0.0265964687357
-0.0239484043385
-0.0212488738624
-0.0185081403483
-0.0157363266318
-0.0129434620454
-0.0101395292108
-0.00733451018774
-0.00453843133938
-0.00176140633557
0.000746090499124
0.00337686787334
0.00595789275151
0.00847831219316
0.010927046895
0.0132927787745
0.0155639457738
0.0177287450671
0.0197751459819
0.021690914061
0.0234636477921
0.0250808296044
0.0265298927572
0.0277983057184
0.0288736755217
0.0297438713928
0.0303971696187
0.0308224201864
0.0310092351171
0.0309481976602
0.0306310905774
0.0300511406451
0.029203275251
0.0280843855814
0.0266935894512
0.0250324853786
0.0231053881507
0.0209195349742
0.0184852504998
0.0158160586729
0.0129287296585
0.00984325113445
0.00658271513614
0.0031731144178
-0.000356954056953
-0.0039766765052
-0.0076534936986
-0.0113536443239
-0.015042763452
-0.018686515025
-0.0222512341919
-0.0257045537859
-0.0290159894811
-0.0321574602951
-0.0351037249466
-0.0378327197544
-0.0403257897962
-0.0425678113159
-0.0445472093181
-0.046255879405
-0.0476890268491
-0.0488449385002
-0.0497247043742
-0.0503319057906
-0.0506722859382
-0.0507534169957
-0.0505843757073
-0.0501754368545
-0.0495377915882
-0.0486832952583
-0.0476242473088
-0.0463732040588
-0.0449428237964
-0.0433457425576
-0.0415944782295
-0.0397013601588
-0.0376784812207
-0.0355376692576
-0.0332904748905
-0.0309481728923
-0.0285217745609
-0.0260220488076
-0.023459549963
-0.0208446505814
-0.018187577782
-0.0154984518902
-0.0127873263396
-0.0100642279492
-0.0073391968115
-0.00462232510732
-0.00192379421651
0.000536809217509
0.00310130010678
0.00561657122413
0.00807176558376
0.0104558229672
0.0127574726033
0.0149652331149
0.017067420886
0.0190521681045
0.0209074518242
0.0226211354542
0.0241810241202
0.0255749353289
0.0267907862917
0.0278166991166
0.0286411248359
0.0292529868817
0.0296418441533
0.0297980732017
0.029713068308
0.0293794573315
0.0287913301712
0.0279444755391
0.0268366205228
0.0254676661669
0.0238399111061
0.0219582542128
0.0198303663956
0.0174668212041
0.0148811738774
0.0120899790304
0.00911273839626
0.00597177196819
0.00269200854418
-0.000699305009551
-0.00417297262489
-0.00769828871788
-0.0112435371943
-0.0147765343904
-0.0182651973355
-0.0216781164928
-0.0249851111972
-0.0281577464966
-0.0311697920789
-0.0339976072504
-0.0366204402489
-0.0390206351236
-0.0411837445389
-0.0430985517252
-0.0447570090192
-0.0461541037357
-0.0472876643567
-0.0481581211851
-0.0487682357623
-0.0491228126676
-0.049228405972
-0.0490930308531
-0.0487258888631
-0.0481371132902
-0.0473375390699
-0.0463384999174
-0.0451516538138
-0.0437888367168
-0.0422619433974
-0.0405828335955
-0.0387632612243
-0.0368148240953
-0.034748931537
-0.0325767873158
-0.03030938539
-0.0279575162144
-0.0255317815309
-0.0230426158157
-0.0205003127824
-0.0179150555619
-0.0152969493693
-0.0126560556357
-0.0100024267229
-0.00734614043409
-0.00469733361219
-0.00206623415445
0.000360032460363
0.00286924271946
0.00532971690423
0.00773060241938
0.0100608626253
0.0123092737356
0.0144644289922
0.0165147512425
0.0184485151228
0.0202538801154
0.0219189357879
0.0234317605246
0.024780495018
0.0259534316796
0.0269391209471
0.027726495196
0.0283050105825
0.0286648066588
0.0287968829838
0.0286932912135
0.0283473402953
0.0277538114184
0.0269091783266
0.0258118275045
0.024462271669
0.0228633489979
0.0210203996849
0.0189414108262
0.0166371204067
0.0141210713597
0.0114096074083
0.00852180371705
0.00547932731164
0.00230622474151
-0.000971362506523
-0.00432555093721
-0.00772712882912
-0.0111460198697
-0.0145517824865
-0.0179141281869
-0.0212034405864
-0.0243912762633
-0.0274508292265
-0.03035734262
-0.033088454172
-0.0356244655834
-0.0379485302286
-0.0400467578409
-0.0419082389331
-0.0435249952686
-0.0448918655054
-0.0460063370989
-0.0468683366063
-0.0474799907678
-0.0478453702479
-0.0479702268677
-0.0478617337107
-0.0475282358123
-0.046979017395
-0.0462240899039
-0.0452740035336
-0.0441396835643
-0.0428322916844
-0.0413631115771
-0.0397434573768
-0.0379846031398
-0.0360977311996
-0.0340938971449
-0.0319840091523
-0.0297788194824
-0.0274889260844
-0.0251247824331
-0.0226967139079
-0.0202149392225
-0.0176895955985
-0.0151307665369
-0.0125485111945
-0.00995289448343
-0.00735401710243
-0.00476204477208
-0.00218723597904
0.00021705594512
0.00268201925433
0.00509865964198
0.00745613309396
0.00974342682772
0.0119493595407
0.0140625889274
0.0160716275633
0.0179648683132
0.0197306204713
0.0213571578566
0.022832780065
0.0241458880163
0.0252850747969
0.0262392325954
0.0269976762367
0.0275502834233
0.0278876512964
0.0280012683143
0.0278836997239
0.0275287840701
0.0269318372772
0.0260898598624
0.0250017418556
0.0236684590473
0.0220932533385
0.0202817892985
0.0182422786262
0.0159855641524
0.0135251553796
0.0108772084057
0.00806044445488
0.00509600313903
0.00200722897306
-0.00118060753302
-0.00444064981753
-0.00774484870516
-0.0110643987831
-0.0143702045211
-0.0176333609026
-0.0208256321083
-0.0239199115224
-0.0268906470722
-0.0297142176454
-0.0323692489217
-0.0348368601978
-0.0371008374154
-0.0391477313166
-0.0409668831731
-0.0425503836208
-0.0438929725837
-0.0449918900097
-0.0458466881151
-0.0464590160974
-0.0468323879144
-0.0469719428666
-0.046884207503
-0.0465768659354
-0.046058544127
-0.045338612216
-0.0444270075422
-0.0433340797997
-0.0420704586968
-0.0406469436646
-0.0390744145139
-0.0373637614947
-0.0355258329222
-0.0335713983881
-0.0315111255348
-0.0293555684196
-0.0271151655941
-0.02480024617
-0.0224210422999
-0.0199877066666
-0.0175103337387
-0.0149989836874
-0.0124637079946
-0.00991457587933
-0.00736170075027
-0.00481526594454
-0.0022855490432
0.000108916566127
0.0025406838926
0.00492445351725
0.00724939081224
0.00950450378586
0.0116786458293
0.0137605257153
0.0157387259233
0.0176017304161
0.0193379630244
0.0209358375996
0.0223838210549
0.0236705103337
0.0247847241898
0.0257156104445
0.0264527690752
0.0269863910898
0.0273074126349
0.0274076831768
0.0272801458858
0.026919027553
0.0263200344975
0.0254805500115
0.0243998279797
0.0230791764538
0.0215221242267
0.0197345629016
0.0177248566693
0.0155039120679
0.0130852004603
0.0104847268887
0.0077209403688
0.00481458255673
0.00178847402233
-0.00133276000846
-0.00452301975917
-0.00775510932395
-0.0110011532004
-0.0142330384485
-0.0174228682845
-0.02054341196
-0.0235685356857
-0.0264736001496
-0.0292358118394
-0.0318345177692
-0.034251436146
-0.0364708187753
-0.0384795443158
-0.0402671446388
-0.0418257692995
-0.0431500953327
-0.0442371911591
-0.0450863442978
-0.0456988628545
-0.0460778604746
-0.0462280337147
-0.0461554397262
-0.0458672808713
-0.0453717015327
-0.0446776010179
-0.0437944651851
-0.042732218273
-0.0415010954435
-0.0401115357543
-0.0385740946671
-0.0368993747562
-0.0350979729965
-0.0331804428446
-0.0311572692749
-0.0290388549522
-0.0268355158034
-0.0245574843691
-0.0222149194506
-0.0198179207163
-0.0173765470709
-0.0149008377185
-0.0124008349681
-0.0098866079181
-0.00736827622946
-0.00485603324026
-0.00236016770453
3.63918590934e-05
0.0024460242316
0.00480788305299
0.00711114135535
0.00934482238187
0.0114978039918
0.0135588303003
0.0155165316137
0.0173594537589
0.019076097933
0.0206549721858
0.0220846556068
0.0233538761832
0.0244516031421
0.0253671543497
0.0260903190295
0.0266114956481
0.0269218443134
0.0270134524241
0.0268795116084
0.0265145032124
0.025914388753
0.0250768008813
0.0240012295441
0.0226891972374
0.0211444165793
0.0193729229629
0.0173831748428
0.0151861143473
0.0127951814311
0.01022627575
0.00749766185351
0.00462981513787
0.00164520823389
-0.00143195998133
-0.00457608789729
-0.00776053970102
-0.0109580489654
-0.0141411452745
-0.0172825903647
-0.020355809468
-0.023335303556
-0.0261970290055
-0.0289187328168
-0.0314802337751
-0.0338636426979
-0.0360535179353
-0.0380369553628
-0.0398036150062
-0.0413456889856
-0.0426578175132
-0.0437369611453
-0.0445822383554
-0.0451947377691
-0.0455773141696
-0.0457343767254
-0.0456716769216
-0.045396102512
-0.0449154825459
-0.0442384072564
-0.0433740654031
-0.0423321005777
-0.0411224870585
-0.0397554250376
-0.0382412544529
-0.0365903862271
-0.0348132494257
-0.0329202526767
-0.0309217581319
-0.0288280662537
-0.0266494097795
-0.0243959553173
-0.0220778111486
-0.0197050399458
-0.017287675244
-0.0148357406194
-0.0123592706383
-0.00986833272166
-0.00737304913296
-0.00488361834459
-0.0024103350566
7.43580670261e-14
0.00239856377235
0.00474946827466
0.0070418907896
0.00926486258902
0.0114072741658
0.013457887691
0.0154053577476
0.0172382614299
0.0189451389146
0.0205145455974
0.0219351168372
0.0231956462428
0.0242851782766
0.025193115704
0.0259093421044
0.0264243592395
0.0267294385762
0.0268167856494
0.0266797152634
0.0263128347572
0.0257122317286
0.0248756617684
0.0238027309158
0.0224950667897
0.0209564717176
0.0191930507515
0.0172133072989
0.0150281992631
0.0126511491474
0.0100980025566
0.00738693095177
0.00453827634809
0.00157433783871
-0.00148089771137
-0.00460207587402
-0.00776283828126
-0.0109362198262
-0.0140950676515
-0.0172124687322
-0.0202621721459
-0.0232189921831
-0.0260591792907
-0.0287607474184
-0.0313037485467
-0.0336704878264
-0.0358456756801
-0.0378165161657
-0.0395727336902
-0.0411065426082
-0.0424125662104
-0.0434877130226
-0.0443310191767
-0.0449434658907
-0.0453277808842
-0.0454882319333
-0.0454304198467
-0.0451610770249
-0.0446878765566
-0.0440192555773
-0.0431642554643
-0.0421323803868
-0.0409334748323
-0.0395776199827
-0.0380750482362
-0.0364360747382
-0.0346710445035
-0.0327902935325
-0.0308041222597
-0.0287227796701
-0.0265564564795
-0.024315285868
-0.0220093503741
-0.0196486936788
-0.0172433361349
-0.0148032930105
-0.0123385945127
-0.00985930674366
-0.0073755527981
-0.00489753325491
-0.00243554533624
)
;

boundaryField
{
    left
    {
        type            cyclic;
    }
    right
    {
        type            cyclic;
    }
    bottom
    {
        type            cyclic;
    }
    top
    {
        type            cyclic;
    }
    frontAndBack
    {
        type            empty;
    }
}


// ************************************************************************* //
