/*--------------------------------*- C++ -*----------------------------------*\
| =========                 |                                                 |
| \\      /  F ield         | OpenFOAM: The Open Source CFD Toolbox           |
|  \\    /   O peration     | Version:  v2106                                 |
|   \\  /    A nd           | Website:  www.openfoam.com                      |
|    \\/     M anipulation  |                                                 |
\*---------------------------------------------------------------------------*/
FoamFile
{
    version     2.0;
    format      ascii;
    arch        "LSB;label=32;scalar=64";
    class       surfaceScalarField;
    location    "5";
    object      phi;
}
// * * * * * * * * * * * * * * * * * * * * * * * * * * * * * * * * * * * * * //

dimensions      [0 3 -1 0 0 0 0];

oriented        oriented;

internalField   nonuniform List<scalar> 
12960
(
-0.000527975238919
-1.81318523385e-06
-0.000526726096681
-1.24914223844e-06
-0.000526057322695
-6.68773986111e-07
-0.000525980435186
-7.68875084537e-08
-0.000526501995555
5.21560368233e-07
-0.000527623507419
1.12151186478e-06
-0.000529341363325
1.71785590539e-06
-0.000531646837962
2.30547463689e-06
-0.000534526126918
2.87928895679e-06
-0.000537960430181
3.43430326278e-06
-0.000541926079848
3.96564966702e-06
-0.000546394711765
4.46863191713e-06
-0.000551333481008
4.93876924251e-06
-0.00055670532127
5.37184026243e-06
-0.000562469248288
5.76392701852e-06
-0.000568580707356
6.11145906788e-06
-0.000574991964762
6.41125740562e-06
-0.000581652542621
6.66057785914e-06
-0.000588509695978
6.85715335725e-06
-0.000595508930299
6.99923432108e-06
-0.000602594556503
7.08562620405e-06
-0.000609710279496
7.11572299248e-06
-0.000616799814821
7.08953532573e-06
-0.000623807526546
7.00771172525e-06
-0.000630679077842
6.87155129545e-06
-0.000637362084082
6.68300624027e-06
-0.000643806756633
6.44467255084e-06
-0.000649966523959
6.15976732641e-06
-0.000655798615413
5.83209145339e-06
-0.000661264592116
5.4659767035e-06
-0.000666330808899
5.06621678262e-06
-0.000670968791397
4.63798249805e-06
-0.000675155513319
4.18672192266e-06
-0.000678873560566
3.71804724664e-06
-0.000682111171477
3.23761091124e-06
-0.000684862145973
2.75097449651e-06
-0.000687125620647
2.26347467393e-06
-0.000688905711923
1.78009127533e-06
-0.000690211034971
1.30532304817e-06
-0.000691054111899
8.43076928104e-07
-0.000691450688498
3.96576599312e-07
-0.000691418984152
-3.17043462724e-08
-0.000690978903963
-4.40080188979e-07
-0.000690151245386
-8.27658576317e-07
-0.000688956933296
-1.19431209049e-06
-0.000687416317223
-1.54061607211e-06
-0.00068554856238
-1.86775484329e-06
-0.000683371161976
-2.17740040385e-06
-0.000680899592538
-2.47156943766e-06
-0.000678147126645
-2.75246589299e-06
-0.000675124809285
-3.0223173601e-06
-0.000671841595391
-3.28321389376e-06
-0.000668304637642
-3.53695774952e-06
-0.000664519705902
-3.78493173968e-06
-0.000660491713235
-4.027992667e-06
-0.000656225318601
-4.26639463341e-06
-0.000651725573494
-4.49974510681e-06
-0.000646998578841
-4.72699465313e-06
-0.000642052119531
-4.94645931018e-06
-0.00063689624668
-5.15587285112e-06
-0.000631543781878
-5.35246480113e-06
-0.000626010722836
-5.53305904241e-06
-0.000620316535614
-5.69418722199e-06
-0.000614484324616
-5.83221099744e-06
-0.000608540877305
-5.94344731106e-06
-0.000602516585964
-6.02429134105e-06
-0.000596445253456
-6.07133250761e-06
-0.000590363793698
-6.08145975828e-06
-0.000584311840426
-6.05195327154e-06
-0.000578331279722
-5.98056070388e-06
-0.000572465722779
-5.86555694356e-06
-0.000566759935599
-5.70578717926e-06
-0.000561259241846
-5.50069375318e-06
-0.000556008914047
-5.25032779956e-06
-0.000551053566948
-4.95534709806e-06
-0.000546436565125
-4.61700182387e-06
-0.000542199455116
-4.2371100091e-06
-0.000538381430527
-3.81802458852e-06
-0.000535018836693
-3.36259383459e-06
-0.000532144719836
-2.87411685656e-06
-2.35629568372e-06
-0.000524755694163
-3.60271958349e-06
-0.000523524371932
-2.48046446924e-06
-0.000522867676518
-1.32546940063e-06
-0.000522797217441
-1.47346584637e-07
-0.000523319648453
1.04399138012e-06
-0.000524436565985
2.23842939605e-06
-0.000526144455388
3.42574530865e-06
-0.000528434683764
4.59570301268e-06
-0.00053129353834
5.7381435328e-06
-0.0005347023096
6.84307452269e-06
-0.000538637418622
7.90075868892e-06
-0.000543070588347
8.90180164259e-06
-0.00054796905874
9.83723963513e-06
-0.000553295845947
1.06986274696e-05
-0.000559010045658
1.14781267301e-05
-0.000565067180809
1.21685942184e-05
-0.000571419593552
1.27636701485e-05
-0.000578016881087
1.32578653948e-05
-0.000584806374339
1.36466466085e-05
-0.000591733657713
1.39265176951e-05
-0.000598743127213
1.40950957039e-05
-0.000605778582959
1.41511787388e-05
-0.000612783850817
1.40948031835e-05
-0.000619703426277
1.39272871857e-05
-0.000626483132058
1.36512570766e-05
-0.000633070779172
1.32706533543e-05
-0.000639416819487
1.27907128655e-05
-0.000645474976186
1.22179240254e-05
-0.000651202837164
1.15599524315e-05
-0.000656562395353
1.08255348925e-05
-0.000661520519411
1.00243408401e-05
-0.000666049338286
9.16680137346e-06
-0.000670126523986
8.26390762303e-06
-0.000673735458523
7.32698178275e-06
-0.000676865273612
6.36742600107e-06
-0.000679510755249
5.39645613258e-06
-0.000681672109661
4.42482908658e-06
-0.000683354592439
3.46257405363e-06
-0.00068456800838
2.51873898888e-06
-0.000685326095759
1.60116430705e-06
-0.000685645814819
7.16295659348e-07
-0.000685546565926
-1.30953239776e-07
-0.000685049367634
-9.37278480704e-07
-0.000684176028424
-1.70099778672e-06
-0.000682948347705
-2.421992809e-06
-0.000681387381623
-3.10158215452e-06
-0.000679512807007
-3.74232945931e-06
-0.000677342412593
-4.34779481767e-06
-0.000674891740494
-4.92224153654e-06
-0.000672173893236
-5.47031315055e-06
-0.000669199512965
-5.99669763141e-06
-0.000665976930247
-6.50579661206e-06
-0.000662512470919
-7.00141707709e-06
-0.000658810901268
-7.48650139065e-06
-0.000654875984995
-7.9629089407e-06
-0.000650711120393
-8.43125923479e-06
-0.000646320023183
-8.8908423174e-06
-0.000641707419545
-9.33959829103e-06
-0.000636879715113
-9.77416374155e-06
-0.00063184560865
-1.0189979314e-05
-0.0006266166236
-1.05814498515e-05
-0.000621207536223
-1.09421464199e-05
-0.000615636685144
-1.12650383008e-05
-0.000609926153442
-1.15427426992e-05
-0.000604101820482
-1.17677802715e-05
-0.000598193286271
-1.19328255515e-05
-0.000592233675901
-1.20309428774e-05
-0.000586259335485
-1.20558001747e-05
-0.000580309433917
-1.20018548399e-05
-0.00057442548663
-1.18645079906e-05
-0.000568650818515
-1.16402250581e-05
-0.000563029983274
-1.13266224209e-05
-0.000557608155917
-1.09225211098e-05
-0.000552430514025
-1.04279696918e-05
-0.000547541621833
-9.84423928966e-06
-0.00054298482946
-9.17379419727e-06
-0.000538801697665
-8.42024180359e-06
-0.000535031456612
-7.588265642e-06
-0.000531710505213
-6.68354523308e-06
-0.000528871955956
-5.71266611416e-06
-4.68302312684e-06
-0.000518335733322
-5.34515336594e-06
-0.000517139896226
-3.67630156559e-06
-0.000516507250029
-1.95811559675e-06
-0.000516449587144
-2.05009470221e-07
-0.000516973746054
1.56815029022e-06
-0.000518081508653
3.34619199513e-06
-0.000519769545606
5.11378226157e-06
-0.00052202940842
6.85556582631e-06
-0.000524847567099
8.55630221215e-06
-0.000528205492537
1.02009999609e-05
-0.00053207978309
1.17750492415e-05
-0.000536442335083
1.32643536355e-05
-0.000541260557281
1.46554618332e-05
-0.000546497629535
1.59356997234e-05
-0.000552112805939
1.70933031344e-05
-0.000558061762822
1.81175511014e-05
-0.000564296991695
1.89988990215e-05
-0.000570768236969
1.97291106691e-05
-0.000577422977669
2.03013873088e-05
-0.000584206951629
2.07104916544e-05
-0.00059106471966
2.09528637351e-05
-0.000597940265972
2.1026725051e-05
-0.000604777629689
2.09321669004e-05
-0.000611521560709
2.06712182054e-05
-0.000618118191368
2.02478877364e-05
-0.000624515713533
1.96681755192e-05
-0.000630665048863
1.89400481952e-05
-0.000636520498214
1.80733733764e-05
-0.000642040354569
1.70798087865e-05
-0.000647187462649
1.59726429729e-05
-0.000651929707599
1.476658579e-05
-0.000656240415029
1.34775088029e-05
-0.000660098645375
1.21221379697e-05
-0.000663489367113
1.07177035209e-05
-0.000666403495941
9.28155482907e-06
-0.00066883779071
7.83075090152e-06
-0.000670794601511
6.38163988759e-06
-0.000672281470922
4.94944346457e-06
-0.000673310595709
3.54786377525e-06
-0.000673898162993
2.18873159113e-06
-0.000674063581682
8.81714348906e-07
-0.000673828636319
-3.65898603525e-07
-0.000673216595986
-1.54931881292e-06
-0.000672251315037
-2.66627873609e-06
-0.000670956364665
-3.71694318057e-06
-0.00066935423452
-4.70371229953e-06
-0.000667465641313
-5.63092266667e-06
-0.000665308976824
-6.50445930719e-06
-0.000662899920969
-7.33129739094e-06
-0.000660251237085
-8.11899703471e-06
-0.000657372756852
-8.87517786477e-06
-0.000654271552046
-9.60700141787e-06
-0.000650952280243
-1.03206888795e-05
-0.000647417682491
-1.10210991428e-05
-0.000643669203395
-1.1711388037e-05
-0.000639707698541
-1.23927640886e-05
-0.000635534190978
-1.30643498808e-05
-0.000631150637676
-1.37231515927e-05
-0.000626560668399
-1.43641330186e-05
-0.000621770262923
-1.49803847899e-05
-0.000616788337669
-1.55633751059e-05
-0.000611627219021
-1.61032650673e-05
-0.000606302987477
-1.65892698454e-05
-0.000600835683689
-1.7010046487e-05
-0.00059524937415
-1.73540898102e-05
-0.000589572080239
-1.76101194629e-05
-0.00058383557946
-1.77674436562e-05
-0.000578075091749
-1.78162878863e-05
-0.000572328866656
-1.77480799323e-05
-0.000566637689077
-1.75556855697e-05
-0.000561044322027
-1.7233592108e-05
-0.000555592904948
-1.67780394999e-05
-0.00055032832524
-1.61871008178e-05
-0.000545295579418
-1.54607155135e-05
-0.000540539138549
-1.46006801589e-05
-0.000536102330655
-1.36106020913e-05
-0.00053202675071
-1.24958217488e-05
-0.000528351706755
-1.12633095968e-05
-0.000525113708695
-9.92154329281e-06
-0.000522346004522
-8.48037028716e-06
-6.9508605448e-06
-0.000508753553361
-7.01744442963e-06
-0.000507610552414
-4.81930251227e-06
-0.00050701370654
-2.55496147026e-06
-0.000506975083118
-2.43632892926e-07
-0.000507501797737
2.09486490908e-06
-0.000508595910018
4.44030427697e-06
-0.000510254367792
6.77224003551e-06
-0.000512468998121
9.07019615481e-06
-0.000515226543921
1.13138480121e-05
-0.000518508745255
1.34832012954e-05
-0.000522292464731
1.55587687171e-05
-0.000526549856795
1.75217456993e-05
-0.000531248581058
1.93541860965e-05
-0.000536352060023
2.10391786883e-05
-0.000541819781758
2.25610248692e-05
-0.000547607648101
2.39054174445e-05
-0.000553668368831
2.50596197513e-05
-0.00055995190195
2.60126437878e-05
-0.000566405939681
2.67554250398e-05
-0.000572976439039
2.72809910129e-05
-0.00057960819484
2.75846195361e-05
-0.000586245451742
2.7663981953e-05
-0.000592832550449
2.75192656075e-05
-0.000599314601477
2.71532692336e-05
-0.000605638177969
2.6571464228e-05
-0.000611752017019
2.57820145695e-05
-0.000617607716881
2.47957480572e-05
-0.000623160415357
2.36260718521e-05
-0.000628369432823
2.22888262528e-05
-0.000633198861783
2.08020719326e-05
-0.000637618083753
1.91858077605e-05
-0.000641602193913
1.74616189621e-05
-0.000645132314354
1.56522584113e-05
-0.000648195778232
1.37811673987e-05
-0.000650786169651
1.18719462482e-05
-0.000652903207938
9.94778918862e-06
-0.000654552469904
8.03090185306e-06
-0.000655744949829
6.14192338963e-06
-0.00065649646394
4.2993778868e-06
-0.00065682691378
2.51918143092e-06
-0.000656759430709
8.14231277836e-07
-0.000656319431281
-8.0589803134e-07
-0.000655533619803
-2.33513029098e-06
-0.000654428979464
-3.7709190752e-06
-0.000653031796434
-5.1141262104e-06
-0.00065136676184
-6.36874689353e-06
-0.000649456194268
-7.54149023935e-06
-0.000647319420378
-8.64123319728e-06
-0.000644972343545
-9.67837422374e-06
-0.000642427220589
-1.06641199907e-05
-0.00063969265536
-1.16097430932e-05
-0.000636773805967
-1.25258508117e-05
-0.000633672790681
-1.34217041646e-05
-0.000630389266981
-1.4304622843e-05
-0.000626921149391
-1.51795056268e-05
-0.000623265425544
-1.60484879364e-05
-0.000619419026335
-1.69107490896e-05
-0.000615379705423
-1.77624725042e-05
-0.000611146885333
-1.85969531093e-05
-0.000606722431802
-1.94048383202e-05
-0.000602111324179
-2.01744827294e-05
-0.000597322197006
-2.08923922401e-05
-0.00059236773595
-2.15437309015e-05
-0.000587264919166
-2.2112863271e-05
-0.000582035102733
-2.25839062427e-05
-0.000576703955461
-2.29412667356e-05
-0.000571301253909
-2.31701452082e-05
-0.000565860552782
-2.32569890126e-05
-0.000560418748868
-2.3189883847e-05
-0.000555015558439
-2.2958875998e-05
-0.000549692928742
-2.2556221805e-05
-0.000544494403829
-2.19765644135e-05
-0.000539464463957
-2.12170406901e-05
-0.000534647856115
-2.02773233556e-05
-0.000530088931183
-1.91596050901e-05
-0.000525831000977
-1.78685322974e-05
-0.000521915726086
-1.641109664e-05
-0.000518382543133
-1.47964925494e-05
-0.000515268137921
-1.30359485057e-05
-0.000512605968987
-1.11425392206e-05
-9.13098510756e-06
-0.000496066296507
-8.59717448001e-06
-0.000494993000907
-5.89259811279e-06
-0.000494443368103
-3.1045942742e-06
-0.000494429832995
-2.57168000222e-07
-0.000494959880423
2.62491233645e-06
-0.000496035939267
5.51636312152e-06
-0.000497655325291
8.39162605961e-06
-0.000499810230937
1.12251018004e-05
-0.00050248776066
1.39913777352e-05
-0.000505670010776
1.66654514116e-05
-0.000509334193233
1.92229511738e-05
-0.000513452803161
2.1640355627e-05
-0.000517993830466
2.38952134021e-05
-0.000522921016057
2.59663642796e-05
-0.00052819415353
2.78341623421e-05
-0.000533769437252
2.94807011665e-05
-0.0005395998577
3.08900401986e-05
-0.000545635644662
3.20484307507e-05
-0.000551824758429
3.29445388065e-05
-0.000558113428334
3.35696609177e-05
-0.000564446737052
3.39179282539e-05
-0.000570769247719
3.39864926207e-05
-0.000577025669404
3.37756872919e-05
-0.000583161554591
3.3289154421e-05
-0.000589124020273
3.25339299094e-05
-0.000594862481929
3.15204762258e-05
-0.000600329387327
3.02626534549e-05
-0.000605480934612
2.87776191373e-05
-0.000610277756919
2.70856485597e-05
-0.000614685553713
2.52098687268e-05
-0.000618675647556
2.3175901604e-05
-0.000622225444166
2.10114155714e-05
-0.000625318773708
1.87455879538e-05
-0.00062794609247
1.64084861606e-05
-0.000630104526535
1.40303803132e-05
-0.000631797743038
1.16410056918e-05
-0.000633035639956
9.26879877121e-06
-0.000633833852221
6.94013565462e-06
-0.000634213079984
4.67860564973e-06
-0.000634198253781
2.50435522765e-06
-0.000633817560677
4.33538174279e-07
-0.000633101364574
-1.52209413519e-06
-0.000632081062016
-3.35543284851e-06
-0.000630787921353
-5.06405973858e-06
-0.000629251957153
-6.65009040999e-06
-0.000627500892919
-8.11981112734e-06
-0.00062555926284
-9.48312031885e-06
-0.000623447697601
-1.07527984356e-05
-0.000621182430268
-1.19436415575e-05
-0.000618775046511
-1.30715037472e-05
-0.000616232489892
-1.41522997126e-05
-0.000613557318413
-1.52010222905e-05
-0.00061074819443
-1.62308281471e-05
-0.000607800577217
-1.7252240056e-05
-0.000604707577075
-1.82725057692e-05
-0.000601460922504
-1.92951425076e-05
-0.000598051988052
-2.03196835415e-05
-0.000594472830036
-2.13416305198e-05
-0.000590717180191
-2.23526029545e-05
-0.000586781352906
-2.33406656055e-05
-0.000582665029398
-2.42908062371e-05
-0.000578371891169
-2.51855304697e-05
-0.000573910084655
-2.60055374147e-05
-0.000569292508426
-2.67304395006e-05
-0.000564536922952
-2.73394917169e-05
-0.000559665890606
-2.78122990808e-05
-0.000554706559665
-2.81294761491e-05
-0.000549690310709
-2.82732379686e-05
-0.000544652286915
-2.82279076417e-05
-0.000539630831321
-2.79803315913e-05
-0.000534666854542
-2.75201985839e-05
-0.00052980315566
-2.68402632958e-05
-0.000525083717527
-2.59364788231e-05
-0.000520552995583
-2.48080452997e-05
-0.000516255216795
-2.34573838776e-05
-0.000512233702667
-2.18900464255e-05
-0.000508530227573
-2.01145717346e-05
-0.000505184421094
-1.81422990278e-05
-0.000502233220661
-1.59871489394e-05
-0.00049971037868
-1.36653812015e-05
-1.11953372297e-05
-0.000480349860596
-1.00627797505e-05
-0.000479362477866
-6.87998084262e-06
-0.000478871003394
-3.596068747e-06
-0.000478888332311
-2.39839082575e-07
-0.000479422410155
3.15899018e-06
-0.000480476125331
6.57007829774e-06
-0.000482047250663
9.9627513919e-06
-0.000484128431929
1.33062830657e-05
-0.000486707221734
1.65701675403e-05
-0.000489766157584
1.97243872616e-05
-0.000493282883533
2.27396771228e-05
-0.000497230315344
2.55877874379e-05
-0.000501576849591
2.82417476495e-05
-0.000506286617564
3.06761322529e-05
-0.000511319785164
3.28673299416e-05
-0.000516632900176
3.47938161789e-05
-0.000522179288319
3.64364283413e-05
-0.000527909499277
3.7778641709e-05
-0.000533771803504
3.88068430327e-05
-0.000539712739861
3.95105972754e-05
-0.000545677713193
3.9882901586e-05
-0.000551611639553
3.99204189805e-05
-0.000557459635188
3.96236829266e-05
-0.000563167743371
3.89972626044e-05
-0.000568683690857
3.80498773953e-05
-0.000573957663161
3.67944485291e-05
-0.000578943085094
3.5248075388e-05
-0.000583597390103
3.34319241465e-05
-0.000587882759144
3.13710176007e-05
-0.000591766807246
2.9093916829e-05
-0.000595223193778
2.66322881359e-05
-0.000598232131013
2.4020352806e-05
-0.000600780765149
2.12942220904e-05
-0.000602863404761
1.84911257729e-05
-0.000604481573981
1.56485495329e-05
-0.000605643871773
1.28033034834e-05
-0.000606365624531
9.99055152943e-06
-0.000606668326931
7.24283805474e-06
-0.000606578875292
4.58915401026e-06
-0.000606128608319
2.05408825483e-06
-0.000605352181428
-3.42888716712e-07
-0.000604286312125
-2.58796343837e-06
-0.000602968444303
-4.67330067014e-06
-0.000601435387785
-6.597116257e-06
-0.000599721995075
-8.36348311911e-06
-0.000597859939307
-9.98186689547e-06
-0.000595876655128
-1.14664044978e-05
-0.000593794497714
-1.28349558499e-05
-0.000591630164292
-1.41079749799e-05
-0.000589394408287
-1.5307259752e-05
-0.000587092059464
-1.64546485353e-05
-0.000584722345568
-1.75707361863e-05
-0.00058227949347
-1.8673680246e-05
-0.000579753572102
-1.97781614235e-05
-0.000577131526784
-2.08945510869e-05
-0.000574398345721
-2.20283235704e-05
-0.000571538295093
-2.31797341705e-05
-0.000568536159131
-2.43437664814e-05
-0.000565378425643
-2.55103364426e-05
-0.000562054364793
-2.66647264549e-05
-0.000558556958793
-2.77882122376e-05
-0.000554883651362
-2.88588379001e-05
-0.000551036897591
-2.98522911861e-05
-0.000547024506131
-3.07428309604e-05
-0.00054285977596
-3.15042218884e-05
-0.000538561438662
-3.21106363786e-05
-0.000534153424087
-3.25374907235e-05
-0.000529664472181
-3.27621898749e-05
-0.000525127616886
-3.27647629372e-05
-0.000520579569363
-3.25283791138e-05
-0.00051606002771
-3.20397402369e-05
-0.000511610939055
-3.12893519513e-05
-0.000507275737777
-3.02716801006e-05
-0.000503098580864
-2.89852022124e-05
-0.000499123598319
-2.74323664233e-05
-0.000495394173348
-2.56194713962e-05
-0.000491952263941
-2.35564811418e-05
-0.000488837774477
-2.12567884919e-05
-0.000486087983372
-1.87369400441e-05
-0.00048373703046
-1.60163341135e-05
-1.31169018231e-05
-0.000461698636371
-1.13937995781e-05
-0.000460812517378
-7.76609983525e-06
-0.000460389537031
-4.01904909386e-06
-0.00046044314283
-1.8623328403e-07
-0.00046098183097
3.69767832026e-06
-0.000462009037589
7.59728491662e-06
-0.000463523079331
1.14767931336e-05
-0.000465517140764
1.53003444989e-05
-0.000467979306729
1.90323335052e-05
-0.000470892638318
2.26377188511e-05
-0.000474235291853
2.60823306576e-05
-0.000477980680866
2.93331764512e-05
-0.000482097681739
3.23587485223e-05
-0.000486550884166
3.51293346799e-05
-0.000491300888085
3.76173338607e-05
-0.000496304649007
3.97975771007e-05
-0.000501515873792
4.16476531267e-05
-0.000506885468853
4.31482367696e-05
-0.000512362042377
4.42834165571e-05
-0.00051789246155
4.50410164483e-05
-0.000523422464747
4.54129047829e-05
-0.000528897327322
4.53952815554e-05
-0.000534262577867
4.49889334712e-05
-0.000539464759663
4.4199444401e-05
-0.000544452229481
4.30373472134e-05
-0.000549175982951
4.15182019987e-05
-0.000553590492507
3.9662584944e-05
-0.000557654540448
3.74959720881e-05
-0.000561332026179
3.50485033312e-05
-0.000564592723348
3.23546139981e-05
-0.000567412959676
2.94525244645e-05
-0.00056977619003
2.63835831596e-05
-0.000571673432136
2.31914641963e-05
-0.000573103534579
1.99212282158e-05
-0.000574073248735
1.6618263689e-05
-0.000574597080389
1.33271351378e-05
-0.000574696903152
1.00903742924e-05
-0.000574401324508
6.94725940991e-06
-0.000573744806244
3.93263574688e-06
-0.00057276655377
1.07583578042e-06
-0.000571509202723
-1.60023976359e-06
-0.000570017345497
-4.07982066426e-06
-0.000568335953627
-6.35469254023e-06
-0.000566508763205
-8.42430667877e-06
-0.000564576698338
-1.0295547986e-05
-0.000562576410982
-1.19821542514e-05
-0.000560539013518
-1.35038019622e-05
-0.000558489072795
-1.48848965732e-05
-0.0005564439213
-1.61531264747e-05
-0.000554413323417
-1.73378576346e-05
-0.000552399513795
-1.84684581575e-05
-0.000550397602394
-1.95726475877e-05
-0.000548396318778
-2.06749638617e-05
-0.000546379048561
-2.17954316402e-05
-0.000544325099184
-2.29485004642e-05
-0.000542211121591
-2.41423011631e-05
-0.000540012609429
-2.53782463327e-05
-0.000537705398051
-2.66509778588e-05
-0.000535267091386
-2.79486431082e-05
-0.000532678354539
-2.9253463302e-05
-0.000529924022726
-3.05425440507e-05
-0.000526993991356
-3.17888692704e-05
-0.000523883866675
-3.29624158663e-05
-0.000520595370191
-3.40313274445e-05
-0.000517136502322
-3.49630897573e-05
-0.000513521480883
-3.5725657818e-05
-0.000509770477713
-3.62884938938e-05
-0.000505909182063
-3.66234855243e-05
-0.000501968222342
-3.67057226587e-05
-0.000497982478742
-3.65141227136e-05
-0.000493990318567
-3.60319004122e-05
-0.000490032783985
-3.5246886533e-05
-0.000486152758992
-3.41517050932e-05
-0.000482394138796
-3.27438224086e-05
-0.000478801021015
-3.10254842048e-05
-0.00047541693423
-2.90035581806e-05
-0.000472284115764
-2.66892996083e-05
-0.000469442847155
-2.40980571004e-05
-0.000466930852863
-2.12489343364e-05
-0.000464782765168
-1.81644218083e-05
-1.48700107931e-05
-0.000440225164053
-1.25711453823e-05
-0.00043945459082
-8.53667306811e-06
-0.000439109674328
-4.36396558626e-06
-0.000439204504745
-9.14028675529e-08
-0.000439748216193
4.24138976919e-06
-0.000440744877592
8.59394631468e-06
-0.000442193432859
1.29253484007e-05
-0.000444087687573
1.71945992137e-05
-0.00044641633984
2.13609857721e-05
-0.000449163053898
2.5384432909e-05
-0.000452306575799
2.92258525579e-05
-0.000455820891269
3.28474919215e-05
-0.000459675426646
3.62132838991e-05
-0.000463835294435
3.92892024697e-05
-0.000468261585652
4.20436250769e-05
-0.000472911711518
4.44477029669e-05
-0.00047773979737
4.64757389792e-05
-0.000482697131642
4.81055710413e-05
-0.000487732672547
4.93189574625e-05
-0.000492793614535
5.01019584356e-05
-0.000497826015632
5.04453058808e-05
-0.000502775485447
5.034475137e-05
-0.000507587931754
4.98013797781e-05
-0.000512210361309
4.88218739559e-05
-0.000516591727662
4.74187135669e-05
-0.000520683815453
4.56102897896e-05
-0.000524442146885
4.34209163753e-05
-0.00052782689196
4.08807171636e-05
-0.000530803759758
3.80253711295e-05
-0.000533344843734
3.48956979736e-05
-0.00053542939006
3.15370707905e-05
-0.000537044454754
2.79986478539e-05
-0.000538185413148
2.43324225902e-05
-0.000538856284662
2.05920997296e-05
-0.000539069837319
1.68318163466e-05
-0.000538847440402
1.31047382202e-05
-0.000538218640458
9.46157434847e-06
-0.000537220445739
5.94906469097e-06
-0.000535896316928
2.60850693548e-06
-0.000534294877419
-5.25603727901e-07
-0.000532468373649
-3.42674353378e-06
-0.000530470933928
-6.07726038501e-06
-0.000528356691555
-8.46893491313e-06
-0.000526177852913
-1.06031453212e-05
-0.000523982802181
-1.24905987179e-05
-0.000521814339591
-1.41506168417e-05
-0.000519708148659
-1.56099928944e-05
-0.00051769157901
-1.69014662216e-05
-0.000515782815396
-1.80618900895e-05
-0.000513990481344
-1.91301916865e-05
-0.000512313699391
-2.01452401101e-05
-0.000510742601251
-2.11437457274e-05
-0.000509259253319
-2.21583117944e-05
-0.000507838938
-2.32157469587e-05
-0.000506451711715
-2.43357267494e-05
-0.000505064147462
-2.55298654162e-05
-0.00050364116434
-2.68012294542e-05
-0.000502147848165
-2.81442940344e-05
-0.000500551175491
-2.95453157823e-05
-0.000498821566596
-3.09830721966e-05
-0.000496934209547
-3.24299010996e-05
-0.00049487011569
-3.38529631279e-05
-0.000492616885152
-3.52156464044e-05
-0.000490169177874
-3.6479034722e-05
-0.000487528900338
-3.76033672931e-05
-0.000484705129934
-3.85494282226e-05
-0.000481713807541
-3.92798162863e-05
-0.000478577234442
-3.97600586238e-05
-0.000475323412373
-3.99595447271e-05
-0.000471985265821
-3.98522692661e-05
-0.000468599783973
-3.94173822601e-05
-0.00046520711667
-3.86395538365e-05
-0.000461849654606
-3.75091671567e-05
-0.000458571119487
-3.60223575276e-05
-0.000455415685057
-3.41809186346e-05
-0.000452427145298
-3.19920979398e-05
-0.000449648141757
-2.94683031493e-05
-0.000447119458103
-2.66267407547e-05
-0.00044487938666
-2.34890057787e-05
-0.000442963168927
-2.00806395416e-05
-1.64306698625e-05
-0.000416059699457
-1.3577391204e-05
-0.000415417654866
-9.17871765952e-06
-0.000415159433878
-4.62218657358e-06
-0.000415299855931
4.90191850464e-08
-0.00041584877594
4.79030977795e-06
-0.000416810976026
9.55614640066e-06
-0.000418186106349
1.43004787244e-05
-0.000419968671609
1.89771644738e-05
-0.000422148060617
2.35403747793e-05
-0.000424708617277
2.79449895697e-05
-0.000427629752274
3.21469875548e-05
-0.000430886095681
3.61038353283e-05
-0.000434447691664
3.97748798822e-05
-0.000438280237264
4.31217480695e-05
-0.000442345367994
4.6108755807e-05
-0.000446600993601
4.87033285742e-05
-0.000451001687735
5.08764331127e-05
-0.000455499135475
5.26030187817e-05
-0.00046004264256
5.38624645475e-05
-0.000464579709706
5.46390255809e-05
-0.000469056674569
5.49222707439e-05
-0.000473419422563
5.47074993644e-05
-0.000477614165869
5.39961230835e-05
-0.000481588287522
5.27959956097e-05
-0.000485291244367
5.11216704118e-05
-0.000488675518898
4.89945643208e-05
-0.000491697605688
4.64430031648e-05
-0.000494319013157
4.35021246321e-05
-0.000496507256182
4.02136141546e-05
-0.000498236809586
3.66252513782e-05
-0.000499489987277
3.27902484817e-05
-0.000500257707144
2.87663677206e-05
-0.000500540098284
2.46148137298e-05
-0.00050034690532
2.03989067663e-05
-0.000499697645152
1.61825561778e-05
-0.000498621475038
1.20285681065e-05
-0.000497156738077
7.99683738802e-06
-0.00049535016313
4.14248974403e-06
-0.000493255711232
5.14055036876e-07
-0.000490933079124
-2.84823583598e-06
-0.000488445891924
-5.91393073332e-06
-0.000485859639799
-8.66351251025e-06
-0.000483239436027
-1.10891386855e-05
-0.000480647693842
-1.31948875056e-05
-0.000478141834635
-1.49964579248e-05
-0.000475772148245
-1.65203032324e-05
-0.000473579925545
-1.78022155937e-05
-0.000471595973356
-1.88854184104e-05
-0.000469839601994
-1.98182614521e-05
-0.000468318147837
-2.06516458435e-05
-0.000467027059406
-2.14363285405e-05
-0.000465950538808
-2.22202663261e-05
-0.000465062694489
-2.30461561127e-05
-0.000464329129507
-2.39493119408e-05
-0.000463708864704
-2.49559915531e-05
-0.000463156480402
-2.60822497173e-05
-0.000462624354192
-2.73333556642e-05
-0.000462064875798
-2.87037724284e-05
-0.00046143253167
-3.0177659911e-05
-0.000460685769761
-3.17298341054e-05
-0.00045978857676
-3.33270941003e-05
-0.000458711723411
-3.49298164774e-05
-0.000457433656495
-3.64937133197e-05
-0.000455941036862
-3.79716543554e-05
-0.000454228940401
-3.93154637542e-05
-0.000452300752515
-4.04776161083e-05
-0.000450167796151
-4.14127726507e-05
-0.000447848739061
-4.2079115714e-05
-0.000445368828122
-4.24394556659e-05
-0.000442758997775
-4.24620996128e-05
-0.000440054896714
-4.21214833211e-05
-0.00043729587245
-4.13985781008e-05
-0.00043452394793
-4.02810916763e-05
-0.000431782818534
-3.87634869233e-05
-0.000429116891872
-3.68468452973e-05
-0.000426570387234
-3.45386025774e-05
-0.000424186506495
-3.18521838886e-05
-0.000422006683811
-2.88065634386e-05
-0.000420069917779
-2.54257718107e-05
-0.000418412186698
-2.17383706224e-05
-1.77769112818e-05
-0.00038934967918
-1.43970853363e-05
-0.000388847599043
-9.68079779674e-06
-0.000388683580078
-4.7862055385e-06
-0.000388873251293
2.38690399807e-07
-0.00038942726459
5.34432307544e-06
-0.000390351189206
1.04800710157e-05
-0.000391645454546
1.55947440646e-05
-0.000393305337413
2.06370473413e-05
-0.000395320990626
2.55560279919e-05
-0.000397677511156
3.03015101001e-05
-0.000400355047036
3.48245234351e-05
-0.000403328943392
3.90777316834e-05
-0.00040656992906
4.30158655502e-05
-0.000410044346268
4.65961652776e-05
-0.000413714426763
4.97788363025e-05
-0.000417538618591
5.25275204016e-05
-0.000421471968304
5.48097828261e-05
-0.000425466563802
5.65976142794e-05
-0.000429472043039
5.78679437852e-05
-0.000433436173614
5.86031561554e-05
-0.000437305507491
5.87916046211e-05
-0.000441026113895
5.84281057685e-05
-0.000444544391521
5.75144007089e-05
-0.000447807958656
5.60595627446e-05
-0.000450766616455
5.40803282116e-05
-0.000453373376438
5.16013243036e-05
-0.000455585538273
4.86551649991e-05
-0.000457365798139
4.52823844988e-05
-0.000458683361531
4.15311775462e-05
-0.000459515027514
3.74569173608e-05
-0.000459846204589
3.31214255573e-05
-0.000459671811867
2.85919749979e-05
-0.000458997013892
2.3940015755e-05
-0.000457837733987
1.92396268613e-05
-0.000456220890139
1.45657123302e-05
-0.000454184300257
9.99197822443e-06
-0.000451776210757
5.58874788735e-06
-0.000449054414588
1.42069357557e-06
-0.000446084942194
-2.45541735726e-06
-0.000442940331282
-5.99284674752e-06
-0.000439697507835
-9.15675418118e-06
-0.00043643533984
-1.19256805045e-05
-0.000433231954636
-1.429252389e-05
-0.0004301619375
-1.62649046411e-05
-0.000427293550277
-1.78648451483e-05
-0.000424686121107
-1.9127732402e-05
-0.000422387757469
-2.01005792324e-05
-0.000420433523119
-2.08396527603e-05
-0.000418844195245
-2.14075893255e-05
-0.000417625682622
-2.18701584669e-05
-0.000416769142022
-2.22928691407e-05
-0.000416251782811
-2.2737625537e-05
-0.00041603830329
-2.32596356337e-05
-0.000416082861559
-2.39047536713e-05
-0.000416331452311
-2.47074008013e-05
-0.000416724541601
-2.56891604276e-05
-0.000417199805294
-2.6858091971e-05
-0.000417694822895
-2.82087548276e-05
-0.000418149594942
-2.97228878641e-05
-0.000418508776317
-3.13706527299e-05
-0.000418723546493
-3.31123239249e-05
-0.00041875306783
-3.490029514e-05
-0.000418565511906
-3.66812692439e-05
-0.000418138659368
-3.83985068933e-05
-0.000417460099743
-3.99940233791e-05
-0.000416527073249
-4.14106426028e-05
-0.000415346006964
-4.25938389356e-05
-0.000413931803086
-4.34933195919e-05
-0.000412306938145
-4.40643206068e-05
-0.000410500429807
-4.42686079504e-05
-0.0004085467232
-4.40751899282e-05
-0.000406484542358
-4.34607589431e-05
-0.000404355745196
-4.24098888381e-05
-0.000402204212977
-4.09150191425e-05
-0.000400074798004
-3.89762602701e-05
-0.00039801234662
-3.6601053961e-05
-0.000396060808692
-3.38037218166e-05
-0.000394262439752
-3.06049323789e-05
-0.000392657097874
-2.70311136892e-05
-0.000391281634157
-2.31138343385e-05
-1.88891721267e-05
-0.000360259073159
-1.50170806784e-05
-0.000359906582758
-1.00332881971e-05
-0.000359842946815
-4.84984148198e-06
-0.000360084674525
4.80418110354e-07
-0.000360643281406
5.90292995624e-06
-0.000361525188847
1.13619784562e-05
-0.000362731670771
1.68012259891e-05
-0.000364258842759
2.21642193294e-05
-0.000366097690219
2.73948754511e-05
-0.000368234133501
3.24379533826e-05
-0.000370649129165
3.72395190988e-05
-0.000373318807885
4.17474104041e-05
-0.000376214650799
4.59117084642e-05
-0.000379303707264
4.96852217423e-05
-0.000382548858156
5.3023987194e-05
-0.000385909129825
5.58877920709e-05
-0.000389340064664
5.82407176653e-05
-0.000392794154862
6.0051704477e-05
-0.000396221346235
6.12951351585e-05
-0.000399569618994
6.19514289142e-05
-0.00040278565177
6.20076373977e-05
-0.000405815574152
6.14580281506e-05
-0.000408605811173
6.03046377296e-05
-0.000411104020604
5.85577721751e-05
-0.000413260120342
5.62364279504e-05
-0.00041502739863
5.33686025912e-05
-0.000416363694156
4.99914605249e-05
-0.00041723262638
4.6151316723e-05
-0.000417604848684
4.19033998505e-05
-0.000417459288488
3.73113571644e-05
-0.000416784329617
3.24464666861e-05
-0.000415578883547
2.73865289286e-05
-0.000413853288418
2.22144206258e-05
-0.000411629968857
1.70163073005e-05
-0.000408943786834
1.18795303071e-05
-0.000405842015079
6.89020646966e-06
-0.000402383871328
2.13060413609e-06
-0.000398639564667
-2.32361308518e-06
-0.000394688825208
-6.40615681675e-06
-0.00039061891512
-1.00627568351e-05
-0.000386522151885
-1.3253517417e-05
-0.000382493011581
-1.59548208078e-05
-0.000378624918371
-1.81606171002e-05
-0.000375006862191
-1.98829608216e-05
-0.000371720015967
-2.11516913717e-05
-0.000368834541969
-2.20132063996e-05
-0.000366406780724
-2.25283404773e-05
-0.000364477003003
-2.27694304822e-05
-0.000363067875339
-2.28167169891e-05
-0.000362183744301
-2.27542895046e-05
-0.000361810788403
-2.26658250386e-05
-0.000361918025106
-2.26303888342e-05
-0.000362459100215
-2.27185605251e-05
-0.000363374734338
-2.29891195483e-05
-0.000364595661198
-2.34864739405e-05
-0.000366045868951
-2.42389526747e-05
-0.00036764594935
-2.52580115724e-05
-0.000369316369544
-2.65383346332e-05
-0.000370980504599
-2.80587528095e-05
-0.00037256730155
-2.97838557785e-05
-0.000374013483634
-3.16661418408e-05
-0.000375265242055
-3.36485367195e-05
-0.000376279398915
-3.56671123838e-05
-0.000377024056188
-3.76538496198e-05
-0.000377478770364
-3.95393092039e-05
-0.000377634310071
-4.12551028953e-05
-0.000377492064807
-4.27360842004e-05
-0.00037706317749
-4.39222069086e-05
-0.000376367473136
-4.47600249606e-05
-0.000375432251539
-4.52038295477e-05
-0.000374291004803
-4.52164366641e-05
-0.000372982111878
-4.47696518686e-05
-0.000371547552862
-4.3844447854e-05
-0.000370031676518
-4.24308954864e-05
-0.000368480045632
-4.05278911555e-05
-0.000366938376985
-3.81427226082e-05
-0.000365451585905
-3.52905128968e-05
-0.000364062939782
-3.19935785024e-05
-0.000362813320457
-2.82807330138e-05
-0.000361740592065
-2.41865627302e-05
-1.9750695691e-05
-0.000328967612618
-1.54268792781e-05
-0.000328772251638
-1.02286491768e-05
-0.000328813643706
-4.80844941392e-06
-0.000329109234886
7.76009290003e-07
-0.0003296714578
6.46515287052e-06
-0.000330507639322
1.21981599773e-05
-0.00033161995332
1.79135399871e-05
-0.000333005413159
2.3549679169e-05
-0.0003346559001
2.90453623925e-05
-0.000336558225255
3.4340278537e-05
-0.000338694224254
3.93755180982e-05
-0.000341040885286
4.40940714356e-05
-0.000343570512611
4.84413357893e-05
-0.0003462509291
5.23656382318e-05
-0.000349045722665
5.58187807582e-05
-0.000351914542702
5.87566121082e-05
-0.000354813453776
6.11396287395e-05
-0.000357695354639
6.293360534e-05
-0.000360510471325
6.41102518443e-05
-0.000363206933297
6.46478908864e-05
-0.000365731441406
6.45321455064e-05
-0.000368030035556
6.37566223011e-05
-0.000370048968389
6.23235705622e-05
-0.000371735688717
6.02444925026e-05
-0.000373039934816
5.75406740502e-05
-0.000373914932764
5.42436005393e-05
-0.000374318688706
5.03952164668e-05
-0.00037421535622
4.60479842371e-05
-0.000373576650795
4.12646944248e-05
-0.000372383273083
3.61179794523e-05
-0.000370626291406
3.06894850094e-05
-0.000368308422543
2.50686600661e-05
-0.000365445139049
1.93511371313e-05
-0.000362065522358
1.36366906093e-05
-0.000358212775159
8.02678310825e-06
-0.000353944305542
2.62173685287e-06
-0.000349331300936
-2.48240046986e-06
-0.0003444577233
-7.19719072082e-06
-0.000339418679502
-1.14452006154e-05
-0.000334318152625
-1.51632837114e-05
-0.000329266120356
-1.83055496869e-05
-0.000324375133462
-2.08458077015e-05
-0.00031975647735
-2.27792732125e-05
-0.000315516087669
-2.41233505021e-05
-0.00031175043148
-2.49173475603e-05
-0.000308542592363
-2.52210455168e-05
-0.00030595880601
-2.51121268303e-05
-0.000304045678836
-2.46825576568e-05
-0.000302828285077
-2.40341107478e-05
-0.000302309279927
-2.32732946549e-05
-0.000302469093048
-2.25060119176e-05
-0.000303267186698
-2.18322951836e-05
-0.000304644284399
-2.13414628243e-05
-0.000306525407869
-2.11079960782e-05
-0.000308823509122
-2.11883726882e-05
-0.000311443455839
-2.16190059573e-05
-0.000314286122624
-2.24153447874e-05
-0.000317252356517
-2.35721007403e-05
-0.000320246618083
-2.50644912438e-05
-0.000323180143717
-2.68503301439e-05
-0.000325973524662
-2.88727608958e-05
-0.000328558648034
-3.1063413348e-05
-0.000330879990593
-3.33457698247e-05
-0.000332895294008
-3.56385462044e-05
-0.00033457567936
-3.78589238521e-05
-0.000335905278225
-3.99255040304e-05
-0.000336880468448
-4.17608939771e-05
-0.000337508805841
-4.32938695153e-05
-0.000337807740108
-4.44610906938e-05
-0.000337803195954
-4.52083737016e-05
-0.000337528090141
-4.54915424771e-05
-0.000337020843569
-4.5276898441e-05
-0.000336323935426
-4.45413559966e-05
-0.000335482534861
-4.32722960517e-05
-0.000334543235043
-4.14671909728e-05
-0.000333552905292
-3.91330523598e-05
-0.000332557669218
-3.62857489707e-05
-0.000331602010687
-3.29492370334e-05
-0.000330728004649
-2.91547390519e-05
-0.000329974666484
-2.49399008949e-05
-2.03479509572e-05
-0.000295669882361
-1.56189841264e-05
-0.000295636824142
-1.02617073957e-05
-0.000295786137476
-4.65913608016e-06
-0.000296136242877
1.12611469123e-06
-0.000296700526189
7.02943618181e-06
-0.000297487258042
1.29848918306e-05
-0.000298499555407
1.89258373525e-05
-0.000299735379247
2.47855030082e-05
-0.000301187563982
3.04975471283e-05
-0.0003028438762
3.59965907543e-05
-0.000304687101696
4.12187435946e-05
-0.00030669516168
4.61021314193e-05
-0.000308841260579
5.05874346887e-05
-0.000311094069547
5.46184471994e-05
-0.000313417951319
5.81426625307e-05
-0.000315773233596
6.11118943852e-05
-0.000318116539481
6.34829346247e-05
-0.00032040118476
6.52182506189e-05
-0.000322577652752
6.62867198363e-05
-0.000324594158114
6.6664396248e-05
-0.000326397311125
6.63352985175e-05
-0.000327932893505
6.52922046808e-05
-0.000329146755505
6.35374325626e-05
-0.000329985841687
6.10835786842e-05
-0.000330399349156
5.79541815193e-05
-0.000330340016925
5.41842683084e-05
-0.000329765538209
4.98207377506e-05
-0.000328640078748
4.49225247768e-05
-0.000326935873618
3.95604892945e-05
-0.000324634862502
3.38169683363e-05
-0.000321730309498
2.77849320051e-05
-0.000318228338703
2.15666892715e-05
-0.000314149302181
1.52721006096e-05
-0.000309528883747
9.01627217497e-06
-0.000304418832137
2.91673149819e-06
-0.000298887212629
-2.9098826548e-06
-0.000293018069354
-8.35154374561e-06
-0.000286910403568
-1.33048565068e-05
-0.000280676397873
-1.76792063105e-05
-0.000274438853612
-2.14008279718e-05
-0.000268327858067
-2.4416545232e-05
-0.000262476757315
-2.66969084537e-05
-0.000257017575522
-2.82384550054e-05
-0.000252076085654
-2.90648403698e-05
-0.000247766792477
-2.92266407379e-05
-0.000244188127823
-2.87997101708e-05
-0.000241418172988
-2.78820816647e-05
-0.000239511208647
-2.65895219983e-05
-0.000238495347128
-2.50499722668e-05
-0.000238371427442
-2.33972143403e-05
-0.000239113257825
-2.17641815352e-05
-0.000240669185766
-2.02763672428e-05
-0.000242964873361
-1.9045775229e-05
-0.00024590706712
-1.81658023195e-05
-0.000249388086353
-1.77073534549e-05
-0.000253290719499
-1.77163728113e-05
-0.000257493214205
-1.82128500811e-05
-0.000261874071533
-1.91912434128e-05
-0.000266316400951
-2.06221618256e-05
-0.000270711652865
-2.24550782298e-05
-0.000274962611028
-2.4621802733e-05
-0.000278985591095
-2.70404332815e-05
-0.000282711848223
-2.96195126963e-05
-0.000286088242516
-3.22621519115e-05
-0.000289077244575
-3.4869921793e-05
-0.000291656384516
-3.73463640899e-05
-0.000293817257656
-3.9600020837e-05
-0.000295564200628
-4.15469265434e-05
-0.000296912745094
-4.31125462271e-05
-0.000297887944845
-4.42331739507e-05
-0.000298522657777
-4.48568295454e-05
-0.000298855848867
-4.49437073513e-05
-0.000298930964983
-4.44662398805e-05
-0.000298794418188
-4.34088428463e-05
-0.000298494201641
-4.17674075197e-05
-0.00029807865159
-3.95486024109e-05
-0.000297595360357
-3.6769040204e-05
-0.000297090238554
-3.34543588361e-05
-0.000296606719889
-2.96382577172e-05
-0.000296185098561
-2.5361522223e-05
-2.06710623085e-05
-0.00026057426555
-1.55892486896e-05
-0.000260706038735
-1.01299342116e-05
-0.000260964200494
-4.40097432048e-06
-0.00026136815825
1.53007244664e-06
-0.000261932264884
7.59354281663e-06
-0.000262665754205
1.37183811509e-05
-0.00026357271442
1.98327975682e-05
-0.00026465209301
2.58648815976e-05
-0.000265897728252
3.17431823706e-05
-0.000267298404623
3.7397267125e-05
-0.000268837931129
4.27582701014e-05
-0.000270495243537
4.77594438267e-05
-0.000272244533273
5.23367244243e-05
-0.000274055407637
5.64293215643e-05
-0.000275893087754
5.99803426476e-05
-0.000277718652463
6.29374590934e-05
-0.000279489338066
6.52536202279e-05
-0.000281158905439
6.68878179926e-05
-0.000282678087392
6.78059017886e-05
-0.000283995130274
6.79814391301e-05
-0.000285056444489
6.73966127327e-05
-0.000285807378575
6.60431387667e-05
-0.000286193130705
6.39231846929e-05
-0.000286159809503
6.10502574817e-05
-0.000285655652664
5.74500246806e-05
-0.000284632406751
5.31610223956e-05
-0.000283046864263
4.82351952628e-05
-0.000280862544502
4.27382050157e-05
-0.000278051492579
3.67494373712e-05
-0.00027459615618
3.03616319372e-05
-0.000270491282648
2.36800584736e-05
-0.000265745760142
1.6821166765e-05
-0.000260384307151
9.91064761902e-06
-0.000254448896121
3.08086114479e-06
-0.000247999781433
-3.53238319023e-06
-0.000241115992334
-9.79367175374e-06
-0.000233895150623
-1.55723854562e-05
-0.000226452484178
-2.07475229524e-05
-0.000218918933589
-2.52127568991e-05
-0.000211438292118
-2.8881469443e-05
-0.000204163378963
-3.16914583865e-05
-0.000197251320342
-3.36089670753e-05
-0.000190858096974
-3.46316783727e-05
-0.000185132602249
-3.4790335095e-05
-0.00018021053223
-3.41487107574e-05
-0.000176208485071
-3.28017573294e-05
-0.000173218672454
-3.08718942815e-05
-0.000171304631938
-2.85035625148e-05
-0.000170498273514
-2.58563306904e-05
-0.000170798497581
-2.30969902731e-05
-0.00017217149582
-2.03911832968e-05
-0.000174552709193
-1.7895153869e-05
-0.000177850284037
-1.57482003859e-05
-0.00018194975144
-1.40663349163e-05
-0.000186719571691
-1.29375332036e-05
-0.000192017143915
-1.24188005878e-05
-0.000197694881572
-1.25351124239e-05
-0.000203605991862
-1.3280133123e-05
-0.000209609662062
-1.46184916254e-05
-0.000215575437066
-1.64893032255e-05
-0.000221386658581
-1.88105812177e-05
-0.000226942918109
-2.14841737542e-05
-0.000232161546051
-2.44008847534e-05
-0.000236978214084
-2.74454838793e-05
-0.000241346765819
-3.05013700575e-05
-0.000245238412534
-3.34547173754e-05
-0.000248640438315
-3.61979950552e-05
-0.000251554555413
-3.86328094459e-05
-0.000253995038815
-4.0672062825e-05
-0.000255986752255
-4.22414605104e-05
-0.000257563158373
-4.32804234277e-05
-0.000258764385787
-4.37424799376e-05
-0.000259635406791
-4.35952188758e-05
-0.00026022436226
-4.28198873781e-05
-0.000260581055664
-4.1410714115e-05
-0.000260755626128
-3.93740319473e-05
-0.000260797401013
-3.67272653185e-05
-0.000260753921594
-3.34978382556e-05
-0.000260670130475
-2.97220488361e-05
-0.00026058770636
-2.54439463376e-05
-2.07142385553e-05
-0.000223901732749
-1.53372119681e-05
-0.000224197955578
-9.83371138215e-06
-0.000224563722211
-4.03520768744e-06
-0.000225019407443
1.98575767868e-06
-0.000225580317226
8.15445259957e-06
-0.000226256644869
1.43947087941e-05
-0.000227053459942
2.06296126409e-05
-0.000227970722632
2.67821442878e-05
-0.000229003318462
3.27757782009e-05
-0.000230141110362
3.85350590247e-05
-0.000231369007151
4.39861668902e-05
-0.000232667049512
4.90574861873e-05
-0.000234010516553
5.36801914653e-05
-0.000235370058081
5.77888630921e-05
-0.000236711859739
6.13221443057e-05
-0.000237997850224
6.42234495786e-05
-0.00023918596183
6.64417318345e-05
-0.000240230457575
6.79323137368e-05
-0.000241082340026
6.86577842401e-05
-0.000241689858635
6.85889577395e-05
-0.000241999133619
6.77058877164e-05
-0.00024195491516
6.59989203071e-05
-0.000241501496524
6.34697660578e-05
-0.00024058379838
6.01325593377e-05
-0.000239148638679
5.60148649794e-05
-0.000237146197598
5.11585813147e-05
-0.00023453167965
4.56206773142e-05
-0.000231267164787
3.9473690153e-05
-0.000227323626763
3.28058993476e-05
-0.000222683079911
2.57210850846e-05
-0.000217340795014
1.83377735766e-05
-0.000211307501506
1.07878732574e-05
-0.000204611467896
3.21461400921e-06
-0.000197300326922
-4.2302798296e-06
-0.000189442488993
-1.13902211198e-05
-0.000181127970439
-1.81081903068e-05
-0.000172468456099
-2.42318997968e-05
-0.00016359642322
-2.9619555831e-05
-0.000154663179978
-3.41460001414e-05
-0.000145835720215
-3.77089292057e-05
-0.000137292367657
-4.02348109443e-05
-0.00012921727586
-4.16840588725e-05
-0.000121793958769
-4.20549954641e-05
-0.00011519814071
-4.13861531542e-05
-0.00010959032017
-3.97565312972e-05
-0.000105108522366
-3.72835551329e-05
-0.000101861755693
-3.41186609549e-05
-9.99246762018e-05
-3.04406420058e-05
-9.93338973238e-05
-2.64471095683e-05
-0.000100086257455
-2.23446301423e-05
-0.000102139191227
-1.83382495245e-05
-0.00010541317061
-1.46211744857e-05
-0.000109796008861
-1.13653621347e-05
-0.000115148668564
-8.71367521343e-06
-0.000121312107186
-6.77409458195e-06
-0.000128114644636
-5.61626313735e-06
-0.000135379345144
-5.27041191616e-06
-0.000142930961823
-5.72851644401e-06
-0.000150602083215
-6.94737023393e-06
-0.000158238230635
-8.85315580499e-06
-0.000165701768051
-1.13470438018e-05
-0.000172874590035
-1.43113517697e-05
-0.000179659639718
-1.76158350712e-05
-0.000185981373172
-2.11237504254e-05
-0.000191785328505
-2.46974147242e-05
-0.00019703697879
-2.82030670905e-05
-0.000201720051396
-3.15149224495e-05
-0.000205834486415
-3.45183744262e-05
-0.000209394188001
-3.71123612389e-05
-0.000212424698445
-3.92109500663e-05
-0.000214960898878
-4.0744222995e-05
-0.000217044814984
-4.16585638313e-05
-0.000218723582729
-4.19164511313e-05
-0.000220047608742
-4.14958613653e-05
-0.000221068943181
-4.03893796755e-05
-0.000221839869592
-3.86031055364e-05
-0.000222411706286
-3.61554286247e-05
-0.000222833806729
-3.30757378126e-05
-0.000223152741844
-2.94031137204e-05
-0.000223411644573
-2.51850436089e-05
-2.04761871013e-05
-0.000185884468341
-1.48664041867e-05
-0.000186341608029
-9.37657169417e-06
-0.000186811380474
-3.56543524307e-06
-0.0001873150688
2.4894460046e-06
-0.000187868884292
8.70826809156e-06
-0.000188483948477
1.50097729798e-05
-0.000189166301193
2.13119653567e-05
-0.000189916926872
2.75327699667e-05
-0.000190731793644
3.35906449729e-05
-0.0001916019021
3.94051674808e-05
-0.000192513342759
4.48976075492e-05
-0.000193447363436
4.99915068644e-05
-0.000194380449868
5.46132778972e-05
-0.000195284425136
5.86928383601e-05
-0.000196126575679
6.21642948484e-05
-0.000196869814005
6.4966687905e-05
-0.000197472890607
6.70448084367e-05
-0.00019789067001
6.83500931394e-05
-0.000198074488311
6.88416025412e-05
-0.000197972611872
6.84870813004e-05
-0.000197530818849
6.72640946931e-05
-0.000196693126796
6.51612282541e-05
-0.000195402690331
6.2179329593e-05
-0.000193602892428
5.83327614347e-05
-0.000191238650843
5.36506233944e-05
-0.000188257956908
4.81778873795e-05
-0.000184613656808
4.19763772148e-05
-0.00018026547486
3.51255082044e-05
-0.00017518226355
2.77226880379e-05
-0.000169344445782
1.9883267317e-05
-0.000162746590608
1.17399184021e-05
-0.000155400035059
3.44131770822e-06
-0.000147335432429
-4.84998862058e-06
-0.000138605073411
-1.29606388475e-05
-0.000129284793802
-2.0710500729e-05
-0.000119475255298
-2.79177288109e-05
-0.000109302369576
-3.44047855185e-05
-9.89166365307e-05
-4.00052888763e-05
-8.84911915754e-05
-4.45714450967e-05
-7.82184097398e-05
-4.79817110413e-05
-6.83049988029e-05
-5.01482218813e-05
-5.89656290123e-05
-5.10234286632e-05
-5.04152865413e-05
-5.06053379351e-05
-4.28606889303e-05
-4.89407507652e-05
-3.649124508e-05
-4.61259751474e-05
-3.14701568601e-05
-4.23046433529e-05
-2.79263210041e-05
-3.76624968109e-05
-2.59476849557e-05
-3.24192780542e-05
-2.55766320984e-05
-2.68181624257e-05
-2.68078091828e-05
-2.11134530579e-05
-2.9588584169e-05
-1.55574745383e-05
-3.38220887517e-05
-1.03876699031e-05
-3.93725775387e-05
-5.81487334766e-06
-4.60726353054e-05
-2.01361744677e-06
-5.37316228793e-05
8.8489299194e-07
-6.21446964551e-05
2.79681043844e-06
-7.11017553775e-05
3.68664700628e-06
-8.03957563118e-05
3.56548449031e-06
-8.98299583078e-05
2.48683176206e-06
-9.92238104953e-05
5.4069638253e-07
-0.000108417341317
-2.15351298007e-06
-0.000117274039419
-5.45465366787e-06
-0.000125682321482
-9.20755300834e-06
-0.000133555757015
-1.32503148922e-05
-0.000140832264613
-1.74209071263e-05
-0.000147472511919
-2.15628197842e-05
-0.000153457747974
-2.55296863949e-05
-0.000158787277674
-2.91888447263e-05
-0.000163475759543
-3.24238793695e-05
-0.000167550474873
-3.5136234736e-05
-0.000171048682335
-3.72460155335e-05
-0.000174015140221
-3.86921059453e-05
-0.000176499850206
-3.94317411463e-05
-0.000178556052783
-3.94396587885e-05
-0.00018023848563
-3.87069468282e-05
-0.000181601901817
-3.72396893498e-05
-0.000182699834508
-3.50574959338e-05
-0.000183583588083
-3.21919842367e-05
-0.000184301431653
-2.8685270151e-05
-0.000184897969205
-2.45885060569e-05
-1.99604957462e-05
-0.000146764330396
-1.41846056655e-05
-0.000147375501988
-8.76540010214e-06
-0.000147943172335
-2.99776489628e-06
-0.000148489426352
3.03570002173e-06
-0.000149031292924
9.25013466327e-06
-0.000149580758222
1.55592382775e-05
-0.000150144796778
2.18760039131e-05
-0.000150725412185
2.81133853733e-05
-0.0001513196818
3.41849145877e-05
-0.000151919802229
4.00052879099e-05
-0.000152513134631
4.54909399514e-05
-0.000153082251132
5.05606233655e-05
-0.000153604985891
5.51360126565e-05
-0.000154054496672
5.91423491406e-05
-0.000154399345193
6.25091433694e-05
-0.000154603607109
6.51709498212e-05
-0.000154627025187
6.70682265148e-05
-0.00015442522214
6.8148290092e-05
-0.000153949992575
6.8366372976e-05
-0.000153149696551
6.76867852769e-05
-0.000151969780151
6.60841782925e-05
-0.000150353451043
6.35448991471e-05
-0.000148242538957
6.00684175067e-05
-0.00014557857177
5.56687942479e-05
-0.000142304097147
5.03761487707e-05
-0.000138364276451
4.42380666838e-05
-0.000133708771363
3.73208721268e-05
-0.000128293933207
2.9710670049e-05
-0.000122085289595
2.1514044426e-05
-0.000115060301665
1.28582793863e-05
-0.000107211337451
3.89095418874e-06
-9.8548772548e-05
-5.2212471952e-06
-8.91040889402e-05
-1.42946722283e-05
-7.89327985865e-05
-2.31319292012e-05
-6.81169731628e-05
-3.15263261527e-05
-5.67671205125e-05
-3.92675814612e-05
-4.50231185689e-05
-4.6148787462e-05
-3.30539071379e-05
-5.19745003074e-05
-2.10556560955e-05
-5.65696961391e-05
-9.2481837543e-06
-5.97891833825e-05
2.13050286264e-06
-6.15269084982e-05
1.28315324501e-05
-6.17244582506e-05
2.26041666052e-05
-6.03779720902e-05
3.12060782011e-05
-5.7542662361e-05
3.84143226633e-05
-5.33342196097e-05
4.40362524987e-05
-4.79265731883e-05
4.79195343352e-05
-4.15457786474e-05
4.99604226392e-05
-3.44601663582e-05
5.01095294557e-05
-2.69672692422e-05
4.83745438033e-05
-1.93784674056e-05
4.48196646951e-05
-1.200259543e-05
3.95618121143e-05
-5.12981732235e-06
3.2763957974e-05
9.82980792636e-07
2.46261879589e-05
6.12415256831e-06
1.53752931881e-05
1.01357877628e-05
5.25374975784e-06
1.29183538687e-05
-5.49109612382e-06
1.44314928879e-05
-1.66169403294e-05
1.46913286959e-05
-2.78950085341e-05
1.37648999668e-05
-3.91167945746e-05
1.17624824231e-05
-5.00989153054e-05
8.82860775071e-06
-6.06861123959e-05
5.13254342264e-06
-7.07525581211e-05
8.58892716884e-07
-8.02017069182e-05
-3.80116609516e-06
-8.89649793763e-05
-8.65763466829e-06
-9.69995765125e-05
-1.3528222648e-05
-0.000104285707789
-1.8243555118e-05
-0.00011082348467
-2.26510678461e-05
-0.000116629690205
-2.6617673834e-05
-0.000121734590494
-3.00313344473e-05
-0.000126178910269
-3.28016957587e-05
-0.000130011055534
-3.48599606803e-05
-0.000133284632633
-3.61581640466e-05
-0.000136056286062
-3.66680053599e-05
-0.00013838385662
-3.63793762702e-05
-0.000140324846582
-3.52986993877e-05
-0.000141935168537
-3.34471739787e-05
-0.000143268148603
-3.08590041705e-05
-0.000144373751885
-2.75796668695e-05
-0.000145297997529
-2.36642604127e-05
-1.91759614001e-05
-0.000106791145989
-1.33040391994e-05
-0.000107545966821
-8.01057927033e-06
-0.000108202809347
-2.34092237021e-06
-0.000108784398147
3.61728882239e-06
-0.000109308445754
9.77418227015e-06
-0.000109787702514
1.60384950373e-05
-0.000110230014421
2.23183158203e-05
-0.00011063838061
2.85217515622e-05
-0.00011101100483
3.45575388079e-05
-0.00011134133767
4.03356207494e-05
-0.000111618108606
4.57677108874e-05
-0.000111825349227
5.07678639873e-05
-0.000111942411261
5.52530746903e-05
-0.000111943985412
5.91439232913e-05
-0.000111800129583
6.23652875401e-05
-0.000111476317805
6.48471380437e-05
-0.000110933524253
6.65254329626e-05
-0.000110128360035
6.73431258744e-05
-0.000109013284075
6.7251297016e-05
-0.000107536913196
6.62104143975e-05
-0.000105644460452
6.41917255482e-05
-0.000103278334539
6.11787732341e-05
-0.000100378936469
5.71690194367e-05
-9.68856921313e-05
5.21755499106e-05
-9.27383602799e-05
4.62288169192e-05
-8.78786540078e-05
3.93783604117e-05
-8.22522089351e-05
3.1694427054e-05
-7.58109218917e-05
2.32693830056e-05
-6.85156685144e-05
1.42187910486e-05
-6.03393855284e-05
4.68199640027e-06
-5.12704724216e-05
-5.17795891801e-06
-4.13164269836e-05
-1.51752926332e-05
-3.05075799785e-05
-2.51035192335e-05
-1.89007375954e-05
-3.47387715843e-05
-6.58247962328e-06
-4.38445841248e-05
6.32819760564e-06
-5.21782586901e-05
1.96782530468e-05
-5.94988429032e-05
3.32803743985e-05
-6.55766216591e-05
4.69145331715e-05
-7.02038549121e-05
6.03316474685e-05
-7.32062976795e-05
7.32595675071e-05
-7.44548285368e-05
8.54114265911e-05
-7.38763173346e-05
9.64961730011e-05
-7.14627185002e-05
0.000106230835539
-6.72773248989e-05
0.000114353808122
-6.14571921929e-05
0.00012063821277
-5.42109778364e-05
0.000124904271879
-4.58118377564e-05
0.000127029602014
-3.65854964926e-05
0.000126956416754
-2.68940839825e-05
0.000124694912205
-1.71169628564e-05
0.000120322557901
-7.63024112615e-06
0.00011397938895
1.21335162858e-06
0.000105859720489
9.10264925367e-06
9.6201076888e-05
1.57827961693e-05
8.52713891537e-05
2.10654754971e-05
7.33555645311e-05
2.48341784913e-05
6.07424610362e-05
2.70445963828e-05
4.77131275534e-05
2.77206621787e-05
3.45309290901e-05
2.69470984301e-05
2.1433915186e-05
2.48594963272e-05
8.62954395096e-06
2.16329789858e-05
-3.7083305314e-06
1.7470417905e-05
-1.54404501692e-05
1.25910123547e-05
-2.64614604543e-05
7.21984418997e-06
-3.66979116268e-05
1.57881650424e-06
-4.61053311124e-05
-4.12080316245e-06
-5.46647145966e-05
-9.68417163381e-06
-6.23787340876e-05
-1.49370483551e-05
-6.92679035203e-05
-1.97285044013e-05
-7.53668835762e-05
-2.39323543914e-05
-8.072105254e-05
-2.74475267949e-05
-8.53834224547e-05
-3.01975907656e-05
-8.94119408921e-05
-3.21296456092e-05
-9.28671885244e-05
-3.32127577277e-05
-9.58104607536e-05
-3.34361040409e-05
-9.83022067929e-05
-3.28069533484e-05
-0.000100400790533
-3.13485902384e-05
-0.000102161533008
-2.90982616957e-05
-0.000103635995086
-2.61052047917e-05
-0.000104871460186
-2.24287953127e-05
-1.81368420632e-05
-6.62208472973e-05
-1.22414745884e-05
-6.71053643426e-05
-7.12606222502e-06
-6.78399846649e-05
-1.60630204793e-06
-6.84478470359e-05
4.22515119337e-06
-6.89471616192e-05
1.02734968535e-05
-6.93513013247e-05
1.64426347427e-05
-6.96688898032e-05
2.26359042988e-05
-6.99038778465e-05
2.87567396056e-05
-7.00556026307e-05
3.4709263592e-05
-7.01188266742e-05
4.03988447928e-05
-7.00837556532e-05
4.57326398665e-05
-6.99360364304e-05
5.06201447644e-05
-6.96567388982e-05
5.49737771582e-05
-6.92223276222e-05
5.87095120153e-05
-6.86046318674e-05
6.17475917852e-05
-6.77708255047e-05
6.40133316811e-05
-6.66834315916e-05
6.54380390495e-05
-6.5300370148e-05
6.59600644308e-05
-6.35750718526e-05
6.55259987206e-05
-6.14566850197e-05
6.40920275647e-05
-5.88904082152e-05
6.16254487437e-05
-5.58179860464e-05
5.81063510653e-05
-5.21784107104e-05
5.35294441006e-05
-4.79088763228e-05
4.7906015523e-05
-4.29460362238e-05
4.12659768202e-05
-3.72276143892e-05
3.36599385771e-05
-3.06944195695e-05
2.51612322344e-05
-2.32928033137e-05
1.58677667498e-05
-1.49775887883e-05
5.90357652321e-06
-5.71547433779e-06
-4.58011805024e-06
4.51111786777e-06
-1.54045511236e-05
1.56998235977e-05
-2.63639983631e-05
2.78238829813e-05
-3.72275786172e-05
4.08276565991e-05
-4.7742545202e-05
5.4622395924e-05
-5.76393234497e-05
6.90826349001e-05
-6.66384976662e-05
8.40436436959e-05
-7.44598516991e-05
9.93004378336e-05
-8.08334157967e-05
0.000114608848188
-8.55122652661e-05
0.000129689110726
-8.82865602177e-05
0.000144232312576
-8.89980303868e-05
0.000157909823453
-8.75538282113e-05
0.000170385553503
-8.39384485508e-05
0.000181330534039
-7.82223054343e-05
0.00019043895496
-7.05656131138e-05
0.000197444476689
-6.12164995656e-05
0.000202135465784
-5.05028268516e-05
0.000204367776368
-3.88178070769e-05
0.000204073712688
-2.6600020302e-05
0.000201266196252
-1.4309446421e-05
0.000196037863673
-2.40190854657e-06
0.000188555249255
8.69596604667e-06
0.000179048526586
1.86093719223e-05
0.000167797827287
2.70334954686e-05
0.000155117541979
3.37457608046e-05
0.000141340013674
3.86117067962e-05
0.000126799919291
4.1584690766e-05
0.000111820396569
4.27001849007e-05
9.67016448442e-05
4.20658501551e-05
8.17123835841e-05
3.98487575873e-05
6.70842390682e-05
3.62611235016e-05
5.30088769376e-05
3.15457800356e-05
3.96375218778e-05
2.59623674145e-05
2.70824058006e-05
1.97749602672e-05
1.54196527738e-05
1.3241569531e-05
4.69312730718e-06
6.60572230421e-06
-5.08117444511e-06
9.01301184819e-08
-1.39105388646e-05
-6.10768393562e-06
-2.18210240311e-05
-1.18180192348e-05
-2.88532174312e-05
-1.69001609912e-05
-3.50583880323e-05
-2.12423561939e-05
-4.04951022212e-05
-2.47608765767e-05
-4.52263289657e-05
-2.73984188647e-05
-4.93170270437e-05
-2.91220596496e-05
-5.28321849449e-05
-2.99209461397e-05
-5.58352702412e-05
-2.98038680521e-05
-5.83870380243e-05
-2.87968224554e-05
-6.05446457231e-05
-2.69406539969e-05
-6.23610227409e-05
-2.42888277739e-05
-6.38844466941e-05
-2.09053713595e-05
-1.68630060709e-05
-2.53134616176e-05
-1.1018223078e-05
-2.63101695103e-05
-6.12935433227e-06
-2.71085258643e-05
-8.07945693962e-07
-2.7731787957e-05
4.84841328606e-06
-2.81984204948e-05
1.07401293914e-05
-2.85222326443e-05
1.67664468921e-05
-2.87124989486e-05
2.28261706031e-05
-2.87740562685e-05
2.88182969255e-05
-2.8707371516e-05
3.46425788395e-05
-2.85085772813e-05
4.02000505582e-05
-2.81694745964e-05
4.53935371816e-05
-2.76775041485e-05
5.01281743164e-05
-2.70156893797e-05
5.43119623894e-05
-2.61625571972e-05
5.78563798328e-05
-2.50920445832e-05
6.06770791713e-05
-2.37734023635e-05
6.26946894614e-05
-2.21711108605e-05
6.38357475465e-05
-2.02448262235e-05
6.40337797938e-05
-1.79493809722e-05
6.32305534694e-05
-1.52348677313e-05
6.13775143238e-05
-1.20468412506e-05
5.84374222629e-05
-8.32668048916e-06
5.43861903039e-05
-4.01215950555e-06
4.9214923117e-05
9.61717278667e-07
4.29321387388e-05
6.66155388399e-06
3.55661402149e-05
1.31540099716e-05
2.71674824894e-05
2.05037899023e-05
1.78114523038e-05
2.87711113555e-05
7.60044529656e-06
3.80086028811e-05
-3.33391500241e-06
4.82576015237e-05
-1.48291166928e-05
5.95438564262e-05
-2.66908060261e-05
7.1872694888e-05
-3.86928368249e-05
8.52237756892e-05
-5.05786594183e-05
9.95456409395e-05
-6.20644104523e-05
0.000114750379922
-7.28440624321e-05
0.000130708829751
-8.25969474952e-05
0.000147246846157
-9.09978681048e-05
0.000164143265266
-9.77298349065e-05
0.000181130219752
-0.000102499219752
0.000197896442514
-0.000105052782979
0.000214094061517
-0.00010519564939
0.000229349141744
-0.000102808908439
0.000243275865881
-9.78651726874e-05
0.000255493794586
-9.04402341392e-05
0.000265647154931
-8.07189734588e-05
0.000273424660023
-6.89940046573e-05
0.000278578169026
-5.5656335855e-05
0.000280938504359
-4.11781424095e-05
0.000280426542108
-2.6088058051e-05
0.000277058226125
-1.09411304383e-05
0.000270943388629
3.71292894974e-06
0.000262278648418
1.73607062576e-05
0.000251334792501
2.95532278388e-05
0.000238439930045
3.99283579242e-05
0.000223960338481
4.82253523691e-05
0.000208280770653
5.42912746244e-05
0.000191785831778
5.80796296405e-05
0.00017484371983
5.96422968487e-05
0.000157793177975
5.91163920103e-05
0.000140934058755
5.67078768076e-05
0.000124521502467
5.26736797891e-05
0.000108763422082
4.73038604207e-05
9.38207824104e-05
4.09050070863e-05
7.98100587935e-05
3.37856838841e-05
6.68072435319e-05
2.62443847925e-05
5.48528136748e-05
1.85601521613e-05
4.39571579496e-05
1.09857858437e-05
3.41060629624e-05
3.74341105164e-06
2.52659634984e-05
-2.97791977089e-06
1.73887580392e-05
-9.02295553194e-06
1.04160726283e-05
-1.4269670783e-05
4.28292140684e-06
-1.86277253553e-05
-1.07923925042e-06
-2.20362582074e-05
-5.74003236615e-06
-2.44612665339e-05
-9.76820591348e-06
-2.58927725924e-05
-1.32301390066e-05
-2.6341934959e-05
-1.61887412617e-05
-2.58382202003e-05
-1.8702678766e-05
-2.44267164925e-05
-2.0825864256e-05
-2.2165642284e-05
-2.26071551598e-05
-1.91240804558e-05
-1.53799511236e-05
1.56690254886e-05
-9.65999966297e-06
1.4581058406e-05
-5.04138724964e-06
1.3735548274e-05
3.75644380662e-08
1.31094904951e-05
5.47447106498e-06
1.26844696248e-05
1.11651502616e-05
1.24464736882e-05
1.70044428288e-05
1.23857385644e-05
2.28869057269e-05
1.24966295831e-05
2.87074059069e-05
1.27775649872e-05
3.43616434353e-05
1.32309837968e-05
3.97466317486e-05
1.38633586885e-05
4.47611622899e-05
1.46852526762e-05
4.93062803288e-05
1.57114164799e-05
5.32857985856e-05
1.69609213797e-05
5.6606874933e-05
1.84573199185e-05
5.91806806324e-05
2.02288239166e-05
6.09231854632e-05
2.23084857192e-05
6.17560857439e-05
2.47343643151e-05
6.16079011979e-05
2.75496527721e-05
6.04152650124e-05
3.08027372637e-05
5.81244298322e-05
3.45471507464e-05
5.46930087802e-05
3.88413761183e-05
5.0091964932e-05
4.37484446334e-05
4.43078546019e-05
4.93352658227e-05
3.73453175496e-05
5.56716158113e-05
2.92297902262e-05
6.28287028045e-05
2.00103954962e-05
7.08772231308e-05
9.76293197751e-06
7.98848207251e-05
-1.40715229772e-06
8.99128701621e-05
-1.33619644394e-05
0.000101012521823
-2.59287683534e-05
0.000113219981571
-3.88982657745e-05
0.000126551050854
-5.20239061081e-05
0.000140995030241
-6.50226388049e-05
0.000156508192439
-7.75775726509e-05
0.000173007159068
-8.9343029061e-05
0.000190362662886
-9.99524513133e-05
0.000208394330519
-0.000109029535738
0.000226867257541
-0.000116202761928
0.000245491235858
-0.000121123198069
0.000263923493162
-0.000123485040283
0.000281775674382
-0.00012304783061
0.000298625501511
-0.000119658735568
0.000314033085583
-0.000113272756759
0.000327561275444
-0.000103968424001
0.000338798756858
-9.19564548723e-05
0.000347383966048
-7.75792138469e-05
0.000353027723536
-6.13000933437e-05
0.000355532715286
-4.36831341597e-05
0.000354807103316
-2.53624460807e-05
0.000350870281756
-7.00430887848e-06
0.000343851270374
1.07319403318e-05
0.000333980269162
2.72317074694e-05
0.000321573316728
4.19601802728e-05
0.000307011654146
5.44900205064e-05
0.0002907185496
6.45184569154e-05
0.000273135701434
7.18741227902e-05
0.000254701187454
7.65141436202e-05
0.000235830544842
7.85129394614e-05
0.000216901964569
7.80449722834e-05
0.000198246007328
7.53638340483e-05
0.000180139747002
7.07799401147e-05
0.000162804866305
6.46387411175e-05
0.00014640899303
5.73008803619e-05
0.000131069465399
4.91252115147e-05
0.000116858724116
4.04551260754e-05
0.000103810612966
3.16082633119e-05
9.1926996182e-05
2.28694026276e-05
8.11842420376e-05
1.4486165196e-05
7.15392586264e-05
6.66706364036e-06
6.29348874577e-05
-4.18584363277e-07
5.53045577303e-05
-6.63934105553e-06
4.85761776386e-05
-1.18993452636e-05
4.26752907099e-05
-1.61353712788e-05
3.75275582353e-05
-1.93135340593e-05
3.30606471822e-05
-2.14258615392e-05
2.92056103708e-05
-2.24868981476e-05
2.58978454731e-05
-2.25304553026e-05
2.30777142231e-05
-2.16065852425e-05
2.06908952489e-05
-1.97788233098e-05
1.86885346521e-05
-1.7121719859e-05
-1.37186653751e-05
5.64649068989e-05
-8.19663278998e-06
5.5309788732e-05
-3.88626908276e-06
5.44360430137e-05
9.11310156382e-07
5.3821367446e-05
6.0891466327e-06
5.34477620362e-05
1.15387556714e-05
5.33012934883e-05
1.71509113767e-05
5.33719044605e-05
2.28162947546e-05
5.36532737286e-05
2.84260366388e-05
5.41427310828e-05
3.38721860811e-05
5.48412289707e-05
3.90481338606e-05
5.57533713236e-05
4.3849019937e-05
5.68874985054e-05
4.8172153147e-05
5.82558257663e-05
5.19174713248e-05
5.98746307901e-05
5.49880699092e-05
6.17644837594e-05
5.72908276632e-05
6.39505106412e-05
5.87371585814e-05
6.64626769418e-05
5.92439194433e-05
6.93360748164e-05
5.87345033234e-05
7.26111909375e-05
5.71401488913e-05
7.63341257653e-05
5.44014950043e-05
8.05567266635e-05
5.0470407882e-05
8.53365875745e-05
4.5312104021e-05
9.07368567687e-05
3.89075854077e-05
9.68257817266e-05
3.12563925917e-05
0.000103675907024
2.23796649287e-05
0.000111362828165
1.23234743549e-05
0.000119963393188
1.16236695447e-06
0.000129553236883
-1.09969959927e-05
0.000140203532989
-2.4012260545e-05
0.000151976862134
-3.77020974986e-05
0.000164922123071
-5.18435267109e-05
0.000179068468302
-6.61702513399e-05
0.000194418329031
-8.03724995339e-05
0.000210939713734
-9.40989573535e-05
0.000228558121934
-0.000106961437261
0.000247148605782
-0.000118542935162
0.000266528723187
-0.000128409653142
0.000286453330591
-0.000136127369332
0.000306612318594
-0.000141282186073
0.000326632443489
-0.000143505165178
0.000346084289209
-0.00014249967633
0.000364495046766
-0.000138069493125
0.000381367203273
-0.000130144913267
0.000396202461339
-0.000118803682067
0.000408529288167
-0.0001042832817
0.000417931470696
-8.69813963756e-05
0.000424075084126
-6.74437067743e-05
0.000426732351035
-4.63404010678e-05
0.000425798169832
-2.44282648779e-05
0.000421296035113
-2.50217415969e-06
0.000413375716295
1.86522591502e-05
0.000402303791258
3.83036325057e-05
0.000388445366027
5.58186055038e-05
0.000372238950681
7.06964358531e-05
0.000354168815272
8.25885923234e-05
0.000334737037846
9.13059002168e-05
0.00031443761442
9.68135670465e-05
0.000293734600569
9.92159533119e-05
0.000273045433409
9.87341394439e-05
0.000252729854788
9.56794126689e-05
0.000233084221485
9.04255734177e-05
0.000214340510758
8.33824518444e-05
0.000196669054338
7.49723367817e-05
0.000180183942397
6.56103234561e-05
0.000164950087709
5.5688980763e-05
0.00015099107919
4.55672718313e-05
0.000138297136856
3.55633449615e-05
0.000126832671162
2.595063089e-05
0.000116543124612
1.69566101906e-05
0.000107360919548
8.76362070007e-06
9.92104487206e-05
1.51112977228e-06
9.20121255276e-05
-4.70102207063e-06
8.56855631412e-05
-9.80880889239e-06
8.01519815329e-05
-1.3779952451e-05
7.5335954428e-05
-1.66098344343e-05
7.11666095115e-05
-1.83175532311e-05
6.75783889737e-05
-1.89422347648e-05
6.4511466905e-05
-1.85396631738e-05
6.19119074824e-05
-1.71792638872e-05
5.97316349221e-05
-1.49414472987e-05
-1.19153042249e-05
9.68150552764e-05
-6.66160422389e-06
9.56196841023e-05
-2.69089790859e-06
9.47386451924e-05
1.79234906625e-06
9.4150866336e-05
6.67692548911e-06
9.38391906224e-05
1.1850431385e-05
9.37900918455e-05
1.72000101536e-05
9.39934499112e-05
2.2612936689e-05
9.44423907978e-05
2.79770957521e-05
9.51331938036e-05
3.31813830753e-05
9.60652674285e-05
3.81160602357e-05
9.72411941008e-05
4.26730932648e-05
9.86668429097e-05
4.67465043381e-05
0.000100351548381
5.02327658532e-05
0.000102308351963
5.30312663276e-05
0.000104554301107
5.50448785192e-05
0.000107110798455
5.6180661233e-05
0.000110003990422
5.63507274767e-05
0.000113265180223
5.54733135227e-05
0.00011693124484
5.34740842737e-05
0.000121045028281
5.02877115632e-05
0.00012565567451
4.58597616534e-05
0.000130818852388
4.01489261431e-05
0.000136596811695
3.31296261008e-05
0.000143058193851
2.47950104355e-05
0.000150277503631
1.51603551486e-05
0.000158334129744
4.26684824128e-06
0.000167310784104
-7.81428740532e-06
0.000177291214297
-2.09774261856e-05
0.000188357034959
-3.50780812068e-05
0.000200583526643
-4.99285891828e-05
0.000214034272401
-6.52942724687e-05
0.000228754551488
-8.08905304268e-05
0.000244763496294
-9.63814443398e-05
0.000262045152482
-0.000111380613541
0.00028053877052
-0.0001254550553
0.000300128899394
-0.000138133064035
0.000320636138103
-0.000148916891851
0.00034180969678
-0.00015730092801
0.000363323171686
-0.000162795660978
0.000384775068348
-0.00016495706184
0.000405695519069
-0.000163420127051
0.000425560227979
-0.000157934202035
0.000443811889935
-0.000148396575223
0.000459888315186
-0.000134880107318
0.000473255224091
-0.000117650190605
0.000483439839865
-9.71660121497e-05
0.000490061903869
-7.40657707786e-05
0.000492862770375
-4.91412675738e-05
0.000491725296778
-2.32907912803e-05
0.00048667811885
2.54500376824e-06
0.000477892022908
2.74383550924e-05
0.000465670854173
5.05248012404e-05
0.000450430476001
7.10589836757e-05
0.000432668314033
8.84585978216e-05
0.000412931239746
0.00010232566661
0.000391783015495
0.000112454124469
0.000369774177293
0.000118822405248
0.000347416916306
0.000121573214299
0.000325166342055
0.000120984713695
0.000303408615538
0.000117437139186
0.000282455612598
0.000111378576358
0.000262545153708
0.000103292910734
0.000243845505304
9.36719851862e-05
0.000226462781232
8.29930475279e-05
0.000210449980033
7.17017819624e-05
0.000195816609621
6.0200642243e-05
0.000182538109794
4.88418447887e-05
0.000170564537219
3.79242034642e-05
0.00015982819863
2.76929487799e-05
0.00015025009288
1.83417264504e-05
0.000141745149847
1.00160728051e-05
0.00013422633847
2.8177893064e-06
0.000127607765594
-3.19023601661e-06
0.000121806910368
-7.97909722495e-06
0.000116746143529
-1.15490675947e-05
0.000112353673709
-1.39250834119e-05
0.000108564048928
-1.51526099834e-05
0.000105318324246
-1.52939384915e-05
0.000102563988778
-1.44249284198e-05
0.000100254728235
-1.26321867549e-05
-1.00106598329e-05
0.000136465246476
-5.09140698881e-06
0.000135258778842
-1.4844302746e-06
0.000134392988596
2.65813931199e-06
0.000133848635245
7.22127883955e-06
0.000133609889838
1.20891767927e-05
0.000133664005
1.71458949912e-05
0.000134001059817
2.2275881872e-05
0.00013461378223
2.73643733394e-05
0.000135497450353
3.22977149522e-05
0.000136649873253
3.69636373357e-05
0.000138071451136
4.12515153816e-05
0.000139765314381
4.50526410938e-05
0.000141737540258
4.82605399754e-05
0.000143997445359
5.07713612272e-05
0.000146557950452
5.24843734261e-05
0.000149436012646
5.33025990389e-05
0.000152653116912
5.31336232109e-05
0.00015623581515
5.18906152847e-05
0.000160216295588
4.94936038356e-05
0.000164632958103
4.58710490481e-05
0.000169530961638
4.09617581181e-05
0.000174962697827
3.47171899547e-05
0.000180988129892
2.71041940358e-05
0.000187674917607
1.81082227203e-05
0.000195098227536
7.7370452192e-06
0.000203340103428
-3.97502765041e-06
0.000212488245612
-1.69624295894e-05
0.000222634022796
-3.112320337e-05
0.000233869518626
-4.63135770364e-05
0.000246283404661
-6.23424752182e-05
0.000259955439589
-7.89663073959e-05
0.000274949433107
-9.58845239453e-05
0.0002913045963
-0.000112736607532
0.000309025344225
-0.000129101361467
0.000328069835591
-0.000144499546665
0.000348337836418
-0.000158401064862
0.00036965887264
-0.000170237928073
0.00039178205777
-0.000179424113139
0.000414369375881
-0.00018538297909
0.000436994457366
-0.000187582143325
0.000459148861937
-0.000185574531621
0.000480257389078
-0.000179042729177
0.000499702844681
-0.000167842030825
0.00051685934895
-0.000152036611587
0.000531131580697
-0.000131922422352
0.000541993524939
-0.000108027956391
0.000549021403472
-8.10936493115e-05
0.000551929256342
-5.2049120444e-05
0.000550593033018
-2.19545679565e-05
0.000545048269371
8.08976741586e-06
0.000535483872794
3.7002751669e-05
0.000522237645767
6.37710282678e-05
0.000505773476641
8.75231528008e-05
0.000486644194521
0.000107587879942
0.000465456264209
0.000123513596922
0.000442832788403
0.000135077600274
0.00041937874652
0.000142276447131
0.000395652112972
0.000145299847847
0.000372142629707
0.00014449419696
0.000349258959497
0.000140320809395
0.000327323787554
0.000133313748301
0.000306575561105
0.000124041137183
0.00028717513807
0.000113072408222
0.000269215564406
0.000100952621192
0.000252733394951
8.81839514172e-05
0.000237720299138
7.52137380561e-05
0.000224134055613
6.24280883137e-05
0.000211908375602
5.01498834751e-05
0.000200961270921
3.86400534608e-05
0.00019120188831
2.81011090614e-05
0.000182535871183
1.86820899318e-05
0.000174869393619
1.04842668706e-05
0.00016811205281
3.56710479207e-06
0.000162178817871
-2.04586228577e-06
0.000156991225401
-6.3614751241e-06
0.000152477993793
-9.41185180487e-06
0.000148575204765
-1.12498209554e-05
0.000145226175791
-1.19449095174e-05
0.000142381123564
-1.1579876192e-05
0.00013999669744
-1.02477606317e-05
-8.04940610309e-06
0.000175168454773
-3.52471650319e-06
0.000173981626835
-2.97602336616e-07
0.000173154687928
3.48507821846e-06
0.000172670895563
7.70507120516e-06
0.000172516282841
1.22437895149e-05
0.000172679289837
1.69828879952e-05
0.00017315048357
2.18046881389e-05
0.000173922367061
2.65924898484e-05
0.000174989277327
3.12308046861e-05
0.00017634737194
3.56055427219e-05
0.000177994703807
3.96041835146e-05
0.000179931383915
4.31159609857e-05
0.000182159831842
4.60320920483e-05
0.000184685113589
4.8246079481e-05
0.000187515365675
4.96541213401e-05
0.00019066230319
5.01556615238e-05
0.000194141807329
4.96541190716e-05
0.000197974584647
4.80578379672e-05
0.000202186885353
4.52813031292e-05
0.000206811261095
4.12466733062e-05
0.000211887333218
3.58856859952e-05
0.000217462529927
2.91419932457e-05
0.000223592734429
2.09739895331e-05
0.000230342765438
1.13581917119e-05
0.000237786585884
2.93224773464e-07
0.000246007105315
-1.21955470814e-05
0.000255095406766
-2.60507310411e-05
0.000265149191677
-4.11769882805e-05
0.000276270200261
-5.74345856201e-05
0.00028856033584
-7.46326107978e-05
0.000302116209791
-9.25221813465e-05
0.00031702184345
-0.000110790157604
0.000333339334063
-0.000129054098145
0.000351097437545
-0.00014685946495
0.00037027826739
-0.00016368037651
0.000390802677331
-0.000178925474803
0.000412515390349
-0.000191950641092
0.000435171529069
-0.000202080251859
0.000458426805906
-0.000208638255927
0.000481834093252
-0.000210989430671
0.000504849204594
-0.000208589642963
0.000526848131215
-0.000201041655798
0.000547156358566
-0.000188150258176
0.000565089082346
-0.000169969335368
0.000579999229264
-0.00014683256927
0.000591321307779
-0.000119350034906
0.00059859916734
-8.83715088727e-05
0.000601530532859
-5.49804859625e-05
0.000599997969321
-2.0422004419e-05
0.000594047053221
1.40406835163e-05
0.00058387471616
4.71750887298e-05
0.000569840954375
7.78047900524e-05
0.000552446634939
0.000104917472237
0.000532286467293
0.000127748047588
0.000510015338589
0.000145784725626
0.000486307599259
0.000158785339605
0.000461816946453
0.000166767099937
0.00043714273041
0.00016997406389
0.000412805170027
0.000168831757343
0.000389230874573
0.000163895104849
0.000366748225857
0.000155796397017
0.000345590829347
0.000145198533693
0.000325906690944
0.000132756546624
0.000307770774695
0.000119088537441
0.000291198934034
0.000104755792078
0.000276161701944
9.02509701459e-05
0.00026259693393
7.59928563279e-05
0.000250420739956
6.23260774493e-05
0.000239536482791
4.95243106258e-05
0.000229841857099
3.77957347535e-05
0.00022123421
2.72897370311e-05
0.00021361433983
1.810413704e-05
0.000206889036224
1.02924083981e-05
0.000200972619057
3.8705548811e-06
0.000195787709904
-1.17656597109e-06
0.000191265437148
-4.88957904843e-06
0.000187345241144
-7.3296249519e-06
0.000183974412664
-8.57408103724e-06
0.000181107468263
-8.71293179042e-06
0.000178705441116
-7.84573348532e-06
-6.07911024527e-06
0.000212687063953
-2.00137932935e-06
0.000211551370542
8.38091074746e-07
0.000210787299136
4.24914962411e-06
0.00021038132147
8.11104887111e-06
0.000210321903716
1.23032072687e-05
0.000210599109248
1.67056824633e-05
0.000211204301787
2.11994955996e-05
0.000212129947002
2.56668446333e-05
0.000213369510717
2.99912409713e-05
0.000214917452371
3.40576010677e-05
0.00021676931307
3.77523228156e-05
0.000218921898331
4.0963375725e-05
0.00022137355633
4.35804340491e-05
0.000224124552939
4.54950828725e-05
0.000227177544925
4.66011293538e-05
0.000230538152233
4.67950542164e-05
0.000234215628895
4.59766424089e-05
0.00023822362969
4.40498371726e-05
0.000242581065536
4.0923867283e-05
0.000247313034502
3.65147043404e-05
0.000252451806346
3.07469141508e-05
0.000258037826058
2.35559735343e-05
0.000264120684933
1.48911306582e-05
0.000270759985368
4.71889127645e-06
0.000278025996713
-6.97278657158e-06
0.000285999963507
-2.01695138755e-05
0.00029477388395
-3.48246514835e-05
0.000304449526333
-5.08526306636e-05
0.000315136397227
-6.81214565139e-05
0.00032694832323
-8.64445368013e-05
0.000339998268563
-0.00010557212668
0.000354391000715
-0.000125182889756
0.000370213260938
-0.000144876358369
0.000387521229948
-0.00016416743396
0.000406325343471
-0.000182484490033
0.000426572949914
-0.000199173081245
0.000448129942003
-0.000213507633181
0.00047076332332
-0.000224713633176
0.000494127589643
-0.00023200252225
0.000517758605837
-0.000234620446866
0.000541079047913
-0.000231910085038
0.000563418835572
-0.000223381443457
0.00058405137146
-0.000208782794064
0.000602243881925
-0.000188161845832
0.000617319497506
-0.000161908184851
0.000628707418008
-0.000130737955409
0.000635945131321
-9.56092221854e-05
0.000638738229108
-5.77735837501e-05
0.000637007415677
-1.86911909872e-05
0.000630814197706
2.02339014871e-05
0.000620337392376
5.76518940599e-05
0.000605931174061
9.22110083676e-05
0.000588107767948
0.00012274087835
0.000567471191684
0.000148384623851
0.000544699878719
0.000168556038591
0.000520503002564
0.00018298221576
0.000495573162337
0.000191696940164
0.000470545430926
0.000195001795302
0.000445966521788
0.000193410666481
0.00042227710762
0.000187584519017
0.000399806896144
0.000178266608493
0.000378779877455
0.000166225552382
0.000359326443109
0.00015220998097
0.000341499200319
0.000136915780232
0.000325289891662
0.000120965100735
0.000310645585701
0.000104895276107
0.00029748302317
8.91554188594e-05
0.000285700585775
7.41085148445e-05
0.000275187771728
6.0037124672e-05
0.000265832326877
4.71511796046e-05
0.000257525324134
3.55967397739e-05
0.000250164541369
2.54649198054e-05
0.000243656489735
1.68004600325e-05
0.000237917414394
9.60963022191e-06
0.000232873544414
3.8673040091e-06
0.000228460819172
-4.76853806678e-07
0.000224624271282
-3.49307706242e-06
0.000221317204066
-5.26701382061e-06
0.000218500266279
-5.89599400424e-06
0.000216140498249
-5.48596545468e-06
-4.14901312321e-06
0.000248794934399
-5.61235208805e-07
0.000247741680344
1.89134512984e-06
0.000247064162382
4.92666758639e-06
0.000246752811978
8.42239927507e-06
0.000246799119485
1.22568997623e-05
0.000247195221722
1.63095802255e-05
0.000247933598838
2.04611184837e-05
0.000249006875959
2.4593567512e-05
0.00025040772606
2.85903908705e-05
0.000252128871671
3.23364554574e-05
0.00025416318445
3.57180100365e-05
0.000256503883093
3.86226770815e-05
0.000259144831431
4.09394857118e-05
0.000262080939773
4.25589745299e-05
0.000265308673466
4.33733956605e-05
0.000268826672981
4.32770547017e-05
0.000272636489519
4.21668258713e-05
0.000276743438695
3.99428879959e-05
0.000281157571937
3.65097340409e-05
0.00028589476024
3.17775160377e-05
0.000290977877127
2.56637972637e-05
0.000296438056047
1.80957946147e-05
0.00030231598087
9.01320583449e-06
0.000308663145193
-1.62827304646e-06
0.000315542985134
-1.38526265125e-05
0.000323031749701
-2.7658278442e-05
0.000331218921096
-4.30118228783e-05
0.000340206934015
-5.98406435827e-05
0.000350109869263
-7.8024391762e-05
0.000361050717298
-9.73853848367e-05
0.000373156731534
-0.000117678140915
0.000386552337852
-0.000138578496074
0.000401349066407
-0.000159673086923
0.000417632070664
-0.000180450438217
0.000435443060246
-0.000200295479616
0.000454759974301
-0.0002184899953
0.000475474534013
-0.000234222192894
0.000497369968415
-0.000246609067577
0.000520102612233
-0.000254735166068
0.000543192452002
-0.000257710286634
0.000566028674846
-0.000254746307882
0.000587895782429
-0.000245248551041
0.000608021298708
-0.000228908310342
0.00062564207888
-0.000205782626004
0.000640092989532
-0.000176359095503
0.000650872936843
-0.00014151790272
0.000657564147166
-0.000102300432508
0.000659925544319
-6.01349809035e-05
0.00065798670203
-1.67523486978e-05
0.000651836543524
2.63840599936e-05
0.000641573829668
6.79146079156e-05
0.00062748909055
0.000106295747486
0.000610056861072
0.000140173107828
0.00058982080574
0.000168620679183
0.000567436129636
0.000190940714695
0.000543619640796
0.0002067987046
0.000519090088228
0.000216226492731
0.000494514226232
0.000219577657298
0.000470464517411
0.000217460375302
0.000447395101608
0.00021065393482
0.000425635400788
0.000200026309312
0.000405397209462
0.000186463743708
0.000386790348513
0.00017081684192
0.000369842411783
0.000153863716961
0.000354519189225
0.000136288323293
0.000340743533162
0.00011867093217
0.000328411461902
0.00010148749012
0.000317405059686
8.51149170597e-05
0.000307602231575
6.98399527838e-05
0.000298883653357
5.58697578221e-05
0.000291137380925
4.33430122058e-05
0.000284261606104
3.23406946262e-05
0.000278166010493
2.28960556441e-05
0.000272772105662
1.50035350522e-05
0.000268012876464
8.62653320789e-06
0.000263831975262
3.70404739496e-06
0.000260182654222
1.56243977383e-07
0.000257026572213
-2.11093181185e-06
0.00025433257262
-3.20199441067e-06
0.000252075497279
-3.22889011357e-06
-2.3085943644e-06
0.000283279264273
7.57199122596e-07
0.000282338512416
2.83209698681e-06
0.00028177008368
5.49509632232e-06
0.000281569117415
8.62336554022e-06
0.000281730718062
1.20952991145e-05
0.000282249544177
1.57907541105e-05
0.000283119511777
1.95911508839e-05
0.00028433360504
2.33794742494e-05
0.000285883789072
2.70402068387e-05
0.000287761021408
3.04592231207e-05
0.000289955360974
3.35236704708e-05
0.000292456175315
3.61218627404e-05
0.000295252448982
3.81432120453e-05
0.000298333197843
3.94782256685e-05
0.000301687995817
4.00185976864e-05
0.000305307621797
3.96574287219e-05
0.000309184835267
3.82896124015e-05
0.000313315288938
3.58124343244e-05
0.000317698585239
3.21264377397e-05
0.000322339480112
2.71366211652e-05
0.00032724923148
2.07540458956e-05
0.000332447079846
1.28979462488e-05
0.000337961833342
3.49845233893e-06
0.000343833507357
-7.49994706188e-06
0.000350114937301
-2.01340564567e-05
0.000356873239517
-3.44165806578e-05
0.000364190937024
-5.0329520385e-05
0.00037216649105
-6.78161976087e-05
0.000380913885014
-8.67717857265e-05
0.000390560796328
-0.000107032296151
0.000401244770526
-0.000128362115113
0.000413106699435
-0.000150440424983
0.00042628083423
-0.000172847221718
0.000440880593509
-0.000195050197496
0.000456979645944
-0.000216394532051
0.000474588280614
-0.00023609862997
0.000493626075639
-0.000253259987919
0.000513893469296
-0.000266876461233
0.000535046991307
-0.00027588868808
0.000556585282306
-0.000279248577633
0.000577855255797
-0.000276016281373
0.000598088200051
-0.000265481495295
0.000616467357551
-0.000247287467843
0.00063221978013
-0.000221535048582
0.000644759285814
-0.000188898601188
0.000653814157094
-0.000150572774
0.000659106489243
-0.000107592764658
0.000660519844448
-6.15483361082e-05
0.000658349519083
-1.45820233333e-05
0.000652734752827
3.19988262503e-05
0.000643552359655
7.70970010869e-05
0.00063092221503
0.000118925892111
0.000615197627341
0.000155897695516
0.000596715335843
0.000187102970681
0.000576028752273
0.000211627298265
0.00055382408443
0.000229003372443
0.000530835908942
0.000239214668219
0.000507767305797
0.000242646260443
0.000485225123499
0.000240002557601
0.000463684216846
0.000232194841473
0.00044347798883
0.000220232537328
0.000424807725219
0.000205134007319
0.000407762934633
0.000187861632506
0.000392346176691
0.000169280474902
0.000378497802058
0.000150136697926
0.000366117908972
0.000131050825256
0.000355084291379
0.000112521107713
0.000345266143072
9.49330653664e-05
0.000336533856516
7.857223934e-05
0.000328765525959
6.3638088379e-05
0.000321850839702
5.02576984627e-05
0.00031569301006
3.84985242685e-05
0.0003102093001
2.8379765604e-05
0.000305330599887
1.98822352648e-05
0.000301000401866
1.29567312289e-05
0.000297173434846
7.53101441504e-06
0.000293814142077
3.51553674661e-06
0.000290895130889
8.08079375785e-07
0.00028839567753
-7.02541051442e-07
0.000286300338714
-1.13355129778e-06
-6.05954254115e-07
0.00031594218565
1.91814210821e-06
0.000315141636582
3.63264605411e-06
0.000314702814723
5.9339181813e-06
0.000314626285909
8.69989435403e-06
0.000314911332035
1.18102529885e-05
0.000315555560788
1.51465253577e-05
0.000316554630089
1.85920815831e-05
0.000317902077971
2.20320263673e-05
0.0003195892511
2.53530337094e-05
0.000321605327749
2.84431464723e-05
0.000323937433685
3.11915645345e-05
0.000326570852116
3.34884443098e-05
0.000329489331449
3.52247327115e-05
0.000332675497226
3.62920598922e-05
0.00033611137699
3.65827179222e-05
0.000339779049113
3.59897565988e-05
0.00034366142836
3.44072331543e-05
0.000347743202207
3.17306604779e-05
0.000352011932039
2.78577079071e-05
0.000356459331967
2.26892212374e-05
0.000361082734141
1.61306437215e-05
0.000365886742097
8.09393829265e-06
0.000370885061111
-1.49986667494e-06
0.000376102474678
-1.27173606287e-05
0.000381576906113
-2.5608487892e-05
0.000387361460264
-4.0201134809e-05
0.000393526277934
-5.64943380545e-05
0.000400159949853
-7.44498695279e-05
0.000407370123186
-9.39819590598e-05
0.000415282788648
-0.000114944961612
0.00042403956246
-0.000137118888925
0.000433792087252
-0.000160192949775
0.000444692501897
-0.000183747636363
0.000456878837972
-0.000207236533571
0.000470454307314
-0.000229970001393
0.000485459936493
-0.000251104259149
0.000501841149539
-0.000269641200965
0.000519411032738
-0.000284446344432
0.000537816289078
-0.00029429394442
0.000556515946527
-0.000297948235083
0.000574787710617
-0.000294288045463
0.000591780655904
-0.000282474440582
0.000606617962973
-0.000262124774912
0.000618527380999
-0.000233444466608
0.000627087846923
-0.000197459067112
0.000632578027928
-0.000156062955004
0.000635057245331
-0.000110071982061
0.000634625716876
-6.11168076529e-05
0.000632178379134
-1.21346855915e-05
0.000627948054081
3.62291513034e-05
0.0006212817884
8.37632667683e-05
0.000611946195883
0.000128261484628
0.000600027953486
0.000167815937914
0.000585350975809
0.000201779948358
0.00056825645231
0.000228721821764
0.000549357630723
0.00024790219403
0.000529411482878
0.000259160816064
0.000509185298919
0.000262872444402
0.000489349096657
0.000259838759863
0.00047042052919
0.00025112340894
0.000452751309329
0.000237901757189
0.000436540585091
0.000221344731557
0.000421862465931
0.000202539751666
0.000408698037103
0.00018244490373
0.000396965775694
0.000161868959334
0.000386547254952
0.000141469345999
0.000377307089853
0.000121761272812
0.000369107304977
0.000103132850242
0.000361816908804
8.58626355125e-05
0.000355317660911
7.01373362726e-05
0.000349506995515
5.60683638584e-05
0.000344298935165
4.37065846187e-05
0.000339623664083
3.30550366854e-05
0.000335426270515
2.40796288336e-05
0.000331665028707
1.67179730367e-05
0.000328309479385
1.08865637373e-05
0.000325338481769
6.48653436235e-06
0.000322738346851
3.4082142931e-06
0.000320501116394
1.5346894059e-06
0.000318623020859
7.44544237071e-07
9.13937970025e-07
0.000346602042423
2.88999957345e-06
0.00034596589134
4.26879713706e-06
0.000345674295793
6.22551372758e-06
0.000345733900405
8.64028974263e-06
0.00034614867278
1.13954806137e-05
0.000346919555025
1.43756431121e-05
0.000348044225018
1.74674115907e-05
0.000349516956263
2.05592951224e-05
0.000351328568341
2.35414216314e-05
0.000353466463078
2.63052517347e-05
0.000355914744715
2.87432828982e-05
0.000358654425448
3.07487635761e-05
0.000361663720858
3.22154373019e-05
0.000364918442785
3.30373379652e-05
0.000368392500362
3.31086603455e-05
0.000372058522894
3.23237340666e-05
0.000375888621167
3.05771348814e-05
0.000379855306288
2.77639753562e-05
0.000383932587057
2.37804271385e-05
0.000388097267602
1.85245406927e-05
0.000392330465923
1.18974454e-05
0.000396619369804
3.80503441186e-06
0.000400959237741
-5.83973461172e-06
0.000405355636644
-1.7113759532e-05
0.000409826881672
-3.00797329199e-05
0.000414406602117
-4.47808552544e-05
0.000419146294574
-6.12340305111e-05
0.00042411763289
-7.94212078436e-05
0.000429414174555
-9.92785007253e-05
0.00043515192573
-0.000120682712788
0.000441467995232
-0.000143434958427
0.000448516283124
-0.000167241237667
0.000456458833494
-0.000191690186732
0.000465451195223
-0.000216228895301
0.000475620012835
-0.000240138819004
0.000487031359167
-0.000262515605481
0.000499649450941
-0.000282259292738
0.000513288044696
-0.000298084938188
0.000527561620325
-0.000308567520049
0.000541850232403
-0.00031223684716
0.000555301921623
-0.000307739734684
0.000566910333626
-0.000294082852585
0.000575679754834
-0.00027089419612
0.000580805522428
-0.000238570234202
0.000582097812458
-0.000198751357142
0.000580977509323
-0.000154942651869
0.000578230899441
-0.000107325372179
0.000574406279845
-5.72921880576e-05
0.00057160826749
-9.33667323666e-06
0.000570225216531
3.76122022627e-05
0.000568505669726
8.54828135735e-05
0.000565488495804
0.000131278658549
0.000560713413673
0.000172591020045
0.000552896550876
0.000209596811155
0.000542058131589
0.000239560241052
0.000528718361849
0.00026124196377
0.000513712471796
0.000274166706117
0.000497948798225
0.000278636117973
0.00048222577272
0.000275561785367
0.000467149935977
0.000266199245683
0.000453120237496
0.00025193145567
0.000440350778218
0.000234114190835
0.000428910740709
0.000213979789176
0.000418767357182
0.000192588287257
0.00040982419846
0.000170812118056
0.000401951605662
0.000149341938797
0.000395008848863
0.000128704029611
0.000388858986286
0.00010928271282
0.000383377903688
9.13437181106e-05
0.000378459037448
7.50562025121e-05
0.000374015086899
6.0512314408e-05
0.000369977752339
4.77439191784e-05
0.000366296272465
3.67365165592e-05
0.000362935311324
2.74405899753e-05
0.000359872568854
1.97807155068e-05
0.00035709635758
1.36627750105e-05
0.000354603293689
8.97959825412e-06
0.000352396185351
5.61532263052e-06
0.000350482157452
3.4487173052e-06
0.000348871023696
2.35567799262e-06
2.21106177845e-06
0.000375094306315
3.64678849125e-06
0.000374642131535
4.72097191646e-06
0.000374511633899
6.35601136413e-06
0.000374716083107
8.43584053447e-06
0.000375264555171
1.08470085497e-05
0.000376161647365
1.34785509179e-05
0.000377407292274
1.62217666819e-05
0.000378996658465
1.89699289311e-05
0.000380920128979
2.16179511173e-05
0.000383163352353
2.40620283612e-05
0.000385707364338
2.61992709132e-05
0.00038852878187
2.79273460435e-05
0.000391600074253
2.91441449188e-05
0.00039488991998
2.97474922381e-05
0.000398363661195
2.96349191309e-05
0.000401983871468
2.87035237939e-05
0.00040571105633
2.68499500188e-05
0.000409504509786
2.39705219002e-05
0.00041332335356
1.99615833645e-05
0.000417127788842
1.47201054106e-05
0.000420880592069
8.14464217304e-06
0.000424548885854
1.36740627278e-07
0.000428106211968
-9.39706072579e-06
0.000431534922849
-2.0542470413e-05
0.000434828887801
-3.33736978714e-05
0.000437996474588
-4.79484420416e-05
0.000441063708839
-6.43012647625e-05
0.000444077421978
-8.24349209822e-05
0.000447108059255
-0.000102309138002
0.000450251615222
-0.000123826268755
0.000453629874954
-0.000146813218158
0.000457387748324
-0.000170999111037
0.000461685988038
-0.000195988426446
0.00046668701453
-0.000221229921793
0.000472531050966
-0.000245982855441
0.000479299571878
-0.000269284126394
0.000486963765473
-0.000289923486333
0.000495318511091
-0.000306439683805
0.000503908868447
-0.000317157877405
0.00051196660599
-0.000320294584702
0.000518393411351
-0.000314166540046
0.000521867290615
-0.000297556731849
0.000521118729455
-0.000270145634959
0.000515146984074
-0.000232598488821
0.000503819209733
-0.0001874235828
0.000491266417169
-0.000142389859305
0.000479085744888
-9.51446998985e-05
0.00046926695703
-4.74734001991e-05
0.000466028706183
-6.09842238965e-06
0.000469955743328
3.36851651176e-05
0.000477336766814
7.81017900869e-05
0.000485476831592
0.000123138593771
0.000493212629272
0.000164855222365
0.000496771500294
0.000206037940133
0.000495842453722
0.000240489287623
0.000490940626883
0.000266143790609
0.000483159351967
0.000281947981033
0.000473719773152
0.000288075696789
0.000463673774354
0.000285607784165
0.000453797057994
0.000276075962043
0.000444582440428
0.000261146073235
0.000436284966374
0.00024241166489
0.000428984310006
0.000221280445543
0.000422644959809
0.000198927637454
0.000417165608873
0.000176291468992
0.000412415558592
0.000154091989078
0.000408259262719
0.000132860325484
0.000404571395767
0.000112970579772
0.000401244968713
9.46701451644e-05
0.000398194675223
7.81064960014e-05
0.000395357170686
6.33498189452e-05
0.000392689523393
5.04115664712e-05
0.000390166693962
3.92593459903e-05
0.000387778607083
2.98286768542e-05
0.000385527169016
2.20321535741e-05
0.000383423438418
1.57665056084e-05
0.000381485060712
1.09179759606e-05
0.000379734013453
7.36636988874e-06
0.000378194671454
4.98805930509e-06
0.00037689217783
3.65817161662e-06
3.25214437554e-06
0.000401272103581
4.16945399115e-06
0.000401017848169
4.9752273283e-06
0.000401057800367
6.31605916566e-06
0.000401412254867
8.08138603495e-06
0.000402095702597
1.01635608193e-05
0.000403116629866
1.24576236493e-05
0.000404477400248
1.48609962999e-05
0.000406174206166
1.72731230131e-05
0.000408197081044
1.95950762392e-05
0.000410529966631
2.17291427744e-05
0.00041315083364
2.35784039045e-05
0.000416031857333
2.50463223496e-05
0.000419139653201
2.60363490512e-05
0.000422435581481
2.64515639585e-05
0.000425876133135
2.61943674771e-05
0.000429413413977
2.51662429518e-05
0.000432995748085
2.32676159107e-05
0.0004365684264
2.0397843585e-05
0.00044007463141
1.64553783543e-05
0.000443456573872
1.13381629485e-05
0.00044665688218
4.9443338658e-06
0.000449620288449
-2.82666564232e-06
0.000452295656358
-1.20724286345e-05
0.000454638391952
-2.28852060067e-05
0.000456613266526
-3.53485724463e-05
0.000458197654649
-4.95328301638e-05
0.000459385141839
-6.54887519526e-05
0.000460189372503
-8.32391516465e-05
0.000460647870525
-0.000102767636024
0.000460825345925
-0.000124003744155
0.000460815665596
-0.000146803537829
0.000460741170285
-0.000170924615727
0.000460747317533
-0.000195994573694
0.000460989694164
-0.000221472298424
0.000461609315452
-0.000246602476729
0.000462691004597
-0.000270365815538
0.000464199090856
-0.000291431572592
0.000465886408008
-0.000308127000958
0.000467179740067
-0.000318451209464
0.000467058517108
-0.000320173361743
0.000463973847212
-0.00031108187015
0.00045595091984
-0.000289533804476
0.000441078265582
-0.000255272980701
0.000417980182856
-0.000209500406096
0.000384557103503
-0.000154000503447
0.000352806334052
-0.000110639089854
0.00032533343625
-6.76718020967e-05
0.00030535143933
-2.74914032787e-05
0.000301623457527
-2.37044058702e-06
0.000314890311603
2.04183110421e-05
0.000337359508227
5.56325934621e-05
0.000363810251063
9.66878509353e-05
0.000393579420416
0.000135086053013
0.000415063864889
0.00018455349566
0.000428966734129
0.000226586418383
0.000436001679582
0.000259108845156
0.000438005044043
0.000279944616573
0.000436864899431
0.000289215841401
0.000434101701633
0.000288370981963
0.000430781960741
0.000279395702935
0.000427554333273
0.000264373700703
0.00042474534638
0.000245220651783
0.000422461934362
0.00022356385756
0.000420678091322
0.000200711480495
0.000419299350657
0.000177670209656
0.000418206263357
0.000155185076378
0.000417281147922
0.000133785440919
0.000416422801873
0.000113828925822
0.000415553152061
9.55397949764e-05
0.00041461884924
7.90407988223e-05
0.000413589920232
6.4378747953e-05
0.000412456884559
5.15446021443e-05
0.000411227227774
4.04890027748e-05
0.000409921768739
3.11341358899e-05
0.000408571222946
2.33826993664e-05
0.000407213113793
1.71246147621e-05
0.000405889091207
1.22419985462e-05
0.000404642662735
8.61279836064e-06
0.000403517312288
6.11340975257e-06
0.000402554967216
4.62051668832e-06
4.01234251107e-06
0.00042500634372
4.44699561978e-06
0.000424957455119
5.02411592911e-06
0.000425172044774
6.1014695104e-06
0.000425677647591
7.57578321789e-06
0.000426494331099
9.34687731158e-06
0.00042763459692
1.13173578284e-05
0.000429103343445
1.33922497748e-05
0.00043089787684
1.54785896177e-05
0.000433007961509
1.74849915699e-05
0.0004354159048
1.93211994834e-05
0.000438096674196
2.08976345091e-05
0.00044101804859
2.21249479557e-05
0.000444140808657
2.29135889843e-05
0.000447418974872
2.31733977427e-05
0.000450800105599
2.28132367503e-05
0.000454225671905
2.17406766461e-05
0.000457631530564
1.98617572514e-05
0.000460948522112
1.70808520373e-05
0.000464103226894
1.33006735721e-05
0.000467018918807
8.42247103583e-06
0.000469616763597
2.34648907561e-06
0.000471817315764
-5.02721780897e-06
0.00047354237429
-1.37974871611e-05
0.000474717260878
-2.40600925947e-05
0.00047527358193
-3.5904893498e-05
0.000475152522003
-4.94117702365e-05
0.00047430868309
-6.46449130402e-05
0.000472714416821
-8.16448853771e-05
0.000470364473149
-0.000100417692352
0.000467280574794
-0.000120919845801
0.000463515169539
-0.000143038132574
0.000459153036986
-0.000166562483173
0.000454308527963
-0.000191150064672
0.000449114866714
-0.000216278637175
0.000443700035419
-0.000241187645433
0.000438141218268
-0.000264806998387
0.00043238673018
-0.000285677084503
0.000426132531771
-0.000301872802549
0.000418644614135
-0.000310963291828
0.000408528908533
-0.000310057656141
0.000393486009534
-0.000296038971151
0.000370263782148
-0.00026631157709
0.000335254502794
-0.000220263701348
0.000287751374603
-0.000161997277905
0.000221944962878
-8.81940917217e-05
0.000124182169882
-1.28762968582e-05
5.65103677858e-05
-0
2.9018964507e-05
-0
2.664852392e-05
-0
4.70668349621e-05
0
0.000102699428424
0
0.000193911563307
5.47571605266e-06
0.000261412286803
6.75853295171e-05
0.000307796964118
0.000138168818344
0.000342769234236
0.000191614148266
0.00036545025612
0.000236427823272
0.000379726395034
0.000265668477659
0.000388704487685
0.00028023774875
0.000394669551165
0.000282405918482
0.000399128341665
0.000274936912435
0.000402945784068
0.0002605562583
0.000406541972114
0.000241624463737
0.000410061000403
0.000220044829271
0.000413495096827
0.000197277384071
0.000416767503479
0.000174397803004
0.000419782929082
0.000152169650775
0.000422455367376
0.000131113002625
0.000424721318458
0.000111562974739
0.000426544175226
9.37169382087e-05
0.000427913628364
7.76713456839e-05
0.000428842534826
6.34498414916e-05
0.000429362728257
5.10244087126e-05
0.000429520620098
4.03311109344e-05
0.000429373045248
3.12817107391e-05
0.000428983567079
2.37721775363e-05
0.000428419317077
1.76888647636e-05
0.000427748367189
1.29129484337e-05
0.000427037593344
9.32357220592e-06
0.000426350971422
6.80003167472e-06
0.00042574824236
5.22324575045e-06
4.47669952279e-06
0.00044618546288
4.47731884195e-06
0.000446342254529
4.86732427984e-06
0.000446730035608
5.71368843133e-06
0.000447383578748
6.92224007788e-06
0.000448328520593
8.40193546677e-06
0.000449581379406
1.00644990156e-05
0.000451149608094
1.18240210866e-05
0.000453031670754
1.35965269573e-05
0.000455217134631
1.52995276928e-05
0.000457686772778
1.68515613369e-05
0.000460412675851
1.81717314363e-05
0.00046335837452
1.91792492868e-05
0.000466478977057
1.97929864467e-05
0.000469721329942
1.9931044858e-05
0.000473024212924
1.95103537681e-05
0.000476318584121
1.84463054487e-05
0.00047952789549
1.66524458831e-05
0.000482568504678
1.40402428493e-05
0.000485350215947
1.0518962303e-05
0.000487776990712
5.99569627016e-06
0.000489747877396
3.75602392402e-07
0.000491158220541
-6.43756095451e-06
0.000491901220158
-1.45404867778e-05
0.000491869922843
-2.40287952795e-05
0.000490959734254
-3.49947049095e-05
0.000489071543673
-4.75235796553e-05
0.000486115538018
-6.16889073854e-05
0.000482015741291
-7.75450886494e-05
0.000476715222723
-9.51171737844e-05
0.000470181733834
-0.000114386356911
0.000462413196704
-0.000135269595444
0.00045344186877
-0.000157591155239
0.000443334987141
-0.000181043183043
0.00043218800111
-0.000205131651144
0.000420103808462
-0.000229103452785
0.000407147192197
-0.000251850382123
0.000393256901956
-0.000271786794262
0.000378089230054
-0.000286705130647
0.000360762821434
-0.000293636883208
0.000339460794847
-0.000288755629554
0.000310852018608
-0.000267430194912
0.000269820515392
-0.000225280073873
0.000209806296432
-0.000160249482389
0.00010107038858
-5.32613700527e-05
1.28762968582e-05
-0
0
0
0
0
0
0
-0
0
-0
0
0
0
5.47571605266e-06
0
7.30610455698e-05
0
0.000181662149493
2.95677144202e-05
0.000242435549725
0.000130840748034
0.000283174203953
0.000195689169043
0.000311442660075
0.000237400021537
0.000331737964564
0.000259942444261
0.000347413508148
0.000266730374898
0.000360537255302
0.000261813165281
0.000372205840164
0.000248887673438
0.000382921178478
0.000230909125424
0.000392853997586
0.000210112010163
0.000402013218034
0.000188118163623
0.000410346449928
0.000166064571111
0.000417794152773
0.000144721947929
0.000424315524123
0.000124591631275
0.000429898195637
0.000105980303226
0.000434559213189
8.90559206567e-05
0.000438341750268
7.38888086046e-05
0.000441310089029
6.04815027309e-05
0.000443544238954
4.87902587877e-05
0.000445134880911
3.87404689772e-05
0.000446178937406
3.02376542447e-05
0.000446775858577
2.31752563653e-05
0.000447024604644
1.74401186961e-05
0.00044702125491
1.29162981676e-05
0.000446857154933
9.48767218339e-06
0.000446617511886
7.03967472134e-06
0.000446380354761
5.4604028758e-06
4.6412681818e-06
0.000464714820621
4.26773460944e-06
0.000465070113348
4.51203155288e-06
0.000465623754917
5.16004686185e-06
0.000466417510987
6.12848400777e-06
0.000467482393056
7.33705339771e-06
0.000468838800047
8.70809202517e-06
0.000470496666733
1.01661544003e-05
0.000472455608776
1.16375849144e-05
0.000474705057483
1.30500789856e-05
0.000477224380344
1.43322384765e-05
0.000479982986052
1.54131257285e-05
0.000482940415289
1.6221820049e-05
0.000486046421143
1.66869805929e-05
0.000489241045806
1.67364201952e-05
0.000492454703383
1.62966961914e-05
0.000495608282308
1.52927265234e-05
0.000498613285331
1.36474428601e-05
0.000501372030496
1.12814976846e-05
0.000503777943282
8.11304951708e-06
0.000505715978434
4.05766111756e-06
0.000507063220303
-9.71639475924e-07
0.000507689723011
-7.06406366344e-06
0.00050745966668
-1.43104304468e-05
0.000506232922923
-2.28020515216e-05
0.00050386714104
-3.26289230266e-05
0.000500220483171
-4.38769217868e-05
0.000495155146747
-5.66235709609e-05
0.000488541805233
-7.09317471356e-05
0.000480265052916
-8.68404214678e-05
0.000470229818678
-0.000104351122673
0.000458368449749
-0.000123408226516
0.000444647639211
-0.000143870344701
0.00042907336998
-0.000165468913812
0.000411690226067
-0.000187748507231
0.000392568256678
-0.000209981483396
0.000371765071874
-0.000231047197319
0.000349240462939
-0.000249262185327
0.000324684372884
-0.000262149040592
0.000297210125689
-0.000266162636012
0.000264800708872
-0.000256346212737
0.000222929359879
-0.00022555884592
0.000163902801238
-0.000166253515231
5.32613700527e-05
-4.96080512036e-05
0
-0
0
0
0
0
0
0
-0
0
0
0
0
0
-0
0
0
0
0
0
2.95677144202e-05
0
0.000135448204073
2.49602583813e-05
0.000195867469018
0.000135269904099
0.000238321684376
0.000194945806178
0.000269781746668
0.000228482381969
0.000295279874582
0.000241232246984
0.000317389780262
0.000239703259601
0.000337316513089
0.000228960940611
0.000355555491515
0.000212670146998
0.000372255217087
0.000193412284591
0.000387422572933
0.000172950807777
0.000401029092511
0.000152458051533
0.00041305950982
0.00013269153062
0.000423529939564
0.000114121201532
0.000432490933907
9.70193088827e-05
0.00044002360732
8.15232472437e-05
0.000446233154675
6.76792612491e-05
0.000451241930115
5.54727272913e-05
0.000455183081305
4.48491075973e-05
0.0004581951205
3.57284297825e-05
0.000460417506722
2.80152680221e-05
0.000461987170495
2.16055925923e-05
0.000463035855844
1.63914333478e-05
0.000463688141138
1.22640128733e-05
0.000464060007687
9.11580563403e-06
0.000464257840696
6.84184171242e-06
0.000464377765144
5.34047842805e-06
4.51379693732e-06
0.00048051581227
3.83504418624e-06
0.000481054901491
3.97294233162e-06
0.000481761188035
4.45376031808e-06
0.000482682930784
5.20674125832e-06
0.00048385612635
6.16385783133e-06
0.000485304775224
7.25944315163e-06
0.00048704112526
8.42980436477e-06
0.000489065884418
9.61282575566e-06
0.000491368397433
1.07475659709e-05
0.000493926783388
1.17738525212e-05
0.000496708033268
1.26318758492e-05
0.000499668068475
1.32617848421e-05
0.000502751763328
1.36032857396e-05
0.000505892936695
1.35952468276e-05
0.000509014320458
1.31753124288e-05
0.000512027515554
1.2279531427e-05
0.000514832950185
1.08420082299e-05
0.000517319859655
8.79458821428e-06
0.000519366313655
6.06659551706e-06
0.00052083932496
2.58464981222e-06
0.00052159508418
-1.7273986956e-06
0.000521479378884
-6.9483583672e-06
0.000520328273008
-1.31593245716e-05
0.00051796914457
-2.04429230832e-05
0.000514222206926
-2.88819853824e-05
0.000508902670948
-3.85573858088e-05
0.00050182374058
-4.95446405932e-05
0.000492800666808
-6.19086733632e-05
0.000481656101804
-7.56958564641e-05
0.000468226967541
-9.09219884098e-05
0.00045237292355
-0.000107554182524
0.000433986171722
-0.000125483592874
0.000413001548444
-0.000144484290533
0.000389404216145
-0.000164151174932
0.000363229080972
-0.000183806348223
0.000334540064763
-0.000202358181111
0.00030336566174
-0.000218087782304
0.000269545127597
-0.000228328506449
0.000232428081036
-0.000229045589451
0.000190440780265
-0.000214358911966
0.000139289632954
-0.000174407698609
4.96080512036e-05
-7.65719334808e-05
0
-0
0
0
0
0
0
0
-0
0
-0
0
0
0
-0
0
-0
0
0
0
0
0
0
0
2.49602583813e-05
0
0.000115920263886
4.4309898594e-05
0.00016739023145
0.000143475838615
0.000207628728558
0.000188243884861
0.000241885948096
0.000206975027446
0.000272599886503
0.000208989321194
0.000300701230247
0.000200859596868
0.000326479272498
0.000186892104746
0.000349968669202
0.000169922887888
0.000371140385642
0.000151779091337
0.000389983648945
0.000133614788229
0.000406532681417
0.000116142498149
0.000420869199064
9.97846838849e-05
0.000433115234513
8.47732734338e-05
0.000443423025389
7.12154563672e-05
0.000451965013667
5.91372729714e-05
0.000458925158015
4.85125829429e-05
0.000464491882205
3.92823834078e-05
0.000468852596801
3.13677151859e-05
0.000472189584282
2.46782805413e-05
0.000474677002158
1.91181747168e-05
0.00047647877197
1.45896635353e-05
0.0004777471535
1.0995631344e-05
0.00047862183875
8.24112038354e-06
0.0004792294331
6.23424736215e-06
0.00047968321914
4.88669238843e-06
4.11389423083e-06
0.000493524779727
3.20516822524e-06
0.000494225757323
3.27196473522e-06
0.000495065860827
3.61365681396e-06
0.000496099088598
4.17351348777e-06
0.000497365839049
4.89710738036e-06
0.000498893293942
5.73198825849e-06
0.000500695750689
6.62734761806e-06
0.000502774897976
7.53367846858e-06
0.000505120031072
8.40243287465e-06
0.000507708204821
9.18567877188e-06
0.000510504323737
9.83575693365e-06
0.000513461169913
1.03049386655e-05
0.000516519370813
1.054508484e-05
0.000519607310458
1.05073071823e-05
0.00052264098938
1.01416335072e-05
0.00052552384096
9.39667984682e-06
0.000528146514838
8.21933435182e-06
0.000530386642124
6.55446092813e-06
0.00053210860267
4.34463497178e-06
0.000533163322161
1.52993032059e-06
0.000533388137049
-1.95221358307e-06
0.000532606779256
-6.16700057412e-06
0.0005306295516
-1.11820969158e-05
0.000527253790497
-1.70671619805e-05
0.000522264746994
-2.38929418792e-05
0.000515437062944
-3.17297017587e-05
0.000506537078771
-4.06446564204e-05
0.000495326284521
-5.06978791131e-05
0.000481566315384
-6.19358873274e-05
0.000465025986899
-7.43816599244e-05
0.000445490933663
-8.80191292888e-05
0.000422776381202
-0.000102769040412
0.000396743260689
-0.000118451170021
0.000367316867232
-0.000134724781475
0.000334504657704
-0.000150994138695
0.000298403636845
-0.000166257160251
0.000259176278388
-0.000178860423847
0.000216952937769
-0.000186105165831
0.000171501678136
-0.000183594329818
0.000121312661999
-0.00016416989583
6.5620662826e-05
-0.000118715699435
0
-1.09512706549e-05
0
0
0
0
0
0
0
0
-0
0
-0
0
0
0
-0
0
0
0
-0
0
0
0
0
0
0
0
4.4309898594e-05
0
0.000103301489799
8.44842474101e-05
0.000149393902294
0.000142151472366
0.000190854120514
0.000165514809226
0.000229326881264
0.000170516560444
0.000265069234022
0.00016511724411
0.000297979943426
0.000153981395343
0.000327899259336
0.000140003571978
0.000354734538588
0.000124943812086
0.000378487662259
0.000109861664557
0.000399245219353
9.53849410549e-05
0.000417158960681
8.18709425569e-05
0.000432425941142
6.95062929729e-05
0.000445271503057
5.83698944523e-05
0.000455935825553
4.84729504752e-05
0.000464663786864
3.97846216322e-05
0.000471697579313
3.22485909584e-05
0.000477271489391
2.57938051084e-05
0.000481608326791
2.03414431406e-05
0.000484917082434
1.58094190736e-05
0.000487391487186
1.21152587834e-05
0.000489209220578
9.17789795229e-06
0.000490531580704
6.91876025805e-06
0.000491503474309
5.26235375642e-06
0.000492253622379
4.13654431844e-06
3.47261284431e-06
0.000503691822367
2.41230731647e-06
0.000504526260417
2.43752668576e-06
0.000505476288004
2.66362922696e-06
0.000506600651936
3.04914955612e-06
0.000507943389044
3.55437027144e-06
0.000509534311101
4.14106620186e-06
0.000511389413787
4.77224493215e-06
0.000513511206363
5.4118858926e-06
0.000515888960009
6.02467922874e-06
0.000518498873808
6.57576497301e-06
0.000521304158129
7.03047261198e-06
0.000524255035856
7.35406093904e-06
0.000527288662599
7.51145809713e-06
0.000530328967883
7.46700189777e-06
0.000533286420375
7.18418101594e-06
0.000536057721749
6.62537847262e-06
0.000538525435984
5.7516201161e-06
0.000540557564005
4.52233290751e-06
0.000542007078123
2.89512085432e-06
0.000542711437267
8.2557117584e-07
0.000542492113365
-1.73288968041e-06
0.00054115417267
-4.82905987959e-06
0.000538485975172
-8.51389941746e-06
0.000534259082807
-1.28402696158e-05
0.000528228506868
-1.78623659406e-05
0.000520133481764
-2.36346766544e-05
0.000509699033655
-3.02102083112e-05
0.000496638728861
-3.76375743196e-05
0.00048065915262
-4.59563110863e-05
0.000461466902596
-5.51894098996e-05
0.000438779205797
-6.533143249e-05
0.000412339700167
-7.63295347822e-05
0.000381941453666
-8.80529235203e-05
0.000347459853173
-0.000100243180981
0.000308898322878
-0.0001124326084
0.00026644810151
-0.000123806938883
0.000220552949128
-0.000132965271465
0.000171962971086
-0.000137515187789
0.000121858410489
-0.000133489769221
7.16829394549e-05
-0.000113994424795
1.09512706549e-05
-5.79840306354e-05
0
-0
0
0
0
0
0
0
0
0
0
0
-0
0
-0
0
0
0
-0
0
0
0
-0
0
-0
0
0
0
0
0
5.43861829233e-05
3.00980644868e-05
0.000100350985268
9.61866700213e-05
0.000146412990851
0.000119452803642
0.000191073387846
0.000125856163449
0.000233348908778
0.000122841723177
0.00027248527779
0.000114845026331
0.000308035859791
0.000104452989976
0.000339817634374
9.31620375026e-05
0.000367837620647
8.1841678285e-05
0.000392231882791
7.09906789103e-05
0.000413219445368
6.08833799798e-05
0.000431068592369
5.16571459722e-05
0.000446072966212
4.33655206099e-05
0.000458535027308
3.60108893785e-05
0.000468754846759
2.95648021811e-05
0.000477022689899
2.39807478191e-05
0.000483614263303
1.92022317047e-05
0.000488787816225
1.51678902179e-05
0.000492782521756
1.18147135429e-05
0.000495817731633
9.08004890648e-06
0.00049809281851
6.90281107504e-06
0.000499787404136
5.22417463261e-06
0.000501061831529
3.98792636346e-06
0.000502057781249
3.14059459808e-06
2.63143263461e-06
0.000510979618227
1.49765383798e-06
0.00051191359715
1.50354776328e-06
0.000512945399653
1.63182672427e-06
0.000514137325033
1.85722417539e-06
0.000515536130176
2.15556512912e-06
0.000517173593151
2.50360322638e-06
0.000519066981354
2.87885672933e-06
0.000521219422735
3.25944451131e-06
0.000523620179456
3.6239225079e-06
0.000526244823729
3.95112070037e-06
0.000529055315881
4.21998045957e-06
0.000531999984859
4.40939196069e-06
0.000535013411573
4.49803138331e-06
0.000538016215765
4.46419770613e-06
0.000540914747591
4.28564919013e-06
0.000543600685966
3.93944009762e-06
0.00054595054715
3.40175893183e-06
0.00054782510937
2.64777068709e-06
0.000549068762857
1.65146736814e-06
0.000549508800203
3.85533829766e-07
0.000548954670342
-1.1787598199e-06
0.000547197232041
-3.07162157897e-06
0.000544008061765
-5.32472914112e-06
0.00053913889917
-7.97110702041e-06
0.000532321356175
-1.10448229458e-05
0.000523267079914
-1.45804003931e-05
0.000511668657411
-1.86117858081e-05
0.000497201698772
-2.31706156807e-05
0.000479528764927
-2.82833772415e-05
0.000458306162495
-3.3966807468e-05
0.000433195189237
-4.02204592318e-05
0.000403880307665
-4.70146532097e-05
0.000370098166295
-5.42707821509e-05
0.000331683721708
-6.18287363938e-05
0.000288643594125
-6.93924808178e-05
0.000241273713631
-7.64370583891e-05
0.000190347454037
-8.20390118708e-05
0.000137387852923
-8.45555866754e-05
8.49939372738e-05
-8.10958535719e-05
3.76609294611e-05
-6.66614169824e-05
0
-2.03231011744e-05
0
0
0
0
0
0
0
0
0
0
0
0
0
0
-0
0
-0
0
0
0
-0
0
-0
0
0
0
-0
0
0
0
2.22717647218e-05
7.82629976495e-06
6.42944654551e-05
5.4163969288e-05
0.000112237615507
7.15096535904e-05
0.000161176357066
7.69174218906e-05
0.000208380619828
7.56374604154e-05
0.000252330176178
7.08954699809e-05
0.000292265694205
6.45174719493e-05
0.000327899672168
5.75280595397e-05
0.000359233043941
5.05083065113e-05
0.000386440126428
4.37835964234e-05
0.000409795137479
3.75283689286e-05
0.000429625004982
3.182727847e-05
0.000446279190921
2.67113346704e-05
0.000460110550049
2.21795302507e-05
0.000471463358378
1.82119938516e-05
0.000480666015655
1.47780905426e-05
0.000488026799814
1.18414475458e-05
0.000493831611865
9.3630781662e-06
0.000498343011989
7.30331341945e-06
0.000501800083463
5.62297743163e-06
0.000504418815705
4.28407883314e-06
0.000506392799846
3.25019049228e-06
0.000507894098268
2.48662794093e-06
0.000509074195031
1.9604978356e-06
1.64066291642e-06
0.000515362364645
5.07709006656e-07
0.000516357802915
5.08109492733e-07
0.000517440011014
5.49618625732e-07
0.000518673486545
6.23748643697e-07
0.000520106668728
7.22382946274e-07
0.000521772551796
8.37720158193e-07
0.00052368919049
9.62218035306e-07
0.000525860097483
1.08853751912e-06
0.000528274532942
1.20948704813e-06
0.000530907686535
1.31796710753e-06
0.000533720752074
1.40691492051e-06
0.000536660894889
1.46924914559e-06
0.000539661111827
1.4978144455e-06
0.000542639983712
1.48532582163e-06
0.000545501320203
1.42431269893e-06
0.000548133697409
1.3070628914e-06
0.000550409889525
1.12556681575e-06
0.000552186197499
8.7146271367e-07
0.000553301680645
5.35984221556e-07
0.000553577301927
1.099125475e-07
0.000552815005203
-4.16463095023e-07
0.000550796754626
-1.05337100282e-06
0.000547283584833
-1.81155934762e-06
0.000542014738989
-2.70226117692e-06
0.000534707015891
-3.73709984687e-06
0.000525054515614
-4.92790011657e-06
0.000512729079957
-6.28635015105e-06
0.000497381891786
-7.82342750945e-06
0.000478646964323
-9.54844977835e-06
0.000456147680692
-1.14675238373e-05
0.000429508243818
-1.35810223579e-05
0.000398373056937
-1.58794663288e-05
0.000362439021201
-1.83367464153e-05
0.000321509102663
-2.08988178549e-05
0.000275581254161
-2.34646323163e-05
0.000224997377947
-2.5853182175e-05
0.000170700111206
-2.77417451298e-05
0.000114686451636
-2.85419271054e-05
6.07714004879e-05
-2.71808024238e-05
1.58294191074e-05
-2.17194356019e-05
0
-4.49368206696e-06
0
0
0
0
0
0
0
0
0
0
0
0
0
0
0
0
-0
0
0
0
0
0
-0
0
-0
0
0
0
0
0
6.52728212004e-06
1.2990176449e-06
4.34913960416e-05
1.71998553665e-05
9.13043178549e-05
2.36967317771e-05
0.000142394314826
2.58274249193e-05
0.000192510338631
2.55214366105e-05
0.000239441961125
2.3963847487e-05
0.000282140729843
2.18187032312e-05
0.000320214847492
1.94539418908e-05
0.00035364757886
1.70755751434e-05
0.000382633756658
1.47974186256e-05
0.000407482491873
1.26796337132e-05
0.000428558838434
1.07509319089e-05
0.000446248687374
9.0214857303e-06
0.000460937677343
7.49054028173e-06
0.000472998688323
6.15098287169e-06
0.000482784653562
4.99212530404e-06
0.000490624689163
4.00141194467e-06
0.000496822296598
3.16547073129e-06
0.000501654853688
2.47075632961e-06
0.000505373894197
1.90393692202e-06
0.000508205854744
1.45211828623e-06
0.000510353081281
1.10296395508e-06
0.000511994960412
8.44748810192e-07
0.000513289088165
6.66370083142e-07
5.5733126776e-07
0.000516824939677
-5.07709006301e-07
0.000517841158662
-5.08109492395e-07
0.000518940395913
-5.49618625413e-07
0.0005201878932
-6.237486434e-07
0.000521632659092
-7.22382946003e-07
0.000523308099409
-8.37720157949e-07
0.000525232535479
-9.62218035092e-07
0.000527409610517
-1.08853751894e-06
0.000529828584613
-1.20948704797e-06
0.000532464518828
-1.31796710741e-06
0.000535278348669
-1.40691492041e-06
0.00053821684696
-1.46924914553e-06
0.000541212475851
-1.49781444547e-06
0.000544183127494
-1.48532582163e-06
0.000547031752892
-1.42431269896e-06
0.000549645878675
-1.30706289145e-06
0.000551897012307
-1.12556681583e-06
0.000553639937734
-8.71462713773e-07
0.000554711906177
-5.35984221682e-07
0.000554931731272
-1.09912547647e-07
0.000554098805083
4.16463094857e-07
0.000551992063077
1.05337100264e-06
0.000548368944382
1.81155934742e-06
0.000542964422028
2.70226117671e-06
0.000535490222335
3.73709984665e-06
0.000525634422102
4.92790011635e-06
0.0005130617218
6.28635015082e-06
0.000497414866781
7.82342750921e-06
0.000478317967225
9.54844977812e-06
0.000455382919551
1.14675238371e-05
0.000428220874835
1.35810223577e-05
0.000396461942178
1.58794663286e-05
0.000359788449347
1.83367464151e-05
0.000317990813638
2.08988178547e-05
0.000271061549005
2.34646323161e-05
0.000219355184655
2.58531821749e-05
0.000163871694396
2.77417451297e-05
0.000106787840185
2.85419271053e-05
5.24262353376e-05
2.71808024237e-05
8.9873641339e-06
2.17194356018e-05
0
4.49368206695e-06
0
0
0
0
0
0
0
0
0
0
0
0
0
0
-0
0
0
0
0
0
-0
0
0
0
0
0
-0
0
0
0
2.5980352898e-06
-1.2990176449e-06
3.69977460227e-05
-1.71998553664e-05
8.43912095767e-05
-2.36967317769e-05
0.000136046059415
-2.58274249191e-05
0.000187088932636
-2.55214366103e-05
0.00023501662761
-2.39638474867e-05
0.000278654034072
-2.18187032309e-05
0.000317561917853
-1.94539418905e-05
0.000351713068139
-1.70755751431e-05
0.00038130790539
-1.47974186253e-05
0.000406667172816
-1.26796337128e-05
0.000428169036634
-1.07509319085e-05
0.000446212008094
-9.02148572988e-06
0.000461193088657
-7.4905402813e-06
0.0004734950544
-6.15098287125e-06
0.000483479305007
-4.9921253036e-06
0.000491482128896
-4.00141194423e-06
0.000497813070359
-3.16547073086e-06
0.000502754583017
-2.47075632918e-06
0.000506562456861
-1.90393692159e-06
0.000509466693433
-1.45211828581e-06
0.000511672621343
-1.10296395467e-06
0.000513362118963
-8.44748809796e-07
0.000514694859129
-6.66370082757e-07
-5.57331267389e-07
0.000515362364645
-1.49765383763e-06
0.000516357802915
-1.50354776294e-06
0.000517440011014
-1.63182672395e-06
0.000518673486545
-1.8572241751e-06
0.000520106668728
-2.15556512885e-06
0.000521772551796
-2.50360322613e-06
0.00052368919049
-2.87885672912e-06
0.000525860097483
-3.25944451113e-06
0.000528274532942
-3.62392250775e-06
0.000530907686535
-3.95112070024e-06
0.000533720752074
-4.21998045948e-06
0.000536660894889
-4.40939196063e-06
0.000539661111827
-4.49803138328e-06
0.000542639983712
-4.46419770613e-06
0.000545501320203
-4.28564919016e-06
0.000548133697409
-3.93944009768e-06
0.000550409889525
-3.4017589319e-06
0.000552186197499
-2.64777068719e-06
0.000553301680645
-1.65146736827e-06
0.000553577301927
-3.85533829913e-07
0.000552815005203
1.17875981973e-06
0.000550796754626
3.07162157879e-06
0.000547283584833
5.32472914092e-06
0.000542014738989
7.9711070202e-06
0.000534707015891
1.10448229456e-05
0.000525054515614
1.45804003929e-05
0.000512729079957
1.86117858078e-05
0.000497381891786
2.31706156804e-05
0.000478646964323
2.82833772413e-05
0.000456147680692
3.39668074678e-05
0.000429508243818
4.02204592316e-05
0.000398373056937
4.70146532095e-05
0.000362439021201
5.42707821507e-05
0.000321509102663
6.18287363936e-05
0.000275581254161
6.93924808177e-05
0.000224997377947
7.64370583889e-05
0.000170700111206
8.20390118706e-05
0.000114686451636
8.45555866753e-05
6.07714004879e-05
8.10958535718e-05
1.58294191074e-05
6.66614169823e-05
0
2.03231011744e-05
0
0
0
0
0
0
0
0
0
0
0
0
-0
0
0
0
0
0
-0
0
0
0
-0
0
0
0
0
0
0
0
6.52728212003e-06
-7.82629976494e-06
4.34913960416e-05
-5.41639692879e-05
9.13043178549e-05
-7.15096535902e-05
0.000142394314826
-7.69174218904e-05
0.000192510338631
-7.56374604152e-05
0.000239441961125
-7.08954699806e-05
0.000282140729843
-6.4517471949e-05
0.000320214847492
-5.75280595394e-05
0.00035364757886
-5.05083065109e-05
0.000382633756658
-4.3783596423e-05
0.000407482491873
-3.75283689283e-05
0.000428558838434
-3.18272784696e-05
0.000446248687374
-2.671133467e-05
0.000460937677343
-2.21795302503e-05
0.000472998688323
-1.82119938512e-05
0.000482784653562
-1.47780905422e-05
0.000490624689163
-1.18414475453e-05
0.000496822296598
-9.36307816577e-06
0.000501654853688
-7.30331341902e-06
0.000505373894197
-5.6229774312e-06
0.000508205854744
-4.28407883273e-06
0.000510353081281
-3.25019049187e-06
0.000511994960412
-2.48662794053e-06
0.000513289088165
-1.96049783521e-06
-1.64066291605e-06
0.000510979618227
-2.41230731612e-06
0.00051191359715
-2.43752668542e-06
0.000512945399653
-2.66362922664e-06
0.000514137325033
-3.04914955582e-06
0.000515536130176
-3.55437027117e-06
0.000517173593151
-4.14106620162e-06
0.000519066981354
-4.77224493194e-06
0.000521219422735
-5.41188589242e-06
0.000523620179456
-6.02467922859e-06
0.000526244823729
-6.57576497289e-06
0.000529055315881
-7.03047261189e-06
0.000531999984859
-7.35406093898e-06
0.000535013411573
-7.5114580971e-06
0.000538016215765
-7.46700189777e-06
0.000540914747591
-7.18418101596e-06
0.000543600685966
-6.62537847267e-06
0.00054595054715
-5.75162011618e-06
0.00054782510937
-4.52233290761e-06
0.000549068762857
-2.89512085445e-06
0.000549508800203
-8.25571175985e-07
0.000548954670342
1.73288968025e-06
0.000547197232042
4.82905987941e-06
0.000544008061765
8.51389941726e-06
0.00053913889917
1.28402696156e-05
0.000532321356175
1.78623659403e-05
0.000523267079914
2.36346766542e-05
0.000511668657411
3.02102083109e-05
0.000497201698772
3.76375743194e-05
0.000479528764927
4.5956311086e-05
0.000458306162495
5.51894098994e-05
0.000433195189237
6.53314324897e-05
0.000403880307665
7.6329534782e-05
0.000370098166295
8.80529235201e-05
0.000331683721708
0.000100243180981
0.000288643594125
0.0001124326084
0.000241273713631
0.000123806938883
0.000190347454037
0.000132965271465
0.000137387852923
0.000137515187789
8.49939372738e-05
0.000133489769221
3.76609294611e-05
0.000113994424795
0
5.79840306354e-05
0
0
0
0
0
0
0
0
0
0
0
0
0
0
0
0
-0
0
0
0
0
0
-0
0
0
0
-0
0
0
0
2.22717647218e-05
-3.00980644868e-05
6.42944654551e-05
-9.61866700212e-05
0.000112237615507
-0.000119452803642
0.000161176357066
-0.000125856163449
0.000208380619828
-0.000122841723177
0.000252330176178
-0.00011484502633
0.000292265694205
-0.000104452989976
0.000327899672168
-9.31620375022e-05
0.000359233043941
-8.18416782846e-05
0.000386440126428
-7.09906789099e-05
0.000409795137479
-6.08833799794e-05
0.000429625004982
-5.16571459718e-05
0.000446279190921
-4.33655206095e-05
0.000460110550049
-3.60108893781e-05
0.000471463358378
-2.95648021806e-05
0.000480666015655
-2.39807478186e-05
0.000488026799814
-1.92022317043e-05
0.000493831611865
-1.51678902174e-05
0.000498343011989
-1.18147135424e-05
0.000501800083463
-9.08004890605e-06
0.000504418815705
-6.90281107462e-06
0.000506392799846
-5.2241746322e-06
0.000507894098268
-3.98792636306e-06
0.000509074195031
-3.1405945977e-06
-2.63143263424e-06
0.000503691822367
-3.20516822489e-06
0.000504526260417
-3.27196473488e-06
0.000505476288004
-3.61365681365e-06
0.000506600651936
-4.17351348747e-06
0.000507943389044
-4.8971073801e-06
0.000509534311101
-5.73198825825e-06
0.000511389413787
-6.62734761785e-06
0.000513511206363
-7.5336784684e-06
0.000515888960009
-8.4024328745e-06
0.000518498873808
-9.18567877176e-06
0.000521304158129
-9.83575693356e-06
0.000524255035856
-1.03049386654e-05
0.000527288662599
-1.054508484e-05
0.000530328967883
-1.05073071823e-05
0.000533286420375
-1.01416335072e-05
0.000536057721749
-9.39667984687e-06
0.000538525435984
-8.2193343519e-06
0.000540557564005
-6.55446092823e-06
0.000542007078123
-4.3446349719e-06
0.000542711437267
-1.52993032073e-06
0.000542492113365
1.95221358291e-06
0.00054115417267
6.16700057394e-06
0.000538485975172
1.11820969156e-05
0.000534259082807
1.70671619803e-05
0.000528228506868
2.3892941879e-05
0.000520133481764
3.17297017585e-05
0.000509699033655
4.06446564202e-05
0.000496638728861
5.06978791129e-05
0.00048065915262
6.19358873271e-05
0.000461466902596
7.43816599241e-05
0.000438779205797
8.80191292886e-05
0.000412339700167
0.000102769040412
0.000381941453666
0.000118451170021
0.000347459853173
0.000134724781474
0.000308898322878
0.000150994138695
0.00026644810151
0.000166257160251
0.000220552949128
0.000178860423847
0.000171962971086
0.000186105165831
0.000121858410489
0.000183594329818
7.16829394549e-05
0.000164169895829
1.09512706549e-05
0.000118715699435
0
1.09512706549e-05
0
0
0
0
0
0
0
0
0
0
0
0
-0
0
0
0
-0
0
-0
0
0
0
0
0
0
0
0
-0
5.43861829233e-05
-8.44842474101e-05
0.000100350985268
-0.000142151472366
0.000146412990851
-0.000165514809226
0.000191073387846
-0.000170516560443
0.000233348908778
-0.000165117244109
0.00027248527779
-0.000153981395342
0.000308035859791
-0.000140003571977
0.000339817634374
-0.000124943812086
0.000367837620647
-0.000109861664557
0.000392231882791
-9.53849410545e-05
0.000413219445368
-8.18709425565e-05
0.000431068592369
-6.95062929725e-05
0.000446072966212
-5.83698944519e-05
0.000458535027308
-4.84729504747e-05
0.000468754846759
-3.97846216318e-05
0.000477022689899
-3.2248590958e-05
0.000483614263303
-2.5793805108e-05
0.000488787816225
-2.03414431402e-05
0.000492782521756
-1.58094190732e-05
0.000495817731633
-1.21152587829e-05
0.00049809281851
-9.17789795188e-06
0.000499787404136
-6.91876025765e-06
0.000501061831529
-5.26235375603e-06
0.000502057781249
-4.13654431806e-06
-3.47261284394e-06
0.000493524779727
-3.83504418589e-06
0.000494225757323
-3.97294233128e-06
0.000495065860827
-4.45376031776e-06
0.000496099088598
-5.20674125803e-06
0.000497365839049
-6.16385783106e-06
0.000498893293942
-7.25944315139e-06
0.000500695750689
-8.42980436456e-06
0.000502774897976
-9.61282575548e-06
0.000505120031072
-1.07475659707e-05
0.000507708204821
-1.17738525211e-05
0.000510504323737
-1.26318758491e-05
0.000513461169913
-1.3261784842e-05
0.000516519370813
-1.36032857396e-05
0.000519607310458
-1.35952468276e-05
0.00052264098938
-1.31753124289e-05
0.00052552384096
-1.22795314271e-05
0.000528146514838
-1.084200823e-05
0.000530386642124
-8.79458821438e-06
0.00053210860267
-6.06659551718e-06
0.000533163322161
-2.58464981236e-06
0.000533388137049
1.72739869544e-06
0.000532606779256
6.94835836702e-06
0.0005306295516
1.31593245714e-05
0.000527253790497
2.0442923083e-05
0.000522264746994
2.88819853822e-05
0.000515437062944
3.85573858086e-05
0.000506537078771
4.9544640593e-05
0.000495326284521
6.1908673363e-05
0.000481566315384
7.56958564638e-05
0.000465025986899
9.09219884095e-05
0.000445490933663
0.000107554182524
0.000422776381202
0.000125483592874
0.000396743260689
0.000144484290533
0.000367316867232
0.000164151174932
0.000334504657704
0.000183806348223
0.000298403636845
0.000202358181111
0.000259176278388
0.000218087782304
0.000216952937769
0.000228328506449
0.000171501678136
0.000229045589451
0.000121312661999
0.000214358911966
6.56206628259e-05
0.000174407698609
0
7.65719334808e-05
-0
0
0
0
0
0
0
0
0
0
-0
0
0
0
-0
0
0
0
-0
0
0
0
-0
0
0
-0
4.4309898594e-05
-4.4309898594e-05
0.000103301489799
-0.000143475838615
0.000149393902294
-0.000188243884861
0.000190854120514
-0.000206975027446
0.000229326881264
-0.000208989321194
0.000265069234022
-0.000200859596868
0.000297979943426
-0.000186892104746
0.000327899259336
-0.000169922887887
0.000354734538588
-0.000151779091337
0.000378487662259
-0.000133614788229
0.000399245219353
-0.000116142498148
0.000417158960681
-9.97846838845e-05
0.000432425941142
-8.47732734334e-05
0.000445271503057
-7.12154563667e-05
0.000455935825553
-5.9137272971e-05
0.000464663786864
-4.85125829425e-05
0.000471697579313
-3.92823834074e-05
0.000477271489391
-3.13677151855e-05
0.000481608326791
-2.46782805409e-05
0.000484917082434
-1.91181747164e-05
0.000487391487186
-1.45896635349e-05
0.000489209220578
-1.09956313436e-05
0.000490531580704
-8.24112038313e-06
0.000491503474309
-6.23424736175e-06
0.000492253622379
-4.88669238805e-06
-4.11389423046e-06
0.00048051581227
-4.26773460909e-06
0.000481054901491
-4.51203155255e-06
0.000481761188035
-5.16004686154e-06
0.000482682930784
-6.12848400749e-06
0.00048385612635
-7.33705339745e-06
0.000485304775224
-8.70809202493e-06
0.00048704112526
-1.01661544001e-05
0.000489065884418
-1.16375849142e-05
0.000491368397433
-1.30500789855e-05
0.000493926783388
-1.43322384764e-05
0.000496708033268
-1.54131257284e-05
0.000499668068475
-1.62218200489e-05
0.000502751763328
-1.66869805929e-05
0.000505892936696
-1.67364201952e-05
0.000509014320458
-1.62966961914e-05
0.000512027515554
-1.52927265234e-05
0.000514832950185
-1.36474428602e-05
0.000517319859655
-1.12814976847e-05
0.000519366313655
-8.1130495172e-06
0.00052083932496
-4.0576611177e-06
0.00052159508418
9.71639475767e-07
0.000521479378884
7.06406366326e-06
0.000520328273008
1.43104304467e-05
0.00051796914457
2.28020515214e-05
0.000514222206926
3.26289230263e-05
0.000508902670948
4.38769217866e-05
0.00050182374058
5.66235709607e-05
0.000492800666808
7.09317471353e-05
0.000481656101804
8.68404214675e-05
0.000468226967541
0.000104351122673
0.00045237292355
0.000123408226516
0.000433986171722
0.000143870344701
0.000413001548444
0.000165468913811
0.000389404216145
0.000187748507231
0.000363229080972
0.000209981483396
0.000334540064763
0.000231047197319
0.00030336566174
0.000249262185327
0.000269545127597
0.000262149040592
0.000232428081036
0.000266162636012
0.000190440780265
0.000256346212737
0.000139289632954
0.00022555884592
4.96080512036e-05
0.000166253515231
0
4.96080512036e-05
-0
0
0
0
0
0
-0
0
0
0
-0
0
0
0
-0
0
0
0
0
0
0
0
2.49602583813e-05
-2.49602583813e-05
0.000115920263886
-0.000135269904099
0.00016739023145
-0.000194945806178
0.000207628728558
-0.000228482381969
0.000241885948096
-0.000241232246984
0.000272599886503
-0.000239703259601
0.000300701230247
-0.000228960940611
0.000326479272498
-0.000212670146998
0.000349968669202
-0.000193412284591
0.000371140385642
-0.000172950807777
0.000389983648945
-0.000152458051533
0.000406532681417
-0.00013269153062
0.000420869199064
-0.000114121201531
0.000433115234513
-9.70193088823e-05
0.000443423025389
-8.15232472433e-05
0.000451965013667
-6.76792612487e-05
0.000458925158015
-5.54727272909e-05
0.000464491882205
-4.48491075969e-05
0.000468852596801
-3.57284297821e-05
0.000472189584282
-2.80152680217e-05
0.000474677002158
-2.16055925918e-05
0.00047647877197
-1.63914333474e-05
0.0004777471535
-1.22640128728e-05
0.00047862183875
-9.11580563362e-06
0.0004792294331
-6.84184171203e-06
0.00047968321914
-5.34047842767e-06
-4.51379693695e-06
0.000464714820621
-4.4773188416e-06
0.000465070113348
-4.86732427951e-06
0.000465623754917
-5.71368843102e-06
0.000466417510987
-6.92224007759e-06
0.000467482393057
-8.40193546651e-06
0.000468838800047
-1.00644990154e-05
0.000470496666733
-1.18240210864e-05
0.000472455608776
-1.35965269572e-05
0.000474705057483
-1.52995276927e-05
0.000477224380344
-1.68515613368e-05
0.000479982986052
-1.81717314362e-05
0.000482940415289
-1.91792492868e-05
0.000486046421143
-1.97929864467e-05
0.000489241045806
-1.9931044858e-05
0.000492454703383
-1.95103537681e-05
0.000495608282308
-1.84463054487e-05
0.000498613285331
-1.66524458832e-05
0.000501372030496
-1.40402428494e-05
0.000503777943282
-1.05189623031e-05
0.000505715978434
-5.9956962703e-06
0.000507063220303
-3.75602392556e-07
0.000507689723012
6.43756095434e-06
0.000507459666681
1.45404867777e-05
0.000506232922923
2.40287952793e-05
0.00050386714104
3.49947049093e-05
0.000500220483171
4.75235796551e-05
0.000495155146747
6.16889073852e-05
0.000488541805233
7.75450886492e-05
0.000480265052916
9.51171737842e-05
0.000470229818678
0.000114386356911
0.000458368449749
0.000135269595444
0.000444647639211
0.000157591155239
0.00042907336998
0.000181043183043
0.000411690226067
0.000205131651144
0.000392568256678
0.000229103452785
0.000371765071874
0.000251850382122
0.000349240462939
0.000271786794262
0.000324684372884
0.000286705130647
0.000297210125689
0.000293636883208
0.000264800708872
0.000288755629554
0.000222929359879
0.000267430194912
0.000163902801238
0.000225280073873
5.32613700527e-05
0.000160249482389
0
5.32613700527e-05
0
0
-0
0
-0
0
-0
0
-0
0
0
0
0
0
0
0
0
0
2.95677144202e-05
-2.95677144202e-05
0.000135448204073
-0.000130840748034
0.000195867469018
-0.000195689169043
0.000238321684376
-0.000237400021537
0.000269781746668
-0.00025994244426
0.000295279874582
-0.000266730374898
0.000317389780262
-0.000261813165281
0.000337316513089
-0.000248887673438
0.000355555491515
-0.000230909125424
0.000372255217087
-0.000210112010163
0.000387422572933
-0.000188118163623
0.000401029092511
-0.00016606457111
0.00041305950982
-0.000144721947929
0.000423529939564
-0.000124591631275
0.000432490933907
-0.000105980303225
0.00044002360732
-8.90559206563e-05
0.000446233154675
-7.38888086042e-05
0.000451241930115
-6.04815027304e-05
0.000455183081305
-4.87902587873e-05
0.0004581951205
-3.87404689768e-05
0.000460417506722
-3.02376542442e-05
0.000461987170495
-2.31752563648e-05
0.000463035855844
-1.74401186957e-05
0.000463688141138
-1.29162981672e-05
0.000464060007687
-9.48767218298e-06
0.000464257840696
-7.03967472095e-06
0.000464377765144
-5.46040287541e-06
-4.64126818143e-06
0.00044618546288
-4.44699561944e-06
0.000446342254529
-5.02411592878e-06
0.000446730035608
-6.1014695101e-06
0.000447383578748
-7.57578321761e-06
0.000448328520593
-9.34687731133e-06
0.000449581379406
-1.13173578282e-05
0.000451149608094
-1.33922497747e-05
0.000453031670754
-1.54785896176e-05
0.000455217134631
-1.74849915698e-05
0.000457686772778
-1.93211994833e-05
0.000460412675851
-2.0897634509e-05
0.00046335837452
-2.21249479556e-05
0.000466478977057
-2.29135889843e-05
0.000469721329942
-2.31733977427e-05
0.000473024212924
-2.28132367503e-05
0.000476318584121
-2.17406766461e-05
0.00047952789549
-1.98617572515e-05
0.000482568504678
-1.70808520374e-05
0.000485350215947
-1.33006735722e-05
0.000487776990712
-8.42247103596e-06
0.000489747877396
-2.34648907576e-06
0.000491158220541
5.0272178088e-06
0.000491901220158
1.37974871609e-05
0.000491869922843
2.40600925945e-05
0.000490959734254
3.59048934978e-05
0.000489071543673
4.94117702363e-05
0.000486115538018
6.464491304e-05
0.000482015741291
8.16448853768e-05
0.000476715222723
0.000100417692352
0.000470181733834
0.0001209198458
0.000462413196704
0.000143038132574
0.00045344186877
0.000166562483173
0.000443334987141
0.000191150064672
0.00043218800111
0.000216278637175
0.000420103808462
0.000241187645433
0.000407147192197
0.000264806998387
0.000393256901956
0.000285677084503
0.000378089230054
0.000301872802549
0.000360762821434
0.000310963291828
0.000339460794847
0.000310057656141
0.000310852018608
0.000296038971151
0.000269820515392
0.000266311577089
0.000209806296432
0.000220263701348
0.00010107038858
0.000161997277905
1.28762968582e-05
8.81940917217e-05
0
1.28762968582e-05
-0
0
0
0
0
0
0
0
0
-0
5.47571605266e-06
-5.47571605266e-06
7.30610455698e-05
-6.75853295171e-05
0.000181662149493
-0.000138168818344
0.000242435549724
-0.000191614148266
0.000283174203953
-0.000236427823272
0.000311442660075
-0.000265668477659
0.000331737964564
-0.000280237748749
0.000347413508148
-0.000282405918482
0.000360537255302
-0.000274936912435
0.000372205840164
-0.0002605562583
0.000382921178478
-0.000241624463737
0.000392853997586
-0.000220044829271
0.000402013218034
-0.000197277384071
0.000410346449928
-0.000174397803004
0.000417794152773
-0.000152169650775
0.000424315524123
-0.000131113002625
0.000429898195637
-0.000111562974739
0.000434559213189
-9.37169382083e-05
0.000438341750268
-7.76713456835e-05
0.000441310089029
-6.34498414911e-05
0.000443544238954
-5.10244087122e-05
0.000445134880911
-4.0331110934e-05
0.000446178937406
-3.12817107387e-05
0.000446775858577
-2.37721775359e-05
0.000447024604644
-1.76888647632e-05
0.00044702125491
-1.29129484333e-05
0.000446857154933
-9.32357220551e-06
0.000446617511886
-6.80003167433e-06
0.000446380354761
-5.22324575007e-06
-4.47669952242e-06
0.00042500634372
-4.16945399081e-06
0.000424957455119
-4.97522732797e-06
0.000425172044774
-6.31605916536e-06
0.000425677647591
-8.08138603468e-06
0.000426494331099
-1.0163560819e-05
0.00042763459692
-1.24576236491e-05
0.000429103343445
-1.48609962997e-05
0.00043089787684
-1.72731230129e-05
0.000433007961509
-1.9595076239e-05
0.0004354159048
-2.17291427743e-05
0.000438096674196
-2.35784039045e-05
0.00044101804859
-2.50463223496e-05
0.000444140808657
-2.60363490512e-05
0.000447418974872
-2.64515639585e-05
0.000450800105599
-2.61943674771e-05
0.000454225671905
-2.51662429519e-05
0.000457631530564
-2.32676159107e-05
0.000460948522112
-2.0397843585e-05
0.000464103226894
-1.64553783544e-05
0.000467018918807
-1.13381629487e-05
0.000469616763597
-4.94433386595e-06
0.000471817315764
2.82666564216e-06
0.00047354237429
1.20724286343e-05
0.000474717260878
2.28852060066e-05
0.00047527358193
3.53485724461e-05
0.000475152522003
4.95328301636e-05
0.00047430868309
6.54887519524e-05
0.000472714416821
8.32391516463e-05
0.000470364473149
0.000102767636024
0.000467280574794
0.000124003744155
0.000463515169539
0.000146803537829
0.000459153036986
0.000170924615726
0.000454308527963
0.000195994573694
0.000449114866714
0.000221472298424
0.000443700035419
0.000246602476728
0.000438141218268
0.000270365815538
0.00043238673018
0.000291431572592
0.000426132531771
0.000308127000958
0.000418644614135
0.000318451209464
0.000408528908533
0.000320173361743
0.000393486009534
0.00031108187015
0.000370263782148
0.000289533804476
0.000335254502794
0.000255272980701
0.000287751374603
0.000209500406096
0.000221944962878
0.000154000503447
0.000124182169882
0.000110639089854
5.65103677858e-05
6.76718020967e-05
2.9018964507e-05
2.74914032787e-05
2.664852392e-05
2.37044058702e-06
4.70668349621e-05
-2.04183110421e-05
0.000102699428424
-5.56325934621e-05
0.000193911563307
-9.66878509352e-05
0.000261412286803
-0.000135086053013
0.000307796964118
-0.00018455349566
0.000342769234236
-0.000226586418383
0.00036545025612
-0.000259108845156
0.000379726395033
-0.000279944616573
0.000388704487685
-0.000289215841401
0.000394669551165
-0.000288370981963
0.000399128341665
-0.000279395702935
0.000402945784068
-0.000264373700703
0.000406541972114
-0.000245220651783
0.000410061000403
-0.00022356385756
0.000413495096826
-0.000200711480495
0.000416767503479
-0.000177670209656
0.000419782929082
-0.000155185076378
0.000422455367376
-0.000133785440919
0.000424721318458
-0.000113828925821
0.000426544175226
-9.5539794976e-05
0.000427913628364
-7.90407988219e-05
0.000428842534826
-6.43787479526e-05
0.000429362728257
-5.15446021439e-05
0.000429520620098
-4.04890027744e-05
0.000429373045249
-3.11341358894e-05
0.000428983567079
-2.3382699366e-05
0.000428419317077
-1.71246147616e-05
0.000427748367189
-1.22419985457e-05
0.000427037593344
-8.61279836024e-06
0.000426350971422
-6.11340975218e-06
0.00042574824236
-4.62051668794e-06
-4.01234251071e-06
0.000401272103581
-3.64678849091e-06
0.000401017848169
-4.72097191614e-06
0.000401057800367
-6.35601136383e-06
0.000401412254867
-8.4358405342e-06
0.000402095702597
-1.08470085495e-05
0.000403116629866
-1.34785509177e-05
0.000404477400248
-1.62217666817e-05
0.000406174206166
-1.8969928931e-05
0.000408197081044
-2.16179511171e-05
0.000410529966631
-2.40620283611e-05
0.00041315083364
-2.61992709131e-05
0.000416031857334
-2.79273460435e-05
0.000419139653201
-2.91441449188e-05
0.000422435581481
-2.97474922381e-05
0.000425876133135
-2.9634919131e-05
0.000429413413977
-2.87035237939e-05
0.000432995748085
-2.68499500189e-05
0.0004365684264
-2.39705219003e-05
0.00044007463141
-1.99615833646e-05
0.000443456573872
-1.47201054107e-05
0.00044665688218
-8.14464217318e-06
0.000449620288449
-1.36740627433e-07
0.000452295656358
9.39706072563e-06
0.000454638391952
2.05424704128e-05
0.000456613266527
3.33736978712e-05
0.000458197654649
4.79484420414e-05
0.000459385141839
6.43012647623e-05
0.000460189372503
8.2434920982e-05
0.000460647870525
0.000102309138002
0.000460825345925
0.000123826268755
0.000460815665596
0.000146813218158
0.000460741170285
0.000170999111037
0.000460747317533
0.000195988426446
0.000460989694164
0.000221229921792
0.000461609315452
0.00024598285544
0.000462691004597
0.000269284126394
0.000464199090856
0.000289923486333
0.000465886408008
0.000306439683805
0.000467179740067
0.000317157877405
0.000467058517108
0.000320294584702
0.000463973847212
0.000314166540045
0.00045595091984
0.000297556731849
0.000441078265582
0.000270145634959
0.000417980182856
0.000232598488821
0.000384557103503
0.0001874235828
0.000352806334052
0.000142389859305
0.00032533343625
9.51446998985e-05
0.00030535143933
4.74734001991e-05
0.000301623457527
6.09842238966e-06
0.000314890311603
-3.36851651176e-05
0.000337359508227
-7.81017900869e-05
0.000363810251063
-0.000123138593771
0.000393579420416
-0.000164855222365
0.000415063864889
-0.000206037940133
0.000428966734129
-0.000240489287623
0.000436001679582
-0.000266143790609
0.000438005044043
-0.000281947981033
0.000436864899431
-0.000288075696789
0.000434101701633
-0.000285607784165
0.000430781960741
-0.000276075962043
0.000427554333273
-0.000261146073235
0.000424745346379
-0.000242411664889
0.000422461934362
-0.000221280445543
0.000420678091322
-0.000198927637454
0.000419299350657
-0.000176291468991
0.000418206263357
-0.000154091989078
0.000417281147922
-0.000132860325484
0.000416422801873
-0.000112970579772
0.000415553152061
-9.46701451641e-05
0.00041461884924
-7.8106496001e-05
0.000413589920232
-6.33498189448e-05
0.000412456884559
-5.04115664708e-05
0.000411227227774
-3.92593459899e-05
0.000409921768739
-2.98286768538e-05
0.000408571222947
-2.20321535737e-05
0.000407213113793
-1.5766505608e-05
0.000405889091207
-1.09179759602e-05
0.000404642662735
-7.36636988834e-06
0.000403517312288
-4.98805930469e-06
0.000402554967216
-3.65817161624e-06
-3.25214437518e-06
0.000375094306315
-2.88999957312e-06
0.000374642131535
-4.26879713675e-06
0.000374511633899
-6.22551372729e-06
0.000374716083107
-8.64028974236e-06
0.000375264555171
-1.13954806134e-05
0.000376161647365
-1.43756431119e-05
0.000377407292274
-1.74674115905e-05
0.000378996658465
-2.05592951223e-05
0.000380920128979
-2.35414216312e-05
0.000383163352353
-2.63052517346e-05
0.000385707364338
-2.87432828981e-05
0.00038852878187
-3.0748763576e-05
0.000391600074253
-3.22154373019e-05
0.000394889919981
-3.30373379652e-05
0.000398363661195
-3.31086603456e-05
0.000401983871468
-3.23237340667e-05
0.000405711056331
-3.05771348815e-05
0.000409504509786
-2.77639753563e-05
0.00041332335356
-2.37804271386e-05
0.000417127788843
-1.85245406928e-05
0.000420880592069
-1.18974454001e-05
0.000424548885854
-3.80503441201e-06
0.000428106211968
5.83973461155e-06
0.000431534922849
1.71137595318e-05
0.000434828887801
3.00797329197e-05
0.000437996474588
4.47808552542e-05
0.000441063708839
6.12340305109e-05
0.000444077421978
7.94212078434e-05
0.000447108059255
9.92785007251e-05
0.000450251615222
0.000120682712787
0.000453629874954
0.000143434958427
0.000457387748324
0.000167241237667
0.000461685988038
0.000191690186732
0.00046668701453
0.000216228895301
0.000472531050966
0.000240138819004
0.000479299571878
0.000262515605481
0.000486963765473
0.000282259292738
0.000495318511091
0.000298084938187
0.000503908868447
0.000308567520049
0.00051196660599
0.00031223684716
0.000518393411351
0.000307739734684
0.000521867290615
0.000294082852585
0.000521118729455
0.00027089419612
0.000515146984074
0.000238570234202
0.000503819209733
0.000198751357142
0.000491266417169
0.000154942651869
0.000479085744888
0.000107325372179
0.00046926695703
5.72921880576e-05
0.000466028706183
9.33667323667e-06
0.000469955743328
-3.76122022627e-05
0.000477336766814
-8.54828135735e-05
0.000485476831592
-0.000131278658549
0.000493212629272
-0.000172591020045
0.000496771500294
-0.000209596811155
0.000495842453722
-0.000239560241052
0.000490940626883
-0.00026124196377
0.000483159351967
-0.000274166706117
0.000473719773152
-0.000278636117973
0.000463673774354
-0.000275561785367
0.000453797057994
-0.000266199245683
0.000444582440428
-0.00025193145567
0.000436284966374
-0.000234114190835
0.000428984310006
-0.000213979789175
0.000422644959809
-0.000192588287257
0.000417165608873
-0.000170812118055
0.000412415558592
-0.000149341938797
0.000408259262719
-0.000128704029611
0.000404571395767
-0.000109282712819
0.000401244968713
-9.13437181102e-05
0.000398194675223
-7.50562025117e-05
0.000395357170686
-6.05123144076e-05
0.000392689523393
-4.77439191779e-05
0.000390166693962
-3.67365165588e-05
0.000387778607083
-2.74405899749e-05
0.000385527169016
-1.97807155063e-05
0.000383423438418
-1.36627750101e-05
0.000381485060712
-8.97959825371e-06
0.000379734013453
-5.61532263012e-06
0.000378194671454
-3.44871730481e-06
0.00037689217783
-2.35567799224e-06
-2.21106177809e-06
0.000346602042423
-1.91814210787e-06
0.00034596589134
-3.6326460538e-06
0.000345674295793
-5.93391818102e-06
0.000345733900405
-8.69989435377e-06
0.00034614867278
-1.18102529883e-05
0.000346919555025
-1.51465253575e-05
0.000348044225018
-1.85920815829e-05
0.000349516956263
-2.20320263672e-05
0.000351328568341
-2.53530337092e-05
0.000353466463078
-2.84431464722e-05
0.000355914744715
-3.11915645345e-05
0.000358654425448
-3.34884443098e-05
0.000361663720858
-3.52247327115e-05
0.000364918442785
-3.62920598922e-05
0.000368392500362
-3.65827179223e-05
0.000372058522894
-3.59897565989e-05
0.000375888621167
-3.44072331543e-05
0.000379855306288
-3.1730660478e-05
0.000383932587057
-2.78577079072e-05
0.000388097267602
-2.26892212375e-05
0.000392330465923
-1.61306437217e-05
0.000396619369804
-8.09393829279e-06
0.000400959237741
1.49986667478e-06
0.000405355636644
1.27173606286e-05
0.000409826881672
2.56084878918e-05
0.000414406602117
4.02011348088e-05
0.000419146294574
5.64943380543e-05
0.00042411763289
7.44498695277e-05
0.000429414174555
9.39819590596e-05
0.00043515192573
0.000114944961612
0.000441467995232
0.000137118888925
0.000448516283124
0.000160192949775
0.000456458833494
0.000183747636363
0.000465451195223
0.000207236533571
0.000475620012835
0.000229970001392
0.000487031359167
0.000251104259149
0.000499649450941
0.000269641200964
0.000513288044696
0.000284446344432
0.000527561620325
0.00029429394442
0.000541850232403
0.000297948235083
0.000555301921623
0.000294288045463
0.000566910333626
0.000282474440582
0.000575679754834
0.000262124774912
0.000580805522428
0.000233444466608
0.000582097812458
0.000197459067112
0.000580977509323
0.000156062955004
0.000578230899441
0.000110071982061
0.000574406279845
6.11168076529e-05
0.00057160826749
1.21346855915e-05
0.000570225216531
-3.62291513034e-05
0.000568505669726
-8.37632667683e-05
0.000565488495804
-0.000128261484628
0.000560713413673
-0.000167815937914
0.000552896550876
-0.000201779948358
0.000542058131589
-0.000228721821764
0.000528718361849
-0.00024790219403
0.000513712471796
-0.000259160816064
0.000497948798225
-0.000262872444402
0.00048222577272
-0.000259838759863
0.000467149935977
-0.00025112340894
0.000453120237496
-0.000237901757189
0.000440350778218
-0.000221344731556
0.000428910740709
-0.000202539751666
0.000418767357182
-0.00018244490373
0.00040982419846
-0.000161868959334
0.000401951605662
-0.000141469345999
0.000395008848863
-0.000121761272812
0.000388858986286
-0.000103132850242
0.000383377903688
-8.58626355122e-05
0.000378459037448
-7.01373362723e-05
0.000374015086899
-5.6068363858e-05
0.000369977752339
-4.37065846183e-05
0.000366296272465
-3.30550366849e-05
0.000362935311324
-2.40796288332e-05
0.000359872568854
-1.67179730363e-05
0.00035709635758
-1.08865637369e-05
0.000354603293689
-6.48653436194e-06
0.000352396185351
-3.4082142927e-06
0.000350482157452
-1.53468940552e-06
0.000348871023696
-7.445442367e-07
-9.13937969672e-07
0.00031594218565
-7.57199122268e-07
0.000315141636582
-2.83209698651e-06
0.000314702814723
-5.49509632204e-06
0.000314626285909
-8.62336553996e-06
0.000314911332035
-1.20952991143e-05
0.000315555560788
-1.57907541103e-05
0.000316554630089
-1.95911508837e-05
0.000317902077971
-2.33794742492e-05
0.0003195892511
-2.70402068386e-05
0.000321605327749
-3.04592231206e-05
0.000323937433685
-3.35236704707e-05
0.000326570852116
-3.61218627404e-05
0.00032948933145
-3.81432120453e-05
0.000332675497226
-3.94782256685e-05
0.00033611137699
-4.00185976865e-05
0.000339779049113
-3.9657428722e-05
0.00034366142836
-3.82896124015e-05
0.000347743202207
-3.58124343244e-05
0.000352011932039
-3.21264377398e-05
0.000356459331967
-2.71366211653e-05
0.000361082734141
-2.07540458957e-05
0.000365886742097
-1.28979462489e-05
0.000370885061111
-3.49845233908e-06
0.000376102474678
7.49994706172e-06
0.000381576906113
2.01340564565e-05
0.000387361460265
3.44165806576e-05
0.000393526277934
5.03295203848e-05
0.000400159949853
6.78161976085e-05
0.000407370123186
8.67717857264e-05
0.000415282788648
0.000107032296151
0.00042403956246
0.000128362115113
0.000433792087252
0.000150440424983
0.000444692501897
0.000172847221718
0.000456878837972
0.000195050197495
0.000470454307314
0.000216394532051
0.000485459936493
0.00023609862997
0.000501841149539
0.000253259987919
0.000519411032738
0.000266876461233
0.000537816289078
0.000275888688079
0.000556515946527
0.000279248577633
0.000574787710617
0.000276016281373
0.000591780655904
0.000265481495295
0.000606617962973
0.000247287467843
0.000618527380999
0.000221535048582
0.000627087846923
0.000188898601188
0.000632578027928
0.000150572774
0.000635057245331
0.000107592764658
0.000634625716876
6.15483361082e-05
0.000632178379134
1.45820233333e-05
0.000627948054081
-3.19988262503e-05
0.0006212817884
-7.70970010869e-05
0.000611946195883
-0.000118925892111
0.000600027953486
-0.000155897695516
0.000585350975809
-0.000187102970681
0.00056825645231
-0.000211627298265
0.000549357630723
-0.000229003372443
0.000529411482877
-0.000239214668219
0.000509185298919
-0.000242646260443
0.000489349096657
-0.000240002557601
0.00047042052919
-0.000232194841473
0.000452751309329
-0.000220232537328
0.000436540585091
-0.000205134007319
0.000421862465931
-0.000187861632506
0.000408698037103
-0.000169280474902
0.000396965775694
-0.000150136697926
0.000386547254952
-0.000131050825256
0.000377307089853
-0.000112521107713
0.000369107304977
-9.49330653661e-05
0.000361816908804
-7.85722393397e-05
0.000355317660911
-6.36380883786e-05
0.000349506995515
-5.02576984623e-05
0.000344298935165
-3.84985242681e-05
0.000339623664083
-2.83797656036e-05
0.000335426270515
-1.98822352644e-05
0.000331665028707
-1.29567312285e-05
0.000328309479385
-7.53101441463e-06
0.000325338481769
-3.51553674621e-06
0.000322738346851
-8.08079375391e-07
0.000320501116394
7.02541051825e-07
0.000318623020859
1.13355129815e-06
6.05954254464e-07
0.000283279264273
5.61235209129e-07
0.000282338512416
-1.89134512954e-06
0.00028177008368
-4.92666758611e-06
0.000281569117415
-8.42239927482e-06
0.000281730718062
-1.2256899762e-05
0.000282249544178
-1.63095802253e-05
0.000283119511777
-2.04611184836e-05
0.00028433360504
-2.45935675119e-05
0.000285883789072
-2.85903908704e-05
0.000287761021409
-3.23364554573e-05
0.000289955360974
-3.57180100364e-05
0.000292456175315
-3.86226770814e-05
0.000295252448982
-4.09394857118e-05
0.000298333197843
-4.25589745299e-05
0.000301687995817
-4.33733956605e-05
0.000305307621797
-4.32770547017e-05
0.000309184835267
-4.21668258714e-05
0.000313315288938
-3.9942887996e-05
0.00031769858524
-3.6509734041e-05
0.000322339480112
-3.17775160379e-05
0.00032724923148
-2.56637972638e-05
0.000332447079846
-1.80957946148e-05
0.000337961833342
-9.01320583463e-06
0.000343833507357
1.62827304631e-06
0.000350114937301
1.38526265124e-05
0.000356873239517
2.76582784418e-05
0.000364190937024
4.30118228782e-05
0.00037216649105
5.98406435826e-05
0.000380913885014
7.80243917618e-05
0.000390560796328
9.73853848366e-05
0.000401244770526
0.000117678140915
0.000413106699435
0.000138578496074
0.00042628083423
0.000159673086923
0.000440880593509
0.000180450438217
0.000456979645944
0.000200295479616
0.000474588280614
0.0002184899953
0.000493626075639
0.000234222192893
0.000513893469296
0.000246609067577
0.000535046991307
0.000254735166068
0.000556585282306
0.000257710286634
0.000577855255797
0.000254746307882
0.000598088200051
0.000245248551041
0.000616467357551
0.000228908310342
0.00063221978013
0.000205782626004
0.000644759285814
0.000176359095503
0.000653814157094
0.00014151790272
0.000659106489243
0.000102300432508
0.000660519844448
6.01349809035e-05
0.000658349519083
1.67523486978e-05
0.000652734752827
-2.63840599936e-05
0.000643552359655
-6.79146079156e-05
0.00063092221503
-0.000106295747486
0.000615197627341
-0.000140173107828
0.000596715335843
-0.000168620679183
0.000576028752273
-0.000190940714695
0.00055382408443
-0.0002067987046
0.000530835908942
-0.000216226492731
0.000507767305797
-0.000219577657298
0.000485225123499
-0.000217460375302
0.000463684216846
-0.00021065393482
0.00044347798883
-0.000200026309312
0.000424807725219
-0.000186463743707
0.000407762934633
-0.00017081684192
0.000392346176691
-0.000153863716961
0.000378497802058
-0.000136288323292
0.000366117908972
-0.00011867093217
0.000355084291379
-0.00010148749012
0.000345266143072
-8.51149170594e-05
0.000336533856516
-6.98399527835e-05
0.000328765525959
-5.58697578217e-05
0.000321850839702
-4.33430122054e-05
0.00031569301006
-3.23406946258e-05
0.0003102093001
-2.28960556437e-05
0.000305330599887
-1.50035350518e-05
0.000301000401866
-8.62653320749e-06
0.000297173434846
-3.70404739456e-06
0.000293814142077
-1.56243976985e-07
0.000290895130889
2.11093181224e-06
0.00028839567753
3.20199441105e-06
0.000286300338714
3.22889011393e-06
2.30859436475e-06
0.0002487949344
2.00137932967e-06
0.000247741680344
-8.38091074451e-07
0.000247064162382
-4.24914962385e-06
0.000246752811978
-8.11104887086e-06
0.000246799119485
-1.23032072685e-05
0.000247195221722
-1.67056824631e-05
0.000247933598838
-2.11994955994e-05
0.00024900687596
-2.56668446332e-05
0.00025040772606
-2.99912409712e-05
0.000252128871671
-3.40576010676e-05
0.00025416318445
-3.77523228156e-05
0.000256503883093
-4.0963375725e-05
0.000259144831431
-4.3580434049e-05
0.000262080939773
-4.54950828725e-05
0.000265308673467
-4.66011293538e-05
0.000268826672981
-4.67950542164e-05
0.000272636489519
-4.59766424089e-05
0.000276743438695
-4.40498371726e-05
0.000281157571938
-4.09238672831e-05
0.00028589476024
-3.65147043405e-05
0.000290977877127
-3.07469141509e-05
0.000296438056047
-2.35559735344e-05
0.000302315980871
-1.48911306583e-05
0.000308663145193
-4.71889127659e-06
0.000315542985134
6.97278657143e-06
0.000323031749701
2.01695138753e-05
0.000331218921096
3.48246514834e-05
0.000340206934015
5.08526306634e-05
0.000350109869263
6.81214565137e-05
0.000361050717298
8.64445368011e-05
0.000373156731534
0.00010557212668
0.000386552337852
0.000125182889755
0.000401349066407
0.000144876358369
0.000417632070664
0.00016416743396
0.000435443060246
0.000182484490033
0.000454759974301
0.000199173081245
0.000475474534013
0.000213507633181
0.000497369968415
0.000224713633176
0.000520102612233
0.00023200252225
0.000543192452002
0.000234620446865
0.000566028674846
0.000231910085038
0.000587895782429
0.000223381443457
0.000608021298708
0.000208782794064
0.00062564207888
0.000188161845832
0.000640092989532
0.000161908184851
0.000650872936843
0.000130737955409
0.000657564147166
9.56092221854e-05
0.000659925544319
5.77735837501e-05
0.00065798670203
1.86911909872e-05
0.000651836543524
-2.02339014871e-05
0.000641573829668
-5.76518940599e-05
0.00062748909055
-9.22110083675e-05
0.000610056861072
-0.00012274087835
0.00058982080574
-0.000148384623851
0.000567436129636
-0.000168556038591
0.000543619640796
-0.00018298221576
0.000519090088228
-0.000191696940163
0.000494514226232
-0.000195001795302
0.000470464517411
-0.000193410666481
0.000447395101608
-0.000187584519017
0.000425635400788
-0.000178266608492
0.000405397209462
-0.000166225552382
0.000386790348512
-0.00015220998097
0.000369842411783
-0.000136915780231
0.000354519189225
-0.000120965100735
0.000340743533162
-0.000104895276107
0.000328411461902
-8.91554188591e-05
0.000317405059686
-7.41085148441e-05
0.000307602231574
-6.00371246717e-05
0.000298883653357
-4.71511796043e-05
0.000291137380925
-3.55967397736e-05
0.000284261606104
-2.5464919805e-05
0.000278166010493
-1.68004600321e-05
0.000272772105663
-9.60963022152e-06
0.000268012876464
-3.8673040087e-06
0.000263831975262
4.76853807075e-07
0.000260182654222
3.49307706282e-06
0.000257026572214
5.267013821e-06
0.00025433257262
5.89599400462e-06
0.000252075497279
5.48596545504e-06
4.14901312355e-06
0.000212687063953
3.5247165035e-06
0.000211551370542
2.97602336905e-07
0.000210787299136
-3.4850782182e-06
0.00021038132147
-7.70507120492e-06
0.000210321903716
-1.22437895147e-05
0.000210599109248
-1.6982887995e-05
0.000211204301787
-2.18046881387e-05
0.000212129947003
-2.65924898482e-05
0.000213369510717
-3.1230804686e-05
0.000214917452372
-3.56055427218e-05
0.000216769313071
-3.96041835146e-05
0.000218921898331
-4.31159609857e-05
0.000221373556331
-4.60320920483e-05
0.000224124552939
-4.8246079481e-05
0.000227177544925
-4.96541213401e-05
0.000230538152233
-5.01556615239e-05
0.000234215628896
-4.96541190717e-05
0.00023822362969
-4.80578379673e-05
0.000242581065536
-4.52813031293e-05
0.000247313034502
-4.12466733063e-05
0.000252451806347
-3.58856859953e-05
0.000258037826058
-2.91419932458e-05
0.000264120684933
-2.09739895332e-05
0.000270759985368
-1.1358191712e-05
0.000278025996713
-2.93224773609e-07
0.000285999963507
1.21955470812e-05
0.00029477388395
2.6050731041e-05
0.000304449526333
4.11769882804e-05
0.000315136397227
5.74345856199e-05
0.00032694832323
7.46326107976e-05
0.000339998268564
9.25221813464e-05
0.000354391000715
0.000110790157604
0.000370213260938
0.000129054098145
0.000387521229948
0.00014685946495
0.000406325343472
0.00016368037651
0.000426572949914
0.000178925474803
0.000448129942003
0.000191950641092
0.00047076332332
0.000202080251859
0.000494127589643
0.000208638255927
0.000517758605837
0.000210989430671
0.000541079047913
0.000208589642963
0.000563418835572
0.000201041655798
0.00058405137146
0.000188150258176
0.000602243881925
0.000169969335368
0.000617319497506
0.00014683256927
0.000628707418008
0.000119350034906
0.000635945131321
8.83715088727e-05
0.000638738229108
5.49804859626e-05
0.000637007415677
2.04220044191e-05
0.000630814197706
-1.40406835163e-05
0.000620337392376
-4.71750887297e-05
0.000605931174061
-7.78047900524e-05
0.000588107767948
-0.000104917472237
0.000567471191684
-0.000127748047588
0.000544699878719
-0.000145784725626
0.000520503002564
-0.000158785339605
0.000495573162337
-0.000166767099937
0.000470545430926
-0.00016997406389
0.000445966521788
-0.000168831757343
0.00042227710762
-0.000163895104849
0.000399806896144
-0.000155796397016
0.000378779877455
-0.000145198533693
0.000359326443109
-0.000132756546624
0.000341499200319
-0.000119088537441
0.000325289891662
-0.000104755792078
0.000310645585701
-9.02509701456e-05
0.00029748302317
-7.59928563276e-05
0.000285700585775
-6.2326077449e-05
0.000275187771728
-4.95243106255e-05
0.000265832326877
-3.77957347531e-05
0.000257525324134
-2.72897370308e-05
0.000250164541369
-1.81041370396e-05
0.000243656489735
-1.02924083977e-05
0.000237917414394
-3.87055488071e-06
0.000232873544414
1.17656597148e-06
0.000228460819172
4.88957904882e-06
0.000224624271282
7.32962495228e-06
0.000221317204066
8.57408103762e-06
0.00021850026628
8.71293179078e-06
0.000216140498249
7.84573348567e-06
6.0791102456e-06
0.000175168454773
5.09140698912e-06
0.000173981626835
1.48443027488e-06
0.000173154687928
-2.65813931173e-06
0.000172670895563
-7.22127883932e-06
0.000172516282841
-1.20891767924e-05
0.000172679289837
-1.7145894991e-05
0.00017315048357
-2.22758818718e-05
0.000173922367061
-2.73643733392e-05
0.000174989277327
-3.22977149521e-05
0.000176347371941
-3.69636373356e-05
0.000177994703807
-4.12515153815e-05
0.000179931383916
-4.50526410938e-05
0.000182159831843
-4.82605399754e-05
0.000184685113589
-5.07713612272e-05
0.000187515365675
-5.24843734261e-05
0.00019066230319
-5.3302599039e-05
0.000194141807329
-5.31336232109e-05
0.000197974584647
-5.18906152848e-05
0.000202186885353
-4.94936038357e-05
0.000206811261095
-4.58710490482e-05
0.000211887333218
-4.09617581182e-05
0.000217462529927
-3.47171899548e-05
0.00022359273443
-2.71041940359e-05
0.000230342765438
-1.81082227205e-05
0.000237786585884
-7.73704521934e-06
0.000246007105315
3.97502765027e-06
0.000255095406766
1.69624295892e-05
0.000265149191677
3.11232033698e-05
0.000276270200261
4.63135770363e-05
0.00028856033584
6.2342475218e-05
0.000302116209791
7.89663073958e-05
0.00031702184345
9.58845239452e-05
0.000333339334063
0.000112736607532
0.000351097437546
0.000129101361467
0.00037027826739
0.000144499546665
0.000390802677331
0.000158401064862
0.000412515390349
0.000170237928073
0.000435171529069
0.000179424113139
0.000458426805906
0.00018538297909
0.000481834093252
0.000187582143325
0.000504849204594
0.000185574531621
0.000526848131215
0.000179042729177
0.000547156358566
0.000167842030825
0.000565089082346
0.000152036611587
0.000579999229264
0.000131922422352
0.000591321307779
0.000108027956391
0.00059859916734
8.10936493115e-05
0.000601530532859
5.2049120444e-05
0.000599997969321
2.19545679565e-05
0.000594047053221
-8.08976741583e-06
0.00058387471616
-3.70027516689e-05
0.000569840954375
-6.37710282678e-05
0.000552446634939
-8.75231528007e-05
0.000532286467293
-0.000107587879942
0.000510015338589
-0.000123513596922
0.000486307599258
-0.000135077600274
0.000461816946453
-0.000142276447131
0.00043714273041
-0.000145299847847
0.000412805170027
-0.00014449419696
0.000389230874573
-0.000140320809395
0.000366748225857
-0.000133313748301
0.000345590829347
-0.000124041137183
0.000325906690944
-0.000113072408221
0.000307770774695
-0.000100952621192
0.000291198934034
-8.81839514169e-05
0.000276161701944
-7.52137380558e-05
0.00026259693393
-6.24280883134e-05
0.000250420739956
-5.01498834748e-05
0.000239536482791
-3.86400534604e-05
0.000229841857099
-2.81011090611e-05
0.00022123421
-1.86820899314e-05
0.00021361433983
-1.04842668703e-05
0.000206889036224
-3.56710479169e-06
0.000200972619057
2.04586228615e-06
0.000195787709904
6.36147512448e-06
0.000191265437148
9.41185180525e-06
0.000187345241145
1.12498209557e-05
0.000183974412664
1.19449095178e-05
0.000181107468263
1.15798761924e-05
0.000178705441116
1.02477606321e-05
8.04940610341e-06
0.000136465246476
6.66160422419e-06
0.000135258778842
2.69089790886e-06
0.000134392988596
-1.792349066e-06
0.000133848635245
-6.67692548889e-06
0.000133609889838
-1.18504313848e-05
0.000133664005
-1.72000101534e-05
0.000134001059817
-2.26129366888e-05
0.00013461378223
-2.7977095752e-05
0.000135497450353
-3.31813830752e-05
0.000136649873253
-3.81160602356e-05
0.000138071451136
-4.26730932648e-05
0.000139765314381
-4.6746504338e-05
0.000141737540259
-5.02327658532e-05
0.000143997445359
-5.30312663276e-05
0.000146557950452
-5.50448785193e-05
0.000149436012646
-5.6180661233e-05
0.000152653116912
-5.63507274767e-05
0.00015623581515
-5.54733135228e-05
0.000160216295588
-5.34740842737e-05
0.000164632958103
-5.02877115633e-05
0.000169530961638
-4.58597616535e-05
0.000174962697827
-4.01489261432e-05
0.000180988129892
-3.31296261009e-05
0.000187674917607
-2.47950104356e-05
0.000195098227536
-1.51603551488e-05
0.000203340103428
-4.26684824141e-06
0.000212488245612
7.81428740519e-06
0.000222634022796
2.09774261855e-05
0.000233869518626
3.50780812067e-05
0.000246283404661
4.99285891827e-05
0.000259955439589
6.52942724685e-05
0.000274949433107
8.08905304266e-05
0.0002913045963
9.63814443396e-05
0.000309025344225
0.000111380613541
0.000328069835591
0.0001254550553
0.000348337836418
0.000138133064035
0.00036965887264
0.000148916891851
0.00039178205777
0.00015730092801
0.000414369375881
0.000162795660978
0.000436994457366
0.00016495706184
0.000459148861937
0.000163420127051
0.000480257389078
0.000157934202035
0.000499702844681
0.000148396575223
0.000516859348949
0.000134880107318
0.000531131580697
0.000117650190605
0.000541993524939
9.71660121498e-05
0.000549021403472
7.40657707786e-05
0.000551929256342
4.91412675738e-05
0.000550593033018
2.32907912803e-05
0.000545048269371
-2.54500376821e-06
0.000535483872794
-2.74383550923e-05
0.000522237645767
-5.05248012403e-05
0.000505773476641
-7.10589836757e-05
0.000486644194521
-8.84585978215e-05
0.000465456264209
-0.00010232566661
0.000442832788403
-0.000112454124469
0.00041937874652
-0.000118822405248
0.000395652112972
-0.000121573214299
0.000372142629707
-0.000120984713695
0.000349258959497
-0.000117437139186
0.000327323787554
-0.000111378576358
0.000306575561105
-0.000103292910734
0.00028717513807
-9.36719851859e-05
0.000269215564406
-8.29930475277e-05
0.000252733394951
-7.17017819621e-05
0.000237720299138
-6.02006422427e-05
0.000224134055613
-4.88418447884e-05
0.000211908375602
-3.79242034639e-05
0.000200961270921
-2.76929487796e-05
0.00019120188831
-1.83417264501e-05
0.000182535871183
-1.00160728047e-05
0.000174869393619
-2.81778930604e-06
0.00016811205281
3.19023601698e-06
0.000162178817871
7.97909722532e-06
0.000156991225401
1.1549067595e-05
0.000152477993794
1.39250834123e-05
0.000148575204766
1.51526099837e-05
0.000145226175791
1.52939384919e-05
0.000142381123564
1.44249284202e-05
0.00013999669744
1.26321867553e-05
1.00106598332e-05
9.68150552765e-05
8.19663279027e-06
9.56196841024e-05
3.88626908303e-06
9.47386451925e-05
-9.11310156139e-07
9.41508663361e-05
-6.08914663248e-06
9.38391906226e-05
-1.15387556712e-05
9.37900918457e-05
-1.71509113765e-05
9.39934499113e-05
-2.28162947545e-05
9.44423907979e-05
-2.84260366386e-05
9.51331938038e-05
-3.3872186081e-05
9.60652674287e-05
-3.90481338605e-05
9.72411941009e-05
-4.3849019937e-05
9.86668429099e-05
-4.8172153147e-05
0.000100351548381
-5.19174713247e-05
0.000102308351963
-5.49880699092e-05
0.000104554301107
-5.72908276632e-05
0.000107110798455
-5.87371585814e-05
0.000110003990422
-5.92439194433e-05
0.000113265180223
-5.87345033234e-05
0.00011693124484
-5.71401488914e-05
0.000121045028281
-5.44014950044e-05
0.00012565567451
-5.04704078821e-05
0.000130818852388
-4.53121040211e-05
0.000136596811695
-3.89075854078e-05
0.000143058193851
-3.12563925918e-05
0.000150277503631
-2.23796649288e-05
0.000158334129745
-1.2323474355e-05
0.000167310784104
-1.16236695459e-06
0.000177291214297
1.09969959926e-05
0.000188357034959
2.40122605449e-05
0.000200583526643
3.77020974985e-05
0.000214034272401
5.18435267108e-05
0.000228754551488
6.61702513397e-05
0.000244763496294
8.03724995338e-05
0.000262045152482
9.40989573534e-05
0.00028053877052
0.000106961437261
0.000300128899394
0.000118542935161
0.000320636138103
0.000128409653142
0.00034180969678
0.000136127369332
0.000363323171686
0.000141282186072
0.000384775068348
0.000143505165178
0.000405695519069
0.00014249967633
0.000425560227979
0.000138069493125
0.000443811889935
0.000130144913267
0.000459888315186
0.000118803682067
0.000473255224091
0.0001042832817
0.000483439839865
8.69813963756e-05
0.000490061903869
6.74437067743e-05
0.000492862770375
4.63404010679e-05
0.000491725296778
2.44282648779e-05
0.00048667811885
2.50217415974e-06
0.000477892022908
-1.86522591502e-05
0.000465670854173
-3.83036325057e-05
0.000450430476001
-5.58186055038e-05
0.000432668314033
-7.0696435853e-05
0.000412931239746
-8.25885923233e-05
0.000391783015495
-9.13059002167e-05
0.000369774177293
-9.68135670464e-05
0.000347416916306
-9.92159533117e-05
0.000325166342055
-9.87341394438e-05
0.000303408615538
-9.56794126687e-05
0.000282455612598
-9.04255734175e-05
0.000262545153708
-8.33824518442e-05
0.000243845505304
-7.49723367815e-05
0.000226462781232
-6.56103234558e-05
0.000210449980032
-5.56889807628e-05
0.000195816609621
-4.5567271831e-05
0.000182538109794
-3.55633449613e-05
0.000170564537219
-2.59506308897e-05
0.00015982819863
-1.69566101903e-05
0.00015025009288
-8.76362069975e-06
0.000141745149847
-1.51112977194e-06
0.00013422633847
4.70102207097e-06
0.000127607765594
9.80880889274e-06
0.000121806910368
1.37799524513e-05
0.000116746143529
1.66098344347e-05
0.000112353673709
1.83175532314e-05
0.000108564048928
1.89422347652e-05
0.000105318324246
1.85396631741e-05
0.000102563988778
1.71792638876e-05
0.000100254728235
1.4941447299e-05
1.19153042252e-05
5.6464906899e-05
9.65999966325e-06
5.53097887322e-05
5.0413872499e-06
5.44360430139e-05
-3.7564437831e-08
5.38213674462e-05
-5.47447106477e-06
5.34477620363e-05
-1.11651502614e-05
5.33012934884e-05
-1.70044428286e-05
5.33719044607e-05
-2.28869057267e-05
5.36532737288e-05
-2.87074059068e-05
5.4142731083e-05
-3.43616434352e-05
5.48412289709e-05
-3.97466317485e-05
5.57533713238e-05
-4.47611622898e-05
5.68874985056e-05
-4.93062803288e-05
5.82558257665e-05
-5.32857985856e-05
5.98746307903e-05
-5.6606874933e-05
6.17644837595e-05
-5.91806806325e-05
6.39505106414e-05
-6.09231854633e-05
6.6462676942e-05
-6.17560857439e-05
6.93360748165e-05
-6.1607901198e-05
7.26111909376e-05
-6.04152650125e-05
7.63341257655e-05
-5.81244298323e-05
8.05567266636e-05
-5.46930087803e-05
8.53365875746e-05
-5.00919649321e-05
9.07368567689e-05
-4.4307854602e-05
9.68257817268e-05
-3.73453175497e-05
0.000103675907024
-2.92297902263e-05
0.000111362828166
-2.00103954963e-05
0.000119963393189
-9.76293197762e-06
0.000129553236884
1.40715229761e-06
0.000140203532989
1.33619644393e-05
0.000151976862134
2.59287683533e-05
0.000164922123071
3.88982657744e-05
0.000179068468302
5.2023906108e-05
0.000194418329031
6.50226388048e-05
0.000210939713734
7.75775726508e-05
0.000228558121934
8.9343029061e-05
0.000247148605782
9.99524513132e-05
0.000266528723187
0.000109029535738
0.000286453330591
0.000116202761928
0.000306612318594
0.000121123198069
0.000326632443489
0.000123485040283
0.000346084289209
0.00012304783061
0.000364495046766
0.000119658735568
0.000381367203273
0.000113272756759
0.000396202461339
0.000103968424001
0.000408529288167
9.19564548723e-05
0.000417931470696
7.75792138469e-05
0.000424075084126
6.13000933437e-05
0.000426732351035
4.36831341598e-05
0.000425798169832
2.53624460807e-05
0.000421296035113
7.00430887853e-06
0.000413375716295
-1.07319403317e-05
0.000402303791258
-2.72317074694e-05
0.000388445366027
-4.19601802727e-05
0.00037223895068
-5.44900205063e-05
0.000354168815272
-6.45184569153e-05
0.000334737037846
-7.18741227901e-05
0.000314437614419
-7.65141436201e-05
0.000293734600569
-7.85129394612e-05
0.000273045433408
-7.80449722833e-05
0.000252729854788
-7.53638340481e-05
0.000233084221485
-7.07799401145e-05
0.000214340510758
-6.46387411173e-05
0.000196669054338
-5.73008803617e-05
0.000180183942397
-4.91252115145e-05
0.000164950087709
-4.04551260751e-05
0.00015099107919
-3.16082633116e-05
0.000138297136856
-2.28694026274e-05
0.000126832671162
-1.44861651957e-05
0.000116543124612
-6.66706364006e-06
0.000107360919548
4.18584363589e-07
9.92104487206e-05
6.63934105585e-06
9.20121255276e-05
1.1899345264e-05
8.56855631413e-05
1.61353712791e-05
8.01519815329e-05
1.93135340597e-05
7.53359544281e-05
2.14258615396e-05
7.11666095115e-05
2.24868981479e-05
6.75783889738e-05
2.25304553029e-05
6.45114669051e-05
2.16065852428e-05
6.19119074825e-05
1.97788233101e-05
5.97316349222e-05
1.71217198593e-05
1.37186653754e-05
1.56690254888e-05
1.10182230782e-05
1.45810584061e-05
6.12935433253e-06
1.37355482741e-05
8.07945694189e-07
1.31094904952e-05
-4.84841328586e-06
1.2684469625e-05
-1.07401293912e-05
1.24464736883e-05
-1.6766446892e-05
1.23857385646e-05
-2.2826170603e-05
1.24966295832e-05
-2.88182969254e-05
1.27775649874e-05
-3.46425788394e-05
1.3230983797e-05
-4.02000505581e-05
1.38633586887e-05
-4.53935371815e-05
1.46852526764e-05
-5.01281743164e-05
1.57114164801e-05
-5.43119623894e-05
1.69609213799e-05
-5.78563798328e-05
1.84573199187e-05
-6.06770791713e-05
2.02288239168e-05
-6.26946894614e-05
2.23084857194e-05
-6.38357475465e-05
2.47343643153e-05
-6.40337797938e-05
2.75496527723e-05
-6.32305534694e-05
3.08027372638e-05
-6.13775143238e-05
3.45471507466e-05
-5.8437422263e-05
3.88413761184e-05
-5.4386190304e-05
4.37484446336e-05
-4.92149231171e-05
4.93352658228e-05
-4.29321387389e-05
5.56716158115e-05
-3.5566140215e-05
6.28287028047e-05
-2.71674824895e-05
7.08772231309e-05
-1.78114523039e-05
7.98848207252e-05
-7.60044529666e-06
8.99128701622e-05
3.33391500231e-06
0.000101012521823
1.48291166927e-05
0.000113219981571
2.6690806026e-05
0.000126551050854
3.86928368248e-05
0.000140995030241
5.05786594183e-05
0.00015650819244
6.20644104523e-05
0.000173007159068
7.28440624321e-05
0.000190362662886
8.25969474951e-05
0.000208394330519
9.09978681047e-05
0.000226867257541
9.77298349064e-05
0.000245491235858
0.000102499219752
0.000263923493162
0.000105052782979
0.000281775674382
0.00010519564939
0.000298625501511
0.000102808908439
0.000314033085583
9.78651726874e-05
0.000327561275444
9.04402341392e-05
0.000338798756858
8.07189734588e-05
0.000347383966048
6.89940046573e-05
0.000353027723536
5.56563358551e-05
0.000355532715286
4.11781424096e-05
0.000354807103316
2.6088058051e-05
0.000350870281756
1.09411304384e-05
0.000343851270374
-3.71292894967e-06
0.000333980269162
-1.73607062575e-05
0.000321573316728
-2.95532278387e-05
0.000307011654146
-3.99283579241e-05
0.0002907185496
-4.8225352369e-05
0.000273135701434
-5.42912746243e-05
0.000254701187454
-5.80796296403e-05
0.000235830544842
-5.96422968486e-05
0.000216901964569
-5.91163920102e-05
0.000198246007328
-5.67078768074e-05
0.000180139747002
-5.26736797889e-05
0.000162804866305
-4.73038604205e-05
0.00014640899303
-4.09050070861e-05
0.000131069465399
-3.37856838839e-05
0.000116858724116
-2.62443847923e-05
0.000103810612966
-1.85601521611e-05
9.19269961819e-05
-1.09857858434e-05
8.11842420376e-05
-3.74341105136e-06
7.15392586263e-05
2.97791977118e-06
6.29348874577e-05
9.02295553224e-06
5.53045577302e-05
1.42696707833e-05
4.85761776386e-05
1.86277253556e-05
4.26752907099e-05
2.20362582078e-05
3.75275582354e-05
2.44612665342e-05
3.30606471822e-05
2.58927725927e-05
2.92056103708e-05
2.63419349593e-05
2.58978454731e-05
2.58382202006e-05
2.30777142232e-05
2.44267164928e-05
2.0690895249e-05
2.21656422843e-05
1.86885346523e-05
1.91240804561e-05
1.53799511239e-05
-2.53134616174e-05
1.22414745887e-05
-2.63101695102e-05
7.12606222527e-06
-2.71085258641e-05
1.60630204815e-06
-2.77317879568e-05
-4.22515119317e-06
-2.81984204947e-05
-1.02734968533e-05
-2.85222326441e-05
-1.64426347425e-05
-2.87124989484e-05
-2.26359042987e-05
-2.87740562684e-05
-2.87567396055e-05
-2.87073715158e-05
-3.4709263592e-05
-2.85085772811e-05
-4.03988447928e-05
-2.81694745962e-05
-4.57326398664e-05
-2.76775041483e-05
-5.06201447644e-05
-2.70156893795e-05
-5.49737771581e-05
-2.6162557197e-05
-5.87095120153e-05
-2.5092044583e-05
-6.17475917853e-05
-2.37734023633e-05
-6.40133316811e-05
-2.21711108603e-05
-6.54380390495e-05
-2.02448262233e-05
-6.59600644309e-05
-1.79493809721e-05
-6.55259987207e-05
-1.52348677311e-05
-6.40920275648e-05
-1.20468412504e-05
-6.16254487437e-05
-8.32668048899e-06
-5.81063510654e-05
-4.01215950538e-06
-5.35294441007e-05
9.61717278823e-07
-4.79060155231e-05
6.66155388413e-06
-4.12659768203e-05
1.31540099718e-05
-3.36599385772e-05
2.05037899024e-05
-2.51612322345e-05
2.87711113556e-05
-1.58677667499e-05
3.80086028812e-05
-5.9035765233e-06
4.82576015238e-05
4.58011805016e-06
5.95438564263e-05
1.54045511235e-05
7.18726948881e-05
2.6363998363e-05
8.52237756892e-05
3.72275786171e-05
9.95456409395e-05
4.7742545202e-05
0.000114750379922
5.76393234496e-05
0.000130708829751
6.66384976662e-05
0.000147246846157
7.4459851699e-05
0.000164143265266
8.08334157967e-05
0.000181130219752
8.55122652661e-05
0.000197896442514
8.82865602177e-05
0.000214094061517
8.89980303868e-05
0.000229349141744
8.75538282113e-05
0.000243275865881
8.39384485508e-05
0.000255493794586
7.82223054343e-05
0.000265647154931
7.05656131139e-05
0.000273424660022
6.12164995656e-05
0.000278578169026
5.05028268517e-05
0.000280938504359
3.88178070769e-05
0.000280426542107
2.66000203021e-05
0.000277058226125
1.43094464211e-05
0.000270943388628
2.40190854664e-06
0.000262278648418
-8.69596604659e-06
0.000251334792501
-1.86093719222e-05
0.000238439930045
-2.70334954685e-05
0.000223960338481
-3.37457608045e-05
0.000208280770653
-3.86117067961e-05
0.000191785831778
-4.15846907659e-05
0.00017484371983
-4.27001849006e-05
0.000157793177975
-4.20658501549e-05
0.000140934058755
-3.98487575871e-05
0.000124521502467
-3.62611235015e-05
0.000108763422082
-3.15457800354e-05
9.38207824103e-05
-2.59623674143e-05
7.98100587934e-05
-1.9774960267e-05
6.68072435318e-05
-1.32415695308e-05
5.48528136747e-05
-6.60572230396e-06
4.39571579495e-05
-9.01301182269e-08
3.41060629623e-05
6.10768393588e-06
2.52659634984e-05
1.18180192351e-05
1.73887580392e-05
1.69001609915e-05
1.04160726283e-05
2.12423561942e-05
4.28292140685e-06
2.4760876577e-05
-1.0792392504e-06
2.7398418865e-05
-5.74003236612e-06
2.91220596499e-05
-9.76820591343e-06
2.992094614e-05
-1.32301390065e-05
2.98038680524e-05
-1.61887412616e-05
2.87968224557e-05
-1.8702678766e-05
2.69406539972e-05
-2.08258642559e-05
2.42888277742e-05
-2.26071551597e-05
2.09053713598e-05
1.68630060712e-05
-6.62208472972e-05
1.33040391996e-05
-6.71053643425e-05
8.01057927056e-06
-6.78399846648e-05
2.34092237042e-06
-6.84478470357e-05
-3.6172888222e-06
-6.89471616191e-05
-9.77418226999e-06
-6.93513013245e-05
-1.60384950371e-05
-6.9668889803e-05
-2.23183158201e-05
-6.99038778463e-05
-2.85217515621e-05
-7.00556026305e-05
-3.45575388078e-05
-7.01188266739e-05
-4.03356207493e-05
-7.0083755653e-05
-4.57677108873e-05
-6.99360364302e-05
-5.07678639873e-05
-6.9656738898e-05
-5.52530746903e-05
-6.9222327622e-05
-5.91439232913e-05
-6.86046318671e-05
-6.23652875401e-05
-6.77708255045e-05
-6.48471380438e-05
-6.66834315914e-05
-6.65254329627e-05
-6.53003701478e-05
-6.73431258745e-05
-6.35750718524e-05
-6.72512970161e-05
-6.14566850196e-05
-6.62104143976e-05
-5.8890408215e-05
-6.41917255483e-05
-5.58179860462e-05
-6.11787732342e-05
-5.21784107102e-05
-5.71690194367e-05
-4.79088763227e-05
-5.21755499106e-05
-4.29460362236e-05
-4.62288169193e-05
-3.7227614389e-05
-3.93783604118e-05
-3.06944195694e-05
-3.16944270541e-05
-2.32928033136e-05
-2.32693830057e-05
-1.49775887882e-05
-1.42187910487e-05
-5.7154743377e-06
-4.68199640035e-06
4.51111786785e-06
5.17795891794e-06
1.56998235977e-05
1.51752926331e-05
2.78238829814e-05
2.51035192334e-05
4.08276565991e-05
3.47387715842e-05
5.4622395924e-05
4.38445841248e-05
6.90826349001e-05
5.21782586901e-05
8.4043643696e-05
5.94988429032e-05
9.93004378336e-05
6.55766216591e-05
0.000114608848188
7.02038549121e-05
0.000129689110726
7.32062976795e-05
0.000144232312576
7.44548285368e-05
0.000157909823453
7.38763173346e-05
0.000170385553503
7.14627185002e-05
0.000181330534039
6.72773248989e-05
0.00019043895496
6.14571921929e-05
0.000197444476689
5.42109778364e-05
0.000202135465784
4.58118377564e-05
0.000204367776368
3.65854964927e-05
0.000204073712688
2.68940839826e-05
0.000201266196252
1.71169628565e-05
0.000196037863673
7.63024112622e-06
0.000188555249255
-1.2133516285e-06
0.000179048526586
-9.10264925358e-06
0.000167797827287
-1.57827961692e-05
0.000155117541979
-2.1065475497e-05
0.000141340013674
-2.48341784912e-05
0.000126799919291
-2.70445963827e-05
0.000111820396569
-2.77206621785e-05
9.67016448441e-05
-2.69470984299e-05
8.1712383584e-05
-2.4859496327e-05
6.70842390681e-05
-2.16329789856e-05
5.30088769375e-05
-1.74704179048e-05
3.96375218777e-05
-1.25910123545e-05
2.70824058005e-05
-7.21984418976e-06
1.54196527737e-05
-1.57881650402e-06
4.6931273071e-06
4.12080316268e-06
-5.08117444518e-06
9.68417163406e-06
-1.39105388646e-05
1.49370483553e-05
-2.18210240311e-05
1.97285044016e-05
-2.88532174313e-05
2.39323543916e-05
-3.50583880323e-05
2.74475267952e-05
-4.04951022212e-05
3.01975907659e-05
-4.52263289657e-05
3.21296456095e-05
-4.93170270437e-05
3.3212757728e-05
-5.28321849449e-05
3.34361040412e-05
-5.58352702412e-05
3.28069533487e-05
-5.83870380242e-05
3.13485902387e-05
-6.0544645723e-05
2.9098261696e-05
-6.23610227407e-05
2.6105204792e-05
-6.38844466939e-05
2.2428795313e-05
1.81368420635e-05
-0.000106791145989
1.41846056658e-05
-0.00010754596682
8.76540010236e-06
-0.000108202809347
2.99776489648e-06
-0.000108784398147
-3.03570002155e-06
-0.000109308445754
-9.25013466312e-06
-0.000109787702514
-1.55592382773e-05
-0.000110230014421
-2.1876003913e-05
-0.00011063838061
-2.81133853732e-05
-0.00011101100483
-3.41849145876e-05
-0.000111341337669
-4.00052879099e-05
-0.000111618108605
-4.54909399514e-05
-0.000111825349227
-5.05606233655e-05
-0.000111942411261
-5.51360126565e-05
-0.000111943985412
-5.91423491406e-05
-0.000111800129582
-6.25091433695e-05
-0.000111476317805
-6.51709498213e-05
-0.000110933524253
-6.70682265148e-05
-0.000110128360035
-6.8148290092e-05
-0.000109013284075
-6.83663729761e-05
-0.000107536913196
-6.7686785277e-05
-0.000105644460451
-6.60841782926e-05
-0.000103278334538
-6.35448991471e-05
-0.000100378936468
-6.00684175067e-05
-9.68856921312e-05
-5.56687942479e-05
-9.27383602798e-05
-5.03761487707e-05
-8.78786540077e-05
-4.42380666838e-05
-8.2252208935e-05
-3.73208721268e-05
-7.58109218916e-05
-2.9710670049e-05
-6.85156685143e-05
-2.1514044426e-05
-6.03393855283e-05
-1.28582793864e-05
-5.12704724216e-05
-3.8909541888e-06
-4.13164269836e-05
5.22124719514e-06
-3.05075799784e-05
1.42946722283e-05
-1.89007375953e-05
2.31319292012e-05
-6.58247962324e-06
3.15263261527e-05
6.32819760566e-06
3.92675814612e-05
1.96782530468e-05
4.6148787462e-05
3.32803743985e-05
5.19745003073e-05
4.69145331715e-05
5.65696961391e-05
6.03316474685e-05
5.97891833825e-05
7.32595675071e-05
6.15269084982e-05
8.54114265911e-05
6.17244582506e-05
9.64961730011e-05
6.03779720902e-05
0.000106230835539
5.7542662361e-05
0.000114353808122
5.33342196097e-05
0.00012063821277
4.79265731883e-05
0.000124904271879
4.15457786474e-05
0.000127029602014
3.44601663583e-05
0.000126956416754
2.69672692422e-05
0.000124694912205
1.93784674057e-05
0.000120322557901
1.20025954301e-05
0.00011397938895
5.12981732244e-06
0.000105859720489
-9.82980792539e-07
9.62010768879e-05
-6.1241525682e-06
8.52713891536e-05
-1.01357877627e-05
7.3355564531e-05
-1.29183538686e-05
6.07424610361e-05
-1.44314928878e-05
4.77131275533e-05
-1.46913286957e-05
3.453092909e-05
-1.37648999666e-05
2.14339151859e-05
-1.17624824229e-05
8.62954395084e-06
-8.82860775054e-06
-3.70833053152e-06
-5.13254342245e-06
-1.54404501693e-05
-8.58892716686e-07
-2.64614604544e-05
3.80116609537e-06
-3.66979116269e-05
8.65763466851e-06
-4.61053311125e-05
1.35282226482e-05
-5.46647145967e-05
1.82435551183e-05
-6.23787340877e-05
2.26510678463e-05
-6.92679035204e-05
2.66176738343e-05
-7.53668835763e-05
3.00313344475e-05
-8.07210525401e-05
3.2801695759e-05
-8.53834224548e-05
3.48599606806e-05
-8.94119408921e-05
3.61581640469e-05
-9.28671885244e-05
3.66680053602e-05
-9.58104607536e-05
3.63793762704e-05
-9.83022067929e-05
3.5298699388e-05
-0.000100400790533
3.3447173979e-05
-0.000102161533008
3.08590041708e-05
-0.000103635995086
2.75796668697e-05
-0.000104871460186
2.36642604129e-05
1.91759614004e-05
-0.000146764330396
1.4866404187e-05
-0.000147375501988
9.37657169438e-06
-0.000147943172335
3.56543524326e-06
-0.000148489426352
-2.48944600443e-06
-0.000149031292924
-8.70826809141e-06
-0.000149580758222
-1.50097729797e-05
-0.000150144796778
-2.13119653566e-05
-0.000150725412185
-2.75327699666e-05
-0.000151319681799
-3.35906449728e-05
-0.000151919802229
-3.94051674807e-05
-0.000152513134631
-4.48976075492e-05
-0.000153082251132
-4.99915068644e-05
-0.000153604985891
-5.46132778972e-05
-0.000154054496672
-5.86928383601e-05
-0.000154399345193
-6.21642948484e-05
-0.000154603607109
-6.4966687905e-05
-0.000154627025187
-6.70448084367e-05
-0.00015442522214
-6.83500931395e-05
-0.000153949992574
-6.88416025413e-05
-0.000153149696551
-6.84870813004e-05
-0.00015196978015
-6.72640946931e-05
-0.000150353451043
-6.51612282542e-05
-0.000148242538957
-6.21793295931e-05
-0.00014557857177
-5.83327614348e-05
-0.000142304097146
-5.36506233944e-05
-0.000138364276451
-4.81778873795e-05
-0.000133708771363
-4.19763772149e-05
-0.000128293933207
-3.51255082044e-05
-0.000122085289595
-2.7722688038e-05
-0.000115060301665
-1.9883267317e-05
-0.000107211337451
-1.17399184021e-05
-9.85487725479e-05
-3.44131770826e-06
-8.91040889401e-05
4.84998862054e-06
-7.89327985865e-05
1.29606388475e-05
-6.81169731628e-05
2.0710500729e-05
-5.67671205125e-05
2.79177288109e-05
-4.50231185689e-05
3.44047855185e-05
-3.30539071379e-05
4.00052888763e-05
-2.10556560955e-05
4.45714450967e-05
-9.24818375432e-06
4.79817110413e-05
2.13050286261e-06
5.01482218813e-05
1.28315324501e-05
5.10234286632e-05
2.26041666052e-05
5.06053379351e-05
3.1206078201e-05
4.89407507652e-05
3.84143226632e-05
4.61259751475e-05
4.40362524986e-05
4.23046433529e-05
4.79195343351e-05
3.76624968109e-05
4.99604226391e-05
3.24192780543e-05
5.01095294556e-05
2.68181624258e-05
4.83745438033e-05
2.1113453058e-05
4.4819664695e-05
1.55574745384e-05
3.95618121142e-05
1.03876699032e-05
3.27639579739e-05
5.81487334777e-06
2.46261879588e-05
2.01361744688e-06
1.5375293188e-05
-8.84892991819e-07
5.25374975771e-06
-2.79681043831e-06
-5.49109612395e-06
-3.68664700614e-06
-1.66169403295e-05
-3.56548449016e-06
-2.78950085342e-05
-2.4868317619e-06
-3.91167945747e-05
-5.40696382363e-07
-5.00989153055e-05
2.15351298025e-06
-6.0686112396e-05
5.45465366805e-06
-7.07525581213e-05
9.20755300854e-06
-8.02017069183e-05
1.32503148924e-05
-8.89649793764e-05
1.74209071265e-05
-9.69995765126e-05
2.15628197844e-05
-0.000104285707789
2.55296863952e-05
-0.00011082348467
2.91888447266e-05
-0.000116629690205
3.24238793698e-05
-0.000121734590494
3.51362347363e-05
-0.000126178910269
3.72460155337e-05
-0.000130011055534
3.86921059456e-05
-0.000133284632633
3.94317411466e-05
-0.000136056286062
3.94396587887e-05
-0.00013838385662
3.87069468284e-05
-0.000140324846582
3.72396893501e-05
-0.000141935168537
3.5057495934e-05
-0.000143268148603
3.2191984237e-05
-0.000144373751885
2.86852701513e-05
-0.000145297997529
2.45885060572e-05
1.99604957465e-05
-0.000185884468341
1.53372119684e-05
-0.000186341608029
9.83371138235e-06
-0.000186811380473
4.03520768762e-06
-0.000187315068799
-1.98575767852e-06
-0.000187868884291
-8.15445259943e-06
-0.000188483948477
-1.4394708794e-05
-0.000189166301193
-2.06296126408e-05
-0.000189916926872
-2.67821442877e-05
-0.000190731793644
-3.27757782008e-05
-0.0001916019021
-3.85350590247e-05
-0.000192513342759
-4.39861668902e-05
-0.000193447363436
-4.90574861873e-05
-0.000194380449868
-5.36801914653e-05
-0.000195284425136
-5.77888630921e-05
-0.000196126575678
-6.13221443057e-05
-0.000196869814005
-6.42234495786e-05
-0.000197472890607
-6.64417318346e-05
-0.00019789067001
-6.79323137368e-05
-0.000198074488311
-6.86577842401e-05
-0.000197972611872
-6.85889577395e-05
-0.000197530818848
-6.77058877165e-05
-0.000196693126795
-6.59989203072e-05
-0.000195402690331
-6.34697660579e-05
-0.000193602892428
-6.01325593377e-05
-0.000191238650843
-5.60148649795e-05
-0.000188257956908
-5.11585813147e-05
-0.000184613656808
-4.56206773142e-05
-0.00018026547486
-3.9473690153e-05
-0.00017518226355
-3.28058993476e-05
-0.000169344445782
-2.57210850847e-05
-0.000162746590608
-1.83377735766e-05
-0.000155400035059
-1.07878732575e-05
-0.000147335432429
-3.21461400924e-06
-0.000138605073411
4.23027982958e-06
-0.000129284793802
1.13902211198e-05
-0.000119475255298
1.81081903068e-05
-0.000109302369576
2.42318997968e-05
-9.89166365307e-05
2.9619555831e-05
-8.84911915755e-05
3.41460001414e-05
-7.82184097399e-05
3.77089292058e-05
-6.83049988029e-05
4.02348109443e-05
-5.89656290123e-05
4.16840588725e-05
-5.04152865414e-05
4.20549954642e-05
-4.28606889304e-05
4.13861531542e-05
-3.64912450801e-05
3.97565312972e-05
-3.14701568601e-05
3.7283555133e-05
-2.79263210042e-05
3.4118660955e-05
-2.59476849558e-05
3.04406420059e-05
-2.55766320985e-05
2.64471095684e-05
-2.68078091829e-05
2.23446301424e-05
-2.95885841691e-05
1.83382495246e-05
-3.38220887518e-05
1.46211744858e-05
-3.93725775388e-05
1.13653621348e-05
-4.60726353055e-05
8.71367521355e-06
-5.37316228794e-05
6.77409458207e-06
-6.21446964552e-05
5.61626313748e-06
-7.11017553776e-05
5.27041191631e-06
-8.0395756312e-05
5.72851644416e-06
-8.9829958308e-05
6.94737023409e-06
-9.92238104955e-05
8.85315580516e-06
-0.000108417341317
1.1347043802e-05
-0.000117274039419
1.43113517699e-05
-0.000125682321482
1.76158350713e-05
-0.000133555757015
2.11237504256e-05
-0.000140832264613
2.46974147244e-05
-0.000147472511919
2.82030670907e-05
-0.000153457747974
3.15149224497e-05
-0.000158787277674
3.45183744264e-05
-0.000163475759543
3.71123612392e-05
-0.000167550474873
3.92109500666e-05
-0.000171048682335
4.07442229953e-05
-0.000174015140221
4.16585638316e-05
-0.000176499850206
4.19164511315e-05
-0.000178556052783
4.14958613656e-05
-0.00018023848563
4.03893796758e-05
-0.000181601901817
3.86031055366e-05
-0.000182699834507
3.61554286249e-05
-0.000183583588083
3.30757378129e-05
-0.000184301431653
2.94031137207e-05
-0.000184897969205
2.51850436091e-05
2.04761871015e-05
-0.000223901732748
1.55892486898e-05
-0.000224197955578
1.01299342118e-05
-0.000224563722211
4.40097432065e-06
-0.000225019407443
-1.53007244649e-06
-0.000225580317226
-7.5935428165e-06
-0.000226256644869
-1.37183811508e-05
-0.000227053459942
-1.98327975681e-05
-0.000227970722632
-2.58648815975e-05
-0.000229003318462
-3.17431823706e-05
-0.000230141110362
-3.73972671249e-05
-0.000231369007151
-4.27582701014e-05
-0.000232667049511
-4.77594438267e-05
-0.000234010516552
-5.23367244243e-05
-0.00023537005808
-5.64293215643e-05
-0.000236711859738
-5.99803426476e-05
-0.000237997850223
-6.29374590934e-05
-0.00023918596183
-6.52536202279e-05
-0.000240230457574
-6.68878179926e-05
-0.000241082340026
-6.78059017887e-05
-0.000241689858635
-6.79814391301e-05
-0.000241999133619
-6.73966127327e-05
-0.000241954915159
-6.60431387668e-05
-0.000241501496524
-6.3923184693e-05
-0.00024058379838
-6.10502574817e-05
-0.000239148638679
-5.74500246806e-05
-0.000237146197598
-5.31610223956e-05
-0.00023453167965
-4.82351952629e-05
-0.000231267164787
-4.27382050157e-05
-0.000227323626763
-3.67494373712e-05
-0.000222683079911
-3.03616319373e-05
-0.000217340795014
-2.36800584736e-05
-0.000211307501506
-1.6821166765e-05
-0.000204611467896
-9.91064761903e-06
-0.000197300326922
-3.0808611448e-06
-0.000189442488992
3.53238319022e-06
-0.000181127970439
9.79367175374e-06
-0.000172468456099
1.55723854562e-05
-0.00016359642322
2.07475229524e-05
-0.000154663179978
2.52127568991e-05
-0.000145835720215
2.8881469443e-05
-0.000137292367657
3.16914583865e-05
-0.00012921727586
3.36089670754e-05
-0.000121793958769
3.46316783727e-05
-0.00011519814071
3.47903350951e-05
-0.00010959032017
3.41487107575e-05
-0.000105108522366
3.28017573294e-05
-0.000101861755693
3.08718942816e-05
-9.99246762019e-05
2.85035625149e-05
-9.93338973239e-05
2.58563306905e-05
-0.000100086257455
2.30969902732e-05
-0.000102139191227
2.03911832969e-05
-0.00010541317061
1.78951538691e-05
-0.000109796008862
1.5748200386e-05
-0.000115148668564
1.40663349164e-05
-0.000121312107186
1.29375332038e-05
-0.000128114644636
1.24188005879e-05
-0.000135379345144
1.25351124241e-05
-0.000142930961823
1.32801331231e-05
-0.000150602083215
1.46184916255e-05
-0.000158238230635
1.64893032257e-05
-0.000165701768051
1.88105812179e-05
-0.000172874590036
2.14841737544e-05
-0.000179659639718
2.44008847536e-05
-0.000185981373172
2.74454838795e-05
-0.000191785328505
3.05013700577e-05
-0.00019703697879
3.34547173757e-05
-0.000201720051396
3.61979950554e-05
-0.000205834486415
3.86328094461e-05
-0.000209394188001
4.06720628252e-05
-0.000212424698445
4.22414605106e-05
-0.000214960898878
4.32804234279e-05
-0.000217044814984
4.37424799378e-05
-0.000218723582729
4.3595218876e-05
-0.000220047608742
4.28198873783e-05
-0.000221068943181
4.14107141153e-05
-0.000221839869592
3.93740319475e-05
-0.000222411706286
3.67272653187e-05
-0.000222833806729
3.34978382558e-05
-0.000223152741844
2.97220488364e-05
-0.000223411644573
2.54439463378e-05
2.07142385555e-05
-0.00026057426555
1.56189841266e-05
-0.000260706038734
1.02617073959e-05
-0.000260964200494
4.65913608032e-06
-0.000261368158249
-1.1261146911e-06
-0.000261932264884
-7.0294361817e-06
-0.000262665754204
-1.29848918306e-05
-0.00026357271442
-1.89258373524e-05
-0.000264652093009
-2.47855030082e-05
-0.000265897728252
-3.04975471282e-05
-0.000267298404622
-3.59965907543e-05
-0.000268837931129
-4.12187435946e-05
-0.000270495243537
-4.61021314193e-05
-0.000272244533272
-5.05874346887e-05
-0.000274055407637
-5.46184471994e-05
-0.000275893087754
-5.81426625307e-05
-0.000277718652462
-6.11118943852e-05
-0.000279489338065
-6.34829346247e-05
-0.000281158905439
-6.5218250619e-05
-0.000282678087391
-6.62867198363e-05
-0.000283995130274
-6.66643962481e-05
-0.000285056444489
-6.63352985175e-05
-0.000285807378575
-6.52922046809e-05
-0.000286193130705
-6.35374325626e-05
-0.000286159809502
-6.10835786842e-05
-0.000285655652664
-5.79541815193e-05
-0.000284632406751
-5.41842683084e-05
-0.000283046864263
-4.98207377506e-05
-0.000280862544502
-4.49225247769e-05
-0.000278051492579
-3.95604892945e-05
-0.00027459615618
-3.38169683363e-05
-0.000270491282648
-2.77849320051e-05
-0.000265745760142
-2.15666892715e-05
-0.000260384307151
-1.52721006096e-05
-0.000254448896121
-9.01627217497e-06
-0.000247999781433
-2.91673149818e-06
-0.000241115992334
2.90988265481e-06
-0.000233895150623
8.35154374562e-06
-0.000226452484178
1.33048565068e-05
-0.000218918933589
1.76792063105e-05
-0.000211438292118
2.14008279718e-05
-0.000204163378963
2.4416545232e-05
-0.000197251320342
2.66969084538e-05
-0.000190858096974
2.82384550055e-05
-0.000185132602249
2.90648403698e-05
-0.00018021053223
2.92266407379e-05
-0.000176208485071
2.87997101708e-05
-0.000173218672454
2.78820816648e-05
-0.000171304631938
2.65895219984e-05
-0.000170498273514
2.50499722669e-05
-0.000170798497581
2.33972143404e-05
-0.00017217149582
2.17641815353e-05
-0.000174552709194
2.02763672429e-05
-0.000177850284037
1.90457752291e-05
-0.00018194975144
1.81658023196e-05
-0.000186719571691
1.7707353455e-05
-0.000192017143915
1.77163728115e-05
-0.000197694881572
1.82128500812e-05
-0.000203605991862
1.91912434129e-05
-0.000209609662062
2.06221618257e-05
-0.000215575437066
2.245507823e-05
-0.000221386658581
2.46218027331e-05
-0.000226942918109
2.70404332816e-05
-0.000232161546052
2.96195126965e-05
-0.000236978214084
3.22621519117e-05
-0.000241346765819
3.48699217932e-05
-0.000245238412534
3.73463640901e-05
-0.000248640438315
3.96000208372e-05
-0.000251554555413
4.15469265436e-05
-0.000253995038815
4.31125462273e-05
-0.000255986752255
4.42331739509e-05
-0.000257563158373
4.48568295456e-05
-0.000258764385787
4.49437073515e-05
-0.000259635406791
4.44662398807e-05
-0.00026022436226
4.34088428465e-05
-0.000260581055664
4.17674075199e-05
-0.000260755626128
3.95486024111e-05
-0.000260797401013
3.67690402042e-05
-0.000260753921594
3.34543588363e-05
-0.000260670130475
2.96382577174e-05
-0.00026058770636
2.53615222232e-05
2.06710623087e-05
-0.000295669882361
1.54268792782e-05
-0.000295636824142
1.0228649177e-05
-0.000295786137476
4.80844941406e-06
-0.000296136242877
-7.76009289886e-07
-0.000296700526188
-6.46515287043e-06
-0.000297487258042
-1.21981599773e-05
-0.000298499555407
-1.7913539987e-05
-0.000299735379246
-2.35496791689e-05
-0.000301187563982
-2.90453623924e-05
-0.000302843876199
-3.43402785369e-05
-0.000304687101696
-3.93755180982e-05
-0.000306695161679
-4.40940714356e-05
-0.000308841260579
-4.84413357893e-05
-0.000311094069546
-5.23656382318e-05
-0.000313417951319
-5.58187807582e-05
-0.000315773233596
-5.87566121082e-05
-0.000318116539481
-6.11396287395e-05
-0.00032040118476
-6.293360534e-05
-0.000322577652752
-6.41102518444e-05
-0.000324594158114
-6.46478908865e-05
-0.000326397311125
-6.45321455064e-05
-0.000327932893505
-6.37566223012e-05
-0.000329146755505
-6.23235705622e-05
-0.000329985841687
-6.02444925027e-05
-0.000330399349156
-5.75406740502e-05
-0.000330340016925
-5.42436005393e-05
-0.000329765538209
-5.03952164668e-05
-0.000328640078748
-4.60479842371e-05
-0.000326935873618
-4.12646944248e-05
-0.000324634862502
-3.61179794523e-05
-0.000321730309498
-3.06894850094e-05
-0.000318228338703
-2.5068660066e-05
-0.000314149302181
-1.93511371313e-05
-0.000309528883747
-1.36366906093e-05
-0.000304418832137
-8.02678310823e-06
-0.000298887212629
-2.62173685285e-06
-0.000293018069354
2.48240046989e-06
-0.000286910403568
7.19719072085e-06
-0.000280676397873
1.14452006154e-05
-0.000274438853612
1.51632837115e-05
-0.000268327858067
1.8305549687e-05
-0.000262476757315
2.08458077015e-05
-0.000257017575522
2.27792732125e-05
-0.000252076085654
2.41233505022e-05
-0.000247766792477
2.49173475604e-05
-0.000244188127823
2.52210455169e-05
-0.000241418172989
2.51121268304e-05
-0.000239511208647
2.46825576569e-05
-0.000238495347128
2.40341107479e-05
-0.000238371427443
2.3273294655e-05
-0.000239113257825
2.25060119178e-05
-0.000240669185766
2.18322951837e-05
-0.000242964873361
2.13414628245e-05
-0.00024590706712
2.11079960783e-05
-0.000249388086353
2.11883726884e-05
-0.000253290719499
2.16190059574e-05
-0.000257493214206
2.24153447876e-05
-0.000261874071533
2.35721007405e-05
-0.000266316400951
2.5064491244e-05
-0.000270711652865
2.6850330144e-05
-0.000274962611028
2.8872760896e-05
-0.000278985591095
3.10634133482e-05
-0.000282711848223
3.33457698249e-05
-0.000286088242516
3.56385462046e-05
-0.000289077244575
3.78589238523e-05
-0.000291656384516
3.99255040306e-05
-0.000293817257656
4.17608939773e-05
-0.000295564200628
4.32938695155e-05
-0.000296912745094
4.4461090694e-05
-0.000297887944845
4.52083737018e-05
-0.000298522657777
4.54915424773e-05
-0.000298855848867
4.52768984412e-05
-0.000298930964983
4.45413559968e-05
-0.000298794418188
4.32722960519e-05
-0.000298494201641
4.1467190973e-05
-0.00029807865159
3.913305236e-05
-0.000297595360357
3.62857489709e-05
-0.000297090238554
3.29492370336e-05
-0.000296606719889
2.91547390521e-05
-0.000296185098561
2.49399008951e-05
2.03479509574e-05
-0.000328967612618
1.50170806786e-05
-0.000328772251638
1.00332881973e-05
-0.000328813643706
4.8498414821e-06
-0.000329109234886
-4.80418110254e-07
-0.0003296714578
-5.90292995616e-06
-0.000330507639321
-1.13619784561e-05
-0.000331619953319
-1.68012259891e-05
-0.000333005413159
-2.21642193294e-05
-0.0003346559001
-2.73948754511e-05
-0.000336558225255
-3.24379533826e-05
-0.000338694224254
-3.72395190988e-05
-0.000341040885286
-4.17474104041e-05
-0.000343570512611
-4.59117084642e-05
-0.0003462509291
-4.96852217423e-05
-0.000349045722664
-5.3023987194e-05
-0.000351914542702
-5.58877920709e-05
-0.000354813453776
-5.82407176653e-05
-0.000357695354639
-6.0051704477e-05
-0.000360510471325
-6.12951351585e-05
-0.000363206933297
-6.19514289142e-05
-0.000365731441406
-6.20076373977e-05
-0.000368030035556
-6.14580281506e-05
-0.000370048968389
-6.03046377296e-05
-0.000371735688716
-5.85577721751e-05
-0.000373039934816
-5.62364279504e-05
-0.000373914932764
-5.33686025912e-05
-0.000374318688706
-4.99914605249e-05
-0.00037421535622
-4.6151316723e-05
-0.000373576650795
-4.19033998505e-05
-0.000372383273082
-3.73113571644e-05
-0.000370626291406
-3.24464666861e-05
-0.000368308422543
-2.73865289285e-05
-0.000365445139049
-2.22144206258e-05
-0.000362065522358
-1.70163073004e-05
-0.000358212775159
-1.18795303071e-05
-0.000353944305542
-6.89020646963e-06
-0.000349331300936
-2.13060413605e-06
-0.0003444577233
2.32361308523e-06
-0.000339418679502
6.4061568168e-06
-0.000334318152625
1.00627568351e-05
-0.000329266120356
1.3253517417e-05
-0.000324375133462
1.59548208079e-05
-0.00031975647735
1.81606171003e-05
-0.000315516087669
1.98829608217e-05
-0.000311750431481
2.11516913718e-05
-0.000308542592363
2.20132063997e-05
-0.00030595880601
2.25283404774e-05
-0.000304045678836
2.27694304823e-05
-0.000302828285077
2.28167169892e-05
-0.000302309279927
2.27542895048e-05
-0.000302469093048
2.26658250388e-05
-0.000303267186698
2.26303888343e-05
-0.000304644284399
2.27185605252e-05
-0.000306525407869
2.29891195485e-05
-0.000308823509122
2.34864739407e-05
-0.000311443455839
2.42389526749e-05
-0.000314286122624
2.52580115726e-05
-0.000317252356517
2.65383346333e-05
-0.000320246618083
2.80587528096e-05
-0.000323180143717
2.97838557787e-05
-0.000325973524662
3.16661418409e-05
-0.000328558648034
3.36485367197e-05
-0.000330879990593
3.5667112384e-05
-0.000332895294008
3.765384962e-05
-0.00033457567936
3.9539309204e-05
-0.000335905278225
4.12551028955e-05
-0.000336880468448
4.27360842006e-05
-0.000337508805841
4.39222069088e-05
-0.000337807740108
4.47600249608e-05
-0.000337803195954
4.52038295479e-05
-0.000337528090141
4.52164366642e-05
-0.000337020843569
4.47696518687e-05
-0.000336323935426
4.38444478541e-05
-0.000335482534861
4.24308954866e-05
-0.000334543235043
4.05278911557e-05
-0.000333552905292
3.81427226083e-05
-0.000332557669218
3.52905128969e-05
-0.000331602010687
3.19935785026e-05
-0.000330728004649
2.8280733014e-05
-0.000329974666484
2.41865627304e-05
1.97506956911e-05
-0.000360259073159
1.43970853364e-05
-0.000359906582758
9.68079779685e-06
-0.000359842946815
4.7862055386e-06
-0.000360084674525
-2.38690399726e-07
-0.000360643281406
-5.34432307537e-06
-0.000361525188846
-1.04800710157e-05
-0.000362731670771
-1.55947440646e-05
-0.000364258842759
-2.06370473413e-05
-0.000366097690218
-2.55560279919e-05
-0.000368234133501
-3.03015101001e-05
-0.000370649129164
-3.48245234351e-05
-0.000373318807885
-3.90777316833e-05
-0.000376214650799
-4.30158655502e-05
-0.000379303707264
-4.65961652776e-05
-0.000382548858155
-4.97788363025e-05
-0.000385909129825
-5.25275204016e-05
-0.000389340064664
-5.48097828261e-05
-0.000392794154861
-5.65976142794e-05
-0.000396221346235
-5.78679437852e-05
-0.000399569618994
-5.86031561554e-05
-0.00040278565177
-5.87916046211e-05
-0.000405815574152
-5.84281057685e-05
-0.000408605811173
-5.75144007089e-05
-0.000411104020604
-5.60595627446e-05
-0.000413260120342
-5.40803282116e-05
-0.00041502739863
-5.16013243036e-05
-0.000416363694156
-4.86551649991e-05
-0.00041723262638
-4.52823844988e-05
-0.000417604848684
-4.15311775462e-05
-0.000417459288488
-3.74569173608e-05
-0.000416784329617
-3.31214255573e-05
-0.000415578883547
-2.85919749979e-05
-0.000413853288418
-2.3940015755e-05
-0.000411629968857
-1.92396268612e-05
-0.000408943786834
-1.45657123302e-05
-0.000405842015079
-9.99197822439e-06
-0.000402383871328
-5.58874788731e-06
-0.000398639564667
-1.42069357552e-06
-0.000394688825208
2.45541735732e-06
-0.00039061891512
5.99284674758e-06
-0.000386522151885
9.15675418125e-06
-0.000382493011581
1.19256805046e-05
-0.000378624918371
1.429252389e-05
-0.000375006862191
1.62649046412e-05
-0.000371720015967
1.78648451484e-05
-0.000368834541969
1.91277324021e-05
-0.000366406780725
2.01005792325e-05
-0.000364477003003
2.08396527604e-05
-0.000363067875339
2.14075893256e-05
-0.000362183744301
2.1870158467e-05
-0.000361810788403
2.22928691408e-05
-0.000361918025106
2.27376255371e-05
-0.000362459100215
2.32596356339e-05
-0.000363374734338
2.39047536714e-05
-0.000364595661199
2.47074008014e-05
-0.000366045868951
2.56891604278e-05
-0.00036764594935
2.68580919712e-05
-0.000369316369544
2.82087548278e-05
-0.000370980504599
2.97228878643e-05
-0.00037256730155
3.13706527301e-05
-0.000374013483635
3.3112323925e-05
-0.000375265242055
3.49002951402e-05
-0.000376279398915
3.66812692441e-05
-0.000377024056189
3.83985068935e-05
-0.000377478770364
3.99940233793e-05
-0.000377634310071
4.14106426029e-05
-0.000377492064807
4.25938389358e-05
-0.00037706317749
4.34933195921e-05
-0.000376367473136
4.4064320607e-05
-0.000375432251539
4.42686079506e-05
-0.000374291004803
4.40751899284e-05
-0.000372982111878
4.34607589432e-05
-0.000371547552862
4.24098888383e-05
-0.000370031676518
4.09150191426e-05
-0.000368480045632
3.89762602702e-05
-0.000366938376985
3.66010539611e-05
-0.000365451585905
3.38037218168e-05
-0.000364062939781
3.06049323791e-05
-0.000362813320457
2.70311136893e-05
-0.000361740592065
2.31138343386e-05
1.88891721269e-05
-0.00038934967918
1.35773912041e-05
-0.000388847599043
9.17871765961e-06
-0.000388683580078
4.62218657366e-06
-0.000388873251293
-4.9019184986e-08
-0.00038942726459
-4.7903097779e-06
-0.000390351189205
-9.55614640062e-06
-0.000391645454545
-1.43004787244e-05
-0.000393305337413
-1.89771644738e-05
-0.000395320990626
-2.35403747793e-05
-0.000397677511156
-2.79449895697e-05
-0.000400355047036
-3.21469875548e-05
-0.000403328943391
-3.61038353283e-05
-0.000406569929059
-3.97748798821e-05
-0.000410044346267
-4.31217480695e-05
-0.000413714426763
-4.61087558069e-05
-0.00041753861859
-4.87033285742e-05
-0.000421471968304
-5.08764331127e-05
-0.000425466563802
-5.26030187817e-05
-0.000429472043039
-5.38624645475e-05
-0.000433436173614
-5.46390255808e-05
-0.000437305507491
-5.49222707439e-05
-0.000441026113895
-5.47074993643e-05
-0.000444544391521
-5.39961230835e-05
-0.000447807958655
-5.27959956097e-05
-0.000450766616455
-5.11216704118e-05
-0.000453373376438
-4.89945643207e-05
-0.000455585538273
-4.64430031648e-05
-0.000457365798139
-4.35021246321e-05
-0.000458683361531
-4.02136141545e-05
-0.000459515027513
-3.66252513782e-05
-0.000459846204589
-3.27902484817e-05
-0.000459671811866
-2.87663677205e-05
-0.000458997013892
-2.46148137297e-05
-0.000457837733987
-2.03989067662e-05
-0.000456220890139
-1.61825561777e-05
-0.000454184300257
-1.20285681064e-05
-0.000451776210757
-7.99683738796e-06
-0.000449054414588
-4.14248974397e-06
-0.000446084942194
-5.14055036808e-07
-0.000442940331282
2.84823583605e-06
-0.000439697507835
5.91393073339e-06
-0.00043643533984
8.66351251033e-06
-0.000433231954636
1.10891386856e-05
-0.0004301619375
1.31948875057e-05
-0.000427293550277
1.49964579249e-05
-0.000424686121107
1.65203032325e-05
-0.000422387757469
1.78022155938e-05
-0.000420433523119
1.88854184105e-05
-0.000418844195245
1.98182614522e-05
-0.000417625682622
2.06516458437e-05
-0.000416769142022
2.14363285407e-05
-0.000416251782811
2.22202663262e-05
-0.00041603830329
2.30461561129e-05
-0.000416082861559
2.3949311941e-05
-0.000416331452311
2.49559915533e-05
-0.000416724541601
2.60822497175e-05
-0.000417199805294
2.73333556644e-05
-0.000417694822895
2.87037724286e-05
-0.000418149594942
3.01776599111e-05
-0.000418508776317
3.17298341056e-05
-0.000418723546493
3.33270941005e-05
-0.00041875306783
3.49298164776e-05
-0.000418565511906
3.64937133199e-05
-0.000418138659368
3.79716543556e-05
-0.000417460099743
3.93154637544e-05
-0.000416527073249
4.04776161085e-05
-0.000415346006964
4.14127726508e-05
-0.000413931803086
4.20791157142e-05
-0.000412306938145
4.24394556661e-05
-0.000410500429807
4.2462099613e-05
-0.0004085467232
4.21214833212e-05
-0.000406484542358
4.13985781009e-05
-0.000404355745196
4.02810916764e-05
-0.000402204212977
3.87634869234e-05
-0.000400074798004
3.68468452974e-05
-0.00039801234662
3.45386025775e-05
-0.000396060808692
3.18521838887e-05
-0.000394262439752
2.88065634387e-05
-0.000392657097873
2.54257718108e-05
-0.000391281634157
2.17383706225e-05
1.77769112819e-05
-0.00041605969945
1.25711453824e-05
-0.000415417654859
8.53667306817e-06
-0.000415159433871
4.36396558631e-06
-0.000415299855924
9.14028675881e-08
-0.000415848775932
-4.24138976917e-06
-0.000416810976018
-8.59394631468e-06
-0.000418186106342
-1.29253484007e-05
-0.000419968671602
-1.71945992137e-05
-0.000422148060609
-2.13609857721e-05
-0.00042470861727
-2.5384432909e-05
-0.000427629752267
-2.92258525579e-05
-0.000430886095674
-3.28474919215e-05
-0.000434447691657
-3.62132838991e-05
-0.000438280237256
-3.92892024697e-05
-0.000442345367986
-4.20436250769e-05
-0.000446600993594
-4.4447702967e-05
-0.000451001687727
-4.64757389792e-05
-0.000455499135468
-4.81055710413e-05
-0.000460042642553
-4.93189574625e-05
-0.000464579709698
-5.01019584357e-05
-0.000469056674561
-5.04453058808e-05
-0.000473419422555
-5.034475137e-05
-0.00047761416586
-4.98013797781e-05
-0.000481588287514
-4.88218739559e-05
-0.000485291244359
-4.74187135669e-05
-0.00048867551889
-4.56102897896e-05
-0.00049169760568
-4.34209163753e-05
-0.000494319013148
-4.08807171636e-05
-0.000496507256173
-3.80253711295e-05
-0.000498236809578
-3.48956979736e-05
-0.000499489987269
-3.15370707905e-05
-0.000500257707136
-2.79986478539e-05
-0.000500540098275
-2.43324225902e-05
-0.000500346905312
-2.05920997295e-05
-0.000499697645143
-1.68318163465e-05
-0.000498621475029
-1.31047382201e-05
-0.000497156738069
-9.46157434839e-06
-0.000495350163122
-5.94906469088e-06
-0.000493255711223
-2.60850693537e-06
-0.000490933079115
5.25603728013e-07
-0.000488445891916
3.4267435339e-06
-0.000485859639791
6.07726038514e-06
-0.000483239436018
8.46893491326e-06
-0.000480647693834
1.06031453213e-05
-0.000478141834627
1.2490598718e-05
-0.000475772148236
1.41506168418e-05
-0.000473579925537
1.56099928946e-05
-0.000471595973348
1.69014662217e-05
-0.000469839601986
1.80618900897e-05
-0.000468318147829
1.91301916866e-05
-0.000467027059399
2.01452401103e-05
-0.0004659505388
2.11437457275e-05
-0.000465062694482
2.21583117946e-05
-0.000464329129499
2.32157469589e-05
-0.000463708864696
2.43357267496e-05
-0.000463156480395
2.55298654164e-05
-0.000462624354185
2.68012294543e-05
-0.000462064875791
2.81442940346e-05
-0.000461432531662
2.95453157826e-05
-0.000460685769753
3.09830721968e-05
-0.000459788576753
3.24299010998e-05
-0.000458711723403
3.38529631281e-05
-0.000457433656488
3.52156464046e-05
-0.000455941036854
3.64790347223e-05
-0.000454228940393
3.76033672933e-05
-0.000452300752508
3.85494282229e-05
-0.000450167796143
3.92798162865e-05
-0.000447848739053
3.9760058624e-05
-0.000445368828114
3.99595447273e-05
-0.000442758997768
3.98522692663e-05
-0.000440054896707
3.94173822603e-05
-0.000437295872443
3.86395538366e-05
-0.000434523947923
3.75091671568e-05
-0.000431782818527
3.60223575277e-05
-0.000429116891865
3.41809186347e-05
-0.000426570387227
3.199209794e-05
-0.000424186506488
2.94683031494e-05
-0.000422006683804
2.66267407548e-05
-0.000420069917772
2.34890057788e-05
-0.000418412186691
2.00806395417e-05
1.64306698626e-05
-0.000440225164075
1.1393799578e-05
-0.000439454590842
7.76609983523e-06
-0.000439109674349
4.01904909386e-06
-0.000439204504766
1.86233284045e-07
-0.000439748216215
-3.69767832023e-06
-0.000440744877613
-7.59728491658e-06
-0.00044219343288
-1.14767931335e-05
-0.000444087687595
-1.53003444988e-05
-0.000446416339862
-1.90323335051e-05
-0.00044916305392
-2.2637718851e-05
-0.00045230657582
-2.60823306575e-05
-0.000455820891291
-2.93331764511e-05
-0.000459675426668
-3.23587485221e-05
-0.000463835294458
-3.51293346797e-05
-0.000468261585674
-3.76173338605e-05
-0.000472911711541
-3.97975771005e-05
-0.000477739797393
-4.16476531265e-05
-0.000482697131665
-4.31482367694e-05
-0.000487732672571
-4.42834165569e-05
-0.000492793614559
-4.5041016448e-05
-0.000497826015657
-4.54129047827e-05
-0.000502775485472
-4.53952815552e-05
-0.000507587931779
-4.49889334709e-05
-0.000512210361334
-4.41994444008e-05
-0.000516591727688
-4.30373472132e-05
-0.000520683815479
-4.15182019985e-05
-0.00052444214691
-3.96625849438e-05
-0.000527826891986
-3.74959720879e-05
-0.000530803759784
-3.5048503331e-05
-0.00053334484376
-3.23546139979e-05
-0.000535429390086
-2.94525244644e-05
-0.000537044454781
-2.63835831595e-05
-0.000538185413175
-2.31914641961e-05
-0.000538856284688
-1.99212282157e-05
-0.000539069837346
-1.66182636889e-05
-0.000538847440428
-1.33271351378e-05
-0.000538218640484
-1.00903742924e-05
-0.000537220445765
-6.94725940985e-06
-0.000535896316954
-3.93263574683e-06
-0.000534294877446
-1.07583578037e-06
-0.000532468373675
1.60023976363e-06
-0.000530470933955
4.0798206643e-06
-0.000528356691582
6.35469254027e-06
-0.000526177852939
8.42430667881e-06
-0.000523982802207
1.02955479861e-05
-0.000521814339617
1.19821542515e-05
-0.000519708148684
1.35038019623e-05
-0.000517691579036
1.48848965733e-05
-0.000515782815421
1.61531264748e-05
-0.000513990481369
1.73378576347e-05
-0.000512313699416
1.84684581576e-05
-0.000510742601277
1.95726475878e-05
-0.000509259253344
2.06749638618e-05
-0.000507838938025
2.17954316403e-05
-0.00050645171174
2.29485004643e-05
-0.000505064147487
2.41423011632e-05
-0.000503641164365
2.53782463328e-05
-0.00050214784819
2.6650977859e-05
-0.000500551175516
2.79486431083e-05
-0.000498821566621
2.92534633021e-05
-0.000496934209572
3.05425440508e-05
-0.000494870115714
3.17888692705e-05
-0.000492616885176
3.29624158665e-05
-0.000490169177898
3.40313274446e-05
-0.000487528900363
3.49630897573e-05
-0.000484705129958
3.57256578181e-05
-0.000481713807565
3.62884938938e-05
-0.000478577234466
3.66234855244e-05
-0.000475323412397
3.67057226587e-05
-0.000471985265844
3.65141227136e-05
-0.000468599783996
3.60319004122e-05
-0.000465207116693
3.5246886533e-05
-0.000461849654629
3.41517050932e-05
-0.00045857111951
3.27438224085e-05
-0.00045541568508
3.10254842047e-05
-0.00045242714532
2.90035581805e-05
-0.000449648141779
2.66892996082e-05
-0.000447119458125
2.40980571003e-05
-0.000444879386682
2.12489343363e-05
-0.000442963168949
1.81644218083e-05
1.4870010793e-05
-0.00046169863636
1.00627797504e-05
-0.000460812517367
6.87998084258e-06
-0.00046038953702
3.59606874697e-06
-0.000460443142819
2.39839082562e-07
-0.000460981830959
-3.15899018001e-06
-0.000462009037578
-6.57007829773e-06
-0.000463523079319
-9.96275139188e-06
-0.000465517140752
-1.33062830657e-05
-0.000467979306717
-1.65701675403e-05
-0.000470892638307
-1.97243872615e-05
-0.000474235291842
-2.27396771227e-05
-0.000477980680855
-2.55877874378e-05
-0.000482097681727
-2.82417476494e-05
-0.000486550884154
-3.06761322529e-05
-0.000491300888073
-3.28673299415e-05
-0.000496304648995
-3.47938161788e-05
-0.00050151587378
-3.64364283412e-05
-0.000506885468841
-3.77786417089e-05
-0.000512362042365
-3.88068430325e-05
-0.000517892461538
-3.95105972752e-05
-0.000523422464735
-3.98829015859e-05
-0.000528897327309
-3.99204189804e-05
-0.000534262577854
-3.96236829265e-05
-0.00053946475965
-3.89972626043e-05
-0.000544452229468
-3.80498773952e-05
-0.000549175982938
-3.6794448529e-05
-0.000553590492494
-3.52480753879e-05
-0.000557654540435
-3.34319241464e-05
-0.000561332026166
-3.13710176006e-05
-0.000564592723335
-2.90939168289e-05
-0.000567412959663
-2.66322881358e-05
-0.000569776190017
-2.40203528059e-05
-0.000571673432123
-2.12942220903e-05
-0.000573103534566
-1.84911257728e-05
-0.000574073248722
-1.56485495328e-05
-0.000574597080376
-1.28033034833e-05
-0.000574696903139
-9.99055152934e-06
-0.000574401324494
-7.24283805465e-06
-0.000573744806231
-4.58915401017e-06
-0.000572766553757
-2.05408825474e-06
-0.00057150920271
3.42888716805e-07
-0.000570017345484
2.58796343847e-06
-0.000568335953614
4.67330067024e-06
-0.000566508763192
6.5971162571e-06
-0.000564576698325
8.36348311921e-06
-0.000562576410969
9.98186689558e-06
-0.000560539013505
1.14664044979e-05
-0.000558489072782
1.283495585e-05
-0.000556443921287
1.410797498e-05
-0.000554413323404
1.53072597521e-05
-0.000552399513782
1.64546485355e-05
-0.000550397602381
1.75707361864e-05
-0.000548396318765
1.86736802461e-05
-0.000546379048549
1.97781614236e-05
-0.000544325099171
2.0894551087e-05
-0.000542211121579
2.20283235706e-05
-0.000540012609417
2.31797341707e-05
-0.000537705398039
2.43437664816e-05
-0.000535267091374
2.55103364428e-05
-0.000532678354527
2.66647264551e-05
-0.000529924022714
2.77882122378e-05
-0.000526993991343
2.88588379003e-05
-0.000523883866663
2.98522911863e-05
-0.000520595370179
3.07428309606e-05
-0.00051713650231
3.15042218885e-05
-0.000513521480871
3.21106363788e-05
-0.000509770477701
3.25374907237e-05
-0.000505909182052
3.2762189875e-05
-0.00050196822233
3.27647629373e-05
-0.00049798247873
3.25283791139e-05
-0.000493990318555
3.2039740237e-05
-0.000490032783974
3.12893519514e-05
-0.000486152758981
3.02716801007e-05
-0.000482394138785
2.89852022124e-05
-0.000478801021004
2.74323664233e-05
-0.000475416934219
2.56194713962e-05
-0.000472284115753
2.35564811418e-05
-0.000469442847144
2.12567884918e-05
-0.000466930852852
1.87369400441e-05
-0.000464782765157
1.60163341134e-05
1.3116901823e-05
-0.00048034986058
8.59717447992e-06
-0.00047936247785
5.89259811273e-06
-0.000478871003378
3.10459427416e-06
-0.000478888332295
2.57168000186e-07
-0.000479422410139
-2.62491233649e-06
-0.000480476125315
-5.51636312155e-06
-0.000482047250647
-8.39162605964e-06
-0.000484128431912
-1.12251018004e-05
-0.000486707221718
-1.39913777352e-05
-0.000489766157567
-1.66654514116e-05
-0.000493282883516
-1.92229511739e-05
-0.000497230315327
-2.16403556271e-05
-0.000501576849574
-2.38952134021e-05
-0.000506286617548
-2.59663642797e-05
-0.000511319785147
-2.78341623421e-05
-0.000516632900159
-2.94807011666e-05
-0.000522179288302
-3.08900401986e-05
-0.00052790949926
-3.20484307508e-05
-0.000533771803486
-3.29445388066e-05
-0.000539712739843
-3.35696609178e-05
-0.000545677713175
-3.3917928254e-05
-0.000551611639535
-3.39864926208e-05
-0.000557459635169
-3.37756872919e-05
-0.000563167743353
-3.32891544211e-05
-0.000568683690838
-3.25339299095e-05
-0.000573957663142
-3.15204762258e-05
-0.000578943085075
-3.0262653455e-05
-0.000583597390084
-2.87776191373e-05
-0.000587882759124
-2.70856485597e-05
-0.000591766807227
-2.52098687268e-05
-0.000595223193758
-2.3175901604e-05
-0.000598232130993
-2.10114155714e-05
-0.000600780765129
-1.87455879538e-05
-0.000602863404742
-1.64084861605e-05
-0.000604481573961
-1.40303803131e-05
-0.000605643871753
-1.16410056918e-05
-0.000606365624511
-9.26879877115e-06
-0.000606668326911
-6.94013565454e-06
-0.000606578875272
-4.67860564964e-06
-0.000606128608299
-2.50435522754e-06
-0.000605352181408
-4.33538174159e-07
-0.000604286312105
1.52209413532e-06
-0.000602968444283
3.35543284865e-06
-0.000601435387765
5.06405973873e-06
-0.000599721995056
6.65009041015e-06
-0.000597859939288
8.11981112751e-06
-0.000595876655109
9.48312031904e-06
-0.000593794497695
1.07527984357e-05
-0.000591630164272
1.19436415577e-05
-0.000589394408268
1.30715037474e-05
-0.000587092059445
1.41522997129e-05
-0.000584722345549
1.52010222907e-05
-0.00058227949345
1.62308281474e-05
-0.000579753572083
1.72522400562e-05
-0.000577131526765
1.82725057695e-05
-0.000574398345703
1.92951425078e-05
-0.000571538295074
2.03196835418e-05
-0.000568536159112
2.13416305201e-05
-0.000565378425624
2.23526029547e-05
-0.000562054364775
2.33406656058e-05
-0.000558556958775
2.42908062374e-05
-0.000554883651344
2.518553047e-05
-0.000551036897573
2.6005537415e-05
-0.000547024506113
2.6730439501e-05
-0.000542859775942
2.73394917172e-05
-0.000538561438644
2.78122990811e-05
-0.00053415342407
2.81294761494e-05
-0.000529664472164
2.82732379689e-05
-0.000525127616869
2.8227907642e-05
-0.000520579569346
2.79803315916e-05
-0.000516060027693
2.75201985842e-05
-0.000511610939038
2.6840263296e-05
-0.000507275737761
2.59364788232e-05
-0.000503098580848
2.48080452998e-05
-0.000499123598303
2.34573838778e-05
-0.000495394173332
2.18900464256e-05
-0.000491952263925
2.01145717346e-05
-0.000488837774461
1.81422990278e-05
-0.000486087983356
1.59871489394e-05
-0.000483737030444
1.36653812014e-05
1.11953372296e-05
-0.000496066296535
7.01744442936e-06
-0.000494993000935
4.8193025121e-06
-0.000494443368131
2.55496147016e-06
-0.000494429833023
2.4363289287e-07
-0.000494959880451
-2.0948649091e-06
-0.000496035939295
-4.44030427695e-06
-0.000497655325319
-6.77224003545e-06
-0.000499810230965
-9.07019615471e-06
-0.000502487760688
-1.1313848012e-05
-0.000505670010805
-1.34832012953e-05
-0.000509334193262
-1.55587687169e-05
-0.00051345280319
-1.75217456991e-05
-0.000517993830495
-1.93541860963e-05
-0.000522921016087
-2.1039178688e-05
-0.00052819415356
-2.2561024869e-05
-0.000533769437282
-2.39054174442e-05
-0.00053959985773
-2.5059619751e-05
-0.000545635644693
-2.60126437875e-05
-0.00055182475846
-2.67554250395e-05
-0.000558113428366
-2.72809910127e-05
-0.000564446737084
-2.75846195358e-05
-0.000570769247752
-2.76639819527e-05
-0.000577025669437
-2.75192656072e-05
-0.000583161554624
-2.71532692333e-05
-0.000589124020306
-2.65714642277e-05
-0.000594862481963
-2.57820145692e-05
-0.000600329387361
-2.47957480569e-05
-0.000605480934646
-2.36260718518e-05
-0.000610277756953
-2.22888262525e-05
-0.000614685553748
-2.08020719324e-05
-0.000618675647592
-1.91858077603e-05
-0.000622225444201
-1.74616189619e-05
-0.000625318773744
-1.56522584111e-05
-0.000627946092506
-1.37811673985e-05
-0.000630104526571
-1.18719462481e-05
-0.000631797743074
-9.94778918846e-06
-0.000633035639992
-8.03090185291e-06
-0.000633833852257
-6.14192338949e-06
-0.00063421308002
-4.29937788668e-06
-0.000634198253817
-2.5191814308e-06
-0.000633817560714
-8.14231277729e-07
-0.00063310136461
8.05898031438e-07
-0.000632081062052
2.33513029107e-06
-0.000630787921389
3.77091907529e-06
-0.000629251957189
5.11412621049e-06
-0.000627500892955
6.36874689361e-06
-0.000625559262875
7.54149023943e-06
-0.000623447697637
8.64123319735e-06
-0.000621182430303
9.67837422381e-06
-0.000618775046547
1.06641199908e-05
-0.000616232489927
1.16097430932e-05
-0.000613557318448
1.25258508118e-05
-0.000610748194465
1.34217041646e-05
-0.000607800577252
1.4304622843e-05
-0.00060470757711
1.51795056268e-05
-0.000601460922538
1.60484879365e-05
-0.000598051988086
1.69107490897e-05
-0.00059447283007
1.77624725043e-05
-0.000590717180225
1.85969531094e-05
-0.00058678135294
1.94048383203e-05
-0.000582665029432
2.01744827294e-05
-0.000578371891202
2.08923922401e-05
-0.000573910084688
2.15437309016e-05
-0.000569292508458
2.2112863271e-05
-0.000564536922984
2.25839062428e-05
-0.000559665890638
2.29412667356e-05
-0.000554706559697
2.31701452082e-05
-0.000549690310741
2.32569890126e-05
-0.000544652286946
2.31898838469e-05
-0.000539630831352
2.2958875998e-05
-0.000534666854573
2.25562218049e-05
-0.00052980315569
2.19765644134e-05
-0.000525083717557
2.121704069e-05
-0.000520552995613
2.02773233555e-05
-0.000516255216825
1.91596050899e-05
-0.000512233702697
1.78685322972e-05
-0.000508530227602
1.64110966399e-05
-0.000505184421123
1.47964925492e-05
-0.000502233220689
1.30359485054e-05
-0.000499710378708
1.11425392203e-05
9.13098510727e-06
-0.000508753553344
5.34515336564e-06
-0.000507610552397
3.6763015654e-06
-0.000507013706524
1.95811559664e-06
-0.000506975083101
2.0500947015e-07
-0.00050750179772
-1.56815029026e-06
-0.000508595910002
-3.34619199514e-06
-0.000510254367776
-5.11378226155e-06
-0.000512468998104
-6.85556582627e-06
-0.000515226543904
-8.55630221209e-06
-0.000518508745239
-1.02009999608e-05
-0.000522292464714
-1.17750492414e-05
-0.000526549856778
-1.32643536354e-05
-0.000531248581041
-1.46554618331e-05
-0.000536352060006
-1.59356997233e-05
-0.00054181978174
-1.70933031343e-05
-0.000547607648083
-1.81175511013e-05
-0.000553668368813
-1.89988990214e-05
-0.000559951901931
-1.9729110669e-05
-0.000566405939662
-2.03013873088e-05
-0.000572976439021
-2.07104916543e-05
-0.000579608194821
-2.0952863735e-05
-0.000586245451723
-2.10267250509e-05
-0.00059283255043
-2.09321669003e-05
-0.000599314601458
-2.06712182054e-05
-0.000605638177949
-2.02478877363e-05
-0.000611752017
-1.96681755191e-05
-0.000617607716861
-1.89400481951e-05
-0.000623160415337
-1.80733733763e-05
-0.000628369432803
-1.70798087864e-05
-0.000633198861763
-1.59726429728e-05
-0.000637618083733
-1.47665857899e-05
-0.000641602193892
-1.34775088028e-05
-0.000645132314334
-1.21221379696e-05
-0.000648195778211
-1.07177035208e-05
-0.00065078616963
-9.28155482897e-06
-0.000652903207917
-7.83075090142e-06
-0.000654552469883
-6.38163988749e-06
-0.000655744949808
-4.94944346447e-06
-0.000656496463919
-3.54786377514e-06
-0.000656826913759
-2.18873159102e-06
-0.000656759430688
-8.81714348789e-07
-0.00065631943126
3.65898603646e-07
-0.000655533619782
1.54931881305e-06
-0.000654428979443
2.66627873622e-06
-0.000653031796414
3.7169431807e-06
-0.00065136676182
4.70371229966e-06
-0.000649456194247
5.63092266682e-06
-0.000647319420357
6.50445930734e-06
-0.000644972343524
7.33129739109e-06
-0.000642427220568
8.11899703487e-06
-0.00063969265534
8.87517786494e-06
-0.000636773805946
9.60700141804e-06
-0.000633672790661
1.03206888796e-05
-0.000630389266961
1.10210991429e-05
-0.000626921149371
1.17113880372e-05
-0.000623265425524
1.23927640888e-05
-0.000619419026315
1.3064349881e-05
-0.000615379705404
1.37231515929e-05
-0.000611146885313
1.43641330188e-05
-0.000606722431783
1.49803847901e-05
-0.00060211132416
1.55633751061e-05
-0.000597322196987
1.61032650675e-05
-0.000592367735931
1.65892698457e-05
-0.000587264919147
1.70100464872e-05
-0.000582035102715
1.73540898104e-05
-0.000576703955442
1.76101194631e-05
-0.00057130125389
1.77674436564e-05
-0.000565860552764
1.78162878864e-05
-0.00056041874885
1.77480799325e-05
-0.000555015558422
1.75556855699e-05
-0.000549692928725
1.72335921081e-05
-0.000544494403812
1.67780395e-05
-0.000539464463939
1.61871008178e-05
-0.000534647856098
1.54607155136e-05
-0.000530088931166
1.46006801589e-05
-0.00052583100096
1.36106020913e-05
-0.000521915726069
1.24958217487e-05
-0.000518382543117
1.12633095967e-05
-0.000515268137904
9.92154329267e-06
-0.000512605968971
8.48037028695e-06
6.95086054449e-06
-0.000518335733309
3.60271958321e-06
-0.000517139896213
2.48046446903e-06
-0.000516507250017
1.32546940051e-06
-0.000516449587131
1.47346584546e-07
-0.000516973746041
-1.04399138019e-06
-0.00051808150864
-2.23842939609e-06
-0.000519769545593
-3.42574530867e-06
-0.000522029408407
-4.59570301268e-06
-0.000524847567086
-5.7381435328e-06
-0.000528205492524
-6.84307452268e-06
-0.000532079783077
-7.90075868891e-06
-0.000536442335069
-8.90180164259e-06
-0.000541260557267
-9.83723963513e-06
-0.000546497629521
-1.06986274696e-05
-0.000552112805925
-1.14781267301e-05
-0.000558061762808
-1.21685942185e-05
-0.000564296991681
-1.27636701485e-05
-0.000570768236955
-1.32578653949e-05
-0.000577422977655
-1.36466466086e-05
-0.000584206951614
-1.39265176952e-05
-0.000591064719645
-1.4095095704e-05
-0.000597940265957
-1.41511787389e-05
-0.000604777629674
-1.40948031836e-05
-0.000611521560694
-1.39272871858e-05
-0.000618118191353
-1.36512570767e-05
-0.000624515713518
-1.32706533544e-05
-0.000630665048848
-1.27907128655e-05
-0.000636520498198
-1.22179240255e-05
-0.000642040354553
-1.15599524316e-05
-0.000647187462633
-1.08255348925e-05
-0.000651929707583
-1.00243408402e-05
-0.000656240415013
-9.16680137347e-06
-0.000660098645359
-8.26390762303e-06
-0.000663489367097
-7.32698178274e-06
-0.000666403495925
-6.36742600105e-06
-0.000668837790694
-5.39645613254e-06
-0.000670794601495
-4.42482908653e-06
-0.000672281470906
-3.46257405356e-06
-0.000673310595692
-2.5187389888e-06
-0.000673898162976
-1.60116430695e-06
-0.000674063581666
-7.16295659235e-07
-0.000673828636302
1.30953239902e-07
-0.00067321659597
9.37278480844e-07
-0.00067225131502
1.70099778687e-06
-0.000670956364649
2.42199280917e-06
-0.000669354234504
3.10158215469e-06
-0.000667465641297
3.7423294595e-06
-0.000665308976807
4.34779481788e-06
-0.000662899920953
4.92224153676e-06
-0.000660251237069
5.47031315077e-06
-0.000657372756835
5.99669763164e-06
-0.00065427155203
6.5057966123e-06
-0.000650952280227
7.00141707735e-06
-0.000647417682475
7.48650139092e-06
-0.000643669203379
7.96290894098e-06
-0.000639707698526
8.43125923509e-06
-0.000635534190962
8.89084231771e-06
-0.000631150637661
9.33959829134e-06
-0.000626560668384
9.77416374187e-06
-0.000621770262908
1.01899793144e-05
-0.000616788337654
1.05814498518e-05
-0.000611627219006
1.09421464202e-05
-0.000606302987462
1.12650383011e-05
-0.000600835683674
1.15427426996e-05
-0.000595249374136
1.17677802718e-05
-0.000589572080224
1.19328255518e-05
-0.000583835579446
1.20309428778e-05
-0.000578075091734
1.2055800175e-05
-0.000572328866642
1.20018548402e-05
-0.000566637689063
1.18645079909e-05
-0.000561044322013
1.16402250584e-05
-0.000555592904935
1.13266224211e-05
-0.000550328325227
1.092252111e-05
-0.000545295579405
1.0427969692e-05
-0.000540539138536
9.84423928976e-06
-0.000536102330642
9.17379419732e-06
-0.000532026750697
8.42024180359e-06
-0.000528351706742
7.58826564195e-06
-0.000525113708682
6.68354523298e-06
-0.000522346004509
5.71266611396e-06
4.68302312656e-06
-0.000524755694189
1.81318523375e-06
-0.000523524371958
1.2491422381e-06
-0.000522867676543
6.68773985837e-07
-0.000522797217467
7.68875082757e-08
-0.000523319648479
-5.21560368319e-07
-0.00052443656601
-1.12151186478e-06
-0.000526144455413
-1.71785590533e-06
-0.000528434683789
-2.30547463678e-06
-0.000531293538365
-2.87928895664e-06
-0.000534702309626
-3.4343032626e-06
-0.000538637418648
-3.96564966681e-06
-0.000543070588373
-4.46863191691e-06
-0.000547969058766
-4.93876924227e-06
-0.000553295845974
-5.37184026217e-06
-0.000559010045685
-5.76392701826e-06
-0.000565067180836
-6.11145906761e-06
-0.000571419593579
-6.41125740535e-06
-0.000578016881115
-6.66057785886e-06
-0.000584806374367
-6.85715335697e-06
-0.000591733657741
-6.99923432081e-06
-0.000598743127242
-7.08562620377e-06
-0.000605778582988
-7.1157229922e-06
-0.000612783850846
-7.08953532546e-06
-0.000619703426307
-7.00771172499e-06
-0.000626483132089
-6.87155129518e-06
-0.000633070779203
-6.68300624001e-06
-0.000639416819518
-6.44467255059e-06
-0.000645474976217
-6.15976732617e-06
-0.000651202837196
-5.83209145315e-06
-0.000656562395385
-5.46597670328e-06
-0.000661520519443
-5.0662167824e-06
-0.000666049338319
-4.63798249784e-06
-0.000670126524019
-4.18672192246e-06
-0.000673735458555
-3.71804724645e-06
-0.000676865273645
-3.23761091105e-06
-0.000679510755282
-2.75097449634e-06
-0.000681672109694
-2.26347467377e-06
-0.000683354592473
-1.78009127518e-06
-0.000684568008414
-1.30532304802e-06
-0.000685326095793
-8.43076927965e-07
-0.000685645814853
-3.96576599181e-07
-0.000685546565959
3.17043463959e-08
-0.000685049367667
4.40080189097e-07
-0.000684176028457
8.27658576429e-07
-0.000682948347738
1.1943120906e-06
-0.000681387381656
1.54061607221e-06
-0.00067951280704
1.86775484339e-06
-0.000677342412626
2.17740040395e-06
-0.000674891740527
2.47156943775e-06
-0.000672173893269
2.75246589308e-06
-0.000669199512998
3.02231736019e-06
-0.000665976930279
3.28321389386e-06
-0.000662512470951
3.53695774962e-06
-0.0006588109013
3.78493173978e-06
-0.000654875985026
4.0279926671e-06
-0.000650711120425
4.2663946335e-06
-0.000646320023214
4.49974510691e-06
-0.000641707419576
4.72699465322e-06
-0.000636879715144
4.94645931027e-06
-0.000631845608681
5.15587285121e-06
-0.000626616623631
5.35246480122e-06
-0.000621207536253
5.5330590425e-06
-0.000615636685174
5.69418722207e-06
-0.000609926153472
5.83221099752e-06
-0.000604101820511
5.94344731113e-06
-0.0005981932863
6.02429134111e-06
-0.00059223367593
6.07133250767e-06
-0.000586259335514
6.08145975832e-06
-0.000580309433945
6.05195327157e-06
-0.000574425486658
5.98056070389e-06
-0.000568650818543
5.86555694356e-06
-0.000563029983301
5.70578717923e-06
-0.000557608155944
5.50069375312e-06
-0.000552430514052
5.25032779946e-06
-0.00054754162186
4.95534709792e-06
-0.000542984829486
4.61700182367e-06
-0.000538801697692
4.23711000883e-06
-0.000535031456638
3.81802458818e-06
-0.000531710505239
3.3625938342e-06
-0.000528871955981
2.87411685615e-06
2.35629568359e-06
-0.000527975238906
-0.000526726096668
-0.000526057322682
-0.000525980435174
-0.000526501995542
-0.000527623507407
-0.000529341363312
-0.000531646837949
-0.000534526126905
-0.000537960430168
-0.000541926079835
-0.000546394711752
-0.000551333480994
-0.000556705321256
-0.000562469248275
-0.000568580707342
-0.000574991964748
-0.000581652542607
-0.000588509695964
-0.000595508930285
-0.000602594556488
-0.000609710279481
-0.000616799814806
-0.000623807526531
-0.000630679077826
-0.000637362084067
-0.000643806756617
-0.000649966523943
-0.000655798615397
-0.0006612645921
-0.000666330808882
-0.00067096879138
-0.000675155513303
-0.000678873560549
-0.00068211117146
-0.000684862145957
-0.000687125620631
-0.000688905711906
-0.000690211034954
-0.000691054111882
-0.000691450688481
-0.000691418984135
-0.000690978903946
-0.000690151245369
-0.000688956933279
-0.000687416317207
-0.000685548562363
-0.00068337116196
-0.000680899592522
-0.000678147126629
-0.000675124809269
-0.000671841595375
-0.000668304637625
-0.000664519705886
-0.000660491713219
-0.000656225318585
-0.000651725573479
-0.000646998578825
-0.000642052119515
-0.000636896246664
-0.000631543781863
-0.000626010722821
-0.000620316535599
-0.000614484324601
-0.00060854087729
-0.000602516585949
-0.000596445253442
-0.000590363793684
-0.000584311840412
-0.000578331279708
-0.000572465722765
-0.000566759935586
-0.000561259241832
-0.000556008914033
-0.000551053566935
-0.000546436565111
-0.000542199455102
-0.000538381430514
-0.00053501883668
-0.000532144719823
)
;

boundaryField
{
    left
    {
        type            cyclic;
        value           nonuniform List<scalar> 
81
(
0.000529788424153
0.000526545228513
0.000520078167104
0.000510425844424
0.000497646026558
0.000481815465867
0.000463029656198
0.000441402509858
0.000417065945279
0.000390169373313
0.000360879068501
0.000329377411218
0.00029586198721
0.000260544530114
0.000223649696027
0.00018541366056
0.000146082531875
0.000105910579523
6.51582826864e-05
2.40902101071e-05
-1.70272489036e-05
-5.79282737719e-05
-9.83500838425e-05
-0.000138035443711
-0.000176735145258
-0.000214210401127
-0.00025023507852
-0.000284597698604
-0.000317103128635
-0.000347573899888
-0.000375851095232
-0.000401794769081
-0.000425283885348
-0.000446215786102
-0.000464505236388
-0.000480083121846
-0.000492894903766
-0.000502898961459
-0.000510064964749
-0.000514372419813
-0.000515809521664
-0.000514372419813
-0.000510064964749
-0.000502898961459
-0.000492894903766
-0.000480083121846
-0.000464505236388
-0.000446215786102
-0.000425283885348
-0.000401794769081
-0.000375851095233
-0.000347573899888
-0.000317103128635
-0.000284597698604
-0.00025023507852
-0.000214210401127
-0.000176735145259
-0.000138035443711
-9.83500838426e-05
-5.7928273772e-05
-1.70272489038e-05
2.4090210107e-05
6.51582826863e-05
0.000105910579523
0.000146082531875
0.00018541366056
0.000223649696027
0.000260544530113
0.000295861987209
0.000329377411218
0.000360879068501
0.000390169373312
0.000417065945272
0.000441402509879
0.000463029656187
0.000481815465851
0.000497646026586
0.000510425844408
0.000520078167092
0.000526545228538
0.00052978842414
)
;
    }
    right
    {
        type            cyclic;
        value           nonuniform List<scalar> 
81
(
-0.000529788424153
-0.000526545228513
-0.000520078167104
-0.000510425844424
-0.000497646026558
-0.000481815465867
-0.000463029656198
-0.000441402509858
-0.000417065945279
-0.000390169373313
-0.000360879068501
-0.000329377411218
-0.00029586198721
-0.000260544530114
-0.000223649696027
-0.00018541366056
-0.000146082531875
-0.000105910579523
-6.51582826864e-05
-2.40902101071e-05
1.70272489036e-05
5.79282737719e-05
9.83500838425e-05
0.000138035443711
0.000176735145258
0.000214210401127
0.00025023507852
0.000284597698604
0.000317103128635
0.000347573899888
0.000375851095232
0.000401794769081
0.000425283885348
0.000446215786102
0.000464505236388
0.000480083121846
0.000492894903766
0.000502898961459
0.000510064964749
0.000514372419813
0.000515809521664
0.000514372419813
0.000510064964749
0.000502898961459
0.000492894903766
0.000480083121846
0.000464505236388
0.000446215786102
0.000425283885348
0.000401794769081
0.000375851095233
0.000347573899888
0.000317103128635
0.000284597698604
0.00025023507852
0.000214210401127
0.000176735145259
0.000138035443711
9.83500838426e-05
5.7928273772e-05
1.70272489038e-05
-2.4090210107e-05
-6.51582826863e-05
-0.000105910579523
-0.000146082531875
-0.00018541366056
-0.000223649696027
-0.000260544530113
-0.000295861987209
-0.000329377411218
-0.000360879068501
-0.000390169373312
-0.000417065945272
-0.000441402509879
-0.000463029656187
-0.000481815465851
-0.000497646026586
-0.000510425844408
-0.000520078167092
-0.000526545228538
-0.00052978842414
)
;
    }
    bottom
    {
        type            cyclic;
        value           nonuniform List<scalar> 
81
(
5.17610193965e-17
2.65940088101e-17
1.59104297838e-16
1.25676096076e-16
7.20876034846e-17
2.75739778208e-17
-4.91367673228e-18
-2.69336529375e-17
-4.19574659527e-17
-5.18627695619e-17
-5.69385859276e-17
-5.98593979705e-17
-6.15997410113e-17
-6.1240992624e-17
-6.01572171474e-17
-5.99375809405e-17
-5.93655411625e-17
-5.71479829982e-17
-5.54582832735e-17
-5.42925011133e-17
-5.16677536072e-17
-4.87393688746e-17
-4.81018075401e-17
-4.82693904462e-17
-4.72180104989e-17
-4.62711612059e-17
-4.61572622595e-17
-4.60430643894e-17
-4.49160186603e-17
-4.44233399834e-17
-4.61259342146e-17
-4.8559352259e-17
-4.94161220246e-17
-4.94350719066e-17
-5.07839562213e-17
-5.3657880533e-17
-5.58481374181e-17
-5.68092942575e-17
-5.78553472219e-17
-6.0168620934e-17
-6.30223726744e-17
-6.48021075349e-17
-6.55129002881e-17
-6.63572210054e-17
-6.845573265e-17
-7.12737095541e-17
-7.35723768817e-17
-7.55346907613e-17
-7.73485798494e-17
-7.95245185761e-17
-8.24074058038e-17
-8.56235883831e-17
-8.89162214264e-17
-9.17804294935e-17
-9.41999149631e-17
-9.68938866363e-17
-1.00215193912e-16
-1.03515131002e-16
-1.06351010621e-16
-1.07986055544e-16
-1.0893437661e-16
-1.09621802066e-16
-1.09640678676e-16
-1.09182007558e-16
-1.08594628439e-16
-1.06619408463e-16
-1.02785906523e-16
-9.74364145063e-17
-8.99855387982e-17
-8.01311512357e-17
-6.77328221242e-17
-5.31235005841e-17
-3.42456833027e-17
-1.06403153016e-17
1.93834012338e-17
5.78347914762e-17
1.05894648918e-16
1.60449565183e-16
1.89762925358e-16
4.82897641087e-17
6.2791279899e-17
)
;
    }
    top
    {
        type            cyclic;
        value           nonuniform List<scalar> 
81
(
-5.17610193965e-17
-2.65940088101e-17
-1.59104349478e-16
-1.25676096076e-16
-7.20875518441e-17
-2.75738745398e-17
4.91372837276e-18
2.69338594994e-17
4.19574659527e-17
5.18627695619e-17
5.69385859276e-17
5.98593979705e-17
6.15997410113e-17
6.12403729382e-17
6.01565974616e-17
5.99373743786e-17
5.93651280387e-17
5.71473633124e-17
5.54582832735e-17
5.42925011133e-17
5.16683732929e-17
4.87385426269e-17
4.81013944163e-17
4.82693904462e-17
4.72173908132e-17
4.62703349583e-17
4.61572622595e-17
4.60424447036e-17
4.49156055365e-17
4.44233399834e-17
4.61255210907e-17
4.85589391352e-17
4.94161220246e-17
4.94348653447e-17
5.07839562213e-17
5.3657880533e-17
5.58479308562e-17
5.68092942575e-17
5.7855243941e-17
6.01685434733e-17
6.30223210339e-17
6.4802106728e-17
6.55128615578e-17
6.63572210054e-17
6.84557842905e-17
7.1273812835e-17
7.35725834436e-17
7.55346907613e-17
7.73483732875e-17
7.9524828419e-17
8.24074058038e-17
8.56240015069e-17
8.89162214264e-17
9.17804294935e-17
9.42003280869e-17
9.68936800743e-17
1.00215193912e-16
1.03515131002e-16
1.06351010621e-16
1.07986675229e-16
1.0893437661e-16
1.09621802066e-16
1.096410918e-16
1.09182627244e-16
1.08594628439e-16
1.06619615025e-16
1.02785906523e-16
9.7437034192e-17
8.99855387982e-17
8.01311512357e-17
6.77294339924e-17
5.31235005841e-17
3.42456833027e-17
1.06403153016e-17
-1.93834012338e-17
-5.78371052279e-17
-1.05895062042e-16
-1.60449565183e-16
-1.89762925358e-16
-4.82899706706e-17
-6.27911766181e-17
)
;
    }
    frontAndBack
    {
        type            empty;
        value           nonuniform List<scalar> 0();
    }
}


// ************************************************************************* //
