/*--------------------------------*- C++ -*----------------------------------*\
| =========                 |                                                 |
| \\      /  F ield         | OpenFOAM: The Open Source CFD Toolbox           |
|  \\    /   O peration     | Version:  v2106                                 |
|   \\  /    A nd           | Website:  www.openfoam.com                      |
|    \\/     M anipulation  |                                                 |
\*---------------------------------------------------------------------------*/
FoamFile
{
    version     2.0;
    format      ascii;
    arch        "LSB;label=32;scalar=64";
    class       vectorField;
    location    "constant/polyMesh";
    object      points;
}
// * * * * * * * * * * * * * * * * * * * * * * * * * * * * * * * * * * * * * //


13448
(
(0 0 0)
(0.123456790123 0 0)
(0.246913580247 0 0)
(0.37037037037 0 0)
(0.493827160494 0 0)
(0.617283950617 0 0)
(0.740740740741 0 0)
(0.864197530864 0 0)
(0.987654320988 0 0)
(1.11111111111 0 0)
(1.23456790123 0 0)
(1.35802469136 0 0)
(1.48148148148 0 0)
(1.6049382716 0 0)
(1.72839506173 0 0)
(1.85185185185 0 0)
(1.97530864198 0 0)
(2.0987654321 0 0)
(2.22222222222 0 0)
(2.34567901235 0 0)
(2.46913580247 0 0)
(2.59259259259 0 0)
(2.71604938272 0 0)
(2.83950617284 0 0)
(2.96296296296 0 0)
(3.08641975309 0 0)
(3.20987654321 0 0)
(3.33333333333 0 0)
(3.45679012346 0 0)
(3.58024691358 0 0)
(3.7037037037 0 0)
(3.82716049383 0 0)
(3.95061728395 0 0)
(4.07407407407 0 0)
(4.1975308642 0 0)
(4.32098765432 0 0)
(4.44444444444 0 0)
(4.56790123457 0 0)
(4.69135802469 0 0)
(4.81481481481 0 0)
(4.93827160494 0 0)
(5.06172839506 0 0)
(5.18518518519 0 0)
(5.30864197531 0 0)
(5.43209876543 0 0)
(5.55555555556 0 0)
(5.67901234568 0 0)
(5.8024691358 0 0)
(5.92592592593 0 0)
(6.04938271605 0 0)
(6.17283950617 0 0)
(6.2962962963 0 0)
(6.41975308642 0 0)
(6.54320987654 0 0)
(6.66666666667 0 0)
(6.79012345679 0 0)
(6.91358024691 0 0)
(7.03703703704 0 0)
(7.16049382716 0 0)
(7.28395061728 0 0)
(7.40740740741 0 0)
(7.53086419753 0 0)
(7.65432098765 0 0)
(7.77777777778 0 0)
(7.9012345679 0 0)
(8.02469135802 0 0)
(8.14814814815 0 0)
(8.27160493827 0 0)
(8.3950617284 0 0)
(8.51851851852 0 0)
(8.64197530864 0 0)
(8.76543209877 0 0)
(8.88888888889 0 0)
(9.01234567901 0 0)
(9.13580246914 0 0)
(9.25925925926 0 0)
(9.38271604938 0 0)
(9.50617283951 0 0)
(9.62962962963 0 0)
(9.75308641975 0 0)
(9.87654320988 0 0)
(10 0 0)
(0 0.123456790123 0)
(0.123456790123 0.123456790123 0)
(0.246913580247 0.123456790123 0)
(0.37037037037 0.123456790123 0)
(0.493827160494 0.123456790123 0)
(0.617283950617 0.123456790123 0)
(0.740740740741 0.123456790123 0)
(0.864197530864 0.123456790123 0)
(0.987654320988 0.123456790123 0)
(1.11111111111 0.123456790123 0)
(1.23456790123 0.123456790123 0)
(1.35802469136 0.123456790123 0)
(1.48148148148 0.123456790123 0)
(1.6049382716 0.123456790123 0)
(1.72839506173 0.123456790123 0)
(1.85185185185 0.123456790123 0)
(1.97530864198 0.123456790123 0)
(2.0987654321 0.123456790123 0)
(2.22222222222 0.123456790123 0)
(2.34567901235 0.123456790123 0)
(2.46913580247 0.123456790123 0)
(2.59259259259 0.123456790123 0)
(2.71604938272 0.123456790123 0)
(2.83950617284 0.123456790123 0)
(2.96296296296 0.123456790123 0)
(3.08641975309 0.123456790123 0)
(3.20987654321 0.123456790123 0)
(3.33333333333 0.123456790123 0)
(3.45679012346 0.123456790123 0)
(3.58024691358 0.123456790123 0)
(3.7037037037 0.123456790123 0)
(3.82716049383 0.123456790123 0)
(3.95061728395 0.123456790123 0)
(4.07407407407 0.123456790123 0)
(4.1975308642 0.123456790123 0)
(4.32098765432 0.123456790123 0)
(4.44444444444 0.123456790123 0)
(4.56790123457 0.123456790123 0)
(4.69135802469 0.123456790123 0)
(4.81481481481 0.123456790123 0)
(4.93827160494 0.123456790123 0)
(5.06172839506 0.123456790123 0)
(5.18518518519 0.123456790123 0)
(5.30864197531 0.123456790123 0)
(5.43209876543 0.123456790123 0)
(5.55555555556 0.123456790123 0)
(5.67901234568 0.123456790123 0)
(5.8024691358 0.123456790123 0)
(5.92592592593 0.123456790123 0)
(6.04938271605 0.123456790123 0)
(6.17283950617 0.123456790123 0)
(6.2962962963 0.123456790123 0)
(6.41975308642 0.123456790123 0)
(6.54320987654 0.123456790123 0)
(6.66666666667 0.123456790123 0)
(6.79012345679 0.123456790123 0)
(6.91358024691 0.123456790123 0)
(7.03703703704 0.123456790123 0)
(7.16049382716 0.123456790123 0)
(7.28395061728 0.123456790123 0)
(7.40740740741 0.123456790123 0)
(7.53086419753 0.123456790123 0)
(7.65432098765 0.123456790123 0)
(7.77777777778 0.123456790123 0)
(7.9012345679 0.123456790123 0)
(8.02469135802 0.123456790123 0)
(8.14814814815 0.123456790123 0)
(8.27160493827 0.123456790123 0)
(8.3950617284 0.123456790123 0)
(8.51851851852 0.123456790123 0)
(8.64197530864 0.123456790123 0)
(8.76543209877 0.123456790123 0)
(8.88888888889 0.123456790123 0)
(9.01234567901 0.123456790123 0)
(9.13580246914 0.123456790123 0)
(9.25925925926 0.123456790123 0)
(9.38271604938 0.123456790123 0)
(9.50617283951 0.123456790123 0)
(9.62962962963 0.123456790123 0)
(9.75308641975 0.123456790123 0)
(9.87654320988 0.123456790123 0)
(10 0.123456790123 0)
(0 0.246913580247 0)
(0.123456790123 0.246913580247 0)
(0.246913580247 0.246913580247 0)
(0.37037037037 0.246913580247 0)
(0.493827160494 0.246913580247 0)
(0.617283950617 0.246913580247 0)
(0.740740740741 0.246913580247 0)
(0.864197530864 0.246913580247 0)
(0.987654320988 0.246913580247 0)
(1.11111111111 0.246913580247 0)
(1.23456790123 0.246913580247 0)
(1.35802469136 0.246913580247 0)
(1.48148148148 0.246913580247 0)
(1.6049382716 0.246913580247 0)
(1.72839506173 0.246913580247 0)
(1.85185185185 0.246913580247 0)
(1.97530864198 0.246913580247 0)
(2.0987654321 0.246913580247 0)
(2.22222222222 0.246913580247 0)
(2.34567901235 0.246913580247 0)
(2.46913580247 0.246913580247 0)
(2.59259259259 0.246913580247 0)
(2.71604938272 0.246913580247 0)
(2.83950617284 0.246913580247 0)
(2.96296296296 0.246913580247 0)
(3.08641975309 0.246913580247 0)
(3.20987654321 0.246913580247 0)
(3.33333333333 0.246913580247 0)
(3.45679012346 0.246913580247 0)
(3.58024691358 0.246913580247 0)
(3.7037037037 0.246913580247 0)
(3.82716049383 0.246913580247 0)
(3.95061728395 0.246913580247 0)
(4.07407407407 0.246913580247 0)
(4.1975308642 0.246913580247 0)
(4.32098765432 0.246913580247 0)
(4.44444444444 0.246913580247 0)
(4.56790123457 0.246913580247 0)
(4.69135802469 0.246913580247 0)
(4.81481481481 0.246913580247 0)
(4.93827160494 0.246913580247 0)
(5.06172839506 0.246913580247 0)
(5.18518518519 0.246913580247 0)
(5.30864197531 0.246913580247 0)
(5.43209876543 0.246913580247 0)
(5.55555555556 0.246913580247 0)
(5.67901234568 0.246913580247 0)
(5.8024691358 0.246913580247 0)
(5.92592592593 0.246913580247 0)
(6.04938271605 0.246913580247 0)
(6.17283950617 0.246913580247 0)
(6.2962962963 0.246913580247 0)
(6.41975308642 0.246913580247 0)
(6.54320987654 0.246913580247 0)
(6.66666666667 0.246913580247 0)
(6.79012345679 0.246913580247 0)
(6.91358024691 0.246913580247 0)
(7.03703703704 0.246913580247 0)
(7.16049382716 0.246913580247 0)
(7.28395061728 0.246913580247 0)
(7.40740740741 0.246913580247 0)
(7.53086419753 0.246913580247 0)
(7.65432098765 0.246913580247 0)
(7.77777777778 0.246913580247 0)
(7.9012345679 0.246913580247 0)
(8.02469135802 0.246913580247 0)
(8.14814814815 0.246913580247 0)
(8.27160493827 0.246913580247 0)
(8.3950617284 0.246913580247 0)
(8.51851851852 0.246913580247 0)
(8.64197530864 0.246913580247 0)
(8.76543209877 0.246913580247 0)
(8.88888888889 0.246913580247 0)
(9.01234567901 0.246913580247 0)
(9.13580246914 0.246913580247 0)
(9.25925925926 0.246913580247 0)
(9.38271604938 0.246913580247 0)
(9.50617283951 0.246913580247 0)
(9.62962962963 0.246913580247 0)
(9.75308641975 0.246913580247 0)
(9.87654320988 0.246913580247 0)
(10 0.246913580247 0)
(0 0.37037037037 0)
(0.123456790123 0.37037037037 0)
(0.246913580247 0.37037037037 0)
(0.37037037037 0.37037037037 0)
(0.493827160494 0.37037037037 0)
(0.617283950617 0.37037037037 0)
(0.740740740741 0.37037037037 0)
(0.864197530864 0.37037037037 0)
(0.987654320988 0.37037037037 0)
(1.11111111111 0.37037037037 0)
(1.23456790123 0.37037037037 0)
(1.35802469136 0.37037037037 0)
(1.48148148148 0.37037037037 0)
(1.6049382716 0.37037037037 0)
(1.72839506173 0.37037037037 0)
(1.85185185185 0.37037037037 0)
(1.97530864198 0.37037037037 0)
(2.0987654321 0.37037037037 0)
(2.22222222222 0.37037037037 0)
(2.34567901235 0.37037037037 0)
(2.46913580247 0.37037037037 0)
(2.59259259259 0.37037037037 0)
(2.71604938272 0.37037037037 0)
(2.83950617284 0.37037037037 0)
(2.96296296296 0.37037037037 0)
(3.08641975309 0.37037037037 0)
(3.20987654321 0.37037037037 0)
(3.33333333333 0.37037037037 0)
(3.45679012346 0.37037037037 0)
(3.58024691358 0.37037037037 0)
(3.7037037037 0.37037037037 0)
(3.82716049383 0.37037037037 0)
(3.95061728395 0.37037037037 0)
(4.07407407407 0.37037037037 0)
(4.1975308642 0.37037037037 0)
(4.32098765432 0.37037037037 0)
(4.44444444444 0.37037037037 0)
(4.56790123457 0.37037037037 0)
(4.69135802469 0.37037037037 0)
(4.81481481481 0.37037037037 0)
(4.93827160494 0.37037037037 0)
(5.06172839506 0.37037037037 0)
(5.18518518519 0.37037037037 0)
(5.30864197531 0.37037037037 0)
(5.43209876543 0.37037037037 0)
(5.55555555556 0.37037037037 0)
(5.67901234568 0.37037037037 0)
(5.8024691358 0.37037037037 0)
(5.92592592593 0.37037037037 0)
(6.04938271605 0.37037037037 0)
(6.17283950617 0.37037037037 0)
(6.2962962963 0.37037037037 0)
(6.41975308642 0.37037037037 0)
(6.54320987654 0.37037037037 0)
(6.66666666667 0.37037037037 0)
(6.79012345679 0.37037037037 0)
(6.91358024691 0.37037037037 0)
(7.03703703704 0.37037037037 0)
(7.16049382716 0.37037037037 0)
(7.28395061728 0.37037037037 0)
(7.40740740741 0.37037037037 0)
(7.53086419753 0.37037037037 0)
(7.65432098765 0.37037037037 0)
(7.77777777778 0.37037037037 0)
(7.9012345679 0.37037037037 0)
(8.02469135802 0.37037037037 0)
(8.14814814815 0.37037037037 0)
(8.27160493827 0.37037037037 0)
(8.3950617284 0.37037037037 0)
(8.51851851852 0.37037037037 0)
(8.64197530864 0.37037037037 0)
(8.76543209877 0.37037037037 0)
(8.88888888889 0.37037037037 0)
(9.01234567901 0.37037037037 0)
(9.13580246914 0.37037037037 0)
(9.25925925926 0.37037037037 0)
(9.38271604938 0.37037037037 0)
(9.50617283951 0.37037037037 0)
(9.62962962963 0.37037037037 0)
(9.75308641975 0.37037037037 0)
(9.87654320988 0.37037037037 0)
(10 0.37037037037 0)
(0 0.493827160494 0)
(0.123456790123 0.493827160494 0)
(0.246913580247 0.493827160494 0)
(0.37037037037 0.493827160494 0)
(0.493827160494 0.493827160494 0)
(0.617283950617 0.493827160494 0)
(0.740740740741 0.493827160494 0)
(0.864197530864 0.493827160494 0)
(0.987654320988 0.493827160494 0)
(1.11111111111 0.493827160494 0)
(1.23456790123 0.493827160494 0)
(1.35802469136 0.493827160494 0)
(1.48148148148 0.493827160494 0)
(1.6049382716 0.493827160494 0)
(1.72839506173 0.493827160494 0)
(1.85185185185 0.493827160494 0)
(1.97530864198 0.493827160494 0)
(2.0987654321 0.493827160494 0)
(2.22222222222 0.493827160494 0)
(2.34567901235 0.493827160494 0)
(2.46913580247 0.493827160494 0)
(2.59259259259 0.493827160494 0)
(2.71604938272 0.493827160494 0)
(2.83950617284 0.493827160494 0)
(2.96296296296 0.493827160494 0)
(3.08641975309 0.493827160494 0)
(3.20987654321 0.493827160494 0)
(3.33333333333 0.493827160494 0)
(3.45679012346 0.493827160494 0)
(3.58024691358 0.493827160494 0)
(3.7037037037 0.493827160494 0)
(3.82716049383 0.493827160494 0)
(3.95061728395 0.493827160494 0)
(4.07407407407 0.493827160494 0)
(4.1975308642 0.493827160494 0)
(4.32098765432 0.493827160494 0)
(4.44444444444 0.493827160494 0)
(4.56790123457 0.493827160494 0)
(4.69135802469 0.493827160494 0)
(4.81481481481 0.493827160494 0)
(4.93827160494 0.493827160494 0)
(5.06172839506 0.493827160494 0)
(5.18518518519 0.493827160494 0)
(5.30864197531 0.493827160494 0)
(5.43209876543 0.493827160494 0)
(5.55555555556 0.493827160494 0)
(5.67901234568 0.493827160494 0)
(5.8024691358 0.493827160494 0)
(5.92592592593 0.493827160494 0)
(6.04938271605 0.493827160494 0)
(6.17283950617 0.493827160494 0)
(6.2962962963 0.493827160494 0)
(6.41975308642 0.493827160494 0)
(6.54320987654 0.493827160494 0)
(6.66666666667 0.493827160494 0)
(6.79012345679 0.493827160494 0)
(6.91358024691 0.493827160494 0)
(7.03703703704 0.493827160494 0)
(7.16049382716 0.493827160494 0)
(7.28395061728 0.493827160494 0)
(7.40740740741 0.493827160494 0)
(7.53086419753 0.493827160494 0)
(7.65432098765 0.493827160494 0)
(7.77777777778 0.493827160494 0)
(7.9012345679 0.493827160494 0)
(8.02469135802 0.493827160494 0)
(8.14814814815 0.493827160494 0)
(8.27160493827 0.493827160494 0)
(8.3950617284 0.493827160494 0)
(8.51851851852 0.493827160494 0)
(8.64197530864 0.493827160494 0)
(8.76543209877 0.493827160494 0)
(8.88888888889 0.493827160494 0)
(9.01234567901 0.493827160494 0)
(9.13580246914 0.493827160494 0)
(9.25925925926 0.493827160494 0)
(9.38271604938 0.493827160494 0)
(9.50617283951 0.493827160494 0)
(9.62962962963 0.493827160494 0)
(9.75308641975 0.493827160494 0)
(9.87654320988 0.493827160494 0)
(10 0.493827160494 0)
(0 0.617283950617 0)
(0.123456790123 0.617283950617 0)
(0.246913580247 0.617283950617 0)
(0.37037037037 0.617283950617 0)
(0.493827160494 0.617283950617 0)
(0.617283950617 0.617283950617 0)
(0.740740740741 0.617283950617 0)
(0.864197530864 0.617283950617 0)
(0.987654320988 0.617283950617 0)
(1.11111111111 0.617283950617 0)
(1.23456790123 0.617283950617 0)
(1.35802469136 0.617283950617 0)
(1.48148148148 0.617283950617 0)
(1.6049382716 0.617283950617 0)
(1.72839506173 0.617283950617 0)
(1.85185185185 0.617283950617 0)
(1.97530864198 0.617283950617 0)
(2.0987654321 0.617283950617 0)
(2.22222222222 0.617283950617 0)
(2.34567901235 0.617283950617 0)
(2.46913580247 0.617283950617 0)
(2.59259259259 0.617283950617 0)
(2.71604938272 0.617283950617 0)
(2.83950617284 0.617283950617 0)
(2.96296296296 0.617283950617 0)
(3.08641975309 0.617283950617 0)
(3.20987654321 0.617283950617 0)
(3.33333333333 0.617283950617 0)
(3.45679012346 0.617283950617 0)
(3.58024691358 0.617283950617 0)
(3.7037037037 0.617283950617 0)
(3.82716049383 0.617283950617 0)
(3.95061728395 0.617283950617 0)
(4.07407407407 0.617283950617 0)
(4.1975308642 0.617283950617 0)
(4.32098765432 0.617283950617 0)
(4.44444444444 0.617283950617 0)
(4.56790123457 0.617283950617 0)
(4.69135802469 0.617283950617 0)
(4.81481481481 0.617283950617 0)
(4.93827160494 0.617283950617 0)
(5.06172839506 0.617283950617 0)
(5.18518518519 0.617283950617 0)
(5.30864197531 0.617283950617 0)
(5.43209876543 0.617283950617 0)
(5.55555555556 0.617283950617 0)
(5.67901234568 0.617283950617 0)
(5.8024691358 0.617283950617 0)
(5.92592592593 0.617283950617 0)
(6.04938271605 0.617283950617 0)
(6.17283950617 0.617283950617 0)
(6.2962962963 0.617283950617 0)
(6.41975308642 0.617283950617 0)
(6.54320987654 0.617283950617 0)
(6.66666666667 0.617283950617 0)
(6.79012345679 0.617283950617 0)
(6.91358024691 0.617283950617 0)
(7.03703703704 0.617283950617 0)
(7.16049382716 0.617283950617 0)
(7.28395061728 0.617283950617 0)
(7.40740740741 0.617283950617 0)
(7.53086419753 0.617283950617 0)
(7.65432098765 0.617283950617 0)
(7.77777777778 0.617283950617 0)
(7.9012345679 0.617283950617 0)
(8.02469135802 0.617283950617 0)
(8.14814814815 0.617283950617 0)
(8.27160493827 0.617283950617 0)
(8.3950617284 0.617283950617 0)
(8.51851851852 0.617283950617 0)
(8.64197530864 0.617283950617 0)
(8.76543209877 0.617283950617 0)
(8.88888888889 0.617283950617 0)
(9.01234567901 0.617283950617 0)
(9.13580246914 0.617283950617 0)
(9.25925925926 0.617283950617 0)
(9.38271604938 0.617283950617 0)
(9.50617283951 0.617283950617 0)
(9.62962962963 0.617283950617 0)
(9.75308641975 0.617283950617 0)
(9.87654320988 0.617283950617 0)
(10 0.617283950617 0)
(0 0.740740740741 0)
(0.123456790123 0.740740740741 0)
(0.246913580247 0.740740740741 0)
(0.37037037037 0.740740740741 0)
(0.493827160494 0.740740740741 0)
(0.617283950617 0.740740740741 0)
(0.740740740741 0.740740740741 0)
(0.864197530864 0.740740740741 0)
(0.987654320988 0.740740740741 0)
(1.11111111111 0.740740740741 0)
(1.23456790123 0.740740740741 0)
(1.35802469136 0.740740740741 0)
(1.48148148148 0.740740740741 0)
(1.6049382716 0.740740740741 0)
(1.72839506173 0.740740740741 0)
(1.85185185185 0.740740740741 0)
(1.97530864198 0.740740740741 0)
(2.0987654321 0.740740740741 0)
(2.22222222222 0.740740740741 0)
(2.34567901235 0.740740740741 0)
(2.46913580247 0.740740740741 0)
(2.59259259259 0.740740740741 0)
(2.71604938272 0.740740740741 0)
(2.83950617284 0.740740740741 0)
(2.96296296296 0.740740740741 0)
(3.08641975309 0.740740740741 0)
(3.20987654321 0.740740740741 0)
(3.33333333333 0.740740740741 0)
(3.45679012346 0.740740740741 0)
(3.58024691358 0.740740740741 0)
(3.7037037037 0.740740740741 0)
(3.82716049383 0.740740740741 0)
(3.95061728395 0.740740740741 0)
(4.07407407407 0.740740740741 0)
(4.1975308642 0.740740740741 0)
(4.32098765432 0.740740740741 0)
(4.44444444444 0.740740740741 0)
(4.56790123457 0.740740740741 0)
(4.69135802469 0.740740740741 0)
(4.81481481481 0.740740740741 0)
(4.93827160494 0.740740740741 0)
(5.06172839506 0.740740740741 0)
(5.18518518519 0.740740740741 0)
(5.30864197531 0.740740740741 0)
(5.43209876543 0.740740740741 0)
(5.55555555556 0.740740740741 0)
(5.67901234568 0.740740740741 0)
(5.8024691358 0.740740740741 0)
(5.92592592593 0.740740740741 0)
(6.04938271605 0.740740740741 0)
(6.17283950617 0.740740740741 0)
(6.2962962963 0.740740740741 0)
(6.41975308642 0.740740740741 0)
(6.54320987654 0.740740740741 0)
(6.66666666667 0.740740740741 0)
(6.79012345679 0.740740740741 0)
(6.91358024691 0.740740740741 0)
(7.03703703704 0.740740740741 0)
(7.16049382716 0.740740740741 0)
(7.28395061728 0.740740740741 0)
(7.40740740741 0.740740740741 0)
(7.53086419753 0.740740740741 0)
(7.65432098765 0.740740740741 0)
(7.77777777778 0.740740740741 0)
(7.9012345679 0.740740740741 0)
(8.02469135802 0.740740740741 0)
(8.14814814815 0.740740740741 0)
(8.27160493827 0.740740740741 0)
(8.3950617284 0.740740740741 0)
(8.51851851852 0.740740740741 0)
(8.64197530864 0.740740740741 0)
(8.76543209877 0.740740740741 0)
(8.88888888889 0.740740740741 0)
(9.01234567901 0.740740740741 0)
(9.13580246914 0.740740740741 0)
(9.25925925926 0.740740740741 0)
(9.38271604938 0.740740740741 0)
(9.50617283951 0.740740740741 0)
(9.62962962963 0.740740740741 0)
(9.75308641975 0.740740740741 0)
(9.87654320988 0.740740740741 0)
(10 0.740740740741 0)
(0 0.864197530864 0)
(0.123456790123 0.864197530864 0)
(0.246913580247 0.864197530864 0)
(0.37037037037 0.864197530864 0)
(0.493827160494 0.864197530864 0)
(0.617283950617 0.864197530864 0)
(0.740740740741 0.864197530864 0)
(0.864197530864 0.864197530864 0)
(0.987654320988 0.864197530864 0)
(1.11111111111 0.864197530864 0)
(1.23456790123 0.864197530864 0)
(1.35802469136 0.864197530864 0)
(1.48148148148 0.864197530864 0)
(1.6049382716 0.864197530864 0)
(1.72839506173 0.864197530864 0)
(1.85185185185 0.864197530864 0)
(1.97530864198 0.864197530864 0)
(2.0987654321 0.864197530864 0)
(2.22222222222 0.864197530864 0)
(2.34567901235 0.864197530864 0)
(2.46913580247 0.864197530864 0)
(2.59259259259 0.864197530864 0)
(2.71604938272 0.864197530864 0)
(2.83950617284 0.864197530864 0)
(2.96296296296 0.864197530864 0)
(3.08641975309 0.864197530864 0)
(3.20987654321 0.864197530864 0)
(3.33333333333 0.864197530864 0)
(3.45679012346 0.864197530864 0)
(3.58024691358 0.864197530864 0)
(3.7037037037 0.864197530864 0)
(3.82716049383 0.864197530864 0)
(3.95061728395 0.864197530864 0)
(4.07407407407 0.864197530864 0)
(4.1975308642 0.864197530864 0)
(4.32098765432 0.864197530864 0)
(4.44444444444 0.864197530864 0)
(4.56790123457 0.864197530864 0)
(4.69135802469 0.864197530864 0)
(4.81481481481 0.864197530864 0)
(4.93827160494 0.864197530864 0)
(5.06172839506 0.864197530864 0)
(5.18518518519 0.864197530864 0)
(5.30864197531 0.864197530864 0)
(5.43209876543 0.864197530864 0)
(5.55555555556 0.864197530864 0)
(5.67901234568 0.864197530864 0)
(5.8024691358 0.864197530864 0)
(5.92592592593 0.864197530864 0)
(6.04938271605 0.864197530864 0)
(6.17283950617 0.864197530864 0)
(6.2962962963 0.864197530864 0)
(6.41975308642 0.864197530864 0)
(6.54320987654 0.864197530864 0)
(6.66666666667 0.864197530864 0)
(6.79012345679 0.864197530864 0)
(6.91358024691 0.864197530864 0)
(7.03703703704 0.864197530864 0)
(7.16049382716 0.864197530864 0)
(7.28395061728 0.864197530864 0)
(7.40740740741 0.864197530864 0)
(7.53086419753 0.864197530864 0)
(7.65432098765 0.864197530864 0)
(7.77777777778 0.864197530864 0)
(7.9012345679 0.864197530864 0)
(8.02469135802 0.864197530864 0)
(8.14814814815 0.864197530864 0)
(8.27160493827 0.864197530864 0)
(8.3950617284 0.864197530864 0)
(8.51851851852 0.864197530864 0)
(8.64197530864 0.864197530864 0)
(8.76543209877 0.864197530864 0)
(8.88888888889 0.864197530864 0)
(9.01234567901 0.864197530864 0)
(9.13580246914 0.864197530864 0)
(9.25925925926 0.864197530864 0)
(9.38271604938 0.864197530864 0)
(9.50617283951 0.864197530864 0)
(9.62962962963 0.864197530864 0)
(9.75308641975 0.864197530864 0)
(9.87654320988 0.864197530864 0)
(10 0.864197530864 0)
(0 0.987654320988 0)
(0.123456790123 0.987654320988 0)
(0.246913580247 0.987654320988 0)
(0.37037037037 0.987654320988 0)
(0.493827160494 0.987654320988 0)
(0.617283950617 0.987654320988 0)
(0.740740740741 0.987654320988 0)
(0.864197530864 0.987654320988 0)
(0.987654320988 0.987654320988 0)
(1.11111111111 0.987654320988 0)
(1.23456790123 0.987654320988 0)
(1.35802469136 0.987654320988 0)
(1.48148148148 0.987654320988 0)
(1.6049382716 0.987654320988 0)
(1.72839506173 0.987654320988 0)
(1.85185185185 0.987654320988 0)
(1.97530864198 0.987654320988 0)
(2.0987654321 0.987654320988 0)
(2.22222222222 0.987654320988 0)
(2.34567901235 0.987654320988 0)
(2.46913580247 0.987654320988 0)
(2.59259259259 0.987654320988 0)
(2.71604938272 0.987654320988 0)
(2.83950617284 0.987654320988 0)
(2.96296296296 0.987654320988 0)
(3.08641975309 0.987654320988 0)
(3.20987654321 0.987654320988 0)
(3.33333333333 0.987654320988 0)
(3.45679012346 0.987654320988 0)
(3.58024691358 0.987654320988 0)
(3.7037037037 0.987654320988 0)
(3.82716049383 0.987654320988 0)
(3.95061728395 0.987654320988 0)
(4.07407407407 0.987654320988 0)
(4.1975308642 0.987654320988 0)
(4.32098765432 0.987654320988 0)
(4.44444444444 0.987654320988 0)
(4.56790123457 0.987654320988 0)
(4.69135802469 0.987654320988 0)
(4.81481481481 0.987654320988 0)
(4.93827160494 0.987654320988 0)
(5.06172839506 0.987654320988 0)
(5.18518518519 0.987654320988 0)
(5.30864197531 0.987654320988 0)
(5.43209876543 0.987654320988 0)
(5.55555555556 0.987654320988 0)
(5.67901234568 0.987654320988 0)
(5.8024691358 0.987654320988 0)
(5.92592592593 0.987654320988 0)
(6.04938271605 0.987654320988 0)
(6.17283950617 0.987654320988 0)
(6.2962962963 0.987654320988 0)
(6.41975308642 0.987654320988 0)
(6.54320987654 0.987654320988 0)
(6.66666666667 0.987654320988 0)
(6.79012345679 0.987654320988 0)
(6.91358024691 0.987654320988 0)
(7.03703703704 0.987654320988 0)
(7.16049382716 0.987654320988 0)
(7.28395061728 0.987654320988 0)
(7.40740740741 0.987654320988 0)
(7.53086419753 0.987654320988 0)
(7.65432098765 0.987654320988 0)
(7.77777777778 0.987654320988 0)
(7.9012345679 0.987654320988 0)
(8.02469135802 0.987654320988 0)
(8.14814814815 0.987654320988 0)
(8.27160493827 0.987654320988 0)
(8.3950617284 0.987654320988 0)
(8.51851851852 0.987654320988 0)
(8.64197530864 0.987654320988 0)
(8.76543209877 0.987654320988 0)
(8.88888888889 0.987654320988 0)
(9.01234567901 0.987654320988 0)
(9.13580246914 0.987654320988 0)
(9.25925925926 0.987654320988 0)
(9.38271604938 0.987654320988 0)
(9.50617283951 0.987654320988 0)
(9.62962962963 0.987654320988 0)
(9.75308641975 0.987654320988 0)
(9.87654320988 0.987654320988 0)
(10 0.987654320988 0)
(0 1.11111111111 0)
(0.123456790123 1.11111111111 0)
(0.246913580247 1.11111111111 0)
(0.37037037037 1.11111111111 0)
(0.493827160494 1.11111111111 0)
(0.617283950617 1.11111111111 0)
(0.740740740741 1.11111111111 0)
(0.864197530864 1.11111111111 0)
(0.987654320988 1.11111111111 0)
(1.11111111111 1.11111111111 0)
(1.23456790123 1.11111111111 0)
(1.35802469136 1.11111111111 0)
(1.48148148148 1.11111111111 0)
(1.6049382716 1.11111111111 0)
(1.72839506173 1.11111111111 0)
(1.85185185185 1.11111111111 0)
(1.97530864198 1.11111111111 0)
(2.0987654321 1.11111111111 0)
(2.22222222222 1.11111111111 0)
(2.34567901235 1.11111111111 0)
(2.46913580247 1.11111111111 0)
(2.59259259259 1.11111111111 0)
(2.71604938272 1.11111111111 0)
(2.83950617284 1.11111111111 0)
(2.96296296296 1.11111111111 0)
(3.08641975309 1.11111111111 0)
(3.20987654321 1.11111111111 0)
(3.33333333333 1.11111111111 0)
(3.45679012346 1.11111111111 0)
(3.58024691358 1.11111111111 0)
(3.7037037037 1.11111111111 0)
(3.82716049383 1.11111111111 0)
(3.95061728395 1.11111111111 0)
(4.07407407407 1.11111111111 0)
(4.1975308642 1.11111111111 0)
(4.32098765432 1.11111111111 0)
(4.44444444444 1.11111111111 0)
(4.56790123457 1.11111111111 0)
(4.69135802469 1.11111111111 0)
(4.81481481481 1.11111111111 0)
(4.93827160494 1.11111111111 0)
(5.06172839506 1.11111111111 0)
(5.18518518519 1.11111111111 0)
(5.30864197531 1.11111111111 0)
(5.43209876543 1.11111111111 0)
(5.55555555556 1.11111111111 0)
(5.67901234568 1.11111111111 0)
(5.8024691358 1.11111111111 0)
(5.92592592593 1.11111111111 0)
(6.04938271605 1.11111111111 0)
(6.17283950617 1.11111111111 0)
(6.2962962963 1.11111111111 0)
(6.41975308642 1.11111111111 0)
(6.54320987654 1.11111111111 0)
(6.66666666667 1.11111111111 0)
(6.79012345679 1.11111111111 0)
(6.91358024691 1.11111111111 0)
(7.03703703704 1.11111111111 0)
(7.16049382716 1.11111111111 0)
(7.28395061728 1.11111111111 0)
(7.40740740741 1.11111111111 0)
(7.53086419753 1.11111111111 0)
(7.65432098765 1.11111111111 0)
(7.77777777778 1.11111111111 0)
(7.9012345679 1.11111111111 0)
(8.02469135802 1.11111111111 0)
(8.14814814815 1.11111111111 0)
(8.27160493827 1.11111111111 0)
(8.3950617284 1.11111111111 0)
(8.51851851852 1.11111111111 0)
(8.64197530864 1.11111111111 0)
(8.76543209877 1.11111111111 0)
(8.88888888889 1.11111111111 0)
(9.01234567901 1.11111111111 0)
(9.13580246914 1.11111111111 0)
(9.25925925926 1.11111111111 0)
(9.38271604938 1.11111111111 0)
(9.50617283951 1.11111111111 0)
(9.62962962963 1.11111111111 0)
(9.75308641975 1.11111111111 0)
(9.87654320988 1.11111111111 0)
(10 1.11111111111 0)
(0 1.23456790123 0)
(0.123456790123 1.23456790123 0)
(0.246913580247 1.23456790123 0)
(0.37037037037 1.23456790123 0)
(0.493827160494 1.23456790123 0)
(0.617283950617 1.23456790123 0)
(0.740740740741 1.23456790123 0)
(0.864197530864 1.23456790123 0)
(0.987654320988 1.23456790123 0)
(1.11111111111 1.23456790123 0)
(1.23456790123 1.23456790123 0)
(1.35802469136 1.23456790123 0)
(1.48148148148 1.23456790123 0)
(1.6049382716 1.23456790123 0)
(1.72839506173 1.23456790123 0)
(1.85185185185 1.23456790123 0)
(1.97530864198 1.23456790123 0)
(2.0987654321 1.23456790123 0)
(2.22222222222 1.23456790123 0)
(2.34567901235 1.23456790123 0)
(2.46913580247 1.23456790123 0)
(2.59259259259 1.23456790123 0)
(2.71604938272 1.23456790123 0)
(2.83950617284 1.23456790123 0)
(2.96296296296 1.23456790123 0)
(3.08641975309 1.23456790123 0)
(3.20987654321 1.23456790123 0)
(3.33333333333 1.23456790123 0)
(3.45679012346 1.23456790123 0)
(3.58024691358 1.23456790123 0)
(3.7037037037 1.23456790123 0)
(3.82716049383 1.23456790123 0)
(3.95061728395 1.23456790123 0)
(4.07407407407 1.23456790123 0)
(4.1975308642 1.23456790123 0)
(4.32098765432 1.23456790123 0)
(4.44444444444 1.23456790123 0)
(4.56790123457 1.23456790123 0)
(4.69135802469 1.23456790123 0)
(4.81481481481 1.23456790123 0)
(4.93827160494 1.23456790123 0)
(5.06172839506 1.23456790123 0)
(5.18518518519 1.23456790123 0)
(5.30864197531 1.23456790123 0)
(5.43209876543 1.23456790123 0)
(5.55555555556 1.23456790123 0)
(5.67901234568 1.23456790123 0)
(5.8024691358 1.23456790123 0)
(5.92592592593 1.23456790123 0)
(6.04938271605 1.23456790123 0)
(6.17283950617 1.23456790123 0)
(6.2962962963 1.23456790123 0)
(6.41975308642 1.23456790123 0)
(6.54320987654 1.23456790123 0)
(6.66666666667 1.23456790123 0)
(6.79012345679 1.23456790123 0)
(6.91358024691 1.23456790123 0)
(7.03703703704 1.23456790123 0)
(7.16049382716 1.23456790123 0)
(7.28395061728 1.23456790123 0)
(7.40740740741 1.23456790123 0)
(7.53086419753 1.23456790123 0)
(7.65432098765 1.23456790123 0)
(7.77777777778 1.23456790123 0)
(7.9012345679 1.23456790123 0)
(8.02469135802 1.23456790123 0)
(8.14814814815 1.23456790123 0)
(8.27160493827 1.23456790123 0)
(8.3950617284 1.23456790123 0)
(8.51851851852 1.23456790123 0)
(8.64197530864 1.23456790123 0)
(8.76543209877 1.23456790123 0)
(8.88888888889 1.23456790123 0)
(9.01234567901 1.23456790123 0)
(9.13580246914 1.23456790123 0)
(9.25925925926 1.23456790123 0)
(9.38271604938 1.23456790123 0)
(9.50617283951 1.23456790123 0)
(9.62962962963 1.23456790123 0)
(9.75308641975 1.23456790123 0)
(9.87654320988 1.23456790123 0)
(10 1.23456790123 0)
(0 1.35802469136 0)
(0.123456790123 1.35802469136 0)
(0.246913580247 1.35802469136 0)
(0.37037037037 1.35802469136 0)
(0.493827160494 1.35802469136 0)
(0.617283950617 1.35802469136 0)
(0.740740740741 1.35802469136 0)
(0.864197530864 1.35802469136 0)
(0.987654320988 1.35802469136 0)
(1.11111111111 1.35802469136 0)
(1.23456790123 1.35802469136 0)
(1.35802469136 1.35802469136 0)
(1.48148148148 1.35802469136 0)
(1.6049382716 1.35802469136 0)
(1.72839506173 1.35802469136 0)
(1.85185185185 1.35802469136 0)
(1.97530864198 1.35802469136 0)
(2.0987654321 1.35802469136 0)
(2.22222222222 1.35802469136 0)
(2.34567901235 1.35802469136 0)
(2.46913580247 1.35802469136 0)
(2.59259259259 1.35802469136 0)
(2.71604938272 1.35802469136 0)
(2.83950617284 1.35802469136 0)
(2.96296296296 1.35802469136 0)
(3.08641975309 1.35802469136 0)
(3.20987654321 1.35802469136 0)
(3.33333333333 1.35802469136 0)
(3.45679012346 1.35802469136 0)
(3.58024691358 1.35802469136 0)
(3.7037037037 1.35802469136 0)
(3.82716049383 1.35802469136 0)
(3.95061728395 1.35802469136 0)
(4.07407407407 1.35802469136 0)
(4.1975308642 1.35802469136 0)
(4.32098765432 1.35802469136 0)
(4.44444444444 1.35802469136 0)
(4.56790123457 1.35802469136 0)
(4.69135802469 1.35802469136 0)
(4.81481481481 1.35802469136 0)
(4.93827160494 1.35802469136 0)
(5.06172839506 1.35802469136 0)
(5.18518518519 1.35802469136 0)
(5.30864197531 1.35802469136 0)
(5.43209876543 1.35802469136 0)
(5.55555555556 1.35802469136 0)
(5.67901234568 1.35802469136 0)
(5.8024691358 1.35802469136 0)
(5.92592592593 1.35802469136 0)
(6.04938271605 1.35802469136 0)
(6.17283950617 1.35802469136 0)
(6.2962962963 1.35802469136 0)
(6.41975308642 1.35802469136 0)
(6.54320987654 1.35802469136 0)
(6.66666666667 1.35802469136 0)
(6.79012345679 1.35802469136 0)
(6.91358024691 1.35802469136 0)
(7.03703703704 1.35802469136 0)
(7.16049382716 1.35802469136 0)
(7.28395061728 1.35802469136 0)
(7.40740740741 1.35802469136 0)
(7.53086419753 1.35802469136 0)
(7.65432098765 1.35802469136 0)
(7.77777777778 1.35802469136 0)
(7.9012345679 1.35802469136 0)
(8.02469135802 1.35802469136 0)
(8.14814814815 1.35802469136 0)
(8.27160493827 1.35802469136 0)
(8.3950617284 1.35802469136 0)
(8.51851851852 1.35802469136 0)
(8.64197530864 1.35802469136 0)
(8.76543209877 1.35802469136 0)
(8.88888888889 1.35802469136 0)
(9.01234567901 1.35802469136 0)
(9.13580246914 1.35802469136 0)
(9.25925925926 1.35802469136 0)
(9.38271604938 1.35802469136 0)
(9.50617283951 1.35802469136 0)
(9.62962962963 1.35802469136 0)
(9.75308641975 1.35802469136 0)
(9.87654320988 1.35802469136 0)
(10 1.35802469136 0)
(0 1.48148148148 0)
(0.123456790123 1.48148148148 0)
(0.246913580247 1.48148148148 0)
(0.37037037037 1.48148148148 0)
(0.493827160494 1.48148148148 0)
(0.617283950617 1.48148148148 0)
(0.740740740741 1.48148148148 0)
(0.864197530864 1.48148148148 0)
(0.987654320988 1.48148148148 0)
(1.11111111111 1.48148148148 0)
(1.23456790123 1.48148148148 0)
(1.35802469136 1.48148148148 0)
(1.48148148148 1.48148148148 0)
(1.6049382716 1.48148148148 0)
(1.72839506173 1.48148148148 0)
(1.85185185185 1.48148148148 0)
(1.97530864198 1.48148148148 0)
(2.0987654321 1.48148148148 0)
(2.22222222222 1.48148148148 0)
(2.34567901235 1.48148148148 0)
(2.46913580247 1.48148148148 0)
(2.59259259259 1.48148148148 0)
(2.71604938272 1.48148148148 0)
(2.83950617284 1.48148148148 0)
(2.96296296296 1.48148148148 0)
(3.08641975309 1.48148148148 0)
(3.20987654321 1.48148148148 0)
(3.33333333333 1.48148148148 0)
(3.45679012346 1.48148148148 0)
(3.58024691358 1.48148148148 0)
(3.7037037037 1.48148148148 0)
(3.82716049383 1.48148148148 0)
(3.95061728395 1.48148148148 0)
(4.07407407407 1.48148148148 0)
(4.1975308642 1.48148148148 0)
(4.32098765432 1.48148148148 0)
(4.44444444444 1.48148148148 0)
(4.56790123457 1.48148148148 0)
(4.69135802469 1.48148148148 0)
(4.81481481481 1.48148148148 0)
(4.93827160494 1.48148148148 0)
(5.06172839506 1.48148148148 0)
(5.18518518519 1.48148148148 0)
(5.30864197531 1.48148148148 0)
(5.43209876543 1.48148148148 0)
(5.55555555556 1.48148148148 0)
(5.67901234568 1.48148148148 0)
(5.8024691358 1.48148148148 0)
(5.92592592593 1.48148148148 0)
(6.04938271605 1.48148148148 0)
(6.17283950617 1.48148148148 0)
(6.2962962963 1.48148148148 0)
(6.41975308642 1.48148148148 0)
(6.54320987654 1.48148148148 0)
(6.66666666667 1.48148148148 0)
(6.79012345679 1.48148148148 0)
(6.91358024691 1.48148148148 0)
(7.03703703704 1.48148148148 0)
(7.16049382716 1.48148148148 0)
(7.28395061728 1.48148148148 0)
(7.40740740741 1.48148148148 0)
(7.53086419753 1.48148148148 0)
(7.65432098765 1.48148148148 0)
(7.77777777778 1.48148148148 0)
(7.9012345679 1.48148148148 0)
(8.02469135802 1.48148148148 0)
(8.14814814815 1.48148148148 0)
(8.27160493827 1.48148148148 0)
(8.3950617284 1.48148148148 0)
(8.51851851852 1.48148148148 0)
(8.64197530864 1.48148148148 0)
(8.76543209877 1.48148148148 0)
(8.88888888889 1.48148148148 0)
(9.01234567901 1.48148148148 0)
(9.13580246914 1.48148148148 0)
(9.25925925926 1.48148148148 0)
(9.38271604938 1.48148148148 0)
(9.50617283951 1.48148148148 0)
(9.62962962963 1.48148148148 0)
(9.75308641975 1.48148148148 0)
(9.87654320988 1.48148148148 0)
(10 1.48148148148 0)
(0 1.6049382716 0)
(0.123456790123 1.6049382716 0)
(0.246913580247 1.6049382716 0)
(0.37037037037 1.6049382716 0)
(0.493827160494 1.6049382716 0)
(0.617283950617 1.6049382716 0)
(0.740740740741 1.6049382716 0)
(0.864197530864 1.6049382716 0)
(0.987654320988 1.6049382716 0)
(1.11111111111 1.6049382716 0)
(1.23456790123 1.6049382716 0)
(1.35802469136 1.6049382716 0)
(1.48148148148 1.6049382716 0)
(1.6049382716 1.6049382716 0)
(1.72839506173 1.6049382716 0)
(1.85185185185 1.6049382716 0)
(1.97530864198 1.6049382716 0)
(2.0987654321 1.6049382716 0)
(2.22222222222 1.6049382716 0)
(2.34567901235 1.6049382716 0)
(2.46913580247 1.6049382716 0)
(2.59259259259 1.6049382716 0)
(2.71604938272 1.6049382716 0)
(2.83950617284 1.6049382716 0)
(2.96296296296 1.6049382716 0)
(3.08641975309 1.6049382716 0)
(3.20987654321 1.6049382716 0)
(3.33333333333 1.6049382716 0)
(3.45679012346 1.6049382716 0)
(3.58024691358 1.6049382716 0)
(3.7037037037 1.6049382716 0)
(3.82716049383 1.6049382716 0)
(3.95061728395 1.6049382716 0)
(4.07407407407 1.6049382716 0)
(4.1975308642 1.6049382716 0)
(4.32098765432 1.6049382716 0)
(4.44444444444 1.6049382716 0)
(4.56790123457 1.6049382716 0)
(4.69135802469 1.6049382716 0)
(4.81481481481 1.6049382716 0)
(4.93827160494 1.6049382716 0)
(5.06172839506 1.6049382716 0)
(5.18518518519 1.6049382716 0)
(5.30864197531 1.6049382716 0)
(5.43209876543 1.6049382716 0)
(5.55555555556 1.6049382716 0)
(5.67901234568 1.6049382716 0)
(5.8024691358 1.6049382716 0)
(5.92592592593 1.6049382716 0)
(6.04938271605 1.6049382716 0)
(6.17283950617 1.6049382716 0)
(6.2962962963 1.6049382716 0)
(6.41975308642 1.6049382716 0)
(6.54320987654 1.6049382716 0)
(6.66666666667 1.6049382716 0)
(6.79012345679 1.6049382716 0)
(6.91358024691 1.6049382716 0)
(7.03703703704 1.6049382716 0)
(7.16049382716 1.6049382716 0)
(7.28395061728 1.6049382716 0)
(7.40740740741 1.6049382716 0)
(7.53086419753 1.6049382716 0)
(7.65432098765 1.6049382716 0)
(7.77777777778 1.6049382716 0)
(7.9012345679 1.6049382716 0)
(8.02469135802 1.6049382716 0)
(8.14814814815 1.6049382716 0)
(8.27160493827 1.6049382716 0)
(8.3950617284 1.6049382716 0)
(8.51851851852 1.6049382716 0)
(8.64197530864 1.6049382716 0)
(8.76543209877 1.6049382716 0)
(8.88888888889 1.6049382716 0)
(9.01234567901 1.6049382716 0)
(9.13580246914 1.6049382716 0)
(9.25925925926 1.6049382716 0)
(9.38271604938 1.6049382716 0)
(9.50617283951 1.6049382716 0)
(9.62962962963 1.6049382716 0)
(9.75308641975 1.6049382716 0)
(9.87654320988 1.6049382716 0)
(10 1.6049382716 0)
(0 1.72839506173 0)
(0.123456790123 1.72839506173 0)
(0.246913580247 1.72839506173 0)
(0.37037037037 1.72839506173 0)
(0.493827160494 1.72839506173 0)
(0.617283950617 1.72839506173 0)
(0.740740740741 1.72839506173 0)
(0.864197530864 1.72839506173 0)
(0.987654320988 1.72839506173 0)
(1.11111111111 1.72839506173 0)
(1.23456790123 1.72839506173 0)
(1.35802469136 1.72839506173 0)
(1.48148148148 1.72839506173 0)
(1.6049382716 1.72839506173 0)
(1.72839506173 1.72839506173 0)
(1.85185185185 1.72839506173 0)
(1.97530864198 1.72839506173 0)
(2.0987654321 1.72839506173 0)
(2.22222222222 1.72839506173 0)
(2.34567901235 1.72839506173 0)
(2.46913580247 1.72839506173 0)
(2.59259259259 1.72839506173 0)
(2.71604938272 1.72839506173 0)
(2.83950617284 1.72839506173 0)
(2.96296296296 1.72839506173 0)
(3.08641975309 1.72839506173 0)
(3.20987654321 1.72839506173 0)
(3.33333333333 1.72839506173 0)
(3.45679012346 1.72839506173 0)
(3.58024691358 1.72839506173 0)
(3.7037037037 1.72839506173 0)
(3.82716049383 1.72839506173 0)
(3.95061728395 1.72839506173 0)
(4.07407407407 1.72839506173 0)
(4.1975308642 1.72839506173 0)
(4.32098765432 1.72839506173 0)
(4.44444444444 1.72839506173 0)
(4.56790123457 1.72839506173 0)
(4.69135802469 1.72839506173 0)
(4.81481481481 1.72839506173 0)
(4.93827160494 1.72839506173 0)
(5.06172839506 1.72839506173 0)
(5.18518518519 1.72839506173 0)
(5.30864197531 1.72839506173 0)
(5.43209876543 1.72839506173 0)
(5.55555555556 1.72839506173 0)
(5.67901234568 1.72839506173 0)
(5.8024691358 1.72839506173 0)
(5.92592592593 1.72839506173 0)
(6.04938271605 1.72839506173 0)
(6.17283950617 1.72839506173 0)
(6.2962962963 1.72839506173 0)
(6.41975308642 1.72839506173 0)
(6.54320987654 1.72839506173 0)
(6.66666666667 1.72839506173 0)
(6.79012345679 1.72839506173 0)
(6.91358024691 1.72839506173 0)
(7.03703703704 1.72839506173 0)
(7.16049382716 1.72839506173 0)
(7.28395061728 1.72839506173 0)
(7.40740740741 1.72839506173 0)
(7.53086419753 1.72839506173 0)
(7.65432098765 1.72839506173 0)
(7.77777777778 1.72839506173 0)
(7.9012345679 1.72839506173 0)
(8.02469135802 1.72839506173 0)
(8.14814814815 1.72839506173 0)
(8.27160493827 1.72839506173 0)
(8.3950617284 1.72839506173 0)
(8.51851851852 1.72839506173 0)
(8.64197530864 1.72839506173 0)
(8.76543209877 1.72839506173 0)
(8.88888888889 1.72839506173 0)
(9.01234567901 1.72839506173 0)
(9.13580246914 1.72839506173 0)
(9.25925925926 1.72839506173 0)
(9.38271604938 1.72839506173 0)
(9.50617283951 1.72839506173 0)
(9.62962962963 1.72839506173 0)
(9.75308641975 1.72839506173 0)
(9.87654320988 1.72839506173 0)
(10 1.72839506173 0)
(0 1.85185185185 0)
(0.123456790123 1.85185185185 0)
(0.246913580247 1.85185185185 0)
(0.37037037037 1.85185185185 0)
(0.493827160494 1.85185185185 0)
(0.617283950617 1.85185185185 0)
(0.740740740741 1.85185185185 0)
(0.864197530864 1.85185185185 0)
(0.987654320988 1.85185185185 0)
(1.11111111111 1.85185185185 0)
(1.23456790123 1.85185185185 0)
(1.35802469136 1.85185185185 0)
(1.48148148148 1.85185185185 0)
(1.6049382716 1.85185185185 0)
(1.72839506173 1.85185185185 0)
(1.85185185185 1.85185185185 0)
(1.97530864198 1.85185185185 0)
(2.0987654321 1.85185185185 0)
(2.22222222222 1.85185185185 0)
(2.34567901235 1.85185185185 0)
(2.46913580247 1.85185185185 0)
(2.59259259259 1.85185185185 0)
(2.71604938272 1.85185185185 0)
(2.83950617284 1.85185185185 0)
(2.96296296296 1.85185185185 0)
(3.08641975309 1.85185185185 0)
(3.20987654321 1.85185185185 0)
(3.33333333333 1.85185185185 0)
(3.45679012346 1.85185185185 0)
(3.58024691358 1.85185185185 0)
(3.7037037037 1.85185185185 0)
(3.82716049383 1.85185185185 0)
(3.95061728395 1.85185185185 0)
(4.07407407407 1.85185185185 0)
(4.1975308642 1.85185185185 0)
(4.32098765432 1.85185185185 0)
(4.44444444444 1.85185185185 0)
(4.56790123457 1.85185185185 0)
(4.69135802469 1.85185185185 0)
(4.81481481481 1.85185185185 0)
(4.93827160494 1.85185185185 0)
(5.06172839506 1.85185185185 0)
(5.18518518519 1.85185185185 0)
(5.30864197531 1.85185185185 0)
(5.43209876543 1.85185185185 0)
(5.55555555556 1.85185185185 0)
(5.67901234568 1.85185185185 0)
(5.8024691358 1.85185185185 0)
(5.92592592593 1.85185185185 0)
(6.04938271605 1.85185185185 0)
(6.17283950617 1.85185185185 0)
(6.2962962963 1.85185185185 0)
(6.41975308642 1.85185185185 0)
(6.54320987654 1.85185185185 0)
(6.66666666667 1.85185185185 0)
(6.79012345679 1.85185185185 0)
(6.91358024691 1.85185185185 0)
(7.03703703704 1.85185185185 0)
(7.16049382716 1.85185185185 0)
(7.28395061728 1.85185185185 0)
(7.40740740741 1.85185185185 0)
(7.53086419753 1.85185185185 0)
(7.65432098765 1.85185185185 0)
(7.77777777778 1.85185185185 0)
(7.9012345679 1.85185185185 0)
(8.02469135802 1.85185185185 0)
(8.14814814815 1.85185185185 0)
(8.27160493827 1.85185185185 0)
(8.3950617284 1.85185185185 0)
(8.51851851852 1.85185185185 0)
(8.64197530864 1.85185185185 0)
(8.76543209877 1.85185185185 0)
(8.88888888889 1.85185185185 0)
(9.01234567901 1.85185185185 0)
(9.13580246914 1.85185185185 0)
(9.25925925926 1.85185185185 0)
(9.38271604938 1.85185185185 0)
(9.50617283951 1.85185185185 0)
(9.62962962963 1.85185185185 0)
(9.75308641975 1.85185185185 0)
(9.87654320988 1.85185185185 0)
(10 1.85185185185 0)
(0 1.97530864198 0)
(0.123456790123 1.97530864198 0)
(0.246913580247 1.97530864198 0)
(0.37037037037 1.97530864198 0)
(0.493827160494 1.97530864198 0)
(0.617283950617 1.97530864198 0)
(0.740740740741 1.97530864198 0)
(0.864197530864 1.97530864198 0)
(0.987654320988 1.97530864198 0)
(1.11111111111 1.97530864198 0)
(1.23456790123 1.97530864198 0)
(1.35802469136 1.97530864198 0)
(1.48148148148 1.97530864198 0)
(1.6049382716 1.97530864198 0)
(1.72839506173 1.97530864198 0)
(1.85185185185 1.97530864198 0)
(1.97530864198 1.97530864198 0)
(2.0987654321 1.97530864198 0)
(2.22222222222 1.97530864198 0)
(2.34567901235 1.97530864198 0)
(2.46913580247 1.97530864198 0)
(2.59259259259 1.97530864198 0)
(2.71604938272 1.97530864198 0)
(2.83950617284 1.97530864198 0)
(2.96296296296 1.97530864198 0)
(3.08641975309 1.97530864198 0)
(3.20987654321 1.97530864198 0)
(3.33333333333 1.97530864198 0)
(3.45679012346 1.97530864198 0)
(3.58024691358 1.97530864198 0)
(3.7037037037 1.97530864198 0)
(3.82716049383 1.97530864198 0)
(3.95061728395 1.97530864198 0)
(4.07407407407 1.97530864198 0)
(4.1975308642 1.97530864198 0)
(4.32098765432 1.97530864198 0)
(4.44444444444 1.97530864198 0)
(4.56790123457 1.97530864198 0)
(4.69135802469 1.97530864198 0)
(4.81481481481 1.97530864198 0)
(4.93827160494 1.97530864198 0)
(5.06172839506 1.97530864198 0)
(5.18518518519 1.97530864198 0)
(5.30864197531 1.97530864198 0)
(5.43209876543 1.97530864198 0)
(5.55555555556 1.97530864198 0)
(5.67901234568 1.97530864198 0)
(5.8024691358 1.97530864198 0)
(5.92592592593 1.97530864198 0)
(6.04938271605 1.97530864198 0)
(6.17283950617 1.97530864198 0)
(6.2962962963 1.97530864198 0)
(6.41975308642 1.97530864198 0)
(6.54320987654 1.97530864198 0)
(6.66666666667 1.97530864198 0)
(6.79012345679 1.97530864198 0)
(6.91358024691 1.97530864198 0)
(7.03703703704 1.97530864198 0)
(7.16049382716 1.97530864198 0)
(7.28395061728 1.97530864198 0)
(7.40740740741 1.97530864198 0)
(7.53086419753 1.97530864198 0)
(7.65432098765 1.97530864198 0)
(7.77777777778 1.97530864198 0)
(7.9012345679 1.97530864198 0)
(8.02469135802 1.97530864198 0)
(8.14814814815 1.97530864198 0)
(8.27160493827 1.97530864198 0)
(8.3950617284 1.97530864198 0)
(8.51851851852 1.97530864198 0)
(8.64197530864 1.97530864198 0)
(8.76543209877 1.97530864198 0)
(8.88888888889 1.97530864198 0)
(9.01234567901 1.97530864198 0)
(9.13580246914 1.97530864198 0)
(9.25925925926 1.97530864198 0)
(9.38271604938 1.97530864198 0)
(9.50617283951 1.97530864198 0)
(9.62962962963 1.97530864198 0)
(9.75308641975 1.97530864198 0)
(9.87654320988 1.97530864198 0)
(10 1.97530864198 0)
(0 2.0987654321 0)
(0.123456790123 2.0987654321 0)
(0.246913580247 2.0987654321 0)
(0.37037037037 2.0987654321 0)
(0.493827160494 2.0987654321 0)
(0.617283950617 2.0987654321 0)
(0.740740740741 2.0987654321 0)
(0.864197530864 2.0987654321 0)
(0.987654320988 2.0987654321 0)
(1.11111111111 2.0987654321 0)
(1.23456790123 2.0987654321 0)
(1.35802469136 2.0987654321 0)
(1.48148148148 2.0987654321 0)
(1.6049382716 2.0987654321 0)
(1.72839506173 2.0987654321 0)
(1.85185185185 2.0987654321 0)
(1.97530864198 2.0987654321 0)
(2.0987654321 2.0987654321 0)
(2.22222222222 2.0987654321 0)
(2.34567901235 2.0987654321 0)
(2.46913580247 2.0987654321 0)
(2.59259259259 2.0987654321 0)
(2.71604938272 2.0987654321 0)
(2.83950617284 2.0987654321 0)
(2.96296296296 2.0987654321 0)
(3.08641975309 2.0987654321 0)
(3.20987654321 2.0987654321 0)
(3.33333333333 2.0987654321 0)
(3.45679012346 2.0987654321 0)
(3.58024691358 2.0987654321 0)
(3.7037037037 2.0987654321 0)
(3.82716049383 2.0987654321 0)
(3.95061728395 2.0987654321 0)
(4.07407407407 2.0987654321 0)
(4.1975308642 2.0987654321 0)
(4.32098765432 2.0987654321 0)
(4.44444444444 2.0987654321 0)
(4.56790123457 2.0987654321 0)
(4.69135802469 2.0987654321 0)
(4.81481481481 2.0987654321 0)
(4.93827160494 2.0987654321 0)
(5.06172839506 2.0987654321 0)
(5.18518518519 2.0987654321 0)
(5.30864197531 2.0987654321 0)
(5.43209876543 2.0987654321 0)
(5.55555555556 2.0987654321 0)
(5.67901234568 2.0987654321 0)
(5.8024691358 2.0987654321 0)
(5.92592592593 2.0987654321 0)
(6.04938271605 2.0987654321 0)
(6.17283950617 2.0987654321 0)
(6.2962962963 2.0987654321 0)
(6.41975308642 2.0987654321 0)
(6.54320987654 2.0987654321 0)
(6.66666666667 2.0987654321 0)
(6.79012345679 2.0987654321 0)
(6.91358024691 2.0987654321 0)
(7.03703703704 2.0987654321 0)
(7.16049382716 2.0987654321 0)
(7.28395061728 2.0987654321 0)
(7.40740740741 2.0987654321 0)
(7.53086419753 2.0987654321 0)
(7.65432098765 2.0987654321 0)
(7.77777777778 2.0987654321 0)
(7.9012345679 2.0987654321 0)
(8.02469135802 2.0987654321 0)
(8.14814814815 2.0987654321 0)
(8.27160493827 2.0987654321 0)
(8.3950617284 2.0987654321 0)
(8.51851851852 2.0987654321 0)
(8.64197530864 2.0987654321 0)
(8.76543209877 2.0987654321 0)
(8.88888888889 2.0987654321 0)
(9.01234567901 2.0987654321 0)
(9.13580246914 2.0987654321 0)
(9.25925925926 2.0987654321 0)
(9.38271604938 2.0987654321 0)
(9.50617283951 2.0987654321 0)
(9.62962962963 2.0987654321 0)
(9.75308641975 2.0987654321 0)
(9.87654320988 2.0987654321 0)
(10 2.0987654321 0)
(0 2.22222222222 0)
(0.123456790123 2.22222222222 0)
(0.246913580247 2.22222222222 0)
(0.37037037037 2.22222222222 0)
(0.493827160494 2.22222222222 0)
(0.617283950617 2.22222222222 0)
(0.740740740741 2.22222222222 0)
(0.864197530864 2.22222222222 0)
(0.987654320988 2.22222222222 0)
(1.11111111111 2.22222222222 0)
(1.23456790123 2.22222222222 0)
(1.35802469136 2.22222222222 0)
(1.48148148148 2.22222222222 0)
(1.6049382716 2.22222222222 0)
(1.72839506173 2.22222222222 0)
(1.85185185185 2.22222222222 0)
(1.97530864198 2.22222222222 0)
(2.0987654321 2.22222222222 0)
(2.22222222222 2.22222222222 0)
(2.34567901235 2.22222222222 0)
(2.46913580247 2.22222222222 0)
(2.59259259259 2.22222222222 0)
(2.71604938272 2.22222222222 0)
(2.83950617284 2.22222222222 0)
(2.96296296296 2.22222222222 0)
(3.08641975309 2.22222222222 0)
(3.20987654321 2.22222222222 0)
(3.33333333333 2.22222222222 0)
(3.45679012346 2.22222222222 0)
(3.58024691358 2.22222222222 0)
(3.7037037037 2.22222222222 0)
(3.82716049383 2.22222222222 0)
(3.95061728395 2.22222222222 0)
(4.07407407407 2.22222222222 0)
(4.1975308642 2.22222222222 0)
(4.32098765432 2.22222222222 0)
(4.44444444444 2.22222222222 0)
(4.56790123457 2.22222222222 0)
(4.69135802469 2.22222222222 0)
(4.81481481481 2.22222222222 0)
(4.93827160494 2.22222222222 0)
(5.06172839506 2.22222222222 0)
(5.18518518519 2.22222222222 0)
(5.30864197531 2.22222222222 0)
(5.43209876543 2.22222222222 0)
(5.55555555556 2.22222222222 0)
(5.67901234568 2.22222222222 0)
(5.8024691358 2.22222222222 0)
(5.92592592593 2.22222222222 0)
(6.04938271605 2.22222222222 0)
(6.17283950617 2.22222222222 0)
(6.2962962963 2.22222222222 0)
(6.41975308642 2.22222222222 0)
(6.54320987654 2.22222222222 0)
(6.66666666667 2.22222222222 0)
(6.79012345679 2.22222222222 0)
(6.91358024691 2.22222222222 0)
(7.03703703704 2.22222222222 0)
(7.16049382716 2.22222222222 0)
(7.28395061728 2.22222222222 0)
(7.40740740741 2.22222222222 0)
(7.53086419753 2.22222222222 0)
(7.65432098765 2.22222222222 0)
(7.77777777778 2.22222222222 0)
(7.9012345679 2.22222222222 0)
(8.02469135802 2.22222222222 0)
(8.14814814815 2.22222222222 0)
(8.27160493827 2.22222222222 0)
(8.3950617284 2.22222222222 0)
(8.51851851852 2.22222222222 0)
(8.64197530864 2.22222222222 0)
(8.76543209877 2.22222222222 0)
(8.88888888889 2.22222222222 0)
(9.01234567901 2.22222222222 0)
(9.13580246914 2.22222222222 0)
(9.25925925926 2.22222222222 0)
(9.38271604938 2.22222222222 0)
(9.50617283951 2.22222222222 0)
(9.62962962963 2.22222222222 0)
(9.75308641975 2.22222222222 0)
(9.87654320988 2.22222222222 0)
(10 2.22222222222 0)
(0 2.34567901235 0)
(0.123456790123 2.34567901235 0)
(0.246913580247 2.34567901235 0)
(0.37037037037 2.34567901235 0)
(0.493827160494 2.34567901235 0)
(0.617283950617 2.34567901235 0)
(0.740740740741 2.34567901235 0)
(0.864197530864 2.34567901235 0)
(0.987654320988 2.34567901235 0)
(1.11111111111 2.34567901235 0)
(1.23456790123 2.34567901235 0)
(1.35802469136 2.34567901235 0)
(1.48148148148 2.34567901235 0)
(1.6049382716 2.34567901235 0)
(1.72839506173 2.34567901235 0)
(1.85185185185 2.34567901235 0)
(1.97530864198 2.34567901235 0)
(2.0987654321 2.34567901235 0)
(2.22222222222 2.34567901235 0)
(2.34567901235 2.34567901235 0)
(2.46913580247 2.34567901235 0)
(2.59259259259 2.34567901235 0)
(2.71604938272 2.34567901235 0)
(2.83950617284 2.34567901235 0)
(2.96296296296 2.34567901235 0)
(3.08641975309 2.34567901235 0)
(3.20987654321 2.34567901235 0)
(3.33333333333 2.34567901235 0)
(3.45679012346 2.34567901235 0)
(3.58024691358 2.34567901235 0)
(3.7037037037 2.34567901235 0)
(3.82716049383 2.34567901235 0)
(3.95061728395 2.34567901235 0)
(4.07407407407 2.34567901235 0)
(4.1975308642 2.34567901235 0)
(4.32098765432 2.34567901235 0)
(4.44444444444 2.34567901235 0)
(4.56790123457 2.34567901235 0)
(4.69135802469 2.34567901235 0)
(4.81481481481 2.34567901235 0)
(4.93827160494 2.34567901235 0)
(5.06172839506 2.34567901235 0)
(5.18518518519 2.34567901235 0)
(5.30864197531 2.34567901235 0)
(5.43209876543 2.34567901235 0)
(5.55555555556 2.34567901235 0)
(5.67901234568 2.34567901235 0)
(5.8024691358 2.34567901235 0)
(5.92592592593 2.34567901235 0)
(6.04938271605 2.34567901235 0)
(6.17283950617 2.34567901235 0)
(6.2962962963 2.34567901235 0)
(6.41975308642 2.34567901235 0)
(6.54320987654 2.34567901235 0)
(6.66666666667 2.34567901235 0)
(6.79012345679 2.34567901235 0)
(6.91358024691 2.34567901235 0)
(7.03703703704 2.34567901235 0)
(7.16049382716 2.34567901235 0)
(7.28395061728 2.34567901235 0)
(7.40740740741 2.34567901235 0)
(7.53086419753 2.34567901235 0)
(7.65432098765 2.34567901235 0)
(7.77777777778 2.34567901235 0)
(7.9012345679 2.34567901235 0)
(8.02469135802 2.34567901235 0)
(8.14814814815 2.34567901235 0)
(8.27160493827 2.34567901235 0)
(8.3950617284 2.34567901235 0)
(8.51851851852 2.34567901235 0)
(8.64197530864 2.34567901235 0)
(8.76543209877 2.34567901235 0)
(8.88888888889 2.34567901235 0)
(9.01234567901 2.34567901235 0)
(9.13580246914 2.34567901235 0)
(9.25925925926 2.34567901235 0)
(9.38271604938 2.34567901235 0)
(9.50617283951 2.34567901235 0)
(9.62962962963 2.34567901235 0)
(9.75308641975 2.34567901235 0)
(9.87654320988 2.34567901235 0)
(10 2.34567901235 0)
(0 2.46913580247 0)
(0.123456790123 2.46913580247 0)
(0.246913580247 2.46913580247 0)
(0.37037037037 2.46913580247 0)
(0.493827160494 2.46913580247 0)
(0.617283950617 2.46913580247 0)
(0.740740740741 2.46913580247 0)
(0.864197530864 2.46913580247 0)
(0.987654320988 2.46913580247 0)
(1.11111111111 2.46913580247 0)
(1.23456790123 2.46913580247 0)
(1.35802469136 2.46913580247 0)
(1.48148148148 2.46913580247 0)
(1.6049382716 2.46913580247 0)
(1.72839506173 2.46913580247 0)
(1.85185185185 2.46913580247 0)
(1.97530864198 2.46913580247 0)
(2.0987654321 2.46913580247 0)
(2.22222222222 2.46913580247 0)
(2.34567901235 2.46913580247 0)
(2.46913580247 2.46913580247 0)
(2.59259259259 2.46913580247 0)
(2.71604938272 2.46913580247 0)
(2.83950617284 2.46913580247 0)
(2.96296296296 2.46913580247 0)
(3.08641975309 2.46913580247 0)
(3.20987654321 2.46913580247 0)
(3.33333333333 2.46913580247 0)
(3.45679012346 2.46913580247 0)
(3.58024691358 2.46913580247 0)
(3.7037037037 2.46913580247 0)
(3.82716049383 2.46913580247 0)
(3.95061728395 2.46913580247 0)
(4.07407407407 2.46913580247 0)
(4.1975308642 2.46913580247 0)
(4.32098765432 2.46913580247 0)
(4.44444444444 2.46913580247 0)
(4.56790123457 2.46913580247 0)
(4.69135802469 2.46913580247 0)
(4.81481481481 2.46913580247 0)
(4.93827160494 2.46913580247 0)
(5.06172839506 2.46913580247 0)
(5.18518518519 2.46913580247 0)
(5.30864197531 2.46913580247 0)
(5.43209876543 2.46913580247 0)
(5.55555555556 2.46913580247 0)
(5.67901234568 2.46913580247 0)
(5.8024691358 2.46913580247 0)
(5.92592592593 2.46913580247 0)
(6.04938271605 2.46913580247 0)
(6.17283950617 2.46913580247 0)
(6.2962962963 2.46913580247 0)
(6.41975308642 2.46913580247 0)
(6.54320987654 2.46913580247 0)
(6.66666666667 2.46913580247 0)
(6.79012345679 2.46913580247 0)
(6.91358024691 2.46913580247 0)
(7.03703703704 2.46913580247 0)
(7.16049382716 2.46913580247 0)
(7.28395061728 2.46913580247 0)
(7.40740740741 2.46913580247 0)
(7.53086419753 2.46913580247 0)
(7.65432098765 2.46913580247 0)
(7.77777777778 2.46913580247 0)
(7.9012345679 2.46913580247 0)
(8.02469135802 2.46913580247 0)
(8.14814814815 2.46913580247 0)
(8.27160493827 2.46913580247 0)
(8.3950617284 2.46913580247 0)
(8.51851851852 2.46913580247 0)
(8.64197530864 2.46913580247 0)
(8.76543209877 2.46913580247 0)
(8.88888888889 2.46913580247 0)
(9.01234567901 2.46913580247 0)
(9.13580246914 2.46913580247 0)
(9.25925925926 2.46913580247 0)
(9.38271604938 2.46913580247 0)
(9.50617283951 2.46913580247 0)
(9.62962962963 2.46913580247 0)
(9.75308641975 2.46913580247 0)
(9.87654320988 2.46913580247 0)
(10 2.46913580247 0)
(0 2.59259259259 0)
(0.123456790123 2.59259259259 0)
(0.246913580247 2.59259259259 0)
(0.37037037037 2.59259259259 0)
(0.493827160494 2.59259259259 0)
(0.617283950617 2.59259259259 0)
(0.740740740741 2.59259259259 0)
(0.864197530864 2.59259259259 0)
(0.987654320988 2.59259259259 0)
(1.11111111111 2.59259259259 0)
(1.23456790123 2.59259259259 0)
(1.35802469136 2.59259259259 0)
(1.48148148148 2.59259259259 0)
(1.6049382716 2.59259259259 0)
(1.72839506173 2.59259259259 0)
(1.85185185185 2.59259259259 0)
(1.97530864198 2.59259259259 0)
(2.0987654321 2.59259259259 0)
(2.22222222222 2.59259259259 0)
(2.34567901235 2.59259259259 0)
(2.46913580247 2.59259259259 0)
(2.59259259259 2.59259259259 0)
(2.71604938272 2.59259259259 0)
(2.83950617284 2.59259259259 0)
(2.96296296296 2.59259259259 0)
(3.08641975309 2.59259259259 0)
(3.20987654321 2.59259259259 0)
(3.33333333333 2.59259259259 0)
(3.45679012346 2.59259259259 0)
(3.58024691358 2.59259259259 0)
(3.7037037037 2.59259259259 0)
(3.82716049383 2.59259259259 0)
(3.95061728395 2.59259259259 0)
(4.07407407407 2.59259259259 0)
(4.1975308642 2.59259259259 0)
(4.32098765432 2.59259259259 0)
(4.44444444444 2.59259259259 0)
(4.56790123457 2.59259259259 0)
(4.69135802469 2.59259259259 0)
(4.81481481481 2.59259259259 0)
(4.93827160494 2.59259259259 0)
(5.06172839506 2.59259259259 0)
(5.18518518519 2.59259259259 0)
(5.30864197531 2.59259259259 0)
(5.43209876543 2.59259259259 0)
(5.55555555556 2.59259259259 0)
(5.67901234568 2.59259259259 0)
(5.8024691358 2.59259259259 0)
(5.92592592593 2.59259259259 0)
(6.04938271605 2.59259259259 0)
(6.17283950617 2.59259259259 0)
(6.2962962963 2.59259259259 0)
(6.41975308642 2.59259259259 0)
(6.54320987654 2.59259259259 0)
(6.66666666667 2.59259259259 0)
(6.79012345679 2.59259259259 0)
(6.91358024691 2.59259259259 0)
(7.03703703704 2.59259259259 0)
(7.16049382716 2.59259259259 0)
(7.28395061728 2.59259259259 0)
(7.40740740741 2.59259259259 0)
(7.53086419753 2.59259259259 0)
(7.65432098765 2.59259259259 0)
(7.77777777778 2.59259259259 0)
(7.9012345679 2.59259259259 0)
(8.02469135802 2.59259259259 0)
(8.14814814815 2.59259259259 0)
(8.27160493827 2.59259259259 0)
(8.3950617284 2.59259259259 0)
(8.51851851852 2.59259259259 0)
(8.64197530864 2.59259259259 0)
(8.76543209877 2.59259259259 0)
(8.88888888889 2.59259259259 0)
(9.01234567901 2.59259259259 0)
(9.13580246914 2.59259259259 0)
(9.25925925926 2.59259259259 0)
(9.38271604938 2.59259259259 0)
(9.50617283951 2.59259259259 0)
(9.62962962963 2.59259259259 0)
(9.75308641975 2.59259259259 0)
(9.87654320988 2.59259259259 0)
(10 2.59259259259 0)
(0 2.71604938272 0)
(0.123456790123 2.71604938272 0)
(0.246913580247 2.71604938272 0)
(0.37037037037 2.71604938272 0)
(0.493827160494 2.71604938272 0)
(0.617283950617 2.71604938272 0)
(0.740740740741 2.71604938272 0)
(0.864197530864 2.71604938272 0)
(0.987654320988 2.71604938272 0)
(1.11111111111 2.71604938272 0)
(1.23456790123 2.71604938272 0)
(1.35802469136 2.71604938272 0)
(1.48148148148 2.71604938272 0)
(1.6049382716 2.71604938272 0)
(1.72839506173 2.71604938272 0)
(1.85185185185 2.71604938272 0)
(1.97530864198 2.71604938272 0)
(2.0987654321 2.71604938272 0)
(2.22222222222 2.71604938272 0)
(2.34567901235 2.71604938272 0)
(2.46913580247 2.71604938272 0)
(2.59259259259 2.71604938272 0)
(2.71604938272 2.71604938272 0)
(2.83950617284 2.71604938272 0)
(2.96296296296 2.71604938272 0)
(3.08641975309 2.71604938272 0)
(3.20987654321 2.71604938272 0)
(3.33333333333 2.71604938272 0)
(3.45679012346 2.71604938272 0)
(3.58024691358 2.71604938272 0)
(3.7037037037 2.71604938272 0)
(3.82716049383 2.71604938272 0)
(3.95061728395 2.71604938272 0)
(4.07407407407 2.71604938272 0)
(4.1975308642 2.71604938272 0)
(4.32098765432 2.71604938272 0)
(4.44444444444 2.71604938272 0)
(4.56790123457 2.71604938272 0)
(4.69135802469 2.71604938272 0)
(4.81481481481 2.71604938272 0)
(4.93827160494 2.71604938272 0)
(5.06172839506 2.71604938272 0)
(5.18518518519 2.71604938272 0)
(5.30864197531 2.71604938272 0)
(5.43209876543 2.71604938272 0)
(5.55555555556 2.71604938272 0)
(5.67901234568 2.71604938272 0)
(5.8024691358 2.71604938272 0)
(5.92592592593 2.71604938272 0)
(6.04938271605 2.71604938272 0)
(6.17283950617 2.71604938272 0)
(6.2962962963 2.71604938272 0)
(6.41975308642 2.71604938272 0)
(6.54320987654 2.71604938272 0)
(6.66666666667 2.71604938272 0)
(6.79012345679 2.71604938272 0)
(6.91358024691 2.71604938272 0)
(7.03703703704 2.71604938272 0)
(7.16049382716 2.71604938272 0)
(7.28395061728 2.71604938272 0)
(7.40740740741 2.71604938272 0)
(7.53086419753 2.71604938272 0)
(7.65432098765 2.71604938272 0)
(7.77777777778 2.71604938272 0)
(7.9012345679 2.71604938272 0)
(8.02469135802 2.71604938272 0)
(8.14814814815 2.71604938272 0)
(8.27160493827 2.71604938272 0)
(8.3950617284 2.71604938272 0)
(8.51851851852 2.71604938272 0)
(8.64197530864 2.71604938272 0)
(8.76543209877 2.71604938272 0)
(8.88888888889 2.71604938272 0)
(9.01234567901 2.71604938272 0)
(9.13580246914 2.71604938272 0)
(9.25925925926 2.71604938272 0)
(9.38271604938 2.71604938272 0)
(9.50617283951 2.71604938272 0)
(9.62962962963 2.71604938272 0)
(9.75308641975 2.71604938272 0)
(9.87654320988 2.71604938272 0)
(10 2.71604938272 0)
(0 2.83950617284 0)
(0.123456790123 2.83950617284 0)
(0.246913580247 2.83950617284 0)
(0.37037037037 2.83950617284 0)
(0.493827160494 2.83950617284 0)
(0.617283950617 2.83950617284 0)
(0.740740740741 2.83950617284 0)
(0.864197530864 2.83950617284 0)
(0.987654320988 2.83950617284 0)
(1.11111111111 2.83950617284 0)
(1.23456790123 2.83950617284 0)
(1.35802469136 2.83950617284 0)
(1.48148148148 2.83950617284 0)
(1.6049382716 2.83950617284 0)
(1.72839506173 2.83950617284 0)
(1.85185185185 2.83950617284 0)
(1.97530864198 2.83950617284 0)
(2.0987654321 2.83950617284 0)
(2.22222222222 2.83950617284 0)
(2.34567901235 2.83950617284 0)
(2.46913580247 2.83950617284 0)
(2.59259259259 2.83950617284 0)
(2.71604938272 2.83950617284 0)
(2.83950617284 2.83950617284 0)
(2.96296296296 2.83950617284 0)
(3.08641975309 2.83950617284 0)
(3.20987654321 2.83950617284 0)
(3.33333333333 2.83950617284 0)
(3.45679012346 2.83950617284 0)
(3.58024691358 2.83950617284 0)
(3.7037037037 2.83950617284 0)
(3.82716049383 2.83950617284 0)
(3.95061728395 2.83950617284 0)
(4.07407407407 2.83950617284 0)
(4.1975308642 2.83950617284 0)
(4.32098765432 2.83950617284 0)
(4.44444444444 2.83950617284 0)
(4.56790123457 2.83950617284 0)
(4.69135802469 2.83950617284 0)
(4.81481481481 2.83950617284 0)
(4.93827160494 2.83950617284 0)
(5.06172839506 2.83950617284 0)
(5.18518518519 2.83950617284 0)
(5.30864197531 2.83950617284 0)
(5.43209876543 2.83950617284 0)
(5.55555555556 2.83950617284 0)
(5.67901234568 2.83950617284 0)
(5.8024691358 2.83950617284 0)
(5.92592592593 2.83950617284 0)
(6.04938271605 2.83950617284 0)
(6.17283950617 2.83950617284 0)
(6.2962962963 2.83950617284 0)
(6.41975308642 2.83950617284 0)
(6.54320987654 2.83950617284 0)
(6.66666666667 2.83950617284 0)
(6.79012345679 2.83950617284 0)
(6.91358024691 2.83950617284 0)
(7.03703703704 2.83950617284 0)
(7.16049382716 2.83950617284 0)
(7.28395061728 2.83950617284 0)
(7.40740740741 2.83950617284 0)
(7.53086419753 2.83950617284 0)
(7.65432098765 2.83950617284 0)
(7.77777777778 2.83950617284 0)
(7.9012345679 2.83950617284 0)
(8.02469135802 2.83950617284 0)
(8.14814814815 2.83950617284 0)
(8.27160493827 2.83950617284 0)
(8.3950617284 2.83950617284 0)
(8.51851851852 2.83950617284 0)
(8.64197530864 2.83950617284 0)
(8.76543209877 2.83950617284 0)
(8.88888888889 2.83950617284 0)
(9.01234567901 2.83950617284 0)
(9.13580246914 2.83950617284 0)
(9.25925925926 2.83950617284 0)
(9.38271604938 2.83950617284 0)
(9.50617283951 2.83950617284 0)
(9.62962962963 2.83950617284 0)
(9.75308641975 2.83950617284 0)
(9.87654320988 2.83950617284 0)
(10 2.83950617284 0)
(0 2.96296296296 0)
(0.123456790123 2.96296296296 0)
(0.246913580247 2.96296296296 0)
(0.37037037037 2.96296296296 0)
(0.493827160494 2.96296296296 0)
(0.617283950617 2.96296296296 0)
(0.740740740741 2.96296296296 0)
(0.864197530864 2.96296296296 0)
(0.987654320988 2.96296296296 0)
(1.11111111111 2.96296296296 0)
(1.23456790123 2.96296296296 0)
(1.35802469136 2.96296296296 0)
(1.48148148148 2.96296296296 0)
(1.6049382716 2.96296296296 0)
(1.72839506173 2.96296296296 0)
(1.85185185185 2.96296296296 0)
(1.97530864198 2.96296296296 0)
(2.0987654321 2.96296296296 0)
(2.22222222222 2.96296296296 0)
(2.34567901235 2.96296296296 0)
(2.46913580247 2.96296296296 0)
(2.59259259259 2.96296296296 0)
(2.71604938272 2.96296296296 0)
(2.83950617284 2.96296296296 0)
(2.96296296296 2.96296296296 0)
(3.08641975309 2.96296296296 0)
(3.20987654321 2.96296296296 0)
(3.33333333333 2.96296296296 0)
(3.45679012346 2.96296296296 0)
(3.58024691358 2.96296296296 0)
(3.7037037037 2.96296296296 0)
(3.82716049383 2.96296296296 0)
(3.95061728395 2.96296296296 0)
(4.07407407407 2.96296296296 0)
(4.1975308642 2.96296296296 0)
(4.32098765432 2.96296296296 0)
(4.44444444444 2.96296296296 0)
(4.56790123457 2.96296296296 0)
(4.69135802469 2.96296296296 0)
(4.81481481481 2.96296296296 0)
(4.93827160494 2.96296296296 0)
(5.06172839506 2.96296296296 0)
(5.18518518519 2.96296296296 0)
(5.30864197531 2.96296296296 0)
(5.43209876543 2.96296296296 0)
(5.55555555556 2.96296296296 0)
(5.67901234568 2.96296296296 0)
(5.8024691358 2.96296296296 0)
(5.92592592593 2.96296296296 0)
(6.04938271605 2.96296296296 0)
(6.17283950617 2.96296296296 0)
(6.2962962963 2.96296296296 0)
(6.41975308642 2.96296296296 0)
(6.54320987654 2.96296296296 0)
(6.66666666667 2.96296296296 0)
(6.79012345679 2.96296296296 0)
(6.91358024691 2.96296296296 0)
(7.03703703704 2.96296296296 0)
(7.16049382716 2.96296296296 0)
(7.28395061728 2.96296296296 0)
(7.40740740741 2.96296296296 0)
(7.53086419753 2.96296296296 0)
(7.65432098765 2.96296296296 0)
(7.77777777778 2.96296296296 0)
(7.9012345679 2.96296296296 0)
(8.02469135802 2.96296296296 0)
(8.14814814815 2.96296296296 0)
(8.27160493827 2.96296296296 0)
(8.3950617284 2.96296296296 0)
(8.51851851852 2.96296296296 0)
(8.64197530864 2.96296296296 0)
(8.76543209877 2.96296296296 0)
(8.88888888889 2.96296296296 0)
(9.01234567901 2.96296296296 0)
(9.13580246914 2.96296296296 0)
(9.25925925926 2.96296296296 0)
(9.38271604938 2.96296296296 0)
(9.50617283951 2.96296296296 0)
(9.62962962963 2.96296296296 0)
(9.75308641975 2.96296296296 0)
(9.87654320988 2.96296296296 0)
(10 2.96296296296 0)
(0 3.08641975309 0)
(0.123456790123 3.08641975309 0)
(0.246913580247 3.08641975309 0)
(0.37037037037 3.08641975309 0)
(0.493827160494 3.08641975309 0)
(0.617283950617 3.08641975309 0)
(0.740740740741 3.08641975309 0)
(0.864197530864 3.08641975309 0)
(0.987654320988 3.08641975309 0)
(1.11111111111 3.08641975309 0)
(1.23456790123 3.08641975309 0)
(1.35802469136 3.08641975309 0)
(1.48148148148 3.08641975309 0)
(1.6049382716 3.08641975309 0)
(1.72839506173 3.08641975309 0)
(1.85185185185 3.08641975309 0)
(1.97530864198 3.08641975309 0)
(2.0987654321 3.08641975309 0)
(2.22222222222 3.08641975309 0)
(2.34567901235 3.08641975309 0)
(2.46913580247 3.08641975309 0)
(2.59259259259 3.08641975309 0)
(2.71604938272 3.08641975309 0)
(2.83950617284 3.08641975309 0)
(2.96296296296 3.08641975309 0)
(3.08641975309 3.08641975309 0)
(3.20987654321 3.08641975309 0)
(3.33333333333 3.08641975309 0)
(3.45679012346 3.08641975309 0)
(3.58024691358 3.08641975309 0)
(3.7037037037 3.08641975309 0)
(3.82716049383 3.08641975309 0)
(3.95061728395 3.08641975309 0)
(4.07407407407 3.08641975309 0)
(4.1975308642 3.08641975309 0)
(4.32098765432 3.08641975309 0)
(4.44444444444 3.08641975309 0)
(4.56790123457 3.08641975309 0)
(4.69135802469 3.08641975309 0)
(4.81481481481 3.08641975309 0)
(4.93827160494 3.08641975309 0)
(5.06172839506 3.08641975309 0)
(5.18518518519 3.08641975309 0)
(5.30864197531 3.08641975309 0)
(5.43209876543 3.08641975309 0)
(5.55555555556 3.08641975309 0)
(5.67901234568 3.08641975309 0)
(5.8024691358 3.08641975309 0)
(5.92592592593 3.08641975309 0)
(6.04938271605 3.08641975309 0)
(6.17283950617 3.08641975309 0)
(6.2962962963 3.08641975309 0)
(6.41975308642 3.08641975309 0)
(6.54320987654 3.08641975309 0)
(6.66666666667 3.08641975309 0)
(6.79012345679 3.08641975309 0)
(6.91358024691 3.08641975309 0)
(7.03703703704 3.08641975309 0)
(7.16049382716 3.08641975309 0)
(7.28395061728 3.08641975309 0)
(7.40740740741 3.08641975309 0)
(7.53086419753 3.08641975309 0)
(7.65432098765 3.08641975309 0)
(7.77777777778 3.08641975309 0)
(7.9012345679 3.08641975309 0)
(8.02469135802 3.08641975309 0)
(8.14814814815 3.08641975309 0)
(8.27160493827 3.08641975309 0)
(8.3950617284 3.08641975309 0)
(8.51851851852 3.08641975309 0)
(8.64197530864 3.08641975309 0)
(8.76543209877 3.08641975309 0)
(8.88888888889 3.08641975309 0)
(9.01234567901 3.08641975309 0)
(9.13580246914 3.08641975309 0)
(9.25925925926 3.08641975309 0)
(9.38271604938 3.08641975309 0)
(9.50617283951 3.08641975309 0)
(9.62962962963 3.08641975309 0)
(9.75308641975 3.08641975309 0)
(9.87654320988 3.08641975309 0)
(10 3.08641975309 0)
(0 3.20987654321 0)
(0.123456790123 3.20987654321 0)
(0.246913580247 3.20987654321 0)
(0.37037037037 3.20987654321 0)
(0.493827160494 3.20987654321 0)
(0.617283950617 3.20987654321 0)
(0.740740740741 3.20987654321 0)
(0.864197530864 3.20987654321 0)
(0.987654320988 3.20987654321 0)
(1.11111111111 3.20987654321 0)
(1.23456790123 3.20987654321 0)
(1.35802469136 3.20987654321 0)
(1.48148148148 3.20987654321 0)
(1.6049382716 3.20987654321 0)
(1.72839506173 3.20987654321 0)
(1.85185185185 3.20987654321 0)
(1.97530864198 3.20987654321 0)
(2.0987654321 3.20987654321 0)
(2.22222222222 3.20987654321 0)
(2.34567901235 3.20987654321 0)
(2.46913580247 3.20987654321 0)
(2.59259259259 3.20987654321 0)
(2.71604938272 3.20987654321 0)
(2.83950617284 3.20987654321 0)
(2.96296296296 3.20987654321 0)
(3.08641975309 3.20987654321 0)
(3.20987654321 3.20987654321 0)
(3.33333333333 3.20987654321 0)
(3.45679012346 3.20987654321 0)
(3.58024691358 3.20987654321 0)
(3.7037037037 3.20987654321 0)
(3.82716049383 3.20987654321 0)
(3.95061728395 3.20987654321 0)
(4.07407407407 3.20987654321 0)
(4.1975308642 3.20987654321 0)
(4.32098765432 3.20987654321 0)
(4.44444444444 3.20987654321 0)
(4.56790123457 3.20987654321 0)
(4.69135802469 3.20987654321 0)
(4.81481481481 3.20987654321 0)
(4.93827160494 3.20987654321 0)
(5.06172839506 3.20987654321 0)
(5.18518518519 3.20987654321 0)
(5.30864197531 3.20987654321 0)
(5.43209876543 3.20987654321 0)
(5.55555555556 3.20987654321 0)
(5.67901234568 3.20987654321 0)
(5.8024691358 3.20987654321 0)
(5.92592592593 3.20987654321 0)
(6.04938271605 3.20987654321 0)
(6.17283950617 3.20987654321 0)
(6.2962962963 3.20987654321 0)
(6.41975308642 3.20987654321 0)
(6.54320987654 3.20987654321 0)
(6.66666666667 3.20987654321 0)
(6.79012345679 3.20987654321 0)
(6.91358024691 3.20987654321 0)
(7.03703703704 3.20987654321 0)
(7.16049382716 3.20987654321 0)
(7.28395061728 3.20987654321 0)
(7.40740740741 3.20987654321 0)
(7.53086419753 3.20987654321 0)
(7.65432098765 3.20987654321 0)
(7.77777777778 3.20987654321 0)
(7.9012345679 3.20987654321 0)
(8.02469135802 3.20987654321 0)
(8.14814814815 3.20987654321 0)
(8.27160493827 3.20987654321 0)
(8.3950617284 3.20987654321 0)
(8.51851851852 3.20987654321 0)
(8.64197530864 3.20987654321 0)
(8.76543209877 3.20987654321 0)
(8.88888888889 3.20987654321 0)
(9.01234567901 3.20987654321 0)
(9.13580246914 3.20987654321 0)
(9.25925925926 3.20987654321 0)
(9.38271604938 3.20987654321 0)
(9.50617283951 3.20987654321 0)
(9.62962962963 3.20987654321 0)
(9.75308641975 3.20987654321 0)
(9.87654320988 3.20987654321 0)
(10 3.20987654321 0)
(0 3.33333333333 0)
(0.123456790123 3.33333333333 0)
(0.246913580247 3.33333333333 0)
(0.37037037037 3.33333333333 0)
(0.493827160494 3.33333333333 0)
(0.617283950617 3.33333333333 0)
(0.740740740741 3.33333333333 0)
(0.864197530864 3.33333333333 0)
(0.987654320988 3.33333333333 0)
(1.11111111111 3.33333333333 0)
(1.23456790123 3.33333333333 0)
(1.35802469136 3.33333333333 0)
(1.48148148148 3.33333333333 0)
(1.6049382716 3.33333333333 0)
(1.72839506173 3.33333333333 0)
(1.85185185185 3.33333333333 0)
(1.97530864198 3.33333333333 0)
(2.0987654321 3.33333333333 0)
(2.22222222222 3.33333333333 0)
(2.34567901235 3.33333333333 0)
(2.46913580247 3.33333333333 0)
(2.59259259259 3.33333333333 0)
(2.71604938272 3.33333333333 0)
(2.83950617284 3.33333333333 0)
(2.96296296296 3.33333333333 0)
(3.08641975309 3.33333333333 0)
(3.20987654321 3.33333333333 0)
(3.33333333333 3.33333333333 0)
(3.45679012346 3.33333333333 0)
(3.58024691358 3.33333333333 0)
(3.7037037037 3.33333333333 0)
(3.82716049383 3.33333333333 0)
(3.95061728395 3.33333333333 0)
(4.07407407407 3.33333333333 0)
(4.1975308642 3.33333333333 0)
(4.32098765432 3.33333333333 0)
(4.44444444444 3.33333333333 0)
(4.56790123457 3.33333333333 0)
(4.69135802469 3.33333333333 0)
(4.81481481481 3.33333333333 0)
(4.93827160494 3.33333333333 0)
(5.06172839506 3.33333333333 0)
(5.18518518519 3.33333333333 0)
(5.30864197531 3.33333333333 0)
(5.43209876543 3.33333333333 0)
(5.55555555556 3.33333333333 0)
(5.67901234568 3.33333333333 0)
(5.8024691358 3.33333333333 0)
(5.92592592593 3.33333333333 0)
(6.04938271605 3.33333333333 0)
(6.17283950617 3.33333333333 0)
(6.2962962963 3.33333333333 0)
(6.41975308642 3.33333333333 0)
(6.54320987654 3.33333333333 0)
(6.66666666667 3.33333333333 0)
(6.79012345679 3.33333333333 0)
(6.91358024691 3.33333333333 0)
(7.03703703704 3.33333333333 0)
(7.16049382716 3.33333333333 0)
(7.28395061728 3.33333333333 0)
(7.40740740741 3.33333333333 0)
(7.53086419753 3.33333333333 0)
(7.65432098765 3.33333333333 0)
(7.77777777778 3.33333333333 0)
(7.9012345679 3.33333333333 0)
(8.02469135802 3.33333333333 0)
(8.14814814815 3.33333333333 0)
(8.27160493827 3.33333333333 0)
(8.3950617284 3.33333333333 0)
(8.51851851852 3.33333333333 0)
(8.64197530864 3.33333333333 0)
(8.76543209877 3.33333333333 0)
(8.88888888889 3.33333333333 0)
(9.01234567901 3.33333333333 0)
(9.13580246914 3.33333333333 0)
(9.25925925926 3.33333333333 0)
(9.38271604938 3.33333333333 0)
(9.50617283951 3.33333333333 0)
(9.62962962963 3.33333333333 0)
(9.75308641975 3.33333333333 0)
(9.87654320988 3.33333333333 0)
(10 3.33333333333 0)
(0 3.45679012346 0)
(0.123456790123 3.45679012346 0)
(0.246913580247 3.45679012346 0)
(0.37037037037 3.45679012346 0)
(0.493827160494 3.45679012346 0)
(0.617283950617 3.45679012346 0)
(0.740740740741 3.45679012346 0)
(0.864197530864 3.45679012346 0)
(0.987654320988 3.45679012346 0)
(1.11111111111 3.45679012346 0)
(1.23456790123 3.45679012346 0)
(1.35802469136 3.45679012346 0)
(1.48148148148 3.45679012346 0)
(1.6049382716 3.45679012346 0)
(1.72839506173 3.45679012346 0)
(1.85185185185 3.45679012346 0)
(1.97530864198 3.45679012346 0)
(2.0987654321 3.45679012346 0)
(2.22222222222 3.45679012346 0)
(2.34567901235 3.45679012346 0)
(2.46913580247 3.45679012346 0)
(2.59259259259 3.45679012346 0)
(2.71604938272 3.45679012346 0)
(2.83950617284 3.45679012346 0)
(2.96296296296 3.45679012346 0)
(3.08641975309 3.45679012346 0)
(3.20987654321 3.45679012346 0)
(3.33333333333 3.45679012346 0)
(3.45679012346 3.45679012346 0)
(3.58024691358 3.45679012346 0)
(3.7037037037 3.45679012346 0)
(3.82716049383 3.45679012346 0)
(3.95061728395 3.45679012346 0)
(4.07407407407 3.45679012346 0)
(4.1975308642 3.45679012346 0)
(4.32098765432 3.45679012346 0)
(4.44444444444 3.45679012346 0)
(4.56790123457 3.45679012346 0)
(4.69135802469 3.45679012346 0)
(4.81481481481 3.45679012346 0)
(4.93827160494 3.45679012346 0)
(5.06172839506 3.45679012346 0)
(5.18518518519 3.45679012346 0)
(5.30864197531 3.45679012346 0)
(5.43209876543 3.45679012346 0)
(5.55555555556 3.45679012346 0)
(5.67901234568 3.45679012346 0)
(5.8024691358 3.45679012346 0)
(5.92592592593 3.45679012346 0)
(6.04938271605 3.45679012346 0)
(6.17283950617 3.45679012346 0)
(6.2962962963 3.45679012346 0)
(6.41975308642 3.45679012346 0)
(6.54320987654 3.45679012346 0)
(6.66666666667 3.45679012346 0)
(6.79012345679 3.45679012346 0)
(6.91358024691 3.45679012346 0)
(7.03703703704 3.45679012346 0)
(7.16049382716 3.45679012346 0)
(7.28395061728 3.45679012346 0)
(7.40740740741 3.45679012346 0)
(7.53086419753 3.45679012346 0)
(7.65432098765 3.45679012346 0)
(7.77777777778 3.45679012346 0)
(7.9012345679 3.45679012346 0)
(8.02469135802 3.45679012346 0)
(8.14814814815 3.45679012346 0)
(8.27160493827 3.45679012346 0)
(8.3950617284 3.45679012346 0)
(8.51851851852 3.45679012346 0)
(8.64197530864 3.45679012346 0)
(8.76543209877 3.45679012346 0)
(8.88888888889 3.45679012346 0)
(9.01234567901 3.45679012346 0)
(9.13580246914 3.45679012346 0)
(9.25925925926 3.45679012346 0)
(9.38271604938 3.45679012346 0)
(9.50617283951 3.45679012346 0)
(9.62962962963 3.45679012346 0)
(9.75308641975 3.45679012346 0)
(9.87654320988 3.45679012346 0)
(10 3.45679012346 0)
(0 3.58024691358 0)
(0.123456790123 3.58024691358 0)
(0.246913580247 3.58024691358 0)
(0.37037037037 3.58024691358 0)
(0.493827160494 3.58024691358 0)
(0.617283950617 3.58024691358 0)
(0.740740740741 3.58024691358 0)
(0.864197530864 3.58024691358 0)
(0.987654320988 3.58024691358 0)
(1.11111111111 3.58024691358 0)
(1.23456790123 3.58024691358 0)
(1.35802469136 3.58024691358 0)
(1.48148148148 3.58024691358 0)
(1.6049382716 3.58024691358 0)
(1.72839506173 3.58024691358 0)
(1.85185185185 3.58024691358 0)
(1.97530864198 3.58024691358 0)
(2.0987654321 3.58024691358 0)
(2.22222222222 3.58024691358 0)
(2.34567901235 3.58024691358 0)
(2.46913580247 3.58024691358 0)
(2.59259259259 3.58024691358 0)
(2.71604938272 3.58024691358 0)
(2.83950617284 3.58024691358 0)
(2.96296296296 3.58024691358 0)
(3.08641975309 3.58024691358 0)
(3.20987654321 3.58024691358 0)
(3.33333333333 3.58024691358 0)
(3.45679012346 3.58024691358 0)
(3.58024691358 3.58024691358 0)
(3.7037037037 3.58024691358 0)
(3.82716049383 3.58024691358 0)
(3.95061728395 3.58024691358 0)
(4.07407407407 3.58024691358 0)
(4.1975308642 3.58024691358 0)
(4.32098765432 3.58024691358 0)
(4.44444444444 3.58024691358 0)
(4.56790123457 3.58024691358 0)
(4.69135802469 3.58024691358 0)
(4.81481481481 3.58024691358 0)
(4.93827160494 3.58024691358 0)
(5.06172839506 3.58024691358 0)
(5.18518518519 3.58024691358 0)
(5.30864197531 3.58024691358 0)
(5.43209876543 3.58024691358 0)
(5.55555555556 3.58024691358 0)
(5.67901234568 3.58024691358 0)
(5.8024691358 3.58024691358 0)
(5.92592592593 3.58024691358 0)
(6.04938271605 3.58024691358 0)
(6.17283950617 3.58024691358 0)
(6.2962962963 3.58024691358 0)
(6.41975308642 3.58024691358 0)
(6.54320987654 3.58024691358 0)
(6.66666666667 3.58024691358 0)
(6.79012345679 3.58024691358 0)
(6.91358024691 3.58024691358 0)
(7.03703703704 3.58024691358 0)
(7.16049382716 3.58024691358 0)
(7.28395061728 3.58024691358 0)
(7.40740740741 3.58024691358 0)
(7.53086419753 3.58024691358 0)
(7.65432098765 3.58024691358 0)
(7.77777777778 3.58024691358 0)
(7.9012345679 3.58024691358 0)
(8.02469135802 3.58024691358 0)
(8.14814814815 3.58024691358 0)
(8.27160493827 3.58024691358 0)
(8.3950617284 3.58024691358 0)
(8.51851851852 3.58024691358 0)
(8.64197530864 3.58024691358 0)
(8.76543209877 3.58024691358 0)
(8.88888888889 3.58024691358 0)
(9.01234567901 3.58024691358 0)
(9.13580246914 3.58024691358 0)
(9.25925925926 3.58024691358 0)
(9.38271604938 3.58024691358 0)
(9.50617283951 3.58024691358 0)
(9.62962962963 3.58024691358 0)
(9.75308641975 3.58024691358 0)
(9.87654320988 3.58024691358 0)
(10 3.58024691358 0)
(0 3.7037037037 0)
(0.123456790123 3.7037037037 0)
(0.246913580247 3.7037037037 0)
(0.37037037037 3.7037037037 0)
(0.493827160494 3.7037037037 0)
(0.617283950617 3.7037037037 0)
(0.740740740741 3.7037037037 0)
(0.864197530864 3.7037037037 0)
(0.987654320988 3.7037037037 0)
(1.11111111111 3.7037037037 0)
(1.23456790123 3.7037037037 0)
(1.35802469136 3.7037037037 0)
(1.48148148148 3.7037037037 0)
(1.6049382716 3.7037037037 0)
(1.72839506173 3.7037037037 0)
(1.85185185185 3.7037037037 0)
(1.97530864198 3.7037037037 0)
(2.0987654321 3.7037037037 0)
(2.22222222222 3.7037037037 0)
(2.34567901235 3.7037037037 0)
(2.46913580247 3.7037037037 0)
(2.59259259259 3.7037037037 0)
(2.71604938272 3.7037037037 0)
(2.83950617284 3.7037037037 0)
(2.96296296296 3.7037037037 0)
(3.08641975309 3.7037037037 0)
(3.20987654321 3.7037037037 0)
(3.33333333333 3.7037037037 0)
(3.45679012346 3.7037037037 0)
(3.58024691358 3.7037037037 0)
(3.7037037037 3.7037037037 0)
(3.82716049383 3.7037037037 0)
(3.95061728395 3.7037037037 0)
(4.07407407407 3.7037037037 0)
(4.1975308642 3.7037037037 0)
(4.32098765432 3.7037037037 0)
(4.44444444444 3.7037037037 0)
(4.56790123457 3.7037037037 0)
(4.69135802469 3.7037037037 0)
(4.81481481481 3.7037037037 0)
(4.93827160494 3.7037037037 0)
(5.06172839506 3.7037037037 0)
(5.18518518519 3.7037037037 0)
(5.30864197531 3.7037037037 0)
(5.43209876543 3.7037037037 0)
(5.55555555556 3.7037037037 0)
(5.67901234568 3.7037037037 0)
(5.8024691358 3.7037037037 0)
(5.92592592593 3.7037037037 0)
(6.04938271605 3.7037037037 0)
(6.17283950617 3.7037037037 0)
(6.2962962963 3.7037037037 0)
(6.41975308642 3.7037037037 0)
(6.54320987654 3.7037037037 0)
(6.66666666667 3.7037037037 0)
(6.79012345679 3.7037037037 0)
(6.91358024691 3.7037037037 0)
(7.03703703704 3.7037037037 0)
(7.16049382716 3.7037037037 0)
(7.28395061728 3.7037037037 0)
(7.40740740741 3.7037037037 0)
(7.53086419753 3.7037037037 0)
(7.65432098765 3.7037037037 0)
(7.77777777778 3.7037037037 0)
(7.9012345679 3.7037037037 0)
(8.02469135802 3.7037037037 0)
(8.14814814815 3.7037037037 0)
(8.27160493827 3.7037037037 0)
(8.3950617284 3.7037037037 0)
(8.51851851852 3.7037037037 0)
(8.64197530864 3.7037037037 0)
(8.76543209877 3.7037037037 0)
(8.88888888889 3.7037037037 0)
(9.01234567901 3.7037037037 0)
(9.13580246914 3.7037037037 0)
(9.25925925926 3.7037037037 0)
(9.38271604938 3.7037037037 0)
(9.50617283951 3.7037037037 0)
(9.62962962963 3.7037037037 0)
(9.75308641975 3.7037037037 0)
(9.87654320988 3.7037037037 0)
(10 3.7037037037 0)
(0 3.82716049383 0)
(0.123456790123 3.82716049383 0)
(0.246913580247 3.82716049383 0)
(0.37037037037 3.82716049383 0)
(0.493827160494 3.82716049383 0)
(0.617283950617 3.82716049383 0)
(0.740740740741 3.82716049383 0)
(0.864197530864 3.82716049383 0)
(0.987654320988 3.82716049383 0)
(1.11111111111 3.82716049383 0)
(1.23456790123 3.82716049383 0)
(1.35802469136 3.82716049383 0)
(1.48148148148 3.82716049383 0)
(1.6049382716 3.82716049383 0)
(1.72839506173 3.82716049383 0)
(1.85185185185 3.82716049383 0)
(1.97530864198 3.82716049383 0)
(2.0987654321 3.82716049383 0)
(2.22222222222 3.82716049383 0)
(2.34567901235 3.82716049383 0)
(2.46913580247 3.82716049383 0)
(2.59259259259 3.82716049383 0)
(2.71604938272 3.82716049383 0)
(2.83950617284 3.82716049383 0)
(2.96296296296 3.82716049383 0)
(3.08641975309 3.82716049383 0)
(3.20987654321 3.82716049383 0)
(3.33333333333 3.82716049383 0)
(3.45679012346 3.82716049383 0)
(3.58024691358 3.82716049383 0)
(3.7037037037 3.82716049383 0)
(3.82716049383 3.82716049383 0)
(3.95061728395 3.82716049383 0)
(4.07407407407 3.82716049383 0)
(4.1975308642 3.82716049383 0)
(4.32098765432 3.82716049383 0)
(4.44444444444 3.82716049383 0)
(4.56790123457 3.82716049383 0)
(4.69135802469 3.82716049383 0)
(4.81481481481 3.82716049383 0)
(4.93827160494 3.82716049383 0)
(5.06172839506 3.82716049383 0)
(5.18518518519 3.82716049383 0)
(5.30864197531 3.82716049383 0)
(5.43209876543 3.82716049383 0)
(5.55555555556 3.82716049383 0)
(5.67901234568 3.82716049383 0)
(5.8024691358 3.82716049383 0)
(5.92592592593 3.82716049383 0)
(6.04938271605 3.82716049383 0)
(6.17283950617 3.82716049383 0)
(6.2962962963 3.82716049383 0)
(6.41975308642 3.82716049383 0)
(6.54320987654 3.82716049383 0)
(6.66666666667 3.82716049383 0)
(6.79012345679 3.82716049383 0)
(6.91358024691 3.82716049383 0)
(7.03703703704 3.82716049383 0)
(7.16049382716 3.82716049383 0)
(7.28395061728 3.82716049383 0)
(7.40740740741 3.82716049383 0)
(7.53086419753 3.82716049383 0)
(7.65432098765 3.82716049383 0)
(7.77777777778 3.82716049383 0)
(7.9012345679 3.82716049383 0)
(8.02469135802 3.82716049383 0)
(8.14814814815 3.82716049383 0)
(8.27160493827 3.82716049383 0)
(8.3950617284 3.82716049383 0)
(8.51851851852 3.82716049383 0)
(8.64197530864 3.82716049383 0)
(8.76543209877 3.82716049383 0)
(8.88888888889 3.82716049383 0)
(9.01234567901 3.82716049383 0)
(9.13580246914 3.82716049383 0)
(9.25925925926 3.82716049383 0)
(9.38271604938 3.82716049383 0)
(9.50617283951 3.82716049383 0)
(9.62962962963 3.82716049383 0)
(9.75308641975 3.82716049383 0)
(9.87654320988 3.82716049383 0)
(10 3.82716049383 0)
(0 3.95061728395 0)
(0.123456790123 3.95061728395 0)
(0.246913580247 3.95061728395 0)
(0.37037037037 3.95061728395 0)
(0.493827160494 3.95061728395 0)
(0.617283950617 3.95061728395 0)
(0.740740740741 3.95061728395 0)
(0.864197530864 3.95061728395 0)
(0.987654320988 3.95061728395 0)
(1.11111111111 3.95061728395 0)
(1.23456790123 3.95061728395 0)
(1.35802469136 3.95061728395 0)
(1.48148148148 3.95061728395 0)
(1.6049382716 3.95061728395 0)
(1.72839506173 3.95061728395 0)
(1.85185185185 3.95061728395 0)
(1.97530864198 3.95061728395 0)
(2.0987654321 3.95061728395 0)
(2.22222222222 3.95061728395 0)
(2.34567901235 3.95061728395 0)
(2.46913580247 3.95061728395 0)
(2.59259259259 3.95061728395 0)
(2.71604938272 3.95061728395 0)
(2.83950617284 3.95061728395 0)
(2.96296296296 3.95061728395 0)
(3.08641975309 3.95061728395 0)
(3.20987654321 3.95061728395 0)
(3.33333333333 3.95061728395 0)
(3.45679012346 3.95061728395 0)
(3.58024691358 3.95061728395 0)
(3.7037037037 3.95061728395 0)
(3.82716049383 3.95061728395 0)
(3.95061728395 3.95061728395 0)
(4.07407407407 3.95061728395 0)
(4.1975308642 3.95061728395 0)
(4.32098765432 3.95061728395 0)
(4.44444444444 3.95061728395 0)
(4.56790123457 3.95061728395 0)
(4.69135802469 3.95061728395 0)
(4.81481481481 3.95061728395 0)
(4.93827160494 3.95061728395 0)
(5.06172839506 3.95061728395 0)
(5.18518518519 3.95061728395 0)
(5.30864197531 3.95061728395 0)
(5.43209876543 3.95061728395 0)
(5.55555555556 3.95061728395 0)
(5.67901234568 3.95061728395 0)
(5.8024691358 3.95061728395 0)
(5.92592592593 3.95061728395 0)
(6.04938271605 3.95061728395 0)
(6.17283950617 3.95061728395 0)
(6.2962962963 3.95061728395 0)
(6.41975308642 3.95061728395 0)
(6.54320987654 3.95061728395 0)
(6.66666666667 3.95061728395 0)
(6.79012345679 3.95061728395 0)
(6.91358024691 3.95061728395 0)
(7.03703703704 3.95061728395 0)
(7.16049382716 3.95061728395 0)
(7.28395061728 3.95061728395 0)
(7.40740740741 3.95061728395 0)
(7.53086419753 3.95061728395 0)
(7.65432098765 3.95061728395 0)
(7.77777777778 3.95061728395 0)
(7.9012345679 3.95061728395 0)
(8.02469135802 3.95061728395 0)
(8.14814814815 3.95061728395 0)
(8.27160493827 3.95061728395 0)
(8.3950617284 3.95061728395 0)
(8.51851851852 3.95061728395 0)
(8.64197530864 3.95061728395 0)
(8.76543209877 3.95061728395 0)
(8.88888888889 3.95061728395 0)
(9.01234567901 3.95061728395 0)
(9.13580246914 3.95061728395 0)
(9.25925925926 3.95061728395 0)
(9.38271604938 3.95061728395 0)
(9.50617283951 3.95061728395 0)
(9.62962962963 3.95061728395 0)
(9.75308641975 3.95061728395 0)
(9.87654320988 3.95061728395 0)
(10 3.95061728395 0)
(0 4.07407407407 0)
(0.123456790123 4.07407407407 0)
(0.246913580247 4.07407407407 0)
(0.37037037037 4.07407407407 0)
(0.493827160494 4.07407407407 0)
(0.617283950617 4.07407407407 0)
(0.740740740741 4.07407407407 0)
(0.864197530864 4.07407407407 0)
(0.987654320988 4.07407407407 0)
(1.11111111111 4.07407407407 0)
(1.23456790123 4.07407407407 0)
(1.35802469136 4.07407407407 0)
(1.48148148148 4.07407407407 0)
(1.6049382716 4.07407407407 0)
(1.72839506173 4.07407407407 0)
(1.85185185185 4.07407407407 0)
(1.97530864198 4.07407407407 0)
(2.0987654321 4.07407407407 0)
(2.22222222222 4.07407407407 0)
(2.34567901235 4.07407407407 0)
(2.46913580247 4.07407407407 0)
(2.59259259259 4.07407407407 0)
(2.71604938272 4.07407407407 0)
(2.83950617284 4.07407407407 0)
(2.96296296296 4.07407407407 0)
(3.08641975309 4.07407407407 0)
(3.20987654321 4.07407407407 0)
(3.33333333333 4.07407407407 0)
(3.45679012346 4.07407407407 0)
(3.58024691358 4.07407407407 0)
(3.7037037037 4.07407407407 0)
(3.82716049383 4.07407407407 0)
(3.95061728395 4.07407407407 0)
(4.07407407407 4.07407407407 0)
(4.1975308642 4.07407407407 0)
(4.32098765432 4.07407407407 0)
(4.44444444444 4.07407407407 0)
(4.56790123457 4.07407407407 0)
(4.69135802469 4.07407407407 0)
(4.81481481481 4.07407407407 0)
(4.93827160494 4.07407407407 0)
(5.06172839506 4.07407407407 0)
(5.18518518519 4.07407407407 0)
(5.30864197531 4.07407407407 0)
(5.43209876543 4.07407407407 0)
(5.55555555556 4.07407407407 0)
(5.67901234568 4.07407407407 0)
(5.8024691358 4.07407407407 0)
(5.92592592593 4.07407407407 0)
(6.04938271605 4.07407407407 0)
(6.17283950617 4.07407407407 0)
(6.2962962963 4.07407407407 0)
(6.41975308642 4.07407407407 0)
(6.54320987654 4.07407407407 0)
(6.66666666667 4.07407407407 0)
(6.79012345679 4.07407407407 0)
(6.91358024691 4.07407407407 0)
(7.03703703704 4.07407407407 0)
(7.16049382716 4.07407407407 0)
(7.28395061728 4.07407407407 0)
(7.40740740741 4.07407407407 0)
(7.53086419753 4.07407407407 0)
(7.65432098765 4.07407407407 0)
(7.77777777778 4.07407407407 0)
(7.9012345679 4.07407407407 0)
(8.02469135802 4.07407407407 0)
(8.14814814815 4.07407407407 0)
(8.27160493827 4.07407407407 0)
(8.3950617284 4.07407407407 0)
(8.51851851852 4.07407407407 0)
(8.64197530864 4.07407407407 0)
(8.76543209877 4.07407407407 0)
(8.88888888889 4.07407407407 0)
(9.01234567901 4.07407407407 0)
(9.13580246914 4.07407407407 0)
(9.25925925926 4.07407407407 0)
(9.38271604938 4.07407407407 0)
(9.50617283951 4.07407407407 0)
(9.62962962963 4.07407407407 0)
(9.75308641975 4.07407407407 0)
(9.87654320988 4.07407407407 0)
(10 4.07407407407 0)
(0 4.1975308642 0)
(0.123456790123 4.1975308642 0)
(0.246913580247 4.1975308642 0)
(0.37037037037 4.1975308642 0)
(0.493827160494 4.1975308642 0)
(0.617283950617 4.1975308642 0)
(0.740740740741 4.1975308642 0)
(0.864197530864 4.1975308642 0)
(0.987654320988 4.1975308642 0)
(1.11111111111 4.1975308642 0)
(1.23456790123 4.1975308642 0)
(1.35802469136 4.1975308642 0)
(1.48148148148 4.1975308642 0)
(1.6049382716 4.1975308642 0)
(1.72839506173 4.1975308642 0)
(1.85185185185 4.1975308642 0)
(1.97530864198 4.1975308642 0)
(2.0987654321 4.1975308642 0)
(2.22222222222 4.1975308642 0)
(2.34567901235 4.1975308642 0)
(2.46913580247 4.1975308642 0)
(2.59259259259 4.1975308642 0)
(2.71604938272 4.1975308642 0)
(2.83950617284 4.1975308642 0)
(2.96296296296 4.1975308642 0)
(3.08641975309 4.1975308642 0)
(3.20987654321 4.1975308642 0)
(3.33333333333 4.1975308642 0)
(3.45679012346 4.1975308642 0)
(3.58024691358 4.1975308642 0)
(3.7037037037 4.1975308642 0)
(3.82716049383 4.1975308642 0)
(3.95061728395 4.1975308642 0)
(4.07407407407 4.1975308642 0)
(4.1975308642 4.1975308642 0)
(4.32098765432 4.1975308642 0)
(4.44444444444 4.1975308642 0)
(4.56790123457 4.1975308642 0)
(4.69135802469 4.1975308642 0)
(4.81481481481 4.1975308642 0)
(4.93827160494 4.1975308642 0)
(5.06172839506 4.1975308642 0)
(5.18518518519 4.1975308642 0)
(5.30864197531 4.1975308642 0)
(5.43209876543 4.1975308642 0)
(5.55555555556 4.1975308642 0)
(5.67901234568 4.1975308642 0)
(5.8024691358 4.1975308642 0)
(5.92592592593 4.1975308642 0)
(6.04938271605 4.1975308642 0)
(6.17283950617 4.1975308642 0)
(6.2962962963 4.1975308642 0)
(6.41975308642 4.1975308642 0)
(6.54320987654 4.1975308642 0)
(6.66666666667 4.1975308642 0)
(6.79012345679 4.1975308642 0)
(6.91358024691 4.1975308642 0)
(7.03703703704 4.1975308642 0)
(7.16049382716 4.1975308642 0)
(7.28395061728 4.1975308642 0)
(7.40740740741 4.1975308642 0)
(7.53086419753 4.1975308642 0)
(7.65432098765 4.1975308642 0)
(7.77777777778 4.1975308642 0)
(7.9012345679 4.1975308642 0)
(8.02469135802 4.1975308642 0)
(8.14814814815 4.1975308642 0)
(8.27160493827 4.1975308642 0)
(8.3950617284 4.1975308642 0)
(8.51851851852 4.1975308642 0)
(8.64197530864 4.1975308642 0)
(8.76543209877 4.1975308642 0)
(8.88888888889 4.1975308642 0)
(9.01234567901 4.1975308642 0)
(9.13580246914 4.1975308642 0)
(9.25925925926 4.1975308642 0)
(9.38271604938 4.1975308642 0)
(9.50617283951 4.1975308642 0)
(9.62962962963 4.1975308642 0)
(9.75308641975 4.1975308642 0)
(9.87654320988 4.1975308642 0)
(10 4.1975308642 0)
(0 4.32098765432 0)
(0.123456790123 4.32098765432 0)
(0.246913580247 4.32098765432 0)
(0.37037037037 4.32098765432 0)
(0.493827160494 4.32098765432 0)
(0.617283950617 4.32098765432 0)
(0.740740740741 4.32098765432 0)
(0.864197530864 4.32098765432 0)
(0.987654320988 4.32098765432 0)
(1.11111111111 4.32098765432 0)
(1.23456790123 4.32098765432 0)
(1.35802469136 4.32098765432 0)
(1.48148148148 4.32098765432 0)
(1.6049382716 4.32098765432 0)
(1.72839506173 4.32098765432 0)
(1.85185185185 4.32098765432 0)
(1.97530864198 4.32098765432 0)
(2.0987654321 4.32098765432 0)
(2.22222222222 4.32098765432 0)
(2.34567901235 4.32098765432 0)
(2.46913580247 4.32098765432 0)
(2.59259259259 4.32098765432 0)
(2.71604938272 4.32098765432 0)
(2.83950617284 4.32098765432 0)
(2.96296296296 4.32098765432 0)
(3.08641975309 4.32098765432 0)
(3.20987654321 4.32098765432 0)
(3.33333333333 4.32098765432 0)
(3.45679012346 4.32098765432 0)
(3.58024691358 4.32098765432 0)
(3.7037037037 4.32098765432 0)
(3.82716049383 4.32098765432 0)
(3.95061728395 4.32098765432 0)
(4.07407407407 4.32098765432 0)
(4.1975308642 4.32098765432 0)
(4.32098765432 4.32098765432 0)
(4.44444444444 4.32098765432 0)
(4.56790123457 4.32098765432 0)
(4.69135802469 4.32098765432 0)
(4.81481481481 4.32098765432 0)
(4.93827160494 4.32098765432 0)
(5.06172839506 4.32098765432 0)
(5.18518518519 4.32098765432 0)
(5.30864197531 4.32098765432 0)
(5.43209876543 4.32098765432 0)
(5.55555555556 4.32098765432 0)
(5.67901234568 4.32098765432 0)
(5.8024691358 4.32098765432 0)
(5.92592592593 4.32098765432 0)
(6.04938271605 4.32098765432 0)
(6.17283950617 4.32098765432 0)
(6.2962962963 4.32098765432 0)
(6.41975308642 4.32098765432 0)
(6.54320987654 4.32098765432 0)
(6.66666666667 4.32098765432 0)
(6.79012345679 4.32098765432 0)
(6.91358024691 4.32098765432 0)
(7.03703703704 4.32098765432 0)
(7.16049382716 4.32098765432 0)
(7.28395061728 4.32098765432 0)
(7.40740740741 4.32098765432 0)
(7.53086419753 4.32098765432 0)
(7.65432098765 4.32098765432 0)
(7.77777777778 4.32098765432 0)
(7.9012345679 4.32098765432 0)
(8.02469135802 4.32098765432 0)
(8.14814814815 4.32098765432 0)
(8.27160493827 4.32098765432 0)
(8.3950617284 4.32098765432 0)
(8.51851851852 4.32098765432 0)
(8.64197530864 4.32098765432 0)
(8.76543209877 4.32098765432 0)
(8.88888888889 4.32098765432 0)
(9.01234567901 4.32098765432 0)
(9.13580246914 4.32098765432 0)
(9.25925925926 4.32098765432 0)
(9.38271604938 4.32098765432 0)
(9.50617283951 4.32098765432 0)
(9.62962962963 4.32098765432 0)
(9.75308641975 4.32098765432 0)
(9.87654320988 4.32098765432 0)
(10 4.32098765432 0)
(0 4.44444444444 0)
(0.123456790123 4.44444444444 0)
(0.246913580247 4.44444444444 0)
(0.37037037037 4.44444444444 0)
(0.493827160494 4.44444444444 0)
(0.617283950617 4.44444444444 0)
(0.740740740741 4.44444444444 0)
(0.864197530864 4.44444444444 0)
(0.987654320988 4.44444444444 0)
(1.11111111111 4.44444444444 0)
(1.23456790123 4.44444444444 0)
(1.35802469136 4.44444444444 0)
(1.48148148148 4.44444444444 0)
(1.6049382716 4.44444444444 0)
(1.72839506173 4.44444444444 0)
(1.85185185185 4.44444444444 0)
(1.97530864198 4.44444444444 0)
(2.0987654321 4.44444444444 0)
(2.22222222222 4.44444444444 0)
(2.34567901235 4.44444444444 0)
(2.46913580247 4.44444444444 0)
(2.59259259259 4.44444444444 0)
(2.71604938272 4.44444444444 0)
(2.83950617284 4.44444444444 0)
(2.96296296296 4.44444444444 0)
(3.08641975309 4.44444444444 0)
(3.20987654321 4.44444444444 0)
(3.33333333333 4.44444444444 0)
(3.45679012346 4.44444444444 0)
(3.58024691358 4.44444444444 0)
(3.7037037037 4.44444444444 0)
(3.82716049383 4.44444444444 0)
(3.95061728395 4.44444444444 0)
(4.07407407407 4.44444444444 0)
(4.1975308642 4.44444444444 0)
(4.32098765432 4.44444444444 0)
(4.44444444444 4.44444444444 0)
(4.56790123457 4.44444444444 0)
(4.69135802469 4.44444444444 0)
(4.81481481481 4.44444444444 0)
(4.93827160494 4.44444444444 0)
(5.06172839506 4.44444444444 0)
(5.18518518519 4.44444444444 0)
(5.30864197531 4.44444444444 0)
(5.43209876543 4.44444444444 0)
(5.55555555556 4.44444444444 0)
(5.67901234568 4.44444444444 0)
(5.8024691358 4.44444444444 0)
(5.92592592593 4.44444444444 0)
(6.04938271605 4.44444444444 0)
(6.17283950617 4.44444444444 0)
(6.2962962963 4.44444444444 0)
(6.41975308642 4.44444444444 0)
(6.54320987654 4.44444444444 0)
(6.66666666667 4.44444444444 0)
(6.79012345679 4.44444444444 0)
(6.91358024691 4.44444444444 0)
(7.03703703704 4.44444444444 0)
(7.16049382716 4.44444444444 0)
(7.28395061728 4.44444444444 0)
(7.40740740741 4.44444444444 0)
(7.53086419753 4.44444444444 0)
(7.65432098765 4.44444444444 0)
(7.77777777778 4.44444444444 0)
(7.9012345679 4.44444444444 0)
(8.02469135802 4.44444444444 0)
(8.14814814815 4.44444444444 0)
(8.27160493827 4.44444444444 0)
(8.3950617284 4.44444444444 0)
(8.51851851852 4.44444444444 0)
(8.64197530864 4.44444444444 0)
(8.76543209877 4.44444444444 0)
(8.88888888889 4.44444444444 0)
(9.01234567901 4.44444444444 0)
(9.13580246914 4.44444444444 0)
(9.25925925926 4.44444444444 0)
(9.38271604938 4.44444444444 0)
(9.50617283951 4.44444444444 0)
(9.62962962963 4.44444444444 0)
(9.75308641975 4.44444444444 0)
(9.87654320988 4.44444444444 0)
(10 4.44444444444 0)
(0 4.56790123457 0)
(0.123456790123 4.56790123457 0)
(0.246913580247 4.56790123457 0)
(0.37037037037 4.56790123457 0)
(0.493827160494 4.56790123457 0)
(0.617283950617 4.56790123457 0)
(0.740740740741 4.56790123457 0)
(0.864197530864 4.56790123457 0)
(0.987654320988 4.56790123457 0)
(1.11111111111 4.56790123457 0)
(1.23456790123 4.56790123457 0)
(1.35802469136 4.56790123457 0)
(1.48148148148 4.56790123457 0)
(1.6049382716 4.56790123457 0)
(1.72839506173 4.56790123457 0)
(1.85185185185 4.56790123457 0)
(1.97530864198 4.56790123457 0)
(2.0987654321 4.56790123457 0)
(2.22222222222 4.56790123457 0)
(2.34567901235 4.56790123457 0)
(2.46913580247 4.56790123457 0)
(2.59259259259 4.56790123457 0)
(2.71604938272 4.56790123457 0)
(2.83950617284 4.56790123457 0)
(2.96296296296 4.56790123457 0)
(3.08641975309 4.56790123457 0)
(3.20987654321 4.56790123457 0)
(3.33333333333 4.56790123457 0)
(3.45679012346 4.56790123457 0)
(3.58024691358 4.56790123457 0)
(3.7037037037 4.56790123457 0)
(3.82716049383 4.56790123457 0)
(3.95061728395 4.56790123457 0)
(4.07407407407 4.56790123457 0)
(4.1975308642 4.56790123457 0)
(4.32098765432 4.56790123457 0)
(4.44444444444 4.56790123457 0)
(4.56790123457 4.56790123457 0)
(4.69135802469 4.56790123457 0)
(4.81481481481 4.56790123457 0)
(4.93827160494 4.56790123457 0)
(5.06172839506 4.56790123457 0)
(5.18518518519 4.56790123457 0)
(5.30864197531 4.56790123457 0)
(5.43209876543 4.56790123457 0)
(5.55555555556 4.56790123457 0)
(5.67901234568 4.56790123457 0)
(5.8024691358 4.56790123457 0)
(5.92592592593 4.56790123457 0)
(6.04938271605 4.56790123457 0)
(6.17283950617 4.56790123457 0)
(6.2962962963 4.56790123457 0)
(6.41975308642 4.56790123457 0)
(6.54320987654 4.56790123457 0)
(6.66666666667 4.56790123457 0)
(6.79012345679 4.56790123457 0)
(6.91358024691 4.56790123457 0)
(7.03703703704 4.56790123457 0)
(7.16049382716 4.56790123457 0)
(7.28395061728 4.56790123457 0)
(7.40740740741 4.56790123457 0)
(7.53086419753 4.56790123457 0)
(7.65432098765 4.56790123457 0)
(7.77777777778 4.56790123457 0)
(7.9012345679 4.56790123457 0)
(8.02469135802 4.56790123457 0)
(8.14814814815 4.56790123457 0)
(8.27160493827 4.56790123457 0)
(8.3950617284 4.56790123457 0)
(8.51851851852 4.56790123457 0)
(8.64197530864 4.56790123457 0)
(8.76543209877 4.56790123457 0)
(8.88888888889 4.56790123457 0)
(9.01234567901 4.56790123457 0)
(9.13580246914 4.56790123457 0)
(9.25925925926 4.56790123457 0)
(9.38271604938 4.56790123457 0)
(9.50617283951 4.56790123457 0)
(9.62962962963 4.56790123457 0)
(9.75308641975 4.56790123457 0)
(9.87654320988 4.56790123457 0)
(10 4.56790123457 0)
(0 4.69135802469 0)
(0.123456790123 4.69135802469 0)
(0.246913580247 4.69135802469 0)
(0.37037037037 4.69135802469 0)
(0.493827160494 4.69135802469 0)
(0.617283950617 4.69135802469 0)
(0.740740740741 4.69135802469 0)
(0.864197530864 4.69135802469 0)
(0.987654320988 4.69135802469 0)
(1.11111111111 4.69135802469 0)
(1.23456790123 4.69135802469 0)
(1.35802469136 4.69135802469 0)
(1.48148148148 4.69135802469 0)
(1.6049382716 4.69135802469 0)
(1.72839506173 4.69135802469 0)
(1.85185185185 4.69135802469 0)
(1.97530864198 4.69135802469 0)
(2.0987654321 4.69135802469 0)
(2.22222222222 4.69135802469 0)
(2.34567901235 4.69135802469 0)
(2.46913580247 4.69135802469 0)
(2.59259259259 4.69135802469 0)
(2.71604938272 4.69135802469 0)
(2.83950617284 4.69135802469 0)
(2.96296296296 4.69135802469 0)
(3.08641975309 4.69135802469 0)
(3.20987654321 4.69135802469 0)
(3.33333333333 4.69135802469 0)
(3.45679012346 4.69135802469 0)
(3.58024691358 4.69135802469 0)
(3.7037037037 4.69135802469 0)
(3.82716049383 4.69135802469 0)
(3.95061728395 4.69135802469 0)
(4.07407407407 4.69135802469 0)
(4.1975308642 4.69135802469 0)
(4.32098765432 4.69135802469 0)
(4.44444444444 4.69135802469 0)
(4.56790123457 4.69135802469 0)
(4.69135802469 4.69135802469 0)
(4.81481481481 4.69135802469 0)
(4.93827160494 4.69135802469 0)
(5.06172839506 4.69135802469 0)
(5.18518518519 4.69135802469 0)
(5.30864197531 4.69135802469 0)
(5.43209876543 4.69135802469 0)
(5.55555555556 4.69135802469 0)
(5.67901234568 4.69135802469 0)
(5.8024691358 4.69135802469 0)
(5.92592592593 4.69135802469 0)
(6.04938271605 4.69135802469 0)
(6.17283950617 4.69135802469 0)
(6.2962962963 4.69135802469 0)
(6.41975308642 4.69135802469 0)
(6.54320987654 4.69135802469 0)
(6.66666666667 4.69135802469 0)
(6.79012345679 4.69135802469 0)
(6.91358024691 4.69135802469 0)
(7.03703703704 4.69135802469 0)
(7.16049382716 4.69135802469 0)
(7.28395061728 4.69135802469 0)
(7.40740740741 4.69135802469 0)
(7.53086419753 4.69135802469 0)
(7.65432098765 4.69135802469 0)
(7.77777777778 4.69135802469 0)
(7.9012345679 4.69135802469 0)
(8.02469135802 4.69135802469 0)
(8.14814814815 4.69135802469 0)
(8.27160493827 4.69135802469 0)
(8.3950617284 4.69135802469 0)
(8.51851851852 4.69135802469 0)
(8.64197530864 4.69135802469 0)
(8.76543209877 4.69135802469 0)
(8.88888888889 4.69135802469 0)
(9.01234567901 4.69135802469 0)
(9.13580246914 4.69135802469 0)
(9.25925925926 4.69135802469 0)
(9.38271604938 4.69135802469 0)
(9.50617283951 4.69135802469 0)
(9.62962962963 4.69135802469 0)
(9.75308641975 4.69135802469 0)
(9.87654320988 4.69135802469 0)
(10 4.69135802469 0)
(0 4.81481481481 0)
(0.123456790123 4.81481481481 0)
(0.246913580247 4.81481481481 0)
(0.37037037037 4.81481481481 0)
(0.493827160494 4.81481481481 0)
(0.617283950617 4.81481481481 0)
(0.740740740741 4.81481481481 0)
(0.864197530864 4.81481481481 0)
(0.987654320988 4.81481481481 0)
(1.11111111111 4.81481481481 0)
(1.23456790123 4.81481481481 0)
(1.35802469136 4.81481481481 0)
(1.48148148148 4.81481481481 0)
(1.6049382716 4.81481481481 0)
(1.72839506173 4.81481481481 0)
(1.85185185185 4.81481481481 0)
(1.97530864198 4.81481481481 0)
(2.0987654321 4.81481481481 0)
(2.22222222222 4.81481481481 0)
(2.34567901235 4.81481481481 0)
(2.46913580247 4.81481481481 0)
(2.59259259259 4.81481481481 0)
(2.71604938272 4.81481481481 0)
(2.83950617284 4.81481481481 0)
(2.96296296296 4.81481481481 0)
(3.08641975309 4.81481481481 0)
(3.20987654321 4.81481481481 0)
(3.33333333333 4.81481481481 0)
(3.45679012346 4.81481481481 0)
(3.58024691358 4.81481481481 0)
(3.7037037037 4.81481481481 0)
(3.82716049383 4.81481481481 0)
(3.95061728395 4.81481481481 0)
(4.07407407407 4.81481481481 0)
(4.1975308642 4.81481481481 0)
(4.32098765432 4.81481481481 0)
(4.44444444444 4.81481481481 0)
(4.56790123457 4.81481481481 0)
(4.69135802469 4.81481481481 0)
(4.81481481481 4.81481481481 0)
(4.93827160494 4.81481481481 0)
(5.06172839506 4.81481481481 0)
(5.18518518519 4.81481481481 0)
(5.30864197531 4.81481481481 0)
(5.43209876543 4.81481481481 0)
(5.55555555556 4.81481481481 0)
(5.67901234568 4.81481481481 0)
(5.8024691358 4.81481481481 0)
(5.92592592593 4.81481481481 0)
(6.04938271605 4.81481481481 0)
(6.17283950617 4.81481481481 0)
(6.2962962963 4.81481481481 0)
(6.41975308642 4.81481481481 0)
(6.54320987654 4.81481481481 0)
(6.66666666667 4.81481481481 0)
(6.79012345679 4.81481481481 0)
(6.91358024691 4.81481481481 0)
(7.03703703704 4.81481481481 0)
(7.16049382716 4.81481481481 0)
(7.28395061728 4.81481481481 0)
(7.40740740741 4.81481481481 0)
(7.53086419753 4.81481481481 0)
(7.65432098765 4.81481481481 0)
(7.77777777778 4.81481481481 0)
(7.9012345679 4.81481481481 0)
(8.02469135802 4.81481481481 0)
(8.14814814815 4.81481481481 0)
(8.27160493827 4.81481481481 0)
(8.3950617284 4.81481481481 0)
(8.51851851852 4.81481481481 0)
(8.64197530864 4.81481481481 0)
(8.76543209877 4.81481481481 0)
(8.88888888889 4.81481481481 0)
(9.01234567901 4.81481481481 0)
(9.13580246914 4.81481481481 0)
(9.25925925926 4.81481481481 0)
(9.38271604938 4.81481481481 0)
(9.50617283951 4.81481481481 0)
(9.62962962963 4.81481481481 0)
(9.75308641975 4.81481481481 0)
(9.87654320988 4.81481481481 0)
(10 4.81481481481 0)
(0 4.93827160494 0)
(0.123456790123 4.93827160494 0)
(0.246913580247 4.93827160494 0)
(0.37037037037 4.93827160494 0)
(0.493827160494 4.93827160494 0)
(0.617283950617 4.93827160494 0)
(0.740740740741 4.93827160494 0)
(0.864197530864 4.93827160494 0)
(0.987654320988 4.93827160494 0)
(1.11111111111 4.93827160494 0)
(1.23456790123 4.93827160494 0)
(1.35802469136 4.93827160494 0)
(1.48148148148 4.93827160494 0)
(1.6049382716 4.93827160494 0)
(1.72839506173 4.93827160494 0)
(1.85185185185 4.93827160494 0)
(1.97530864198 4.93827160494 0)
(2.0987654321 4.93827160494 0)
(2.22222222222 4.93827160494 0)
(2.34567901235 4.93827160494 0)
(2.46913580247 4.93827160494 0)
(2.59259259259 4.93827160494 0)
(2.71604938272 4.93827160494 0)
(2.83950617284 4.93827160494 0)
(2.96296296296 4.93827160494 0)
(3.08641975309 4.93827160494 0)
(3.20987654321 4.93827160494 0)
(3.33333333333 4.93827160494 0)
(3.45679012346 4.93827160494 0)
(3.58024691358 4.93827160494 0)
(3.7037037037 4.93827160494 0)
(3.82716049383 4.93827160494 0)
(3.95061728395 4.93827160494 0)
(4.07407407407 4.93827160494 0)
(4.1975308642 4.93827160494 0)
(4.32098765432 4.93827160494 0)
(4.44444444444 4.93827160494 0)
(4.56790123457 4.93827160494 0)
(4.69135802469 4.93827160494 0)
(4.81481481481 4.93827160494 0)
(4.93827160494 4.93827160494 0)
(5.06172839506 4.93827160494 0)
(5.18518518519 4.93827160494 0)
(5.30864197531 4.93827160494 0)
(5.43209876543 4.93827160494 0)
(5.55555555556 4.93827160494 0)
(5.67901234568 4.93827160494 0)
(5.8024691358 4.93827160494 0)
(5.92592592593 4.93827160494 0)
(6.04938271605 4.93827160494 0)
(6.17283950617 4.93827160494 0)
(6.2962962963 4.93827160494 0)
(6.41975308642 4.93827160494 0)
(6.54320987654 4.93827160494 0)
(6.66666666667 4.93827160494 0)
(6.79012345679 4.93827160494 0)
(6.91358024691 4.93827160494 0)
(7.03703703704 4.93827160494 0)
(7.16049382716 4.93827160494 0)
(7.28395061728 4.93827160494 0)
(7.40740740741 4.93827160494 0)
(7.53086419753 4.93827160494 0)
(7.65432098765 4.93827160494 0)
(7.77777777778 4.93827160494 0)
(7.9012345679 4.93827160494 0)
(8.02469135802 4.93827160494 0)
(8.14814814815 4.93827160494 0)
(8.27160493827 4.93827160494 0)
(8.3950617284 4.93827160494 0)
(8.51851851852 4.93827160494 0)
(8.64197530864 4.93827160494 0)
(8.76543209877 4.93827160494 0)
(8.88888888889 4.93827160494 0)
(9.01234567901 4.93827160494 0)
(9.13580246914 4.93827160494 0)
(9.25925925926 4.93827160494 0)
(9.38271604938 4.93827160494 0)
(9.50617283951 4.93827160494 0)
(9.62962962963 4.93827160494 0)
(9.75308641975 4.93827160494 0)
(9.87654320988 4.93827160494 0)
(10 4.93827160494 0)
(0 5.06172839506 0)
(0.123456790123 5.06172839506 0)
(0.246913580247 5.06172839506 0)
(0.37037037037 5.06172839506 0)
(0.493827160494 5.06172839506 0)
(0.617283950617 5.06172839506 0)
(0.740740740741 5.06172839506 0)
(0.864197530864 5.06172839506 0)
(0.987654320988 5.06172839506 0)
(1.11111111111 5.06172839506 0)
(1.23456790123 5.06172839506 0)
(1.35802469136 5.06172839506 0)
(1.48148148148 5.06172839506 0)
(1.6049382716 5.06172839506 0)
(1.72839506173 5.06172839506 0)
(1.85185185185 5.06172839506 0)
(1.97530864198 5.06172839506 0)
(2.0987654321 5.06172839506 0)
(2.22222222222 5.06172839506 0)
(2.34567901235 5.06172839506 0)
(2.46913580247 5.06172839506 0)
(2.59259259259 5.06172839506 0)
(2.71604938272 5.06172839506 0)
(2.83950617284 5.06172839506 0)
(2.96296296296 5.06172839506 0)
(3.08641975309 5.06172839506 0)
(3.20987654321 5.06172839506 0)
(3.33333333333 5.06172839506 0)
(3.45679012346 5.06172839506 0)
(3.58024691358 5.06172839506 0)
(3.7037037037 5.06172839506 0)
(3.82716049383 5.06172839506 0)
(3.95061728395 5.06172839506 0)
(4.07407407407 5.06172839506 0)
(4.1975308642 5.06172839506 0)
(4.32098765432 5.06172839506 0)
(4.44444444444 5.06172839506 0)
(4.56790123457 5.06172839506 0)
(4.69135802469 5.06172839506 0)
(4.81481481481 5.06172839506 0)
(4.93827160494 5.06172839506 0)
(5.06172839506 5.06172839506 0)
(5.18518518519 5.06172839506 0)
(5.30864197531 5.06172839506 0)
(5.43209876543 5.06172839506 0)
(5.55555555556 5.06172839506 0)
(5.67901234568 5.06172839506 0)
(5.8024691358 5.06172839506 0)
(5.92592592593 5.06172839506 0)
(6.04938271605 5.06172839506 0)
(6.17283950617 5.06172839506 0)
(6.2962962963 5.06172839506 0)
(6.41975308642 5.06172839506 0)
(6.54320987654 5.06172839506 0)
(6.66666666667 5.06172839506 0)
(6.79012345679 5.06172839506 0)
(6.91358024691 5.06172839506 0)
(7.03703703704 5.06172839506 0)
(7.16049382716 5.06172839506 0)
(7.28395061728 5.06172839506 0)
(7.40740740741 5.06172839506 0)
(7.53086419753 5.06172839506 0)
(7.65432098765 5.06172839506 0)
(7.77777777778 5.06172839506 0)
(7.9012345679 5.06172839506 0)
(8.02469135802 5.06172839506 0)
(8.14814814815 5.06172839506 0)
(8.27160493827 5.06172839506 0)
(8.3950617284 5.06172839506 0)
(8.51851851852 5.06172839506 0)
(8.64197530864 5.06172839506 0)
(8.76543209877 5.06172839506 0)
(8.88888888889 5.06172839506 0)
(9.01234567901 5.06172839506 0)
(9.13580246914 5.06172839506 0)
(9.25925925926 5.06172839506 0)
(9.38271604938 5.06172839506 0)
(9.50617283951 5.06172839506 0)
(9.62962962963 5.06172839506 0)
(9.75308641975 5.06172839506 0)
(9.87654320988 5.06172839506 0)
(10 5.06172839506 0)
(0 5.18518518519 0)
(0.123456790123 5.18518518519 0)
(0.246913580247 5.18518518519 0)
(0.37037037037 5.18518518519 0)
(0.493827160494 5.18518518519 0)
(0.617283950617 5.18518518519 0)
(0.740740740741 5.18518518519 0)
(0.864197530864 5.18518518519 0)
(0.987654320988 5.18518518519 0)
(1.11111111111 5.18518518519 0)
(1.23456790123 5.18518518519 0)
(1.35802469136 5.18518518519 0)
(1.48148148148 5.18518518519 0)
(1.6049382716 5.18518518519 0)
(1.72839506173 5.18518518519 0)
(1.85185185185 5.18518518519 0)
(1.97530864198 5.18518518519 0)
(2.0987654321 5.18518518519 0)
(2.22222222222 5.18518518519 0)
(2.34567901235 5.18518518519 0)
(2.46913580247 5.18518518519 0)
(2.59259259259 5.18518518519 0)
(2.71604938272 5.18518518519 0)
(2.83950617284 5.18518518519 0)
(2.96296296296 5.18518518519 0)
(3.08641975309 5.18518518519 0)
(3.20987654321 5.18518518519 0)
(3.33333333333 5.18518518519 0)
(3.45679012346 5.18518518519 0)
(3.58024691358 5.18518518519 0)
(3.7037037037 5.18518518519 0)
(3.82716049383 5.18518518519 0)
(3.95061728395 5.18518518519 0)
(4.07407407407 5.18518518519 0)
(4.1975308642 5.18518518519 0)
(4.32098765432 5.18518518519 0)
(4.44444444444 5.18518518519 0)
(4.56790123457 5.18518518519 0)
(4.69135802469 5.18518518519 0)
(4.81481481481 5.18518518519 0)
(4.93827160494 5.18518518519 0)
(5.06172839506 5.18518518519 0)
(5.18518518519 5.18518518519 0)
(5.30864197531 5.18518518519 0)
(5.43209876543 5.18518518519 0)
(5.55555555556 5.18518518519 0)
(5.67901234568 5.18518518519 0)
(5.8024691358 5.18518518519 0)
(5.92592592593 5.18518518519 0)
(6.04938271605 5.18518518519 0)
(6.17283950617 5.18518518519 0)
(6.2962962963 5.18518518519 0)
(6.41975308642 5.18518518519 0)
(6.54320987654 5.18518518519 0)
(6.66666666667 5.18518518519 0)
(6.79012345679 5.18518518519 0)
(6.91358024691 5.18518518519 0)
(7.03703703704 5.18518518519 0)
(7.16049382716 5.18518518519 0)
(7.28395061728 5.18518518519 0)
(7.40740740741 5.18518518519 0)
(7.53086419753 5.18518518519 0)
(7.65432098765 5.18518518519 0)
(7.77777777778 5.18518518519 0)
(7.9012345679 5.18518518519 0)
(8.02469135802 5.18518518519 0)
(8.14814814815 5.18518518519 0)
(8.27160493827 5.18518518519 0)
(8.3950617284 5.18518518519 0)
(8.51851851852 5.18518518519 0)
(8.64197530864 5.18518518519 0)
(8.76543209877 5.18518518519 0)
(8.88888888889 5.18518518519 0)
(9.01234567901 5.18518518519 0)
(9.13580246914 5.18518518519 0)
(9.25925925926 5.18518518519 0)
(9.38271604938 5.18518518519 0)
(9.50617283951 5.18518518519 0)
(9.62962962963 5.18518518519 0)
(9.75308641975 5.18518518519 0)
(9.87654320988 5.18518518519 0)
(10 5.18518518519 0)
(0 5.30864197531 0)
(0.123456790123 5.30864197531 0)
(0.246913580247 5.30864197531 0)
(0.37037037037 5.30864197531 0)
(0.493827160494 5.30864197531 0)
(0.617283950617 5.30864197531 0)
(0.740740740741 5.30864197531 0)
(0.864197530864 5.30864197531 0)
(0.987654320988 5.30864197531 0)
(1.11111111111 5.30864197531 0)
(1.23456790123 5.30864197531 0)
(1.35802469136 5.30864197531 0)
(1.48148148148 5.30864197531 0)
(1.6049382716 5.30864197531 0)
(1.72839506173 5.30864197531 0)
(1.85185185185 5.30864197531 0)
(1.97530864198 5.30864197531 0)
(2.0987654321 5.30864197531 0)
(2.22222222222 5.30864197531 0)
(2.34567901235 5.30864197531 0)
(2.46913580247 5.30864197531 0)
(2.59259259259 5.30864197531 0)
(2.71604938272 5.30864197531 0)
(2.83950617284 5.30864197531 0)
(2.96296296296 5.30864197531 0)
(3.08641975309 5.30864197531 0)
(3.20987654321 5.30864197531 0)
(3.33333333333 5.30864197531 0)
(3.45679012346 5.30864197531 0)
(3.58024691358 5.30864197531 0)
(3.7037037037 5.30864197531 0)
(3.82716049383 5.30864197531 0)
(3.95061728395 5.30864197531 0)
(4.07407407407 5.30864197531 0)
(4.1975308642 5.30864197531 0)
(4.32098765432 5.30864197531 0)
(4.44444444444 5.30864197531 0)
(4.56790123457 5.30864197531 0)
(4.69135802469 5.30864197531 0)
(4.81481481481 5.30864197531 0)
(4.93827160494 5.30864197531 0)
(5.06172839506 5.30864197531 0)
(5.18518518519 5.30864197531 0)
(5.30864197531 5.30864197531 0)
(5.43209876543 5.30864197531 0)
(5.55555555556 5.30864197531 0)
(5.67901234568 5.30864197531 0)
(5.8024691358 5.30864197531 0)
(5.92592592593 5.30864197531 0)
(6.04938271605 5.30864197531 0)
(6.17283950617 5.30864197531 0)
(6.2962962963 5.30864197531 0)
(6.41975308642 5.30864197531 0)
(6.54320987654 5.30864197531 0)
(6.66666666667 5.30864197531 0)
(6.79012345679 5.30864197531 0)
(6.91358024691 5.30864197531 0)
(7.03703703704 5.30864197531 0)
(7.16049382716 5.30864197531 0)
(7.28395061728 5.30864197531 0)
(7.40740740741 5.30864197531 0)
(7.53086419753 5.30864197531 0)
(7.65432098765 5.30864197531 0)
(7.77777777778 5.30864197531 0)
(7.9012345679 5.30864197531 0)
(8.02469135802 5.30864197531 0)
(8.14814814815 5.30864197531 0)
(8.27160493827 5.30864197531 0)
(8.3950617284 5.30864197531 0)
(8.51851851852 5.30864197531 0)
(8.64197530864 5.30864197531 0)
(8.76543209877 5.30864197531 0)
(8.88888888889 5.30864197531 0)
(9.01234567901 5.30864197531 0)
(9.13580246914 5.30864197531 0)
(9.25925925926 5.30864197531 0)
(9.38271604938 5.30864197531 0)
(9.50617283951 5.30864197531 0)
(9.62962962963 5.30864197531 0)
(9.75308641975 5.30864197531 0)
(9.87654320988 5.30864197531 0)
(10 5.30864197531 0)
(0 5.43209876543 0)
(0.123456790123 5.43209876543 0)
(0.246913580247 5.43209876543 0)
(0.37037037037 5.43209876543 0)
(0.493827160494 5.43209876543 0)
(0.617283950617 5.43209876543 0)
(0.740740740741 5.43209876543 0)
(0.864197530864 5.43209876543 0)
(0.987654320988 5.43209876543 0)
(1.11111111111 5.43209876543 0)
(1.23456790123 5.43209876543 0)
(1.35802469136 5.43209876543 0)
(1.48148148148 5.43209876543 0)
(1.6049382716 5.43209876543 0)
(1.72839506173 5.43209876543 0)
(1.85185185185 5.43209876543 0)
(1.97530864198 5.43209876543 0)
(2.0987654321 5.43209876543 0)
(2.22222222222 5.43209876543 0)
(2.34567901235 5.43209876543 0)
(2.46913580247 5.43209876543 0)
(2.59259259259 5.43209876543 0)
(2.71604938272 5.43209876543 0)
(2.83950617284 5.43209876543 0)
(2.96296296296 5.43209876543 0)
(3.08641975309 5.43209876543 0)
(3.20987654321 5.43209876543 0)
(3.33333333333 5.43209876543 0)
(3.45679012346 5.43209876543 0)
(3.58024691358 5.43209876543 0)
(3.7037037037 5.43209876543 0)
(3.82716049383 5.43209876543 0)
(3.95061728395 5.43209876543 0)
(4.07407407407 5.43209876543 0)
(4.1975308642 5.43209876543 0)
(4.32098765432 5.43209876543 0)
(4.44444444444 5.43209876543 0)
(4.56790123457 5.43209876543 0)
(4.69135802469 5.43209876543 0)
(4.81481481481 5.43209876543 0)
(4.93827160494 5.43209876543 0)
(5.06172839506 5.43209876543 0)
(5.18518518519 5.43209876543 0)
(5.30864197531 5.43209876543 0)
(5.43209876543 5.43209876543 0)
(5.55555555556 5.43209876543 0)
(5.67901234568 5.43209876543 0)
(5.8024691358 5.43209876543 0)
(5.92592592593 5.43209876543 0)
(6.04938271605 5.43209876543 0)
(6.17283950617 5.43209876543 0)
(6.2962962963 5.43209876543 0)
(6.41975308642 5.43209876543 0)
(6.54320987654 5.43209876543 0)
(6.66666666667 5.43209876543 0)
(6.79012345679 5.43209876543 0)
(6.91358024691 5.43209876543 0)
(7.03703703704 5.43209876543 0)
(7.16049382716 5.43209876543 0)
(7.28395061728 5.43209876543 0)
(7.40740740741 5.43209876543 0)
(7.53086419753 5.43209876543 0)
(7.65432098765 5.43209876543 0)
(7.77777777778 5.43209876543 0)
(7.9012345679 5.43209876543 0)
(8.02469135802 5.43209876543 0)
(8.14814814815 5.43209876543 0)
(8.27160493827 5.43209876543 0)
(8.3950617284 5.43209876543 0)
(8.51851851852 5.43209876543 0)
(8.64197530864 5.43209876543 0)
(8.76543209877 5.43209876543 0)
(8.88888888889 5.43209876543 0)
(9.01234567901 5.43209876543 0)
(9.13580246914 5.43209876543 0)
(9.25925925926 5.43209876543 0)
(9.38271604938 5.43209876543 0)
(9.50617283951 5.43209876543 0)
(9.62962962963 5.43209876543 0)
(9.75308641975 5.43209876543 0)
(9.87654320988 5.43209876543 0)
(10 5.43209876543 0)
(0 5.55555555556 0)
(0.123456790123 5.55555555556 0)
(0.246913580247 5.55555555556 0)
(0.37037037037 5.55555555556 0)
(0.493827160494 5.55555555556 0)
(0.617283950617 5.55555555556 0)
(0.740740740741 5.55555555556 0)
(0.864197530864 5.55555555556 0)
(0.987654320988 5.55555555556 0)
(1.11111111111 5.55555555556 0)
(1.23456790123 5.55555555556 0)
(1.35802469136 5.55555555556 0)
(1.48148148148 5.55555555556 0)
(1.6049382716 5.55555555556 0)
(1.72839506173 5.55555555556 0)
(1.85185185185 5.55555555556 0)
(1.97530864198 5.55555555556 0)
(2.0987654321 5.55555555556 0)
(2.22222222222 5.55555555556 0)
(2.34567901235 5.55555555556 0)
(2.46913580247 5.55555555556 0)
(2.59259259259 5.55555555556 0)
(2.71604938272 5.55555555556 0)
(2.83950617284 5.55555555556 0)
(2.96296296296 5.55555555556 0)
(3.08641975309 5.55555555556 0)
(3.20987654321 5.55555555556 0)
(3.33333333333 5.55555555556 0)
(3.45679012346 5.55555555556 0)
(3.58024691358 5.55555555556 0)
(3.7037037037 5.55555555556 0)
(3.82716049383 5.55555555556 0)
(3.95061728395 5.55555555556 0)
(4.07407407407 5.55555555556 0)
(4.1975308642 5.55555555556 0)
(4.32098765432 5.55555555556 0)
(4.44444444444 5.55555555556 0)
(4.56790123457 5.55555555556 0)
(4.69135802469 5.55555555556 0)
(4.81481481481 5.55555555556 0)
(4.93827160494 5.55555555556 0)
(5.06172839506 5.55555555556 0)
(5.18518518519 5.55555555556 0)
(5.30864197531 5.55555555556 0)
(5.43209876543 5.55555555556 0)
(5.55555555556 5.55555555556 0)
(5.67901234568 5.55555555556 0)
(5.8024691358 5.55555555556 0)
(5.92592592593 5.55555555556 0)
(6.04938271605 5.55555555556 0)
(6.17283950617 5.55555555556 0)
(6.2962962963 5.55555555556 0)
(6.41975308642 5.55555555556 0)
(6.54320987654 5.55555555556 0)
(6.66666666667 5.55555555556 0)
(6.79012345679 5.55555555556 0)
(6.91358024691 5.55555555556 0)
(7.03703703704 5.55555555556 0)
(7.16049382716 5.55555555556 0)
(7.28395061728 5.55555555556 0)
(7.40740740741 5.55555555556 0)
(7.53086419753 5.55555555556 0)
(7.65432098765 5.55555555556 0)
(7.77777777778 5.55555555556 0)
(7.9012345679 5.55555555556 0)
(8.02469135802 5.55555555556 0)
(8.14814814815 5.55555555556 0)
(8.27160493827 5.55555555556 0)
(8.3950617284 5.55555555556 0)
(8.51851851852 5.55555555556 0)
(8.64197530864 5.55555555556 0)
(8.76543209877 5.55555555556 0)
(8.88888888889 5.55555555556 0)
(9.01234567901 5.55555555556 0)
(9.13580246914 5.55555555556 0)
(9.25925925926 5.55555555556 0)
(9.38271604938 5.55555555556 0)
(9.50617283951 5.55555555556 0)
(9.62962962963 5.55555555556 0)
(9.75308641975 5.55555555556 0)
(9.87654320988 5.55555555556 0)
(10 5.55555555556 0)
(0 5.67901234568 0)
(0.123456790123 5.67901234568 0)
(0.246913580247 5.67901234568 0)
(0.37037037037 5.67901234568 0)
(0.493827160494 5.67901234568 0)
(0.617283950617 5.67901234568 0)
(0.740740740741 5.67901234568 0)
(0.864197530864 5.67901234568 0)
(0.987654320988 5.67901234568 0)
(1.11111111111 5.67901234568 0)
(1.23456790123 5.67901234568 0)
(1.35802469136 5.67901234568 0)
(1.48148148148 5.67901234568 0)
(1.6049382716 5.67901234568 0)
(1.72839506173 5.67901234568 0)
(1.85185185185 5.67901234568 0)
(1.97530864198 5.67901234568 0)
(2.0987654321 5.67901234568 0)
(2.22222222222 5.67901234568 0)
(2.34567901235 5.67901234568 0)
(2.46913580247 5.67901234568 0)
(2.59259259259 5.67901234568 0)
(2.71604938272 5.67901234568 0)
(2.83950617284 5.67901234568 0)
(2.96296296296 5.67901234568 0)
(3.08641975309 5.67901234568 0)
(3.20987654321 5.67901234568 0)
(3.33333333333 5.67901234568 0)
(3.45679012346 5.67901234568 0)
(3.58024691358 5.67901234568 0)
(3.7037037037 5.67901234568 0)
(3.82716049383 5.67901234568 0)
(3.95061728395 5.67901234568 0)
(4.07407407407 5.67901234568 0)
(4.1975308642 5.67901234568 0)
(4.32098765432 5.67901234568 0)
(4.44444444444 5.67901234568 0)
(4.56790123457 5.67901234568 0)
(4.69135802469 5.67901234568 0)
(4.81481481481 5.67901234568 0)
(4.93827160494 5.67901234568 0)
(5.06172839506 5.67901234568 0)
(5.18518518519 5.67901234568 0)
(5.30864197531 5.67901234568 0)
(5.43209876543 5.67901234568 0)
(5.55555555556 5.67901234568 0)
(5.67901234568 5.67901234568 0)
(5.8024691358 5.67901234568 0)
(5.92592592593 5.67901234568 0)
(6.04938271605 5.67901234568 0)
(6.17283950617 5.67901234568 0)
(6.2962962963 5.67901234568 0)
(6.41975308642 5.67901234568 0)
(6.54320987654 5.67901234568 0)
(6.66666666667 5.67901234568 0)
(6.79012345679 5.67901234568 0)
(6.91358024691 5.67901234568 0)
(7.03703703704 5.67901234568 0)
(7.16049382716 5.67901234568 0)
(7.28395061728 5.67901234568 0)
(7.40740740741 5.67901234568 0)
(7.53086419753 5.67901234568 0)
(7.65432098765 5.67901234568 0)
(7.77777777778 5.67901234568 0)
(7.9012345679 5.67901234568 0)
(8.02469135802 5.67901234568 0)
(8.14814814815 5.67901234568 0)
(8.27160493827 5.67901234568 0)
(8.3950617284 5.67901234568 0)
(8.51851851852 5.67901234568 0)
(8.64197530864 5.67901234568 0)
(8.76543209877 5.67901234568 0)
(8.88888888889 5.67901234568 0)
(9.01234567901 5.67901234568 0)
(9.13580246914 5.67901234568 0)
(9.25925925926 5.67901234568 0)
(9.38271604938 5.67901234568 0)
(9.50617283951 5.67901234568 0)
(9.62962962963 5.67901234568 0)
(9.75308641975 5.67901234568 0)
(9.87654320988 5.67901234568 0)
(10 5.67901234568 0)
(0 5.8024691358 0)
(0.123456790123 5.8024691358 0)
(0.246913580247 5.8024691358 0)
(0.37037037037 5.8024691358 0)
(0.493827160494 5.8024691358 0)
(0.617283950617 5.8024691358 0)
(0.740740740741 5.8024691358 0)
(0.864197530864 5.8024691358 0)
(0.987654320988 5.8024691358 0)
(1.11111111111 5.8024691358 0)
(1.23456790123 5.8024691358 0)
(1.35802469136 5.8024691358 0)
(1.48148148148 5.8024691358 0)
(1.6049382716 5.8024691358 0)
(1.72839506173 5.8024691358 0)
(1.85185185185 5.8024691358 0)
(1.97530864198 5.8024691358 0)
(2.0987654321 5.8024691358 0)
(2.22222222222 5.8024691358 0)
(2.34567901235 5.8024691358 0)
(2.46913580247 5.8024691358 0)
(2.59259259259 5.8024691358 0)
(2.71604938272 5.8024691358 0)
(2.83950617284 5.8024691358 0)
(2.96296296296 5.8024691358 0)
(3.08641975309 5.8024691358 0)
(3.20987654321 5.8024691358 0)
(3.33333333333 5.8024691358 0)
(3.45679012346 5.8024691358 0)
(3.58024691358 5.8024691358 0)
(3.7037037037 5.8024691358 0)
(3.82716049383 5.8024691358 0)
(3.95061728395 5.8024691358 0)
(4.07407407407 5.8024691358 0)
(4.1975308642 5.8024691358 0)
(4.32098765432 5.8024691358 0)
(4.44444444444 5.8024691358 0)
(4.56790123457 5.8024691358 0)
(4.69135802469 5.8024691358 0)
(4.81481481481 5.8024691358 0)
(4.93827160494 5.8024691358 0)
(5.06172839506 5.8024691358 0)
(5.18518518519 5.8024691358 0)
(5.30864197531 5.8024691358 0)
(5.43209876543 5.8024691358 0)
(5.55555555556 5.8024691358 0)
(5.67901234568 5.8024691358 0)
(5.8024691358 5.8024691358 0)
(5.92592592593 5.8024691358 0)
(6.04938271605 5.8024691358 0)
(6.17283950617 5.8024691358 0)
(6.2962962963 5.8024691358 0)
(6.41975308642 5.8024691358 0)
(6.54320987654 5.8024691358 0)
(6.66666666667 5.8024691358 0)
(6.79012345679 5.8024691358 0)
(6.91358024691 5.8024691358 0)
(7.03703703704 5.8024691358 0)
(7.16049382716 5.8024691358 0)
(7.28395061728 5.8024691358 0)
(7.40740740741 5.8024691358 0)
(7.53086419753 5.8024691358 0)
(7.65432098765 5.8024691358 0)
(7.77777777778 5.8024691358 0)
(7.9012345679 5.8024691358 0)
(8.02469135802 5.8024691358 0)
(8.14814814815 5.8024691358 0)
(8.27160493827 5.8024691358 0)
(8.3950617284 5.8024691358 0)
(8.51851851852 5.8024691358 0)
(8.64197530864 5.8024691358 0)
(8.76543209877 5.8024691358 0)
(8.88888888889 5.8024691358 0)
(9.01234567901 5.8024691358 0)
(9.13580246914 5.8024691358 0)
(9.25925925926 5.8024691358 0)
(9.38271604938 5.8024691358 0)
(9.50617283951 5.8024691358 0)
(9.62962962963 5.8024691358 0)
(9.75308641975 5.8024691358 0)
(9.87654320988 5.8024691358 0)
(10 5.8024691358 0)
(0 5.92592592593 0)
(0.123456790123 5.92592592593 0)
(0.246913580247 5.92592592593 0)
(0.37037037037 5.92592592593 0)
(0.493827160494 5.92592592593 0)
(0.617283950617 5.92592592593 0)
(0.740740740741 5.92592592593 0)
(0.864197530864 5.92592592593 0)
(0.987654320988 5.92592592593 0)
(1.11111111111 5.92592592593 0)
(1.23456790123 5.92592592593 0)
(1.35802469136 5.92592592593 0)
(1.48148148148 5.92592592593 0)
(1.6049382716 5.92592592593 0)
(1.72839506173 5.92592592593 0)
(1.85185185185 5.92592592593 0)
(1.97530864198 5.92592592593 0)
(2.0987654321 5.92592592593 0)
(2.22222222222 5.92592592593 0)
(2.34567901235 5.92592592593 0)
(2.46913580247 5.92592592593 0)
(2.59259259259 5.92592592593 0)
(2.71604938272 5.92592592593 0)
(2.83950617284 5.92592592593 0)
(2.96296296296 5.92592592593 0)
(3.08641975309 5.92592592593 0)
(3.20987654321 5.92592592593 0)
(3.33333333333 5.92592592593 0)
(3.45679012346 5.92592592593 0)
(3.58024691358 5.92592592593 0)
(3.7037037037 5.92592592593 0)
(3.82716049383 5.92592592593 0)
(3.95061728395 5.92592592593 0)
(4.07407407407 5.92592592593 0)
(4.1975308642 5.92592592593 0)
(4.32098765432 5.92592592593 0)
(4.44444444444 5.92592592593 0)
(4.56790123457 5.92592592593 0)
(4.69135802469 5.92592592593 0)
(4.81481481481 5.92592592593 0)
(4.93827160494 5.92592592593 0)
(5.06172839506 5.92592592593 0)
(5.18518518519 5.92592592593 0)
(5.30864197531 5.92592592593 0)
(5.43209876543 5.92592592593 0)
(5.55555555556 5.92592592593 0)
(5.67901234568 5.92592592593 0)
(5.8024691358 5.92592592593 0)
(5.92592592593 5.92592592593 0)
(6.04938271605 5.92592592593 0)
(6.17283950617 5.92592592593 0)
(6.2962962963 5.92592592593 0)
(6.41975308642 5.92592592593 0)
(6.54320987654 5.92592592593 0)
(6.66666666667 5.92592592593 0)
(6.79012345679 5.92592592593 0)
(6.91358024691 5.92592592593 0)
(7.03703703704 5.92592592593 0)
(7.16049382716 5.92592592593 0)
(7.28395061728 5.92592592593 0)
(7.40740740741 5.92592592593 0)
(7.53086419753 5.92592592593 0)
(7.65432098765 5.92592592593 0)
(7.77777777778 5.92592592593 0)
(7.9012345679 5.92592592593 0)
(8.02469135802 5.92592592593 0)
(8.14814814815 5.92592592593 0)
(8.27160493827 5.92592592593 0)
(8.3950617284 5.92592592593 0)
(8.51851851852 5.92592592593 0)
(8.64197530864 5.92592592593 0)
(8.76543209877 5.92592592593 0)
(8.88888888889 5.92592592593 0)
(9.01234567901 5.92592592593 0)
(9.13580246914 5.92592592593 0)
(9.25925925926 5.92592592593 0)
(9.38271604938 5.92592592593 0)
(9.50617283951 5.92592592593 0)
(9.62962962963 5.92592592593 0)
(9.75308641975 5.92592592593 0)
(9.87654320988 5.92592592593 0)
(10 5.92592592593 0)
(0 6.04938271605 0)
(0.123456790123 6.04938271605 0)
(0.246913580247 6.04938271605 0)
(0.37037037037 6.04938271605 0)
(0.493827160494 6.04938271605 0)
(0.617283950617 6.04938271605 0)
(0.740740740741 6.04938271605 0)
(0.864197530864 6.04938271605 0)
(0.987654320988 6.04938271605 0)
(1.11111111111 6.04938271605 0)
(1.23456790123 6.04938271605 0)
(1.35802469136 6.04938271605 0)
(1.48148148148 6.04938271605 0)
(1.6049382716 6.04938271605 0)
(1.72839506173 6.04938271605 0)
(1.85185185185 6.04938271605 0)
(1.97530864198 6.04938271605 0)
(2.0987654321 6.04938271605 0)
(2.22222222222 6.04938271605 0)
(2.34567901235 6.04938271605 0)
(2.46913580247 6.04938271605 0)
(2.59259259259 6.04938271605 0)
(2.71604938272 6.04938271605 0)
(2.83950617284 6.04938271605 0)
(2.96296296296 6.04938271605 0)
(3.08641975309 6.04938271605 0)
(3.20987654321 6.04938271605 0)
(3.33333333333 6.04938271605 0)
(3.45679012346 6.04938271605 0)
(3.58024691358 6.04938271605 0)
(3.7037037037 6.04938271605 0)
(3.82716049383 6.04938271605 0)
(3.95061728395 6.04938271605 0)
(4.07407407407 6.04938271605 0)
(4.1975308642 6.04938271605 0)
(4.32098765432 6.04938271605 0)
(4.44444444444 6.04938271605 0)
(4.56790123457 6.04938271605 0)
(4.69135802469 6.04938271605 0)
(4.81481481481 6.04938271605 0)
(4.93827160494 6.04938271605 0)
(5.06172839506 6.04938271605 0)
(5.18518518519 6.04938271605 0)
(5.30864197531 6.04938271605 0)
(5.43209876543 6.04938271605 0)
(5.55555555556 6.04938271605 0)
(5.67901234568 6.04938271605 0)
(5.8024691358 6.04938271605 0)
(5.92592592593 6.04938271605 0)
(6.04938271605 6.04938271605 0)
(6.17283950617 6.04938271605 0)
(6.2962962963 6.04938271605 0)
(6.41975308642 6.04938271605 0)
(6.54320987654 6.04938271605 0)
(6.66666666667 6.04938271605 0)
(6.79012345679 6.04938271605 0)
(6.91358024691 6.04938271605 0)
(7.03703703704 6.04938271605 0)
(7.16049382716 6.04938271605 0)
(7.28395061728 6.04938271605 0)
(7.40740740741 6.04938271605 0)
(7.53086419753 6.04938271605 0)
(7.65432098765 6.04938271605 0)
(7.77777777778 6.04938271605 0)
(7.9012345679 6.04938271605 0)
(8.02469135802 6.04938271605 0)
(8.14814814815 6.04938271605 0)
(8.27160493827 6.04938271605 0)
(8.3950617284 6.04938271605 0)
(8.51851851852 6.04938271605 0)
(8.64197530864 6.04938271605 0)
(8.76543209877 6.04938271605 0)
(8.88888888889 6.04938271605 0)
(9.01234567901 6.04938271605 0)
(9.13580246914 6.04938271605 0)
(9.25925925926 6.04938271605 0)
(9.38271604938 6.04938271605 0)
(9.50617283951 6.04938271605 0)
(9.62962962963 6.04938271605 0)
(9.75308641975 6.04938271605 0)
(9.87654320988 6.04938271605 0)
(10 6.04938271605 0)
(0 6.17283950617 0)
(0.123456790123 6.17283950617 0)
(0.246913580247 6.17283950617 0)
(0.37037037037 6.17283950617 0)
(0.493827160494 6.17283950617 0)
(0.617283950617 6.17283950617 0)
(0.740740740741 6.17283950617 0)
(0.864197530864 6.17283950617 0)
(0.987654320988 6.17283950617 0)
(1.11111111111 6.17283950617 0)
(1.23456790123 6.17283950617 0)
(1.35802469136 6.17283950617 0)
(1.48148148148 6.17283950617 0)
(1.6049382716 6.17283950617 0)
(1.72839506173 6.17283950617 0)
(1.85185185185 6.17283950617 0)
(1.97530864198 6.17283950617 0)
(2.0987654321 6.17283950617 0)
(2.22222222222 6.17283950617 0)
(2.34567901235 6.17283950617 0)
(2.46913580247 6.17283950617 0)
(2.59259259259 6.17283950617 0)
(2.71604938272 6.17283950617 0)
(2.83950617284 6.17283950617 0)
(2.96296296296 6.17283950617 0)
(3.08641975309 6.17283950617 0)
(3.20987654321 6.17283950617 0)
(3.33333333333 6.17283950617 0)
(3.45679012346 6.17283950617 0)
(3.58024691358 6.17283950617 0)
(3.7037037037 6.17283950617 0)
(3.82716049383 6.17283950617 0)
(3.95061728395 6.17283950617 0)
(4.07407407407 6.17283950617 0)
(4.1975308642 6.17283950617 0)
(4.32098765432 6.17283950617 0)
(4.44444444444 6.17283950617 0)
(4.56790123457 6.17283950617 0)
(4.69135802469 6.17283950617 0)
(4.81481481481 6.17283950617 0)
(4.93827160494 6.17283950617 0)
(5.06172839506 6.17283950617 0)
(5.18518518519 6.17283950617 0)
(5.30864197531 6.17283950617 0)
(5.43209876543 6.17283950617 0)
(5.55555555556 6.17283950617 0)
(5.67901234568 6.17283950617 0)
(5.8024691358 6.17283950617 0)
(5.92592592593 6.17283950617 0)
(6.04938271605 6.17283950617 0)
(6.17283950617 6.17283950617 0)
(6.2962962963 6.17283950617 0)
(6.41975308642 6.17283950617 0)
(6.54320987654 6.17283950617 0)
(6.66666666667 6.17283950617 0)
(6.79012345679 6.17283950617 0)
(6.91358024691 6.17283950617 0)
(7.03703703704 6.17283950617 0)
(7.16049382716 6.17283950617 0)
(7.28395061728 6.17283950617 0)
(7.40740740741 6.17283950617 0)
(7.53086419753 6.17283950617 0)
(7.65432098765 6.17283950617 0)
(7.77777777778 6.17283950617 0)
(7.9012345679 6.17283950617 0)
(8.02469135802 6.17283950617 0)
(8.14814814815 6.17283950617 0)
(8.27160493827 6.17283950617 0)
(8.3950617284 6.17283950617 0)
(8.51851851852 6.17283950617 0)
(8.64197530864 6.17283950617 0)
(8.76543209877 6.17283950617 0)
(8.88888888889 6.17283950617 0)
(9.01234567901 6.17283950617 0)
(9.13580246914 6.17283950617 0)
(9.25925925926 6.17283950617 0)
(9.38271604938 6.17283950617 0)
(9.50617283951 6.17283950617 0)
(9.62962962963 6.17283950617 0)
(9.75308641975 6.17283950617 0)
(9.87654320988 6.17283950617 0)
(10 6.17283950617 0)
(0 6.2962962963 0)
(0.123456790123 6.2962962963 0)
(0.246913580247 6.2962962963 0)
(0.37037037037 6.2962962963 0)
(0.493827160494 6.2962962963 0)
(0.617283950617 6.2962962963 0)
(0.740740740741 6.2962962963 0)
(0.864197530864 6.2962962963 0)
(0.987654320988 6.2962962963 0)
(1.11111111111 6.2962962963 0)
(1.23456790123 6.2962962963 0)
(1.35802469136 6.2962962963 0)
(1.48148148148 6.2962962963 0)
(1.6049382716 6.2962962963 0)
(1.72839506173 6.2962962963 0)
(1.85185185185 6.2962962963 0)
(1.97530864198 6.2962962963 0)
(2.0987654321 6.2962962963 0)
(2.22222222222 6.2962962963 0)
(2.34567901235 6.2962962963 0)
(2.46913580247 6.2962962963 0)
(2.59259259259 6.2962962963 0)
(2.71604938272 6.2962962963 0)
(2.83950617284 6.2962962963 0)
(2.96296296296 6.2962962963 0)
(3.08641975309 6.2962962963 0)
(3.20987654321 6.2962962963 0)
(3.33333333333 6.2962962963 0)
(3.45679012346 6.2962962963 0)
(3.58024691358 6.2962962963 0)
(3.7037037037 6.2962962963 0)
(3.82716049383 6.2962962963 0)
(3.95061728395 6.2962962963 0)
(4.07407407407 6.2962962963 0)
(4.1975308642 6.2962962963 0)
(4.32098765432 6.2962962963 0)
(4.44444444444 6.2962962963 0)
(4.56790123457 6.2962962963 0)
(4.69135802469 6.2962962963 0)
(4.81481481481 6.2962962963 0)
(4.93827160494 6.2962962963 0)
(5.06172839506 6.2962962963 0)
(5.18518518519 6.2962962963 0)
(5.30864197531 6.2962962963 0)
(5.43209876543 6.2962962963 0)
(5.55555555556 6.2962962963 0)
(5.67901234568 6.2962962963 0)
(5.8024691358 6.2962962963 0)
(5.92592592593 6.2962962963 0)
(6.04938271605 6.2962962963 0)
(6.17283950617 6.2962962963 0)
(6.2962962963 6.2962962963 0)
(6.41975308642 6.2962962963 0)
(6.54320987654 6.2962962963 0)
(6.66666666667 6.2962962963 0)
(6.79012345679 6.2962962963 0)
(6.91358024691 6.2962962963 0)
(7.03703703704 6.2962962963 0)
(7.16049382716 6.2962962963 0)
(7.28395061728 6.2962962963 0)
(7.40740740741 6.2962962963 0)
(7.53086419753 6.2962962963 0)
(7.65432098765 6.2962962963 0)
(7.77777777778 6.2962962963 0)
(7.9012345679 6.2962962963 0)
(8.02469135802 6.2962962963 0)
(8.14814814815 6.2962962963 0)
(8.27160493827 6.2962962963 0)
(8.3950617284 6.2962962963 0)
(8.51851851852 6.2962962963 0)
(8.64197530864 6.2962962963 0)
(8.76543209877 6.2962962963 0)
(8.88888888889 6.2962962963 0)
(9.01234567901 6.2962962963 0)
(9.13580246914 6.2962962963 0)
(9.25925925926 6.2962962963 0)
(9.38271604938 6.2962962963 0)
(9.50617283951 6.2962962963 0)
(9.62962962963 6.2962962963 0)
(9.75308641975 6.2962962963 0)
(9.87654320988 6.2962962963 0)
(10 6.2962962963 0)
(0 6.41975308642 0)
(0.123456790123 6.41975308642 0)
(0.246913580247 6.41975308642 0)
(0.37037037037 6.41975308642 0)
(0.493827160494 6.41975308642 0)
(0.617283950617 6.41975308642 0)
(0.740740740741 6.41975308642 0)
(0.864197530864 6.41975308642 0)
(0.987654320988 6.41975308642 0)
(1.11111111111 6.41975308642 0)
(1.23456790123 6.41975308642 0)
(1.35802469136 6.41975308642 0)
(1.48148148148 6.41975308642 0)
(1.6049382716 6.41975308642 0)
(1.72839506173 6.41975308642 0)
(1.85185185185 6.41975308642 0)
(1.97530864198 6.41975308642 0)
(2.0987654321 6.41975308642 0)
(2.22222222222 6.41975308642 0)
(2.34567901235 6.41975308642 0)
(2.46913580247 6.41975308642 0)
(2.59259259259 6.41975308642 0)
(2.71604938272 6.41975308642 0)
(2.83950617284 6.41975308642 0)
(2.96296296296 6.41975308642 0)
(3.08641975309 6.41975308642 0)
(3.20987654321 6.41975308642 0)
(3.33333333333 6.41975308642 0)
(3.45679012346 6.41975308642 0)
(3.58024691358 6.41975308642 0)
(3.7037037037 6.41975308642 0)
(3.82716049383 6.41975308642 0)
(3.95061728395 6.41975308642 0)
(4.07407407407 6.41975308642 0)
(4.1975308642 6.41975308642 0)
(4.32098765432 6.41975308642 0)
(4.44444444444 6.41975308642 0)
(4.56790123457 6.41975308642 0)
(4.69135802469 6.41975308642 0)
(4.81481481481 6.41975308642 0)
(4.93827160494 6.41975308642 0)
(5.06172839506 6.41975308642 0)
(5.18518518519 6.41975308642 0)
(5.30864197531 6.41975308642 0)
(5.43209876543 6.41975308642 0)
(5.55555555556 6.41975308642 0)
(5.67901234568 6.41975308642 0)
(5.8024691358 6.41975308642 0)
(5.92592592593 6.41975308642 0)
(6.04938271605 6.41975308642 0)
(6.17283950617 6.41975308642 0)
(6.2962962963 6.41975308642 0)
(6.41975308642 6.41975308642 0)
(6.54320987654 6.41975308642 0)
(6.66666666667 6.41975308642 0)
(6.79012345679 6.41975308642 0)
(6.91358024691 6.41975308642 0)
(7.03703703704 6.41975308642 0)
(7.16049382716 6.41975308642 0)
(7.28395061728 6.41975308642 0)
(7.40740740741 6.41975308642 0)
(7.53086419753 6.41975308642 0)
(7.65432098765 6.41975308642 0)
(7.77777777778 6.41975308642 0)
(7.9012345679 6.41975308642 0)
(8.02469135802 6.41975308642 0)
(8.14814814815 6.41975308642 0)
(8.27160493827 6.41975308642 0)
(8.3950617284 6.41975308642 0)
(8.51851851852 6.41975308642 0)
(8.64197530864 6.41975308642 0)
(8.76543209877 6.41975308642 0)
(8.88888888889 6.41975308642 0)
(9.01234567901 6.41975308642 0)
(9.13580246914 6.41975308642 0)
(9.25925925926 6.41975308642 0)
(9.38271604938 6.41975308642 0)
(9.50617283951 6.41975308642 0)
(9.62962962963 6.41975308642 0)
(9.75308641975 6.41975308642 0)
(9.87654320988 6.41975308642 0)
(10 6.41975308642 0)
(0 6.54320987654 0)
(0.123456790123 6.54320987654 0)
(0.246913580247 6.54320987654 0)
(0.37037037037 6.54320987654 0)
(0.493827160494 6.54320987654 0)
(0.617283950617 6.54320987654 0)
(0.740740740741 6.54320987654 0)
(0.864197530864 6.54320987654 0)
(0.987654320988 6.54320987654 0)
(1.11111111111 6.54320987654 0)
(1.23456790123 6.54320987654 0)
(1.35802469136 6.54320987654 0)
(1.48148148148 6.54320987654 0)
(1.6049382716 6.54320987654 0)
(1.72839506173 6.54320987654 0)
(1.85185185185 6.54320987654 0)
(1.97530864198 6.54320987654 0)
(2.0987654321 6.54320987654 0)
(2.22222222222 6.54320987654 0)
(2.34567901235 6.54320987654 0)
(2.46913580247 6.54320987654 0)
(2.59259259259 6.54320987654 0)
(2.71604938272 6.54320987654 0)
(2.83950617284 6.54320987654 0)
(2.96296296296 6.54320987654 0)
(3.08641975309 6.54320987654 0)
(3.20987654321 6.54320987654 0)
(3.33333333333 6.54320987654 0)
(3.45679012346 6.54320987654 0)
(3.58024691358 6.54320987654 0)
(3.7037037037 6.54320987654 0)
(3.82716049383 6.54320987654 0)
(3.95061728395 6.54320987654 0)
(4.07407407407 6.54320987654 0)
(4.1975308642 6.54320987654 0)
(4.32098765432 6.54320987654 0)
(4.44444444444 6.54320987654 0)
(4.56790123457 6.54320987654 0)
(4.69135802469 6.54320987654 0)
(4.81481481481 6.54320987654 0)
(4.93827160494 6.54320987654 0)
(5.06172839506 6.54320987654 0)
(5.18518518519 6.54320987654 0)
(5.30864197531 6.54320987654 0)
(5.43209876543 6.54320987654 0)
(5.55555555556 6.54320987654 0)
(5.67901234568 6.54320987654 0)
(5.8024691358 6.54320987654 0)
(5.92592592593 6.54320987654 0)
(6.04938271605 6.54320987654 0)
(6.17283950617 6.54320987654 0)
(6.2962962963 6.54320987654 0)
(6.41975308642 6.54320987654 0)
(6.54320987654 6.54320987654 0)
(6.66666666667 6.54320987654 0)
(6.79012345679 6.54320987654 0)
(6.91358024691 6.54320987654 0)
(7.03703703704 6.54320987654 0)
(7.16049382716 6.54320987654 0)
(7.28395061728 6.54320987654 0)
(7.40740740741 6.54320987654 0)
(7.53086419753 6.54320987654 0)
(7.65432098765 6.54320987654 0)
(7.77777777778 6.54320987654 0)
(7.9012345679 6.54320987654 0)
(8.02469135802 6.54320987654 0)
(8.14814814815 6.54320987654 0)
(8.27160493827 6.54320987654 0)
(8.3950617284 6.54320987654 0)
(8.51851851852 6.54320987654 0)
(8.64197530864 6.54320987654 0)
(8.76543209877 6.54320987654 0)
(8.88888888889 6.54320987654 0)
(9.01234567901 6.54320987654 0)
(9.13580246914 6.54320987654 0)
(9.25925925926 6.54320987654 0)
(9.38271604938 6.54320987654 0)
(9.50617283951 6.54320987654 0)
(9.62962962963 6.54320987654 0)
(9.75308641975 6.54320987654 0)
(9.87654320988 6.54320987654 0)
(10 6.54320987654 0)
(0 6.66666666667 0)
(0.123456790123 6.66666666667 0)
(0.246913580247 6.66666666667 0)
(0.37037037037 6.66666666667 0)
(0.493827160494 6.66666666667 0)
(0.617283950617 6.66666666667 0)
(0.740740740741 6.66666666667 0)
(0.864197530864 6.66666666667 0)
(0.987654320988 6.66666666667 0)
(1.11111111111 6.66666666667 0)
(1.23456790123 6.66666666667 0)
(1.35802469136 6.66666666667 0)
(1.48148148148 6.66666666667 0)
(1.6049382716 6.66666666667 0)
(1.72839506173 6.66666666667 0)
(1.85185185185 6.66666666667 0)
(1.97530864198 6.66666666667 0)
(2.0987654321 6.66666666667 0)
(2.22222222222 6.66666666667 0)
(2.34567901235 6.66666666667 0)
(2.46913580247 6.66666666667 0)
(2.59259259259 6.66666666667 0)
(2.71604938272 6.66666666667 0)
(2.83950617284 6.66666666667 0)
(2.96296296296 6.66666666667 0)
(3.08641975309 6.66666666667 0)
(3.20987654321 6.66666666667 0)
(3.33333333333 6.66666666667 0)
(3.45679012346 6.66666666667 0)
(3.58024691358 6.66666666667 0)
(3.7037037037 6.66666666667 0)
(3.82716049383 6.66666666667 0)
(3.95061728395 6.66666666667 0)
(4.07407407407 6.66666666667 0)
(4.1975308642 6.66666666667 0)
(4.32098765432 6.66666666667 0)
(4.44444444444 6.66666666667 0)
(4.56790123457 6.66666666667 0)
(4.69135802469 6.66666666667 0)
(4.81481481481 6.66666666667 0)
(4.93827160494 6.66666666667 0)
(5.06172839506 6.66666666667 0)
(5.18518518519 6.66666666667 0)
(5.30864197531 6.66666666667 0)
(5.43209876543 6.66666666667 0)
(5.55555555556 6.66666666667 0)
(5.67901234568 6.66666666667 0)
(5.8024691358 6.66666666667 0)
(5.92592592593 6.66666666667 0)
(6.04938271605 6.66666666667 0)
(6.17283950617 6.66666666667 0)
(6.2962962963 6.66666666667 0)
(6.41975308642 6.66666666667 0)
(6.54320987654 6.66666666667 0)
(6.66666666667 6.66666666667 0)
(6.79012345679 6.66666666667 0)
(6.91358024691 6.66666666667 0)
(7.03703703704 6.66666666667 0)
(7.16049382716 6.66666666667 0)
(7.28395061728 6.66666666667 0)
(7.40740740741 6.66666666667 0)
(7.53086419753 6.66666666667 0)
(7.65432098765 6.66666666667 0)
(7.77777777778 6.66666666667 0)
(7.9012345679 6.66666666667 0)
(8.02469135802 6.66666666667 0)
(8.14814814815 6.66666666667 0)
(8.27160493827 6.66666666667 0)
(8.3950617284 6.66666666667 0)
(8.51851851852 6.66666666667 0)
(8.64197530864 6.66666666667 0)
(8.76543209877 6.66666666667 0)
(8.88888888889 6.66666666667 0)
(9.01234567901 6.66666666667 0)
(9.13580246914 6.66666666667 0)
(9.25925925926 6.66666666667 0)
(9.38271604938 6.66666666667 0)
(9.50617283951 6.66666666667 0)
(9.62962962963 6.66666666667 0)
(9.75308641975 6.66666666667 0)
(9.87654320988 6.66666666667 0)
(10 6.66666666667 0)
(0 6.79012345679 0)
(0.123456790123 6.79012345679 0)
(0.246913580247 6.79012345679 0)
(0.37037037037 6.79012345679 0)
(0.493827160494 6.79012345679 0)
(0.617283950617 6.79012345679 0)
(0.740740740741 6.79012345679 0)
(0.864197530864 6.79012345679 0)
(0.987654320988 6.79012345679 0)
(1.11111111111 6.79012345679 0)
(1.23456790123 6.79012345679 0)
(1.35802469136 6.79012345679 0)
(1.48148148148 6.79012345679 0)
(1.6049382716 6.79012345679 0)
(1.72839506173 6.79012345679 0)
(1.85185185185 6.79012345679 0)
(1.97530864198 6.79012345679 0)
(2.0987654321 6.79012345679 0)
(2.22222222222 6.79012345679 0)
(2.34567901235 6.79012345679 0)
(2.46913580247 6.79012345679 0)
(2.59259259259 6.79012345679 0)
(2.71604938272 6.79012345679 0)
(2.83950617284 6.79012345679 0)
(2.96296296296 6.79012345679 0)
(3.08641975309 6.79012345679 0)
(3.20987654321 6.79012345679 0)
(3.33333333333 6.79012345679 0)
(3.45679012346 6.79012345679 0)
(3.58024691358 6.79012345679 0)
(3.7037037037 6.79012345679 0)
(3.82716049383 6.79012345679 0)
(3.95061728395 6.79012345679 0)
(4.07407407407 6.79012345679 0)
(4.1975308642 6.79012345679 0)
(4.32098765432 6.79012345679 0)
(4.44444444444 6.79012345679 0)
(4.56790123457 6.79012345679 0)
(4.69135802469 6.79012345679 0)
(4.81481481481 6.79012345679 0)
(4.93827160494 6.79012345679 0)
(5.06172839506 6.79012345679 0)
(5.18518518519 6.79012345679 0)
(5.30864197531 6.79012345679 0)
(5.43209876543 6.79012345679 0)
(5.55555555556 6.79012345679 0)
(5.67901234568 6.79012345679 0)
(5.8024691358 6.79012345679 0)
(5.92592592593 6.79012345679 0)
(6.04938271605 6.79012345679 0)
(6.17283950617 6.79012345679 0)
(6.2962962963 6.79012345679 0)
(6.41975308642 6.79012345679 0)
(6.54320987654 6.79012345679 0)
(6.66666666667 6.79012345679 0)
(6.79012345679 6.79012345679 0)
(6.91358024691 6.79012345679 0)
(7.03703703704 6.79012345679 0)
(7.16049382716 6.79012345679 0)
(7.28395061728 6.79012345679 0)
(7.40740740741 6.79012345679 0)
(7.53086419753 6.79012345679 0)
(7.65432098765 6.79012345679 0)
(7.77777777778 6.79012345679 0)
(7.9012345679 6.79012345679 0)
(8.02469135802 6.79012345679 0)
(8.14814814815 6.79012345679 0)
(8.27160493827 6.79012345679 0)
(8.3950617284 6.79012345679 0)
(8.51851851852 6.79012345679 0)
(8.64197530864 6.79012345679 0)
(8.76543209877 6.79012345679 0)
(8.88888888889 6.79012345679 0)
(9.01234567901 6.79012345679 0)
(9.13580246914 6.79012345679 0)
(9.25925925926 6.79012345679 0)
(9.38271604938 6.79012345679 0)
(9.50617283951 6.79012345679 0)
(9.62962962963 6.79012345679 0)
(9.75308641975 6.79012345679 0)
(9.87654320988 6.79012345679 0)
(10 6.79012345679 0)
(0 6.91358024691 0)
(0.123456790123 6.91358024691 0)
(0.246913580247 6.91358024691 0)
(0.37037037037 6.91358024691 0)
(0.493827160494 6.91358024691 0)
(0.617283950617 6.91358024691 0)
(0.740740740741 6.91358024691 0)
(0.864197530864 6.91358024691 0)
(0.987654320988 6.91358024691 0)
(1.11111111111 6.91358024691 0)
(1.23456790123 6.91358024691 0)
(1.35802469136 6.91358024691 0)
(1.48148148148 6.91358024691 0)
(1.6049382716 6.91358024691 0)
(1.72839506173 6.91358024691 0)
(1.85185185185 6.91358024691 0)
(1.97530864198 6.91358024691 0)
(2.0987654321 6.91358024691 0)
(2.22222222222 6.91358024691 0)
(2.34567901235 6.91358024691 0)
(2.46913580247 6.91358024691 0)
(2.59259259259 6.91358024691 0)
(2.71604938272 6.91358024691 0)
(2.83950617284 6.91358024691 0)
(2.96296296296 6.91358024691 0)
(3.08641975309 6.91358024691 0)
(3.20987654321 6.91358024691 0)
(3.33333333333 6.91358024691 0)
(3.45679012346 6.91358024691 0)
(3.58024691358 6.91358024691 0)
(3.7037037037 6.91358024691 0)
(3.82716049383 6.91358024691 0)
(3.95061728395 6.91358024691 0)
(4.07407407407 6.91358024691 0)
(4.1975308642 6.91358024691 0)
(4.32098765432 6.91358024691 0)
(4.44444444444 6.91358024691 0)
(4.56790123457 6.91358024691 0)
(4.69135802469 6.91358024691 0)
(4.81481481481 6.91358024691 0)
(4.93827160494 6.91358024691 0)
(5.06172839506 6.91358024691 0)
(5.18518518519 6.91358024691 0)
(5.30864197531 6.91358024691 0)
(5.43209876543 6.91358024691 0)
(5.55555555556 6.91358024691 0)
(5.67901234568 6.91358024691 0)
(5.8024691358 6.91358024691 0)
(5.92592592593 6.91358024691 0)
(6.04938271605 6.91358024691 0)
(6.17283950617 6.91358024691 0)
(6.2962962963 6.91358024691 0)
(6.41975308642 6.91358024691 0)
(6.54320987654 6.91358024691 0)
(6.66666666667 6.91358024691 0)
(6.79012345679 6.91358024691 0)
(6.91358024691 6.91358024691 0)
(7.03703703704 6.91358024691 0)
(7.16049382716 6.91358024691 0)
(7.28395061728 6.91358024691 0)
(7.40740740741 6.91358024691 0)
(7.53086419753 6.91358024691 0)
(7.65432098765 6.91358024691 0)
(7.77777777778 6.91358024691 0)
(7.9012345679 6.91358024691 0)
(8.02469135802 6.91358024691 0)
(8.14814814815 6.91358024691 0)
(8.27160493827 6.91358024691 0)
(8.3950617284 6.91358024691 0)
(8.51851851852 6.91358024691 0)
(8.64197530864 6.91358024691 0)
(8.76543209877 6.91358024691 0)
(8.88888888889 6.91358024691 0)
(9.01234567901 6.91358024691 0)
(9.13580246914 6.91358024691 0)
(9.25925925926 6.91358024691 0)
(9.38271604938 6.91358024691 0)
(9.50617283951 6.91358024691 0)
(9.62962962963 6.91358024691 0)
(9.75308641975 6.91358024691 0)
(9.87654320988 6.91358024691 0)
(10 6.91358024691 0)
(0 7.03703703704 0)
(0.123456790123 7.03703703704 0)
(0.246913580247 7.03703703704 0)
(0.37037037037 7.03703703704 0)
(0.493827160494 7.03703703704 0)
(0.617283950617 7.03703703704 0)
(0.740740740741 7.03703703704 0)
(0.864197530864 7.03703703704 0)
(0.987654320988 7.03703703704 0)
(1.11111111111 7.03703703704 0)
(1.23456790123 7.03703703704 0)
(1.35802469136 7.03703703704 0)
(1.48148148148 7.03703703704 0)
(1.6049382716 7.03703703704 0)
(1.72839506173 7.03703703704 0)
(1.85185185185 7.03703703704 0)
(1.97530864198 7.03703703704 0)
(2.0987654321 7.03703703704 0)
(2.22222222222 7.03703703704 0)
(2.34567901235 7.03703703704 0)
(2.46913580247 7.03703703704 0)
(2.59259259259 7.03703703704 0)
(2.71604938272 7.03703703704 0)
(2.83950617284 7.03703703704 0)
(2.96296296296 7.03703703704 0)
(3.08641975309 7.03703703704 0)
(3.20987654321 7.03703703704 0)
(3.33333333333 7.03703703704 0)
(3.45679012346 7.03703703704 0)
(3.58024691358 7.03703703704 0)
(3.7037037037 7.03703703704 0)
(3.82716049383 7.03703703704 0)
(3.95061728395 7.03703703704 0)
(4.07407407407 7.03703703704 0)
(4.1975308642 7.03703703704 0)
(4.32098765432 7.03703703704 0)
(4.44444444444 7.03703703704 0)
(4.56790123457 7.03703703704 0)
(4.69135802469 7.03703703704 0)
(4.81481481481 7.03703703704 0)
(4.93827160494 7.03703703704 0)
(5.06172839506 7.03703703704 0)
(5.18518518519 7.03703703704 0)
(5.30864197531 7.03703703704 0)
(5.43209876543 7.03703703704 0)
(5.55555555556 7.03703703704 0)
(5.67901234568 7.03703703704 0)
(5.8024691358 7.03703703704 0)
(5.92592592593 7.03703703704 0)
(6.04938271605 7.03703703704 0)
(6.17283950617 7.03703703704 0)
(6.2962962963 7.03703703704 0)
(6.41975308642 7.03703703704 0)
(6.54320987654 7.03703703704 0)
(6.66666666667 7.03703703704 0)
(6.79012345679 7.03703703704 0)
(6.91358024691 7.03703703704 0)
(7.03703703704 7.03703703704 0)
(7.16049382716 7.03703703704 0)
(7.28395061728 7.03703703704 0)
(7.40740740741 7.03703703704 0)
(7.53086419753 7.03703703704 0)
(7.65432098765 7.03703703704 0)
(7.77777777778 7.03703703704 0)
(7.9012345679 7.03703703704 0)
(8.02469135802 7.03703703704 0)
(8.14814814815 7.03703703704 0)
(8.27160493827 7.03703703704 0)
(8.3950617284 7.03703703704 0)
(8.51851851852 7.03703703704 0)
(8.64197530864 7.03703703704 0)
(8.76543209877 7.03703703704 0)
(8.88888888889 7.03703703704 0)
(9.01234567901 7.03703703704 0)
(9.13580246914 7.03703703704 0)
(9.25925925926 7.03703703704 0)
(9.38271604938 7.03703703704 0)
(9.50617283951 7.03703703704 0)
(9.62962962963 7.03703703704 0)
(9.75308641975 7.03703703704 0)
(9.87654320988 7.03703703704 0)
(10 7.03703703704 0)
(0 7.16049382716 0)
(0.123456790123 7.16049382716 0)
(0.246913580247 7.16049382716 0)
(0.37037037037 7.16049382716 0)
(0.493827160494 7.16049382716 0)
(0.617283950617 7.16049382716 0)
(0.740740740741 7.16049382716 0)
(0.864197530864 7.16049382716 0)
(0.987654320988 7.16049382716 0)
(1.11111111111 7.16049382716 0)
(1.23456790123 7.16049382716 0)
(1.35802469136 7.16049382716 0)
(1.48148148148 7.16049382716 0)
(1.6049382716 7.16049382716 0)
(1.72839506173 7.16049382716 0)
(1.85185185185 7.16049382716 0)
(1.97530864198 7.16049382716 0)
(2.0987654321 7.16049382716 0)
(2.22222222222 7.16049382716 0)
(2.34567901235 7.16049382716 0)
(2.46913580247 7.16049382716 0)
(2.59259259259 7.16049382716 0)
(2.71604938272 7.16049382716 0)
(2.83950617284 7.16049382716 0)
(2.96296296296 7.16049382716 0)
(3.08641975309 7.16049382716 0)
(3.20987654321 7.16049382716 0)
(3.33333333333 7.16049382716 0)
(3.45679012346 7.16049382716 0)
(3.58024691358 7.16049382716 0)
(3.7037037037 7.16049382716 0)
(3.82716049383 7.16049382716 0)
(3.95061728395 7.16049382716 0)
(4.07407407407 7.16049382716 0)
(4.1975308642 7.16049382716 0)
(4.32098765432 7.16049382716 0)
(4.44444444444 7.16049382716 0)
(4.56790123457 7.16049382716 0)
(4.69135802469 7.16049382716 0)
(4.81481481481 7.16049382716 0)
(4.93827160494 7.16049382716 0)
(5.06172839506 7.16049382716 0)
(5.18518518519 7.16049382716 0)
(5.30864197531 7.16049382716 0)
(5.43209876543 7.16049382716 0)
(5.55555555556 7.16049382716 0)
(5.67901234568 7.16049382716 0)
(5.8024691358 7.16049382716 0)
(5.92592592593 7.16049382716 0)
(6.04938271605 7.16049382716 0)
(6.17283950617 7.16049382716 0)
(6.2962962963 7.16049382716 0)
(6.41975308642 7.16049382716 0)
(6.54320987654 7.16049382716 0)
(6.66666666667 7.16049382716 0)
(6.79012345679 7.16049382716 0)
(6.91358024691 7.16049382716 0)
(7.03703703704 7.16049382716 0)
(7.16049382716 7.16049382716 0)
(7.28395061728 7.16049382716 0)
(7.40740740741 7.16049382716 0)
(7.53086419753 7.16049382716 0)
(7.65432098765 7.16049382716 0)
(7.77777777778 7.16049382716 0)
(7.9012345679 7.16049382716 0)
(8.02469135802 7.16049382716 0)
(8.14814814815 7.16049382716 0)
(8.27160493827 7.16049382716 0)
(8.3950617284 7.16049382716 0)
(8.51851851852 7.16049382716 0)
(8.64197530864 7.16049382716 0)
(8.76543209877 7.16049382716 0)
(8.88888888889 7.16049382716 0)
(9.01234567901 7.16049382716 0)
(9.13580246914 7.16049382716 0)
(9.25925925926 7.16049382716 0)
(9.38271604938 7.16049382716 0)
(9.50617283951 7.16049382716 0)
(9.62962962963 7.16049382716 0)
(9.75308641975 7.16049382716 0)
(9.87654320988 7.16049382716 0)
(10 7.16049382716 0)
(0 7.28395061728 0)
(0.123456790123 7.28395061728 0)
(0.246913580247 7.28395061728 0)
(0.37037037037 7.28395061728 0)
(0.493827160494 7.28395061728 0)
(0.617283950617 7.28395061728 0)
(0.740740740741 7.28395061728 0)
(0.864197530864 7.28395061728 0)
(0.987654320988 7.28395061728 0)
(1.11111111111 7.28395061728 0)
(1.23456790123 7.28395061728 0)
(1.35802469136 7.28395061728 0)
(1.48148148148 7.28395061728 0)
(1.6049382716 7.28395061728 0)
(1.72839506173 7.28395061728 0)
(1.85185185185 7.28395061728 0)
(1.97530864198 7.28395061728 0)
(2.0987654321 7.28395061728 0)
(2.22222222222 7.28395061728 0)
(2.34567901235 7.28395061728 0)
(2.46913580247 7.28395061728 0)
(2.59259259259 7.28395061728 0)
(2.71604938272 7.28395061728 0)
(2.83950617284 7.28395061728 0)
(2.96296296296 7.28395061728 0)
(3.08641975309 7.28395061728 0)
(3.20987654321 7.28395061728 0)
(3.33333333333 7.28395061728 0)
(3.45679012346 7.28395061728 0)
(3.58024691358 7.28395061728 0)
(3.7037037037 7.28395061728 0)
(3.82716049383 7.28395061728 0)
(3.95061728395 7.28395061728 0)
(4.07407407407 7.28395061728 0)
(4.1975308642 7.28395061728 0)
(4.32098765432 7.28395061728 0)
(4.44444444444 7.28395061728 0)
(4.56790123457 7.28395061728 0)
(4.69135802469 7.28395061728 0)
(4.81481481481 7.28395061728 0)
(4.93827160494 7.28395061728 0)
(5.06172839506 7.28395061728 0)
(5.18518518519 7.28395061728 0)
(5.30864197531 7.28395061728 0)
(5.43209876543 7.28395061728 0)
(5.55555555556 7.28395061728 0)
(5.67901234568 7.28395061728 0)
(5.8024691358 7.28395061728 0)
(5.92592592593 7.28395061728 0)
(6.04938271605 7.28395061728 0)
(6.17283950617 7.28395061728 0)
(6.2962962963 7.28395061728 0)
(6.41975308642 7.28395061728 0)
(6.54320987654 7.28395061728 0)
(6.66666666667 7.28395061728 0)
(6.79012345679 7.28395061728 0)
(6.91358024691 7.28395061728 0)
(7.03703703704 7.28395061728 0)
(7.16049382716 7.28395061728 0)
(7.28395061728 7.28395061728 0)
(7.40740740741 7.28395061728 0)
(7.53086419753 7.28395061728 0)
(7.65432098765 7.28395061728 0)
(7.77777777778 7.28395061728 0)
(7.9012345679 7.28395061728 0)
(8.02469135802 7.28395061728 0)
(8.14814814815 7.28395061728 0)
(8.27160493827 7.28395061728 0)
(8.3950617284 7.28395061728 0)
(8.51851851852 7.28395061728 0)
(8.64197530864 7.28395061728 0)
(8.76543209877 7.28395061728 0)
(8.88888888889 7.28395061728 0)
(9.01234567901 7.28395061728 0)
(9.13580246914 7.28395061728 0)
(9.25925925926 7.28395061728 0)
(9.38271604938 7.28395061728 0)
(9.50617283951 7.28395061728 0)
(9.62962962963 7.28395061728 0)
(9.75308641975 7.28395061728 0)
(9.87654320988 7.28395061728 0)
(10 7.28395061728 0)
(0 7.40740740741 0)
(0.123456790123 7.40740740741 0)
(0.246913580247 7.40740740741 0)
(0.37037037037 7.40740740741 0)
(0.493827160494 7.40740740741 0)
(0.617283950617 7.40740740741 0)
(0.740740740741 7.40740740741 0)
(0.864197530864 7.40740740741 0)
(0.987654320988 7.40740740741 0)
(1.11111111111 7.40740740741 0)
(1.23456790123 7.40740740741 0)
(1.35802469136 7.40740740741 0)
(1.48148148148 7.40740740741 0)
(1.6049382716 7.40740740741 0)
(1.72839506173 7.40740740741 0)
(1.85185185185 7.40740740741 0)
(1.97530864198 7.40740740741 0)
(2.0987654321 7.40740740741 0)
(2.22222222222 7.40740740741 0)
(2.34567901235 7.40740740741 0)
(2.46913580247 7.40740740741 0)
(2.59259259259 7.40740740741 0)
(2.71604938272 7.40740740741 0)
(2.83950617284 7.40740740741 0)
(2.96296296296 7.40740740741 0)
(3.08641975309 7.40740740741 0)
(3.20987654321 7.40740740741 0)
(3.33333333333 7.40740740741 0)
(3.45679012346 7.40740740741 0)
(3.58024691358 7.40740740741 0)
(3.7037037037 7.40740740741 0)
(3.82716049383 7.40740740741 0)
(3.95061728395 7.40740740741 0)
(4.07407407407 7.40740740741 0)
(4.1975308642 7.40740740741 0)
(4.32098765432 7.40740740741 0)
(4.44444444444 7.40740740741 0)
(4.56790123457 7.40740740741 0)
(4.69135802469 7.40740740741 0)
(4.81481481481 7.40740740741 0)
(4.93827160494 7.40740740741 0)
(5.06172839506 7.40740740741 0)
(5.18518518519 7.40740740741 0)
(5.30864197531 7.40740740741 0)
(5.43209876543 7.40740740741 0)
(5.55555555556 7.40740740741 0)
(5.67901234568 7.40740740741 0)
(5.8024691358 7.40740740741 0)
(5.92592592593 7.40740740741 0)
(6.04938271605 7.40740740741 0)
(6.17283950617 7.40740740741 0)
(6.2962962963 7.40740740741 0)
(6.41975308642 7.40740740741 0)
(6.54320987654 7.40740740741 0)
(6.66666666667 7.40740740741 0)
(6.79012345679 7.40740740741 0)
(6.91358024691 7.40740740741 0)
(7.03703703704 7.40740740741 0)
(7.16049382716 7.40740740741 0)
(7.28395061728 7.40740740741 0)
(7.40740740741 7.40740740741 0)
(7.53086419753 7.40740740741 0)
(7.65432098765 7.40740740741 0)
(7.77777777778 7.40740740741 0)
(7.9012345679 7.40740740741 0)
(8.02469135802 7.40740740741 0)
(8.14814814815 7.40740740741 0)
(8.27160493827 7.40740740741 0)
(8.3950617284 7.40740740741 0)
(8.51851851852 7.40740740741 0)
(8.64197530864 7.40740740741 0)
(8.76543209877 7.40740740741 0)
(8.88888888889 7.40740740741 0)
(9.01234567901 7.40740740741 0)
(9.13580246914 7.40740740741 0)
(9.25925925926 7.40740740741 0)
(9.38271604938 7.40740740741 0)
(9.50617283951 7.40740740741 0)
(9.62962962963 7.40740740741 0)
(9.75308641975 7.40740740741 0)
(9.87654320988 7.40740740741 0)
(10 7.40740740741 0)
(0 7.53086419753 0)
(0.123456790123 7.53086419753 0)
(0.246913580247 7.53086419753 0)
(0.37037037037 7.53086419753 0)
(0.493827160494 7.53086419753 0)
(0.617283950617 7.53086419753 0)
(0.740740740741 7.53086419753 0)
(0.864197530864 7.53086419753 0)
(0.987654320988 7.53086419753 0)
(1.11111111111 7.53086419753 0)
(1.23456790123 7.53086419753 0)
(1.35802469136 7.53086419753 0)
(1.48148148148 7.53086419753 0)
(1.6049382716 7.53086419753 0)
(1.72839506173 7.53086419753 0)
(1.85185185185 7.53086419753 0)
(1.97530864198 7.53086419753 0)
(2.0987654321 7.53086419753 0)
(2.22222222222 7.53086419753 0)
(2.34567901235 7.53086419753 0)
(2.46913580247 7.53086419753 0)
(2.59259259259 7.53086419753 0)
(2.71604938272 7.53086419753 0)
(2.83950617284 7.53086419753 0)
(2.96296296296 7.53086419753 0)
(3.08641975309 7.53086419753 0)
(3.20987654321 7.53086419753 0)
(3.33333333333 7.53086419753 0)
(3.45679012346 7.53086419753 0)
(3.58024691358 7.53086419753 0)
(3.7037037037 7.53086419753 0)
(3.82716049383 7.53086419753 0)
(3.95061728395 7.53086419753 0)
(4.07407407407 7.53086419753 0)
(4.1975308642 7.53086419753 0)
(4.32098765432 7.53086419753 0)
(4.44444444444 7.53086419753 0)
(4.56790123457 7.53086419753 0)
(4.69135802469 7.53086419753 0)
(4.81481481481 7.53086419753 0)
(4.93827160494 7.53086419753 0)
(5.06172839506 7.53086419753 0)
(5.18518518519 7.53086419753 0)
(5.30864197531 7.53086419753 0)
(5.43209876543 7.53086419753 0)
(5.55555555556 7.53086419753 0)
(5.67901234568 7.53086419753 0)
(5.8024691358 7.53086419753 0)
(5.92592592593 7.53086419753 0)
(6.04938271605 7.53086419753 0)
(6.17283950617 7.53086419753 0)
(6.2962962963 7.53086419753 0)
(6.41975308642 7.53086419753 0)
(6.54320987654 7.53086419753 0)
(6.66666666667 7.53086419753 0)
(6.79012345679 7.53086419753 0)
(6.91358024691 7.53086419753 0)
(7.03703703704 7.53086419753 0)
(7.16049382716 7.53086419753 0)
(7.28395061728 7.53086419753 0)
(7.40740740741 7.53086419753 0)
(7.53086419753 7.53086419753 0)
(7.65432098765 7.53086419753 0)
(7.77777777778 7.53086419753 0)
(7.9012345679 7.53086419753 0)
(8.02469135802 7.53086419753 0)
(8.14814814815 7.53086419753 0)
(8.27160493827 7.53086419753 0)
(8.3950617284 7.53086419753 0)
(8.51851851852 7.53086419753 0)
(8.64197530864 7.53086419753 0)
(8.76543209877 7.53086419753 0)
(8.88888888889 7.53086419753 0)
(9.01234567901 7.53086419753 0)
(9.13580246914 7.53086419753 0)
(9.25925925926 7.53086419753 0)
(9.38271604938 7.53086419753 0)
(9.50617283951 7.53086419753 0)
(9.62962962963 7.53086419753 0)
(9.75308641975 7.53086419753 0)
(9.87654320988 7.53086419753 0)
(10 7.53086419753 0)
(0 7.65432098765 0)
(0.123456790123 7.65432098765 0)
(0.246913580247 7.65432098765 0)
(0.37037037037 7.65432098765 0)
(0.493827160494 7.65432098765 0)
(0.617283950617 7.65432098765 0)
(0.740740740741 7.65432098765 0)
(0.864197530864 7.65432098765 0)
(0.987654320988 7.65432098765 0)
(1.11111111111 7.65432098765 0)
(1.23456790123 7.65432098765 0)
(1.35802469136 7.65432098765 0)
(1.48148148148 7.65432098765 0)
(1.6049382716 7.65432098765 0)
(1.72839506173 7.65432098765 0)
(1.85185185185 7.65432098765 0)
(1.97530864198 7.65432098765 0)
(2.0987654321 7.65432098765 0)
(2.22222222222 7.65432098765 0)
(2.34567901235 7.65432098765 0)
(2.46913580247 7.65432098765 0)
(2.59259259259 7.65432098765 0)
(2.71604938272 7.65432098765 0)
(2.83950617284 7.65432098765 0)
(2.96296296296 7.65432098765 0)
(3.08641975309 7.65432098765 0)
(3.20987654321 7.65432098765 0)
(3.33333333333 7.65432098765 0)
(3.45679012346 7.65432098765 0)
(3.58024691358 7.65432098765 0)
(3.7037037037 7.65432098765 0)
(3.82716049383 7.65432098765 0)
(3.95061728395 7.65432098765 0)
(4.07407407407 7.65432098765 0)
(4.1975308642 7.65432098765 0)
(4.32098765432 7.65432098765 0)
(4.44444444444 7.65432098765 0)
(4.56790123457 7.65432098765 0)
(4.69135802469 7.65432098765 0)
(4.81481481481 7.65432098765 0)
(4.93827160494 7.65432098765 0)
(5.06172839506 7.65432098765 0)
(5.18518518519 7.65432098765 0)
(5.30864197531 7.65432098765 0)
(5.43209876543 7.65432098765 0)
(5.55555555556 7.65432098765 0)
(5.67901234568 7.65432098765 0)
(5.8024691358 7.65432098765 0)
(5.92592592593 7.65432098765 0)
(6.04938271605 7.65432098765 0)
(6.17283950617 7.65432098765 0)
(6.2962962963 7.65432098765 0)
(6.41975308642 7.65432098765 0)
(6.54320987654 7.65432098765 0)
(6.66666666667 7.65432098765 0)
(6.79012345679 7.65432098765 0)
(6.91358024691 7.65432098765 0)
(7.03703703704 7.65432098765 0)
(7.16049382716 7.65432098765 0)
(7.28395061728 7.65432098765 0)
(7.40740740741 7.65432098765 0)
(7.53086419753 7.65432098765 0)
(7.65432098765 7.65432098765 0)
(7.77777777778 7.65432098765 0)
(7.9012345679 7.65432098765 0)
(8.02469135802 7.65432098765 0)
(8.14814814815 7.65432098765 0)
(8.27160493827 7.65432098765 0)
(8.3950617284 7.65432098765 0)
(8.51851851852 7.65432098765 0)
(8.64197530864 7.65432098765 0)
(8.76543209877 7.65432098765 0)
(8.88888888889 7.65432098765 0)
(9.01234567901 7.65432098765 0)
(9.13580246914 7.65432098765 0)
(9.25925925926 7.65432098765 0)
(9.38271604938 7.65432098765 0)
(9.50617283951 7.65432098765 0)
(9.62962962963 7.65432098765 0)
(9.75308641975 7.65432098765 0)
(9.87654320988 7.65432098765 0)
(10 7.65432098765 0)
(0 7.77777777778 0)
(0.123456790123 7.77777777778 0)
(0.246913580247 7.77777777778 0)
(0.37037037037 7.77777777778 0)
(0.493827160494 7.77777777778 0)
(0.617283950617 7.77777777778 0)
(0.740740740741 7.77777777778 0)
(0.864197530864 7.77777777778 0)
(0.987654320988 7.77777777778 0)
(1.11111111111 7.77777777778 0)
(1.23456790123 7.77777777778 0)
(1.35802469136 7.77777777778 0)
(1.48148148148 7.77777777778 0)
(1.6049382716 7.77777777778 0)
(1.72839506173 7.77777777778 0)
(1.85185185185 7.77777777778 0)
(1.97530864198 7.77777777778 0)
(2.0987654321 7.77777777778 0)
(2.22222222222 7.77777777778 0)
(2.34567901235 7.77777777778 0)
(2.46913580247 7.77777777778 0)
(2.59259259259 7.77777777778 0)
(2.71604938272 7.77777777778 0)
(2.83950617284 7.77777777778 0)
(2.96296296296 7.77777777778 0)
(3.08641975309 7.77777777778 0)
(3.20987654321 7.77777777778 0)
(3.33333333333 7.77777777778 0)
(3.45679012346 7.77777777778 0)
(3.58024691358 7.77777777778 0)
(3.7037037037 7.77777777778 0)
(3.82716049383 7.77777777778 0)
(3.95061728395 7.77777777778 0)
(4.07407407407 7.77777777778 0)
(4.1975308642 7.77777777778 0)
(4.32098765432 7.77777777778 0)
(4.44444444444 7.77777777778 0)
(4.56790123457 7.77777777778 0)
(4.69135802469 7.77777777778 0)
(4.81481481481 7.77777777778 0)
(4.93827160494 7.77777777778 0)
(5.06172839506 7.77777777778 0)
(5.18518518519 7.77777777778 0)
(5.30864197531 7.77777777778 0)
(5.43209876543 7.77777777778 0)
(5.55555555556 7.77777777778 0)
(5.67901234568 7.77777777778 0)
(5.8024691358 7.77777777778 0)
(5.92592592593 7.77777777778 0)
(6.04938271605 7.77777777778 0)
(6.17283950617 7.77777777778 0)
(6.2962962963 7.77777777778 0)
(6.41975308642 7.77777777778 0)
(6.54320987654 7.77777777778 0)
(6.66666666667 7.77777777778 0)
(6.79012345679 7.77777777778 0)
(6.91358024691 7.77777777778 0)
(7.03703703704 7.77777777778 0)
(7.16049382716 7.77777777778 0)
(7.28395061728 7.77777777778 0)
(7.40740740741 7.77777777778 0)
(7.53086419753 7.77777777778 0)
(7.65432098765 7.77777777778 0)
(7.77777777778 7.77777777778 0)
(7.9012345679 7.77777777778 0)
(8.02469135802 7.77777777778 0)
(8.14814814815 7.77777777778 0)
(8.27160493827 7.77777777778 0)
(8.3950617284 7.77777777778 0)
(8.51851851852 7.77777777778 0)
(8.64197530864 7.77777777778 0)
(8.76543209877 7.77777777778 0)
(8.88888888889 7.77777777778 0)
(9.01234567901 7.77777777778 0)
(9.13580246914 7.77777777778 0)
(9.25925925926 7.77777777778 0)
(9.38271604938 7.77777777778 0)
(9.50617283951 7.77777777778 0)
(9.62962962963 7.77777777778 0)
(9.75308641975 7.77777777778 0)
(9.87654320988 7.77777777778 0)
(10 7.77777777778 0)
(0 7.9012345679 0)
(0.123456790123 7.9012345679 0)
(0.246913580247 7.9012345679 0)
(0.37037037037 7.9012345679 0)
(0.493827160494 7.9012345679 0)
(0.617283950617 7.9012345679 0)
(0.740740740741 7.9012345679 0)
(0.864197530864 7.9012345679 0)
(0.987654320988 7.9012345679 0)
(1.11111111111 7.9012345679 0)
(1.23456790123 7.9012345679 0)
(1.35802469136 7.9012345679 0)
(1.48148148148 7.9012345679 0)
(1.6049382716 7.9012345679 0)
(1.72839506173 7.9012345679 0)
(1.85185185185 7.9012345679 0)
(1.97530864198 7.9012345679 0)
(2.0987654321 7.9012345679 0)
(2.22222222222 7.9012345679 0)
(2.34567901235 7.9012345679 0)
(2.46913580247 7.9012345679 0)
(2.59259259259 7.9012345679 0)
(2.71604938272 7.9012345679 0)
(2.83950617284 7.9012345679 0)
(2.96296296296 7.9012345679 0)
(3.08641975309 7.9012345679 0)
(3.20987654321 7.9012345679 0)
(3.33333333333 7.9012345679 0)
(3.45679012346 7.9012345679 0)
(3.58024691358 7.9012345679 0)
(3.7037037037 7.9012345679 0)
(3.82716049383 7.9012345679 0)
(3.95061728395 7.9012345679 0)
(4.07407407407 7.9012345679 0)
(4.1975308642 7.9012345679 0)
(4.32098765432 7.9012345679 0)
(4.44444444444 7.9012345679 0)
(4.56790123457 7.9012345679 0)
(4.69135802469 7.9012345679 0)
(4.81481481481 7.9012345679 0)
(4.93827160494 7.9012345679 0)
(5.06172839506 7.9012345679 0)
(5.18518518519 7.9012345679 0)
(5.30864197531 7.9012345679 0)
(5.43209876543 7.9012345679 0)
(5.55555555556 7.9012345679 0)
(5.67901234568 7.9012345679 0)
(5.8024691358 7.9012345679 0)
(5.92592592593 7.9012345679 0)
(6.04938271605 7.9012345679 0)
(6.17283950617 7.9012345679 0)
(6.2962962963 7.9012345679 0)
(6.41975308642 7.9012345679 0)
(6.54320987654 7.9012345679 0)
(6.66666666667 7.9012345679 0)
(6.79012345679 7.9012345679 0)
(6.91358024691 7.9012345679 0)
(7.03703703704 7.9012345679 0)
(7.16049382716 7.9012345679 0)
(7.28395061728 7.9012345679 0)
(7.40740740741 7.9012345679 0)
(7.53086419753 7.9012345679 0)
(7.65432098765 7.9012345679 0)
(7.77777777778 7.9012345679 0)
(7.9012345679 7.9012345679 0)
(8.02469135802 7.9012345679 0)
(8.14814814815 7.9012345679 0)
(8.27160493827 7.9012345679 0)
(8.3950617284 7.9012345679 0)
(8.51851851852 7.9012345679 0)
(8.64197530864 7.9012345679 0)
(8.76543209877 7.9012345679 0)
(8.88888888889 7.9012345679 0)
(9.01234567901 7.9012345679 0)
(9.13580246914 7.9012345679 0)
(9.25925925926 7.9012345679 0)
(9.38271604938 7.9012345679 0)
(9.50617283951 7.9012345679 0)
(9.62962962963 7.9012345679 0)
(9.75308641975 7.9012345679 0)
(9.87654320988 7.9012345679 0)
(10 7.9012345679 0)
(0 8.02469135802 0)
(0.123456790123 8.02469135802 0)
(0.246913580247 8.02469135802 0)
(0.37037037037 8.02469135802 0)
(0.493827160494 8.02469135802 0)
(0.617283950617 8.02469135802 0)
(0.740740740741 8.02469135802 0)
(0.864197530864 8.02469135802 0)
(0.987654320988 8.02469135802 0)
(1.11111111111 8.02469135802 0)
(1.23456790123 8.02469135802 0)
(1.35802469136 8.02469135802 0)
(1.48148148148 8.02469135802 0)
(1.6049382716 8.02469135802 0)
(1.72839506173 8.02469135802 0)
(1.85185185185 8.02469135802 0)
(1.97530864198 8.02469135802 0)
(2.0987654321 8.02469135802 0)
(2.22222222222 8.02469135802 0)
(2.34567901235 8.02469135802 0)
(2.46913580247 8.02469135802 0)
(2.59259259259 8.02469135802 0)
(2.71604938272 8.02469135802 0)
(2.83950617284 8.02469135802 0)
(2.96296296296 8.02469135802 0)
(3.08641975309 8.02469135802 0)
(3.20987654321 8.02469135802 0)
(3.33333333333 8.02469135802 0)
(3.45679012346 8.02469135802 0)
(3.58024691358 8.02469135802 0)
(3.7037037037 8.02469135802 0)
(3.82716049383 8.02469135802 0)
(3.95061728395 8.02469135802 0)
(4.07407407407 8.02469135802 0)
(4.1975308642 8.02469135802 0)
(4.32098765432 8.02469135802 0)
(4.44444444444 8.02469135802 0)
(4.56790123457 8.02469135802 0)
(4.69135802469 8.02469135802 0)
(4.81481481481 8.02469135802 0)
(4.93827160494 8.02469135802 0)
(5.06172839506 8.02469135802 0)
(5.18518518519 8.02469135802 0)
(5.30864197531 8.02469135802 0)
(5.43209876543 8.02469135802 0)
(5.55555555556 8.02469135802 0)
(5.67901234568 8.02469135802 0)
(5.8024691358 8.02469135802 0)
(5.92592592593 8.02469135802 0)
(6.04938271605 8.02469135802 0)
(6.17283950617 8.02469135802 0)
(6.2962962963 8.02469135802 0)
(6.41975308642 8.02469135802 0)
(6.54320987654 8.02469135802 0)
(6.66666666667 8.02469135802 0)
(6.79012345679 8.02469135802 0)
(6.91358024691 8.02469135802 0)
(7.03703703704 8.02469135802 0)
(7.16049382716 8.02469135802 0)
(7.28395061728 8.02469135802 0)
(7.40740740741 8.02469135802 0)
(7.53086419753 8.02469135802 0)
(7.65432098765 8.02469135802 0)
(7.77777777778 8.02469135802 0)
(7.9012345679 8.02469135802 0)
(8.02469135802 8.02469135802 0)
(8.14814814815 8.02469135802 0)
(8.27160493827 8.02469135802 0)
(8.3950617284 8.02469135802 0)
(8.51851851852 8.02469135802 0)
(8.64197530864 8.02469135802 0)
(8.76543209877 8.02469135802 0)
(8.88888888889 8.02469135802 0)
(9.01234567901 8.02469135802 0)
(9.13580246914 8.02469135802 0)
(9.25925925926 8.02469135802 0)
(9.38271604938 8.02469135802 0)
(9.50617283951 8.02469135802 0)
(9.62962962963 8.02469135802 0)
(9.75308641975 8.02469135802 0)
(9.87654320988 8.02469135802 0)
(10 8.02469135802 0)
(0 8.14814814815 0)
(0.123456790123 8.14814814815 0)
(0.246913580247 8.14814814815 0)
(0.37037037037 8.14814814815 0)
(0.493827160494 8.14814814815 0)
(0.617283950617 8.14814814815 0)
(0.740740740741 8.14814814815 0)
(0.864197530864 8.14814814815 0)
(0.987654320988 8.14814814815 0)
(1.11111111111 8.14814814815 0)
(1.23456790123 8.14814814815 0)
(1.35802469136 8.14814814815 0)
(1.48148148148 8.14814814815 0)
(1.6049382716 8.14814814815 0)
(1.72839506173 8.14814814815 0)
(1.85185185185 8.14814814815 0)
(1.97530864198 8.14814814815 0)
(2.0987654321 8.14814814815 0)
(2.22222222222 8.14814814815 0)
(2.34567901235 8.14814814815 0)
(2.46913580247 8.14814814815 0)
(2.59259259259 8.14814814815 0)
(2.71604938272 8.14814814815 0)
(2.83950617284 8.14814814815 0)
(2.96296296296 8.14814814815 0)
(3.08641975309 8.14814814815 0)
(3.20987654321 8.14814814815 0)
(3.33333333333 8.14814814815 0)
(3.45679012346 8.14814814815 0)
(3.58024691358 8.14814814815 0)
(3.7037037037 8.14814814815 0)
(3.82716049383 8.14814814815 0)
(3.95061728395 8.14814814815 0)
(4.07407407407 8.14814814815 0)
(4.1975308642 8.14814814815 0)
(4.32098765432 8.14814814815 0)
(4.44444444444 8.14814814815 0)
(4.56790123457 8.14814814815 0)
(4.69135802469 8.14814814815 0)
(4.81481481481 8.14814814815 0)
(4.93827160494 8.14814814815 0)
(5.06172839506 8.14814814815 0)
(5.18518518519 8.14814814815 0)
(5.30864197531 8.14814814815 0)
(5.43209876543 8.14814814815 0)
(5.55555555556 8.14814814815 0)
(5.67901234568 8.14814814815 0)
(5.8024691358 8.14814814815 0)
(5.92592592593 8.14814814815 0)
(6.04938271605 8.14814814815 0)
(6.17283950617 8.14814814815 0)
(6.2962962963 8.14814814815 0)
(6.41975308642 8.14814814815 0)
(6.54320987654 8.14814814815 0)
(6.66666666667 8.14814814815 0)
(6.79012345679 8.14814814815 0)
(6.91358024691 8.14814814815 0)
(7.03703703704 8.14814814815 0)
(7.16049382716 8.14814814815 0)
(7.28395061728 8.14814814815 0)
(7.40740740741 8.14814814815 0)
(7.53086419753 8.14814814815 0)
(7.65432098765 8.14814814815 0)
(7.77777777778 8.14814814815 0)
(7.9012345679 8.14814814815 0)
(8.02469135802 8.14814814815 0)
(8.14814814815 8.14814814815 0)
(8.27160493827 8.14814814815 0)
(8.3950617284 8.14814814815 0)
(8.51851851852 8.14814814815 0)
(8.64197530864 8.14814814815 0)
(8.76543209877 8.14814814815 0)
(8.88888888889 8.14814814815 0)
(9.01234567901 8.14814814815 0)
(9.13580246914 8.14814814815 0)
(9.25925925926 8.14814814815 0)
(9.38271604938 8.14814814815 0)
(9.50617283951 8.14814814815 0)
(9.62962962963 8.14814814815 0)
(9.75308641975 8.14814814815 0)
(9.87654320988 8.14814814815 0)
(10 8.14814814815 0)
(0 8.27160493827 0)
(0.123456790123 8.27160493827 0)
(0.246913580247 8.27160493827 0)
(0.37037037037 8.27160493827 0)
(0.493827160494 8.27160493827 0)
(0.617283950617 8.27160493827 0)
(0.740740740741 8.27160493827 0)
(0.864197530864 8.27160493827 0)
(0.987654320988 8.27160493827 0)
(1.11111111111 8.27160493827 0)
(1.23456790123 8.27160493827 0)
(1.35802469136 8.27160493827 0)
(1.48148148148 8.27160493827 0)
(1.6049382716 8.27160493827 0)
(1.72839506173 8.27160493827 0)
(1.85185185185 8.27160493827 0)
(1.97530864198 8.27160493827 0)
(2.0987654321 8.27160493827 0)
(2.22222222222 8.27160493827 0)
(2.34567901235 8.27160493827 0)
(2.46913580247 8.27160493827 0)
(2.59259259259 8.27160493827 0)
(2.71604938272 8.27160493827 0)
(2.83950617284 8.27160493827 0)
(2.96296296296 8.27160493827 0)
(3.08641975309 8.27160493827 0)
(3.20987654321 8.27160493827 0)
(3.33333333333 8.27160493827 0)
(3.45679012346 8.27160493827 0)
(3.58024691358 8.27160493827 0)
(3.7037037037 8.27160493827 0)
(3.82716049383 8.27160493827 0)
(3.95061728395 8.27160493827 0)
(4.07407407407 8.27160493827 0)
(4.1975308642 8.27160493827 0)
(4.32098765432 8.27160493827 0)
(4.44444444444 8.27160493827 0)
(4.56790123457 8.27160493827 0)
(4.69135802469 8.27160493827 0)
(4.81481481481 8.27160493827 0)
(4.93827160494 8.27160493827 0)
(5.06172839506 8.27160493827 0)
(5.18518518519 8.27160493827 0)
(5.30864197531 8.27160493827 0)
(5.43209876543 8.27160493827 0)
(5.55555555556 8.27160493827 0)
(5.67901234568 8.27160493827 0)
(5.8024691358 8.27160493827 0)
(5.92592592593 8.27160493827 0)
(6.04938271605 8.27160493827 0)
(6.17283950617 8.27160493827 0)
(6.2962962963 8.27160493827 0)
(6.41975308642 8.27160493827 0)
(6.54320987654 8.27160493827 0)
(6.66666666667 8.27160493827 0)
(6.79012345679 8.27160493827 0)
(6.91358024691 8.27160493827 0)
(7.03703703704 8.27160493827 0)
(7.16049382716 8.27160493827 0)
(7.28395061728 8.27160493827 0)
(7.40740740741 8.27160493827 0)
(7.53086419753 8.27160493827 0)
(7.65432098765 8.27160493827 0)
(7.77777777778 8.27160493827 0)
(7.9012345679 8.27160493827 0)
(8.02469135802 8.27160493827 0)
(8.14814814815 8.27160493827 0)
(8.27160493827 8.27160493827 0)
(8.3950617284 8.27160493827 0)
(8.51851851852 8.27160493827 0)
(8.64197530864 8.27160493827 0)
(8.76543209877 8.27160493827 0)
(8.88888888889 8.27160493827 0)
(9.01234567901 8.27160493827 0)
(9.13580246914 8.27160493827 0)
(9.25925925926 8.27160493827 0)
(9.38271604938 8.27160493827 0)
(9.50617283951 8.27160493827 0)
(9.62962962963 8.27160493827 0)
(9.75308641975 8.27160493827 0)
(9.87654320988 8.27160493827 0)
(10 8.27160493827 0)
(0 8.3950617284 0)
(0.123456790123 8.3950617284 0)
(0.246913580247 8.3950617284 0)
(0.37037037037 8.3950617284 0)
(0.493827160494 8.3950617284 0)
(0.617283950617 8.3950617284 0)
(0.740740740741 8.3950617284 0)
(0.864197530864 8.3950617284 0)
(0.987654320988 8.3950617284 0)
(1.11111111111 8.3950617284 0)
(1.23456790123 8.3950617284 0)
(1.35802469136 8.3950617284 0)
(1.48148148148 8.3950617284 0)
(1.6049382716 8.3950617284 0)
(1.72839506173 8.3950617284 0)
(1.85185185185 8.3950617284 0)
(1.97530864198 8.3950617284 0)
(2.0987654321 8.3950617284 0)
(2.22222222222 8.3950617284 0)
(2.34567901235 8.3950617284 0)
(2.46913580247 8.3950617284 0)
(2.59259259259 8.3950617284 0)
(2.71604938272 8.3950617284 0)
(2.83950617284 8.3950617284 0)
(2.96296296296 8.3950617284 0)
(3.08641975309 8.3950617284 0)
(3.20987654321 8.3950617284 0)
(3.33333333333 8.3950617284 0)
(3.45679012346 8.3950617284 0)
(3.58024691358 8.3950617284 0)
(3.7037037037 8.3950617284 0)
(3.82716049383 8.3950617284 0)
(3.95061728395 8.3950617284 0)
(4.07407407407 8.3950617284 0)
(4.1975308642 8.3950617284 0)
(4.32098765432 8.3950617284 0)
(4.44444444444 8.3950617284 0)
(4.56790123457 8.3950617284 0)
(4.69135802469 8.3950617284 0)
(4.81481481481 8.3950617284 0)
(4.93827160494 8.3950617284 0)
(5.06172839506 8.3950617284 0)
(5.18518518519 8.3950617284 0)
(5.30864197531 8.3950617284 0)
(5.43209876543 8.3950617284 0)
(5.55555555556 8.3950617284 0)
(5.67901234568 8.3950617284 0)
(5.8024691358 8.3950617284 0)
(5.92592592593 8.3950617284 0)
(6.04938271605 8.3950617284 0)
(6.17283950617 8.3950617284 0)
(6.2962962963 8.3950617284 0)
(6.41975308642 8.3950617284 0)
(6.54320987654 8.3950617284 0)
(6.66666666667 8.3950617284 0)
(6.79012345679 8.3950617284 0)
(6.91358024691 8.3950617284 0)
(7.03703703704 8.3950617284 0)
(7.16049382716 8.3950617284 0)
(7.28395061728 8.3950617284 0)
(7.40740740741 8.3950617284 0)
(7.53086419753 8.3950617284 0)
(7.65432098765 8.3950617284 0)
(7.77777777778 8.3950617284 0)
(7.9012345679 8.3950617284 0)
(8.02469135802 8.3950617284 0)
(8.14814814815 8.3950617284 0)
(8.27160493827 8.3950617284 0)
(8.3950617284 8.3950617284 0)
(8.51851851852 8.3950617284 0)
(8.64197530864 8.3950617284 0)
(8.76543209877 8.3950617284 0)
(8.88888888889 8.3950617284 0)
(9.01234567901 8.3950617284 0)
(9.13580246914 8.3950617284 0)
(9.25925925926 8.3950617284 0)
(9.38271604938 8.3950617284 0)
(9.50617283951 8.3950617284 0)
(9.62962962963 8.3950617284 0)
(9.75308641975 8.3950617284 0)
(9.87654320988 8.3950617284 0)
(10 8.3950617284 0)
(0 8.51851851852 0)
(0.123456790123 8.51851851852 0)
(0.246913580247 8.51851851852 0)
(0.37037037037 8.51851851852 0)
(0.493827160494 8.51851851852 0)
(0.617283950617 8.51851851852 0)
(0.740740740741 8.51851851852 0)
(0.864197530864 8.51851851852 0)
(0.987654320988 8.51851851852 0)
(1.11111111111 8.51851851852 0)
(1.23456790123 8.51851851852 0)
(1.35802469136 8.51851851852 0)
(1.48148148148 8.51851851852 0)
(1.6049382716 8.51851851852 0)
(1.72839506173 8.51851851852 0)
(1.85185185185 8.51851851852 0)
(1.97530864198 8.51851851852 0)
(2.0987654321 8.51851851852 0)
(2.22222222222 8.51851851852 0)
(2.34567901235 8.51851851852 0)
(2.46913580247 8.51851851852 0)
(2.59259259259 8.51851851852 0)
(2.71604938272 8.51851851852 0)
(2.83950617284 8.51851851852 0)
(2.96296296296 8.51851851852 0)
(3.08641975309 8.51851851852 0)
(3.20987654321 8.51851851852 0)
(3.33333333333 8.51851851852 0)
(3.45679012346 8.51851851852 0)
(3.58024691358 8.51851851852 0)
(3.7037037037 8.51851851852 0)
(3.82716049383 8.51851851852 0)
(3.95061728395 8.51851851852 0)
(4.07407407407 8.51851851852 0)
(4.1975308642 8.51851851852 0)
(4.32098765432 8.51851851852 0)
(4.44444444444 8.51851851852 0)
(4.56790123457 8.51851851852 0)
(4.69135802469 8.51851851852 0)
(4.81481481481 8.51851851852 0)
(4.93827160494 8.51851851852 0)
(5.06172839506 8.51851851852 0)
(5.18518518519 8.51851851852 0)
(5.30864197531 8.51851851852 0)
(5.43209876543 8.51851851852 0)
(5.55555555556 8.51851851852 0)
(5.67901234568 8.51851851852 0)
(5.8024691358 8.51851851852 0)
(5.92592592593 8.51851851852 0)
(6.04938271605 8.51851851852 0)
(6.17283950617 8.51851851852 0)
(6.2962962963 8.51851851852 0)
(6.41975308642 8.51851851852 0)
(6.54320987654 8.51851851852 0)
(6.66666666667 8.51851851852 0)
(6.79012345679 8.51851851852 0)
(6.91358024691 8.51851851852 0)
(7.03703703704 8.51851851852 0)
(7.16049382716 8.51851851852 0)
(7.28395061728 8.51851851852 0)
(7.40740740741 8.51851851852 0)
(7.53086419753 8.51851851852 0)
(7.65432098765 8.51851851852 0)
(7.77777777778 8.51851851852 0)
(7.9012345679 8.51851851852 0)
(8.02469135802 8.51851851852 0)
(8.14814814815 8.51851851852 0)
(8.27160493827 8.51851851852 0)
(8.3950617284 8.51851851852 0)
(8.51851851852 8.51851851852 0)
(8.64197530864 8.51851851852 0)
(8.76543209877 8.51851851852 0)
(8.88888888889 8.51851851852 0)
(9.01234567901 8.51851851852 0)
(9.13580246914 8.51851851852 0)
(9.25925925926 8.51851851852 0)
(9.38271604938 8.51851851852 0)
(9.50617283951 8.51851851852 0)
(9.62962962963 8.51851851852 0)
(9.75308641975 8.51851851852 0)
(9.87654320988 8.51851851852 0)
(10 8.51851851852 0)
(0 8.64197530864 0)
(0.123456790123 8.64197530864 0)
(0.246913580247 8.64197530864 0)
(0.37037037037 8.64197530864 0)
(0.493827160494 8.64197530864 0)
(0.617283950617 8.64197530864 0)
(0.740740740741 8.64197530864 0)
(0.864197530864 8.64197530864 0)
(0.987654320988 8.64197530864 0)
(1.11111111111 8.64197530864 0)
(1.23456790123 8.64197530864 0)
(1.35802469136 8.64197530864 0)
(1.48148148148 8.64197530864 0)
(1.6049382716 8.64197530864 0)
(1.72839506173 8.64197530864 0)
(1.85185185185 8.64197530864 0)
(1.97530864198 8.64197530864 0)
(2.0987654321 8.64197530864 0)
(2.22222222222 8.64197530864 0)
(2.34567901235 8.64197530864 0)
(2.46913580247 8.64197530864 0)
(2.59259259259 8.64197530864 0)
(2.71604938272 8.64197530864 0)
(2.83950617284 8.64197530864 0)
(2.96296296296 8.64197530864 0)
(3.08641975309 8.64197530864 0)
(3.20987654321 8.64197530864 0)
(3.33333333333 8.64197530864 0)
(3.45679012346 8.64197530864 0)
(3.58024691358 8.64197530864 0)
(3.7037037037 8.64197530864 0)
(3.82716049383 8.64197530864 0)
(3.95061728395 8.64197530864 0)
(4.07407407407 8.64197530864 0)
(4.1975308642 8.64197530864 0)
(4.32098765432 8.64197530864 0)
(4.44444444444 8.64197530864 0)
(4.56790123457 8.64197530864 0)
(4.69135802469 8.64197530864 0)
(4.81481481481 8.64197530864 0)
(4.93827160494 8.64197530864 0)
(5.06172839506 8.64197530864 0)
(5.18518518519 8.64197530864 0)
(5.30864197531 8.64197530864 0)
(5.43209876543 8.64197530864 0)
(5.55555555556 8.64197530864 0)
(5.67901234568 8.64197530864 0)
(5.8024691358 8.64197530864 0)
(5.92592592593 8.64197530864 0)
(6.04938271605 8.64197530864 0)
(6.17283950617 8.64197530864 0)
(6.2962962963 8.64197530864 0)
(6.41975308642 8.64197530864 0)
(6.54320987654 8.64197530864 0)
(6.66666666667 8.64197530864 0)
(6.79012345679 8.64197530864 0)
(6.91358024691 8.64197530864 0)
(7.03703703704 8.64197530864 0)
(7.16049382716 8.64197530864 0)
(7.28395061728 8.64197530864 0)
(7.40740740741 8.64197530864 0)
(7.53086419753 8.64197530864 0)
(7.65432098765 8.64197530864 0)
(7.77777777778 8.64197530864 0)
(7.9012345679 8.64197530864 0)
(8.02469135802 8.64197530864 0)
(8.14814814815 8.64197530864 0)
(8.27160493827 8.64197530864 0)
(8.3950617284 8.64197530864 0)
(8.51851851852 8.64197530864 0)
(8.64197530864 8.64197530864 0)
(8.76543209877 8.64197530864 0)
(8.88888888889 8.64197530864 0)
(9.01234567901 8.64197530864 0)
(9.13580246914 8.64197530864 0)
(9.25925925926 8.64197530864 0)
(9.38271604938 8.64197530864 0)
(9.50617283951 8.64197530864 0)
(9.62962962963 8.64197530864 0)
(9.75308641975 8.64197530864 0)
(9.87654320988 8.64197530864 0)
(10 8.64197530864 0)
(0 8.76543209877 0)
(0.123456790123 8.76543209877 0)
(0.246913580247 8.76543209877 0)
(0.37037037037 8.76543209877 0)
(0.493827160494 8.76543209877 0)
(0.617283950617 8.76543209877 0)
(0.740740740741 8.76543209877 0)
(0.864197530864 8.76543209877 0)
(0.987654320988 8.76543209877 0)
(1.11111111111 8.76543209877 0)
(1.23456790123 8.76543209877 0)
(1.35802469136 8.76543209877 0)
(1.48148148148 8.76543209877 0)
(1.6049382716 8.76543209877 0)
(1.72839506173 8.76543209877 0)
(1.85185185185 8.76543209877 0)
(1.97530864198 8.76543209877 0)
(2.0987654321 8.76543209877 0)
(2.22222222222 8.76543209877 0)
(2.34567901235 8.76543209877 0)
(2.46913580247 8.76543209877 0)
(2.59259259259 8.76543209877 0)
(2.71604938272 8.76543209877 0)
(2.83950617284 8.76543209877 0)
(2.96296296296 8.76543209877 0)
(3.08641975309 8.76543209877 0)
(3.20987654321 8.76543209877 0)
(3.33333333333 8.76543209877 0)
(3.45679012346 8.76543209877 0)
(3.58024691358 8.76543209877 0)
(3.7037037037 8.76543209877 0)
(3.82716049383 8.76543209877 0)
(3.95061728395 8.76543209877 0)
(4.07407407407 8.76543209877 0)
(4.1975308642 8.76543209877 0)
(4.32098765432 8.76543209877 0)
(4.44444444444 8.76543209877 0)
(4.56790123457 8.76543209877 0)
(4.69135802469 8.76543209877 0)
(4.81481481481 8.76543209877 0)
(4.93827160494 8.76543209877 0)
(5.06172839506 8.76543209877 0)
(5.18518518519 8.76543209877 0)
(5.30864197531 8.76543209877 0)
(5.43209876543 8.76543209877 0)
(5.55555555556 8.76543209877 0)
(5.67901234568 8.76543209877 0)
(5.8024691358 8.76543209877 0)
(5.92592592593 8.76543209877 0)
(6.04938271605 8.76543209877 0)
(6.17283950617 8.76543209877 0)
(6.2962962963 8.76543209877 0)
(6.41975308642 8.76543209877 0)
(6.54320987654 8.76543209877 0)
(6.66666666667 8.76543209877 0)
(6.79012345679 8.76543209877 0)
(6.91358024691 8.76543209877 0)
(7.03703703704 8.76543209877 0)
(7.16049382716 8.76543209877 0)
(7.28395061728 8.76543209877 0)
(7.40740740741 8.76543209877 0)
(7.53086419753 8.76543209877 0)
(7.65432098765 8.76543209877 0)
(7.77777777778 8.76543209877 0)
(7.9012345679 8.76543209877 0)
(8.02469135802 8.76543209877 0)
(8.14814814815 8.76543209877 0)
(8.27160493827 8.76543209877 0)
(8.3950617284 8.76543209877 0)
(8.51851851852 8.76543209877 0)
(8.64197530864 8.76543209877 0)
(8.76543209877 8.76543209877 0)
(8.88888888889 8.76543209877 0)
(9.01234567901 8.76543209877 0)
(9.13580246914 8.76543209877 0)
(9.25925925926 8.76543209877 0)
(9.38271604938 8.76543209877 0)
(9.50617283951 8.76543209877 0)
(9.62962962963 8.76543209877 0)
(9.75308641975 8.76543209877 0)
(9.87654320988 8.76543209877 0)
(10 8.76543209877 0)
(0 8.88888888889 0)
(0.123456790123 8.88888888889 0)
(0.246913580247 8.88888888889 0)
(0.37037037037 8.88888888889 0)
(0.493827160494 8.88888888889 0)
(0.617283950617 8.88888888889 0)
(0.740740740741 8.88888888889 0)
(0.864197530864 8.88888888889 0)
(0.987654320988 8.88888888889 0)
(1.11111111111 8.88888888889 0)
(1.23456790123 8.88888888889 0)
(1.35802469136 8.88888888889 0)
(1.48148148148 8.88888888889 0)
(1.6049382716 8.88888888889 0)
(1.72839506173 8.88888888889 0)
(1.85185185185 8.88888888889 0)
(1.97530864198 8.88888888889 0)
(2.0987654321 8.88888888889 0)
(2.22222222222 8.88888888889 0)
(2.34567901235 8.88888888889 0)
(2.46913580247 8.88888888889 0)
(2.59259259259 8.88888888889 0)
(2.71604938272 8.88888888889 0)
(2.83950617284 8.88888888889 0)
(2.96296296296 8.88888888889 0)
(3.08641975309 8.88888888889 0)
(3.20987654321 8.88888888889 0)
(3.33333333333 8.88888888889 0)
(3.45679012346 8.88888888889 0)
(3.58024691358 8.88888888889 0)
(3.7037037037 8.88888888889 0)
(3.82716049383 8.88888888889 0)
(3.95061728395 8.88888888889 0)
(4.07407407407 8.88888888889 0)
(4.1975308642 8.88888888889 0)
(4.32098765432 8.88888888889 0)
(4.44444444444 8.88888888889 0)
(4.56790123457 8.88888888889 0)
(4.69135802469 8.88888888889 0)
(4.81481481481 8.88888888889 0)
(4.93827160494 8.88888888889 0)
(5.06172839506 8.88888888889 0)
(5.18518518519 8.88888888889 0)
(5.30864197531 8.88888888889 0)
(5.43209876543 8.88888888889 0)
(5.55555555556 8.88888888889 0)
(5.67901234568 8.88888888889 0)
(5.8024691358 8.88888888889 0)
(5.92592592593 8.88888888889 0)
(6.04938271605 8.88888888889 0)
(6.17283950617 8.88888888889 0)
(6.2962962963 8.88888888889 0)
(6.41975308642 8.88888888889 0)
(6.54320987654 8.88888888889 0)
(6.66666666667 8.88888888889 0)
(6.79012345679 8.88888888889 0)
(6.91358024691 8.88888888889 0)
(7.03703703704 8.88888888889 0)
(7.16049382716 8.88888888889 0)
(7.28395061728 8.88888888889 0)
(7.40740740741 8.88888888889 0)
(7.53086419753 8.88888888889 0)
(7.65432098765 8.88888888889 0)
(7.77777777778 8.88888888889 0)
(7.9012345679 8.88888888889 0)
(8.02469135802 8.88888888889 0)
(8.14814814815 8.88888888889 0)
(8.27160493827 8.88888888889 0)
(8.3950617284 8.88888888889 0)
(8.51851851852 8.88888888889 0)
(8.64197530864 8.88888888889 0)
(8.76543209877 8.88888888889 0)
(8.88888888889 8.88888888889 0)
(9.01234567901 8.88888888889 0)
(9.13580246914 8.88888888889 0)
(9.25925925926 8.88888888889 0)
(9.38271604938 8.88888888889 0)
(9.50617283951 8.88888888889 0)
(9.62962962963 8.88888888889 0)
(9.75308641975 8.88888888889 0)
(9.87654320988 8.88888888889 0)
(10 8.88888888889 0)
(0 9.01234567901 0)
(0.123456790123 9.01234567901 0)
(0.246913580247 9.01234567901 0)
(0.37037037037 9.01234567901 0)
(0.493827160494 9.01234567901 0)
(0.617283950617 9.01234567901 0)
(0.740740740741 9.01234567901 0)
(0.864197530864 9.01234567901 0)
(0.987654320988 9.01234567901 0)
(1.11111111111 9.01234567901 0)
(1.23456790123 9.01234567901 0)
(1.35802469136 9.01234567901 0)
(1.48148148148 9.01234567901 0)
(1.6049382716 9.01234567901 0)
(1.72839506173 9.01234567901 0)
(1.85185185185 9.01234567901 0)
(1.97530864198 9.01234567901 0)
(2.0987654321 9.01234567901 0)
(2.22222222222 9.01234567901 0)
(2.34567901235 9.01234567901 0)
(2.46913580247 9.01234567901 0)
(2.59259259259 9.01234567901 0)
(2.71604938272 9.01234567901 0)
(2.83950617284 9.01234567901 0)
(2.96296296296 9.01234567901 0)
(3.08641975309 9.01234567901 0)
(3.20987654321 9.01234567901 0)
(3.33333333333 9.01234567901 0)
(3.45679012346 9.01234567901 0)
(3.58024691358 9.01234567901 0)
(3.7037037037 9.01234567901 0)
(3.82716049383 9.01234567901 0)
(3.95061728395 9.01234567901 0)
(4.07407407407 9.01234567901 0)
(4.1975308642 9.01234567901 0)
(4.32098765432 9.01234567901 0)
(4.44444444444 9.01234567901 0)
(4.56790123457 9.01234567901 0)
(4.69135802469 9.01234567901 0)
(4.81481481481 9.01234567901 0)
(4.93827160494 9.01234567901 0)
(5.06172839506 9.01234567901 0)
(5.18518518519 9.01234567901 0)
(5.30864197531 9.01234567901 0)
(5.43209876543 9.01234567901 0)
(5.55555555556 9.01234567901 0)
(5.67901234568 9.01234567901 0)
(5.8024691358 9.01234567901 0)
(5.92592592593 9.01234567901 0)
(6.04938271605 9.01234567901 0)
(6.17283950617 9.01234567901 0)
(6.2962962963 9.01234567901 0)
(6.41975308642 9.01234567901 0)
(6.54320987654 9.01234567901 0)
(6.66666666667 9.01234567901 0)
(6.79012345679 9.01234567901 0)
(6.91358024691 9.01234567901 0)
(7.03703703704 9.01234567901 0)
(7.16049382716 9.01234567901 0)
(7.28395061728 9.01234567901 0)
(7.40740740741 9.01234567901 0)
(7.53086419753 9.01234567901 0)
(7.65432098765 9.01234567901 0)
(7.77777777778 9.01234567901 0)
(7.9012345679 9.01234567901 0)
(8.02469135802 9.01234567901 0)
(8.14814814815 9.01234567901 0)
(8.27160493827 9.01234567901 0)
(8.3950617284 9.01234567901 0)
(8.51851851852 9.01234567901 0)
(8.64197530864 9.01234567901 0)
(8.76543209877 9.01234567901 0)
(8.88888888889 9.01234567901 0)
(9.01234567901 9.01234567901 0)
(9.13580246914 9.01234567901 0)
(9.25925925926 9.01234567901 0)
(9.38271604938 9.01234567901 0)
(9.50617283951 9.01234567901 0)
(9.62962962963 9.01234567901 0)
(9.75308641975 9.01234567901 0)
(9.87654320988 9.01234567901 0)
(10 9.01234567901 0)
(0 9.13580246914 0)
(0.123456790123 9.13580246914 0)
(0.246913580247 9.13580246914 0)
(0.37037037037 9.13580246914 0)
(0.493827160494 9.13580246914 0)
(0.617283950617 9.13580246914 0)
(0.740740740741 9.13580246914 0)
(0.864197530864 9.13580246914 0)
(0.987654320988 9.13580246914 0)
(1.11111111111 9.13580246914 0)
(1.23456790123 9.13580246914 0)
(1.35802469136 9.13580246914 0)
(1.48148148148 9.13580246914 0)
(1.6049382716 9.13580246914 0)
(1.72839506173 9.13580246914 0)
(1.85185185185 9.13580246914 0)
(1.97530864198 9.13580246914 0)
(2.0987654321 9.13580246914 0)
(2.22222222222 9.13580246914 0)
(2.34567901235 9.13580246914 0)
(2.46913580247 9.13580246914 0)
(2.59259259259 9.13580246914 0)
(2.71604938272 9.13580246914 0)
(2.83950617284 9.13580246914 0)
(2.96296296296 9.13580246914 0)
(3.08641975309 9.13580246914 0)
(3.20987654321 9.13580246914 0)
(3.33333333333 9.13580246914 0)
(3.45679012346 9.13580246914 0)
(3.58024691358 9.13580246914 0)
(3.7037037037 9.13580246914 0)
(3.82716049383 9.13580246914 0)
(3.95061728395 9.13580246914 0)
(4.07407407407 9.13580246914 0)
(4.1975308642 9.13580246914 0)
(4.32098765432 9.13580246914 0)
(4.44444444444 9.13580246914 0)
(4.56790123457 9.13580246914 0)
(4.69135802469 9.13580246914 0)
(4.81481481481 9.13580246914 0)
(4.93827160494 9.13580246914 0)
(5.06172839506 9.13580246914 0)
(5.18518518519 9.13580246914 0)
(5.30864197531 9.13580246914 0)
(5.43209876543 9.13580246914 0)
(5.55555555556 9.13580246914 0)
(5.67901234568 9.13580246914 0)
(5.8024691358 9.13580246914 0)
(5.92592592593 9.13580246914 0)
(6.04938271605 9.13580246914 0)
(6.17283950617 9.13580246914 0)
(6.2962962963 9.13580246914 0)
(6.41975308642 9.13580246914 0)
(6.54320987654 9.13580246914 0)
(6.66666666667 9.13580246914 0)
(6.79012345679 9.13580246914 0)
(6.91358024691 9.13580246914 0)
(7.03703703704 9.13580246914 0)
(7.16049382716 9.13580246914 0)
(7.28395061728 9.13580246914 0)
(7.40740740741 9.13580246914 0)
(7.53086419753 9.13580246914 0)
(7.65432098765 9.13580246914 0)
(7.77777777778 9.13580246914 0)
(7.9012345679 9.13580246914 0)
(8.02469135802 9.13580246914 0)
(8.14814814815 9.13580246914 0)
(8.27160493827 9.13580246914 0)
(8.3950617284 9.13580246914 0)
(8.51851851852 9.13580246914 0)
(8.64197530864 9.13580246914 0)
(8.76543209877 9.13580246914 0)
(8.88888888889 9.13580246914 0)
(9.01234567901 9.13580246914 0)
(9.13580246914 9.13580246914 0)
(9.25925925926 9.13580246914 0)
(9.38271604938 9.13580246914 0)
(9.50617283951 9.13580246914 0)
(9.62962962963 9.13580246914 0)
(9.75308641975 9.13580246914 0)
(9.87654320988 9.13580246914 0)
(10 9.13580246914 0)
(0 9.25925925926 0)
(0.123456790123 9.25925925926 0)
(0.246913580247 9.25925925926 0)
(0.37037037037 9.25925925926 0)
(0.493827160494 9.25925925926 0)
(0.617283950617 9.25925925926 0)
(0.740740740741 9.25925925926 0)
(0.864197530864 9.25925925926 0)
(0.987654320988 9.25925925926 0)
(1.11111111111 9.25925925926 0)
(1.23456790123 9.25925925926 0)
(1.35802469136 9.25925925926 0)
(1.48148148148 9.25925925926 0)
(1.6049382716 9.25925925926 0)
(1.72839506173 9.25925925926 0)
(1.85185185185 9.25925925926 0)
(1.97530864198 9.25925925926 0)
(2.0987654321 9.25925925926 0)
(2.22222222222 9.25925925926 0)
(2.34567901235 9.25925925926 0)
(2.46913580247 9.25925925926 0)
(2.59259259259 9.25925925926 0)
(2.71604938272 9.25925925926 0)
(2.83950617284 9.25925925926 0)
(2.96296296296 9.25925925926 0)
(3.08641975309 9.25925925926 0)
(3.20987654321 9.25925925926 0)
(3.33333333333 9.25925925926 0)
(3.45679012346 9.25925925926 0)
(3.58024691358 9.25925925926 0)
(3.7037037037 9.25925925926 0)
(3.82716049383 9.25925925926 0)
(3.95061728395 9.25925925926 0)
(4.07407407407 9.25925925926 0)
(4.1975308642 9.25925925926 0)
(4.32098765432 9.25925925926 0)
(4.44444444444 9.25925925926 0)
(4.56790123457 9.25925925926 0)
(4.69135802469 9.25925925926 0)
(4.81481481481 9.25925925926 0)
(4.93827160494 9.25925925926 0)
(5.06172839506 9.25925925926 0)
(5.18518518519 9.25925925926 0)
(5.30864197531 9.25925925926 0)
(5.43209876543 9.25925925926 0)
(5.55555555556 9.25925925926 0)
(5.67901234568 9.25925925926 0)
(5.8024691358 9.25925925926 0)
(5.92592592593 9.25925925926 0)
(6.04938271605 9.25925925926 0)
(6.17283950617 9.25925925926 0)
(6.2962962963 9.25925925926 0)
(6.41975308642 9.25925925926 0)
(6.54320987654 9.25925925926 0)
(6.66666666667 9.25925925926 0)
(6.79012345679 9.25925925926 0)
(6.91358024691 9.25925925926 0)
(7.03703703704 9.25925925926 0)
(7.16049382716 9.25925925926 0)
(7.28395061728 9.25925925926 0)
(7.40740740741 9.25925925926 0)
(7.53086419753 9.25925925926 0)
(7.65432098765 9.25925925926 0)
(7.77777777778 9.25925925926 0)
(7.9012345679 9.25925925926 0)
(8.02469135802 9.25925925926 0)
(8.14814814815 9.25925925926 0)
(8.27160493827 9.25925925926 0)
(8.3950617284 9.25925925926 0)
(8.51851851852 9.25925925926 0)
(8.64197530864 9.25925925926 0)
(8.76543209877 9.25925925926 0)
(8.88888888889 9.25925925926 0)
(9.01234567901 9.25925925926 0)
(9.13580246914 9.25925925926 0)
(9.25925925926 9.25925925926 0)
(9.38271604938 9.25925925926 0)
(9.50617283951 9.25925925926 0)
(9.62962962963 9.25925925926 0)
(9.75308641975 9.25925925926 0)
(9.87654320988 9.25925925926 0)
(10 9.25925925926 0)
(0 9.38271604938 0)
(0.123456790123 9.38271604938 0)
(0.246913580247 9.38271604938 0)
(0.37037037037 9.38271604938 0)
(0.493827160494 9.38271604938 0)
(0.617283950617 9.38271604938 0)
(0.740740740741 9.38271604938 0)
(0.864197530864 9.38271604938 0)
(0.987654320988 9.38271604938 0)
(1.11111111111 9.38271604938 0)
(1.23456790123 9.38271604938 0)
(1.35802469136 9.38271604938 0)
(1.48148148148 9.38271604938 0)
(1.6049382716 9.38271604938 0)
(1.72839506173 9.38271604938 0)
(1.85185185185 9.38271604938 0)
(1.97530864198 9.38271604938 0)
(2.0987654321 9.38271604938 0)
(2.22222222222 9.38271604938 0)
(2.34567901235 9.38271604938 0)
(2.46913580247 9.38271604938 0)
(2.59259259259 9.38271604938 0)
(2.71604938272 9.38271604938 0)
(2.83950617284 9.38271604938 0)
(2.96296296296 9.38271604938 0)
(3.08641975309 9.38271604938 0)
(3.20987654321 9.38271604938 0)
(3.33333333333 9.38271604938 0)
(3.45679012346 9.38271604938 0)
(3.58024691358 9.38271604938 0)
(3.7037037037 9.38271604938 0)
(3.82716049383 9.38271604938 0)
(3.95061728395 9.38271604938 0)
(4.07407407407 9.38271604938 0)
(4.1975308642 9.38271604938 0)
(4.32098765432 9.38271604938 0)
(4.44444444444 9.38271604938 0)
(4.56790123457 9.38271604938 0)
(4.69135802469 9.38271604938 0)
(4.81481481481 9.38271604938 0)
(4.93827160494 9.38271604938 0)
(5.06172839506 9.38271604938 0)
(5.18518518519 9.38271604938 0)
(5.30864197531 9.38271604938 0)
(5.43209876543 9.38271604938 0)
(5.55555555556 9.38271604938 0)
(5.67901234568 9.38271604938 0)
(5.8024691358 9.38271604938 0)
(5.92592592593 9.38271604938 0)
(6.04938271605 9.38271604938 0)
(6.17283950617 9.38271604938 0)
(6.2962962963 9.38271604938 0)
(6.41975308642 9.38271604938 0)
(6.54320987654 9.38271604938 0)
(6.66666666667 9.38271604938 0)
(6.79012345679 9.38271604938 0)
(6.91358024691 9.38271604938 0)
(7.03703703704 9.38271604938 0)
(7.16049382716 9.38271604938 0)
(7.28395061728 9.38271604938 0)
(7.40740740741 9.38271604938 0)
(7.53086419753 9.38271604938 0)
(7.65432098765 9.38271604938 0)
(7.77777777778 9.38271604938 0)
(7.9012345679 9.38271604938 0)
(8.02469135802 9.38271604938 0)
(8.14814814815 9.38271604938 0)
(8.27160493827 9.38271604938 0)
(8.3950617284 9.38271604938 0)
(8.51851851852 9.38271604938 0)
(8.64197530864 9.38271604938 0)
(8.76543209877 9.38271604938 0)
(8.88888888889 9.38271604938 0)
(9.01234567901 9.38271604938 0)
(9.13580246914 9.38271604938 0)
(9.25925925926 9.38271604938 0)
(9.38271604938 9.38271604938 0)
(9.50617283951 9.38271604938 0)
(9.62962962963 9.38271604938 0)
(9.75308641975 9.38271604938 0)
(9.87654320988 9.38271604938 0)
(10 9.38271604938 0)
(0 9.50617283951 0)
(0.123456790123 9.50617283951 0)
(0.246913580247 9.50617283951 0)
(0.37037037037 9.50617283951 0)
(0.493827160494 9.50617283951 0)
(0.617283950617 9.50617283951 0)
(0.740740740741 9.50617283951 0)
(0.864197530864 9.50617283951 0)
(0.987654320988 9.50617283951 0)
(1.11111111111 9.50617283951 0)
(1.23456790123 9.50617283951 0)
(1.35802469136 9.50617283951 0)
(1.48148148148 9.50617283951 0)
(1.6049382716 9.50617283951 0)
(1.72839506173 9.50617283951 0)
(1.85185185185 9.50617283951 0)
(1.97530864198 9.50617283951 0)
(2.0987654321 9.50617283951 0)
(2.22222222222 9.50617283951 0)
(2.34567901235 9.50617283951 0)
(2.46913580247 9.50617283951 0)
(2.59259259259 9.50617283951 0)
(2.71604938272 9.50617283951 0)
(2.83950617284 9.50617283951 0)
(2.96296296296 9.50617283951 0)
(3.08641975309 9.50617283951 0)
(3.20987654321 9.50617283951 0)
(3.33333333333 9.50617283951 0)
(3.45679012346 9.50617283951 0)
(3.58024691358 9.50617283951 0)
(3.7037037037 9.50617283951 0)
(3.82716049383 9.50617283951 0)
(3.95061728395 9.50617283951 0)
(4.07407407407 9.50617283951 0)
(4.1975308642 9.50617283951 0)
(4.32098765432 9.50617283951 0)
(4.44444444444 9.50617283951 0)
(4.56790123457 9.50617283951 0)
(4.69135802469 9.50617283951 0)
(4.81481481481 9.50617283951 0)
(4.93827160494 9.50617283951 0)
(5.06172839506 9.50617283951 0)
(5.18518518519 9.50617283951 0)
(5.30864197531 9.50617283951 0)
(5.43209876543 9.50617283951 0)
(5.55555555556 9.50617283951 0)
(5.67901234568 9.50617283951 0)
(5.8024691358 9.50617283951 0)
(5.92592592593 9.50617283951 0)
(6.04938271605 9.50617283951 0)
(6.17283950617 9.50617283951 0)
(6.2962962963 9.50617283951 0)
(6.41975308642 9.50617283951 0)
(6.54320987654 9.50617283951 0)
(6.66666666667 9.50617283951 0)
(6.79012345679 9.50617283951 0)
(6.91358024691 9.50617283951 0)
(7.03703703704 9.50617283951 0)
(7.16049382716 9.50617283951 0)
(7.28395061728 9.50617283951 0)
(7.40740740741 9.50617283951 0)
(7.53086419753 9.50617283951 0)
(7.65432098765 9.50617283951 0)
(7.77777777778 9.50617283951 0)
(7.9012345679 9.50617283951 0)
(8.02469135802 9.50617283951 0)
(8.14814814815 9.50617283951 0)
(8.27160493827 9.50617283951 0)
(8.3950617284 9.50617283951 0)
(8.51851851852 9.50617283951 0)
(8.64197530864 9.50617283951 0)
(8.76543209877 9.50617283951 0)
(8.88888888889 9.50617283951 0)
(9.01234567901 9.50617283951 0)
(9.13580246914 9.50617283951 0)
(9.25925925926 9.50617283951 0)
(9.38271604938 9.50617283951 0)
(9.50617283951 9.50617283951 0)
(9.62962962963 9.50617283951 0)
(9.75308641975 9.50617283951 0)
(9.87654320988 9.50617283951 0)
(10 9.50617283951 0)
(0 9.62962962963 0)
(0.123456790123 9.62962962963 0)
(0.246913580247 9.62962962963 0)
(0.37037037037 9.62962962963 0)
(0.493827160494 9.62962962963 0)
(0.617283950617 9.62962962963 0)
(0.740740740741 9.62962962963 0)
(0.864197530864 9.62962962963 0)
(0.987654320988 9.62962962963 0)
(1.11111111111 9.62962962963 0)
(1.23456790123 9.62962962963 0)
(1.35802469136 9.62962962963 0)
(1.48148148148 9.62962962963 0)
(1.6049382716 9.62962962963 0)
(1.72839506173 9.62962962963 0)
(1.85185185185 9.62962962963 0)
(1.97530864198 9.62962962963 0)
(2.0987654321 9.62962962963 0)
(2.22222222222 9.62962962963 0)
(2.34567901235 9.62962962963 0)
(2.46913580247 9.62962962963 0)
(2.59259259259 9.62962962963 0)
(2.71604938272 9.62962962963 0)
(2.83950617284 9.62962962963 0)
(2.96296296296 9.62962962963 0)
(3.08641975309 9.62962962963 0)
(3.20987654321 9.62962962963 0)
(3.33333333333 9.62962962963 0)
(3.45679012346 9.62962962963 0)
(3.58024691358 9.62962962963 0)
(3.7037037037 9.62962962963 0)
(3.82716049383 9.62962962963 0)
(3.95061728395 9.62962962963 0)
(4.07407407407 9.62962962963 0)
(4.1975308642 9.62962962963 0)
(4.32098765432 9.62962962963 0)
(4.44444444444 9.62962962963 0)
(4.56790123457 9.62962962963 0)
(4.69135802469 9.62962962963 0)
(4.81481481481 9.62962962963 0)
(4.93827160494 9.62962962963 0)
(5.06172839506 9.62962962963 0)
(5.18518518519 9.62962962963 0)
(5.30864197531 9.62962962963 0)
(5.43209876543 9.62962962963 0)
(5.55555555556 9.62962962963 0)
(5.67901234568 9.62962962963 0)
(5.8024691358 9.62962962963 0)
(5.92592592593 9.62962962963 0)
(6.04938271605 9.62962962963 0)
(6.17283950617 9.62962962963 0)
(6.2962962963 9.62962962963 0)
(6.41975308642 9.62962962963 0)
(6.54320987654 9.62962962963 0)
(6.66666666667 9.62962962963 0)
(6.79012345679 9.62962962963 0)
(6.91358024691 9.62962962963 0)
(7.03703703704 9.62962962963 0)
(7.16049382716 9.62962962963 0)
(7.28395061728 9.62962962963 0)
(7.40740740741 9.62962962963 0)
(7.53086419753 9.62962962963 0)
(7.65432098765 9.62962962963 0)
(7.77777777778 9.62962962963 0)
(7.9012345679 9.62962962963 0)
(8.02469135802 9.62962962963 0)
(8.14814814815 9.62962962963 0)
(8.27160493827 9.62962962963 0)
(8.3950617284 9.62962962963 0)
(8.51851851852 9.62962962963 0)
(8.64197530864 9.62962962963 0)
(8.76543209877 9.62962962963 0)
(8.88888888889 9.62962962963 0)
(9.01234567901 9.62962962963 0)
(9.13580246914 9.62962962963 0)
(9.25925925926 9.62962962963 0)
(9.38271604938 9.62962962963 0)
(9.50617283951 9.62962962963 0)
(9.62962962963 9.62962962963 0)
(9.75308641975 9.62962962963 0)
(9.87654320988 9.62962962963 0)
(10 9.62962962963 0)
(0 9.75308641975 0)
(0.123456790123 9.75308641975 0)
(0.246913580247 9.75308641975 0)
(0.37037037037 9.75308641975 0)
(0.493827160494 9.75308641975 0)
(0.617283950617 9.75308641975 0)
(0.740740740741 9.75308641975 0)
(0.864197530864 9.75308641975 0)
(0.987654320988 9.75308641975 0)
(1.11111111111 9.75308641975 0)
(1.23456790123 9.75308641975 0)
(1.35802469136 9.75308641975 0)
(1.48148148148 9.75308641975 0)
(1.6049382716 9.75308641975 0)
(1.72839506173 9.75308641975 0)
(1.85185185185 9.75308641975 0)
(1.97530864198 9.75308641975 0)
(2.0987654321 9.75308641975 0)
(2.22222222222 9.75308641975 0)
(2.34567901235 9.75308641975 0)
(2.46913580247 9.75308641975 0)
(2.59259259259 9.75308641975 0)
(2.71604938272 9.75308641975 0)
(2.83950617284 9.75308641975 0)
(2.96296296296 9.75308641975 0)
(3.08641975309 9.75308641975 0)
(3.20987654321 9.75308641975 0)
(3.33333333333 9.75308641975 0)
(3.45679012346 9.75308641975 0)
(3.58024691358 9.75308641975 0)
(3.7037037037 9.75308641975 0)
(3.82716049383 9.75308641975 0)
(3.95061728395 9.75308641975 0)
(4.07407407407 9.75308641975 0)
(4.1975308642 9.75308641975 0)
(4.32098765432 9.75308641975 0)
(4.44444444444 9.75308641975 0)
(4.56790123457 9.75308641975 0)
(4.69135802469 9.75308641975 0)
(4.81481481481 9.75308641975 0)
(4.93827160494 9.75308641975 0)
(5.06172839506 9.75308641975 0)
(5.18518518519 9.75308641975 0)
(5.30864197531 9.75308641975 0)
(5.43209876543 9.75308641975 0)
(5.55555555556 9.75308641975 0)
(5.67901234568 9.75308641975 0)
(5.8024691358 9.75308641975 0)
(5.92592592593 9.75308641975 0)
(6.04938271605 9.75308641975 0)
(6.17283950617 9.75308641975 0)
(6.2962962963 9.75308641975 0)
(6.41975308642 9.75308641975 0)
(6.54320987654 9.75308641975 0)
(6.66666666667 9.75308641975 0)
(6.79012345679 9.75308641975 0)
(6.91358024691 9.75308641975 0)
(7.03703703704 9.75308641975 0)
(7.16049382716 9.75308641975 0)
(7.28395061728 9.75308641975 0)
(7.40740740741 9.75308641975 0)
(7.53086419753 9.75308641975 0)
(7.65432098765 9.75308641975 0)
(7.77777777778 9.75308641975 0)
(7.9012345679 9.75308641975 0)
(8.02469135802 9.75308641975 0)
(8.14814814815 9.75308641975 0)
(8.27160493827 9.75308641975 0)
(8.3950617284 9.75308641975 0)
(8.51851851852 9.75308641975 0)
(8.64197530864 9.75308641975 0)
(8.76543209877 9.75308641975 0)
(8.88888888889 9.75308641975 0)
(9.01234567901 9.75308641975 0)
(9.13580246914 9.75308641975 0)
(9.25925925926 9.75308641975 0)
(9.38271604938 9.75308641975 0)
(9.50617283951 9.75308641975 0)
(9.62962962963 9.75308641975 0)
(9.75308641975 9.75308641975 0)
(9.87654320988 9.75308641975 0)
(10 9.75308641975 0)
(0 9.87654320988 0)
(0.123456790123 9.87654320988 0)
(0.246913580247 9.87654320988 0)
(0.37037037037 9.87654320988 0)
(0.493827160494 9.87654320988 0)
(0.617283950617 9.87654320988 0)
(0.740740740741 9.87654320988 0)
(0.864197530864 9.87654320988 0)
(0.987654320988 9.87654320988 0)
(1.11111111111 9.87654320988 0)
(1.23456790123 9.87654320988 0)
(1.35802469136 9.87654320988 0)
(1.48148148148 9.87654320988 0)
(1.6049382716 9.87654320988 0)
(1.72839506173 9.87654320988 0)
(1.85185185185 9.87654320988 0)
(1.97530864198 9.87654320988 0)
(2.0987654321 9.87654320988 0)
(2.22222222222 9.87654320988 0)
(2.34567901235 9.87654320988 0)
(2.46913580247 9.87654320988 0)
(2.59259259259 9.87654320988 0)
(2.71604938272 9.87654320988 0)
(2.83950617284 9.87654320988 0)
(2.96296296296 9.87654320988 0)
(3.08641975309 9.87654320988 0)
(3.20987654321 9.87654320988 0)
(3.33333333333 9.87654320988 0)
(3.45679012346 9.87654320988 0)
(3.58024691358 9.87654320988 0)
(3.7037037037 9.87654320988 0)
(3.82716049383 9.87654320988 0)
(3.95061728395 9.87654320988 0)
(4.07407407407 9.87654320988 0)
(4.1975308642 9.87654320988 0)
(4.32098765432 9.87654320988 0)
(4.44444444444 9.87654320988 0)
(4.56790123457 9.87654320988 0)
(4.69135802469 9.87654320988 0)
(4.81481481481 9.87654320988 0)
(4.93827160494 9.87654320988 0)
(5.06172839506 9.87654320988 0)
(5.18518518519 9.87654320988 0)
(5.30864197531 9.87654320988 0)
(5.43209876543 9.87654320988 0)
(5.55555555556 9.87654320988 0)
(5.67901234568 9.87654320988 0)
(5.8024691358 9.87654320988 0)
(5.92592592593 9.87654320988 0)
(6.04938271605 9.87654320988 0)
(6.17283950617 9.87654320988 0)
(6.2962962963 9.87654320988 0)
(6.41975308642 9.87654320988 0)
(6.54320987654 9.87654320988 0)
(6.66666666667 9.87654320988 0)
(6.79012345679 9.87654320988 0)
(6.91358024691 9.87654320988 0)
(7.03703703704 9.87654320988 0)
(7.16049382716 9.87654320988 0)
(7.28395061728 9.87654320988 0)
(7.40740740741 9.87654320988 0)
(7.53086419753 9.87654320988 0)
(7.65432098765 9.87654320988 0)
(7.77777777778 9.87654320988 0)
(7.9012345679 9.87654320988 0)
(8.02469135802 9.87654320988 0)
(8.14814814815 9.87654320988 0)
(8.27160493827 9.87654320988 0)
(8.3950617284 9.87654320988 0)
(8.51851851852 9.87654320988 0)
(8.64197530864 9.87654320988 0)
(8.76543209877 9.87654320988 0)
(8.88888888889 9.87654320988 0)
(9.01234567901 9.87654320988 0)
(9.13580246914 9.87654320988 0)
(9.25925925926 9.87654320988 0)
(9.38271604938 9.87654320988 0)
(9.50617283951 9.87654320988 0)
(9.62962962963 9.87654320988 0)
(9.75308641975 9.87654320988 0)
(9.87654320988 9.87654320988 0)
(10 9.87654320988 0)
(0 10 0)
(0.123456790123 10 0)
(0.246913580247 10 0)
(0.37037037037 10 0)
(0.493827160494 10 0)
(0.617283950617 10 0)
(0.740740740741 10 0)
(0.864197530864 10 0)
(0.987654320988 10 0)
(1.11111111111 10 0)
(1.23456790123 10 0)
(1.35802469136 10 0)
(1.48148148148 10 0)
(1.6049382716 10 0)
(1.72839506173 10 0)
(1.85185185185 10 0)
(1.97530864198 10 0)
(2.0987654321 10 0)
(2.22222222222 10 0)
(2.34567901235 10 0)
(2.46913580247 10 0)
(2.59259259259 10 0)
(2.71604938272 10 0)
(2.83950617284 10 0)
(2.96296296296 10 0)
(3.08641975309 10 0)
(3.20987654321 10 0)
(3.33333333333 10 0)
(3.45679012346 10 0)
(3.58024691358 10 0)
(3.7037037037 10 0)
(3.82716049383 10 0)
(3.95061728395 10 0)
(4.07407407407 10 0)
(4.1975308642 10 0)
(4.32098765432 10 0)
(4.44444444444 10 0)
(4.56790123457 10 0)
(4.69135802469 10 0)
(4.81481481481 10 0)
(4.93827160494 10 0)
(5.06172839506 10 0)
(5.18518518519 10 0)
(5.30864197531 10 0)
(5.43209876543 10 0)
(5.55555555556 10 0)
(5.67901234568 10 0)
(5.8024691358 10 0)
(5.92592592593 10 0)
(6.04938271605 10 0)
(6.17283950617 10 0)
(6.2962962963 10 0)
(6.41975308642 10 0)
(6.54320987654 10 0)
(6.66666666667 10 0)
(6.79012345679 10 0)
(6.91358024691 10 0)
(7.03703703704 10 0)
(7.16049382716 10 0)
(7.28395061728 10 0)
(7.40740740741 10 0)
(7.53086419753 10 0)
(7.65432098765 10 0)
(7.77777777778 10 0)
(7.9012345679 10 0)
(8.02469135802 10 0)
(8.14814814815 10 0)
(8.27160493827 10 0)
(8.3950617284 10 0)
(8.51851851852 10 0)
(8.64197530864 10 0)
(8.76543209877 10 0)
(8.88888888889 10 0)
(9.01234567901 10 0)
(9.13580246914 10 0)
(9.25925925926 10 0)
(9.38271604938 10 0)
(9.50617283951 10 0)
(9.62962962963 10 0)
(9.75308641975 10 0)
(9.87654320988 10 0)
(10 10 0)
(0 0 0.123456790123)
(0.123456790123 0 0.123456790123)
(0.246913580247 0 0.123456790123)
(0.37037037037 0 0.123456790123)
(0.493827160494 0 0.123456790123)
(0.617283950617 0 0.123456790123)
(0.740740740741 0 0.123456790123)
(0.864197530864 0 0.123456790123)
(0.987654320988 0 0.123456790123)
(1.11111111111 0 0.123456790123)
(1.23456790123 0 0.123456790123)
(1.35802469136 0 0.123456790123)
(1.48148148148 0 0.123456790123)
(1.6049382716 0 0.123456790123)
(1.72839506173 0 0.123456790123)
(1.85185185185 0 0.123456790123)
(1.97530864198 0 0.123456790123)
(2.0987654321 0 0.123456790123)
(2.22222222222 0 0.123456790123)
(2.34567901235 0 0.123456790123)
(2.46913580247 0 0.123456790123)
(2.59259259259 0 0.123456790123)
(2.71604938272 0 0.123456790123)
(2.83950617284 0 0.123456790123)
(2.96296296296 0 0.123456790123)
(3.08641975309 0 0.123456790123)
(3.20987654321 0 0.123456790123)
(3.33333333333 0 0.123456790123)
(3.45679012346 0 0.123456790123)
(3.58024691358 0 0.123456790123)
(3.7037037037 0 0.123456790123)
(3.82716049383 0 0.123456790123)
(3.95061728395 0 0.123456790123)
(4.07407407407 0 0.123456790123)
(4.1975308642 0 0.123456790123)
(4.32098765432 0 0.123456790123)
(4.44444444444 0 0.123456790123)
(4.56790123457 0 0.123456790123)
(4.69135802469 0 0.123456790123)
(4.81481481481 0 0.123456790123)
(4.93827160494 0 0.123456790123)
(5.06172839506 0 0.123456790123)
(5.18518518519 0 0.123456790123)
(5.30864197531 0 0.123456790123)
(5.43209876543 0 0.123456790123)
(5.55555555556 0 0.123456790123)
(5.67901234568 0 0.123456790123)
(5.8024691358 0 0.123456790123)
(5.92592592593 0 0.123456790123)
(6.04938271605 0 0.123456790123)
(6.17283950617 0 0.123456790123)
(6.2962962963 0 0.123456790123)
(6.41975308642 0 0.123456790123)
(6.54320987654 0 0.123456790123)
(6.66666666667 0 0.123456790123)
(6.79012345679 0 0.123456790123)
(6.91358024691 0 0.123456790123)
(7.03703703704 0 0.123456790123)
(7.16049382716 0 0.123456790123)
(7.28395061728 0 0.123456790123)
(7.40740740741 0 0.123456790123)
(7.53086419753 0 0.123456790123)
(7.65432098765 0 0.123456790123)
(7.77777777778 0 0.123456790123)
(7.9012345679 0 0.123456790123)
(8.02469135802 0 0.123456790123)
(8.14814814815 0 0.123456790123)
(8.27160493827 0 0.123456790123)
(8.3950617284 0 0.123456790123)
(8.51851851852 0 0.123456790123)
(8.64197530864 0 0.123456790123)
(8.76543209877 0 0.123456790123)
(8.88888888889 0 0.123456790123)
(9.01234567901 0 0.123456790123)
(9.13580246914 0 0.123456790123)
(9.25925925926 0 0.123456790123)
(9.38271604938 0 0.123456790123)
(9.50617283951 0 0.123456790123)
(9.62962962963 0 0.123456790123)
(9.75308641975 0 0.123456790123)
(9.87654320988 0 0.123456790123)
(10 0 0.123456790123)
(0 0.123456790123 0.123456790123)
(0.123456790123 0.123456790123 0.123456790123)
(0.246913580247 0.123456790123 0.123456790123)
(0.37037037037 0.123456790123 0.123456790123)
(0.493827160494 0.123456790123 0.123456790123)
(0.617283950617 0.123456790123 0.123456790123)
(0.740740740741 0.123456790123 0.123456790123)
(0.864197530864 0.123456790123 0.123456790123)
(0.987654320988 0.123456790123 0.123456790123)
(1.11111111111 0.123456790123 0.123456790123)
(1.23456790123 0.123456790123 0.123456790123)
(1.35802469136 0.123456790123 0.123456790123)
(1.48148148148 0.123456790123 0.123456790123)
(1.6049382716 0.123456790123 0.123456790123)
(1.72839506173 0.123456790123 0.123456790123)
(1.85185185185 0.123456790123 0.123456790123)
(1.97530864198 0.123456790123 0.123456790123)
(2.0987654321 0.123456790123 0.123456790123)
(2.22222222222 0.123456790123 0.123456790123)
(2.34567901235 0.123456790123 0.123456790123)
(2.46913580247 0.123456790123 0.123456790123)
(2.59259259259 0.123456790123 0.123456790123)
(2.71604938272 0.123456790123 0.123456790123)
(2.83950617284 0.123456790123 0.123456790123)
(2.96296296296 0.123456790123 0.123456790123)
(3.08641975309 0.123456790123 0.123456790123)
(3.20987654321 0.123456790123 0.123456790123)
(3.33333333333 0.123456790123 0.123456790123)
(3.45679012346 0.123456790123 0.123456790123)
(3.58024691358 0.123456790123 0.123456790123)
(3.7037037037 0.123456790123 0.123456790123)
(3.82716049383 0.123456790123 0.123456790123)
(3.95061728395 0.123456790123 0.123456790123)
(4.07407407407 0.123456790123 0.123456790123)
(4.1975308642 0.123456790123 0.123456790123)
(4.32098765432 0.123456790123 0.123456790123)
(4.44444444444 0.123456790123 0.123456790123)
(4.56790123457 0.123456790123 0.123456790123)
(4.69135802469 0.123456790123 0.123456790123)
(4.81481481481 0.123456790123 0.123456790123)
(4.93827160494 0.123456790123 0.123456790123)
(5.06172839506 0.123456790123 0.123456790123)
(5.18518518519 0.123456790123 0.123456790123)
(5.30864197531 0.123456790123 0.123456790123)
(5.43209876543 0.123456790123 0.123456790123)
(5.55555555556 0.123456790123 0.123456790123)
(5.67901234568 0.123456790123 0.123456790123)
(5.8024691358 0.123456790123 0.123456790123)
(5.92592592593 0.123456790123 0.123456790123)
(6.04938271605 0.123456790123 0.123456790123)
(6.17283950617 0.123456790123 0.123456790123)
(6.2962962963 0.123456790123 0.123456790123)
(6.41975308642 0.123456790123 0.123456790123)
(6.54320987654 0.123456790123 0.123456790123)
(6.66666666667 0.123456790123 0.123456790123)
(6.79012345679 0.123456790123 0.123456790123)
(6.91358024691 0.123456790123 0.123456790123)
(7.03703703704 0.123456790123 0.123456790123)
(7.16049382716 0.123456790123 0.123456790123)
(7.28395061728 0.123456790123 0.123456790123)
(7.40740740741 0.123456790123 0.123456790123)
(7.53086419753 0.123456790123 0.123456790123)
(7.65432098765 0.123456790123 0.123456790123)
(7.77777777778 0.123456790123 0.123456790123)
(7.9012345679 0.123456790123 0.123456790123)
(8.02469135802 0.123456790123 0.123456790123)
(8.14814814815 0.123456790123 0.123456790123)
(8.27160493827 0.123456790123 0.123456790123)
(8.3950617284 0.123456790123 0.123456790123)
(8.51851851852 0.123456790123 0.123456790123)
(8.64197530864 0.123456790123 0.123456790123)
(8.76543209877 0.123456790123 0.123456790123)
(8.88888888889 0.123456790123 0.123456790123)
(9.01234567901 0.123456790123 0.123456790123)
(9.13580246914 0.123456790123 0.123456790123)
(9.25925925926 0.123456790123 0.123456790123)
(9.38271604938 0.123456790123 0.123456790123)
(9.50617283951 0.123456790123 0.123456790123)
(9.62962962963 0.123456790123 0.123456790123)
(9.75308641975 0.123456790123 0.123456790123)
(9.87654320988 0.123456790123 0.123456790123)
(10 0.123456790123 0.123456790123)
(0 0.246913580247 0.123456790123)
(0.123456790123 0.246913580247 0.123456790123)
(0.246913580247 0.246913580247 0.123456790123)
(0.37037037037 0.246913580247 0.123456790123)
(0.493827160494 0.246913580247 0.123456790123)
(0.617283950617 0.246913580247 0.123456790123)
(0.740740740741 0.246913580247 0.123456790123)
(0.864197530864 0.246913580247 0.123456790123)
(0.987654320988 0.246913580247 0.123456790123)
(1.11111111111 0.246913580247 0.123456790123)
(1.23456790123 0.246913580247 0.123456790123)
(1.35802469136 0.246913580247 0.123456790123)
(1.48148148148 0.246913580247 0.123456790123)
(1.6049382716 0.246913580247 0.123456790123)
(1.72839506173 0.246913580247 0.123456790123)
(1.85185185185 0.246913580247 0.123456790123)
(1.97530864198 0.246913580247 0.123456790123)
(2.0987654321 0.246913580247 0.123456790123)
(2.22222222222 0.246913580247 0.123456790123)
(2.34567901235 0.246913580247 0.123456790123)
(2.46913580247 0.246913580247 0.123456790123)
(2.59259259259 0.246913580247 0.123456790123)
(2.71604938272 0.246913580247 0.123456790123)
(2.83950617284 0.246913580247 0.123456790123)
(2.96296296296 0.246913580247 0.123456790123)
(3.08641975309 0.246913580247 0.123456790123)
(3.20987654321 0.246913580247 0.123456790123)
(3.33333333333 0.246913580247 0.123456790123)
(3.45679012346 0.246913580247 0.123456790123)
(3.58024691358 0.246913580247 0.123456790123)
(3.7037037037 0.246913580247 0.123456790123)
(3.82716049383 0.246913580247 0.123456790123)
(3.95061728395 0.246913580247 0.123456790123)
(4.07407407407 0.246913580247 0.123456790123)
(4.1975308642 0.246913580247 0.123456790123)
(4.32098765432 0.246913580247 0.123456790123)
(4.44444444444 0.246913580247 0.123456790123)
(4.56790123457 0.246913580247 0.123456790123)
(4.69135802469 0.246913580247 0.123456790123)
(4.81481481481 0.246913580247 0.123456790123)
(4.93827160494 0.246913580247 0.123456790123)
(5.06172839506 0.246913580247 0.123456790123)
(5.18518518519 0.246913580247 0.123456790123)
(5.30864197531 0.246913580247 0.123456790123)
(5.43209876543 0.246913580247 0.123456790123)
(5.55555555556 0.246913580247 0.123456790123)
(5.67901234568 0.246913580247 0.123456790123)
(5.8024691358 0.246913580247 0.123456790123)
(5.92592592593 0.246913580247 0.123456790123)
(6.04938271605 0.246913580247 0.123456790123)
(6.17283950617 0.246913580247 0.123456790123)
(6.2962962963 0.246913580247 0.123456790123)
(6.41975308642 0.246913580247 0.123456790123)
(6.54320987654 0.246913580247 0.123456790123)
(6.66666666667 0.246913580247 0.123456790123)
(6.79012345679 0.246913580247 0.123456790123)
(6.91358024691 0.246913580247 0.123456790123)
(7.03703703704 0.246913580247 0.123456790123)
(7.16049382716 0.246913580247 0.123456790123)
(7.28395061728 0.246913580247 0.123456790123)
(7.40740740741 0.246913580247 0.123456790123)
(7.53086419753 0.246913580247 0.123456790123)
(7.65432098765 0.246913580247 0.123456790123)
(7.77777777778 0.246913580247 0.123456790123)
(7.9012345679 0.246913580247 0.123456790123)
(8.02469135802 0.246913580247 0.123456790123)
(8.14814814815 0.246913580247 0.123456790123)
(8.27160493827 0.246913580247 0.123456790123)
(8.3950617284 0.246913580247 0.123456790123)
(8.51851851852 0.246913580247 0.123456790123)
(8.64197530864 0.246913580247 0.123456790123)
(8.76543209877 0.246913580247 0.123456790123)
(8.88888888889 0.246913580247 0.123456790123)
(9.01234567901 0.246913580247 0.123456790123)
(9.13580246914 0.246913580247 0.123456790123)
(9.25925925926 0.246913580247 0.123456790123)
(9.38271604938 0.246913580247 0.123456790123)
(9.50617283951 0.246913580247 0.123456790123)
(9.62962962963 0.246913580247 0.123456790123)
(9.75308641975 0.246913580247 0.123456790123)
(9.87654320988 0.246913580247 0.123456790123)
(10 0.246913580247 0.123456790123)
(0 0.37037037037 0.123456790123)
(0.123456790123 0.37037037037 0.123456790123)
(0.246913580247 0.37037037037 0.123456790123)
(0.37037037037 0.37037037037 0.123456790123)
(0.493827160494 0.37037037037 0.123456790123)
(0.617283950617 0.37037037037 0.123456790123)
(0.740740740741 0.37037037037 0.123456790123)
(0.864197530864 0.37037037037 0.123456790123)
(0.987654320988 0.37037037037 0.123456790123)
(1.11111111111 0.37037037037 0.123456790123)
(1.23456790123 0.37037037037 0.123456790123)
(1.35802469136 0.37037037037 0.123456790123)
(1.48148148148 0.37037037037 0.123456790123)
(1.6049382716 0.37037037037 0.123456790123)
(1.72839506173 0.37037037037 0.123456790123)
(1.85185185185 0.37037037037 0.123456790123)
(1.97530864198 0.37037037037 0.123456790123)
(2.0987654321 0.37037037037 0.123456790123)
(2.22222222222 0.37037037037 0.123456790123)
(2.34567901235 0.37037037037 0.123456790123)
(2.46913580247 0.37037037037 0.123456790123)
(2.59259259259 0.37037037037 0.123456790123)
(2.71604938272 0.37037037037 0.123456790123)
(2.83950617284 0.37037037037 0.123456790123)
(2.96296296296 0.37037037037 0.123456790123)
(3.08641975309 0.37037037037 0.123456790123)
(3.20987654321 0.37037037037 0.123456790123)
(3.33333333333 0.37037037037 0.123456790123)
(3.45679012346 0.37037037037 0.123456790123)
(3.58024691358 0.37037037037 0.123456790123)
(3.7037037037 0.37037037037 0.123456790123)
(3.82716049383 0.37037037037 0.123456790123)
(3.95061728395 0.37037037037 0.123456790123)
(4.07407407407 0.37037037037 0.123456790123)
(4.1975308642 0.37037037037 0.123456790123)
(4.32098765432 0.37037037037 0.123456790123)
(4.44444444444 0.37037037037 0.123456790123)
(4.56790123457 0.37037037037 0.123456790123)
(4.69135802469 0.37037037037 0.123456790123)
(4.81481481481 0.37037037037 0.123456790123)
(4.93827160494 0.37037037037 0.123456790123)
(5.06172839506 0.37037037037 0.123456790123)
(5.18518518519 0.37037037037 0.123456790123)
(5.30864197531 0.37037037037 0.123456790123)
(5.43209876543 0.37037037037 0.123456790123)
(5.55555555556 0.37037037037 0.123456790123)
(5.67901234568 0.37037037037 0.123456790123)
(5.8024691358 0.37037037037 0.123456790123)
(5.92592592593 0.37037037037 0.123456790123)
(6.04938271605 0.37037037037 0.123456790123)
(6.17283950617 0.37037037037 0.123456790123)
(6.2962962963 0.37037037037 0.123456790123)
(6.41975308642 0.37037037037 0.123456790123)
(6.54320987654 0.37037037037 0.123456790123)
(6.66666666667 0.37037037037 0.123456790123)
(6.79012345679 0.37037037037 0.123456790123)
(6.91358024691 0.37037037037 0.123456790123)
(7.03703703704 0.37037037037 0.123456790123)
(7.16049382716 0.37037037037 0.123456790123)
(7.28395061728 0.37037037037 0.123456790123)
(7.40740740741 0.37037037037 0.123456790123)
(7.53086419753 0.37037037037 0.123456790123)
(7.65432098765 0.37037037037 0.123456790123)
(7.77777777778 0.37037037037 0.123456790123)
(7.9012345679 0.37037037037 0.123456790123)
(8.02469135802 0.37037037037 0.123456790123)
(8.14814814815 0.37037037037 0.123456790123)
(8.27160493827 0.37037037037 0.123456790123)
(8.3950617284 0.37037037037 0.123456790123)
(8.51851851852 0.37037037037 0.123456790123)
(8.64197530864 0.37037037037 0.123456790123)
(8.76543209877 0.37037037037 0.123456790123)
(8.88888888889 0.37037037037 0.123456790123)
(9.01234567901 0.37037037037 0.123456790123)
(9.13580246914 0.37037037037 0.123456790123)
(9.25925925926 0.37037037037 0.123456790123)
(9.38271604938 0.37037037037 0.123456790123)
(9.50617283951 0.37037037037 0.123456790123)
(9.62962962963 0.37037037037 0.123456790123)
(9.75308641975 0.37037037037 0.123456790123)
(9.87654320988 0.37037037037 0.123456790123)
(10 0.37037037037 0.123456790123)
(0 0.493827160494 0.123456790123)
(0.123456790123 0.493827160494 0.123456790123)
(0.246913580247 0.493827160494 0.123456790123)
(0.37037037037 0.493827160494 0.123456790123)
(0.493827160494 0.493827160494 0.123456790123)
(0.617283950617 0.493827160494 0.123456790123)
(0.740740740741 0.493827160494 0.123456790123)
(0.864197530864 0.493827160494 0.123456790123)
(0.987654320988 0.493827160494 0.123456790123)
(1.11111111111 0.493827160494 0.123456790123)
(1.23456790123 0.493827160494 0.123456790123)
(1.35802469136 0.493827160494 0.123456790123)
(1.48148148148 0.493827160494 0.123456790123)
(1.6049382716 0.493827160494 0.123456790123)
(1.72839506173 0.493827160494 0.123456790123)
(1.85185185185 0.493827160494 0.123456790123)
(1.97530864198 0.493827160494 0.123456790123)
(2.0987654321 0.493827160494 0.123456790123)
(2.22222222222 0.493827160494 0.123456790123)
(2.34567901235 0.493827160494 0.123456790123)
(2.46913580247 0.493827160494 0.123456790123)
(2.59259259259 0.493827160494 0.123456790123)
(2.71604938272 0.493827160494 0.123456790123)
(2.83950617284 0.493827160494 0.123456790123)
(2.96296296296 0.493827160494 0.123456790123)
(3.08641975309 0.493827160494 0.123456790123)
(3.20987654321 0.493827160494 0.123456790123)
(3.33333333333 0.493827160494 0.123456790123)
(3.45679012346 0.493827160494 0.123456790123)
(3.58024691358 0.493827160494 0.123456790123)
(3.7037037037 0.493827160494 0.123456790123)
(3.82716049383 0.493827160494 0.123456790123)
(3.95061728395 0.493827160494 0.123456790123)
(4.07407407407 0.493827160494 0.123456790123)
(4.1975308642 0.493827160494 0.123456790123)
(4.32098765432 0.493827160494 0.123456790123)
(4.44444444444 0.493827160494 0.123456790123)
(4.56790123457 0.493827160494 0.123456790123)
(4.69135802469 0.493827160494 0.123456790123)
(4.81481481481 0.493827160494 0.123456790123)
(4.93827160494 0.493827160494 0.123456790123)
(5.06172839506 0.493827160494 0.123456790123)
(5.18518518519 0.493827160494 0.123456790123)
(5.30864197531 0.493827160494 0.123456790123)
(5.43209876543 0.493827160494 0.123456790123)
(5.55555555556 0.493827160494 0.123456790123)
(5.67901234568 0.493827160494 0.123456790123)
(5.8024691358 0.493827160494 0.123456790123)
(5.92592592593 0.493827160494 0.123456790123)
(6.04938271605 0.493827160494 0.123456790123)
(6.17283950617 0.493827160494 0.123456790123)
(6.2962962963 0.493827160494 0.123456790123)
(6.41975308642 0.493827160494 0.123456790123)
(6.54320987654 0.493827160494 0.123456790123)
(6.66666666667 0.493827160494 0.123456790123)
(6.79012345679 0.493827160494 0.123456790123)
(6.91358024691 0.493827160494 0.123456790123)
(7.03703703704 0.493827160494 0.123456790123)
(7.16049382716 0.493827160494 0.123456790123)
(7.28395061728 0.493827160494 0.123456790123)
(7.40740740741 0.493827160494 0.123456790123)
(7.53086419753 0.493827160494 0.123456790123)
(7.65432098765 0.493827160494 0.123456790123)
(7.77777777778 0.493827160494 0.123456790123)
(7.9012345679 0.493827160494 0.123456790123)
(8.02469135802 0.493827160494 0.123456790123)
(8.14814814815 0.493827160494 0.123456790123)
(8.27160493827 0.493827160494 0.123456790123)
(8.3950617284 0.493827160494 0.123456790123)
(8.51851851852 0.493827160494 0.123456790123)
(8.64197530864 0.493827160494 0.123456790123)
(8.76543209877 0.493827160494 0.123456790123)
(8.88888888889 0.493827160494 0.123456790123)
(9.01234567901 0.493827160494 0.123456790123)
(9.13580246914 0.493827160494 0.123456790123)
(9.25925925926 0.493827160494 0.123456790123)
(9.38271604938 0.493827160494 0.123456790123)
(9.50617283951 0.493827160494 0.123456790123)
(9.62962962963 0.493827160494 0.123456790123)
(9.75308641975 0.493827160494 0.123456790123)
(9.87654320988 0.493827160494 0.123456790123)
(10 0.493827160494 0.123456790123)
(0 0.617283950617 0.123456790123)
(0.123456790123 0.617283950617 0.123456790123)
(0.246913580247 0.617283950617 0.123456790123)
(0.37037037037 0.617283950617 0.123456790123)
(0.493827160494 0.617283950617 0.123456790123)
(0.617283950617 0.617283950617 0.123456790123)
(0.740740740741 0.617283950617 0.123456790123)
(0.864197530864 0.617283950617 0.123456790123)
(0.987654320988 0.617283950617 0.123456790123)
(1.11111111111 0.617283950617 0.123456790123)
(1.23456790123 0.617283950617 0.123456790123)
(1.35802469136 0.617283950617 0.123456790123)
(1.48148148148 0.617283950617 0.123456790123)
(1.6049382716 0.617283950617 0.123456790123)
(1.72839506173 0.617283950617 0.123456790123)
(1.85185185185 0.617283950617 0.123456790123)
(1.97530864198 0.617283950617 0.123456790123)
(2.0987654321 0.617283950617 0.123456790123)
(2.22222222222 0.617283950617 0.123456790123)
(2.34567901235 0.617283950617 0.123456790123)
(2.46913580247 0.617283950617 0.123456790123)
(2.59259259259 0.617283950617 0.123456790123)
(2.71604938272 0.617283950617 0.123456790123)
(2.83950617284 0.617283950617 0.123456790123)
(2.96296296296 0.617283950617 0.123456790123)
(3.08641975309 0.617283950617 0.123456790123)
(3.20987654321 0.617283950617 0.123456790123)
(3.33333333333 0.617283950617 0.123456790123)
(3.45679012346 0.617283950617 0.123456790123)
(3.58024691358 0.617283950617 0.123456790123)
(3.7037037037 0.617283950617 0.123456790123)
(3.82716049383 0.617283950617 0.123456790123)
(3.95061728395 0.617283950617 0.123456790123)
(4.07407407407 0.617283950617 0.123456790123)
(4.1975308642 0.617283950617 0.123456790123)
(4.32098765432 0.617283950617 0.123456790123)
(4.44444444444 0.617283950617 0.123456790123)
(4.56790123457 0.617283950617 0.123456790123)
(4.69135802469 0.617283950617 0.123456790123)
(4.81481481481 0.617283950617 0.123456790123)
(4.93827160494 0.617283950617 0.123456790123)
(5.06172839506 0.617283950617 0.123456790123)
(5.18518518519 0.617283950617 0.123456790123)
(5.30864197531 0.617283950617 0.123456790123)
(5.43209876543 0.617283950617 0.123456790123)
(5.55555555556 0.617283950617 0.123456790123)
(5.67901234568 0.617283950617 0.123456790123)
(5.8024691358 0.617283950617 0.123456790123)
(5.92592592593 0.617283950617 0.123456790123)
(6.04938271605 0.617283950617 0.123456790123)
(6.17283950617 0.617283950617 0.123456790123)
(6.2962962963 0.617283950617 0.123456790123)
(6.41975308642 0.617283950617 0.123456790123)
(6.54320987654 0.617283950617 0.123456790123)
(6.66666666667 0.617283950617 0.123456790123)
(6.79012345679 0.617283950617 0.123456790123)
(6.91358024691 0.617283950617 0.123456790123)
(7.03703703704 0.617283950617 0.123456790123)
(7.16049382716 0.617283950617 0.123456790123)
(7.28395061728 0.617283950617 0.123456790123)
(7.40740740741 0.617283950617 0.123456790123)
(7.53086419753 0.617283950617 0.123456790123)
(7.65432098765 0.617283950617 0.123456790123)
(7.77777777778 0.617283950617 0.123456790123)
(7.9012345679 0.617283950617 0.123456790123)
(8.02469135802 0.617283950617 0.123456790123)
(8.14814814815 0.617283950617 0.123456790123)
(8.27160493827 0.617283950617 0.123456790123)
(8.3950617284 0.617283950617 0.123456790123)
(8.51851851852 0.617283950617 0.123456790123)
(8.64197530864 0.617283950617 0.123456790123)
(8.76543209877 0.617283950617 0.123456790123)
(8.88888888889 0.617283950617 0.123456790123)
(9.01234567901 0.617283950617 0.123456790123)
(9.13580246914 0.617283950617 0.123456790123)
(9.25925925926 0.617283950617 0.123456790123)
(9.38271604938 0.617283950617 0.123456790123)
(9.50617283951 0.617283950617 0.123456790123)
(9.62962962963 0.617283950617 0.123456790123)
(9.75308641975 0.617283950617 0.123456790123)
(9.87654320988 0.617283950617 0.123456790123)
(10 0.617283950617 0.123456790123)
(0 0.740740740741 0.123456790123)
(0.123456790123 0.740740740741 0.123456790123)
(0.246913580247 0.740740740741 0.123456790123)
(0.37037037037 0.740740740741 0.123456790123)
(0.493827160494 0.740740740741 0.123456790123)
(0.617283950617 0.740740740741 0.123456790123)
(0.740740740741 0.740740740741 0.123456790123)
(0.864197530864 0.740740740741 0.123456790123)
(0.987654320988 0.740740740741 0.123456790123)
(1.11111111111 0.740740740741 0.123456790123)
(1.23456790123 0.740740740741 0.123456790123)
(1.35802469136 0.740740740741 0.123456790123)
(1.48148148148 0.740740740741 0.123456790123)
(1.6049382716 0.740740740741 0.123456790123)
(1.72839506173 0.740740740741 0.123456790123)
(1.85185185185 0.740740740741 0.123456790123)
(1.97530864198 0.740740740741 0.123456790123)
(2.0987654321 0.740740740741 0.123456790123)
(2.22222222222 0.740740740741 0.123456790123)
(2.34567901235 0.740740740741 0.123456790123)
(2.46913580247 0.740740740741 0.123456790123)
(2.59259259259 0.740740740741 0.123456790123)
(2.71604938272 0.740740740741 0.123456790123)
(2.83950617284 0.740740740741 0.123456790123)
(2.96296296296 0.740740740741 0.123456790123)
(3.08641975309 0.740740740741 0.123456790123)
(3.20987654321 0.740740740741 0.123456790123)
(3.33333333333 0.740740740741 0.123456790123)
(3.45679012346 0.740740740741 0.123456790123)
(3.58024691358 0.740740740741 0.123456790123)
(3.7037037037 0.740740740741 0.123456790123)
(3.82716049383 0.740740740741 0.123456790123)
(3.95061728395 0.740740740741 0.123456790123)
(4.07407407407 0.740740740741 0.123456790123)
(4.1975308642 0.740740740741 0.123456790123)
(4.32098765432 0.740740740741 0.123456790123)
(4.44444444444 0.740740740741 0.123456790123)
(4.56790123457 0.740740740741 0.123456790123)
(4.69135802469 0.740740740741 0.123456790123)
(4.81481481481 0.740740740741 0.123456790123)
(4.93827160494 0.740740740741 0.123456790123)
(5.06172839506 0.740740740741 0.123456790123)
(5.18518518519 0.740740740741 0.123456790123)
(5.30864197531 0.740740740741 0.123456790123)
(5.43209876543 0.740740740741 0.123456790123)
(5.55555555556 0.740740740741 0.123456790123)
(5.67901234568 0.740740740741 0.123456790123)
(5.8024691358 0.740740740741 0.123456790123)
(5.92592592593 0.740740740741 0.123456790123)
(6.04938271605 0.740740740741 0.123456790123)
(6.17283950617 0.740740740741 0.123456790123)
(6.2962962963 0.740740740741 0.123456790123)
(6.41975308642 0.740740740741 0.123456790123)
(6.54320987654 0.740740740741 0.123456790123)
(6.66666666667 0.740740740741 0.123456790123)
(6.79012345679 0.740740740741 0.123456790123)
(6.91358024691 0.740740740741 0.123456790123)
(7.03703703704 0.740740740741 0.123456790123)
(7.16049382716 0.740740740741 0.123456790123)
(7.28395061728 0.740740740741 0.123456790123)
(7.40740740741 0.740740740741 0.123456790123)
(7.53086419753 0.740740740741 0.123456790123)
(7.65432098765 0.740740740741 0.123456790123)
(7.77777777778 0.740740740741 0.123456790123)
(7.9012345679 0.740740740741 0.123456790123)
(8.02469135802 0.740740740741 0.123456790123)
(8.14814814815 0.740740740741 0.123456790123)
(8.27160493827 0.740740740741 0.123456790123)
(8.3950617284 0.740740740741 0.123456790123)
(8.51851851852 0.740740740741 0.123456790123)
(8.64197530864 0.740740740741 0.123456790123)
(8.76543209877 0.740740740741 0.123456790123)
(8.88888888889 0.740740740741 0.123456790123)
(9.01234567901 0.740740740741 0.123456790123)
(9.13580246914 0.740740740741 0.123456790123)
(9.25925925926 0.740740740741 0.123456790123)
(9.38271604938 0.740740740741 0.123456790123)
(9.50617283951 0.740740740741 0.123456790123)
(9.62962962963 0.740740740741 0.123456790123)
(9.75308641975 0.740740740741 0.123456790123)
(9.87654320988 0.740740740741 0.123456790123)
(10 0.740740740741 0.123456790123)
(0 0.864197530864 0.123456790123)
(0.123456790123 0.864197530864 0.123456790123)
(0.246913580247 0.864197530864 0.123456790123)
(0.37037037037 0.864197530864 0.123456790123)
(0.493827160494 0.864197530864 0.123456790123)
(0.617283950617 0.864197530864 0.123456790123)
(0.740740740741 0.864197530864 0.123456790123)
(0.864197530864 0.864197530864 0.123456790123)
(0.987654320988 0.864197530864 0.123456790123)
(1.11111111111 0.864197530864 0.123456790123)
(1.23456790123 0.864197530864 0.123456790123)
(1.35802469136 0.864197530864 0.123456790123)
(1.48148148148 0.864197530864 0.123456790123)
(1.6049382716 0.864197530864 0.123456790123)
(1.72839506173 0.864197530864 0.123456790123)
(1.85185185185 0.864197530864 0.123456790123)
(1.97530864198 0.864197530864 0.123456790123)
(2.0987654321 0.864197530864 0.123456790123)
(2.22222222222 0.864197530864 0.123456790123)
(2.34567901235 0.864197530864 0.123456790123)
(2.46913580247 0.864197530864 0.123456790123)
(2.59259259259 0.864197530864 0.123456790123)
(2.71604938272 0.864197530864 0.123456790123)
(2.83950617284 0.864197530864 0.123456790123)
(2.96296296296 0.864197530864 0.123456790123)
(3.08641975309 0.864197530864 0.123456790123)
(3.20987654321 0.864197530864 0.123456790123)
(3.33333333333 0.864197530864 0.123456790123)
(3.45679012346 0.864197530864 0.123456790123)
(3.58024691358 0.864197530864 0.123456790123)
(3.7037037037 0.864197530864 0.123456790123)
(3.82716049383 0.864197530864 0.123456790123)
(3.95061728395 0.864197530864 0.123456790123)
(4.07407407407 0.864197530864 0.123456790123)
(4.1975308642 0.864197530864 0.123456790123)
(4.32098765432 0.864197530864 0.123456790123)
(4.44444444444 0.864197530864 0.123456790123)
(4.56790123457 0.864197530864 0.123456790123)
(4.69135802469 0.864197530864 0.123456790123)
(4.81481481481 0.864197530864 0.123456790123)
(4.93827160494 0.864197530864 0.123456790123)
(5.06172839506 0.864197530864 0.123456790123)
(5.18518518519 0.864197530864 0.123456790123)
(5.30864197531 0.864197530864 0.123456790123)
(5.43209876543 0.864197530864 0.123456790123)
(5.55555555556 0.864197530864 0.123456790123)
(5.67901234568 0.864197530864 0.123456790123)
(5.8024691358 0.864197530864 0.123456790123)
(5.92592592593 0.864197530864 0.123456790123)
(6.04938271605 0.864197530864 0.123456790123)
(6.17283950617 0.864197530864 0.123456790123)
(6.2962962963 0.864197530864 0.123456790123)
(6.41975308642 0.864197530864 0.123456790123)
(6.54320987654 0.864197530864 0.123456790123)
(6.66666666667 0.864197530864 0.123456790123)
(6.79012345679 0.864197530864 0.123456790123)
(6.91358024691 0.864197530864 0.123456790123)
(7.03703703704 0.864197530864 0.123456790123)
(7.16049382716 0.864197530864 0.123456790123)
(7.28395061728 0.864197530864 0.123456790123)
(7.40740740741 0.864197530864 0.123456790123)
(7.53086419753 0.864197530864 0.123456790123)
(7.65432098765 0.864197530864 0.123456790123)
(7.77777777778 0.864197530864 0.123456790123)
(7.9012345679 0.864197530864 0.123456790123)
(8.02469135802 0.864197530864 0.123456790123)
(8.14814814815 0.864197530864 0.123456790123)
(8.27160493827 0.864197530864 0.123456790123)
(8.3950617284 0.864197530864 0.123456790123)
(8.51851851852 0.864197530864 0.123456790123)
(8.64197530864 0.864197530864 0.123456790123)
(8.76543209877 0.864197530864 0.123456790123)
(8.88888888889 0.864197530864 0.123456790123)
(9.01234567901 0.864197530864 0.123456790123)
(9.13580246914 0.864197530864 0.123456790123)
(9.25925925926 0.864197530864 0.123456790123)
(9.38271604938 0.864197530864 0.123456790123)
(9.50617283951 0.864197530864 0.123456790123)
(9.62962962963 0.864197530864 0.123456790123)
(9.75308641975 0.864197530864 0.123456790123)
(9.87654320988 0.864197530864 0.123456790123)
(10 0.864197530864 0.123456790123)
(0 0.987654320988 0.123456790123)
(0.123456790123 0.987654320988 0.123456790123)
(0.246913580247 0.987654320988 0.123456790123)
(0.37037037037 0.987654320988 0.123456790123)
(0.493827160494 0.987654320988 0.123456790123)
(0.617283950617 0.987654320988 0.123456790123)
(0.740740740741 0.987654320988 0.123456790123)
(0.864197530864 0.987654320988 0.123456790123)
(0.987654320988 0.987654320988 0.123456790123)
(1.11111111111 0.987654320988 0.123456790123)
(1.23456790123 0.987654320988 0.123456790123)
(1.35802469136 0.987654320988 0.123456790123)
(1.48148148148 0.987654320988 0.123456790123)
(1.6049382716 0.987654320988 0.123456790123)
(1.72839506173 0.987654320988 0.123456790123)
(1.85185185185 0.987654320988 0.123456790123)
(1.97530864198 0.987654320988 0.123456790123)
(2.0987654321 0.987654320988 0.123456790123)
(2.22222222222 0.987654320988 0.123456790123)
(2.34567901235 0.987654320988 0.123456790123)
(2.46913580247 0.987654320988 0.123456790123)
(2.59259259259 0.987654320988 0.123456790123)
(2.71604938272 0.987654320988 0.123456790123)
(2.83950617284 0.987654320988 0.123456790123)
(2.96296296296 0.987654320988 0.123456790123)
(3.08641975309 0.987654320988 0.123456790123)
(3.20987654321 0.987654320988 0.123456790123)
(3.33333333333 0.987654320988 0.123456790123)
(3.45679012346 0.987654320988 0.123456790123)
(3.58024691358 0.987654320988 0.123456790123)
(3.7037037037 0.987654320988 0.123456790123)
(3.82716049383 0.987654320988 0.123456790123)
(3.95061728395 0.987654320988 0.123456790123)
(4.07407407407 0.987654320988 0.123456790123)
(4.1975308642 0.987654320988 0.123456790123)
(4.32098765432 0.987654320988 0.123456790123)
(4.44444444444 0.987654320988 0.123456790123)
(4.56790123457 0.987654320988 0.123456790123)
(4.69135802469 0.987654320988 0.123456790123)
(4.81481481481 0.987654320988 0.123456790123)
(4.93827160494 0.987654320988 0.123456790123)
(5.06172839506 0.987654320988 0.123456790123)
(5.18518518519 0.987654320988 0.123456790123)
(5.30864197531 0.987654320988 0.123456790123)
(5.43209876543 0.987654320988 0.123456790123)
(5.55555555556 0.987654320988 0.123456790123)
(5.67901234568 0.987654320988 0.123456790123)
(5.8024691358 0.987654320988 0.123456790123)
(5.92592592593 0.987654320988 0.123456790123)
(6.04938271605 0.987654320988 0.123456790123)
(6.17283950617 0.987654320988 0.123456790123)
(6.2962962963 0.987654320988 0.123456790123)
(6.41975308642 0.987654320988 0.123456790123)
(6.54320987654 0.987654320988 0.123456790123)
(6.66666666667 0.987654320988 0.123456790123)
(6.79012345679 0.987654320988 0.123456790123)
(6.91358024691 0.987654320988 0.123456790123)
(7.03703703704 0.987654320988 0.123456790123)
(7.16049382716 0.987654320988 0.123456790123)
(7.28395061728 0.987654320988 0.123456790123)
(7.40740740741 0.987654320988 0.123456790123)
(7.53086419753 0.987654320988 0.123456790123)
(7.65432098765 0.987654320988 0.123456790123)
(7.77777777778 0.987654320988 0.123456790123)
(7.9012345679 0.987654320988 0.123456790123)
(8.02469135802 0.987654320988 0.123456790123)
(8.14814814815 0.987654320988 0.123456790123)
(8.27160493827 0.987654320988 0.123456790123)
(8.3950617284 0.987654320988 0.123456790123)
(8.51851851852 0.987654320988 0.123456790123)
(8.64197530864 0.987654320988 0.123456790123)
(8.76543209877 0.987654320988 0.123456790123)
(8.88888888889 0.987654320988 0.123456790123)
(9.01234567901 0.987654320988 0.123456790123)
(9.13580246914 0.987654320988 0.123456790123)
(9.25925925926 0.987654320988 0.123456790123)
(9.38271604938 0.987654320988 0.123456790123)
(9.50617283951 0.987654320988 0.123456790123)
(9.62962962963 0.987654320988 0.123456790123)
(9.75308641975 0.987654320988 0.123456790123)
(9.87654320988 0.987654320988 0.123456790123)
(10 0.987654320988 0.123456790123)
(0 1.11111111111 0.123456790123)
(0.123456790123 1.11111111111 0.123456790123)
(0.246913580247 1.11111111111 0.123456790123)
(0.37037037037 1.11111111111 0.123456790123)
(0.493827160494 1.11111111111 0.123456790123)
(0.617283950617 1.11111111111 0.123456790123)
(0.740740740741 1.11111111111 0.123456790123)
(0.864197530864 1.11111111111 0.123456790123)
(0.987654320988 1.11111111111 0.123456790123)
(1.11111111111 1.11111111111 0.123456790123)
(1.23456790123 1.11111111111 0.123456790123)
(1.35802469136 1.11111111111 0.123456790123)
(1.48148148148 1.11111111111 0.123456790123)
(1.6049382716 1.11111111111 0.123456790123)
(1.72839506173 1.11111111111 0.123456790123)
(1.85185185185 1.11111111111 0.123456790123)
(1.97530864198 1.11111111111 0.123456790123)
(2.0987654321 1.11111111111 0.123456790123)
(2.22222222222 1.11111111111 0.123456790123)
(2.34567901235 1.11111111111 0.123456790123)
(2.46913580247 1.11111111111 0.123456790123)
(2.59259259259 1.11111111111 0.123456790123)
(2.71604938272 1.11111111111 0.123456790123)
(2.83950617284 1.11111111111 0.123456790123)
(2.96296296296 1.11111111111 0.123456790123)
(3.08641975309 1.11111111111 0.123456790123)
(3.20987654321 1.11111111111 0.123456790123)
(3.33333333333 1.11111111111 0.123456790123)
(3.45679012346 1.11111111111 0.123456790123)
(3.58024691358 1.11111111111 0.123456790123)
(3.7037037037 1.11111111111 0.123456790123)
(3.82716049383 1.11111111111 0.123456790123)
(3.95061728395 1.11111111111 0.123456790123)
(4.07407407407 1.11111111111 0.123456790123)
(4.1975308642 1.11111111111 0.123456790123)
(4.32098765432 1.11111111111 0.123456790123)
(4.44444444444 1.11111111111 0.123456790123)
(4.56790123457 1.11111111111 0.123456790123)
(4.69135802469 1.11111111111 0.123456790123)
(4.81481481481 1.11111111111 0.123456790123)
(4.93827160494 1.11111111111 0.123456790123)
(5.06172839506 1.11111111111 0.123456790123)
(5.18518518519 1.11111111111 0.123456790123)
(5.30864197531 1.11111111111 0.123456790123)
(5.43209876543 1.11111111111 0.123456790123)
(5.55555555556 1.11111111111 0.123456790123)
(5.67901234568 1.11111111111 0.123456790123)
(5.8024691358 1.11111111111 0.123456790123)
(5.92592592593 1.11111111111 0.123456790123)
(6.04938271605 1.11111111111 0.123456790123)
(6.17283950617 1.11111111111 0.123456790123)
(6.2962962963 1.11111111111 0.123456790123)
(6.41975308642 1.11111111111 0.123456790123)
(6.54320987654 1.11111111111 0.123456790123)
(6.66666666667 1.11111111111 0.123456790123)
(6.79012345679 1.11111111111 0.123456790123)
(6.91358024691 1.11111111111 0.123456790123)
(7.03703703704 1.11111111111 0.123456790123)
(7.16049382716 1.11111111111 0.123456790123)
(7.28395061728 1.11111111111 0.123456790123)
(7.40740740741 1.11111111111 0.123456790123)
(7.53086419753 1.11111111111 0.123456790123)
(7.65432098765 1.11111111111 0.123456790123)
(7.77777777778 1.11111111111 0.123456790123)
(7.9012345679 1.11111111111 0.123456790123)
(8.02469135802 1.11111111111 0.123456790123)
(8.14814814815 1.11111111111 0.123456790123)
(8.27160493827 1.11111111111 0.123456790123)
(8.3950617284 1.11111111111 0.123456790123)
(8.51851851852 1.11111111111 0.123456790123)
(8.64197530864 1.11111111111 0.123456790123)
(8.76543209877 1.11111111111 0.123456790123)
(8.88888888889 1.11111111111 0.123456790123)
(9.01234567901 1.11111111111 0.123456790123)
(9.13580246914 1.11111111111 0.123456790123)
(9.25925925926 1.11111111111 0.123456790123)
(9.38271604938 1.11111111111 0.123456790123)
(9.50617283951 1.11111111111 0.123456790123)
(9.62962962963 1.11111111111 0.123456790123)
(9.75308641975 1.11111111111 0.123456790123)
(9.87654320988 1.11111111111 0.123456790123)
(10 1.11111111111 0.123456790123)
(0 1.23456790123 0.123456790123)
(0.123456790123 1.23456790123 0.123456790123)
(0.246913580247 1.23456790123 0.123456790123)
(0.37037037037 1.23456790123 0.123456790123)
(0.493827160494 1.23456790123 0.123456790123)
(0.617283950617 1.23456790123 0.123456790123)
(0.740740740741 1.23456790123 0.123456790123)
(0.864197530864 1.23456790123 0.123456790123)
(0.987654320988 1.23456790123 0.123456790123)
(1.11111111111 1.23456790123 0.123456790123)
(1.23456790123 1.23456790123 0.123456790123)
(1.35802469136 1.23456790123 0.123456790123)
(1.48148148148 1.23456790123 0.123456790123)
(1.6049382716 1.23456790123 0.123456790123)
(1.72839506173 1.23456790123 0.123456790123)
(1.85185185185 1.23456790123 0.123456790123)
(1.97530864198 1.23456790123 0.123456790123)
(2.0987654321 1.23456790123 0.123456790123)
(2.22222222222 1.23456790123 0.123456790123)
(2.34567901235 1.23456790123 0.123456790123)
(2.46913580247 1.23456790123 0.123456790123)
(2.59259259259 1.23456790123 0.123456790123)
(2.71604938272 1.23456790123 0.123456790123)
(2.83950617284 1.23456790123 0.123456790123)
(2.96296296296 1.23456790123 0.123456790123)
(3.08641975309 1.23456790123 0.123456790123)
(3.20987654321 1.23456790123 0.123456790123)
(3.33333333333 1.23456790123 0.123456790123)
(3.45679012346 1.23456790123 0.123456790123)
(3.58024691358 1.23456790123 0.123456790123)
(3.7037037037 1.23456790123 0.123456790123)
(3.82716049383 1.23456790123 0.123456790123)
(3.95061728395 1.23456790123 0.123456790123)
(4.07407407407 1.23456790123 0.123456790123)
(4.1975308642 1.23456790123 0.123456790123)
(4.32098765432 1.23456790123 0.123456790123)
(4.44444444444 1.23456790123 0.123456790123)
(4.56790123457 1.23456790123 0.123456790123)
(4.69135802469 1.23456790123 0.123456790123)
(4.81481481481 1.23456790123 0.123456790123)
(4.93827160494 1.23456790123 0.123456790123)
(5.06172839506 1.23456790123 0.123456790123)
(5.18518518519 1.23456790123 0.123456790123)
(5.30864197531 1.23456790123 0.123456790123)
(5.43209876543 1.23456790123 0.123456790123)
(5.55555555556 1.23456790123 0.123456790123)
(5.67901234568 1.23456790123 0.123456790123)
(5.8024691358 1.23456790123 0.123456790123)
(5.92592592593 1.23456790123 0.123456790123)
(6.04938271605 1.23456790123 0.123456790123)
(6.17283950617 1.23456790123 0.123456790123)
(6.2962962963 1.23456790123 0.123456790123)
(6.41975308642 1.23456790123 0.123456790123)
(6.54320987654 1.23456790123 0.123456790123)
(6.66666666667 1.23456790123 0.123456790123)
(6.79012345679 1.23456790123 0.123456790123)
(6.91358024691 1.23456790123 0.123456790123)
(7.03703703704 1.23456790123 0.123456790123)
(7.16049382716 1.23456790123 0.123456790123)
(7.28395061728 1.23456790123 0.123456790123)
(7.40740740741 1.23456790123 0.123456790123)
(7.53086419753 1.23456790123 0.123456790123)
(7.65432098765 1.23456790123 0.123456790123)
(7.77777777778 1.23456790123 0.123456790123)
(7.9012345679 1.23456790123 0.123456790123)
(8.02469135802 1.23456790123 0.123456790123)
(8.14814814815 1.23456790123 0.123456790123)
(8.27160493827 1.23456790123 0.123456790123)
(8.3950617284 1.23456790123 0.123456790123)
(8.51851851852 1.23456790123 0.123456790123)
(8.64197530864 1.23456790123 0.123456790123)
(8.76543209877 1.23456790123 0.123456790123)
(8.88888888889 1.23456790123 0.123456790123)
(9.01234567901 1.23456790123 0.123456790123)
(9.13580246914 1.23456790123 0.123456790123)
(9.25925925926 1.23456790123 0.123456790123)
(9.38271604938 1.23456790123 0.123456790123)
(9.50617283951 1.23456790123 0.123456790123)
(9.62962962963 1.23456790123 0.123456790123)
(9.75308641975 1.23456790123 0.123456790123)
(9.87654320988 1.23456790123 0.123456790123)
(10 1.23456790123 0.123456790123)
(0 1.35802469136 0.123456790123)
(0.123456790123 1.35802469136 0.123456790123)
(0.246913580247 1.35802469136 0.123456790123)
(0.37037037037 1.35802469136 0.123456790123)
(0.493827160494 1.35802469136 0.123456790123)
(0.617283950617 1.35802469136 0.123456790123)
(0.740740740741 1.35802469136 0.123456790123)
(0.864197530864 1.35802469136 0.123456790123)
(0.987654320988 1.35802469136 0.123456790123)
(1.11111111111 1.35802469136 0.123456790123)
(1.23456790123 1.35802469136 0.123456790123)
(1.35802469136 1.35802469136 0.123456790123)
(1.48148148148 1.35802469136 0.123456790123)
(1.6049382716 1.35802469136 0.123456790123)
(1.72839506173 1.35802469136 0.123456790123)
(1.85185185185 1.35802469136 0.123456790123)
(1.97530864198 1.35802469136 0.123456790123)
(2.0987654321 1.35802469136 0.123456790123)
(2.22222222222 1.35802469136 0.123456790123)
(2.34567901235 1.35802469136 0.123456790123)
(2.46913580247 1.35802469136 0.123456790123)
(2.59259259259 1.35802469136 0.123456790123)
(2.71604938272 1.35802469136 0.123456790123)
(2.83950617284 1.35802469136 0.123456790123)
(2.96296296296 1.35802469136 0.123456790123)
(3.08641975309 1.35802469136 0.123456790123)
(3.20987654321 1.35802469136 0.123456790123)
(3.33333333333 1.35802469136 0.123456790123)
(3.45679012346 1.35802469136 0.123456790123)
(3.58024691358 1.35802469136 0.123456790123)
(3.7037037037 1.35802469136 0.123456790123)
(3.82716049383 1.35802469136 0.123456790123)
(3.95061728395 1.35802469136 0.123456790123)
(4.07407407407 1.35802469136 0.123456790123)
(4.1975308642 1.35802469136 0.123456790123)
(4.32098765432 1.35802469136 0.123456790123)
(4.44444444444 1.35802469136 0.123456790123)
(4.56790123457 1.35802469136 0.123456790123)
(4.69135802469 1.35802469136 0.123456790123)
(4.81481481481 1.35802469136 0.123456790123)
(4.93827160494 1.35802469136 0.123456790123)
(5.06172839506 1.35802469136 0.123456790123)
(5.18518518519 1.35802469136 0.123456790123)
(5.30864197531 1.35802469136 0.123456790123)
(5.43209876543 1.35802469136 0.123456790123)
(5.55555555556 1.35802469136 0.123456790123)
(5.67901234568 1.35802469136 0.123456790123)
(5.8024691358 1.35802469136 0.123456790123)
(5.92592592593 1.35802469136 0.123456790123)
(6.04938271605 1.35802469136 0.123456790123)
(6.17283950617 1.35802469136 0.123456790123)
(6.2962962963 1.35802469136 0.123456790123)
(6.41975308642 1.35802469136 0.123456790123)
(6.54320987654 1.35802469136 0.123456790123)
(6.66666666667 1.35802469136 0.123456790123)
(6.79012345679 1.35802469136 0.123456790123)
(6.91358024691 1.35802469136 0.123456790123)
(7.03703703704 1.35802469136 0.123456790123)
(7.16049382716 1.35802469136 0.123456790123)
(7.28395061728 1.35802469136 0.123456790123)
(7.40740740741 1.35802469136 0.123456790123)
(7.53086419753 1.35802469136 0.123456790123)
(7.65432098765 1.35802469136 0.123456790123)
(7.77777777778 1.35802469136 0.123456790123)
(7.9012345679 1.35802469136 0.123456790123)
(8.02469135802 1.35802469136 0.123456790123)
(8.14814814815 1.35802469136 0.123456790123)
(8.27160493827 1.35802469136 0.123456790123)
(8.3950617284 1.35802469136 0.123456790123)
(8.51851851852 1.35802469136 0.123456790123)
(8.64197530864 1.35802469136 0.123456790123)
(8.76543209877 1.35802469136 0.123456790123)
(8.88888888889 1.35802469136 0.123456790123)
(9.01234567901 1.35802469136 0.123456790123)
(9.13580246914 1.35802469136 0.123456790123)
(9.25925925926 1.35802469136 0.123456790123)
(9.38271604938 1.35802469136 0.123456790123)
(9.50617283951 1.35802469136 0.123456790123)
(9.62962962963 1.35802469136 0.123456790123)
(9.75308641975 1.35802469136 0.123456790123)
(9.87654320988 1.35802469136 0.123456790123)
(10 1.35802469136 0.123456790123)
(0 1.48148148148 0.123456790123)
(0.123456790123 1.48148148148 0.123456790123)
(0.246913580247 1.48148148148 0.123456790123)
(0.37037037037 1.48148148148 0.123456790123)
(0.493827160494 1.48148148148 0.123456790123)
(0.617283950617 1.48148148148 0.123456790123)
(0.740740740741 1.48148148148 0.123456790123)
(0.864197530864 1.48148148148 0.123456790123)
(0.987654320988 1.48148148148 0.123456790123)
(1.11111111111 1.48148148148 0.123456790123)
(1.23456790123 1.48148148148 0.123456790123)
(1.35802469136 1.48148148148 0.123456790123)
(1.48148148148 1.48148148148 0.123456790123)
(1.6049382716 1.48148148148 0.123456790123)
(1.72839506173 1.48148148148 0.123456790123)
(1.85185185185 1.48148148148 0.123456790123)
(1.97530864198 1.48148148148 0.123456790123)
(2.0987654321 1.48148148148 0.123456790123)
(2.22222222222 1.48148148148 0.123456790123)
(2.34567901235 1.48148148148 0.123456790123)
(2.46913580247 1.48148148148 0.123456790123)
(2.59259259259 1.48148148148 0.123456790123)
(2.71604938272 1.48148148148 0.123456790123)
(2.83950617284 1.48148148148 0.123456790123)
(2.96296296296 1.48148148148 0.123456790123)
(3.08641975309 1.48148148148 0.123456790123)
(3.20987654321 1.48148148148 0.123456790123)
(3.33333333333 1.48148148148 0.123456790123)
(3.45679012346 1.48148148148 0.123456790123)
(3.58024691358 1.48148148148 0.123456790123)
(3.7037037037 1.48148148148 0.123456790123)
(3.82716049383 1.48148148148 0.123456790123)
(3.95061728395 1.48148148148 0.123456790123)
(4.07407407407 1.48148148148 0.123456790123)
(4.1975308642 1.48148148148 0.123456790123)
(4.32098765432 1.48148148148 0.123456790123)
(4.44444444444 1.48148148148 0.123456790123)
(4.56790123457 1.48148148148 0.123456790123)
(4.69135802469 1.48148148148 0.123456790123)
(4.81481481481 1.48148148148 0.123456790123)
(4.93827160494 1.48148148148 0.123456790123)
(5.06172839506 1.48148148148 0.123456790123)
(5.18518518519 1.48148148148 0.123456790123)
(5.30864197531 1.48148148148 0.123456790123)
(5.43209876543 1.48148148148 0.123456790123)
(5.55555555556 1.48148148148 0.123456790123)
(5.67901234568 1.48148148148 0.123456790123)
(5.8024691358 1.48148148148 0.123456790123)
(5.92592592593 1.48148148148 0.123456790123)
(6.04938271605 1.48148148148 0.123456790123)
(6.17283950617 1.48148148148 0.123456790123)
(6.2962962963 1.48148148148 0.123456790123)
(6.41975308642 1.48148148148 0.123456790123)
(6.54320987654 1.48148148148 0.123456790123)
(6.66666666667 1.48148148148 0.123456790123)
(6.79012345679 1.48148148148 0.123456790123)
(6.91358024691 1.48148148148 0.123456790123)
(7.03703703704 1.48148148148 0.123456790123)
(7.16049382716 1.48148148148 0.123456790123)
(7.28395061728 1.48148148148 0.123456790123)
(7.40740740741 1.48148148148 0.123456790123)
(7.53086419753 1.48148148148 0.123456790123)
(7.65432098765 1.48148148148 0.123456790123)
(7.77777777778 1.48148148148 0.123456790123)
(7.9012345679 1.48148148148 0.123456790123)
(8.02469135802 1.48148148148 0.123456790123)
(8.14814814815 1.48148148148 0.123456790123)
(8.27160493827 1.48148148148 0.123456790123)
(8.3950617284 1.48148148148 0.123456790123)
(8.51851851852 1.48148148148 0.123456790123)
(8.64197530864 1.48148148148 0.123456790123)
(8.76543209877 1.48148148148 0.123456790123)
(8.88888888889 1.48148148148 0.123456790123)
(9.01234567901 1.48148148148 0.123456790123)
(9.13580246914 1.48148148148 0.123456790123)
(9.25925925926 1.48148148148 0.123456790123)
(9.38271604938 1.48148148148 0.123456790123)
(9.50617283951 1.48148148148 0.123456790123)
(9.62962962963 1.48148148148 0.123456790123)
(9.75308641975 1.48148148148 0.123456790123)
(9.87654320988 1.48148148148 0.123456790123)
(10 1.48148148148 0.123456790123)
(0 1.6049382716 0.123456790123)
(0.123456790123 1.6049382716 0.123456790123)
(0.246913580247 1.6049382716 0.123456790123)
(0.37037037037 1.6049382716 0.123456790123)
(0.493827160494 1.6049382716 0.123456790123)
(0.617283950617 1.6049382716 0.123456790123)
(0.740740740741 1.6049382716 0.123456790123)
(0.864197530864 1.6049382716 0.123456790123)
(0.987654320988 1.6049382716 0.123456790123)
(1.11111111111 1.6049382716 0.123456790123)
(1.23456790123 1.6049382716 0.123456790123)
(1.35802469136 1.6049382716 0.123456790123)
(1.48148148148 1.6049382716 0.123456790123)
(1.6049382716 1.6049382716 0.123456790123)
(1.72839506173 1.6049382716 0.123456790123)
(1.85185185185 1.6049382716 0.123456790123)
(1.97530864198 1.6049382716 0.123456790123)
(2.0987654321 1.6049382716 0.123456790123)
(2.22222222222 1.6049382716 0.123456790123)
(2.34567901235 1.6049382716 0.123456790123)
(2.46913580247 1.6049382716 0.123456790123)
(2.59259259259 1.6049382716 0.123456790123)
(2.71604938272 1.6049382716 0.123456790123)
(2.83950617284 1.6049382716 0.123456790123)
(2.96296296296 1.6049382716 0.123456790123)
(3.08641975309 1.6049382716 0.123456790123)
(3.20987654321 1.6049382716 0.123456790123)
(3.33333333333 1.6049382716 0.123456790123)
(3.45679012346 1.6049382716 0.123456790123)
(3.58024691358 1.6049382716 0.123456790123)
(3.7037037037 1.6049382716 0.123456790123)
(3.82716049383 1.6049382716 0.123456790123)
(3.95061728395 1.6049382716 0.123456790123)
(4.07407407407 1.6049382716 0.123456790123)
(4.1975308642 1.6049382716 0.123456790123)
(4.32098765432 1.6049382716 0.123456790123)
(4.44444444444 1.6049382716 0.123456790123)
(4.56790123457 1.6049382716 0.123456790123)
(4.69135802469 1.6049382716 0.123456790123)
(4.81481481481 1.6049382716 0.123456790123)
(4.93827160494 1.6049382716 0.123456790123)
(5.06172839506 1.6049382716 0.123456790123)
(5.18518518519 1.6049382716 0.123456790123)
(5.30864197531 1.6049382716 0.123456790123)
(5.43209876543 1.6049382716 0.123456790123)
(5.55555555556 1.6049382716 0.123456790123)
(5.67901234568 1.6049382716 0.123456790123)
(5.8024691358 1.6049382716 0.123456790123)
(5.92592592593 1.6049382716 0.123456790123)
(6.04938271605 1.6049382716 0.123456790123)
(6.17283950617 1.6049382716 0.123456790123)
(6.2962962963 1.6049382716 0.123456790123)
(6.41975308642 1.6049382716 0.123456790123)
(6.54320987654 1.6049382716 0.123456790123)
(6.66666666667 1.6049382716 0.123456790123)
(6.79012345679 1.6049382716 0.123456790123)
(6.91358024691 1.6049382716 0.123456790123)
(7.03703703704 1.6049382716 0.123456790123)
(7.16049382716 1.6049382716 0.123456790123)
(7.28395061728 1.6049382716 0.123456790123)
(7.40740740741 1.6049382716 0.123456790123)
(7.53086419753 1.6049382716 0.123456790123)
(7.65432098765 1.6049382716 0.123456790123)
(7.77777777778 1.6049382716 0.123456790123)
(7.9012345679 1.6049382716 0.123456790123)
(8.02469135802 1.6049382716 0.123456790123)
(8.14814814815 1.6049382716 0.123456790123)
(8.27160493827 1.6049382716 0.123456790123)
(8.3950617284 1.6049382716 0.123456790123)
(8.51851851852 1.6049382716 0.123456790123)
(8.64197530864 1.6049382716 0.123456790123)
(8.76543209877 1.6049382716 0.123456790123)
(8.88888888889 1.6049382716 0.123456790123)
(9.01234567901 1.6049382716 0.123456790123)
(9.13580246914 1.6049382716 0.123456790123)
(9.25925925926 1.6049382716 0.123456790123)
(9.38271604938 1.6049382716 0.123456790123)
(9.50617283951 1.6049382716 0.123456790123)
(9.62962962963 1.6049382716 0.123456790123)
(9.75308641975 1.6049382716 0.123456790123)
(9.87654320988 1.6049382716 0.123456790123)
(10 1.6049382716 0.123456790123)
(0 1.72839506173 0.123456790123)
(0.123456790123 1.72839506173 0.123456790123)
(0.246913580247 1.72839506173 0.123456790123)
(0.37037037037 1.72839506173 0.123456790123)
(0.493827160494 1.72839506173 0.123456790123)
(0.617283950617 1.72839506173 0.123456790123)
(0.740740740741 1.72839506173 0.123456790123)
(0.864197530864 1.72839506173 0.123456790123)
(0.987654320988 1.72839506173 0.123456790123)
(1.11111111111 1.72839506173 0.123456790123)
(1.23456790123 1.72839506173 0.123456790123)
(1.35802469136 1.72839506173 0.123456790123)
(1.48148148148 1.72839506173 0.123456790123)
(1.6049382716 1.72839506173 0.123456790123)
(1.72839506173 1.72839506173 0.123456790123)
(1.85185185185 1.72839506173 0.123456790123)
(1.97530864198 1.72839506173 0.123456790123)
(2.0987654321 1.72839506173 0.123456790123)
(2.22222222222 1.72839506173 0.123456790123)
(2.34567901235 1.72839506173 0.123456790123)
(2.46913580247 1.72839506173 0.123456790123)
(2.59259259259 1.72839506173 0.123456790123)
(2.71604938272 1.72839506173 0.123456790123)
(2.83950617284 1.72839506173 0.123456790123)
(2.96296296296 1.72839506173 0.123456790123)
(3.08641975309 1.72839506173 0.123456790123)
(3.20987654321 1.72839506173 0.123456790123)
(3.33333333333 1.72839506173 0.123456790123)
(3.45679012346 1.72839506173 0.123456790123)
(3.58024691358 1.72839506173 0.123456790123)
(3.7037037037 1.72839506173 0.123456790123)
(3.82716049383 1.72839506173 0.123456790123)
(3.95061728395 1.72839506173 0.123456790123)
(4.07407407407 1.72839506173 0.123456790123)
(4.1975308642 1.72839506173 0.123456790123)
(4.32098765432 1.72839506173 0.123456790123)
(4.44444444444 1.72839506173 0.123456790123)
(4.56790123457 1.72839506173 0.123456790123)
(4.69135802469 1.72839506173 0.123456790123)
(4.81481481481 1.72839506173 0.123456790123)
(4.93827160494 1.72839506173 0.123456790123)
(5.06172839506 1.72839506173 0.123456790123)
(5.18518518519 1.72839506173 0.123456790123)
(5.30864197531 1.72839506173 0.123456790123)
(5.43209876543 1.72839506173 0.123456790123)
(5.55555555556 1.72839506173 0.123456790123)
(5.67901234568 1.72839506173 0.123456790123)
(5.8024691358 1.72839506173 0.123456790123)
(5.92592592593 1.72839506173 0.123456790123)
(6.04938271605 1.72839506173 0.123456790123)
(6.17283950617 1.72839506173 0.123456790123)
(6.2962962963 1.72839506173 0.123456790123)
(6.41975308642 1.72839506173 0.123456790123)
(6.54320987654 1.72839506173 0.123456790123)
(6.66666666667 1.72839506173 0.123456790123)
(6.79012345679 1.72839506173 0.123456790123)
(6.91358024691 1.72839506173 0.123456790123)
(7.03703703704 1.72839506173 0.123456790123)
(7.16049382716 1.72839506173 0.123456790123)
(7.28395061728 1.72839506173 0.123456790123)
(7.40740740741 1.72839506173 0.123456790123)
(7.53086419753 1.72839506173 0.123456790123)
(7.65432098765 1.72839506173 0.123456790123)
(7.77777777778 1.72839506173 0.123456790123)
(7.9012345679 1.72839506173 0.123456790123)
(8.02469135802 1.72839506173 0.123456790123)
(8.14814814815 1.72839506173 0.123456790123)
(8.27160493827 1.72839506173 0.123456790123)
(8.3950617284 1.72839506173 0.123456790123)
(8.51851851852 1.72839506173 0.123456790123)
(8.64197530864 1.72839506173 0.123456790123)
(8.76543209877 1.72839506173 0.123456790123)
(8.88888888889 1.72839506173 0.123456790123)
(9.01234567901 1.72839506173 0.123456790123)
(9.13580246914 1.72839506173 0.123456790123)
(9.25925925926 1.72839506173 0.123456790123)
(9.38271604938 1.72839506173 0.123456790123)
(9.50617283951 1.72839506173 0.123456790123)
(9.62962962963 1.72839506173 0.123456790123)
(9.75308641975 1.72839506173 0.123456790123)
(9.87654320988 1.72839506173 0.123456790123)
(10 1.72839506173 0.123456790123)
(0 1.85185185185 0.123456790123)
(0.123456790123 1.85185185185 0.123456790123)
(0.246913580247 1.85185185185 0.123456790123)
(0.37037037037 1.85185185185 0.123456790123)
(0.493827160494 1.85185185185 0.123456790123)
(0.617283950617 1.85185185185 0.123456790123)
(0.740740740741 1.85185185185 0.123456790123)
(0.864197530864 1.85185185185 0.123456790123)
(0.987654320988 1.85185185185 0.123456790123)
(1.11111111111 1.85185185185 0.123456790123)
(1.23456790123 1.85185185185 0.123456790123)
(1.35802469136 1.85185185185 0.123456790123)
(1.48148148148 1.85185185185 0.123456790123)
(1.6049382716 1.85185185185 0.123456790123)
(1.72839506173 1.85185185185 0.123456790123)
(1.85185185185 1.85185185185 0.123456790123)
(1.97530864198 1.85185185185 0.123456790123)
(2.0987654321 1.85185185185 0.123456790123)
(2.22222222222 1.85185185185 0.123456790123)
(2.34567901235 1.85185185185 0.123456790123)
(2.46913580247 1.85185185185 0.123456790123)
(2.59259259259 1.85185185185 0.123456790123)
(2.71604938272 1.85185185185 0.123456790123)
(2.83950617284 1.85185185185 0.123456790123)
(2.96296296296 1.85185185185 0.123456790123)
(3.08641975309 1.85185185185 0.123456790123)
(3.20987654321 1.85185185185 0.123456790123)
(3.33333333333 1.85185185185 0.123456790123)
(3.45679012346 1.85185185185 0.123456790123)
(3.58024691358 1.85185185185 0.123456790123)
(3.7037037037 1.85185185185 0.123456790123)
(3.82716049383 1.85185185185 0.123456790123)
(3.95061728395 1.85185185185 0.123456790123)
(4.07407407407 1.85185185185 0.123456790123)
(4.1975308642 1.85185185185 0.123456790123)
(4.32098765432 1.85185185185 0.123456790123)
(4.44444444444 1.85185185185 0.123456790123)
(4.56790123457 1.85185185185 0.123456790123)
(4.69135802469 1.85185185185 0.123456790123)
(4.81481481481 1.85185185185 0.123456790123)
(4.93827160494 1.85185185185 0.123456790123)
(5.06172839506 1.85185185185 0.123456790123)
(5.18518518519 1.85185185185 0.123456790123)
(5.30864197531 1.85185185185 0.123456790123)
(5.43209876543 1.85185185185 0.123456790123)
(5.55555555556 1.85185185185 0.123456790123)
(5.67901234568 1.85185185185 0.123456790123)
(5.8024691358 1.85185185185 0.123456790123)
(5.92592592593 1.85185185185 0.123456790123)
(6.04938271605 1.85185185185 0.123456790123)
(6.17283950617 1.85185185185 0.123456790123)
(6.2962962963 1.85185185185 0.123456790123)
(6.41975308642 1.85185185185 0.123456790123)
(6.54320987654 1.85185185185 0.123456790123)
(6.66666666667 1.85185185185 0.123456790123)
(6.79012345679 1.85185185185 0.123456790123)
(6.91358024691 1.85185185185 0.123456790123)
(7.03703703704 1.85185185185 0.123456790123)
(7.16049382716 1.85185185185 0.123456790123)
(7.28395061728 1.85185185185 0.123456790123)
(7.40740740741 1.85185185185 0.123456790123)
(7.53086419753 1.85185185185 0.123456790123)
(7.65432098765 1.85185185185 0.123456790123)
(7.77777777778 1.85185185185 0.123456790123)
(7.9012345679 1.85185185185 0.123456790123)
(8.02469135802 1.85185185185 0.123456790123)
(8.14814814815 1.85185185185 0.123456790123)
(8.27160493827 1.85185185185 0.123456790123)
(8.3950617284 1.85185185185 0.123456790123)
(8.51851851852 1.85185185185 0.123456790123)
(8.64197530864 1.85185185185 0.123456790123)
(8.76543209877 1.85185185185 0.123456790123)
(8.88888888889 1.85185185185 0.123456790123)
(9.01234567901 1.85185185185 0.123456790123)
(9.13580246914 1.85185185185 0.123456790123)
(9.25925925926 1.85185185185 0.123456790123)
(9.38271604938 1.85185185185 0.123456790123)
(9.50617283951 1.85185185185 0.123456790123)
(9.62962962963 1.85185185185 0.123456790123)
(9.75308641975 1.85185185185 0.123456790123)
(9.87654320988 1.85185185185 0.123456790123)
(10 1.85185185185 0.123456790123)
(0 1.97530864198 0.123456790123)
(0.123456790123 1.97530864198 0.123456790123)
(0.246913580247 1.97530864198 0.123456790123)
(0.37037037037 1.97530864198 0.123456790123)
(0.493827160494 1.97530864198 0.123456790123)
(0.617283950617 1.97530864198 0.123456790123)
(0.740740740741 1.97530864198 0.123456790123)
(0.864197530864 1.97530864198 0.123456790123)
(0.987654320988 1.97530864198 0.123456790123)
(1.11111111111 1.97530864198 0.123456790123)
(1.23456790123 1.97530864198 0.123456790123)
(1.35802469136 1.97530864198 0.123456790123)
(1.48148148148 1.97530864198 0.123456790123)
(1.6049382716 1.97530864198 0.123456790123)
(1.72839506173 1.97530864198 0.123456790123)
(1.85185185185 1.97530864198 0.123456790123)
(1.97530864198 1.97530864198 0.123456790123)
(2.0987654321 1.97530864198 0.123456790123)
(2.22222222222 1.97530864198 0.123456790123)
(2.34567901235 1.97530864198 0.123456790123)
(2.46913580247 1.97530864198 0.123456790123)
(2.59259259259 1.97530864198 0.123456790123)
(2.71604938272 1.97530864198 0.123456790123)
(2.83950617284 1.97530864198 0.123456790123)
(2.96296296296 1.97530864198 0.123456790123)
(3.08641975309 1.97530864198 0.123456790123)
(3.20987654321 1.97530864198 0.123456790123)
(3.33333333333 1.97530864198 0.123456790123)
(3.45679012346 1.97530864198 0.123456790123)
(3.58024691358 1.97530864198 0.123456790123)
(3.7037037037 1.97530864198 0.123456790123)
(3.82716049383 1.97530864198 0.123456790123)
(3.95061728395 1.97530864198 0.123456790123)
(4.07407407407 1.97530864198 0.123456790123)
(4.1975308642 1.97530864198 0.123456790123)
(4.32098765432 1.97530864198 0.123456790123)
(4.44444444444 1.97530864198 0.123456790123)
(4.56790123457 1.97530864198 0.123456790123)
(4.69135802469 1.97530864198 0.123456790123)
(4.81481481481 1.97530864198 0.123456790123)
(4.93827160494 1.97530864198 0.123456790123)
(5.06172839506 1.97530864198 0.123456790123)
(5.18518518519 1.97530864198 0.123456790123)
(5.30864197531 1.97530864198 0.123456790123)
(5.43209876543 1.97530864198 0.123456790123)
(5.55555555556 1.97530864198 0.123456790123)
(5.67901234568 1.97530864198 0.123456790123)
(5.8024691358 1.97530864198 0.123456790123)
(5.92592592593 1.97530864198 0.123456790123)
(6.04938271605 1.97530864198 0.123456790123)
(6.17283950617 1.97530864198 0.123456790123)
(6.2962962963 1.97530864198 0.123456790123)
(6.41975308642 1.97530864198 0.123456790123)
(6.54320987654 1.97530864198 0.123456790123)
(6.66666666667 1.97530864198 0.123456790123)
(6.79012345679 1.97530864198 0.123456790123)
(6.91358024691 1.97530864198 0.123456790123)
(7.03703703704 1.97530864198 0.123456790123)
(7.16049382716 1.97530864198 0.123456790123)
(7.28395061728 1.97530864198 0.123456790123)
(7.40740740741 1.97530864198 0.123456790123)
(7.53086419753 1.97530864198 0.123456790123)
(7.65432098765 1.97530864198 0.123456790123)
(7.77777777778 1.97530864198 0.123456790123)
(7.9012345679 1.97530864198 0.123456790123)
(8.02469135802 1.97530864198 0.123456790123)
(8.14814814815 1.97530864198 0.123456790123)
(8.27160493827 1.97530864198 0.123456790123)
(8.3950617284 1.97530864198 0.123456790123)
(8.51851851852 1.97530864198 0.123456790123)
(8.64197530864 1.97530864198 0.123456790123)
(8.76543209877 1.97530864198 0.123456790123)
(8.88888888889 1.97530864198 0.123456790123)
(9.01234567901 1.97530864198 0.123456790123)
(9.13580246914 1.97530864198 0.123456790123)
(9.25925925926 1.97530864198 0.123456790123)
(9.38271604938 1.97530864198 0.123456790123)
(9.50617283951 1.97530864198 0.123456790123)
(9.62962962963 1.97530864198 0.123456790123)
(9.75308641975 1.97530864198 0.123456790123)
(9.87654320988 1.97530864198 0.123456790123)
(10 1.97530864198 0.123456790123)
(0 2.0987654321 0.123456790123)
(0.123456790123 2.0987654321 0.123456790123)
(0.246913580247 2.0987654321 0.123456790123)
(0.37037037037 2.0987654321 0.123456790123)
(0.493827160494 2.0987654321 0.123456790123)
(0.617283950617 2.0987654321 0.123456790123)
(0.740740740741 2.0987654321 0.123456790123)
(0.864197530864 2.0987654321 0.123456790123)
(0.987654320988 2.0987654321 0.123456790123)
(1.11111111111 2.0987654321 0.123456790123)
(1.23456790123 2.0987654321 0.123456790123)
(1.35802469136 2.0987654321 0.123456790123)
(1.48148148148 2.0987654321 0.123456790123)
(1.6049382716 2.0987654321 0.123456790123)
(1.72839506173 2.0987654321 0.123456790123)
(1.85185185185 2.0987654321 0.123456790123)
(1.97530864198 2.0987654321 0.123456790123)
(2.0987654321 2.0987654321 0.123456790123)
(2.22222222222 2.0987654321 0.123456790123)
(2.34567901235 2.0987654321 0.123456790123)
(2.46913580247 2.0987654321 0.123456790123)
(2.59259259259 2.0987654321 0.123456790123)
(2.71604938272 2.0987654321 0.123456790123)
(2.83950617284 2.0987654321 0.123456790123)
(2.96296296296 2.0987654321 0.123456790123)
(3.08641975309 2.0987654321 0.123456790123)
(3.20987654321 2.0987654321 0.123456790123)
(3.33333333333 2.0987654321 0.123456790123)
(3.45679012346 2.0987654321 0.123456790123)
(3.58024691358 2.0987654321 0.123456790123)
(3.7037037037 2.0987654321 0.123456790123)
(3.82716049383 2.0987654321 0.123456790123)
(3.95061728395 2.0987654321 0.123456790123)
(4.07407407407 2.0987654321 0.123456790123)
(4.1975308642 2.0987654321 0.123456790123)
(4.32098765432 2.0987654321 0.123456790123)
(4.44444444444 2.0987654321 0.123456790123)
(4.56790123457 2.0987654321 0.123456790123)
(4.69135802469 2.0987654321 0.123456790123)
(4.81481481481 2.0987654321 0.123456790123)
(4.93827160494 2.0987654321 0.123456790123)
(5.06172839506 2.0987654321 0.123456790123)
(5.18518518519 2.0987654321 0.123456790123)
(5.30864197531 2.0987654321 0.123456790123)
(5.43209876543 2.0987654321 0.123456790123)
(5.55555555556 2.0987654321 0.123456790123)
(5.67901234568 2.0987654321 0.123456790123)
(5.8024691358 2.0987654321 0.123456790123)
(5.92592592593 2.0987654321 0.123456790123)
(6.04938271605 2.0987654321 0.123456790123)
(6.17283950617 2.0987654321 0.123456790123)
(6.2962962963 2.0987654321 0.123456790123)
(6.41975308642 2.0987654321 0.123456790123)
(6.54320987654 2.0987654321 0.123456790123)
(6.66666666667 2.0987654321 0.123456790123)
(6.79012345679 2.0987654321 0.123456790123)
(6.91358024691 2.0987654321 0.123456790123)
(7.03703703704 2.0987654321 0.123456790123)
(7.16049382716 2.0987654321 0.123456790123)
(7.28395061728 2.0987654321 0.123456790123)
(7.40740740741 2.0987654321 0.123456790123)
(7.53086419753 2.0987654321 0.123456790123)
(7.65432098765 2.0987654321 0.123456790123)
(7.77777777778 2.0987654321 0.123456790123)
(7.9012345679 2.0987654321 0.123456790123)
(8.02469135802 2.0987654321 0.123456790123)
(8.14814814815 2.0987654321 0.123456790123)
(8.27160493827 2.0987654321 0.123456790123)
(8.3950617284 2.0987654321 0.123456790123)
(8.51851851852 2.0987654321 0.123456790123)
(8.64197530864 2.0987654321 0.123456790123)
(8.76543209877 2.0987654321 0.123456790123)
(8.88888888889 2.0987654321 0.123456790123)
(9.01234567901 2.0987654321 0.123456790123)
(9.13580246914 2.0987654321 0.123456790123)
(9.25925925926 2.0987654321 0.123456790123)
(9.38271604938 2.0987654321 0.123456790123)
(9.50617283951 2.0987654321 0.123456790123)
(9.62962962963 2.0987654321 0.123456790123)
(9.75308641975 2.0987654321 0.123456790123)
(9.87654320988 2.0987654321 0.123456790123)
(10 2.0987654321 0.123456790123)
(0 2.22222222222 0.123456790123)
(0.123456790123 2.22222222222 0.123456790123)
(0.246913580247 2.22222222222 0.123456790123)
(0.37037037037 2.22222222222 0.123456790123)
(0.493827160494 2.22222222222 0.123456790123)
(0.617283950617 2.22222222222 0.123456790123)
(0.740740740741 2.22222222222 0.123456790123)
(0.864197530864 2.22222222222 0.123456790123)
(0.987654320988 2.22222222222 0.123456790123)
(1.11111111111 2.22222222222 0.123456790123)
(1.23456790123 2.22222222222 0.123456790123)
(1.35802469136 2.22222222222 0.123456790123)
(1.48148148148 2.22222222222 0.123456790123)
(1.6049382716 2.22222222222 0.123456790123)
(1.72839506173 2.22222222222 0.123456790123)
(1.85185185185 2.22222222222 0.123456790123)
(1.97530864198 2.22222222222 0.123456790123)
(2.0987654321 2.22222222222 0.123456790123)
(2.22222222222 2.22222222222 0.123456790123)
(2.34567901235 2.22222222222 0.123456790123)
(2.46913580247 2.22222222222 0.123456790123)
(2.59259259259 2.22222222222 0.123456790123)
(2.71604938272 2.22222222222 0.123456790123)
(2.83950617284 2.22222222222 0.123456790123)
(2.96296296296 2.22222222222 0.123456790123)
(3.08641975309 2.22222222222 0.123456790123)
(3.20987654321 2.22222222222 0.123456790123)
(3.33333333333 2.22222222222 0.123456790123)
(3.45679012346 2.22222222222 0.123456790123)
(3.58024691358 2.22222222222 0.123456790123)
(3.7037037037 2.22222222222 0.123456790123)
(3.82716049383 2.22222222222 0.123456790123)
(3.95061728395 2.22222222222 0.123456790123)
(4.07407407407 2.22222222222 0.123456790123)
(4.1975308642 2.22222222222 0.123456790123)
(4.32098765432 2.22222222222 0.123456790123)
(4.44444444444 2.22222222222 0.123456790123)
(4.56790123457 2.22222222222 0.123456790123)
(4.69135802469 2.22222222222 0.123456790123)
(4.81481481481 2.22222222222 0.123456790123)
(4.93827160494 2.22222222222 0.123456790123)
(5.06172839506 2.22222222222 0.123456790123)
(5.18518518519 2.22222222222 0.123456790123)
(5.30864197531 2.22222222222 0.123456790123)
(5.43209876543 2.22222222222 0.123456790123)
(5.55555555556 2.22222222222 0.123456790123)
(5.67901234568 2.22222222222 0.123456790123)
(5.8024691358 2.22222222222 0.123456790123)
(5.92592592593 2.22222222222 0.123456790123)
(6.04938271605 2.22222222222 0.123456790123)
(6.17283950617 2.22222222222 0.123456790123)
(6.2962962963 2.22222222222 0.123456790123)
(6.41975308642 2.22222222222 0.123456790123)
(6.54320987654 2.22222222222 0.123456790123)
(6.66666666667 2.22222222222 0.123456790123)
(6.79012345679 2.22222222222 0.123456790123)
(6.91358024691 2.22222222222 0.123456790123)
(7.03703703704 2.22222222222 0.123456790123)
(7.16049382716 2.22222222222 0.123456790123)
(7.28395061728 2.22222222222 0.123456790123)
(7.40740740741 2.22222222222 0.123456790123)
(7.53086419753 2.22222222222 0.123456790123)
(7.65432098765 2.22222222222 0.123456790123)
(7.77777777778 2.22222222222 0.123456790123)
(7.9012345679 2.22222222222 0.123456790123)
(8.02469135802 2.22222222222 0.123456790123)
(8.14814814815 2.22222222222 0.123456790123)
(8.27160493827 2.22222222222 0.123456790123)
(8.3950617284 2.22222222222 0.123456790123)
(8.51851851852 2.22222222222 0.123456790123)
(8.64197530864 2.22222222222 0.123456790123)
(8.76543209877 2.22222222222 0.123456790123)
(8.88888888889 2.22222222222 0.123456790123)
(9.01234567901 2.22222222222 0.123456790123)
(9.13580246914 2.22222222222 0.123456790123)
(9.25925925926 2.22222222222 0.123456790123)
(9.38271604938 2.22222222222 0.123456790123)
(9.50617283951 2.22222222222 0.123456790123)
(9.62962962963 2.22222222222 0.123456790123)
(9.75308641975 2.22222222222 0.123456790123)
(9.87654320988 2.22222222222 0.123456790123)
(10 2.22222222222 0.123456790123)
(0 2.34567901235 0.123456790123)
(0.123456790123 2.34567901235 0.123456790123)
(0.246913580247 2.34567901235 0.123456790123)
(0.37037037037 2.34567901235 0.123456790123)
(0.493827160494 2.34567901235 0.123456790123)
(0.617283950617 2.34567901235 0.123456790123)
(0.740740740741 2.34567901235 0.123456790123)
(0.864197530864 2.34567901235 0.123456790123)
(0.987654320988 2.34567901235 0.123456790123)
(1.11111111111 2.34567901235 0.123456790123)
(1.23456790123 2.34567901235 0.123456790123)
(1.35802469136 2.34567901235 0.123456790123)
(1.48148148148 2.34567901235 0.123456790123)
(1.6049382716 2.34567901235 0.123456790123)
(1.72839506173 2.34567901235 0.123456790123)
(1.85185185185 2.34567901235 0.123456790123)
(1.97530864198 2.34567901235 0.123456790123)
(2.0987654321 2.34567901235 0.123456790123)
(2.22222222222 2.34567901235 0.123456790123)
(2.34567901235 2.34567901235 0.123456790123)
(2.46913580247 2.34567901235 0.123456790123)
(2.59259259259 2.34567901235 0.123456790123)
(2.71604938272 2.34567901235 0.123456790123)
(2.83950617284 2.34567901235 0.123456790123)
(2.96296296296 2.34567901235 0.123456790123)
(3.08641975309 2.34567901235 0.123456790123)
(3.20987654321 2.34567901235 0.123456790123)
(3.33333333333 2.34567901235 0.123456790123)
(3.45679012346 2.34567901235 0.123456790123)
(3.58024691358 2.34567901235 0.123456790123)
(3.7037037037 2.34567901235 0.123456790123)
(3.82716049383 2.34567901235 0.123456790123)
(3.95061728395 2.34567901235 0.123456790123)
(4.07407407407 2.34567901235 0.123456790123)
(4.1975308642 2.34567901235 0.123456790123)
(4.32098765432 2.34567901235 0.123456790123)
(4.44444444444 2.34567901235 0.123456790123)
(4.56790123457 2.34567901235 0.123456790123)
(4.69135802469 2.34567901235 0.123456790123)
(4.81481481481 2.34567901235 0.123456790123)
(4.93827160494 2.34567901235 0.123456790123)
(5.06172839506 2.34567901235 0.123456790123)
(5.18518518519 2.34567901235 0.123456790123)
(5.30864197531 2.34567901235 0.123456790123)
(5.43209876543 2.34567901235 0.123456790123)
(5.55555555556 2.34567901235 0.123456790123)
(5.67901234568 2.34567901235 0.123456790123)
(5.8024691358 2.34567901235 0.123456790123)
(5.92592592593 2.34567901235 0.123456790123)
(6.04938271605 2.34567901235 0.123456790123)
(6.17283950617 2.34567901235 0.123456790123)
(6.2962962963 2.34567901235 0.123456790123)
(6.41975308642 2.34567901235 0.123456790123)
(6.54320987654 2.34567901235 0.123456790123)
(6.66666666667 2.34567901235 0.123456790123)
(6.79012345679 2.34567901235 0.123456790123)
(6.91358024691 2.34567901235 0.123456790123)
(7.03703703704 2.34567901235 0.123456790123)
(7.16049382716 2.34567901235 0.123456790123)
(7.28395061728 2.34567901235 0.123456790123)
(7.40740740741 2.34567901235 0.123456790123)
(7.53086419753 2.34567901235 0.123456790123)
(7.65432098765 2.34567901235 0.123456790123)
(7.77777777778 2.34567901235 0.123456790123)
(7.9012345679 2.34567901235 0.123456790123)
(8.02469135802 2.34567901235 0.123456790123)
(8.14814814815 2.34567901235 0.123456790123)
(8.27160493827 2.34567901235 0.123456790123)
(8.3950617284 2.34567901235 0.123456790123)
(8.51851851852 2.34567901235 0.123456790123)
(8.64197530864 2.34567901235 0.123456790123)
(8.76543209877 2.34567901235 0.123456790123)
(8.88888888889 2.34567901235 0.123456790123)
(9.01234567901 2.34567901235 0.123456790123)
(9.13580246914 2.34567901235 0.123456790123)
(9.25925925926 2.34567901235 0.123456790123)
(9.38271604938 2.34567901235 0.123456790123)
(9.50617283951 2.34567901235 0.123456790123)
(9.62962962963 2.34567901235 0.123456790123)
(9.75308641975 2.34567901235 0.123456790123)
(9.87654320988 2.34567901235 0.123456790123)
(10 2.34567901235 0.123456790123)
(0 2.46913580247 0.123456790123)
(0.123456790123 2.46913580247 0.123456790123)
(0.246913580247 2.46913580247 0.123456790123)
(0.37037037037 2.46913580247 0.123456790123)
(0.493827160494 2.46913580247 0.123456790123)
(0.617283950617 2.46913580247 0.123456790123)
(0.740740740741 2.46913580247 0.123456790123)
(0.864197530864 2.46913580247 0.123456790123)
(0.987654320988 2.46913580247 0.123456790123)
(1.11111111111 2.46913580247 0.123456790123)
(1.23456790123 2.46913580247 0.123456790123)
(1.35802469136 2.46913580247 0.123456790123)
(1.48148148148 2.46913580247 0.123456790123)
(1.6049382716 2.46913580247 0.123456790123)
(1.72839506173 2.46913580247 0.123456790123)
(1.85185185185 2.46913580247 0.123456790123)
(1.97530864198 2.46913580247 0.123456790123)
(2.0987654321 2.46913580247 0.123456790123)
(2.22222222222 2.46913580247 0.123456790123)
(2.34567901235 2.46913580247 0.123456790123)
(2.46913580247 2.46913580247 0.123456790123)
(2.59259259259 2.46913580247 0.123456790123)
(2.71604938272 2.46913580247 0.123456790123)
(2.83950617284 2.46913580247 0.123456790123)
(2.96296296296 2.46913580247 0.123456790123)
(3.08641975309 2.46913580247 0.123456790123)
(3.20987654321 2.46913580247 0.123456790123)
(3.33333333333 2.46913580247 0.123456790123)
(3.45679012346 2.46913580247 0.123456790123)
(3.58024691358 2.46913580247 0.123456790123)
(3.7037037037 2.46913580247 0.123456790123)
(3.82716049383 2.46913580247 0.123456790123)
(3.95061728395 2.46913580247 0.123456790123)
(4.07407407407 2.46913580247 0.123456790123)
(4.1975308642 2.46913580247 0.123456790123)
(4.32098765432 2.46913580247 0.123456790123)
(4.44444444444 2.46913580247 0.123456790123)
(4.56790123457 2.46913580247 0.123456790123)
(4.69135802469 2.46913580247 0.123456790123)
(4.81481481481 2.46913580247 0.123456790123)
(4.93827160494 2.46913580247 0.123456790123)
(5.06172839506 2.46913580247 0.123456790123)
(5.18518518519 2.46913580247 0.123456790123)
(5.30864197531 2.46913580247 0.123456790123)
(5.43209876543 2.46913580247 0.123456790123)
(5.55555555556 2.46913580247 0.123456790123)
(5.67901234568 2.46913580247 0.123456790123)
(5.8024691358 2.46913580247 0.123456790123)
(5.92592592593 2.46913580247 0.123456790123)
(6.04938271605 2.46913580247 0.123456790123)
(6.17283950617 2.46913580247 0.123456790123)
(6.2962962963 2.46913580247 0.123456790123)
(6.41975308642 2.46913580247 0.123456790123)
(6.54320987654 2.46913580247 0.123456790123)
(6.66666666667 2.46913580247 0.123456790123)
(6.79012345679 2.46913580247 0.123456790123)
(6.91358024691 2.46913580247 0.123456790123)
(7.03703703704 2.46913580247 0.123456790123)
(7.16049382716 2.46913580247 0.123456790123)
(7.28395061728 2.46913580247 0.123456790123)
(7.40740740741 2.46913580247 0.123456790123)
(7.53086419753 2.46913580247 0.123456790123)
(7.65432098765 2.46913580247 0.123456790123)
(7.77777777778 2.46913580247 0.123456790123)
(7.9012345679 2.46913580247 0.123456790123)
(8.02469135802 2.46913580247 0.123456790123)
(8.14814814815 2.46913580247 0.123456790123)
(8.27160493827 2.46913580247 0.123456790123)
(8.3950617284 2.46913580247 0.123456790123)
(8.51851851852 2.46913580247 0.123456790123)
(8.64197530864 2.46913580247 0.123456790123)
(8.76543209877 2.46913580247 0.123456790123)
(8.88888888889 2.46913580247 0.123456790123)
(9.01234567901 2.46913580247 0.123456790123)
(9.13580246914 2.46913580247 0.123456790123)
(9.25925925926 2.46913580247 0.123456790123)
(9.38271604938 2.46913580247 0.123456790123)
(9.50617283951 2.46913580247 0.123456790123)
(9.62962962963 2.46913580247 0.123456790123)
(9.75308641975 2.46913580247 0.123456790123)
(9.87654320988 2.46913580247 0.123456790123)
(10 2.46913580247 0.123456790123)
(0 2.59259259259 0.123456790123)
(0.123456790123 2.59259259259 0.123456790123)
(0.246913580247 2.59259259259 0.123456790123)
(0.37037037037 2.59259259259 0.123456790123)
(0.493827160494 2.59259259259 0.123456790123)
(0.617283950617 2.59259259259 0.123456790123)
(0.740740740741 2.59259259259 0.123456790123)
(0.864197530864 2.59259259259 0.123456790123)
(0.987654320988 2.59259259259 0.123456790123)
(1.11111111111 2.59259259259 0.123456790123)
(1.23456790123 2.59259259259 0.123456790123)
(1.35802469136 2.59259259259 0.123456790123)
(1.48148148148 2.59259259259 0.123456790123)
(1.6049382716 2.59259259259 0.123456790123)
(1.72839506173 2.59259259259 0.123456790123)
(1.85185185185 2.59259259259 0.123456790123)
(1.97530864198 2.59259259259 0.123456790123)
(2.0987654321 2.59259259259 0.123456790123)
(2.22222222222 2.59259259259 0.123456790123)
(2.34567901235 2.59259259259 0.123456790123)
(2.46913580247 2.59259259259 0.123456790123)
(2.59259259259 2.59259259259 0.123456790123)
(2.71604938272 2.59259259259 0.123456790123)
(2.83950617284 2.59259259259 0.123456790123)
(2.96296296296 2.59259259259 0.123456790123)
(3.08641975309 2.59259259259 0.123456790123)
(3.20987654321 2.59259259259 0.123456790123)
(3.33333333333 2.59259259259 0.123456790123)
(3.45679012346 2.59259259259 0.123456790123)
(3.58024691358 2.59259259259 0.123456790123)
(3.7037037037 2.59259259259 0.123456790123)
(3.82716049383 2.59259259259 0.123456790123)
(3.95061728395 2.59259259259 0.123456790123)
(4.07407407407 2.59259259259 0.123456790123)
(4.1975308642 2.59259259259 0.123456790123)
(4.32098765432 2.59259259259 0.123456790123)
(4.44444444444 2.59259259259 0.123456790123)
(4.56790123457 2.59259259259 0.123456790123)
(4.69135802469 2.59259259259 0.123456790123)
(4.81481481481 2.59259259259 0.123456790123)
(4.93827160494 2.59259259259 0.123456790123)
(5.06172839506 2.59259259259 0.123456790123)
(5.18518518519 2.59259259259 0.123456790123)
(5.30864197531 2.59259259259 0.123456790123)
(5.43209876543 2.59259259259 0.123456790123)
(5.55555555556 2.59259259259 0.123456790123)
(5.67901234568 2.59259259259 0.123456790123)
(5.8024691358 2.59259259259 0.123456790123)
(5.92592592593 2.59259259259 0.123456790123)
(6.04938271605 2.59259259259 0.123456790123)
(6.17283950617 2.59259259259 0.123456790123)
(6.2962962963 2.59259259259 0.123456790123)
(6.41975308642 2.59259259259 0.123456790123)
(6.54320987654 2.59259259259 0.123456790123)
(6.66666666667 2.59259259259 0.123456790123)
(6.79012345679 2.59259259259 0.123456790123)
(6.91358024691 2.59259259259 0.123456790123)
(7.03703703704 2.59259259259 0.123456790123)
(7.16049382716 2.59259259259 0.123456790123)
(7.28395061728 2.59259259259 0.123456790123)
(7.40740740741 2.59259259259 0.123456790123)
(7.53086419753 2.59259259259 0.123456790123)
(7.65432098765 2.59259259259 0.123456790123)
(7.77777777778 2.59259259259 0.123456790123)
(7.9012345679 2.59259259259 0.123456790123)
(8.02469135802 2.59259259259 0.123456790123)
(8.14814814815 2.59259259259 0.123456790123)
(8.27160493827 2.59259259259 0.123456790123)
(8.3950617284 2.59259259259 0.123456790123)
(8.51851851852 2.59259259259 0.123456790123)
(8.64197530864 2.59259259259 0.123456790123)
(8.76543209877 2.59259259259 0.123456790123)
(8.88888888889 2.59259259259 0.123456790123)
(9.01234567901 2.59259259259 0.123456790123)
(9.13580246914 2.59259259259 0.123456790123)
(9.25925925926 2.59259259259 0.123456790123)
(9.38271604938 2.59259259259 0.123456790123)
(9.50617283951 2.59259259259 0.123456790123)
(9.62962962963 2.59259259259 0.123456790123)
(9.75308641975 2.59259259259 0.123456790123)
(9.87654320988 2.59259259259 0.123456790123)
(10 2.59259259259 0.123456790123)
(0 2.71604938272 0.123456790123)
(0.123456790123 2.71604938272 0.123456790123)
(0.246913580247 2.71604938272 0.123456790123)
(0.37037037037 2.71604938272 0.123456790123)
(0.493827160494 2.71604938272 0.123456790123)
(0.617283950617 2.71604938272 0.123456790123)
(0.740740740741 2.71604938272 0.123456790123)
(0.864197530864 2.71604938272 0.123456790123)
(0.987654320988 2.71604938272 0.123456790123)
(1.11111111111 2.71604938272 0.123456790123)
(1.23456790123 2.71604938272 0.123456790123)
(1.35802469136 2.71604938272 0.123456790123)
(1.48148148148 2.71604938272 0.123456790123)
(1.6049382716 2.71604938272 0.123456790123)
(1.72839506173 2.71604938272 0.123456790123)
(1.85185185185 2.71604938272 0.123456790123)
(1.97530864198 2.71604938272 0.123456790123)
(2.0987654321 2.71604938272 0.123456790123)
(2.22222222222 2.71604938272 0.123456790123)
(2.34567901235 2.71604938272 0.123456790123)
(2.46913580247 2.71604938272 0.123456790123)
(2.59259259259 2.71604938272 0.123456790123)
(2.71604938272 2.71604938272 0.123456790123)
(2.83950617284 2.71604938272 0.123456790123)
(2.96296296296 2.71604938272 0.123456790123)
(3.08641975309 2.71604938272 0.123456790123)
(3.20987654321 2.71604938272 0.123456790123)
(3.33333333333 2.71604938272 0.123456790123)
(3.45679012346 2.71604938272 0.123456790123)
(3.58024691358 2.71604938272 0.123456790123)
(3.7037037037 2.71604938272 0.123456790123)
(3.82716049383 2.71604938272 0.123456790123)
(3.95061728395 2.71604938272 0.123456790123)
(4.07407407407 2.71604938272 0.123456790123)
(4.1975308642 2.71604938272 0.123456790123)
(4.32098765432 2.71604938272 0.123456790123)
(4.44444444444 2.71604938272 0.123456790123)
(4.56790123457 2.71604938272 0.123456790123)
(4.69135802469 2.71604938272 0.123456790123)
(4.81481481481 2.71604938272 0.123456790123)
(4.93827160494 2.71604938272 0.123456790123)
(5.06172839506 2.71604938272 0.123456790123)
(5.18518518519 2.71604938272 0.123456790123)
(5.30864197531 2.71604938272 0.123456790123)
(5.43209876543 2.71604938272 0.123456790123)
(5.55555555556 2.71604938272 0.123456790123)
(5.67901234568 2.71604938272 0.123456790123)
(5.8024691358 2.71604938272 0.123456790123)
(5.92592592593 2.71604938272 0.123456790123)
(6.04938271605 2.71604938272 0.123456790123)
(6.17283950617 2.71604938272 0.123456790123)
(6.2962962963 2.71604938272 0.123456790123)
(6.41975308642 2.71604938272 0.123456790123)
(6.54320987654 2.71604938272 0.123456790123)
(6.66666666667 2.71604938272 0.123456790123)
(6.79012345679 2.71604938272 0.123456790123)
(6.91358024691 2.71604938272 0.123456790123)
(7.03703703704 2.71604938272 0.123456790123)
(7.16049382716 2.71604938272 0.123456790123)
(7.28395061728 2.71604938272 0.123456790123)
(7.40740740741 2.71604938272 0.123456790123)
(7.53086419753 2.71604938272 0.123456790123)
(7.65432098765 2.71604938272 0.123456790123)
(7.77777777778 2.71604938272 0.123456790123)
(7.9012345679 2.71604938272 0.123456790123)
(8.02469135802 2.71604938272 0.123456790123)
(8.14814814815 2.71604938272 0.123456790123)
(8.27160493827 2.71604938272 0.123456790123)
(8.3950617284 2.71604938272 0.123456790123)
(8.51851851852 2.71604938272 0.123456790123)
(8.64197530864 2.71604938272 0.123456790123)
(8.76543209877 2.71604938272 0.123456790123)
(8.88888888889 2.71604938272 0.123456790123)
(9.01234567901 2.71604938272 0.123456790123)
(9.13580246914 2.71604938272 0.123456790123)
(9.25925925926 2.71604938272 0.123456790123)
(9.38271604938 2.71604938272 0.123456790123)
(9.50617283951 2.71604938272 0.123456790123)
(9.62962962963 2.71604938272 0.123456790123)
(9.75308641975 2.71604938272 0.123456790123)
(9.87654320988 2.71604938272 0.123456790123)
(10 2.71604938272 0.123456790123)
(0 2.83950617284 0.123456790123)
(0.123456790123 2.83950617284 0.123456790123)
(0.246913580247 2.83950617284 0.123456790123)
(0.37037037037 2.83950617284 0.123456790123)
(0.493827160494 2.83950617284 0.123456790123)
(0.617283950617 2.83950617284 0.123456790123)
(0.740740740741 2.83950617284 0.123456790123)
(0.864197530864 2.83950617284 0.123456790123)
(0.987654320988 2.83950617284 0.123456790123)
(1.11111111111 2.83950617284 0.123456790123)
(1.23456790123 2.83950617284 0.123456790123)
(1.35802469136 2.83950617284 0.123456790123)
(1.48148148148 2.83950617284 0.123456790123)
(1.6049382716 2.83950617284 0.123456790123)
(1.72839506173 2.83950617284 0.123456790123)
(1.85185185185 2.83950617284 0.123456790123)
(1.97530864198 2.83950617284 0.123456790123)
(2.0987654321 2.83950617284 0.123456790123)
(2.22222222222 2.83950617284 0.123456790123)
(2.34567901235 2.83950617284 0.123456790123)
(2.46913580247 2.83950617284 0.123456790123)
(2.59259259259 2.83950617284 0.123456790123)
(2.71604938272 2.83950617284 0.123456790123)
(2.83950617284 2.83950617284 0.123456790123)
(2.96296296296 2.83950617284 0.123456790123)
(3.08641975309 2.83950617284 0.123456790123)
(3.20987654321 2.83950617284 0.123456790123)
(3.33333333333 2.83950617284 0.123456790123)
(3.45679012346 2.83950617284 0.123456790123)
(3.58024691358 2.83950617284 0.123456790123)
(3.7037037037 2.83950617284 0.123456790123)
(3.82716049383 2.83950617284 0.123456790123)
(3.95061728395 2.83950617284 0.123456790123)
(4.07407407407 2.83950617284 0.123456790123)
(4.1975308642 2.83950617284 0.123456790123)
(4.32098765432 2.83950617284 0.123456790123)
(4.44444444444 2.83950617284 0.123456790123)
(4.56790123457 2.83950617284 0.123456790123)
(4.69135802469 2.83950617284 0.123456790123)
(4.81481481481 2.83950617284 0.123456790123)
(4.93827160494 2.83950617284 0.123456790123)
(5.06172839506 2.83950617284 0.123456790123)
(5.18518518519 2.83950617284 0.123456790123)
(5.30864197531 2.83950617284 0.123456790123)
(5.43209876543 2.83950617284 0.123456790123)
(5.55555555556 2.83950617284 0.123456790123)
(5.67901234568 2.83950617284 0.123456790123)
(5.8024691358 2.83950617284 0.123456790123)
(5.92592592593 2.83950617284 0.123456790123)
(6.04938271605 2.83950617284 0.123456790123)
(6.17283950617 2.83950617284 0.123456790123)
(6.2962962963 2.83950617284 0.123456790123)
(6.41975308642 2.83950617284 0.123456790123)
(6.54320987654 2.83950617284 0.123456790123)
(6.66666666667 2.83950617284 0.123456790123)
(6.79012345679 2.83950617284 0.123456790123)
(6.91358024691 2.83950617284 0.123456790123)
(7.03703703704 2.83950617284 0.123456790123)
(7.16049382716 2.83950617284 0.123456790123)
(7.28395061728 2.83950617284 0.123456790123)
(7.40740740741 2.83950617284 0.123456790123)
(7.53086419753 2.83950617284 0.123456790123)
(7.65432098765 2.83950617284 0.123456790123)
(7.77777777778 2.83950617284 0.123456790123)
(7.9012345679 2.83950617284 0.123456790123)
(8.02469135802 2.83950617284 0.123456790123)
(8.14814814815 2.83950617284 0.123456790123)
(8.27160493827 2.83950617284 0.123456790123)
(8.3950617284 2.83950617284 0.123456790123)
(8.51851851852 2.83950617284 0.123456790123)
(8.64197530864 2.83950617284 0.123456790123)
(8.76543209877 2.83950617284 0.123456790123)
(8.88888888889 2.83950617284 0.123456790123)
(9.01234567901 2.83950617284 0.123456790123)
(9.13580246914 2.83950617284 0.123456790123)
(9.25925925926 2.83950617284 0.123456790123)
(9.38271604938 2.83950617284 0.123456790123)
(9.50617283951 2.83950617284 0.123456790123)
(9.62962962963 2.83950617284 0.123456790123)
(9.75308641975 2.83950617284 0.123456790123)
(9.87654320988 2.83950617284 0.123456790123)
(10 2.83950617284 0.123456790123)
(0 2.96296296296 0.123456790123)
(0.123456790123 2.96296296296 0.123456790123)
(0.246913580247 2.96296296296 0.123456790123)
(0.37037037037 2.96296296296 0.123456790123)
(0.493827160494 2.96296296296 0.123456790123)
(0.617283950617 2.96296296296 0.123456790123)
(0.740740740741 2.96296296296 0.123456790123)
(0.864197530864 2.96296296296 0.123456790123)
(0.987654320988 2.96296296296 0.123456790123)
(1.11111111111 2.96296296296 0.123456790123)
(1.23456790123 2.96296296296 0.123456790123)
(1.35802469136 2.96296296296 0.123456790123)
(1.48148148148 2.96296296296 0.123456790123)
(1.6049382716 2.96296296296 0.123456790123)
(1.72839506173 2.96296296296 0.123456790123)
(1.85185185185 2.96296296296 0.123456790123)
(1.97530864198 2.96296296296 0.123456790123)
(2.0987654321 2.96296296296 0.123456790123)
(2.22222222222 2.96296296296 0.123456790123)
(2.34567901235 2.96296296296 0.123456790123)
(2.46913580247 2.96296296296 0.123456790123)
(2.59259259259 2.96296296296 0.123456790123)
(2.71604938272 2.96296296296 0.123456790123)
(2.83950617284 2.96296296296 0.123456790123)
(2.96296296296 2.96296296296 0.123456790123)
(3.08641975309 2.96296296296 0.123456790123)
(3.20987654321 2.96296296296 0.123456790123)
(3.33333333333 2.96296296296 0.123456790123)
(3.45679012346 2.96296296296 0.123456790123)
(3.58024691358 2.96296296296 0.123456790123)
(3.7037037037 2.96296296296 0.123456790123)
(3.82716049383 2.96296296296 0.123456790123)
(3.95061728395 2.96296296296 0.123456790123)
(4.07407407407 2.96296296296 0.123456790123)
(4.1975308642 2.96296296296 0.123456790123)
(4.32098765432 2.96296296296 0.123456790123)
(4.44444444444 2.96296296296 0.123456790123)
(4.56790123457 2.96296296296 0.123456790123)
(4.69135802469 2.96296296296 0.123456790123)
(4.81481481481 2.96296296296 0.123456790123)
(4.93827160494 2.96296296296 0.123456790123)
(5.06172839506 2.96296296296 0.123456790123)
(5.18518518519 2.96296296296 0.123456790123)
(5.30864197531 2.96296296296 0.123456790123)
(5.43209876543 2.96296296296 0.123456790123)
(5.55555555556 2.96296296296 0.123456790123)
(5.67901234568 2.96296296296 0.123456790123)
(5.8024691358 2.96296296296 0.123456790123)
(5.92592592593 2.96296296296 0.123456790123)
(6.04938271605 2.96296296296 0.123456790123)
(6.17283950617 2.96296296296 0.123456790123)
(6.2962962963 2.96296296296 0.123456790123)
(6.41975308642 2.96296296296 0.123456790123)
(6.54320987654 2.96296296296 0.123456790123)
(6.66666666667 2.96296296296 0.123456790123)
(6.79012345679 2.96296296296 0.123456790123)
(6.91358024691 2.96296296296 0.123456790123)
(7.03703703704 2.96296296296 0.123456790123)
(7.16049382716 2.96296296296 0.123456790123)
(7.28395061728 2.96296296296 0.123456790123)
(7.40740740741 2.96296296296 0.123456790123)
(7.53086419753 2.96296296296 0.123456790123)
(7.65432098765 2.96296296296 0.123456790123)
(7.77777777778 2.96296296296 0.123456790123)
(7.9012345679 2.96296296296 0.123456790123)
(8.02469135802 2.96296296296 0.123456790123)
(8.14814814815 2.96296296296 0.123456790123)
(8.27160493827 2.96296296296 0.123456790123)
(8.3950617284 2.96296296296 0.123456790123)
(8.51851851852 2.96296296296 0.123456790123)
(8.64197530864 2.96296296296 0.123456790123)
(8.76543209877 2.96296296296 0.123456790123)
(8.88888888889 2.96296296296 0.123456790123)
(9.01234567901 2.96296296296 0.123456790123)
(9.13580246914 2.96296296296 0.123456790123)
(9.25925925926 2.96296296296 0.123456790123)
(9.38271604938 2.96296296296 0.123456790123)
(9.50617283951 2.96296296296 0.123456790123)
(9.62962962963 2.96296296296 0.123456790123)
(9.75308641975 2.96296296296 0.123456790123)
(9.87654320988 2.96296296296 0.123456790123)
(10 2.96296296296 0.123456790123)
(0 3.08641975309 0.123456790123)
(0.123456790123 3.08641975309 0.123456790123)
(0.246913580247 3.08641975309 0.123456790123)
(0.37037037037 3.08641975309 0.123456790123)
(0.493827160494 3.08641975309 0.123456790123)
(0.617283950617 3.08641975309 0.123456790123)
(0.740740740741 3.08641975309 0.123456790123)
(0.864197530864 3.08641975309 0.123456790123)
(0.987654320988 3.08641975309 0.123456790123)
(1.11111111111 3.08641975309 0.123456790123)
(1.23456790123 3.08641975309 0.123456790123)
(1.35802469136 3.08641975309 0.123456790123)
(1.48148148148 3.08641975309 0.123456790123)
(1.6049382716 3.08641975309 0.123456790123)
(1.72839506173 3.08641975309 0.123456790123)
(1.85185185185 3.08641975309 0.123456790123)
(1.97530864198 3.08641975309 0.123456790123)
(2.0987654321 3.08641975309 0.123456790123)
(2.22222222222 3.08641975309 0.123456790123)
(2.34567901235 3.08641975309 0.123456790123)
(2.46913580247 3.08641975309 0.123456790123)
(2.59259259259 3.08641975309 0.123456790123)
(2.71604938272 3.08641975309 0.123456790123)
(2.83950617284 3.08641975309 0.123456790123)
(2.96296296296 3.08641975309 0.123456790123)
(3.08641975309 3.08641975309 0.123456790123)
(3.20987654321 3.08641975309 0.123456790123)
(3.33333333333 3.08641975309 0.123456790123)
(3.45679012346 3.08641975309 0.123456790123)
(3.58024691358 3.08641975309 0.123456790123)
(3.7037037037 3.08641975309 0.123456790123)
(3.82716049383 3.08641975309 0.123456790123)
(3.95061728395 3.08641975309 0.123456790123)
(4.07407407407 3.08641975309 0.123456790123)
(4.1975308642 3.08641975309 0.123456790123)
(4.32098765432 3.08641975309 0.123456790123)
(4.44444444444 3.08641975309 0.123456790123)
(4.56790123457 3.08641975309 0.123456790123)
(4.69135802469 3.08641975309 0.123456790123)
(4.81481481481 3.08641975309 0.123456790123)
(4.93827160494 3.08641975309 0.123456790123)
(5.06172839506 3.08641975309 0.123456790123)
(5.18518518519 3.08641975309 0.123456790123)
(5.30864197531 3.08641975309 0.123456790123)
(5.43209876543 3.08641975309 0.123456790123)
(5.55555555556 3.08641975309 0.123456790123)
(5.67901234568 3.08641975309 0.123456790123)
(5.8024691358 3.08641975309 0.123456790123)
(5.92592592593 3.08641975309 0.123456790123)
(6.04938271605 3.08641975309 0.123456790123)
(6.17283950617 3.08641975309 0.123456790123)
(6.2962962963 3.08641975309 0.123456790123)
(6.41975308642 3.08641975309 0.123456790123)
(6.54320987654 3.08641975309 0.123456790123)
(6.66666666667 3.08641975309 0.123456790123)
(6.79012345679 3.08641975309 0.123456790123)
(6.91358024691 3.08641975309 0.123456790123)
(7.03703703704 3.08641975309 0.123456790123)
(7.16049382716 3.08641975309 0.123456790123)
(7.28395061728 3.08641975309 0.123456790123)
(7.40740740741 3.08641975309 0.123456790123)
(7.53086419753 3.08641975309 0.123456790123)
(7.65432098765 3.08641975309 0.123456790123)
(7.77777777778 3.08641975309 0.123456790123)
(7.9012345679 3.08641975309 0.123456790123)
(8.02469135802 3.08641975309 0.123456790123)
(8.14814814815 3.08641975309 0.123456790123)
(8.27160493827 3.08641975309 0.123456790123)
(8.3950617284 3.08641975309 0.123456790123)
(8.51851851852 3.08641975309 0.123456790123)
(8.64197530864 3.08641975309 0.123456790123)
(8.76543209877 3.08641975309 0.123456790123)
(8.88888888889 3.08641975309 0.123456790123)
(9.01234567901 3.08641975309 0.123456790123)
(9.13580246914 3.08641975309 0.123456790123)
(9.25925925926 3.08641975309 0.123456790123)
(9.38271604938 3.08641975309 0.123456790123)
(9.50617283951 3.08641975309 0.123456790123)
(9.62962962963 3.08641975309 0.123456790123)
(9.75308641975 3.08641975309 0.123456790123)
(9.87654320988 3.08641975309 0.123456790123)
(10 3.08641975309 0.123456790123)
(0 3.20987654321 0.123456790123)
(0.123456790123 3.20987654321 0.123456790123)
(0.246913580247 3.20987654321 0.123456790123)
(0.37037037037 3.20987654321 0.123456790123)
(0.493827160494 3.20987654321 0.123456790123)
(0.617283950617 3.20987654321 0.123456790123)
(0.740740740741 3.20987654321 0.123456790123)
(0.864197530864 3.20987654321 0.123456790123)
(0.987654320988 3.20987654321 0.123456790123)
(1.11111111111 3.20987654321 0.123456790123)
(1.23456790123 3.20987654321 0.123456790123)
(1.35802469136 3.20987654321 0.123456790123)
(1.48148148148 3.20987654321 0.123456790123)
(1.6049382716 3.20987654321 0.123456790123)
(1.72839506173 3.20987654321 0.123456790123)
(1.85185185185 3.20987654321 0.123456790123)
(1.97530864198 3.20987654321 0.123456790123)
(2.0987654321 3.20987654321 0.123456790123)
(2.22222222222 3.20987654321 0.123456790123)
(2.34567901235 3.20987654321 0.123456790123)
(2.46913580247 3.20987654321 0.123456790123)
(2.59259259259 3.20987654321 0.123456790123)
(2.71604938272 3.20987654321 0.123456790123)
(2.83950617284 3.20987654321 0.123456790123)
(2.96296296296 3.20987654321 0.123456790123)
(3.08641975309 3.20987654321 0.123456790123)
(3.20987654321 3.20987654321 0.123456790123)
(3.33333333333 3.20987654321 0.123456790123)
(3.45679012346 3.20987654321 0.123456790123)
(3.58024691358 3.20987654321 0.123456790123)
(3.7037037037 3.20987654321 0.123456790123)
(3.82716049383 3.20987654321 0.123456790123)
(3.95061728395 3.20987654321 0.123456790123)
(4.07407407407 3.20987654321 0.123456790123)
(4.1975308642 3.20987654321 0.123456790123)
(4.32098765432 3.20987654321 0.123456790123)
(4.44444444444 3.20987654321 0.123456790123)
(4.56790123457 3.20987654321 0.123456790123)
(4.69135802469 3.20987654321 0.123456790123)
(4.81481481481 3.20987654321 0.123456790123)
(4.93827160494 3.20987654321 0.123456790123)
(5.06172839506 3.20987654321 0.123456790123)
(5.18518518519 3.20987654321 0.123456790123)
(5.30864197531 3.20987654321 0.123456790123)
(5.43209876543 3.20987654321 0.123456790123)
(5.55555555556 3.20987654321 0.123456790123)
(5.67901234568 3.20987654321 0.123456790123)
(5.8024691358 3.20987654321 0.123456790123)
(5.92592592593 3.20987654321 0.123456790123)
(6.04938271605 3.20987654321 0.123456790123)
(6.17283950617 3.20987654321 0.123456790123)
(6.2962962963 3.20987654321 0.123456790123)
(6.41975308642 3.20987654321 0.123456790123)
(6.54320987654 3.20987654321 0.123456790123)
(6.66666666667 3.20987654321 0.123456790123)
(6.79012345679 3.20987654321 0.123456790123)
(6.91358024691 3.20987654321 0.123456790123)
(7.03703703704 3.20987654321 0.123456790123)
(7.16049382716 3.20987654321 0.123456790123)
(7.28395061728 3.20987654321 0.123456790123)
(7.40740740741 3.20987654321 0.123456790123)
(7.53086419753 3.20987654321 0.123456790123)
(7.65432098765 3.20987654321 0.123456790123)
(7.77777777778 3.20987654321 0.123456790123)
(7.9012345679 3.20987654321 0.123456790123)
(8.02469135802 3.20987654321 0.123456790123)
(8.14814814815 3.20987654321 0.123456790123)
(8.27160493827 3.20987654321 0.123456790123)
(8.3950617284 3.20987654321 0.123456790123)
(8.51851851852 3.20987654321 0.123456790123)
(8.64197530864 3.20987654321 0.123456790123)
(8.76543209877 3.20987654321 0.123456790123)
(8.88888888889 3.20987654321 0.123456790123)
(9.01234567901 3.20987654321 0.123456790123)
(9.13580246914 3.20987654321 0.123456790123)
(9.25925925926 3.20987654321 0.123456790123)
(9.38271604938 3.20987654321 0.123456790123)
(9.50617283951 3.20987654321 0.123456790123)
(9.62962962963 3.20987654321 0.123456790123)
(9.75308641975 3.20987654321 0.123456790123)
(9.87654320988 3.20987654321 0.123456790123)
(10 3.20987654321 0.123456790123)
(0 3.33333333333 0.123456790123)
(0.123456790123 3.33333333333 0.123456790123)
(0.246913580247 3.33333333333 0.123456790123)
(0.37037037037 3.33333333333 0.123456790123)
(0.493827160494 3.33333333333 0.123456790123)
(0.617283950617 3.33333333333 0.123456790123)
(0.740740740741 3.33333333333 0.123456790123)
(0.864197530864 3.33333333333 0.123456790123)
(0.987654320988 3.33333333333 0.123456790123)
(1.11111111111 3.33333333333 0.123456790123)
(1.23456790123 3.33333333333 0.123456790123)
(1.35802469136 3.33333333333 0.123456790123)
(1.48148148148 3.33333333333 0.123456790123)
(1.6049382716 3.33333333333 0.123456790123)
(1.72839506173 3.33333333333 0.123456790123)
(1.85185185185 3.33333333333 0.123456790123)
(1.97530864198 3.33333333333 0.123456790123)
(2.0987654321 3.33333333333 0.123456790123)
(2.22222222222 3.33333333333 0.123456790123)
(2.34567901235 3.33333333333 0.123456790123)
(2.46913580247 3.33333333333 0.123456790123)
(2.59259259259 3.33333333333 0.123456790123)
(2.71604938272 3.33333333333 0.123456790123)
(2.83950617284 3.33333333333 0.123456790123)
(2.96296296296 3.33333333333 0.123456790123)
(3.08641975309 3.33333333333 0.123456790123)
(3.20987654321 3.33333333333 0.123456790123)
(3.33333333333 3.33333333333 0.123456790123)
(3.45679012346 3.33333333333 0.123456790123)
(3.58024691358 3.33333333333 0.123456790123)
(3.7037037037 3.33333333333 0.123456790123)
(3.82716049383 3.33333333333 0.123456790123)
(3.95061728395 3.33333333333 0.123456790123)
(4.07407407407 3.33333333333 0.123456790123)
(4.1975308642 3.33333333333 0.123456790123)
(4.32098765432 3.33333333333 0.123456790123)
(4.44444444444 3.33333333333 0.123456790123)
(4.56790123457 3.33333333333 0.123456790123)
(4.69135802469 3.33333333333 0.123456790123)
(4.81481481481 3.33333333333 0.123456790123)
(4.93827160494 3.33333333333 0.123456790123)
(5.06172839506 3.33333333333 0.123456790123)
(5.18518518519 3.33333333333 0.123456790123)
(5.30864197531 3.33333333333 0.123456790123)
(5.43209876543 3.33333333333 0.123456790123)
(5.55555555556 3.33333333333 0.123456790123)
(5.67901234568 3.33333333333 0.123456790123)
(5.8024691358 3.33333333333 0.123456790123)
(5.92592592593 3.33333333333 0.123456790123)
(6.04938271605 3.33333333333 0.123456790123)
(6.17283950617 3.33333333333 0.123456790123)
(6.2962962963 3.33333333333 0.123456790123)
(6.41975308642 3.33333333333 0.123456790123)
(6.54320987654 3.33333333333 0.123456790123)
(6.66666666667 3.33333333333 0.123456790123)
(6.79012345679 3.33333333333 0.123456790123)
(6.91358024691 3.33333333333 0.123456790123)
(7.03703703704 3.33333333333 0.123456790123)
(7.16049382716 3.33333333333 0.123456790123)
(7.28395061728 3.33333333333 0.123456790123)
(7.40740740741 3.33333333333 0.123456790123)
(7.53086419753 3.33333333333 0.123456790123)
(7.65432098765 3.33333333333 0.123456790123)
(7.77777777778 3.33333333333 0.123456790123)
(7.9012345679 3.33333333333 0.123456790123)
(8.02469135802 3.33333333333 0.123456790123)
(8.14814814815 3.33333333333 0.123456790123)
(8.27160493827 3.33333333333 0.123456790123)
(8.3950617284 3.33333333333 0.123456790123)
(8.51851851852 3.33333333333 0.123456790123)
(8.64197530864 3.33333333333 0.123456790123)
(8.76543209877 3.33333333333 0.123456790123)
(8.88888888889 3.33333333333 0.123456790123)
(9.01234567901 3.33333333333 0.123456790123)
(9.13580246914 3.33333333333 0.123456790123)
(9.25925925926 3.33333333333 0.123456790123)
(9.38271604938 3.33333333333 0.123456790123)
(9.50617283951 3.33333333333 0.123456790123)
(9.62962962963 3.33333333333 0.123456790123)
(9.75308641975 3.33333333333 0.123456790123)
(9.87654320988 3.33333333333 0.123456790123)
(10 3.33333333333 0.123456790123)
(0 3.45679012346 0.123456790123)
(0.123456790123 3.45679012346 0.123456790123)
(0.246913580247 3.45679012346 0.123456790123)
(0.37037037037 3.45679012346 0.123456790123)
(0.493827160494 3.45679012346 0.123456790123)
(0.617283950617 3.45679012346 0.123456790123)
(0.740740740741 3.45679012346 0.123456790123)
(0.864197530864 3.45679012346 0.123456790123)
(0.987654320988 3.45679012346 0.123456790123)
(1.11111111111 3.45679012346 0.123456790123)
(1.23456790123 3.45679012346 0.123456790123)
(1.35802469136 3.45679012346 0.123456790123)
(1.48148148148 3.45679012346 0.123456790123)
(1.6049382716 3.45679012346 0.123456790123)
(1.72839506173 3.45679012346 0.123456790123)
(1.85185185185 3.45679012346 0.123456790123)
(1.97530864198 3.45679012346 0.123456790123)
(2.0987654321 3.45679012346 0.123456790123)
(2.22222222222 3.45679012346 0.123456790123)
(2.34567901235 3.45679012346 0.123456790123)
(2.46913580247 3.45679012346 0.123456790123)
(2.59259259259 3.45679012346 0.123456790123)
(2.71604938272 3.45679012346 0.123456790123)
(2.83950617284 3.45679012346 0.123456790123)
(2.96296296296 3.45679012346 0.123456790123)
(3.08641975309 3.45679012346 0.123456790123)
(3.20987654321 3.45679012346 0.123456790123)
(3.33333333333 3.45679012346 0.123456790123)
(3.45679012346 3.45679012346 0.123456790123)
(3.58024691358 3.45679012346 0.123456790123)
(3.7037037037 3.45679012346 0.123456790123)
(3.82716049383 3.45679012346 0.123456790123)
(3.95061728395 3.45679012346 0.123456790123)
(4.07407407407 3.45679012346 0.123456790123)
(4.1975308642 3.45679012346 0.123456790123)
(4.32098765432 3.45679012346 0.123456790123)
(4.44444444444 3.45679012346 0.123456790123)
(4.56790123457 3.45679012346 0.123456790123)
(4.69135802469 3.45679012346 0.123456790123)
(4.81481481481 3.45679012346 0.123456790123)
(4.93827160494 3.45679012346 0.123456790123)
(5.06172839506 3.45679012346 0.123456790123)
(5.18518518519 3.45679012346 0.123456790123)
(5.30864197531 3.45679012346 0.123456790123)
(5.43209876543 3.45679012346 0.123456790123)
(5.55555555556 3.45679012346 0.123456790123)
(5.67901234568 3.45679012346 0.123456790123)
(5.8024691358 3.45679012346 0.123456790123)
(5.92592592593 3.45679012346 0.123456790123)
(6.04938271605 3.45679012346 0.123456790123)
(6.17283950617 3.45679012346 0.123456790123)
(6.2962962963 3.45679012346 0.123456790123)
(6.41975308642 3.45679012346 0.123456790123)
(6.54320987654 3.45679012346 0.123456790123)
(6.66666666667 3.45679012346 0.123456790123)
(6.79012345679 3.45679012346 0.123456790123)
(6.91358024691 3.45679012346 0.123456790123)
(7.03703703704 3.45679012346 0.123456790123)
(7.16049382716 3.45679012346 0.123456790123)
(7.28395061728 3.45679012346 0.123456790123)
(7.40740740741 3.45679012346 0.123456790123)
(7.53086419753 3.45679012346 0.123456790123)
(7.65432098765 3.45679012346 0.123456790123)
(7.77777777778 3.45679012346 0.123456790123)
(7.9012345679 3.45679012346 0.123456790123)
(8.02469135802 3.45679012346 0.123456790123)
(8.14814814815 3.45679012346 0.123456790123)
(8.27160493827 3.45679012346 0.123456790123)
(8.3950617284 3.45679012346 0.123456790123)
(8.51851851852 3.45679012346 0.123456790123)
(8.64197530864 3.45679012346 0.123456790123)
(8.76543209877 3.45679012346 0.123456790123)
(8.88888888889 3.45679012346 0.123456790123)
(9.01234567901 3.45679012346 0.123456790123)
(9.13580246914 3.45679012346 0.123456790123)
(9.25925925926 3.45679012346 0.123456790123)
(9.38271604938 3.45679012346 0.123456790123)
(9.50617283951 3.45679012346 0.123456790123)
(9.62962962963 3.45679012346 0.123456790123)
(9.75308641975 3.45679012346 0.123456790123)
(9.87654320988 3.45679012346 0.123456790123)
(10 3.45679012346 0.123456790123)
(0 3.58024691358 0.123456790123)
(0.123456790123 3.58024691358 0.123456790123)
(0.246913580247 3.58024691358 0.123456790123)
(0.37037037037 3.58024691358 0.123456790123)
(0.493827160494 3.58024691358 0.123456790123)
(0.617283950617 3.58024691358 0.123456790123)
(0.740740740741 3.58024691358 0.123456790123)
(0.864197530864 3.58024691358 0.123456790123)
(0.987654320988 3.58024691358 0.123456790123)
(1.11111111111 3.58024691358 0.123456790123)
(1.23456790123 3.58024691358 0.123456790123)
(1.35802469136 3.58024691358 0.123456790123)
(1.48148148148 3.58024691358 0.123456790123)
(1.6049382716 3.58024691358 0.123456790123)
(1.72839506173 3.58024691358 0.123456790123)
(1.85185185185 3.58024691358 0.123456790123)
(1.97530864198 3.58024691358 0.123456790123)
(2.0987654321 3.58024691358 0.123456790123)
(2.22222222222 3.58024691358 0.123456790123)
(2.34567901235 3.58024691358 0.123456790123)
(2.46913580247 3.58024691358 0.123456790123)
(2.59259259259 3.58024691358 0.123456790123)
(2.71604938272 3.58024691358 0.123456790123)
(2.83950617284 3.58024691358 0.123456790123)
(2.96296296296 3.58024691358 0.123456790123)
(3.08641975309 3.58024691358 0.123456790123)
(3.20987654321 3.58024691358 0.123456790123)
(3.33333333333 3.58024691358 0.123456790123)
(3.45679012346 3.58024691358 0.123456790123)
(3.58024691358 3.58024691358 0.123456790123)
(3.7037037037 3.58024691358 0.123456790123)
(3.82716049383 3.58024691358 0.123456790123)
(3.95061728395 3.58024691358 0.123456790123)
(4.07407407407 3.58024691358 0.123456790123)
(4.1975308642 3.58024691358 0.123456790123)
(4.32098765432 3.58024691358 0.123456790123)
(4.44444444444 3.58024691358 0.123456790123)
(4.56790123457 3.58024691358 0.123456790123)
(4.69135802469 3.58024691358 0.123456790123)
(4.81481481481 3.58024691358 0.123456790123)
(4.93827160494 3.58024691358 0.123456790123)
(5.06172839506 3.58024691358 0.123456790123)
(5.18518518519 3.58024691358 0.123456790123)
(5.30864197531 3.58024691358 0.123456790123)
(5.43209876543 3.58024691358 0.123456790123)
(5.55555555556 3.58024691358 0.123456790123)
(5.67901234568 3.58024691358 0.123456790123)
(5.8024691358 3.58024691358 0.123456790123)
(5.92592592593 3.58024691358 0.123456790123)
(6.04938271605 3.58024691358 0.123456790123)
(6.17283950617 3.58024691358 0.123456790123)
(6.2962962963 3.58024691358 0.123456790123)
(6.41975308642 3.58024691358 0.123456790123)
(6.54320987654 3.58024691358 0.123456790123)
(6.66666666667 3.58024691358 0.123456790123)
(6.79012345679 3.58024691358 0.123456790123)
(6.91358024691 3.58024691358 0.123456790123)
(7.03703703704 3.58024691358 0.123456790123)
(7.16049382716 3.58024691358 0.123456790123)
(7.28395061728 3.58024691358 0.123456790123)
(7.40740740741 3.58024691358 0.123456790123)
(7.53086419753 3.58024691358 0.123456790123)
(7.65432098765 3.58024691358 0.123456790123)
(7.77777777778 3.58024691358 0.123456790123)
(7.9012345679 3.58024691358 0.123456790123)
(8.02469135802 3.58024691358 0.123456790123)
(8.14814814815 3.58024691358 0.123456790123)
(8.27160493827 3.58024691358 0.123456790123)
(8.3950617284 3.58024691358 0.123456790123)
(8.51851851852 3.58024691358 0.123456790123)
(8.64197530864 3.58024691358 0.123456790123)
(8.76543209877 3.58024691358 0.123456790123)
(8.88888888889 3.58024691358 0.123456790123)
(9.01234567901 3.58024691358 0.123456790123)
(9.13580246914 3.58024691358 0.123456790123)
(9.25925925926 3.58024691358 0.123456790123)
(9.38271604938 3.58024691358 0.123456790123)
(9.50617283951 3.58024691358 0.123456790123)
(9.62962962963 3.58024691358 0.123456790123)
(9.75308641975 3.58024691358 0.123456790123)
(9.87654320988 3.58024691358 0.123456790123)
(10 3.58024691358 0.123456790123)
(0 3.7037037037 0.123456790123)
(0.123456790123 3.7037037037 0.123456790123)
(0.246913580247 3.7037037037 0.123456790123)
(0.37037037037 3.7037037037 0.123456790123)
(0.493827160494 3.7037037037 0.123456790123)
(0.617283950617 3.7037037037 0.123456790123)
(0.740740740741 3.7037037037 0.123456790123)
(0.864197530864 3.7037037037 0.123456790123)
(0.987654320988 3.7037037037 0.123456790123)
(1.11111111111 3.7037037037 0.123456790123)
(1.23456790123 3.7037037037 0.123456790123)
(1.35802469136 3.7037037037 0.123456790123)
(1.48148148148 3.7037037037 0.123456790123)
(1.6049382716 3.7037037037 0.123456790123)
(1.72839506173 3.7037037037 0.123456790123)
(1.85185185185 3.7037037037 0.123456790123)
(1.97530864198 3.7037037037 0.123456790123)
(2.0987654321 3.7037037037 0.123456790123)
(2.22222222222 3.7037037037 0.123456790123)
(2.34567901235 3.7037037037 0.123456790123)
(2.46913580247 3.7037037037 0.123456790123)
(2.59259259259 3.7037037037 0.123456790123)
(2.71604938272 3.7037037037 0.123456790123)
(2.83950617284 3.7037037037 0.123456790123)
(2.96296296296 3.7037037037 0.123456790123)
(3.08641975309 3.7037037037 0.123456790123)
(3.20987654321 3.7037037037 0.123456790123)
(3.33333333333 3.7037037037 0.123456790123)
(3.45679012346 3.7037037037 0.123456790123)
(3.58024691358 3.7037037037 0.123456790123)
(3.7037037037 3.7037037037 0.123456790123)
(3.82716049383 3.7037037037 0.123456790123)
(3.95061728395 3.7037037037 0.123456790123)
(4.07407407407 3.7037037037 0.123456790123)
(4.1975308642 3.7037037037 0.123456790123)
(4.32098765432 3.7037037037 0.123456790123)
(4.44444444444 3.7037037037 0.123456790123)
(4.56790123457 3.7037037037 0.123456790123)
(4.69135802469 3.7037037037 0.123456790123)
(4.81481481481 3.7037037037 0.123456790123)
(4.93827160494 3.7037037037 0.123456790123)
(5.06172839506 3.7037037037 0.123456790123)
(5.18518518519 3.7037037037 0.123456790123)
(5.30864197531 3.7037037037 0.123456790123)
(5.43209876543 3.7037037037 0.123456790123)
(5.55555555556 3.7037037037 0.123456790123)
(5.67901234568 3.7037037037 0.123456790123)
(5.8024691358 3.7037037037 0.123456790123)
(5.92592592593 3.7037037037 0.123456790123)
(6.04938271605 3.7037037037 0.123456790123)
(6.17283950617 3.7037037037 0.123456790123)
(6.2962962963 3.7037037037 0.123456790123)
(6.41975308642 3.7037037037 0.123456790123)
(6.54320987654 3.7037037037 0.123456790123)
(6.66666666667 3.7037037037 0.123456790123)
(6.79012345679 3.7037037037 0.123456790123)
(6.91358024691 3.7037037037 0.123456790123)
(7.03703703704 3.7037037037 0.123456790123)
(7.16049382716 3.7037037037 0.123456790123)
(7.28395061728 3.7037037037 0.123456790123)
(7.40740740741 3.7037037037 0.123456790123)
(7.53086419753 3.7037037037 0.123456790123)
(7.65432098765 3.7037037037 0.123456790123)
(7.77777777778 3.7037037037 0.123456790123)
(7.9012345679 3.7037037037 0.123456790123)
(8.02469135802 3.7037037037 0.123456790123)
(8.14814814815 3.7037037037 0.123456790123)
(8.27160493827 3.7037037037 0.123456790123)
(8.3950617284 3.7037037037 0.123456790123)
(8.51851851852 3.7037037037 0.123456790123)
(8.64197530864 3.7037037037 0.123456790123)
(8.76543209877 3.7037037037 0.123456790123)
(8.88888888889 3.7037037037 0.123456790123)
(9.01234567901 3.7037037037 0.123456790123)
(9.13580246914 3.7037037037 0.123456790123)
(9.25925925926 3.7037037037 0.123456790123)
(9.38271604938 3.7037037037 0.123456790123)
(9.50617283951 3.7037037037 0.123456790123)
(9.62962962963 3.7037037037 0.123456790123)
(9.75308641975 3.7037037037 0.123456790123)
(9.87654320988 3.7037037037 0.123456790123)
(10 3.7037037037 0.123456790123)
(0 3.82716049383 0.123456790123)
(0.123456790123 3.82716049383 0.123456790123)
(0.246913580247 3.82716049383 0.123456790123)
(0.37037037037 3.82716049383 0.123456790123)
(0.493827160494 3.82716049383 0.123456790123)
(0.617283950617 3.82716049383 0.123456790123)
(0.740740740741 3.82716049383 0.123456790123)
(0.864197530864 3.82716049383 0.123456790123)
(0.987654320988 3.82716049383 0.123456790123)
(1.11111111111 3.82716049383 0.123456790123)
(1.23456790123 3.82716049383 0.123456790123)
(1.35802469136 3.82716049383 0.123456790123)
(1.48148148148 3.82716049383 0.123456790123)
(1.6049382716 3.82716049383 0.123456790123)
(1.72839506173 3.82716049383 0.123456790123)
(1.85185185185 3.82716049383 0.123456790123)
(1.97530864198 3.82716049383 0.123456790123)
(2.0987654321 3.82716049383 0.123456790123)
(2.22222222222 3.82716049383 0.123456790123)
(2.34567901235 3.82716049383 0.123456790123)
(2.46913580247 3.82716049383 0.123456790123)
(2.59259259259 3.82716049383 0.123456790123)
(2.71604938272 3.82716049383 0.123456790123)
(2.83950617284 3.82716049383 0.123456790123)
(2.96296296296 3.82716049383 0.123456790123)
(3.08641975309 3.82716049383 0.123456790123)
(3.20987654321 3.82716049383 0.123456790123)
(3.33333333333 3.82716049383 0.123456790123)
(3.45679012346 3.82716049383 0.123456790123)
(3.58024691358 3.82716049383 0.123456790123)
(3.7037037037 3.82716049383 0.123456790123)
(3.82716049383 3.82716049383 0.123456790123)
(3.95061728395 3.82716049383 0.123456790123)
(4.07407407407 3.82716049383 0.123456790123)
(4.1975308642 3.82716049383 0.123456790123)
(4.32098765432 3.82716049383 0.123456790123)
(4.44444444444 3.82716049383 0.123456790123)
(4.56790123457 3.82716049383 0.123456790123)
(4.69135802469 3.82716049383 0.123456790123)
(4.81481481481 3.82716049383 0.123456790123)
(4.93827160494 3.82716049383 0.123456790123)
(5.06172839506 3.82716049383 0.123456790123)
(5.18518518519 3.82716049383 0.123456790123)
(5.30864197531 3.82716049383 0.123456790123)
(5.43209876543 3.82716049383 0.123456790123)
(5.55555555556 3.82716049383 0.123456790123)
(5.67901234568 3.82716049383 0.123456790123)
(5.8024691358 3.82716049383 0.123456790123)
(5.92592592593 3.82716049383 0.123456790123)
(6.04938271605 3.82716049383 0.123456790123)
(6.17283950617 3.82716049383 0.123456790123)
(6.2962962963 3.82716049383 0.123456790123)
(6.41975308642 3.82716049383 0.123456790123)
(6.54320987654 3.82716049383 0.123456790123)
(6.66666666667 3.82716049383 0.123456790123)
(6.79012345679 3.82716049383 0.123456790123)
(6.91358024691 3.82716049383 0.123456790123)
(7.03703703704 3.82716049383 0.123456790123)
(7.16049382716 3.82716049383 0.123456790123)
(7.28395061728 3.82716049383 0.123456790123)
(7.40740740741 3.82716049383 0.123456790123)
(7.53086419753 3.82716049383 0.123456790123)
(7.65432098765 3.82716049383 0.123456790123)
(7.77777777778 3.82716049383 0.123456790123)
(7.9012345679 3.82716049383 0.123456790123)
(8.02469135802 3.82716049383 0.123456790123)
(8.14814814815 3.82716049383 0.123456790123)
(8.27160493827 3.82716049383 0.123456790123)
(8.3950617284 3.82716049383 0.123456790123)
(8.51851851852 3.82716049383 0.123456790123)
(8.64197530864 3.82716049383 0.123456790123)
(8.76543209877 3.82716049383 0.123456790123)
(8.88888888889 3.82716049383 0.123456790123)
(9.01234567901 3.82716049383 0.123456790123)
(9.13580246914 3.82716049383 0.123456790123)
(9.25925925926 3.82716049383 0.123456790123)
(9.38271604938 3.82716049383 0.123456790123)
(9.50617283951 3.82716049383 0.123456790123)
(9.62962962963 3.82716049383 0.123456790123)
(9.75308641975 3.82716049383 0.123456790123)
(9.87654320988 3.82716049383 0.123456790123)
(10 3.82716049383 0.123456790123)
(0 3.95061728395 0.123456790123)
(0.123456790123 3.95061728395 0.123456790123)
(0.246913580247 3.95061728395 0.123456790123)
(0.37037037037 3.95061728395 0.123456790123)
(0.493827160494 3.95061728395 0.123456790123)
(0.617283950617 3.95061728395 0.123456790123)
(0.740740740741 3.95061728395 0.123456790123)
(0.864197530864 3.95061728395 0.123456790123)
(0.987654320988 3.95061728395 0.123456790123)
(1.11111111111 3.95061728395 0.123456790123)
(1.23456790123 3.95061728395 0.123456790123)
(1.35802469136 3.95061728395 0.123456790123)
(1.48148148148 3.95061728395 0.123456790123)
(1.6049382716 3.95061728395 0.123456790123)
(1.72839506173 3.95061728395 0.123456790123)
(1.85185185185 3.95061728395 0.123456790123)
(1.97530864198 3.95061728395 0.123456790123)
(2.0987654321 3.95061728395 0.123456790123)
(2.22222222222 3.95061728395 0.123456790123)
(2.34567901235 3.95061728395 0.123456790123)
(2.46913580247 3.95061728395 0.123456790123)
(2.59259259259 3.95061728395 0.123456790123)
(2.71604938272 3.95061728395 0.123456790123)
(2.83950617284 3.95061728395 0.123456790123)
(2.96296296296 3.95061728395 0.123456790123)
(3.08641975309 3.95061728395 0.123456790123)
(3.20987654321 3.95061728395 0.123456790123)
(3.33333333333 3.95061728395 0.123456790123)
(3.45679012346 3.95061728395 0.123456790123)
(3.58024691358 3.95061728395 0.123456790123)
(3.7037037037 3.95061728395 0.123456790123)
(3.82716049383 3.95061728395 0.123456790123)
(3.95061728395 3.95061728395 0.123456790123)
(4.07407407407 3.95061728395 0.123456790123)
(4.1975308642 3.95061728395 0.123456790123)
(4.32098765432 3.95061728395 0.123456790123)
(4.44444444444 3.95061728395 0.123456790123)
(4.56790123457 3.95061728395 0.123456790123)
(4.69135802469 3.95061728395 0.123456790123)
(4.81481481481 3.95061728395 0.123456790123)
(4.93827160494 3.95061728395 0.123456790123)
(5.06172839506 3.95061728395 0.123456790123)
(5.18518518519 3.95061728395 0.123456790123)
(5.30864197531 3.95061728395 0.123456790123)
(5.43209876543 3.95061728395 0.123456790123)
(5.55555555556 3.95061728395 0.123456790123)
(5.67901234568 3.95061728395 0.123456790123)
(5.8024691358 3.95061728395 0.123456790123)
(5.92592592593 3.95061728395 0.123456790123)
(6.04938271605 3.95061728395 0.123456790123)
(6.17283950617 3.95061728395 0.123456790123)
(6.2962962963 3.95061728395 0.123456790123)
(6.41975308642 3.95061728395 0.123456790123)
(6.54320987654 3.95061728395 0.123456790123)
(6.66666666667 3.95061728395 0.123456790123)
(6.79012345679 3.95061728395 0.123456790123)
(6.91358024691 3.95061728395 0.123456790123)
(7.03703703704 3.95061728395 0.123456790123)
(7.16049382716 3.95061728395 0.123456790123)
(7.28395061728 3.95061728395 0.123456790123)
(7.40740740741 3.95061728395 0.123456790123)
(7.53086419753 3.95061728395 0.123456790123)
(7.65432098765 3.95061728395 0.123456790123)
(7.77777777778 3.95061728395 0.123456790123)
(7.9012345679 3.95061728395 0.123456790123)
(8.02469135802 3.95061728395 0.123456790123)
(8.14814814815 3.95061728395 0.123456790123)
(8.27160493827 3.95061728395 0.123456790123)
(8.3950617284 3.95061728395 0.123456790123)
(8.51851851852 3.95061728395 0.123456790123)
(8.64197530864 3.95061728395 0.123456790123)
(8.76543209877 3.95061728395 0.123456790123)
(8.88888888889 3.95061728395 0.123456790123)
(9.01234567901 3.95061728395 0.123456790123)
(9.13580246914 3.95061728395 0.123456790123)
(9.25925925926 3.95061728395 0.123456790123)
(9.38271604938 3.95061728395 0.123456790123)
(9.50617283951 3.95061728395 0.123456790123)
(9.62962962963 3.95061728395 0.123456790123)
(9.75308641975 3.95061728395 0.123456790123)
(9.87654320988 3.95061728395 0.123456790123)
(10 3.95061728395 0.123456790123)
(0 4.07407407407 0.123456790123)
(0.123456790123 4.07407407407 0.123456790123)
(0.246913580247 4.07407407407 0.123456790123)
(0.37037037037 4.07407407407 0.123456790123)
(0.493827160494 4.07407407407 0.123456790123)
(0.617283950617 4.07407407407 0.123456790123)
(0.740740740741 4.07407407407 0.123456790123)
(0.864197530864 4.07407407407 0.123456790123)
(0.987654320988 4.07407407407 0.123456790123)
(1.11111111111 4.07407407407 0.123456790123)
(1.23456790123 4.07407407407 0.123456790123)
(1.35802469136 4.07407407407 0.123456790123)
(1.48148148148 4.07407407407 0.123456790123)
(1.6049382716 4.07407407407 0.123456790123)
(1.72839506173 4.07407407407 0.123456790123)
(1.85185185185 4.07407407407 0.123456790123)
(1.97530864198 4.07407407407 0.123456790123)
(2.0987654321 4.07407407407 0.123456790123)
(2.22222222222 4.07407407407 0.123456790123)
(2.34567901235 4.07407407407 0.123456790123)
(2.46913580247 4.07407407407 0.123456790123)
(2.59259259259 4.07407407407 0.123456790123)
(2.71604938272 4.07407407407 0.123456790123)
(2.83950617284 4.07407407407 0.123456790123)
(2.96296296296 4.07407407407 0.123456790123)
(3.08641975309 4.07407407407 0.123456790123)
(3.20987654321 4.07407407407 0.123456790123)
(3.33333333333 4.07407407407 0.123456790123)
(3.45679012346 4.07407407407 0.123456790123)
(3.58024691358 4.07407407407 0.123456790123)
(3.7037037037 4.07407407407 0.123456790123)
(3.82716049383 4.07407407407 0.123456790123)
(3.95061728395 4.07407407407 0.123456790123)
(4.07407407407 4.07407407407 0.123456790123)
(4.1975308642 4.07407407407 0.123456790123)
(4.32098765432 4.07407407407 0.123456790123)
(4.44444444444 4.07407407407 0.123456790123)
(4.56790123457 4.07407407407 0.123456790123)
(4.69135802469 4.07407407407 0.123456790123)
(4.81481481481 4.07407407407 0.123456790123)
(4.93827160494 4.07407407407 0.123456790123)
(5.06172839506 4.07407407407 0.123456790123)
(5.18518518519 4.07407407407 0.123456790123)
(5.30864197531 4.07407407407 0.123456790123)
(5.43209876543 4.07407407407 0.123456790123)
(5.55555555556 4.07407407407 0.123456790123)
(5.67901234568 4.07407407407 0.123456790123)
(5.8024691358 4.07407407407 0.123456790123)
(5.92592592593 4.07407407407 0.123456790123)
(6.04938271605 4.07407407407 0.123456790123)
(6.17283950617 4.07407407407 0.123456790123)
(6.2962962963 4.07407407407 0.123456790123)
(6.41975308642 4.07407407407 0.123456790123)
(6.54320987654 4.07407407407 0.123456790123)
(6.66666666667 4.07407407407 0.123456790123)
(6.79012345679 4.07407407407 0.123456790123)
(6.91358024691 4.07407407407 0.123456790123)
(7.03703703704 4.07407407407 0.123456790123)
(7.16049382716 4.07407407407 0.123456790123)
(7.28395061728 4.07407407407 0.123456790123)
(7.40740740741 4.07407407407 0.123456790123)
(7.53086419753 4.07407407407 0.123456790123)
(7.65432098765 4.07407407407 0.123456790123)
(7.77777777778 4.07407407407 0.123456790123)
(7.9012345679 4.07407407407 0.123456790123)
(8.02469135802 4.07407407407 0.123456790123)
(8.14814814815 4.07407407407 0.123456790123)
(8.27160493827 4.07407407407 0.123456790123)
(8.3950617284 4.07407407407 0.123456790123)
(8.51851851852 4.07407407407 0.123456790123)
(8.64197530864 4.07407407407 0.123456790123)
(8.76543209877 4.07407407407 0.123456790123)
(8.88888888889 4.07407407407 0.123456790123)
(9.01234567901 4.07407407407 0.123456790123)
(9.13580246914 4.07407407407 0.123456790123)
(9.25925925926 4.07407407407 0.123456790123)
(9.38271604938 4.07407407407 0.123456790123)
(9.50617283951 4.07407407407 0.123456790123)
(9.62962962963 4.07407407407 0.123456790123)
(9.75308641975 4.07407407407 0.123456790123)
(9.87654320988 4.07407407407 0.123456790123)
(10 4.07407407407 0.123456790123)
(0 4.1975308642 0.123456790123)
(0.123456790123 4.1975308642 0.123456790123)
(0.246913580247 4.1975308642 0.123456790123)
(0.37037037037 4.1975308642 0.123456790123)
(0.493827160494 4.1975308642 0.123456790123)
(0.617283950617 4.1975308642 0.123456790123)
(0.740740740741 4.1975308642 0.123456790123)
(0.864197530864 4.1975308642 0.123456790123)
(0.987654320988 4.1975308642 0.123456790123)
(1.11111111111 4.1975308642 0.123456790123)
(1.23456790123 4.1975308642 0.123456790123)
(1.35802469136 4.1975308642 0.123456790123)
(1.48148148148 4.1975308642 0.123456790123)
(1.6049382716 4.1975308642 0.123456790123)
(1.72839506173 4.1975308642 0.123456790123)
(1.85185185185 4.1975308642 0.123456790123)
(1.97530864198 4.1975308642 0.123456790123)
(2.0987654321 4.1975308642 0.123456790123)
(2.22222222222 4.1975308642 0.123456790123)
(2.34567901235 4.1975308642 0.123456790123)
(2.46913580247 4.1975308642 0.123456790123)
(2.59259259259 4.1975308642 0.123456790123)
(2.71604938272 4.1975308642 0.123456790123)
(2.83950617284 4.1975308642 0.123456790123)
(2.96296296296 4.1975308642 0.123456790123)
(3.08641975309 4.1975308642 0.123456790123)
(3.20987654321 4.1975308642 0.123456790123)
(3.33333333333 4.1975308642 0.123456790123)
(3.45679012346 4.1975308642 0.123456790123)
(3.58024691358 4.1975308642 0.123456790123)
(3.7037037037 4.1975308642 0.123456790123)
(3.82716049383 4.1975308642 0.123456790123)
(3.95061728395 4.1975308642 0.123456790123)
(4.07407407407 4.1975308642 0.123456790123)
(4.1975308642 4.1975308642 0.123456790123)
(4.32098765432 4.1975308642 0.123456790123)
(4.44444444444 4.1975308642 0.123456790123)
(4.56790123457 4.1975308642 0.123456790123)
(4.69135802469 4.1975308642 0.123456790123)
(4.81481481481 4.1975308642 0.123456790123)
(4.93827160494 4.1975308642 0.123456790123)
(5.06172839506 4.1975308642 0.123456790123)
(5.18518518519 4.1975308642 0.123456790123)
(5.30864197531 4.1975308642 0.123456790123)
(5.43209876543 4.1975308642 0.123456790123)
(5.55555555556 4.1975308642 0.123456790123)
(5.67901234568 4.1975308642 0.123456790123)
(5.8024691358 4.1975308642 0.123456790123)
(5.92592592593 4.1975308642 0.123456790123)
(6.04938271605 4.1975308642 0.123456790123)
(6.17283950617 4.1975308642 0.123456790123)
(6.2962962963 4.1975308642 0.123456790123)
(6.41975308642 4.1975308642 0.123456790123)
(6.54320987654 4.1975308642 0.123456790123)
(6.66666666667 4.1975308642 0.123456790123)
(6.79012345679 4.1975308642 0.123456790123)
(6.91358024691 4.1975308642 0.123456790123)
(7.03703703704 4.1975308642 0.123456790123)
(7.16049382716 4.1975308642 0.123456790123)
(7.28395061728 4.1975308642 0.123456790123)
(7.40740740741 4.1975308642 0.123456790123)
(7.53086419753 4.1975308642 0.123456790123)
(7.65432098765 4.1975308642 0.123456790123)
(7.77777777778 4.1975308642 0.123456790123)
(7.9012345679 4.1975308642 0.123456790123)
(8.02469135802 4.1975308642 0.123456790123)
(8.14814814815 4.1975308642 0.123456790123)
(8.27160493827 4.1975308642 0.123456790123)
(8.3950617284 4.1975308642 0.123456790123)
(8.51851851852 4.1975308642 0.123456790123)
(8.64197530864 4.1975308642 0.123456790123)
(8.76543209877 4.1975308642 0.123456790123)
(8.88888888889 4.1975308642 0.123456790123)
(9.01234567901 4.1975308642 0.123456790123)
(9.13580246914 4.1975308642 0.123456790123)
(9.25925925926 4.1975308642 0.123456790123)
(9.38271604938 4.1975308642 0.123456790123)
(9.50617283951 4.1975308642 0.123456790123)
(9.62962962963 4.1975308642 0.123456790123)
(9.75308641975 4.1975308642 0.123456790123)
(9.87654320988 4.1975308642 0.123456790123)
(10 4.1975308642 0.123456790123)
(0 4.32098765432 0.123456790123)
(0.123456790123 4.32098765432 0.123456790123)
(0.246913580247 4.32098765432 0.123456790123)
(0.37037037037 4.32098765432 0.123456790123)
(0.493827160494 4.32098765432 0.123456790123)
(0.617283950617 4.32098765432 0.123456790123)
(0.740740740741 4.32098765432 0.123456790123)
(0.864197530864 4.32098765432 0.123456790123)
(0.987654320988 4.32098765432 0.123456790123)
(1.11111111111 4.32098765432 0.123456790123)
(1.23456790123 4.32098765432 0.123456790123)
(1.35802469136 4.32098765432 0.123456790123)
(1.48148148148 4.32098765432 0.123456790123)
(1.6049382716 4.32098765432 0.123456790123)
(1.72839506173 4.32098765432 0.123456790123)
(1.85185185185 4.32098765432 0.123456790123)
(1.97530864198 4.32098765432 0.123456790123)
(2.0987654321 4.32098765432 0.123456790123)
(2.22222222222 4.32098765432 0.123456790123)
(2.34567901235 4.32098765432 0.123456790123)
(2.46913580247 4.32098765432 0.123456790123)
(2.59259259259 4.32098765432 0.123456790123)
(2.71604938272 4.32098765432 0.123456790123)
(2.83950617284 4.32098765432 0.123456790123)
(2.96296296296 4.32098765432 0.123456790123)
(3.08641975309 4.32098765432 0.123456790123)
(3.20987654321 4.32098765432 0.123456790123)
(3.33333333333 4.32098765432 0.123456790123)
(3.45679012346 4.32098765432 0.123456790123)
(3.58024691358 4.32098765432 0.123456790123)
(3.7037037037 4.32098765432 0.123456790123)
(3.82716049383 4.32098765432 0.123456790123)
(3.95061728395 4.32098765432 0.123456790123)
(4.07407407407 4.32098765432 0.123456790123)
(4.1975308642 4.32098765432 0.123456790123)
(4.32098765432 4.32098765432 0.123456790123)
(4.44444444444 4.32098765432 0.123456790123)
(4.56790123457 4.32098765432 0.123456790123)
(4.69135802469 4.32098765432 0.123456790123)
(4.81481481481 4.32098765432 0.123456790123)
(4.93827160494 4.32098765432 0.123456790123)
(5.06172839506 4.32098765432 0.123456790123)
(5.18518518519 4.32098765432 0.123456790123)
(5.30864197531 4.32098765432 0.123456790123)
(5.43209876543 4.32098765432 0.123456790123)
(5.55555555556 4.32098765432 0.123456790123)
(5.67901234568 4.32098765432 0.123456790123)
(5.8024691358 4.32098765432 0.123456790123)
(5.92592592593 4.32098765432 0.123456790123)
(6.04938271605 4.32098765432 0.123456790123)
(6.17283950617 4.32098765432 0.123456790123)
(6.2962962963 4.32098765432 0.123456790123)
(6.41975308642 4.32098765432 0.123456790123)
(6.54320987654 4.32098765432 0.123456790123)
(6.66666666667 4.32098765432 0.123456790123)
(6.79012345679 4.32098765432 0.123456790123)
(6.91358024691 4.32098765432 0.123456790123)
(7.03703703704 4.32098765432 0.123456790123)
(7.16049382716 4.32098765432 0.123456790123)
(7.28395061728 4.32098765432 0.123456790123)
(7.40740740741 4.32098765432 0.123456790123)
(7.53086419753 4.32098765432 0.123456790123)
(7.65432098765 4.32098765432 0.123456790123)
(7.77777777778 4.32098765432 0.123456790123)
(7.9012345679 4.32098765432 0.123456790123)
(8.02469135802 4.32098765432 0.123456790123)
(8.14814814815 4.32098765432 0.123456790123)
(8.27160493827 4.32098765432 0.123456790123)
(8.3950617284 4.32098765432 0.123456790123)
(8.51851851852 4.32098765432 0.123456790123)
(8.64197530864 4.32098765432 0.123456790123)
(8.76543209877 4.32098765432 0.123456790123)
(8.88888888889 4.32098765432 0.123456790123)
(9.01234567901 4.32098765432 0.123456790123)
(9.13580246914 4.32098765432 0.123456790123)
(9.25925925926 4.32098765432 0.123456790123)
(9.38271604938 4.32098765432 0.123456790123)
(9.50617283951 4.32098765432 0.123456790123)
(9.62962962963 4.32098765432 0.123456790123)
(9.75308641975 4.32098765432 0.123456790123)
(9.87654320988 4.32098765432 0.123456790123)
(10 4.32098765432 0.123456790123)
(0 4.44444444444 0.123456790123)
(0.123456790123 4.44444444444 0.123456790123)
(0.246913580247 4.44444444444 0.123456790123)
(0.37037037037 4.44444444444 0.123456790123)
(0.493827160494 4.44444444444 0.123456790123)
(0.617283950617 4.44444444444 0.123456790123)
(0.740740740741 4.44444444444 0.123456790123)
(0.864197530864 4.44444444444 0.123456790123)
(0.987654320988 4.44444444444 0.123456790123)
(1.11111111111 4.44444444444 0.123456790123)
(1.23456790123 4.44444444444 0.123456790123)
(1.35802469136 4.44444444444 0.123456790123)
(1.48148148148 4.44444444444 0.123456790123)
(1.6049382716 4.44444444444 0.123456790123)
(1.72839506173 4.44444444444 0.123456790123)
(1.85185185185 4.44444444444 0.123456790123)
(1.97530864198 4.44444444444 0.123456790123)
(2.0987654321 4.44444444444 0.123456790123)
(2.22222222222 4.44444444444 0.123456790123)
(2.34567901235 4.44444444444 0.123456790123)
(2.46913580247 4.44444444444 0.123456790123)
(2.59259259259 4.44444444444 0.123456790123)
(2.71604938272 4.44444444444 0.123456790123)
(2.83950617284 4.44444444444 0.123456790123)
(2.96296296296 4.44444444444 0.123456790123)
(3.08641975309 4.44444444444 0.123456790123)
(3.20987654321 4.44444444444 0.123456790123)
(3.33333333333 4.44444444444 0.123456790123)
(3.45679012346 4.44444444444 0.123456790123)
(3.58024691358 4.44444444444 0.123456790123)
(3.7037037037 4.44444444444 0.123456790123)
(3.82716049383 4.44444444444 0.123456790123)
(3.95061728395 4.44444444444 0.123456790123)
(4.07407407407 4.44444444444 0.123456790123)
(4.1975308642 4.44444444444 0.123456790123)
(4.32098765432 4.44444444444 0.123456790123)
(4.44444444444 4.44444444444 0.123456790123)
(4.56790123457 4.44444444444 0.123456790123)
(4.69135802469 4.44444444444 0.123456790123)
(4.81481481481 4.44444444444 0.123456790123)
(4.93827160494 4.44444444444 0.123456790123)
(5.06172839506 4.44444444444 0.123456790123)
(5.18518518519 4.44444444444 0.123456790123)
(5.30864197531 4.44444444444 0.123456790123)
(5.43209876543 4.44444444444 0.123456790123)
(5.55555555556 4.44444444444 0.123456790123)
(5.67901234568 4.44444444444 0.123456790123)
(5.8024691358 4.44444444444 0.123456790123)
(5.92592592593 4.44444444444 0.123456790123)
(6.04938271605 4.44444444444 0.123456790123)
(6.17283950617 4.44444444444 0.123456790123)
(6.2962962963 4.44444444444 0.123456790123)
(6.41975308642 4.44444444444 0.123456790123)
(6.54320987654 4.44444444444 0.123456790123)
(6.66666666667 4.44444444444 0.123456790123)
(6.79012345679 4.44444444444 0.123456790123)
(6.91358024691 4.44444444444 0.123456790123)
(7.03703703704 4.44444444444 0.123456790123)
(7.16049382716 4.44444444444 0.123456790123)
(7.28395061728 4.44444444444 0.123456790123)
(7.40740740741 4.44444444444 0.123456790123)
(7.53086419753 4.44444444444 0.123456790123)
(7.65432098765 4.44444444444 0.123456790123)
(7.77777777778 4.44444444444 0.123456790123)
(7.9012345679 4.44444444444 0.123456790123)
(8.02469135802 4.44444444444 0.123456790123)
(8.14814814815 4.44444444444 0.123456790123)
(8.27160493827 4.44444444444 0.123456790123)
(8.3950617284 4.44444444444 0.123456790123)
(8.51851851852 4.44444444444 0.123456790123)
(8.64197530864 4.44444444444 0.123456790123)
(8.76543209877 4.44444444444 0.123456790123)
(8.88888888889 4.44444444444 0.123456790123)
(9.01234567901 4.44444444444 0.123456790123)
(9.13580246914 4.44444444444 0.123456790123)
(9.25925925926 4.44444444444 0.123456790123)
(9.38271604938 4.44444444444 0.123456790123)
(9.50617283951 4.44444444444 0.123456790123)
(9.62962962963 4.44444444444 0.123456790123)
(9.75308641975 4.44444444444 0.123456790123)
(9.87654320988 4.44444444444 0.123456790123)
(10 4.44444444444 0.123456790123)
(0 4.56790123457 0.123456790123)
(0.123456790123 4.56790123457 0.123456790123)
(0.246913580247 4.56790123457 0.123456790123)
(0.37037037037 4.56790123457 0.123456790123)
(0.493827160494 4.56790123457 0.123456790123)
(0.617283950617 4.56790123457 0.123456790123)
(0.740740740741 4.56790123457 0.123456790123)
(0.864197530864 4.56790123457 0.123456790123)
(0.987654320988 4.56790123457 0.123456790123)
(1.11111111111 4.56790123457 0.123456790123)
(1.23456790123 4.56790123457 0.123456790123)
(1.35802469136 4.56790123457 0.123456790123)
(1.48148148148 4.56790123457 0.123456790123)
(1.6049382716 4.56790123457 0.123456790123)
(1.72839506173 4.56790123457 0.123456790123)
(1.85185185185 4.56790123457 0.123456790123)
(1.97530864198 4.56790123457 0.123456790123)
(2.0987654321 4.56790123457 0.123456790123)
(2.22222222222 4.56790123457 0.123456790123)
(2.34567901235 4.56790123457 0.123456790123)
(2.46913580247 4.56790123457 0.123456790123)
(2.59259259259 4.56790123457 0.123456790123)
(2.71604938272 4.56790123457 0.123456790123)
(2.83950617284 4.56790123457 0.123456790123)
(2.96296296296 4.56790123457 0.123456790123)
(3.08641975309 4.56790123457 0.123456790123)
(3.20987654321 4.56790123457 0.123456790123)
(3.33333333333 4.56790123457 0.123456790123)
(3.45679012346 4.56790123457 0.123456790123)
(3.58024691358 4.56790123457 0.123456790123)
(3.7037037037 4.56790123457 0.123456790123)
(3.82716049383 4.56790123457 0.123456790123)
(3.95061728395 4.56790123457 0.123456790123)
(4.07407407407 4.56790123457 0.123456790123)
(4.1975308642 4.56790123457 0.123456790123)
(4.32098765432 4.56790123457 0.123456790123)
(4.44444444444 4.56790123457 0.123456790123)
(4.56790123457 4.56790123457 0.123456790123)
(4.69135802469 4.56790123457 0.123456790123)
(4.81481481481 4.56790123457 0.123456790123)
(4.93827160494 4.56790123457 0.123456790123)
(5.06172839506 4.56790123457 0.123456790123)
(5.18518518519 4.56790123457 0.123456790123)
(5.30864197531 4.56790123457 0.123456790123)
(5.43209876543 4.56790123457 0.123456790123)
(5.55555555556 4.56790123457 0.123456790123)
(5.67901234568 4.56790123457 0.123456790123)
(5.8024691358 4.56790123457 0.123456790123)
(5.92592592593 4.56790123457 0.123456790123)
(6.04938271605 4.56790123457 0.123456790123)
(6.17283950617 4.56790123457 0.123456790123)
(6.2962962963 4.56790123457 0.123456790123)
(6.41975308642 4.56790123457 0.123456790123)
(6.54320987654 4.56790123457 0.123456790123)
(6.66666666667 4.56790123457 0.123456790123)
(6.79012345679 4.56790123457 0.123456790123)
(6.91358024691 4.56790123457 0.123456790123)
(7.03703703704 4.56790123457 0.123456790123)
(7.16049382716 4.56790123457 0.123456790123)
(7.28395061728 4.56790123457 0.123456790123)
(7.40740740741 4.56790123457 0.123456790123)
(7.53086419753 4.56790123457 0.123456790123)
(7.65432098765 4.56790123457 0.123456790123)
(7.77777777778 4.56790123457 0.123456790123)
(7.9012345679 4.56790123457 0.123456790123)
(8.02469135802 4.56790123457 0.123456790123)
(8.14814814815 4.56790123457 0.123456790123)
(8.27160493827 4.56790123457 0.123456790123)
(8.3950617284 4.56790123457 0.123456790123)
(8.51851851852 4.56790123457 0.123456790123)
(8.64197530864 4.56790123457 0.123456790123)
(8.76543209877 4.56790123457 0.123456790123)
(8.88888888889 4.56790123457 0.123456790123)
(9.01234567901 4.56790123457 0.123456790123)
(9.13580246914 4.56790123457 0.123456790123)
(9.25925925926 4.56790123457 0.123456790123)
(9.38271604938 4.56790123457 0.123456790123)
(9.50617283951 4.56790123457 0.123456790123)
(9.62962962963 4.56790123457 0.123456790123)
(9.75308641975 4.56790123457 0.123456790123)
(9.87654320988 4.56790123457 0.123456790123)
(10 4.56790123457 0.123456790123)
(0 4.69135802469 0.123456790123)
(0.123456790123 4.69135802469 0.123456790123)
(0.246913580247 4.69135802469 0.123456790123)
(0.37037037037 4.69135802469 0.123456790123)
(0.493827160494 4.69135802469 0.123456790123)
(0.617283950617 4.69135802469 0.123456790123)
(0.740740740741 4.69135802469 0.123456790123)
(0.864197530864 4.69135802469 0.123456790123)
(0.987654320988 4.69135802469 0.123456790123)
(1.11111111111 4.69135802469 0.123456790123)
(1.23456790123 4.69135802469 0.123456790123)
(1.35802469136 4.69135802469 0.123456790123)
(1.48148148148 4.69135802469 0.123456790123)
(1.6049382716 4.69135802469 0.123456790123)
(1.72839506173 4.69135802469 0.123456790123)
(1.85185185185 4.69135802469 0.123456790123)
(1.97530864198 4.69135802469 0.123456790123)
(2.0987654321 4.69135802469 0.123456790123)
(2.22222222222 4.69135802469 0.123456790123)
(2.34567901235 4.69135802469 0.123456790123)
(2.46913580247 4.69135802469 0.123456790123)
(2.59259259259 4.69135802469 0.123456790123)
(2.71604938272 4.69135802469 0.123456790123)
(2.83950617284 4.69135802469 0.123456790123)
(2.96296296296 4.69135802469 0.123456790123)
(3.08641975309 4.69135802469 0.123456790123)
(3.20987654321 4.69135802469 0.123456790123)
(3.33333333333 4.69135802469 0.123456790123)
(3.45679012346 4.69135802469 0.123456790123)
(3.58024691358 4.69135802469 0.123456790123)
(3.7037037037 4.69135802469 0.123456790123)
(3.82716049383 4.69135802469 0.123456790123)
(3.95061728395 4.69135802469 0.123456790123)
(4.07407407407 4.69135802469 0.123456790123)
(4.1975308642 4.69135802469 0.123456790123)
(4.32098765432 4.69135802469 0.123456790123)
(4.44444444444 4.69135802469 0.123456790123)
(4.56790123457 4.69135802469 0.123456790123)
(4.69135802469 4.69135802469 0.123456790123)
(4.81481481481 4.69135802469 0.123456790123)
(4.93827160494 4.69135802469 0.123456790123)
(5.06172839506 4.69135802469 0.123456790123)
(5.18518518519 4.69135802469 0.123456790123)
(5.30864197531 4.69135802469 0.123456790123)
(5.43209876543 4.69135802469 0.123456790123)
(5.55555555556 4.69135802469 0.123456790123)
(5.67901234568 4.69135802469 0.123456790123)
(5.8024691358 4.69135802469 0.123456790123)
(5.92592592593 4.69135802469 0.123456790123)
(6.04938271605 4.69135802469 0.123456790123)
(6.17283950617 4.69135802469 0.123456790123)
(6.2962962963 4.69135802469 0.123456790123)
(6.41975308642 4.69135802469 0.123456790123)
(6.54320987654 4.69135802469 0.123456790123)
(6.66666666667 4.69135802469 0.123456790123)
(6.79012345679 4.69135802469 0.123456790123)
(6.91358024691 4.69135802469 0.123456790123)
(7.03703703704 4.69135802469 0.123456790123)
(7.16049382716 4.69135802469 0.123456790123)
(7.28395061728 4.69135802469 0.123456790123)
(7.40740740741 4.69135802469 0.123456790123)
(7.53086419753 4.69135802469 0.123456790123)
(7.65432098765 4.69135802469 0.123456790123)
(7.77777777778 4.69135802469 0.123456790123)
(7.9012345679 4.69135802469 0.123456790123)
(8.02469135802 4.69135802469 0.123456790123)
(8.14814814815 4.69135802469 0.123456790123)
(8.27160493827 4.69135802469 0.123456790123)
(8.3950617284 4.69135802469 0.123456790123)
(8.51851851852 4.69135802469 0.123456790123)
(8.64197530864 4.69135802469 0.123456790123)
(8.76543209877 4.69135802469 0.123456790123)
(8.88888888889 4.69135802469 0.123456790123)
(9.01234567901 4.69135802469 0.123456790123)
(9.13580246914 4.69135802469 0.123456790123)
(9.25925925926 4.69135802469 0.123456790123)
(9.38271604938 4.69135802469 0.123456790123)
(9.50617283951 4.69135802469 0.123456790123)
(9.62962962963 4.69135802469 0.123456790123)
(9.75308641975 4.69135802469 0.123456790123)
(9.87654320988 4.69135802469 0.123456790123)
(10 4.69135802469 0.123456790123)
(0 4.81481481481 0.123456790123)
(0.123456790123 4.81481481481 0.123456790123)
(0.246913580247 4.81481481481 0.123456790123)
(0.37037037037 4.81481481481 0.123456790123)
(0.493827160494 4.81481481481 0.123456790123)
(0.617283950617 4.81481481481 0.123456790123)
(0.740740740741 4.81481481481 0.123456790123)
(0.864197530864 4.81481481481 0.123456790123)
(0.987654320988 4.81481481481 0.123456790123)
(1.11111111111 4.81481481481 0.123456790123)
(1.23456790123 4.81481481481 0.123456790123)
(1.35802469136 4.81481481481 0.123456790123)
(1.48148148148 4.81481481481 0.123456790123)
(1.6049382716 4.81481481481 0.123456790123)
(1.72839506173 4.81481481481 0.123456790123)
(1.85185185185 4.81481481481 0.123456790123)
(1.97530864198 4.81481481481 0.123456790123)
(2.0987654321 4.81481481481 0.123456790123)
(2.22222222222 4.81481481481 0.123456790123)
(2.34567901235 4.81481481481 0.123456790123)
(2.46913580247 4.81481481481 0.123456790123)
(2.59259259259 4.81481481481 0.123456790123)
(2.71604938272 4.81481481481 0.123456790123)
(2.83950617284 4.81481481481 0.123456790123)
(2.96296296296 4.81481481481 0.123456790123)
(3.08641975309 4.81481481481 0.123456790123)
(3.20987654321 4.81481481481 0.123456790123)
(3.33333333333 4.81481481481 0.123456790123)
(3.45679012346 4.81481481481 0.123456790123)
(3.58024691358 4.81481481481 0.123456790123)
(3.7037037037 4.81481481481 0.123456790123)
(3.82716049383 4.81481481481 0.123456790123)
(3.95061728395 4.81481481481 0.123456790123)
(4.07407407407 4.81481481481 0.123456790123)
(4.1975308642 4.81481481481 0.123456790123)
(4.32098765432 4.81481481481 0.123456790123)
(4.44444444444 4.81481481481 0.123456790123)
(4.56790123457 4.81481481481 0.123456790123)
(4.69135802469 4.81481481481 0.123456790123)
(4.81481481481 4.81481481481 0.123456790123)
(4.93827160494 4.81481481481 0.123456790123)
(5.06172839506 4.81481481481 0.123456790123)
(5.18518518519 4.81481481481 0.123456790123)
(5.30864197531 4.81481481481 0.123456790123)
(5.43209876543 4.81481481481 0.123456790123)
(5.55555555556 4.81481481481 0.123456790123)
(5.67901234568 4.81481481481 0.123456790123)
(5.8024691358 4.81481481481 0.123456790123)
(5.92592592593 4.81481481481 0.123456790123)
(6.04938271605 4.81481481481 0.123456790123)
(6.17283950617 4.81481481481 0.123456790123)
(6.2962962963 4.81481481481 0.123456790123)
(6.41975308642 4.81481481481 0.123456790123)
(6.54320987654 4.81481481481 0.123456790123)
(6.66666666667 4.81481481481 0.123456790123)
(6.79012345679 4.81481481481 0.123456790123)
(6.91358024691 4.81481481481 0.123456790123)
(7.03703703704 4.81481481481 0.123456790123)
(7.16049382716 4.81481481481 0.123456790123)
(7.28395061728 4.81481481481 0.123456790123)
(7.40740740741 4.81481481481 0.123456790123)
(7.53086419753 4.81481481481 0.123456790123)
(7.65432098765 4.81481481481 0.123456790123)
(7.77777777778 4.81481481481 0.123456790123)
(7.9012345679 4.81481481481 0.123456790123)
(8.02469135802 4.81481481481 0.123456790123)
(8.14814814815 4.81481481481 0.123456790123)
(8.27160493827 4.81481481481 0.123456790123)
(8.3950617284 4.81481481481 0.123456790123)
(8.51851851852 4.81481481481 0.123456790123)
(8.64197530864 4.81481481481 0.123456790123)
(8.76543209877 4.81481481481 0.123456790123)
(8.88888888889 4.81481481481 0.123456790123)
(9.01234567901 4.81481481481 0.123456790123)
(9.13580246914 4.81481481481 0.123456790123)
(9.25925925926 4.81481481481 0.123456790123)
(9.38271604938 4.81481481481 0.123456790123)
(9.50617283951 4.81481481481 0.123456790123)
(9.62962962963 4.81481481481 0.123456790123)
(9.75308641975 4.81481481481 0.123456790123)
(9.87654320988 4.81481481481 0.123456790123)
(10 4.81481481481 0.123456790123)
(0 4.93827160494 0.123456790123)
(0.123456790123 4.93827160494 0.123456790123)
(0.246913580247 4.93827160494 0.123456790123)
(0.37037037037 4.93827160494 0.123456790123)
(0.493827160494 4.93827160494 0.123456790123)
(0.617283950617 4.93827160494 0.123456790123)
(0.740740740741 4.93827160494 0.123456790123)
(0.864197530864 4.93827160494 0.123456790123)
(0.987654320988 4.93827160494 0.123456790123)
(1.11111111111 4.93827160494 0.123456790123)
(1.23456790123 4.93827160494 0.123456790123)
(1.35802469136 4.93827160494 0.123456790123)
(1.48148148148 4.93827160494 0.123456790123)
(1.6049382716 4.93827160494 0.123456790123)
(1.72839506173 4.93827160494 0.123456790123)
(1.85185185185 4.93827160494 0.123456790123)
(1.97530864198 4.93827160494 0.123456790123)
(2.0987654321 4.93827160494 0.123456790123)
(2.22222222222 4.93827160494 0.123456790123)
(2.34567901235 4.93827160494 0.123456790123)
(2.46913580247 4.93827160494 0.123456790123)
(2.59259259259 4.93827160494 0.123456790123)
(2.71604938272 4.93827160494 0.123456790123)
(2.83950617284 4.93827160494 0.123456790123)
(2.96296296296 4.93827160494 0.123456790123)
(3.08641975309 4.93827160494 0.123456790123)
(3.20987654321 4.93827160494 0.123456790123)
(3.33333333333 4.93827160494 0.123456790123)
(3.45679012346 4.93827160494 0.123456790123)
(3.58024691358 4.93827160494 0.123456790123)
(3.7037037037 4.93827160494 0.123456790123)
(3.82716049383 4.93827160494 0.123456790123)
(3.95061728395 4.93827160494 0.123456790123)
(4.07407407407 4.93827160494 0.123456790123)
(4.1975308642 4.93827160494 0.123456790123)
(4.32098765432 4.93827160494 0.123456790123)
(4.44444444444 4.93827160494 0.123456790123)
(4.56790123457 4.93827160494 0.123456790123)
(4.69135802469 4.93827160494 0.123456790123)
(4.81481481481 4.93827160494 0.123456790123)
(4.93827160494 4.93827160494 0.123456790123)
(5.06172839506 4.93827160494 0.123456790123)
(5.18518518519 4.93827160494 0.123456790123)
(5.30864197531 4.93827160494 0.123456790123)
(5.43209876543 4.93827160494 0.123456790123)
(5.55555555556 4.93827160494 0.123456790123)
(5.67901234568 4.93827160494 0.123456790123)
(5.8024691358 4.93827160494 0.123456790123)
(5.92592592593 4.93827160494 0.123456790123)
(6.04938271605 4.93827160494 0.123456790123)
(6.17283950617 4.93827160494 0.123456790123)
(6.2962962963 4.93827160494 0.123456790123)
(6.41975308642 4.93827160494 0.123456790123)
(6.54320987654 4.93827160494 0.123456790123)
(6.66666666667 4.93827160494 0.123456790123)
(6.79012345679 4.93827160494 0.123456790123)
(6.91358024691 4.93827160494 0.123456790123)
(7.03703703704 4.93827160494 0.123456790123)
(7.16049382716 4.93827160494 0.123456790123)
(7.28395061728 4.93827160494 0.123456790123)
(7.40740740741 4.93827160494 0.123456790123)
(7.53086419753 4.93827160494 0.123456790123)
(7.65432098765 4.93827160494 0.123456790123)
(7.77777777778 4.93827160494 0.123456790123)
(7.9012345679 4.93827160494 0.123456790123)
(8.02469135802 4.93827160494 0.123456790123)
(8.14814814815 4.93827160494 0.123456790123)
(8.27160493827 4.93827160494 0.123456790123)
(8.3950617284 4.93827160494 0.123456790123)
(8.51851851852 4.93827160494 0.123456790123)
(8.64197530864 4.93827160494 0.123456790123)
(8.76543209877 4.93827160494 0.123456790123)
(8.88888888889 4.93827160494 0.123456790123)
(9.01234567901 4.93827160494 0.123456790123)
(9.13580246914 4.93827160494 0.123456790123)
(9.25925925926 4.93827160494 0.123456790123)
(9.38271604938 4.93827160494 0.123456790123)
(9.50617283951 4.93827160494 0.123456790123)
(9.62962962963 4.93827160494 0.123456790123)
(9.75308641975 4.93827160494 0.123456790123)
(9.87654320988 4.93827160494 0.123456790123)
(10 4.93827160494 0.123456790123)
(0 5.06172839506 0.123456790123)
(0.123456790123 5.06172839506 0.123456790123)
(0.246913580247 5.06172839506 0.123456790123)
(0.37037037037 5.06172839506 0.123456790123)
(0.493827160494 5.06172839506 0.123456790123)
(0.617283950617 5.06172839506 0.123456790123)
(0.740740740741 5.06172839506 0.123456790123)
(0.864197530864 5.06172839506 0.123456790123)
(0.987654320988 5.06172839506 0.123456790123)
(1.11111111111 5.06172839506 0.123456790123)
(1.23456790123 5.06172839506 0.123456790123)
(1.35802469136 5.06172839506 0.123456790123)
(1.48148148148 5.06172839506 0.123456790123)
(1.6049382716 5.06172839506 0.123456790123)
(1.72839506173 5.06172839506 0.123456790123)
(1.85185185185 5.06172839506 0.123456790123)
(1.97530864198 5.06172839506 0.123456790123)
(2.0987654321 5.06172839506 0.123456790123)
(2.22222222222 5.06172839506 0.123456790123)
(2.34567901235 5.06172839506 0.123456790123)
(2.46913580247 5.06172839506 0.123456790123)
(2.59259259259 5.06172839506 0.123456790123)
(2.71604938272 5.06172839506 0.123456790123)
(2.83950617284 5.06172839506 0.123456790123)
(2.96296296296 5.06172839506 0.123456790123)
(3.08641975309 5.06172839506 0.123456790123)
(3.20987654321 5.06172839506 0.123456790123)
(3.33333333333 5.06172839506 0.123456790123)
(3.45679012346 5.06172839506 0.123456790123)
(3.58024691358 5.06172839506 0.123456790123)
(3.7037037037 5.06172839506 0.123456790123)
(3.82716049383 5.06172839506 0.123456790123)
(3.95061728395 5.06172839506 0.123456790123)
(4.07407407407 5.06172839506 0.123456790123)
(4.1975308642 5.06172839506 0.123456790123)
(4.32098765432 5.06172839506 0.123456790123)
(4.44444444444 5.06172839506 0.123456790123)
(4.56790123457 5.06172839506 0.123456790123)
(4.69135802469 5.06172839506 0.123456790123)
(4.81481481481 5.06172839506 0.123456790123)
(4.93827160494 5.06172839506 0.123456790123)
(5.06172839506 5.06172839506 0.123456790123)
(5.18518518519 5.06172839506 0.123456790123)
(5.30864197531 5.06172839506 0.123456790123)
(5.43209876543 5.06172839506 0.123456790123)
(5.55555555556 5.06172839506 0.123456790123)
(5.67901234568 5.06172839506 0.123456790123)
(5.8024691358 5.06172839506 0.123456790123)
(5.92592592593 5.06172839506 0.123456790123)
(6.04938271605 5.06172839506 0.123456790123)
(6.17283950617 5.06172839506 0.123456790123)
(6.2962962963 5.06172839506 0.123456790123)
(6.41975308642 5.06172839506 0.123456790123)
(6.54320987654 5.06172839506 0.123456790123)
(6.66666666667 5.06172839506 0.123456790123)
(6.79012345679 5.06172839506 0.123456790123)
(6.91358024691 5.06172839506 0.123456790123)
(7.03703703704 5.06172839506 0.123456790123)
(7.16049382716 5.06172839506 0.123456790123)
(7.28395061728 5.06172839506 0.123456790123)
(7.40740740741 5.06172839506 0.123456790123)
(7.53086419753 5.06172839506 0.123456790123)
(7.65432098765 5.06172839506 0.123456790123)
(7.77777777778 5.06172839506 0.123456790123)
(7.9012345679 5.06172839506 0.123456790123)
(8.02469135802 5.06172839506 0.123456790123)
(8.14814814815 5.06172839506 0.123456790123)
(8.27160493827 5.06172839506 0.123456790123)
(8.3950617284 5.06172839506 0.123456790123)
(8.51851851852 5.06172839506 0.123456790123)
(8.64197530864 5.06172839506 0.123456790123)
(8.76543209877 5.06172839506 0.123456790123)
(8.88888888889 5.06172839506 0.123456790123)
(9.01234567901 5.06172839506 0.123456790123)
(9.13580246914 5.06172839506 0.123456790123)
(9.25925925926 5.06172839506 0.123456790123)
(9.38271604938 5.06172839506 0.123456790123)
(9.50617283951 5.06172839506 0.123456790123)
(9.62962962963 5.06172839506 0.123456790123)
(9.75308641975 5.06172839506 0.123456790123)
(9.87654320988 5.06172839506 0.123456790123)
(10 5.06172839506 0.123456790123)
(0 5.18518518519 0.123456790123)
(0.123456790123 5.18518518519 0.123456790123)
(0.246913580247 5.18518518519 0.123456790123)
(0.37037037037 5.18518518519 0.123456790123)
(0.493827160494 5.18518518519 0.123456790123)
(0.617283950617 5.18518518519 0.123456790123)
(0.740740740741 5.18518518519 0.123456790123)
(0.864197530864 5.18518518519 0.123456790123)
(0.987654320988 5.18518518519 0.123456790123)
(1.11111111111 5.18518518519 0.123456790123)
(1.23456790123 5.18518518519 0.123456790123)
(1.35802469136 5.18518518519 0.123456790123)
(1.48148148148 5.18518518519 0.123456790123)
(1.6049382716 5.18518518519 0.123456790123)
(1.72839506173 5.18518518519 0.123456790123)
(1.85185185185 5.18518518519 0.123456790123)
(1.97530864198 5.18518518519 0.123456790123)
(2.0987654321 5.18518518519 0.123456790123)
(2.22222222222 5.18518518519 0.123456790123)
(2.34567901235 5.18518518519 0.123456790123)
(2.46913580247 5.18518518519 0.123456790123)
(2.59259259259 5.18518518519 0.123456790123)
(2.71604938272 5.18518518519 0.123456790123)
(2.83950617284 5.18518518519 0.123456790123)
(2.96296296296 5.18518518519 0.123456790123)
(3.08641975309 5.18518518519 0.123456790123)
(3.20987654321 5.18518518519 0.123456790123)
(3.33333333333 5.18518518519 0.123456790123)
(3.45679012346 5.18518518519 0.123456790123)
(3.58024691358 5.18518518519 0.123456790123)
(3.7037037037 5.18518518519 0.123456790123)
(3.82716049383 5.18518518519 0.123456790123)
(3.95061728395 5.18518518519 0.123456790123)
(4.07407407407 5.18518518519 0.123456790123)
(4.1975308642 5.18518518519 0.123456790123)
(4.32098765432 5.18518518519 0.123456790123)
(4.44444444444 5.18518518519 0.123456790123)
(4.56790123457 5.18518518519 0.123456790123)
(4.69135802469 5.18518518519 0.123456790123)
(4.81481481481 5.18518518519 0.123456790123)
(4.93827160494 5.18518518519 0.123456790123)
(5.06172839506 5.18518518519 0.123456790123)
(5.18518518519 5.18518518519 0.123456790123)
(5.30864197531 5.18518518519 0.123456790123)
(5.43209876543 5.18518518519 0.123456790123)
(5.55555555556 5.18518518519 0.123456790123)
(5.67901234568 5.18518518519 0.123456790123)
(5.8024691358 5.18518518519 0.123456790123)
(5.92592592593 5.18518518519 0.123456790123)
(6.04938271605 5.18518518519 0.123456790123)
(6.17283950617 5.18518518519 0.123456790123)
(6.2962962963 5.18518518519 0.123456790123)
(6.41975308642 5.18518518519 0.123456790123)
(6.54320987654 5.18518518519 0.123456790123)
(6.66666666667 5.18518518519 0.123456790123)
(6.79012345679 5.18518518519 0.123456790123)
(6.91358024691 5.18518518519 0.123456790123)
(7.03703703704 5.18518518519 0.123456790123)
(7.16049382716 5.18518518519 0.123456790123)
(7.28395061728 5.18518518519 0.123456790123)
(7.40740740741 5.18518518519 0.123456790123)
(7.53086419753 5.18518518519 0.123456790123)
(7.65432098765 5.18518518519 0.123456790123)
(7.77777777778 5.18518518519 0.123456790123)
(7.9012345679 5.18518518519 0.123456790123)
(8.02469135802 5.18518518519 0.123456790123)
(8.14814814815 5.18518518519 0.123456790123)
(8.27160493827 5.18518518519 0.123456790123)
(8.3950617284 5.18518518519 0.123456790123)
(8.51851851852 5.18518518519 0.123456790123)
(8.64197530864 5.18518518519 0.123456790123)
(8.76543209877 5.18518518519 0.123456790123)
(8.88888888889 5.18518518519 0.123456790123)
(9.01234567901 5.18518518519 0.123456790123)
(9.13580246914 5.18518518519 0.123456790123)
(9.25925925926 5.18518518519 0.123456790123)
(9.38271604938 5.18518518519 0.123456790123)
(9.50617283951 5.18518518519 0.123456790123)
(9.62962962963 5.18518518519 0.123456790123)
(9.75308641975 5.18518518519 0.123456790123)
(9.87654320988 5.18518518519 0.123456790123)
(10 5.18518518519 0.123456790123)
(0 5.30864197531 0.123456790123)
(0.123456790123 5.30864197531 0.123456790123)
(0.246913580247 5.30864197531 0.123456790123)
(0.37037037037 5.30864197531 0.123456790123)
(0.493827160494 5.30864197531 0.123456790123)
(0.617283950617 5.30864197531 0.123456790123)
(0.740740740741 5.30864197531 0.123456790123)
(0.864197530864 5.30864197531 0.123456790123)
(0.987654320988 5.30864197531 0.123456790123)
(1.11111111111 5.30864197531 0.123456790123)
(1.23456790123 5.30864197531 0.123456790123)
(1.35802469136 5.30864197531 0.123456790123)
(1.48148148148 5.30864197531 0.123456790123)
(1.6049382716 5.30864197531 0.123456790123)
(1.72839506173 5.30864197531 0.123456790123)
(1.85185185185 5.30864197531 0.123456790123)
(1.97530864198 5.30864197531 0.123456790123)
(2.0987654321 5.30864197531 0.123456790123)
(2.22222222222 5.30864197531 0.123456790123)
(2.34567901235 5.30864197531 0.123456790123)
(2.46913580247 5.30864197531 0.123456790123)
(2.59259259259 5.30864197531 0.123456790123)
(2.71604938272 5.30864197531 0.123456790123)
(2.83950617284 5.30864197531 0.123456790123)
(2.96296296296 5.30864197531 0.123456790123)
(3.08641975309 5.30864197531 0.123456790123)
(3.20987654321 5.30864197531 0.123456790123)
(3.33333333333 5.30864197531 0.123456790123)
(3.45679012346 5.30864197531 0.123456790123)
(3.58024691358 5.30864197531 0.123456790123)
(3.7037037037 5.30864197531 0.123456790123)
(3.82716049383 5.30864197531 0.123456790123)
(3.95061728395 5.30864197531 0.123456790123)
(4.07407407407 5.30864197531 0.123456790123)
(4.1975308642 5.30864197531 0.123456790123)
(4.32098765432 5.30864197531 0.123456790123)
(4.44444444444 5.30864197531 0.123456790123)
(4.56790123457 5.30864197531 0.123456790123)
(4.69135802469 5.30864197531 0.123456790123)
(4.81481481481 5.30864197531 0.123456790123)
(4.93827160494 5.30864197531 0.123456790123)
(5.06172839506 5.30864197531 0.123456790123)
(5.18518518519 5.30864197531 0.123456790123)
(5.30864197531 5.30864197531 0.123456790123)
(5.43209876543 5.30864197531 0.123456790123)
(5.55555555556 5.30864197531 0.123456790123)
(5.67901234568 5.30864197531 0.123456790123)
(5.8024691358 5.30864197531 0.123456790123)
(5.92592592593 5.30864197531 0.123456790123)
(6.04938271605 5.30864197531 0.123456790123)
(6.17283950617 5.30864197531 0.123456790123)
(6.2962962963 5.30864197531 0.123456790123)
(6.41975308642 5.30864197531 0.123456790123)
(6.54320987654 5.30864197531 0.123456790123)
(6.66666666667 5.30864197531 0.123456790123)
(6.79012345679 5.30864197531 0.123456790123)
(6.91358024691 5.30864197531 0.123456790123)
(7.03703703704 5.30864197531 0.123456790123)
(7.16049382716 5.30864197531 0.123456790123)
(7.28395061728 5.30864197531 0.123456790123)
(7.40740740741 5.30864197531 0.123456790123)
(7.53086419753 5.30864197531 0.123456790123)
(7.65432098765 5.30864197531 0.123456790123)
(7.77777777778 5.30864197531 0.123456790123)
(7.9012345679 5.30864197531 0.123456790123)
(8.02469135802 5.30864197531 0.123456790123)
(8.14814814815 5.30864197531 0.123456790123)
(8.27160493827 5.30864197531 0.123456790123)
(8.3950617284 5.30864197531 0.123456790123)
(8.51851851852 5.30864197531 0.123456790123)
(8.64197530864 5.30864197531 0.123456790123)
(8.76543209877 5.30864197531 0.123456790123)
(8.88888888889 5.30864197531 0.123456790123)
(9.01234567901 5.30864197531 0.123456790123)
(9.13580246914 5.30864197531 0.123456790123)
(9.25925925926 5.30864197531 0.123456790123)
(9.38271604938 5.30864197531 0.123456790123)
(9.50617283951 5.30864197531 0.123456790123)
(9.62962962963 5.30864197531 0.123456790123)
(9.75308641975 5.30864197531 0.123456790123)
(9.87654320988 5.30864197531 0.123456790123)
(10 5.30864197531 0.123456790123)
(0 5.43209876543 0.123456790123)
(0.123456790123 5.43209876543 0.123456790123)
(0.246913580247 5.43209876543 0.123456790123)
(0.37037037037 5.43209876543 0.123456790123)
(0.493827160494 5.43209876543 0.123456790123)
(0.617283950617 5.43209876543 0.123456790123)
(0.740740740741 5.43209876543 0.123456790123)
(0.864197530864 5.43209876543 0.123456790123)
(0.987654320988 5.43209876543 0.123456790123)
(1.11111111111 5.43209876543 0.123456790123)
(1.23456790123 5.43209876543 0.123456790123)
(1.35802469136 5.43209876543 0.123456790123)
(1.48148148148 5.43209876543 0.123456790123)
(1.6049382716 5.43209876543 0.123456790123)
(1.72839506173 5.43209876543 0.123456790123)
(1.85185185185 5.43209876543 0.123456790123)
(1.97530864198 5.43209876543 0.123456790123)
(2.0987654321 5.43209876543 0.123456790123)
(2.22222222222 5.43209876543 0.123456790123)
(2.34567901235 5.43209876543 0.123456790123)
(2.46913580247 5.43209876543 0.123456790123)
(2.59259259259 5.43209876543 0.123456790123)
(2.71604938272 5.43209876543 0.123456790123)
(2.83950617284 5.43209876543 0.123456790123)
(2.96296296296 5.43209876543 0.123456790123)
(3.08641975309 5.43209876543 0.123456790123)
(3.20987654321 5.43209876543 0.123456790123)
(3.33333333333 5.43209876543 0.123456790123)
(3.45679012346 5.43209876543 0.123456790123)
(3.58024691358 5.43209876543 0.123456790123)
(3.7037037037 5.43209876543 0.123456790123)
(3.82716049383 5.43209876543 0.123456790123)
(3.95061728395 5.43209876543 0.123456790123)
(4.07407407407 5.43209876543 0.123456790123)
(4.1975308642 5.43209876543 0.123456790123)
(4.32098765432 5.43209876543 0.123456790123)
(4.44444444444 5.43209876543 0.123456790123)
(4.56790123457 5.43209876543 0.123456790123)
(4.69135802469 5.43209876543 0.123456790123)
(4.81481481481 5.43209876543 0.123456790123)
(4.93827160494 5.43209876543 0.123456790123)
(5.06172839506 5.43209876543 0.123456790123)
(5.18518518519 5.43209876543 0.123456790123)
(5.30864197531 5.43209876543 0.123456790123)
(5.43209876543 5.43209876543 0.123456790123)
(5.55555555556 5.43209876543 0.123456790123)
(5.67901234568 5.43209876543 0.123456790123)
(5.8024691358 5.43209876543 0.123456790123)
(5.92592592593 5.43209876543 0.123456790123)
(6.04938271605 5.43209876543 0.123456790123)
(6.17283950617 5.43209876543 0.123456790123)
(6.2962962963 5.43209876543 0.123456790123)
(6.41975308642 5.43209876543 0.123456790123)
(6.54320987654 5.43209876543 0.123456790123)
(6.66666666667 5.43209876543 0.123456790123)
(6.79012345679 5.43209876543 0.123456790123)
(6.91358024691 5.43209876543 0.123456790123)
(7.03703703704 5.43209876543 0.123456790123)
(7.16049382716 5.43209876543 0.123456790123)
(7.28395061728 5.43209876543 0.123456790123)
(7.40740740741 5.43209876543 0.123456790123)
(7.53086419753 5.43209876543 0.123456790123)
(7.65432098765 5.43209876543 0.123456790123)
(7.77777777778 5.43209876543 0.123456790123)
(7.9012345679 5.43209876543 0.123456790123)
(8.02469135802 5.43209876543 0.123456790123)
(8.14814814815 5.43209876543 0.123456790123)
(8.27160493827 5.43209876543 0.123456790123)
(8.3950617284 5.43209876543 0.123456790123)
(8.51851851852 5.43209876543 0.123456790123)
(8.64197530864 5.43209876543 0.123456790123)
(8.76543209877 5.43209876543 0.123456790123)
(8.88888888889 5.43209876543 0.123456790123)
(9.01234567901 5.43209876543 0.123456790123)
(9.13580246914 5.43209876543 0.123456790123)
(9.25925925926 5.43209876543 0.123456790123)
(9.38271604938 5.43209876543 0.123456790123)
(9.50617283951 5.43209876543 0.123456790123)
(9.62962962963 5.43209876543 0.123456790123)
(9.75308641975 5.43209876543 0.123456790123)
(9.87654320988 5.43209876543 0.123456790123)
(10 5.43209876543 0.123456790123)
(0 5.55555555556 0.123456790123)
(0.123456790123 5.55555555556 0.123456790123)
(0.246913580247 5.55555555556 0.123456790123)
(0.37037037037 5.55555555556 0.123456790123)
(0.493827160494 5.55555555556 0.123456790123)
(0.617283950617 5.55555555556 0.123456790123)
(0.740740740741 5.55555555556 0.123456790123)
(0.864197530864 5.55555555556 0.123456790123)
(0.987654320988 5.55555555556 0.123456790123)
(1.11111111111 5.55555555556 0.123456790123)
(1.23456790123 5.55555555556 0.123456790123)
(1.35802469136 5.55555555556 0.123456790123)
(1.48148148148 5.55555555556 0.123456790123)
(1.6049382716 5.55555555556 0.123456790123)
(1.72839506173 5.55555555556 0.123456790123)
(1.85185185185 5.55555555556 0.123456790123)
(1.97530864198 5.55555555556 0.123456790123)
(2.0987654321 5.55555555556 0.123456790123)
(2.22222222222 5.55555555556 0.123456790123)
(2.34567901235 5.55555555556 0.123456790123)
(2.46913580247 5.55555555556 0.123456790123)
(2.59259259259 5.55555555556 0.123456790123)
(2.71604938272 5.55555555556 0.123456790123)
(2.83950617284 5.55555555556 0.123456790123)
(2.96296296296 5.55555555556 0.123456790123)
(3.08641975309 5.55555555556 0.123456790123)
(3.20987654321 5.55555555556 0.123456790123)
(3.33333333333 5.55555555556 0.123456790123)
(3.45679012346 5.55555555556 0.123456790123)
(3.58024691358 5.55555555556 0.123456790123)
(3.7037037037 5.55555555556 0.123456790123)
(3.82716049383 5.55555555556 0.123456790123)
(3.95061728395 5.55555555556 0.123456790123)
(4.07407407407 5.55555555556 0.123456790123)
(4.1975308642 5.55555555556 0.123456790123)
(4.32098765432 5.55555555556 0.123456790123)
(4.44444444444 5.55555555556 0.123456790123)
(4.56790123457 5.55555555556 0.123456790123)
(4.69135802469 5.55555555556 0.123456790123)
(4.81481481481 5.55555555556 0.123456790123)
(4.93827160494 5.55555555556 0.123456790123)
(5.06172839506 5.55555555556 0.123456790123)
(5.18518518519 5.55555555556 0.123456790123)
(5.30864197531 5.55555555556 0.123456790123)
(5.43209876543 5.55555555556 0.123456790123)
(5.55555555556 5.55555555556 0.123456790123)
(5.67901234568 5.55555555556 0.123456790123)
(5.8024691358 5.55555555556 0.123456790123)
(5.92592592593 5.55555555556 0.123456790123)
(6.04938271605 5.55555555556 0.123456790123)
(6.17283950617 5.55555555556 0.123456790123)
(6.2962962963 5.55555555556 0.123456790123)
(6.41975308642 5.55555555556 0.123456790123)
(6.54320987654 5.55555555556 0.123456790123)
(6.66666666667 5.55555555556 0.123456790123)
(6.79012345679 5.55555555556 0.123456790123)
(6.91358024691 5.55555555556 0.123456790123)
(7.03703703704 5.55555555556 0.123456790123)
(7.16049382716 5.55555555556 0.123456790123)
(7.28395061728 5.55555555556 0.123456790123)
(7.40740740741 5.55555555556 0.123456790123)
(7.53086419753 5.55555555556 0.123456790123)
(7.65432098765 5.55555555556 0.123456790123)
(7.77777777778 5.55555555556 0.123456790123)
(7.9012345679 5.55555555556 0.123456790123)
(8.02469135802 5.55555555556 0.123456790123)
(8.14814814815 5.55555555556 0.123456790123)
(8.27160493827 5.55555555556 0.123456790123)
(8.3950617284 5.55555555556 0.123456790123)
(8.51851851852 5.55555555556 0.123456790123)
(8.64197530864 5.55555555556 0.123456790123)
(8.76543209877 5.55555555556 0.123456790123)
(8.88888888889 5.55555555556 0.123456790123)
(9.01234567901 5.55555555556 0.123456790123)
(9.13580246914 5.55555555556 0.123456790123)
(9.25925925926 5.55555555556 0.123456790123)
(9.38271604938 5.55555555556 0.123456790123)
(9.50617283951 5.55555555556 0.123456790123)
(9.62962962963 5.55555555556 0.123456790123)
(9.75308641975 5.55555555556 0.123456790123)
(9.87654320988 5.55555555556 0.123456790123)
(10 5.55555555556 0.123456790123)
(0 5.67901234568 0.123456790123)
(0.123456790123 5.67901234568 0.123456790123)
(0.246913580247 5.67901234568 0.123456790123)
(0.37037037037 5.67901234568 0.123456790123)
(0.493827160494 5.67901234568 0.123456790123)
(0.617283950617 5.67901234568 0.123456790123)
(0.740740740741 5.67901234568 0.123456790123)
(0.864197530864 5.67901234568 0.123456790123)
(0.987654320988 5.67901234568 0.123456790123)
(1.11111111111 5.67901234568 0.123456790123)
(1.23456790123 5.67901234568 0.123456790123)
(1.35802469136 5.67901234568 0.123456790123)
(1.48148148148 5.67901234568 0.123456790123)
(1.6049382716 5.67901234568 0.123456790123)
(1.72839506173 5.67901234568 0.123456790123)
(1.85185185185 5.67901234568 0.123456790123)
(1.97530864198 5.67901234568 0.123456790123)
(2.0987654321 5.67901234568 0.123456790123)
(2.22222222222 5.67901234568 0.123456790123)
(2.34567901235 5.67901234568 0.123456790123)
(2.46913580247 5.67901234568 0.123456790123)
(2.59259259259 5.67901234568 0.123456790123)
(2.71604938272 5.67901234568 0.123456790123)
(2.83950617284 5.67901234568 0.123456790123)
(2.96296296296 5.67901234568 0.123456790123)
(3.08641975309 5.67901234568 0.123456790123)
(3.20987654321 5.67901234568 0.123456790123)
(3.33333333333 5.67901234568 0.123456790123)
(3.45679012346 5.67901234568 0.123456790123)
(3.58024691358 5.67901234568 0.123456790123)
(3.7037037037 5.67901234568 0.123456790123)
(3.82716049383 5.67901234568 0.123456790123)
(3.95061728395 5.67901234568 0.123456790123)
(4.07407407407 5.67901234568 0.123456790123)
(4.1975308642 5.67901234568 0.123456790123)
(4.32098765432 5.67901234568 0.123456790123)
(4.44444444444 5.67901234568 0.123456790123)
(4.56790123457 5.67901234568 0.123456790123)
(4.69135802469 5.67901234568 0.123456790123)
(4.81481481481 5.67901234568 0.123456790123)
(4.93827160494 5.67901234568 0.123456790123)
(5.06172839506 5.67901234568 0.123456790123)
(5.18518518519 5.67901234568 0.123456790123)
(5.30864197531 5.67901234568 0.123456790123)
(5.43209876543 5.67901234568 0.123456790123)
(5.55555555556 5.67901234568 0.123456790123)
(5.67901234568 5.67901234568 0.123456790123)
(5.8024691358 5.67901234568 0.123456790123)
(5.92592592593 5.67901234568 0.123456790123)
(6.04938271605 5.67901234568 0.123456790123)
(6.17283950617 5.67901234568 0.123456790123)
(6.2962962963 5.67901234568 0.123456790123)
(6.41975308642 5.67901234568 0.123456790123)
(6.54320987654 5.67901234568 0.123456790123)
(6.66666666667 5.67901234568 0.123456790123)
(6.79012345679 5.67901234568 0.123456790123)
(6.91358024691 5.67901234568 0.123456790123)
(7.03703703704 5.67901234568 0.123456790123)
(7.16049382716 5.67901234568 0.123456790123)
(7.28395061728 5.67901234568 0.123456790123)
(7.40740740741 5.67901234568 0.123456790123)
(7.53086419753 5.67901234568 0.123456790123)
(7.65432098765 5.67901234568 0.123456790123)
(7.77777777778 5.67901234568 0.123456790123)
(7.9012345679 5.67901234568 0.123456790123)
(8.02469135802 5.67901234568 0.123456790123)
(8.14814814815 5.67901234568 0.123456790123)
(8.27160493827 5.67901234568 0.123456790123)
(8.3950617284 5.67901234568 0.123456790123)
(8.51851851852 5.67901234568 0.123456790123)
(8.64197530864 5.67901234568 0.123456790123)
(8.76543209877 5.67901234568 0.123456790123)
(8.88888888889 5.67901234568 0.123456790123)
(9.01234567901 5.67901234568 0.123456790123)
(9.13580246914 5.67901234568 0.123456790123)
(9.25925925926 5.67901234568 0.123456790123)
(9.38271604938 5.67901234568 0.123456790123)
(9.50617283951 5.67901234568 0.123456790123)
(9.62962962963 5.67901234568 0.123456790123)
(9.75308641975 5.67901234568 0.123456790123)
(9.87654320988 5.67901234568 0.123456790123)
(10 5.67901234568 0.123456790123)
(0 5.8024691358 0.123456790123)
(0.123456790123 5.8024691358 0.123456790123)
(0.246913580247 5.8024691358 0.123456790123)
(0.37037037037 5.8024691358 0.123456790123)
(0.493827160494 5.8024691358 0.123456790123)
(0.617283950617 5.8024691358 0.123456790123)
(0.740740740741 5.8024691358 0.123456790123)
(0.864197530864 5.8024691358 0.123456790123)
(0.987654320988 5.8024691358 0.123456790123)
(1.11111111111 5.8024691358 0.123456790123)
(1.23456790123 5.8024691358 0.123456790123)
(1.35802469136 5.8024691358 0.123456790123)
(1.48148148148 5.8024691358 0.123456790123)
(1.6049382716 5.8024691358 0.123456790123)
(1.72839506173 5.8024691358 0.123456790123)
(1.85185185185 5.8024691358 0.123456790123)
(1.97530864198 5.8024691358 0.123456790123)
(2.0987654321 5.8024691358 0.123456790123)
(2.22222222222 5.8024691358 0.123456790123)
(2.34567901235 5.8024691358 0.123456790123)
(2.46913580247 5.8024691358 0.123456790123)
(2.59259259259 5.8024691358 0.123456790123)
(2.71604938272 5.8024691358 0.123456790123)
(2.83950617284 5.8024691358 0.123456790123)
(2.96296296296 5.8024691358 0.123456790123)
(3.08641975309 5.8024691358 0.123456790123)
(3.20987654321 5.8024691358 0.123456790123)
(3.33333333333 5.8024691358 0.123456790123)
(3.45679012346 5.8024691358 0.123456790123)
(3.58024691358 5.8024691358 0.123456790123)
(3.7037037037 5.8024691358 0.123456790123)
(3.82716049383 5.8024691358 0.123456790123)
(3.95061728395 5.8024691358 0.123456790123)
(4.07407407407 5.8024691358 0.123456790123)
(4.1975308642 5.8024691358 0.123456790123)
(4.32098765432 5.8024691358 0.123456790123)
(4.44444444444 5.8024691358 0.123456790123)
(4.56790123457 5.8024691358 0.123456790123)
(4.69135802469 5.8024691358 0.123456790123)
(4.81481481481 5.8024691358 0.123456790123)
(4.93827160494 5.8024691358 0.123456790123)
(5.06172839506 5.8024691358 0.123456790123)
(5.18518518519 5.8024691358 0.123456790123)
(5.30864197531 5.8024691358 0.123456790123)
(5.43209876543 5.8024691358 0.123456790123)
(5.55555555556 5.8024691358 0.123456790123)
(5.67901234568 5.8024691358 0.123456790123)
(5.8024691358 5.8024691358 0.123456790123)
(5.92592592593 5.8024691358 0.123456790123)
(6.04938271605 5.8024691358 0.123456790123)
(6.17283950617 5.8024691358 0.123456790123)
(6.2962962963 5.8024691358 0.123456790123)
(6.41975308642 5.8024691358 0.123456790123)
(6.54320987654 5.8024691358 0.123456790123)
(6.66666666667 5.8024691358 0.123456790123)
(6.79012345679 5.8024691358 0.123456790123)
(6.91358024691 5.8024691358 0.123456790123)
(7.03703703704 5.8024691358 0.123456790123)
(7.16049382716 5.8024691358 0.123456790123)
(7.28395061728 5.8024691358 0.123456790123)
(7.40740740741 5.8024691358 0.123456790123)
(7.53086419753 5.8024691358 0.123456790123)
(7.65432098765 5.8024691358 0.123456790123)
(7.77777777778 5.8024691358 0.123456790123)
(7.9012345679 5.8024691358 0.123456790123)
(8.02469135802 5.8024691358 0.123456790123)
(8.14814814815 5.8024691358 0.123456790123)
(8.27160493827 5.8024691358 0.123456790123)
(8.3950617284 5.8024691358 0.123456790123)
(8.51851851852 5.8024691358 0.123456790123)
(8.64197530864 5.8024691358 0.123456790123)
(8.76543209877 5.8024691358 0.123456790123)
(8.88888888889 5.8024691358 0.123456790123)
(9.01234567901 5.8024691358 0.123456790123)
(9.13580246914 5.8024691358 0.123456790123)
(9.25925925926 5.8024691358 0.123456790123)
(9.38271604938 5.8024691358 0.123456790123)
(9.50617283951 5.8024691358 0.123456790123)
(9.62962962963 5.8024691358 0.123456790123)
(9.75308641975 5.8024691358 0.123456790123)
(9.87654320988 5.8024691358 0.123456790123)
(10 5.8024691358 0.123456790123)
(0 5.92592592593 0.123456790123)
(0.123456790123 5.92592592593 0.123456790123)
(0.246913580247 5.92592592593 0.123456790123)
(0.37037037037 5.92592592593 0.123456790123)
(0.493827160494 5.92592592593 0.123456790123)
(0.617283950617 5.92592592593 0.123456790123)
(0.740740740741 5.92592592593 0.123456790123)
(0.864197530864 5.92592592593 0.123456790123)
(0.987654320988 5.92592592593 0.123456790123)
(1.11111111111 5.92592592593 0.123456790123)
(1.23456790123 5.92592592593 0.123456790123)
(1.35802469136 5.92592592593 0.123456790123)
(1.48148148148 5.92592592593 0.123456790123)
(1.6049382716 5.92592592593 0.123456790123)
(1.72839506173 5.92592592593 0.123456790123)
(1.85185185185 5.92592592593 0.123456790123)
(1.97530864198 5.92592592593 0.123456790123)
(2.0987654321 5.92592592593 0.123456790123)
(2.22222222222 5.92592592593 0.123456790123)
(2.34567901235 5.92592592593 0.123456790123)
(2.46913580247 5.92592592593 0.123456790123)
(2.59259259259 5.92592592593 0.123456790123)
(2.71604938272 5.92592592593 0.123456790123)
(2.83950617284 5.92592592593 0.123456790123)
(2.96296296296 5.92592592593 0.123456790123)
(3.08641975309 5.92592592593 0.123456790123)
(3.20987654321 5.92592592593 0.123456790123)
(3.33333333333 5.92592592593 0.123456790123)
(3.45679012346 5.92592592593 0.123456790123)
(3.58024691358 5.92592592593 0.123456790123)
(3.7037037037 5.92592592593 0.123456790123)
(3.82716049383 5.92592592593 0.123456790123)
(3.95061728395 5.92592592593 0.123456790123)
(4.07407407407 5.92592592593 0.123456790123)
(4.1975308642 5.92592592593 0.123456790123)
(4.32098765432 5.92592592593 0.123456790123)
(4.44444444444 5.92592592593 0.123456790123)
(4.56790123457 5.92592592593 0.123456790123)
(4.69135802469 5.92592592593 0.123456790123)
(4.81481481481 5.92592592593 0.123456790123)
(4.93827160494 5.92592592593 0.123456790123)
(5.06172839506 5.92592592593 0.123456790123)
(5.18518518519 5.92592592593 0.123456790123)
(5.30864197531 5.92592592593 0.123456790123)
(5.43209876543 5.92592592593 0.123456790123)
(5.55555555556 5.92592592593 0.123456790123)
(5.67901234568 5.92592592593 0.123456790123)
(5.8024691358 5.92592592593 0.123456790123)
(5.92592592593 5.92592592593 0.123456790123)
(6.04938271605 5.92592592593 0.123456790123)
(6.17283950617 5.92592592593 0.123456790123)
(6.2962962963 5.92592592593 0.123456790123)
(6.41975308642 5.92592592593 0.123456790123)
(6.54320987654 5.92592592593 0.123456790123)
(6.66666666667 5.92592592593 0.123456790123)
(6.79012345679 5.92592592593 0.123456790123)
(6.91358024691 5.92592592593 0.123456790123)
(7.03703703704 5.92592592593 0.123456790123)
(7.16049382716 5.92592592593 0.123456790123)
(7.28395061728 5.92592592593 0.123456790123)
(7.40740740741 5.92592592593 0.123456790123)
(7.53086419753 5.92592592593 0.123456790123)
(7.65432098765 5.92592592593 0.123456790123)
(7.77777777778 5.92592592593 0.123456790123)
(7.9012345679 5.92592592593 0.123456790123)
(8.02469135802 5.92592592593 0.123456790123)
(8.14814814815 5.92592592593 0.123456790123)
(8.27160493827 5.92592592593 0.123456790123)
(8.3950617284 5.92592592593 0.123456790123)
(8.51851851852 5.92592592593 0.123456790123)
(8.64197530864 5.92592592593 0.123456790123)
(8.76543209877 5.92592592593 0.123456790123)
(8.88888888889 5.92592592593 0.123456790123)
(9.01234567901 5.92592592593 0.123456790123)
(9.13580246914 5.92592592593 0.123456790123)
(9.25925925926 5.92592592593 0.123456790123)
(9.38271604938 5.92592592593 0.123456790123)
(9.50617283951 5.92592592593 0.123456790123)
(9.62962962963 5.92592592593 0.123456790123)
(9.75308641975 5.92592592593 0.123456790123)
(9.87654320988 5.92592592593 0.123456790123)
(10 5.92592592593 0.123456790123)
(0 6.04938271605 0.123456790123)
(0.123456790123 6.04938271605 0.123456790123)
(0.246913580247 6.04938271605 0.123456790123)
(0.37037037037 6.04938271605 0.123456790123)
(0.493827160494 6.04938271605 0.123456790123)
(0.617283950617 6.04938271605 0.123456790123)
(0.740740740741 6.04938271605 0.123456790123)
(0.864197530864 6.04938271605 0.123456790123)
(0.987654320988 6.04938271605 0.123456790123)
(1.11111111111 6.04938271605 0.123456790123)
(1.23456790123 6.04938271605 0.123456790123)
(1.35802469136 6.04938271605 0.123456790123)
(1.48148148148 6.04938271605 0.123456790123)
(1.6049382716 6.04938271605 0.123456790123)
(1.72839506173 6.04938271605 0.123456790123)
(1.85185185185 6.04938271605 0.123456790123)
(1.97530864198 6.04938271605 0.123456790123)
(2.0987654321 6.04938271605 0.123456790123)
(2.22222222222 6.04938271605 0.123456790123)
(2.34567901235 6.04938271605 0.123456790123)
(2.46913580247 6.04938271605 0.123456790123)
(2.59259259259 6.04938271605 0.123456790123)
(2.71604938272 6.04938271605 0.123456790123)
(2.83950617284 6.04938271605 0.123456790123)
(2.96296296296 6.04938271605 0.123456790123)
(3.08641975309 6.04938271605 0.123456790123)
(3.20987654321 6.04938271605 0.123456790123)
(3.33333333333 6.04938271605 0.123456790123)
(3.45679012346 6.04938271605 0.123456790123)
(3.58024691358 6.04938271605 0.123456790123)
(3.7037037037 6.04938271605 0.123456790123)
(3.82716049383 6.04938271605 0.123456790123)
(3.95061728395 6.04938271605 0.123456790123)
(4.07407407407 6.04938271605 0.123456790123)
(4.1975308642 6.04938271605 0.123456790123)
(4.32098765432 6.04938271605 0.123456790123)
(4.44444444444 6.04938271605 0.123456790123)
(4.56790123457 6.04938271605 0.123456790123)
(4.69135802469 6.04938271605 0.123456790123)
(4.81481481481 6.04938271605 0.123456790123)
(4.93827160494 6.04938271605 0.123456790123)
(5.06172839506 6.04938271605 0.123456790123)
(5.18518518519 6.04938271605 0.123456790123)
(5.30864197531 6.04938271605 0.123456790123)
(5.43209876543 6.04938271605 0.123456790123)
(5.55555555556 6.04938271605 0.123456790123)
(5.67901234568 6.04938271605 0.123456790123)
(5.8024691358 6.04938271605 0.123456790123)
(5.92592592593 6.04938271605 0.123456790123)
(6.04938271605 6.04938271605 0.123456790123)
(6.17283950617 6.04938271605 0.123456790123)
(6.2962962963 6.04938271605 0.123456790123)
(6.41975308642 6.04938271605 0.123456790123)
(6.54320987654 6.04938271605 0.123456790123)
(6.66666666667 6.04938271605 0.123456790123)
(6.79012345679 6.04938271605 0.123456790123)
(6.91358024691 6.04938271605 0.123456790123)
(7.03703703704 6.04938271605 0.123456790123)
(7.16049382716 6.04938271605 0.123456790123)
(7.28395061728 6.04938271605 0.123456790123)
(7.40740740741 6.04938271605 0.123456790123)
(7.53086419753 6.04938271605 0.123456790123)
(7.65432098765 6.04938271605 0.123456790123)
(7.77777777778 6.04938271605 0.123456790123)
(7.9012345679 6.04938271605 0.123456790123)
(8.02469135802 6.04938271605 0.123456790123)
(8.14814814815 6.04938271605 0.123456790123)
(8.27160493827 6.04938271605 0.123456790123)
(8.3950617284 6.04938271605 0.123456790123)
(8.51851851852 6.04938271605 0.123456790123)
(8.64197530864 6.04938271605 0.123456790123)
(8.76543209877 6.04938271605 0.123456790123)
(8.88888888889 6.04938271605 0.123456790123)
(9.01234567901 6.04938271605 0.123456790123)
(9.13580246914 6.04938271605 0.123456790123)
(9.25925925926 6.04938271605 0.123456790123)
(9.38271604938 6.04938271605 0.123456790123)
(9.50617283951 6.04938271605 0.123456790123)
(9.62962962963 6.04938271605 0.123456790123)
(9.75308641975 6.04938271605 0.123456790123)
(9.87654320988 6.04938271605 0.123456790123)
(10 6.04938271605 0.123456790123)
(0 6.17283950617 0.123456790123)
(0.123456790123 6.17283950617 0.123456790123)
(0.246913580247 6.17283950617 0.123456790123)
(0.37037037037 6.17283950617 0.123456790123)
(0.493827160494 6.17283950617 0.123456790123)
(0.617283950617 6.17283950617 0.123456790123)
(0.740740740741 6.17283950617 0.123456790123)
(0.864197530864 6.17283950617 0.123456790123)
(0.987654320988 6.17283950617 0.123456790123)
(1.11111111111 6.17283950617 0.123456790123)
(1.23456790123 6.17283950617 0.123456790123)
(1.35802469136 6.17283950617 0.123456790123)
(1.48148148148 6.17283950617 0.123456790123)
(1.6049382716 6.17283950617 0.123456790123)
(1.72839506173 6.17283950617 0.123456790123)
(1.85185185185 6.17283950617 0.123456790123)
(1.97530864198 6.17283950617 0.123456790123)
(2.0987654321 6.17283950617 0.123456790123)
(2.22222222222 6.17283950617 0.123456790123)
(2.34567901235 6.17283950617 0.123456790123)
(2.46913580247 6.17283950617 0.123456790123)
(2.59259259259 6.17283950617 0.123456790123)
(2.71604938272 6.17283950617 0.123456790123)
(2.83950617284 6.17283950617 0.123456790123)
(2.96296296296 6.17283950617 0.123456790123)
(3.08641975309 6.17283950617 0.123456790123)
(3.20987654321 6.17283950617 0.123456790123)
(3.33333333333 6.17283950617 0.123456790123)
(3.45679012346 6.17283950617 0.123456790123)
(3.58024691358 6.17283950617 0.123456790123)
(3.7037037037 6.17283950617 0.123456790123)
(3.82716049383 6.17283950617 0.123456790123)
(3.95061728395 6.17283950617 0.123456790123)
(4.07407407407 6.17283950617 0.123456790123)
(4.1975308642 6.17283950617 0.123456790123)
(4.32098765432 6.17283950617 0.123456790123)
(4.44444444444 6.17283950617 0.123456790123)
(4.56790123457 6.17283950617 0.123456790123)
(4.69135802469 6.17283950617 0.123456790123)
(4.81481481481 6.17283950617 0.123456790123)
(4.93827160494 6.17283950617 0.123456790123)
(5.06172839506 6.17283950617 0.123456790123)
(5.18518518519 6.17283950617 0.123456790123)
(5.30864197531 6.17283950617 0.123456790123)
(5.43209876543 6.17283950617 0.123456790123)
(5.55555555556 6.17283950617 0.123456790123)
(5.67901234568 6.17283950617 0.123456790123)
(5.8024691358 6.17283950617 0.123456790123)
(5.92592592593 6.17283950617 0.123456790123)
(6.04938271605 6.17283950617 0.123456790123)
(6.17283950617 6.17283950617 0.123456790123)
(6.2962962963 6.17283950617 0.123456790123)
(6.41975308642 6.17283950617 0.123456790123)
(6.54320987654 6.17283950617 0.123456790123)
(6.66666666667 6.17283950617 0.123456790123)
(6.79012345679 6.17283950617 0.123456790123)
(6.91358024691 6.17283950617 0.123456790123)
(7.03703703704 6.17283950617 0.123456790123)
(7.16049382716 6.17283950617 0.123456790123)
(7.28395061728 6.17283950617 0.123456790123)
(7.40740740741 6.17283950617 0.123456790123)
(7.53086419753 6.17283950617 0.123456790123)
(7.65432098765 6.17283950617 0.123456790123)
(7.77777777778 6.17283950617 0.123456790123)
(7.9012345679 6.17283950617 0.123456790123)
(8.02469135802 6.17283950617 0.123456790123)
(8.14814814815 6.17283950617 0.123456790123)
(8.27160493827 6.17283950617 0.123456790123)
(8.3950617284 6.17283950617 0.123456790123)
(8.51851851852 6.17283950617 0.123456790123)
(8.64197530864 6.17283950617 0.123456790123)
(8.76543209877 6.17283950617 0.123456790123)
(8.88888888889 6.17283950617 0.123456790123)
(9.01234567901 6.17283950617 0.123456790123)
(9.13580246914 6.17283950617 0.123456790123)
(9.25925925926 6.17283950617 0.123456790123)
(9.38271604938 6.17283950617 0.123456790123)
(9.50617283951 6.17283950617 0.123456790123)
(9.62962962963 6.17283950617 0.123456790123)
(9.75308641975 6.17283950617 0.123456790123)
(9.87654320988 6.17283950617 0.123456790123)
(10 6.17283950617 0.123456790123)
(0 6.2962962963 0.123456790123)
(0.123456790123 6.2962962963 0.123456790123)
(0.246913580247 6.2962962963 0.123456790123)
(0.37037037037 6.2962962963 0.123456790123)
(0.493827160494 6.2962962963 0.123456790123)
(0.617283950617 6.2962962963 0.123456790123)
(0.740740740741 6.2962962963 0.123456790123)
(0.864197530864 6.2962962963 0.123456790123)
(0.987654320988 6.2962962963 0.123456790123)
(1.11111111111 6.2962962963 0.123456790123)
(1.23456790123 6.2962962963 0.123456790123)
(1.35802469136 6.2962962963 0.123456790123)
(1.48148148148 6.2962962963 0.123456790123)
(1.6049382716 6.2962962963 0.123456790123)
(1.72839506173 6.2962962963 0.123456790123)
(1.85185185185 6.2962962963 0.123456790123)
(1.97530864198 6.2962962963 0.123456790123)
(2.0987654321 6.2962962963 0.123456790123)
(2.22222222222 6.2962962963 0.123456790123)
(2.34567901235 6.2962962963 0.123456790123)
(2.46913580247 6.2962962963 0.123456790123)
(2.59259259259 6.2962962963 0.123456790123)
(2.71604938272 6.2962962963 0.123456790123)
(2.83950617284 6.2962962963 0.123456790123)
(2.96296296296 6.2962962963 0.123456790123)
(3.08641975309 6.2962962963 0.123456790123)
(3.20987654321 6.2962962963 0.123456790123)
(3.33333333333 6.2962962963 0.123456790123)
(3.45679012346 6.2962962963 0.123456790123)
(3.58024691358 6.2962962963 0.123456790123)
(3.7037037037 6.2962962963 0.123456790123)
(3.82716049383 6.2962962963 0.123456790123)
(3.95061728395 6.2962962963 0.123456790123)
(4.07407407407 6.2962962963 0.123456790123)
(4.1975308642 6.2962962963 0.123456790123)
(4.32098765432 6.2962962963 0.123456790123)
(4.44444444444 6.2962962963 0.123456790123)
(4.56790123457 6.2962962963 0.123456790123)
(4.69135802469 6.2962962963 0.123456790123)
(4.81481481481 6.2962962963 0.123456790123)
(4.93827160494 6.2962962963 0.123456790123)
(5.06172839506 6.2962962963 0.123456790123)
(5.18518518519 6.2962962963 0.123456790123)
(5.30864197531 6.2962962963 0.123456790123)
(5.43209876543 6.2962962963 0.123456790123)
(5.55555555556 6.2962962963 0.123456790123)
(5.67901234568 6.2962962963 0.123456790123)
(5.8024691358 6.2962962963 0.123456790123)
(5.92592592593 6.2962962963 0.123456790123)
(6.04938271605 6.2962962963 0.123456790123)
(6.17283950617 6.2962962963 0.123456790123)
(6.2962962963 6.2962962963 0.123456790123)
(6.41975308642 6.2962962963 0.123456790123)
(6.54320987654 6.2962962963 0.123456790123)
(6.66666666667 6.2962962963 0.123456790123)
(6.79012345679 6.2962962963 0.123456790123)
(6.91358024691 6.2962962963 0.123456790123)
(7.03703703704 6.2962962963 0.123456790123)
(7.16049382716 6.2962962963 0.123456790123)
(7.28395061728 6.2962962963 0.123456790123)
(7.40740740741 6.2962962963 0.123456790123)
(7.53086419753 6.2962962963 0.123456790123)
(7.65432098765 6.2962962963 0.123456790123)
(7.77777777778 6.2962962963 0.123456790123)
(7.9012345679 6.2962962963 0.123456790123)
(8.02469135802 6.2962962963 0.123456790123)
(8.14814814815 6.2962962963 0.123456790123)
(8.27160493827 6.2962962963 0.123456790123)
(8.3950617284 6.2962962963 0.123456790123)
(8.51851851852 6.2962962963 0.123456790123)
(8.64197530864 6.2962962963 0.123456790123)
(8.76543209877 6.2962962963 0.123456790123)
(8.88888888889 6.2962962963 0.123456790123)
(9.01234567901 6.2962962963 0.123456790123)
(9.13580246914 6.2962962963 0.123456790123)
(9.25925925926 6.2962962963 0.123456790123)
(9.38271604938 6.2962962963 0.123456790123)
(9.50617283951 6.2962962963 0.123456790123)
(9.62962962963 6.2962962963 0.123456790123)
(9.75308641975 6.2962962963 0.123456790123)
(9.87654320988 6.2962962963 0.123456790123)
(10 6.2962962963 0.123456790123)
(0 6.41975308642 0.123456790123)
(0.123456790123 6.41975308642 0.123456790123)
(0.246913580247 6.41975308642 0.123456790123)
(0.37037037037 6.41975308642 0.123456790123)
(0.493827160494 6.41975308642 0.123456790123)
(0.617283950617 6.41975308642 0.123456790123)
(0.740740740741 6.41975308642 0.123456790123)
(0.864197530864 6.41975308642 0.123456790123)
(0.987654320988 6.41975308642 0.123456790123)
(1.11111111111 6.41975308642 0.123456790123)
(1.23456790123 6.41975308642 0.123456790123)
(1.35802469136 6.41975308642 0.123456790123)
(1.48148148148 6.41975308642 0.123456790123)
(1.6049382716 6.41975308642 0.123456790123)
(1.72839506173 6.41975308642 0.123456790123)
(1.85185185185 6.41975308642 0.123456790123)
(1.97530864198 6.41975308642 0.123456790123)
(2.0987654321 6.41975308642 0.123456790123)
(2.22222222222 6.41975308642 0.123456790123)
(2.34567901235 6.41975308642 0.123456790123)
(2.46913580247 6.41975308642 0.123456790123)
(2.59259259259 6.41975308642 0.123456790123)
(2.71604938272 6.41975308642 0.123456790123)
(2.83950617284 6.41975308642 0.123456790123)
(2.96296296296 6.41975308642 0.123456790123)
(3.08641975309 6.41975308642 0.123456790123)
(3.20987654321 6.41975308642 0.123456790123)
(3.33333333333 6.41975308642 0.123456790123)
(3.45679012346 6.41975308642 0.123456790123)
(3.58024691358 6.41975308642 0.123456790123)
(3.7037037037 6.41975308642 0.123456790123)
(3.82716049383 6.41975308642 0.123456790123)
(3.95061728395 6.41975308642 0.123456790123)
(4.07407407407 6.41975308642 0.123456790123)
(4.1975308642 6.41975308642 0.123456790123)
(4.32098765432 6.41975308642 0.123456790123)
(4.44444444444 6.41975308642 0.123456790123)
(4.56790123457 6.41975308642 0.123456790123)
(4.69135802469 6.41975308642 0.123456790123)
(4.81481481481 6.41975308642 0.123456790123)
(4.93827160494 6.41975308642 0.123456790123)
(5.06172839506 6.41975308642 0.123456790123)
(5.18518518519 6.41975308642 0.123456790123)
(5.30864197531 6.41975308642 0.123456790123)
(5.43209876543 6.41975308642 0.123456790123)
(5.55555555556 6.41975308642 0.123456790123)
(5.67901234568 6.41975308642 0.123456790123)
(5.8024691358 6.41975308642 0.123456790123)
(5.92592592593 6.41975308642 0.123456790123)
(6.04938271605 6.41975308642 0.123456790123)
(6.17283950617 6.41975308642 0.123456790123)
(6.2962962963 6.41975308642 0.123456790123)
(6.41975308642 6.41975308642 0.123456790123)
(6.54320987654 6.41975308642 0.123456790123)
(6.66666666667 6.41975308642 0.123456790123)
(6.79012345679 6.41975308642 0.123456790123)
(6.91358024691 6.41975308642 0.123456790123)
(7.03703703704 6.41975308642 0.123456790123)
(7.16049382716 6.41975308642 0.123456790123)
(7.28395061728 6.41975308642 0.123456790123)
(7.40740740741 6.41975308642 0.123456790123)
(7.53086419753 6.41975308642 0.123456790123)
(7.65432098765 6.41975308642 0.123456790123)
(7.77777777778 6.41975308642 0.123456790123)
(7.9012345679 6.41975308642 0.123456790123)
(8.02469135802 6.41975308642 0.123456790123)
(8.14814814815 6.41975308642 0.123456790123)
(8.27160493827 6.41975308642 0.123456790123)
(8.3950617284 6.41975308642 0.123456790123)
(8.51851851852 6.41975308642 0.123456790123)
(8.64197530864 6.41975308642 0.123456790123)
(8.76543209877 6.41975308642 0.123456790123)
(8.88888888889 6.41975308642 0.123456790123)
(9.01234567901 6.41975308642 0.123456790123)
(9.13580246914 6.41975308642 0.123456790123)
(9.25925925926 6.41975308642 0.123456790123)
(9.38271604938 6.41975308642 0.123456790123)
(9.50617283951 6.41975308642 0.123456790123)
(9.62962962963 6.41975308642 0.123456790123)
(9.75308641975 6.41975308642 0.123456790123)
(9.87654320988 6.41975308642 0.123456790123)
(10 6.41975308642 0.123456790123)
(0 6.54320987654 0.123456790123)
(0.123456790123 6.54320987654 0.123456790123)
(0.246913580247 6.54320987654 0.123456790123)
(0.37037037037 6.54320987654 0.123456790123)
(0.493827160494 6.54320987654 0.123456790123)
(0.617283950617 6.54320987654 0.123456790123)
(0.740740740741 6.54320987654 0.123456790123)
(0.864197530864 6.54320987654 0.123456790123)
(0.987654320988 6.54320987654 0.123456790123)
(1.11111111111 6.54320987654 0.123456790123)
(1.23456790123 6.54320987654 0.123456790123)
(1.35802469136 6.54320987654 0.123456790123)
(1.48148148148 6.54320987654 0.123456790123)
(1.6049382716 6.54320987654 0.123456790123)
(1.72839506173 6.54320987654 0.123456790123)
(1.85185185185 6.54320987654 0.123456790123)
(1.97530864198 6.54320987654 0.123456790123)
(2.0987654321 6.54320987654 0.123456790123)
(2.22222222222 6.54320987654 0.123456790123)
(2.34567901235 6.54320987654 0.123456790123)
(2.46913580247 6.54320987654 0.123456790123)
(2.59259259259 6.54320987654 0.123456790123)
(2.71604938272 6.54320987654 0.123456790123)
(2.83950617284 6.54320987654 0.123456790123)
(2.96296296296 6.54320987654 0.123456790123)
(3.08641975309 6.54320987654 0.123456790123)
(3.20987654321 6.54320987654 0.123456790123)
(3.33333333333 6.54320987654 0.123456790123)
(3.45679012346 6.54320987654 0.123456790123)
(3.58024691358 6.54320987654 0.123456790123)
(3.7037037037 6.54320987654 0.123456790123)
(3.82716049383 6.54320987654 0.123456790123)
(3.95061728395 6.54320987654 0.123456790123)
(4.07407407407 6.54320987654 0.123456790123)
(4.1975308642 6.54320987654 0.123456790123)
(4.32098765432 6.54320987654 0.123456790123)
(4.44444444444 6.54320987654 0.123456790123)
(4.56790123457 6.54320987654 0.123456790123)
(4.69135802469 6.54320987654 0.123456790123)
(4.81481481481 6.54320987654 0.123456790123)
(4.93827160494 6.54320987654 0.123456790123)
(5.06172839506 6.54320987654 0.123456790123)
(5.18518518519 6.54320987654 0.123456790123)
(5.30864197531 6.54320987654 0.123456790123)
(5.43209876543 6.54320987654 0.123456790123)
(5.55555555556 6.54320987654 0.123456790123)
(5.67901234568 6.54320987654 0.123456790123)
(5.8024691358 6.54320987654 0.123456790123)
(5.92592592593 6.54320987654 0.123456790123)
(6.04938271605 6.54320987654 0.123456790123)
(6.17283950617 6.54320987654 0.123456790123)
(6.2962962963 6.54320987654 0.123456790123)
(6.41975308642 6.54320987654 0.123456790123)
(6.54320987654 6.54320987654 0.123456790123)
(6.66666666667 6.54320987654 0.123456790123)
(6.79012345679 6.54320987654 0.123456790123)
(6.91358024691 6.54320987654 0.123456790123)
(7.03703703704 6.54320987654 0.123456790123)
(7.16049382716 6.54320987654 0.123456790123)
(7.28395061728 6.54320987654 0.123456790123)
(7.40740740741 6.54320987654 0.123456790123)
(7.53086419753 6.54320987654 0.123456790123)
(7.65432098765 6.54320987654 0.123456790123)
(7.77777777778 6.54320987654 0.123456790123)
(7.9012345679 6.54320987654 0.123456790123)
(8.02469135802 6.54320987654 0.123456790123)
(8.14814814815 6.54320987654 0.123456790123)
(8.27160493827 6.54320987654 0.123456790123)
(8.3950617284 6.54320987654 0.123456790123)
(8.51851851852 6.54320987654 0.123456790123)
(8.64197530864 6.54320987654 0.123456790123)
(8.76543209877 6.54320987654 0.123456790123)
(8.88888888889 6.54320987654 0.123456790123)
(9.01234567901 6.54320987654 0.123456790123)
(9.13580246914 6.54320987654 0.123456790123)
(9.25925925926 6.54320987654 0.123456790123)
(9.38271604938 6.54320987654 0.123456790123)
(9.50617283951 6.54320987654 0.123456790123)
(9.62962962963 6.54320987654 0.123456790123)
(9.75308641975 6.54320987654 0.123456790123)
(9.87654320988 6.54320987654 0.123456790123)
(10 6.54320987654 0.123456790123)
(0 6.66666666667 0.123456790123)
(0.123456790123 6.66666666667 0.123456790123)
(0.246913580247 6.66666666667 0.123456790123)
(0.37037037037 6.66666666667 0.123456790123)
(0.493827160494 6.66666666667 0.123456790123)
(0.617283950617 6.66666666667 0.123456790123)
(0.740740740741 6.66666666667 0.123456790123)
(0.864197530864 6.66666666667 0.123456790123)
(0.987654320988 6.66666666667 0.123456790123)
(1.11111111111 6.66666666667 0.123456790123)
(1.23456790123 6.66666666667 0.123456790123)
(1.35802469136 6.66666666667 0.123456790123)
(1.48148148148 6.66666666667 0.123456790123)
(1.6049382716 6.66666666667 0.123456790123)
(1.72839506173 6.66666666667 0.123456790123)
(1.85185185185 6.66666666667 0.123456790123)
(1.97530864198 6.66666666667 0.123456790123)
(2.0987654321 6.66666666667 0.123456790123)
(2.22222222222 6.66666666667 0.123456790123)
(2.34567901235 6.66666666667 0.123456790123)
(2.46913580247 6.66666666667 0.123456790123)
(2.59259259259 6.66666666667 0.123456790123)
(2.71604938272 6.66666666667 0.123456790123)
(2.83950617284 6.66666666667 0.123456790123)
(2.96296296296 6.66666666667 0.123456790123)
(3.08641975309 6.66666666667 0.123456790123)
(3.20987654321 6.66666666667 0.123456790123)
(3.33333333333 6.66666666667 0.123456790123)
(3.45679012346 6.66666666667 0.123456790123)
(3.58024691358 6.66666666667 0.123456790123)
(3.7037037037 6.66666666667 0.123456790123)
(3.82716049383 6.66666666667 0.123456790123)
(3.95061728395 6.66666666667 0.123456790123)
(4.07407407407 6.66666666667 0.123456790123)
(4.1975308642 6.66666666667 0.123456790123)
(4.32098765432 6.66666666667 0.123456790123)
(4.44444444444 6.66666666667 0.123456790123)
(4.56790123457 6.66666666667 0.123456790123)
(4.69135802469 6.66666666667 0.123456790123)
(4.81481481481 6.66666666667 0.123456790123)
(4.93827160494 6.66666666667 0.123456790123)
(5.06172839506 6.66666666667 0.123456790123)
(5.18518518519 6.66666666667 0.123456790123)
(5.30864197531 6.66666666667 0.123456790123)
(5.43209876543 6.66666666667 0.123456790123)
(5.55555555556 6.66666666667 0.123456790123)
(5.67901234568 6.66666666667 0.123456790123)
(5.8024691358 6.66666666667 0.123456790123)
(5.92592592593 6.66666666667 0.123456790123)
(6.04938271605 6.66666666667 0.123456790123)
(6.17283950617 6.66666666667 0.123456790123)
(6.2962962963 6.66666666667 0.123456790123)
(6.41975308642 6.66666666667 0.123456790123)
(6.54320987654 6.66666666667 0.123456790123)
(6.66666666667 6.66666666667 0.123456790123)
(6.79012345679 6.66666666667 0.123456790123)
(6.91358024691 6.66666666667 0.123456790123)
(7.03703703704 6.66666666667 0.123456790123)
(7.16049382716 6.66666666667 0.123456790123)
(7.28395061728 6.66666666667 0.123456790123)
(7.40740740741 6.66666666667 0.123456790123)
(7.53086419753 6.66666666667 0.123456790123)
(7.65432098765 6.66666666667 0.123456790123)
(7.77777777778 6.66666666667 0.123456790123)
(7.9012345679 6.66666666667 0.123456790123)
(8.02469135802 6.66666666667 0.123456790123)
(8.14814814815 6.66666666667 0.123456790123)
(8.27160493827 6.66666666667 0.123456790123)
(8.3950617284 6.66666666667 0.123456790123)
(8.51851851852 6.66666666667 0.123456790123)
(8.64197530864 6.66666666667 0.123456790123)
(8.76543209877 6.66666666667 0.123456790123)
(8.88888888889 6.66666666667 0.123456790123)
(9.01234567901 6.66666666667 0.123456790123)
(9.13580246914 6.66666666667 0.123456790123)
(9.25925925926 6.66666666667 0.123456790123)
(9.38271604938 6.66666666667 0.123456790123)
(9.50617283951 6.66666666667 0.123456790123)
(9.62962962963 6.66666666667 0.123456790123)
(9.75308641975 6.66666666667 0.123456790123)
(9.87654320988 6.66666666667 0.123456790123)
(10 6.66666666667 0.123456790123)
(0 6.79012345679 0.123456790123)
(0.123456790123 6.79012345679 0.123456790123)
(0.246913580247 6.79012345679 0.123456790123)
(0.37037037037 6.79012345679 0.123456790123)
(0.493827160494 6.79012345679 0.123456790123)
(0.617283950617 6.79012345679 0.123456790123)
(0.740740740741 6.79012345679 0.123456790123)
(0.864197530864 6.79012345679 0.123456790123)
(0.987654320988 6.79012345679 0.123456790123)
(1.11111111111 6.79012345679 0.123456790123)
(1.23456790123 6.79012345679 0.123456790123)
(1.35802469136 6.79012345679 0.123456790123)
(1.48148148148 6.79012345679 0.123456790123)
(1.6049382716 6.79012345679 0.123456790123)
(1.72839506173 6.79012345679 0.123456790123)
(1.85185185185 6.79012345679 0.123456790123)
(1.97530864198 6.79012345679 0.123456790123)
(2.0987654321 6.79012345679 0.123456790123)
(2.22222222222 6.79012345679 0.123456790123)
(2.34567901235 6.79012345679 0.123456790123)
(2.46913580247 6.79012345679 0.123456790123)
(2.59259259259 6.79012345679 0.123456790123)
(2.71604938272 6.79012345679 0.123456790123)
(2.83950617284 6.79012345679 0.123456790123)
(2.96296296296 6.79012345679 0.123456790123)
(3.08641975309 6.79012345679 0.123456790123)
(3.20987654321 6.79012345679 0.123456790123)
(3.33333333333 6.79012345679 0.123456790123)
(3.45679012346 6.79012345679 0.123456790123)
(3.58024691358 6.79012345679 0.123456790123)
(3.7037037037 6.79012345679 0.123456790123)
(3.82716049383 6.79012345679 0.123456790123)
(3.95061728395 6.79012345679 0.123456790123)
(4.07407407407 6.79012345679 0.123456790123)
(4.1975308642 6.79012345679 0.123456790123)
(4.32098765432 6.79012345679 0.123456790123)
(4.44444444444 6.79012345679 0.123456790123)
(4.56790123457 6.79012345679 0.123456790123)
(4.69135802469 6.79012345679 0.123456790123)
(4.81481481481 6.79012345679 0.123456790123)
(4.93827160494 6.79012345679 0.123456790123)
(5.06172839506 6.79012345679 0.123456790123)
(5.18518518519 6.79012345679 0.123456790123)
(5.30864197531 6.79012345679 0.123456790123)
(5.43209876543 6.79012345679 0.123456790123)
(5.55555555556 6.79012345679 0.123456790123)
(5.67901234568 6.79012345679 0.123456790123)
(5.8024691358 6.79012345679 0.123456790123)
(5.92592592593 6.79012345679 0.123456790123)
(6.04938271605 6.79012345679 0.123456790123)
(6.17283950617 6.79012345679 0.123456790123)
(6.2962962963 6.79012345679 0.123456790123)
(6.41975308642 6.79012345679 0.123456790123)
(6.54320987654 6.79012345679 0.123456790123)
(6.66666666667 6.79012345679 0.123456790123)
(6.79012345679 6.79012345679 0.123456790123)
(6.91358024691 6.79012345679 0.123456790123)
(7.03703703704 6.79012345679 0.123456790123)
(7.16049382716 6.79012345679 0.123456790123)
(7.28395061728 6.79012345679 0.123456790123)
(7.40740740741 6.79012345679 0.123456790123)
(7.53086419753 6.79012345679 0.123456790123)
(7.65432098765 6.79012345679 0.123456790123)
(7.77777777778 6.79012345679 0.123456790123)
(7.9012345679 6.79012345679 0.123456790123)
(8.02469135802 6.79012345679 0.123456790123)
(8.14814814815 6.79012345679 0.123456790123)
(8.27160493827 6.79012345679 0.123456790123)
(8.3950617284 6.79012345679 0.123456790123)
(8.51851851852 6.79012345679 0.123456790123)
(8.64197530864 6.79012345679 0.123456790123)
(8.76543209877 6.79012345679 0.123456790123)
(8.88888888889 6.79012345679 0.123456790123)
(9.01234567901 6.79012345679 0.123456790123)
(9.13580246914 6.79012345679 0.123456790123)
(9.25925925926 6.79012345679 0.123456790123)
(9.38271604938 6.79012345679 0.123456790123)
(9.50617283951 6.79012345679 0.123456790123)
(9.62962962963 6.79012345679 0.123456790123)
(9.75308641975 6.79012345679 0.123456790123)
(9.87654320988 6.79012345679 0.123456790123)
(10 6.79012345679 0.123456790123)
(0 6.91358024691 0.123456790123)
(0.123456790123 6.91358024691 0.123456790123)
(0.246913580247 6.91358024691 0.123456790123)
(0.37037037037 6.91358024691 0.123456790123)
(0.493827160494 6.91358024691 0.123456790123)
(0.617283950617 6.91358024691 0.123456790123)
(0.740740740741 6.91358024691 0.123456790123)
(0.864197530864 6.91358024691 0.123456790123)
(0.987654320988 6.91358024691 0.123456790123)
(1.11111111111 6.91358024691 0.123456790123)
(1.23456790123 6.91358024691 0.123456790123)
(1.35802469136 6.91358024691 0.123456790123)
(1.48148148148 6.91358024691 0.123456790123)
(1.6049382716 6.91358024691 0.123456790123)
(1.72839506173 6.91358024691 0.123456790123)
(1.85185185185 6.91358024691 0.123456790123)
(1.97530864198 6.91358024691 0.123456790123)
(2.0987654321 6.91358024691 0.123456790123)
(2.22222222222 6.91358024691 0.123456790123)
(2.34567901235 6.91358024691 0.123456790123)
(2.46913580247 6.91358024691 0.123456790123)
(2.59259259259 6.91358024691 0.123456790123)
(2.71604938272 6.91358024691 0.123456790123)
(2.83950617284 6.91358024691 0.123456790123)
(2.96296296296 6.91358024691 0.123456790123)
(3.08641975309 6.91358024691 0.123456790123)
(3.20987654321 6.91358024691 0.123456790123)
(3.33333333333 6.91358024691 0.123456790123)
(3.45679012346 6.91358024691 0.123456790123)
(3.58024691358 6.91358024691 0.123456790123)
(3.7037037037 6.91358024691 0.123456790123)
(3.82716049383 6.91358024691 0.123456790123)
(3.95061728395 6.91358024691 0.123456790123)
(4.07407407407 6.91358024691 0.123456790123)
(4.1975308642 6.91358024691 0.123456790123)
(4.32098765432 6.91358024691 0.123456790123)
(4.44444444444 6.91358024691 0.123456790123)
(4.56790123457 6.91358024691 0.123456790123)
(4.69135802469 6.91358024691 0.123456790123)
(4.81481481481 6.91358024691 0.123456790123)
(4.93827160494 6.91358024691 0.123456790123)
(5.06172839506 6.91358024691 0.123456790123)
(5.18518518519 6.91358024691 0.123456790123)
(5.30864197531 6.91358024691 0.123456790123)
(5.43209876543 6.91358024691 0.123456790123)
(5.55555555556 6.91358024691 0.123456790123)
(5.67901234568 6.91358024691 0.123456790123)
(5.8024691358 6.91358024691 0.123456790123)
(5.92592592593 6.91358024691 0.123456790123)
(6.04938271605 6.91358024691 0.123456790123)
(6.17283950617 6.91358024691 0.123456790123)
(6.2962962963 6.91358024691 0.123456790123)
(6.41975308642 6.91358024691 0.123456790123)
(6.54320987654 6.91358024691 0.123456790123)
(6.66666666667 6.91358024691 0.123456790123)
(6.79012345679 6.91358024691 0.123456790123)
(6.91358024691 6.91358024691 0.123456790123)
(7.03703703704 6.91358024691 0.123456790123)
(7.16049382716 6.91358024691 0.123456790123)
(7.28395061728 6.91358024691 0.123456790123)
(7.40740740741 6.91358024691 0.123456790123)
(7.53086419753 6.91358024691 0.123456790123)
(7.65432098765 6.91358024691 0.123456790123)
(7.77777777778 6.91358024691 0.123456790123)
(7.9012345679 6.91358024691 0.123456790123)
(8.02469135802 6.91358024691 0.123456790123)
(8.14814814815 6.91358024691 0.123456790123)
(8.27160493827 6.91358024691 0.123456790123)
(8.3950617284 6.91358024691 0.123456790123)
(8.51851851852 6.91358024691 0.123456790123)
(8.64197530864 6.91358024691 0.123456790123)
(8.76543209877 6.91358024691 0.123456790123)
(8.88888888889 6.91358024691 0.123456790123)
(9.01234567901 6.91358024691 0.123456790123)
(9.13580246914 6.91358024691 0.123456790123)
(9.25925925926 6.91358024691 0.123456790123)
(9.38271604938 6.91358024691 0.123456790123)
(9.50617283951 6.91358024691 0.123456790123)
(9.62962962963 6.91358024691 0.123456790123)
(9.75308641975 6.91358024691 0.123456790123)
(9.87654320988 6.91358024691 0.123456790123)
(10 6.91358024691 0.123456790123)
(0 7.03703703704 0.123456790123)
(0.123456790123 7.03703703704 0.123456790123)
(0.246913580247 7.03703703704 0.123456790123)
(0.37037037037 7.03703703704 0.123456790123)
(0.493827160494 7.03703703704 0.123456790123)
(0.617283950617 7.03703703704 0.123456790123)
(0.740740740741 7.03703703704 0.123456790123)
(0.864197530864 7.03703703704 0.123456790123)
(0.987654320988 7.03703703704 0.123456790123)
(1.11111111111 7.03703703704 0.123456790123)
(1.23456790123 7.03703703704 0.123456790123)
(1.35802469136 7.03703703704 0.123456790123)
(1.48148148148 7.03703703704 0.123456790123)
(1.6049382716 7.03703703704 0.123456790123)
(1.72839506173 7.03703703704 0.123456790123)
(1.85185185185 7.03703703704 0.123456790123)
(1.97530864198 7.03703703704 0.123456790123)
(2.0987654321 7.03703703704 0.123456790123)
(2.22222222222 7.03703703704 0.123456790123)
(2.34567901235 7.03703703704 0.123456790123)
(2.46913580247 7.03703703704 0.123456790123)
(2.59259259259 7.03703703704 0.123456790123)
(2.71604938272 7.03703703704 0.123456790123)
(2.83950617284 7.03703703704 0.123456790123)
(2.96296296296 7.03703703704 0.123456790123)
(3.08641975309 7.03703703704 0.123456790123)
(3.20987654321 7.03703703704 0.123456790123)
(3.33333333333 7.03703703704 0.123456790123)
(3.45679012346 7.03703703704 0.123456790123)
(3.58024691358 7.03703703704 0.123456790123)
(3.7037037037 7.03703703704 0.123456790123)
(3.82716049383 7.03703703704 0.123456790123)
(3.95061728395 7.03703703704 0.123456790123)
(4.07407407407 7.03703703704 0.123456790123)
(4.1975308642 7.03703703704 0.123456790123)
(4.32098765432 7.03703703704 0.123456790123)
(4.44444444444 7.03703703704 0.123456790123)
(4.56790123457 7.03703703704 0.123456790123)
(4.69135802469 7.03703703704 0.123456790123)
(4.81481481481 7.03703703704 0.123456790123)
(4.93827160494 7.03703703704 0.123456790123)
(5.06172839506 7.03703703704 0.123456790123)
(5.18518518519 7.03703703704 0.123456790123)
(5.30864197531 7.03703703704 0.123456790123)
(5.43209876543 7.03703703704 0.123456790123)
(5.55555555556 7.03703703704 0.123456790123)
(5.67901234568 7.03703703704 0.123456790123)
(5.8024691358 7.03703703704 0.123456790123)
(5.92592592593 7.03703703704 0.123456790123)
(6.04938271605 7.03703703704 0.123456790123)
(6.17283950617 7.03703703704 0.123456790123)
(6.2962962963 7.03703703704 0.123456790123)
(6.41975308642 7.03703703704 0.123456790123)
(6.54320987654 7.03703703704 0.123456790123)
(6.66666666667 7.03703703704 0.123456790123)
(6.79012345679 7.03703703704 0.123456790123)
(6.91358024691 7.03703703704 0.123456790123)
(7.03703703704 7.03703703704 0.123456790123)
(7.16049382716 7.03703703704 0.123456790123)
(7.28395061728 7.03703703704 0.123456790123)
(7.40740740741 7.03703703704 0.123456790123)
(7.53086419753 7.03703703704 0.123456790123)
(7.65432098765 7.03703703704 0.123456790123)
(7.77777777778 7.03703703704 0.123456790123)
(7.9012345679 7.03703703704 0.123456790123)
(8.02469135802 7.03703703704 0.123456790123)
(8.14814814815 7.03703703704 0.123456790123)
(8.27160493827 7.03703703704 0.123456790123)
(8.3950617284 7.03703703704 0.123456790123)
(8.51851851852 7.03703703704 0.123456790123)
(8.64197530864 7.03703703704 0.123456790123)
(8.76543209877 7.03703703704 0.123456790123)
(8.88888888889 7.03703703704 0.123456790123)
(9.01234567901 7.03703703704 0.123456790123)
(9.13580246914 7.03703703704 0.123456790123)
(9.25925925926 7.03703703704 0.123456790123)
(9.38271604938 7.03703703704 0.123456790123)
(9.50617283951 7.03703703704 0.123456790123)
(9.62962962963 7.03703703704 0.123456790123)
(9.75308641975 7.03703703704 0.123456790123)
(9.87654320988 7.03703703704 0.123456790123)
(10 7.03703703704 0.123456790123)
(0 7.16049382716 0.123456790123)
(0.123456790123 7.16049382716 0.123456790123)
(0.246913580247 7.16049382716 0.123456790123)
(0.37037037037 7.16049382716 0.123456790123)
(0.493827160494 7.16049382716 0.123456790123)
(0.617283950617 7.16049382716 0.123456790123)
(0.740740740741 7.16049382716 0.123456790123)
(0.864197530864 7.16049382716 0.123456790123)
(0.987654320988 7.16049382716 0.123456790123)
(1.11111111111 7.16049382716 0.123456790123)
(1.23456790123 7.16049382716 0.123456790123)
(1.35802469136 7.16049382716 0.123456790123)
(1.48148148148 7.16049382716 0.123456790123)
(1.6049382716 7.16049382716 0.123456790123)
(1.72839506173 7.16049382716 0.123456790123)
(1.85185185185 7.16049382716 0.123456790123)
(1.97530864198 7.16049382716 0.123456790123)
(2.0987654321 7.16049382716 0.123456790123)
(2.22222222222 7.16049382716 0.123456790123)
(2.34567901235 7.16049382716 0.123456790123)
(2.46913580247 7.16049382716 0.123456790123)
(2.59259259259 7.16049382716 0.123456790123)
(2.71604938272 7.16049382716 0.123456790123)
(2.83950617284 7.16049382716 0.123456790123)
(2.96296296296 7.16049382716 0.123456790123)
(3.08641975309 7.16049382716 0.123456790123)
(3.20987654321 7.16049382716 0.123456790123)
(3.33333333333 7.16049382716 0.123456790123)
(3.45679012346 7.16049382716 0.123456790123)
(3.58024691358 7.16049382716 0.123456790123)
(3.7037037037 7.16049382716 0.123456790123)
(3.82716049383 7.16049382716 0.123456790123)
(3.95061728395 7.16049382716 0.123456790123)
(4.07407407407 7.16049382716 0.123456790123)
(4.1975308642 7.16049382716 0.123456790123)
(4.32098765432 7.16049382716 0.123456790123)
(4.44444444444 7.16049382716 0.123456790123)
(4.56790123457 7.16049382716 0.123456790123)
(4.69135802469 7.16049382716 0.123456790123)
(4.81481481481 7.16049382716 0.123456790123)
(4.93827160494 7.16049382716 0.123456790123)
(5.06172839506 7.16049382716 0.123456790123)
(5.18518518519 7.16049382716 0.123456790123)
(5.30864197531 7.16049382716 0.123456790123)
(5.43209876543 7.16049382716 0.123456790123)
(5.55555555556 7.16049382716 0.123456790123)
(5.67901234568 7.16049382716 0.123456790123)
(5.8024691358 7.16049382716 0.123456790123)
(5.92592592593 7.16049382716 0.123456790123)
(6.04938271605 7.16049382716 0.123456790123)
(6.17283950617 7.16049382716 0.123456790123)
(6.2962962963 7.16049382716 0.123456790123)
(6.41975308642 7.16049382716 0.123456790123)
(6.54320987654 7.16049382716 0.123456790123)
(6.66666666667 7.16049382716 0.123456790123)
(6.79012345679 7.16049382716 0.123456790123)
(6.91358024691 7.16049382716 0.123456790123)
(7.03703703704 7.16049382716 0.123456790123)
(7.16049382716 7.16049382716 0.123456790123)
(7.28395061728 7.16049382716 0.123456790123)
(7.40740740741 7.16049382716 0.123456790123)
(7.53086419753 7.16049382716 0.123456790123)
(7.65432098765 7.16049382716 0.123456790123)
(7.77777777778 7.16049382716 0.123456790123)
(7.9012345679 7.16049382716 0.123456790123)
(8.02469135802 7.16049382716 0.123456790123)
(8.14814814815 7.16049382716 0.123456790123)
(8.27160493827 7.16049382716 0.123456790123)
(8.3950617284 7.16049382716 0.123456790123)
(8.51851851852 7.16049382716 0.123456790123)
(8.64197530864 7.16049382716 0.123456790123)
(8.76543209877 7.16049382716 0.123456790123)
(8.88888888889 7.16049382716 0.123456790123)
(9.01234567901 7.16049382716 0.123456790123)
(9.13580246914 7.16049382716 0.123456790123)
(9.25925925926 7.16049382716 0.123456790123)
(9.38271604938 7.16049382716 0.123456790123)
(9.50617283951 7.16049382716 0.123456790123)
(9.62962962963 7.16049382716 0.123456790123)
(9.75308641975 7.16049382716 0.123456790123)
(9.87654320988 7.16049382716 0.123456790123)
(10 7.16049382716 0.123456790123)
(0 7.28395061728 0.123456790123)
(0.123456790123 7.28395061728 0.123456790123)
(0.246913580247 7.28395061728 0.123456790123)
(0.37037037037 7.28395061728 0.123456790123)
(0.493827160494 7.28395061728 0.123456790123)
(0.617283950617 7.28395061728 0.123456790123)
(0.740740740741 7.28395061728 0.123456790123)
(0.864197530864 7.28395061728 0.123456790123)
(0.987654320988 7.28395061728 0.123456790123)
(1.11111111111 7.28395061728 0.123456790123)
(1.23456790123 7.28395061728 0.123456790123)
(1.35802469136 7.28395061728 0.123456790123)
(1.48148148148 7.28395061728 0.123456790123)
(1.6049382716 7.28395061728 0.123456790123)
(1.72839506173 7.28395061728 0.123456790123)
(1.85185185185 7.28395061728 0.123456790123)
(1.97530864198 7.28395061728 0.123456790123)
(2.0987654321 7.28395061728 0.123456790123)
(2.22222222222 7.28395061728 0.123456790123)
(2.34567901235 7.28395061728 0.123456790123)
(2.46913580247 7.28395061728 0.123456790123)
(2.59259259259 7.28395061728 0.123456790123)
(2.71604938272 7.28395061728 0.123456790123)
(2.83950617284 7.28395061728 0.123456790123)
(2.96296296296 7.28395061728 0.123456790123)
(3.08641975309 7.28395061728 0.123456790123)
(3.20987654321 7.28395061728 0.123456790123)
(3.33333333333 7.28395061728 0.123456790123)
(3.45679012346 7.28395061728 0.123456790123)
(3.58024691358 7.28395061728 0.123456790123)
(3.7037037037 7.28395061728 0.123456790123)
(3.82716049383 7.28395061728 0.123456790123)
(3.95061728395 7.28395061728 0.123456790123)
(4.07407407407 7.28395061728 0.123456790123)
(4.1975308642 7.28395061728 0.123456790123)
(4.32098765432 7.28395061728 0.123456790123)
(4.44444444444 7.28395061728 0.123456790123)
(4.56790123457 7.28395061728 0.123456790123)
(4.69135802469 7.28395061728 0.123456790123)
(4.81481481481 7.28395061728 0.123456790123)
(4.93827160494 7.28395061728 0.123456790123)
(5.06172839506 7.28395061728 0.123456790123)
(5.18518518519 7.28395061728 0.123456790123)
(5.30864197531 7.28395061728 0.123456790123)
(5.43209876543 7.28395061728 0.123456790123)
(5.55555555556 7.28395061728 0.123456790123)
(5.67901234568 7.28395061728 0.123456790123)
(5.8024691358 7.28395061728 0.123456790123)
(5.92592592593 7.28395061728 0.123456790123)
(6.04938271605 7.28395061728 0.123456790123)
(6.17283950617 7.28395061728 0.123456790123)
(6.2962962963 7.28395061728 0.123456790123)
(6.41975308642 7.28395061728 0.123456790123)
(6.54320987654 7.28395061728 0.123456790123)
(6.66666666667 7.28395061728 0.123456790123)
(6.79012345679 7.28395061728 0.123456790123)
(6.91358024691 7.28395061728 0.123456790123)
(7.03703703704 7.28395061728 0.123456790123)
(7.16049382716 7.28395061728 0.123456790123)
(7.28395061728 7.28395061728 0.123456790123)
(7.40740740741 7.28395061728 0.123456790123)
(7.53086419753 7.28395061728 0.123456790123)
(7.65432098765 7.28395061728 0.123456790123)
(7.77777777778 7.28395061728 0.123456790123)
(7.9012345679 7.28395061728 0.123456790123)
(8.02469135802 7.28395061728 0.123456790123)
(8.14814814815 7.28395061728 0.123456790123)
(8.27160493827 7.28395061728 0.123456790123)
(8.3950617284 7.28395061728 0.123456790123)
(8.51851851852 7.28395061728 0.123456790123)
(8.64197530864 7.28395061728 0.123456790123)
(8.76543209877 7.28395061728 0.123456790123)
(8.88888888889 7.28395061728 0.123456790123)
(9.01234567901 7.28395061728 0.123456790123)
(9.13580246914 7.28395061728 0.123456790123)
(9.25925925926 7.28395061728 0.123456790123)
(9.38271604938 7.28395061728 0.123456790123)
(9.50617283951 7.28395061728 0.123456790123)
(9.62962962963 7.28395061728 0.123456790123)
(9.75308641975 7.28395061728 0.123456790123)
(9.87654320988 7.28395061728 0.123456790123)
(10 7.28395061728 0.123456790123)
(0 7.40740740741 0.123456790123)
(0.123456790123 7.40740740741 0.123456790123)
(0.246913580247 7.40740740741 0.123456790123)
(0.37037037037 7.40740740741 0.123456790123)
(0.493827160494 7.40740740741 0.123456790123)
(0.617283950617 7.40740740741 0.123456790123)
(0.740740740741 7.40740740741 0.123456790123)
(0.864197530864 7.40740740741 0.123456790123)
(0.987654320988 7.40740740741 0.123456790123)
(1.11111111111 7.40740740741 0.123456790123)
(1.23456790123 7.40740740741 0.123456790123)
(1.35802469136 7.40740740741 0.123456790123)
(1.48148148148 7.40740740741 0.123456790123)
(1.6049382716 7.40740740741 0.123456790123)
(1.72839506173 7.40740740741 0.123456790123)
(1.85185185185 7.40740740741 0.123456790123)
(1.97530864198 7.40740740741 0.123456790123)
(2.0987654321 7.40740740741 0.123456790123)
(2.22222222222 7.40740740741 0.123456790123)
(2.34567901235 7.40740740741 0.123456790123)
(2.46913580247 7.40740740741 0.123456790123)
(2.59259259259 7.40740740741 0.123456790123)
(2.71604938272 7.40740740741 0.123456790123)
(2.83950617284 7.40740740741 0.123456790123)
(2.96296296296 7.40740740741 0.123456790123)
(3.08641975309 7.40740740741 0.123456790123)
(3.20987654321 7.40740740741 0.123456790123)
(3.33333333333 7.40740740741 0.123456790123)
(3.45679012346 7.40740740741 0.123456790123)
(3.58024691358 7.40740740741 0.123456790123)
(3.7037037037 7.40740740741 0.123456790123)
(3.82716049383 7.40740740741 0.123456790123)
(3.95061728395 7.40740740741 0.123456790123)
(4.07407407407 7.40740740741 0.123456790123)
(4.1975308642 7.40740740741 0.123456790123)
(4.32098765432 7.40740740741 0.123456790123)
(4.44444444444 7.40740740741 0.123456790123)
(4.56790123457 7.40740740741 0.123456790123)
(4.69135802469 7.40740740741 0.123456790123)
(4.81481481481 7.40740740741 0.123456790123)
(4.93827160494 7.40740740741 0.123456790123)
(5.06172839506 7.40740740741 0.123456790123)
(5.18518518519 7.40740740741 0.123456790123)
(5.30864197531 7.40740740741 0.123456790123)
(5.43209876543 7.40740740741 0.123456790123)
(5.55555555556 7.40740740741 0.123456790123)
(5.67901234568 7.40740740741 0.123456790123)
(5.8024691358 7.40740740741 0.123456790123)
(5.92592592593 7.40740740741 0.123456790123)
(6.04938271605 7.40740740741 0.123456790123)
(6.17283950617 7.40740740741 0.123456790123)
(6.2962962963 7.40740740741 0.123456790123)
(6.41975308642 7.40740740741 0.123456790123)
(6.54320987654 7.40740740741 0.123456790123)
(6.66666666667 7.40740740741 0.123456790123)
(6.79012345679 7.40740740741 0.123456790123)
(6.91358024691 7.40740740741 0.123456790123)
(7.03703703704 7.40740740741 0.123456790123)
(7.16049382716 7.40740740741 0.123456790123)
(7.28395061728 7.40740740741 0.123456790123)
(7.40740740741 7.40740740741 0.123456790123)
(7.53086419753 7.40740740741 0.123456790123)
(7.65432098765 7.40740740741 0.123456790123)
(7.77777777778 7.40740740741 0.123456790123)
(7.9012345679 7.40740740741 0.123456790123)
(8.02469135802 7.40740740741 0.123456790123)
(8.14814814815 7.40740740741 0.123456790123)
(8.27160493827 7.40740740741 0.123456790123)
(8.3950617284 7.40740740741 0.123456790123)
(8.51851851852 7.40740740741 0.123456790123)
(8.64197530864 7.40740740741 0.123456790123)
(8.76543209877 7.40740740741 0.123456790123)
(8.88888888889 7.40740740741 0.123456790123)
(9.01234567901 7.40740740741 0.123456790123)
(9.13580246914 7.40740740741 0.123456790123)
(9.25925925926 7.40740740741 0.123456790123)
(9.38271604938 7.40740740741 0.123456790123)
(9.50617283951 7.40740740741 0.123456790123)
(9.62962962963 7.40740740741 0.123456790123)
(9.75308641975 7.40740740741 0.123456790123)
(9.87654320988 7.40740740741 0.123456790123)
(10 7.40740740741 0.123456790123)
(0 7.53086419753 0.123456790123)
(0.123456790123 7.53086419753 0.123456790123)
(0.246913580247 7.53086419753 0.123456790123)
(0.37037037037 7.53086419753 0.123456790123)
(0.493827160494 7.53086419753 0.123456790123)
(0.617283950617 7.53086419753 0.123456790123)
(0.740740740741 7.53086419753 0.123456790123)
(0.864197530864 7.53086419753 0.123456790123)
(0.987654320988 7.53086419753 0.123456790123)
(1.11111111111 7.53086419753 0.123456790123)
(1.23456790123 7.53086419753 0.123456790123)
(1.35802469136 7.53086419753 0.123456790123)
(1.48148148148 7.53086419753 0.123456790123)
(1.6049382716 7.53086419753 0.123456790123)
(1.72839506173 7.53086419753 0.123456790123)
(1.85185185185 7.53086419753 0.123456790123)
(1.97530864198 7.53086419753 0.123456790123)
(2.0987654321 7.53086419753 0.123456790123)
(2.22222222222 7.53086419753 0.123456790123)
(2.34567901235 7.53086419753 0.123456790123)
(2.46913580247 7.53086419753 0.123456790123)
(2.59259259259 7.53086419753 0.123456790123)
(2.71604938272 7.53086419753 0.123456790123)
(2.83950617284 7.53086419753 0.123456790123)
(2.96296296296 7.53086419753 0.123456790123)
(3.08641975309 7.53086419753 0.123456790123)
(3.20987654321 7.53086419753 0.123456790123)
(3.33333333333 7.53086419753 0.123456790123)
(3.45679012346 7.53086419753 0.123456790123)
(3.58024691358 7.53086419753 0.123456790123)
(3.7037037037 7.53086419753 0.123456790123)
(3.82716049383 7.53086419753 0.123456790123)
(3.95061728395 7.53086419753 0.123456790123)
(4.07407407407 7.53086419753 0.123456790123)
(4.1975308642 7.53086419753 0.123456790123)
(4.32098765432 7.53086419753 0.123456790123)
(4.44444444444 7.53086419753 0.123456790123)
(4.56790123457 7.53086419753 0.123456790123)
(4.69135802469 7.53086419753 0.123456790123)
(4.81481481481 7.53086419753 0.123456790123)
(4.93827160494 7.53086419753 0.123456790123)
(5.06172839506 7.53086419753 0.123456790123)
(5.18518518519 7.53086419753 0.123456790123)
(5.30864197531 7.53086419753 0.123456790123)
(5.43209876543 7.53086419753 0.123456790123)
(5.55555555556 7.53086419753 0.123456790123)
(5.67901234568 7.53086419753 0.123456790123)
(5.8024691358 7.53086419753 0.123456790123)
(5.92592592593 7.53086419753 0.123456790123)
(6.04938271605 7.53086419753 0.123456790123)
(6.17283950617 7.53086419753 0.123456790123)
(6.2962962963 7.53086419753 0.123456790123)
(6.41975308642 7.53086419753 0.123456790123)
(6.54320987654 7.53086419753 0.123456790123)
(6.66666666667 7.53086419753 0.123456790123)
(6.79012345679 7.53086419753 0.123456790123)
(6.91358024691 7.53086419753 0.123456790123)
(7.03703703704 7.53086419753 0.123456790123)
(7.16049382716 7.53086419753 0.123456790123)
(7.28395061728 7.53086419753 0.123456790123)
(7.40740740741 7.53086419753 0.123456790123)
(7.53086419753 7.53086419753 0.123456790123)
(7.65432098765 7.53086419753 0.123456790123)
(7.77777777778 7.53086419753 0.123456790123)
(7.9012345679 7.53086419753 0.123456790123)
(8.02469135802 7.53086419753 0.123456790123)
(8.14814814815 7.53086419753 0.123456790123)
(8.27160493827 7.53086419753 0.123456790123)
(8.3950617284 7.53086419753 0.123456790123)
(8.51851851852 7.53086419753 0.123456790123)
(8.64197530864 7.53086419753 0.123456790123)
(8.76543209877 7.53086419753 0.123456790123)
(8.88888888889 7.53086419753 0.123456790123)
(9.01234567901 7.53086419753 0.123456790123)
(9.13580246914 7.53086419753 0.123456790123)
(9.25925925926 7.53086419753 0.123456790123)
(9.38271604938 7.53086419753 0.123456790123)
(9.50617283951 7.53086419753 0.123456790123)
(9.62962962963 7.53086419753 0.123456790123)
(9.75308641975 7.53086419753 0.123456790123)
(9.87654320988 7.53086419753 0.123456790123)
(10 7.53086419753 0.123456790123)
(0 7.65432098765 0.123456790123)
(0.123456790123 7.65432098765 0.123456790123)
(0.246913580247 7.65432098765 0.123456790123)
(0.37037037037 7.65432098765 0.123456790123)
(0.493827160494 7.65432098765 0.123456790123)
(0.617283950617 7.65432098765 0.123456790123)
(0.740740740741 7.65432098765 0.123456790123)
(0.864197530864 7.65432098765 0.123456790123)
(0.987654320988 7.65432098765 0.123456790123)
(1.11111111111 7.65432098765 0.123456790123)
(1.23456790123 7.65432098765 0.123456790123)
(1.35802469136 7.65432098765 0.123456790123)
(1.48148148148 7.65432098765 0.123456790123)
(1.6049382716 7.65432098765 0.123456790123)
(1.72839506173 7.65432098765 0.123456790123)
(1.85185185185 7.65432098765 0.123456790123)
(1.97530864198 7.65432098765 0.123456790123)
(2.0987654321 7.65432098765 0.123456790123)
(2.22222222222 7.65432098765 0.123456790123)
(2.34567901235 7.65432098765 0.123456790123)
(2.46913580247 7.65432098765 0.123456790123)
(2.59259259259 7.65432098765 0.123456790123)
(2.71604938272 7.65432098765 0.123456790123)
(2.83950617284 7.65432098765 0.123456790123)
(2.96296296296 7.65432098765 0.123456790123)
(3.08641975309 7.65432098765 0.123456790123)
(3.20987654321 7.65432098765 0.123456790123)
(3.33333333333 7.65432098765 0.123456790123)
(3.45679012346 7.65432098765 0.123456790123)
(3.58024691358 7.65432098765 0.123456790123)
(3.7037037037 7.65432098765 0.123456790123)
(3.82716049383 7.65432098765 0.123456790123)
(3.95061728395 7.65432098765 0.123456790123)
(4.07407407407 7.65432098765 0.123456790123)
(4.1975308642 7.65432098765 0.123456790123)
(4.32098765432 7.65432098765 0.123456790123)
(4.44444444444 7.65432098765 0.123456790123)
(4.56790123457 7.65432098765 0.123456790123)
(4.69135802469 7.65432098765 0.123456790123)
(4.81481481481 7.65432098765 0.123456790123)
(4.93827160494 7.65432098765 0.123456790123)
(5.06172839506 7.65432098765 0.123456790123)
(5.18518518519 7.65432098765 0.123456790123)
(5.30864197531 7.65432098765 0.123456790123)
(5.43209876543 7.65432098765 0.123456790123)
(5.55555555556 7.65432098765 0.123456790123)
(5.67901234568 7.65432098765 0.123456790123)
(5.8024691358 7.65432098765 0.123456790123)
(5.92592592593 7.65432098765 0.123456790123)
(6.04938271605 7.65432098765 0.123456790123)
(6.17283950617 7.65432098765 0.123456790123)
(6.2962962963 7.65432098765 0.123456790123)
(6.41975308642 7.65432098765 0.123456790123)
(6.54320987654 7.65432098765 0.123456790123)
(6.66666666667 7.65432098765 0.123456790123)
(6.79012345679 7.65432098765 0.123456790123)
(6.91358024691 7.65432098765 0.123456790123)
(7.03703703704 7.65432098765 0.123456790123)
(7.16049382716 7.65432098765 0.123456790123)
(7.28395061728 7.65432098765 0.123456790123)
(7.40740740741 7.65432098765 0.123456790123)
(7.53086419753 7.65432098765 0.123456790123)
(7.65432098765 7.65432098765 0.123456790123)
(7.77777777778 7.65432098765 0.123456790123)
(7.9012345679 7.65432098765 0.123456790123)
(8.02469135802 7.65432098765 0.123456790123)
(8.14814814815 7.65432098765 0.123456790123)
(8.27160493827 7.65432098765 0.123456790123)
(8.3950617284 7.65432098765 0.123456790123)
(8.51851851852 7.65432098765 0.123456790123)
(8.64197530864 7.65432098765 0.123456790123)
(8.76543209877 7.65432098765 0.123456790123)
(8.88888888889 7.65432098765 0.123456790123)
(9.01234567901 7.65432098765 0.123456790123)
(9.13580246914 7.65432098765 0.123456790123)
(9.25925925926 7.65432098765 0.123456790123)
(9.38271604938 7.65432098765 0.123456790123)
(9.50617283951 7.65432098765 0.123456790123)
(9.62962962963 7.65432098765 0.123456790123)
(9.75308641975 7.65432098765 0.123456790123)
(9.87654320988 7.65432098765 0.123456790123)
(10 7.65432098765 0.123456790123)
(0 7.77777777778 0.123456790123)
(0.123456790123 7.77777777778 0.123456790123)
(0.246913580247 7.77777777778 0.123456790123)
(0.37037037037 7.77777777778 0.123456790123)
(0.493827160494 7.77777777778 0.123456790123)
(0.617283950617 7.77777777778 0.123456790123)
(0.740740740741 7.77777777778 0.123456790123)
(0.864197530864 7.77777777778 0.123456790123)
(0.987654320988 7.77777777778 0.123456790123)
(1.11111111111 7.77777777778 0.123456790123)
(1.23456790123 7.77777777778 0.123456790123)
(1.35802469136 7.77777777778 0.123456790123)
(1.48148148148 7.77777777778 0.123456790123)
(1.6049382716 7.77777777778 0.123456790123)
(1.72839506173 7.77777777778 0.123456790123)
(1.85185185185 7.77777777778 0.123456790123)
(1.97530864198 7.77777777778 0.123456790123)
(2.0987654321 7.77777777778 0.123456790123)
(2.22222222222 7.77777777778 0.123456790123)
(2.34567901235 7.77777777778 0.123456790123)
(2.46913580247 7.77777777778 0.123456790123)
(2.59259259259 7.77777777778 0.123456790123)
(2.71604938272 7.77777777778 0.123456790123)
(2.83950617284 7.77777777778 0.123456790123)
(2.96296296296 7.77777777778 0.123456790123)
(3.08641975309 7.77777777778 0.123456790123)
(3.20987654321 7.77777777778 0.123456790123)
(3.33333333333 7.77777777778 0.123456790123)
(3.45679012346 7.77777777778 0.123456790123)
(3.58024691358 7.77777777778 0.123456790123)
(3.7037037037 7.77777777778 0.123456790123)
(3.82716049383 7.77777777778 0.123456790123)
(3.95061728395 7.77777777778 0.123456790123)
(4.07407407407 7.77777777778 0.123456790123)
(4.1975308642 7.77777777778 0.123456790123)
(4.32098765432 7.77777777778 0.123456790123)
(4.44444444444 7.77777777778 0.123456790123)
(4.56790123457 7.77777777778 0.123456790123)
(4.69135802469 7.77777777778 0.123456790123)
(4.81481481481 7.77777777778 0.123456790123)
(4.93827160494 7.77777777778 0.123456790123)
(5.06172839506 7.77777777778 0.123456790123)
(5.18518518519 7.77777777778 0.123456790123)
(5.30864197531 7.77777777778 0.123456790123)
(5.43209876543 7.77777777778 0.123456790123)
(5.55555555556 7.77777777778 0.123456790123)
(5.67901234568 7.77777777778 0.123456790123)
(5.8024691358 7.77777777778 0.123456790123)
(5.92592592593 7.77777777778 0.123456790123)
(6.04938271605 7.77777777778 0.123456790123)
(6.17283950617 7.77777777778 0.123456790123)
(6.2962962963 7.77777777778 0.123456790123)
(6.41975308642 7.77777777778 0.123456790123)
(6.54320987654 7.77777777778 0.123456790123)
(6.66666666667 7.77777777778 0.123456790123)
(6.79012345679 7.77777777778 0.123456790123)
(6.91358024691 7.77777777778 0.123456790123)
(7.03703703704 7.77777777778 0.123456790123)
(7.16049382716 7.77777777778 0.123456790123)
(7.28395061728 7.77777777778 0.123456790123)
(7.40740740741 7.77777777778 0.123456790123)
(7.53086419753 7.77777777778 0.123456790123)
(7.65432098765 7.77777777778 0.123456790123)
(7.77777777778 7.77777777778 0.123456790123)
(7.9012345679 7.77777777778 0.123456790123)
(8.02469135802 7.77777777778 0.123456790123)
(8.14814814815 7.77777777778 0.123456790123)
(8.27160493827 7.77777777778 0.123456790123)
(8.3950617284 7.77777777778 0.123456790123)
(8.51851851852 7.77777777778 0.123456790123)
(8.64197530864 7.77777777778 0.123456790123)
(8.76543209877 7.77777777778 0.123456790123)
(8.88888888889 7.77777777778 0.123456790123)
(9.01234567901 7.77777777778 0.123456790123)
(9.13580246914 7.77777777778 0.123456790123)
(9.25925925926 7.77777777778 0.123456790123)
(9.38271604938 7.77777777778 0.123456790123)
(9.50617283951 7.77777777778 0.123456790123)
(9.62962962963 7.77777777778 0.123456790123)
(9.75308641975 7.77777777778 0.123456790123)
(9.87654320988 7.77777777778 0.123456790123)
(10 7.77777777778 0.123456790123)
(0 7.9012345679 0.123456790123)
(0.123456790123 7.9012345679 0.123456790123)
(0.246913580247 7.9012345679 0.123456790123)
(0.37037037037 7.9012345679 0.123456790123)
(0.493827160494 7.9012345679 0.123456790123)
(0.617283950617 7.9012345679 0.123456790123)
(0.740740740741 7.9012345679 0.123456790123)
(0.864197530864 7.9012345679 0.123456790123)
(0.987654320988 7.9012345679 0.123456790123)
(1.11111111111 7.9012345679 0.123456790123)
(1.23456790123 7.9012345679 0.123456790123)
(1.35802469136 7.9012345679 0.123456790123)
(1.48148148148 7.9012345679 0.123456790123)
(1.6049382716 7.9012345679 0.123456790123)
(1.72839506173 7.9012345679 0.123456790123)
(1.85185185185 7.9012345679 0.123456790123)
(1.97530864198 7.9012345679 0.123456790123)
(2.0987654321 7.9012345679 0.123456790123)
(2.22222222222 7.9012345679 0.123456790123)
(2.34567901235 7.9012345679 0.123456790123)
(2.46913580247 7.9012345679 0.123456790123)
(2.59259259259 7.9012345679 0.123456790123)
(2.71604938272 7.9012345679 0.123456790123)
(2.83950617284 7.9012345679 0.123456790123)
(2.96296296296 7.9012345679 0.123456790123)
(3.08641975309 7.9012345679 0.123456790123)
(3.20987654321 7.9012345679 0.123456790123)
(3.33333333333 7.9012345679 0.123456790123)
(3.45679012346 7.9012345679 0.123456790123)
(3.58024691358 7.9012345679 0.123456790123)
(3.7037037037 7.9012345679 0.123456790123)
(3.82716049383 7.9012345679 0.123456790123)
(3.95061728395 7.9012345679 0.123456790123)
(4.07407407407 7.9012345679 0.123456790123)
(4.1975308642 7.9012345679 0.123456790123)
(4.32098765432 7.9012345679 0.123456790123)
(4.44444444444 7.9012345679 0.123456790123)
(4.56790123457 7.9012345679 0.123456790123)
(4.69135802469 7.9012345679 0.123456790123)
(4.81481481481 7.9012345679 0.123456790123)
(4.93827160494 7.9012345679 0.123456790123)
(5.06172839506 7.9012345679 0.123456790123)
(5.18518518519 7.9012345679 0.123456790123)
(5.30864197531 7.9012345679 0.123456790123)
(5.43209876543 7.9012345679 0.123456790123)
(5.55555555556 7.9012345679 0.123456790123)
(5.67901234568 7.9012345679 0.123456790123)
(5.8024691358 7.9012345679 0.123456790123)
(5.92592592593 7.9012345679 0.123456790123)
(6.04938271605 7.9012345679 0.123456790123)
(6.17283950617 7.9012345679 0.123456790123)
(6.2962962963 7.9012345679 0.123456790123)
(6.41975308642 7.9012345679 0.123456790123)
(6.54320987654 7.9012345679 0.123456790123)
(6.66666666667 7.9012345679 0.123456790123)
(6.79012345679 7.9012345679 0.123456790123)
(6.91358024691 7.9012345679 0.123456790123)
(7.03703703704 7.9012345679 0.123456790123)
(7.16049382716 7.9012345679 0.123456790123)
(7.28395061728 7.9012345679 0.123456790123)
(7.40740740741 7.9012345679 0.123456790123)
(7.53086419753 7.9012345679 0.123456790123)
(7.65432098765 7.9012345679 0.123456790123)
(7.77777777778 7.9012345679 0.123456790123)
(7.9012345679 7.9012345679 0.123456790123)
(8.02469135802 7.9012345679 0.123456790123)
(8.14814814815 7.9012345679 0.123456790123)
(8.27160493827 7.9012345679 0.123456790123)
(8.3950617284 7.9012345679 0.123456790123)
(8.51851851852 7.9012345679 0.123456790123)
(8.64197530864 7.9012345679 0.123456790123)
(8.76543209877 7.9012345679 0.123456790123)
(8.88888888889 7.9012345679 0.123456790123)
(9.01234567901 7.9012345679 0.123456790123)
(9.13580246914 7.9012345679 0.123456790123)
(9.25925925926 7.9012345679 0.123456790123)
(9.38271604938 7.9012345679 0.123456790123)
(9.50617283951 7.9012345679 0.123456790123)
(9.62962962963 7.9012345679 0.123456790123)
(9.75308641975 7.9012345679 0.123456790123)
(9.87654320988 7.9012345679 0.123456790123)
(10 7.9012345679 0.123456790123)
(0 8.02469135802 0.123456790123)
(0.123456790123 8.02469135802 0.123456790123)
(0.246913580247 8.02469135802 0.123456790123)
(0.37037037037 8.02469135802 0.123456790123)
(0.493827160494 8.02469135802 0.123456790123)
(0.617283950617 8.02469135802 0.123456790123)
(0.740740740741 8.02469135802 0.123456790123)
(0.864197530864 8.02469135802 0.123456790123)
(0.987654320988 8.02469135802 0.123456790123)
(1.11111111111 8.02469135802 0.123456790123)
(1.23456790123 8.02469135802 0.123456790123)
(1.35802469136 8.02469135802 0.123456790123)
(1.48148148148 8.02469135802 0.123456790123)
(1.6049382716 8.02469135802 0.123456790123)
(1.72839506173 8.02469135802 0.123456790123)
(1.85185185185 8.02469135802 0.123456790123)
(1.97530864198 8.02469135802 0.123456790123)
(2.0987654321 8.02469135802 0.123456790123)
(2.22222222222 8.02469135802 0.123456790123)
(2.34567901235 8.02469135802 0.123456790123)
(2.46913580247 8.02469135802 0.123456790123)
(2.59259259259 8.02469135802 0.123456790123)
(2.71604938272 8.02469135802 0.123456790123)
(2.83950617284 8.02469135802 0.123456790123)
(2.96296296296 8.02469135802 0.123456790123)
(3.08641975309 8.02469135802 0.123456790123)
(3.20987654321 8.02469135802 0.123456790123)
(3.33333333333 8.02469135802 0.123456790123)
(3.45679012346 8.02469135802 0.123456790123)
(3.58024691358 8.02469135802 0.123456790123)
(3.7037037037 8.02469135802 0.123456790123)
(3.82716049383 8.02469135802 0.123456790123)
(3.95061728395 8.02469135802 0.123456790123)
(4.07407407407 8.02469135802 0.123456790123)
(4.1975308642 8.02469135802 0.123456790123)
(4.32098765432 8.02469135802 0.123456790123)
(4.44444444444 8.02469135802 0.123456790123)
(4.56790123457 8.02469135802 0.123456790123)
(4.69135802469 8.02469135802 0.123456790123)
(4.81481481481 8.02469135802 0.123456790123)
(4.93827160494 8.02469135802 0.123456790123)
(5.06172839506 8.02469135802 0.123456790123)
(5.18518518519 8.02469135802 0.123456790123)
(5.30864197531 8.02469135802 0.123456790123)
(5.43209876543 8.02469135802 0.123456790123)
(5.55555555556 8.02469135802 0.123456790123)
(5.67901234568 8.02469135802 0.123456790123)
(5.8024691358 8.02469135802 0.123456790123)
(5.92592592593 8.02469135802 0.123456790123)
(6.04938271605 8.02469135802 0.123456790123)
(6.17283950617 8.02469135802 0.123456790123)
(6.2962962963 8.02469135802 0.123456790123)
(6.41975308642 8.02469135802 0.123456790123)
(6.54320987654 8.02469135802 0.123456790123)
(6.66666666667 8.02469135802 0.123456790123)
(6.79012345679 8.02469135802 0.123456790123)
(6.91358024691 8.02469135802 0.123456790123)
(7.03703703704 8.02469135802 0.123456790123)
(7.16049382716 8.02469135802 0.123456790123)
(7.28395061728 8.02469135802 0.123456790123)
(7.40740740741 8.02469135802 0.123456790123)
(7.53086419753 8.02469135802 0.123456790123)
(7.65432098765 8.02469135802 0.123456790123)
(7.77777777778 8.02469135802 0.123456790123)
(7.9012345679 8.02469135802 0.123456790123)
(8.02469135802 8.02469135802 0.123456790123)
(8.14814814815 8.02469135802 0.123456790123)
(8.27160493827 8.02469135802 0.123456790123)
(8.3950617284 8.02469135802 0.123456790123)
(8.51851851852 8.02469135802 0.123456790123)
(8.64197530864 8.02469135802 0.123456790123)
(8.76543209877 8.02469135802 0.123456790123)
(8.88888888889 8.02469135802 0.123456790123)
(9.01234567901 8.02469135802 0.123456790123)
(9.13580246914 8.02469135802 0.123456790123)
(9.25925925926 8.02469135802 0.123456790123)
(9.38271604938 8.02469135802 0.123456790123)
(9.50617283951 8.02469135802 0.123456790123)
(9.62962962963 8.02469135802 0.123456790123)
(9.75308641975 8.02469135802 0.123456790123)
(9.87654320988 8.02469135802 0.123456790123)
(10 8.02469135802 0.123456790123)
(0 8.14814814815 0.123456790123)
(0.123456790123 8.14814814815 0.123456790123)
(0.246913580247 8.14814814815 0.123456790123)
(0.37037037037 8.14814814815 0.123456790123)
(0.493827160494 8.14814814815 0.123456790123)
(0.617283950617 8.14814814815 0.123456790123)
(0.740740740741 8.14814814815 0.123456790123)
(0.864197530864 8.14814814815 0.123456790123)
(0.987654320988 8.14814814815 0.123456790123)
(1.11111111111 8.14814814815 0.123456790123)
(1.23456790123 8.14814814815 0.123456790123)
(1.35802469136 8.14814814815 0.123456790123)
(1.48148148148 8.14814814815 0.123456790123)
(1.6049382716 8.14814814815 0.123456790123)
(1.72839506173 8.14814814815 0.123456790123)
(1.85185185185 8.14814814815 0.123456790123)
(1.97530864198 8.14814814815 0.123456790123)
(2.0987654321 8.14814814815 0.123456790123)
(2.22222222222 8.14814814815 0.123456790123)
(2.34567901235 8.14814814815 0.123456790123)
(2.46913580247 8.14814814815 0.123456790123)
(2.59259259259 8.14814814815 0.123456790123)
(2.71604938272 8.14814814815 0.123456790123)
(2.83950617284 8.14814814815 0.123456790123)
(2.96296296296 8.14814814815 0.123456790123)
(3.08641975309 8.14814814815 0.123456790123)
(3.20987654321 8.14814814815 0.123456790123)
(3.33333333333 8.14814814815 0.123456790123)
(3.45679012346 8.14814814815 0.123456790123)
(3.58024691358 8.14814814815 0.123456790123)
(3.7037037037 8.14814814815 0.123456790123)
(3.82716049383 8.14814814815 0.123456790123)
(3.95061728395 8.14814814815 0.123456790123)
(4.07407407407 8.14814814815 0.123456790123)
(4.1975308642 8.14814814815 0.123456790123)
(4.32098765432 8.14814814815 0.123456790123)
(4.44444444444 8.14814814815 0.123456790123)
(4.56790123457 8.14814814815 0.123456790123)
(4.69135802469 8.14814814815 0.123456790123)
(4.81481481481 8.14814814815 0.123456790123)
(4.93827160494 8.14814814815 0.123456790123)
(5.06172839506 8.14814814815 0.123456790123)
(5.18518518519 8.14814814815 0.123456790123)
(5.30864197531 8.14814814815 0.123456790123)
(5.43209876543 8.14814814815 0.123456790123)
(5.55555555556 8.14814814815 0.123456790123)
(5.67901234568 8.14814814815 0.123456790123)
(5.8024691358 8.14814814815 0.123456790123)
(5.92592592593 8.14814814815 0.123456790123)
(6.04938271605 8.14814814815 0.123456790123)
(6.17283950617 8.14814814815 0.123456790123)
(6.2962962963 8.14814814815 0.123456790123)
(6.41975308642 8.14814814815 0.123456790123)
(6.54320987654 8.14814814815 0.123456790123)
(6.66666666667 8.14814814815 0.123456790123)
(6.79012345679 8.14814814815 0.123456790123)
(6.91358024691 8.14814814815 0.123456790123)
(7.03703703704 8.14814814815 0.123456790123)
(7.16049382716 8.14814814815 0.123456790123)
(7.28395061728 8.14814814815 0.123456790123)
(7.40740740741 8.14814814815 0.123456790123)
(7.53086419753 8.14814814815 0.123456790123)
(7.65432098765 8.14814814815 0.123456790123)
(7.77777777778 8.14814814815 0.123456790123)
(7.9012345679 8.14814814815 0.123456790123)
(8.02469135802 8.14814814815 0.123456790123)
(8.14814814815 8.14814814815 0.123456790123)
(8.27160493827 8.14814814815 0.123456790123)
(8.3950617284 8.14814814815 0.123456790123)
(8.51851851852 8.14814814815 0.123456790123)
(8.64197530864 8.14814814815 0.123456790123)
(8.76543209877 8.14814814815 0.123456790123)
(8.88888888889 8.14814814815 0.123456790123)
(9.01234567901 8.14814814815 0.123456790123)
(9.13580246914 8.14814814815 0.123456790123)
(9.25925925926 8.14814814815 0.123456790123)
(9.38271604938 8.14814814815 0.123456790123)
(9.50617283951 8.14814814815 0.123456790123)
(9.62962962963 8.14814814815 0.123456790123)
(9.75308641975 8.14814814815 0.123456790123)
(9.87654320988 8.14814814815 0.123456790123)
(10 8.14814814815 0.123456790123)
(0 8.27160493827 0.123456790123)
(0.123456790123 8.27160493827 0.123456790123)
(0.246913580247 8.27160493827 0.123456790123)
(0.37037037037 8.27160493827 0.123456790123)
(0.493827160494 8.27160493827 0.123456790123)
(0.617283950617 8.27160493827 0.123456790123)
(0.740740740741 8.27160493827 0.123456790123)
(0.864197530864 8.27160493827 0.123456790123)
(0.987654320988 8.27160493827 0.123456790123)
(1.11111111111 8.27160493827 0.123456790123)
(1.23456790123 8.27160493827 0.123456790123)
(1.35802469136 8.27160493827 0.123456790123)
(1.48148148148 8.27160493827 0.123456790123)
(1.6049382716 8.27160493827 0.123456790123)
(1.72839506173 8.27160493827 0.123456790123)
(1.85185185185 8.27160493827 0.123456790123)
(1.97530864198 8.27160493827 0.123456790123)
(2.0987654321 8.27160493827 0.123456790123)
(2.22222222222 8.27160493827 0.123456790123)
(2.34567901235 8.27160493827 0.123456790123)
(2.46913580247 8.27160493827 0.123456790123)
(2.59259259259 8.27160493827 0.123456790123)
(2.71604938272 8.27160493827 0.123456790123)
(2.83950617284 8.27160493827 0.123456790123)
(2.96296296296 8.27160493827 0.123456790123)
(3.08641975309 8.27160493827 0.123456790123)
(3.20987654321 8.27160493827 0.123456790123)
(3.33333333333 8.27160493827 0.123456790123)
(3.45679012346 8.27160493827 0.123456790123)
(3.58024691358 8.27160493827 0.123456790123)
(3.7037037037 8.27160493827 0.123456790123)
(3.82716049383 8.27160493827 0.123456790123)
(3.95061728395 8.27160493827 0.123456790123)
(4.07407407407 8.27160493827 0.123456790123)
(4.1975308642 8.27160493827 0.123456790123)
(4.32098765432 8.27160493827 0.123456790123)
(4.44444444444 8.27160493827 0.123456790123)
(4.56790123457 8.27160493827 0.123456790123)
(4.69135802469 8.27160493827 0.123456790123)
(4.81481481481 8.27160493827 0.123456790123)
(4.93827160494 8.27160493827 0.123456790123)
(5.06172839506 8.27160493827 0.123456790123)
(5.18518518519 8.27160493827 0.123456790123)
(5.30864197531 8.27160493827 0.123456790123)
(5.43209876543 8.27160493827 0.123456790123)
(5.55555555556 8.27160493827 0.123456790123)
(5.67901234568 8.27160493827 0.123456790123)
(5.8024691358 8.27160493827 0.123456790123)
(5.92592592593 8.27160493827 0.123456790123)
(6.04938271605 8.27160493827 0.123456790123)
(6.17283950617 8.27160493827 0.123456790123)
(6.2962962963 8.27160493827 0.123456790123)
(6.41975308642 8.27160493827 0.123456790123)
(6.54320987654 8.27160493827 0.123456790123)
(6.66666666667 8.27160493827 0.123456790123)
(6.79012345679 8.27160493827 0.123456790123)
(6.91358024691 8.27160493827 0.123456790123)
(7.03703703704 8.27160493827 0.123456790123)
(7.16049382716 8.27160493827 0.123456790123)
(7.28395061728 8.27160493827 0.123456790123)
(7.40740740741 8.27160493827 0.123456790123)
(7.53086419753 8.27160493827 0.123456790123)
(7.65432098765 8.27160493827 0.123456790123)
(7.77777777778 8.27160493827 0.123456790123)
(7.9012345679 8.27160493827 0.123456790123)
(8.02469135802 8.27160493827 0.123456790123)
(8.14814814815 8.27160493827 0.123456790123)
(8.27160493827 8.27160493827 0.123456790123)
(8.3950617284 8.27160493827 0.123456790123)
(8.51851851852 8.27160493827 0.123456790123)
(8.64197530864 8.27160493827 0.123456790123)
(8.76543209877 8.27160493827 0.123456790123)
(8.88888888889 8.27160493827 0.123456790123)
(9.01234567901 8.27160493827 0.123456790123)
(9.13580246914 8.27160493827 0.123456790123)
(9.25925925926 8.27160493827 0.123456790123)
(9.38271604938 8.27160493827 0.123456790123)
(9.50617283951 8.27160493827 0.123456790123)
(9.62962962963 8.27160493827 0.123456790123)
(9.75308641975 8.27160493827 0.123456790123)
(9.87654320988 8.27160493827 0.123456790123)
(10 8.27160493827 0.123456790123)
(0 8.3950617284 0.123456790123)
(0.123456790123 8.3950617284 0.123456790123)
(0.246913580247 8.3950617284 0.123456790123)
(0.37037037037 8.3950617284 0.123456790123)
(0.493827160494 8.3950617284 0.123456790123)
(0.617283950617 8.3950617284 0.123456790123)
(0.740740740741 8.3950617284 0.123456790123)
(0.864197530864 8.3950617284 0.123456790123)
(0.987654320988 8.3950617284 0.123456790123)
(1.11111111111 8.3950617284 0.123456790123)
(1.23456790123 8.3950617284 0.123456790123)
(1.35802469136 8.3950617284 0.123456790123)
(1.48148148148 8.3950617284 0.123456790123)
(1.6049382716 8.3950617284 0.123456790123)
(1.72839506173 8.3950617284 0.123456790123)
(1.85185185185 8.3950617284 0.123456790123)
(1.97530864198 8.3950617284 0.123456790123)
(2.0987654321 8.3950617284 0.123456790123)
(2.22222222222 8.3950617284 0.123456790123)
(2.34567901235 8.3950617284 0.123456790123)
(2.46913580247 8.3950617284 0.123456790123)
(2.59259259259 8.3950617284 0.123456790123)
(2.71604938272 8.3950617284 0.123456790123)
(2.83950617284 8.3950617284 0.123456790123)
(2.96296296296 8.3950617284 0.123456790123)
(3.08641975309 8.3950617284 0.123456790123)
(3.20987654321 8.3950617284 0.123456790123)
(3.33333333333 8.3950617284 0.123456790123)
(3.45679012346 8.3950617284 0.123456790123)
(3.58024691358 8.3950617284 0.123456790123)
(3.7037037037 8.3950617284 0.123456790123)
(3.82716049383 8.3950617284 0.123456790123)
(3.95061728395 8.3950617284 0.123456790123)
(4.07407407407 8.3950617284 0.123456790123)
(4.1975308642 8.3950617284 0.123456790123)
(4.32098765432 8.3950617284 0.123456790123)
(4.44444444444 8.3950617284 0.123456790123)
(4.56790123457 8.3950617284 0.123456790123)
(4.69135802469 8.3950617284 0.123456790123)
(4.81481481481 8.3950617284 0.123456790123)
(4.93827160494 8.3950617284 0.123456790123)
(5.06172839506 8.3950617284 0.123456790123)
(5.18518518519 8.3950617284 0.123456790123)
(5.30864197531 8.3950617284 0.123456790123)
(5.43209876543 8.3950617284 0.123456790123)
(5.55555555556 8.3950617284 0.123456790123)
(5.67901234568 8.3950617284 0.123456790123)
(5.8024691358 8.3950617284 0.123456790123)
(5.92592592593 8.3950617284 0.123456790123)
(6.04938271605 8.3950617284 0.123456790123)
(6.17283950617 8.3950617284 0.123456790123)
(6.2962962963 8.3950617284 0.123456790123)
(6.41975308642 8.3950617284 0.123456790123)
(6.54320987654 8.3950617284 0.123456790123)
(6.66666666667 8.3950617284 0.123456790123)
(6.79012345679 8.3950617284 0.123456790123)
(6.91358024691 8.3950617284 0.123456790123)
(7.03703703704 8.3950617284 0.123456790123)
(7.16049382716 8.3950617284 0.123456790123)
(7.28395061728 8.3950617284 0.123456790123)
(7.40740740741 8.3950617284 0.123456790123)
(7.53086419753 8.3950617284 0.123456790123)
(7.65432098765 8.3950617284 0.123456790123)
(7.77777777778 8.3950617284 0.123456790123)
(7.9012345679 8.3950617284 0.123456790123)
(8.02469135802 8.3950617284 0.123456790123)
(8.14814814815 8.3950617284 0.123456790123)
(8.27160493827 8.3950617284 0.123456790123)
(8.3950617284 8.3950617284 0.123456790123)
(8.51851851852 8.3950617284 0.123456790123)
(8.64197530864 8.3950617284 0.123456790123)
(8.76543209877 8.3950617284 0.123456790123)
(8.88888888889 8.3950617284 0.123456790123)
(9.01234567901 8.3950617284 0.123456790123)
(9.13580246914 8.3950617284 0.123456790123)
(9.25925925926 8.3950617284 0.123456790123)
(9.38271604938 8.3950617284 0.123456790123)
(9.50617283951 8.3950617284 0.123456790123)
(9.62962962963 8.3950617284 0.123456790123)
(9.75308641975 8.3950617284 0.123456790123)
(9.87654320988 8.3950617284 0.123456790123)
(10 8.3950617284 0.123456790123)
(0 8.51851851852 0.123456790123)
(0.123456790123 8.51851851852 0.123456790123)
(0.246913580247 8.51851851852 0.123456790123)
(0.37037037037 8.51851851852 0.123456790123)
(0.493827160494 8.51851851852 0.123456790123)
(0.617283950617 8.51851851852 0.123456790123)
(0.740740740741 8.51851851852 0.123456790123)
(0.864197530864 8.51851851852 0.123456790123)
(0.987654320988 8.51851851852 0.123456790123)
(1.11111111111 8.51851851852 0.123456790123)
(1.23456790123 8.51851851852 0.123456790123)
(1.35802469136 8.51851851852 0.123456790123)
(1.48148148148 8.51851851852 0.123456790123)
(1.6049382716 8.51851851852 0.123456790123)
(1.72839506173 8.51851851852 0.123456790123)
(1.85185185185 8.51851851852 0.123456790123)
(1.97530864198 8.51851851852 0.123456790123)
(2.0987654321 8.51851851852 0.123456790123)
(2.22222222222 8.51851851852 0.123456790123)
(2.34567901235 8.51851851852 0.123456790123)
(2.46913580247 8.51851851852 0.123456790123)
(2.59259259259 8.51851851852 0.123456790123)
(2.71604938272 8.51851851852 0.123456790123)
(2.83950617284 8.51851851852 0.123456790123)
(2.96296296296 8.51851851852 0.123456790123)
(3.08641975309 8.51851851852 0.123456790123)
(3.20987654321 8.51851851852 0.123456790123)
(3.33333333333 8.51851851852 0.123456790123)
(3.45679012346 8.51851851852 0.123456790123)
(3.58024691358 8.51851851852 0.123456790123)
(3.7037037037 8.51851851852 0.123456790123)
(3.82716049383 8.51851851852 0.123456790123)
(3.95061728395 8.51851851852 0.123456790123)
(4.07407407407 8.51851851852 0.123456790123)
(4.1975308642 8.51851851852 0.123456790123)
(4.32098765432 8.51851851852 0.123456790123)
(4.44444444444 8.51851851852 0.123456790123)
(4.56790123457 8.51851851852 0.123456790123)
(4.69135802469 8.51851851852 0.123456790123)
(4.81481481481 8.51851851852 0.123456790123)
(4.93827160494 8.51851851852 0.123456790123)
(5.06172839506 8.51851851852 0.123456790123)
(5.18518518519 8.51851851852 0.123456790123)
(5.30864197531 8.51851851852 0.123456790123)
(5.43209876543 8.51851851852 0.123456790123)
(5.55555555556 8.51851851852 0.123456790123)
(5.67901234568 8.51851851852 0.123456790123)
(5.8024691358 8.51851851852 0.123456790123)
(5.92592592593 8.51851851852 0.123456790123)
(6.04938271605 8.51851851852 0.123456790123)
(6.17283950617 8.51851851852 0.123456790123)
(6.2962962963 8.51851851852 0.123456790123)
(6.41975308642 8.51851851852 0.123456790123)
(6.54320987654 8.51851851852 0.123456790123)
(6.66666666667 8.51851851852 0.123456790123)
(6.79012345679 8.51851851852 0.123456790123)
(6.91358024691 8.51851851852 0.123456790123)
(7.03703703704 8.51851851852 0.123456790123)
(7.16049382716 8.51851851852 0.123456790123)
(7.28395061728 8.51851851852 0.123456790123)
(7.40740740741 8.51851851852 0.123456790123)
(7.53086419753 8.51851851852 0.123456790123)
(7.65432098765 8.51851851852 0.123456790123)
(7.77777777778 8.51851851852 0.123456790123)
(7.9012345679 8.51851851852 0.123456790123)
(8.02469135802 8.51851851852 0.123456790123)
(8.14814814815 8.51851851852 0.123456790123)
(8.27160493827 8.51851851852 0.123456790123)
(8.3950617284 8.51851851852 0.123456790123)
(8.51851851852 8.51851851852 0.123456790123)
(8.64197530864 8.51851851852 0.123456790123)
(8.76543209877 8.51851851852 0.123456790123)
(8.88888888889 8.51851851852 0.123456790123)
(9.01234567901 8.51851851852 0.123456790123)
(9.13580246914 8.51851851852 0.123456790123)
(9.25925925926 8.51851851852 0.123456790123)
(9.38271604938 8.51851851852 0.123456790123)
(9.50617283951 8.51851851852 0.123456790123)
(9.62962962963 8.51851851852 0.123456790123)
(9.75308641975 8.51851851852 0.123456790123)
(9.87654320988 8.51851851852 0.123456790123)
(10 8.51851851852 0.123456790123)
(0 8.64197530864 0.123456790123)
(0.123456790123 8.64197530864 0.123456790123)
(0.246913580247 8.64197530864 0.123456790123)
(0.37037037037 8.64197530864 0.123456790123)
(0.493827160494 8.64197530864 0.123456790123)
(0.617283950617 8.64197530864 0.123456790123)
(0.740740740741 8.64197530864 0.123456790123)
(0.864197530864 8.64197530864 0.123456790123)
(0.987654320988 8.64197530864 0.123456790123)
(1.11111111111 8.64197530864 0.123456790123)
(1.23456790123 8.64197530864 0.123456790123)
(1.35802469136 8.64197530864 0.123456790123)
(1.48148148148 8.64197530864 0.123456790123)
(1.6049382716 8.64197530864 0.123456790123)
(1.72839506173 8.64197530864 0.123456790123)
(1.85185185185 8.64197530864 0.123456790123)
(1.97530864198 8.64197530864 0.123456790123)
(2.0987654321 8.64197530864 0.123456790123)
(2.22222222222 8.64197530864 0.123456790123)
(2.34567901235 8.64197530864 0.123456790123)
(2.46913580247 8.64197530864 0.123456790123)
(2.59259259259 8.64197530864 0.123456790123)
(2.71604938272 8.64197530864 0.123456790123)
(2.83950617284 8.64197530864 0.123456790123)
(2.96296296296 8.64197530864 0.123456790123)
(3.08641975309 8.64197530864 0.123456790123)
(3.20987654321 8.64197530864 0.123456790123)
(3.33333333333 8.64197530864 0.123456790123)
(3.45679012346 8.64197530864 0.123456790123)
(3.58024691358 8.64197530864 0.123456790123)
(3.7037037037 8.64197530864 0.123456790123)
(3.82716049383 8.64197530864 0.123456790123)
(3.95061728395 8.64197530864 0.123456790123)
(4.07407407407 8.64197530864 0.123456790123)
(4.1975308642 8.64197530864 0.123456790123)
(4.32098765432 8.64197530864 0.123456790123)
(4.44444444444 8.64197530864 0.123456790123)
(4.56790123457 8.64197530864 0.123456790123)
(4.69135802469 8.64197530864 0.123456790123)
(4.81481481481 8.64197530864 0.123456790123)
(4.93827160494 8.64197530864 0.123456790123)
(5.06172839506 8.64197530864 0.123456790123)
(5.18518518519 8.64197530864 0.123456790123)
(5.30864197531 8.64197530864 0.123456790123)
(5.43209876543 8.64197530864 0.123456790123)
(5.55555555556 8.64197530864 0.123456790123)
(5.67901234568 8.64197530864 0.123456790123)
(5.8024691358 8.64197530864 0.123456790123)
(5.92592592593 8.64197530864 0.123456790123)
(6.04938271605 8.64197530864 0.123456790123)
(6.17283950617 8.64197530864 0.123456790123)
(6.2962962963 8.64197530864 0.123456790123)
(6.41975308642 8.64197530864 0.123456790123)
(6.54320987654 8.64197530864 0.123456790123)
(6.66666666667 8.64197530864 0.123456790123)
(6.79012345679 8.64197530864 0.123456790123)
(6.91358024691 8.64197530864 0.123456790123)
(7.03703703704 8.64197530864 0.123456790123)
(7.16049382716 8.64197530864 0.123456790123)
(7.28395061728 8.64197530864 0.123456790123)
(7.40740740741 8.64197530864 0.123456790123)
(7.53086419753 8.64197530864 0.123456790123)
(7.65432098765 8.64197530864 0.123456790123)
(7.77777777778 8.64197530864 0.123456790123)
(7.9012345679 8.64197530864 0.123456790123)
(8.02469135802 8.64197530864 0.123456790123)
(8.14814814815 8.64197530864 0.123456790123)
(8.27160493827 8.64197530864 0.123456790123)
(8.3950617284 8.64197530864 0.123456790123)
(8.51851851852 8.64197530864 0.123456790123)
(8.64197530864 8.64197530864 0.123456790123)
(8.76543209877 8.64197530864 0.123456790123)
(8.88888888889 8.64197530864 0.123456790123)
(9.01234567901 8.64197530864 0.123456790123)
(9.13580246914 8.64197530864 0.123456790123)
(9.25925925926 8.64197530864 0.123456790123)
(9.38271604938 8.64197530864 0.123456790123)
(9.50617283951 8.64197530864 0.123456790123)
(9.62962962963 8.64197530864 0.123456790123)
(9.75308641975 8.64197530864 0.123456790123)
(9.87654320988 8.64197530864 0.123456790123)
(10 8.64197530864 0.123456790123)
(0 8.76543209877 0.123456790123)
(0.123456790123 8.76543209877 0.123456790123)
(0.246913580247 8.76543209877 0.123456790123)
(0.37037037037 8.76543209877 0.123456790123)
(0.493827160494 8.76543209877 0.123456790123)
(0.617283950617 8.76543209877 0.123456790123)
(0.740740740741 8.76543209877 0.123456790123)
(0.864197530864 8.76543209877 0.123456790123)
(0.987654320988 8.76543209877 0.123456790123)
(1.11111111111 8.76543209877 0.123456790123)
(1.23456790123 8.76543209877 0.123456790123)
(1.35802469136 8.76543209877 0.123456790123)
(1.48148148148 8.76543209877 0.123456790123)
(1.6049382716 8.76543209877 0.123456790123)
(1.72839506173 8.76543209877 0.123456790123)
(1.85185185185 8.76543209877 0.123456790123)
(1.97530864198 8.76543209877 0.123456790123)
(2.0987654321 8.76543209877 0.123456790123)
(2.22222222222 8.76543209877 0.123456790123)
(2.34567901235 8.76543209877 0.123456790123)
(2.46913580247 8.76543209877 0.123456790123)
(2.59259259259 8.76543209877 0.123456790123)
(2.71604938272 8.76543209877 0.123456790123)
(2.83950617284 8.76543209877 0.123456790123)
(2.96296296296 8.76543209877 0.123456790123)
(3.08641975309 8.76543209877 0.123456790123)
(3.20987654321 8.76543209877 0.123456790123)
(3.33333333333 8.76543209877 0.123456790123)
(3.45679012346 8.76543209877 0.123456790123)
(3.58024691358 8.76543209877 0.123456790123)
(3.7037037037 8.76543209877 0.123456790123)
(3.82716049383 8.76543209877 0.123456790123)
(3.95061728395 8.76543209877 0.123456790123)
(4.07407407407 8.76543209877 0.123456790123)
(4.1975308642 8.76543209877 0.123456790123)
(4.32098765432 8.76543209877 0.123456790123)
(4.44444444444 8.76543209877 0.123456790123)
(4.56790123457 8.76543209877 0.123456790123)
(4.69135802469 8.76543209877 0.123456790123)
(4.81481481481 8.76543209877 0.123456790123)
(4.93827160494 8.76543209877 0.123456790123)
(5.06172839506 8.76543209877 0.123456790123)
(5.18518518519 8.76543209877 0.123456790123)
(5.30864197531 8.76543209877 0.123456790123)
(5.43209876543 8.76543209877 0.123456790123)
(5.55555555556 8.76543209877 0.123456790123)
(5.67901234568 8.76543209877 0.123456790123)
(5.8024691358 8.76543209877 0.123456790123)
(5.92592592593 8.76543209877 0.123456790123)
(6.04938271605 8.76543209877 0.123456790123)
(6.17283950617 8.76543209877 0.123456790123)
(6.2962962963 8.76543209877 0.123456790123)
(6.41975308642 8.76543209877 0.123456790123)
(6.54320987654 8.76543209877 0.123456790123)
(6.66666666667 8.76543209877 0.123456790123)
(6.79012345679 8.76543209877 0.123456790123)
(6.91358024691 8.76543209877 0.123456790123)
(7.03703703704 8.76543209877 0.123456790123)
(7.16049382716 8.76543209877 0.123456790123)
(7.28395061728 8.76543209877 0.123456790123)
(7.40740740741 8.76543209877 0.123456790123)
(7.53086419753 8.76543209877 0.123456790123)
(7.65432098765 8.76543209877 0.123456790123)
(7.77777777778 8.76543209877 0.123456790123)
(7.9012345679 8.76543209877 0.123456790123)
(8.02469135802 8.76543209877 0.123456790123)
(8.14814814815 8.76543209877 0.123456790123)
(8.27160493827 8.76543209877 0.123456790123)
(8.3950617284 8.76543209877 0.123456790123)
(8.51851851852 8.76543209877 0.123456790123)
(8.64197530864 8.76543209877 0.123456790123)
(8.76543209877 8.76543209877 0.123456790123)
(8.88888888889 8.76543209877 0.123456790123)
(9.01234567901 8.76543209877 0.123456790123)
(9.13580246914 8.76543209877 0.123456790123)
(9.25925925926 8.76543209877 0.123456790123)
(9.38271604938 8.76543209877 0.123456790123)
(9.50617283951 8.76543209877 0.123456790123)
(9.62962962963 8.76543209877 0.123456790123)
(9.75308641975 8.76543209877 0.123456790123)
(9.87654320988 8.76543209877 0.123456790123)
(10 8.76543209877 0.123456790123)
(0 8.88888888889 0.123456790123)
(0.123456790123 8.88888888889 0.123456790123)
(0.246913580247 8.88888888889 0.123456790123)
(0.37037037037 8.88888888889 0.123456790123)
(0.493827160494 8.88888888889 0.123456790123)
(0.617283950617 8.88888888889 0.123456790123)
(0.740740740741 8.88888888889 0.123456790123)
(0.864197530864 8.88888888889 0.123456790123)
(0.987654320988 8.88888888889 0.123456790123)
(1.11111111111 8.88888888889 0.123456790123)
(1.23456790123 8.88888888889 0.123456790123)
(1.35802469136 8.88888888889 0.123456790123)
(1.48148148148 8.88888888889 0.123456790123)
(1.6049382716 8.88888888889 0.123456790123)
(1.72839506173 8.88888888889 0.123456790123)
(1.85185185185 8.88888888889 0.123456790123)
(1.97530864198 8.88888888889 0.123456790123)
(2.0987654321 8.88888888889 0.123456790123)
(2.22222222222 8.88888888889 0.123456790123)
(2.34567901235 8.88888888889 0.123456790123)
(2.46913580247 8.88888888889 0.123456790123)
(2.59259259259 8.88888888889 0.123456790123)
(2.71604938272 8.88888888889 0.123456790123)
(2.83950617284 8.88888888889 0.123456790123)
(2.96296296296 8.88888888889 0.123456790123)
(3.08641975309 8.88888888889 0.123456790123)
(3.20987654321 8.88888888889 0.123456790123)
(3.33333333333 8.88888888889 0.123456790123)
(3.45679012346 8.88888888889 0.123456790123)
(3.58024691358 8.88888888889 0.123456790123)
(3.7037037037 8.88888888889 0.123456790123)
(3.82716049383 8.88888888889 0.123456790123)
(3.95061728395 8.88888888889 0.123456790123)
(4.07407407407 8.88888888889 0.123456790123)
(4.1975308642 8.88888888889 0.123456790123)
(4.32098765432 8.88888888889 0.123456790123)
(4.44444444444 8.88888888889 0.123456790123)
(4.56790123457 8.88888888889 0.123456790123)
(4.69135802469 8.88888888889 0.123456790123)
(4.81481481481 8.88888888889 0.123456790123)
(4.93827160494 8.88888888889 0.123456790123)
(5.06172839506 8.88888888889 0.123456790123)
(5.18518518519 8.88888888889 0.123456790123)
(5.30864197531 8.88888888889 0.123456790123)
(5.43209876543 8.88888888889 0.123456790123)
(5.55555555556 8.88888888889 0.123456790123)
(5.67901234568 8.88888888889 0.123456790123)
(5.8024691358 8.88888888889 0.123456790123)
(5.92592592593 8.88888888889 0.123456790123)
(6.04938271605 8.88888888889 0.123456790123)
(6.17283950617 8.88888888889 0.123456790123)
(6.2962962963 8.88888888889 0.123456790123)
(6.41975308642 8.88888888889 0.123456790123)
(6.54320987654 8.88888888889 0.123456790123)
(6.66666666667 8.88888888889 0.123456790123)
(6.79012345679 8.88888888889 0.123456790123)
(6.91358024691 8.88888888889 0.123456790123)
(7.03703703704 8.88888888889 0.123456790123)
(7.16049382716 8.88888888889 0.123456790123)
(7.28395061728 8.88888888889 0.123456790123)
(7.40740740741 8.88888888889 0.123456790123)
(7.53086419753 8.88888888889 0.123456790123)
(7.65432098765 8.88888888889 0.123456790123)
(7.77777777778 8.88888888889 0.123456790123)
(7.9012345679 8.88888888889 0.123456790123)
(8.02469135802 8.88888888889 0.123456790123)
(8.14814814815 8.88888888889 0.123456790123)
(8.27160493827 8.88888888889 0.123456790123)
(8.3950617284 8.88888888889 0.123456790123)
(8.51851851852 8.88888888889 0.123456790123)
(8.64197530864 8.88888888889 0.123456790123)
(8.76543209877 8.88888888889 0.123456790123)
(8.88888888889 8.88888888889 0.123456790123)
(9.01234567901 8.88888888889 0.123456790123)
(9.13580246914 8.88888888889 0.123456790123)
(9.25925925926 8.88888888889 0.123456790123)
(9.38271604938 8.88888888889 0.123456790123)
(9.50617283951 8.88888888889 0.123456790123)
(9.62962962963 8.88888888889 0.123456790123)
(9.75308641975 8.88888888889 0.123456790123)
(9.87654320988 8.88888888889 0.123456790123)
(10 8.88888888889 0.123456790123)
(0 9.01234567901 0.123456790123)
(0.123456790123 9.01234567901 0.123456790123)
(0.246913580247 9.01234567901 0.123456790123)
(0.37037037037 9.01234567901 0.123456790123)
(0.493827160494 9.01234567901 0.123456790123)
(0.617283950617 9.01234567901 0.123456790123)
(0.740740740741 9.01234567901 0.123456790123)
(0.864197530864 9.01234567901 0.123456790123)
(0.987654320988 9.01234567901 0.123456790123)
(1.11111111111 9.01234567901 0.123456790123)
(1.23456790123 9.01234567901 0.123456790123)
(1.35802469136 9.01234567901 0.123456790123)
(1.48148148148 9.01234567901 0.123456790123)
(1.6049382716 9.01234567901 0.123456790123)
(1.72839506173 9.01234567901 0.123456790123)
(1.85185185185 9.01234567901 0.123456790123)
(1.97530864198 9.01234567901 0.123456790123)
(2.0987654321 9.01234567901 0.123456790123)
(2.22222222222 9.01234567901 0.123456790123)
(2.34567901235 9.01234567901 0.123456790123)
(2.46913580247 9.01234567901 0.123456790123)
(2.59259259259 9.01234567901 0.123456790123)
(2.71604938272 9.01234567901 0.123456790123)
(2.83950617284 9.01234567901 0.123456790123)
(2.96296296296 9.01234567901 0.123456790123)
(3.08641975309 9.01234567901 0.123456790123)
(3.20987654321 9.01234567901 0.123456790123)
(3.33333333333 9.01234567901 0.123456790123)
(3.45679012346 9.01234567901 0.123456790123)
(3.58024691358 9.01234567901 0.123456790123)
(3.7037037037 9.01234567901 0.123456790123)
(3.82716049383 9.01234567901 0.123456790123)
(3.95061728395 9.01234567901 0.123456790123)
(4.07407407407 9.01234567901 0.123456790123)
(4.1975308642 9.01234567901 0.123456790123)
(4.32098765432 9.01234567901 0.123456790123)
(4.44444444444 9.01234567901 0.123456790123)
(4.56790123457 9.01234567901 0.123456790123)
(4.69135802469 9.01234567901 0.123456790123)
(4.81481481481 9.01234567901 0.123456790123)
(4.93827160494 9.01234567901 0.123456790123)
(5.06172839506 9.01234567901 0.123456790123)
(5.18518518519 9.01234567901 0.123456790123)
(5.30864197531 9.01234567901 0.123456790123)
(5.43209876543 9.01234567901 0.123456790123)
(5.55555555556 9.01234567901 0.123456790123)
(5.67901234568 9.01234567901 0.123456790123)
(5.8024691358 9.01234567901 0.123456790123)
(5.92592592593 9.01234567901 0.123456790123)
(6.04938271605 9.01234567901 0.123456790123)
(6.17283950617 9.01234567901 0.123456790123)
(6.2962962963 9.01234567901 0.123456790123)
(6.41975308642 9.01234567901 0.123456790123)
(6.54320987654 9.01234567901 0.123456790123)
(6.66666666667 9.01234567901 0.123456790123)
(6.79012345679 9.01234567901 0.123456790123)
(6.91358024691 9.01234567901 0.123456790123)
(7.03703703704 9.01234567901 0.123456790123)
(7.16049382716 9.01234567901 0.123456790123)
(7.28395061728 9.01234567901 0.123456790123)
(7.40740740741 9.01234567901 0.123456790123)
(7.53086419753 9.01234567901 0.123456790123)
(7.65432098765 9.01234567901 0.123456790123)
(7.77777777778 9.01234567901 0.123456790123)
(7.9012345679 9.01234567901 0.123456790123)
(8.02469135802 9.01234567901 0.123456790123)
(8.14814814815 9.01234567901 0.123456790123)
(8.27160493827 9.01234567901 0.123456790123)
(8.3950617284 9.01234567901 0.123456790123)
(8.51851851852 9.01234567901 0.123456790123)
(8.64197530864 9.01234567901 0.123456790123)
(8.76543209877 9.01234567901 0.123456790123)
(8.88888888889 9.01234567901 0.123456790123)
(9.01234567901 9.01234567901 0.123456790123)
(9.13580246914 9.01234567901 0.123456790123)
(9.25925925926 9.01234567901 0.123456790123)
(9.38271604938 9.01234567901 0.123456790123)
(9.50617283951 9.01234567901 0.123456790123)
(9.62962962963 9.01234567901 0.123456790123)
(9.75308641975 9.01234567901 0.123456790123)
(9.87654320988 9.01234567901 0.123456790123)
(10 9.01234567901 0.123456790123)
(0 9.13580246914 0.123456790123)
(0.123456790123 9.13580246914 0.123456790123)
(0.246913580247 9.13580246914 0.123456790123)
(0.37037037037 9.13580246914 0.123456790123)
(0.493827160494 9.13580246914 0.123456790123)
(0.617283950617 9.13580246914 0.123456790123)
(0.740740740741 9.13580246914 0.123456790123)
(0.864197530864 9.13580246914 0.123456790123)
(0.987654320988 9.13580246914 0.123456790123)
(1.11111111111 9.13580246914 0.123456790123)
(1.23456790123 9.13580246914 0.123456790123)
(1.35802469136 9.13580246914 0.123456790123)
(1.48148148148 9.13580246914 0.123456790123)
(1.6049382716 9.13580246914 0.123456790123)
(1.72839506173 9.13580246914 0.123456790123)
(1.85185185185 9.13580246914 0.123456790123)
(1.97530864198 9.13580246914 0.123456790123)
(2.0987654321 9.13580246914 0.123456790123)
(2.22222222222 9.13580246914 0.123456790123)
(2.34567901235 9.13580246914 0.123456790123)
(2.46913580247 9.13580246914 0.123456790123)
(2.59259259259 9.13580246914 0.123456790123)
(2.71604938272 9.13580246914 0.123456790123)
(2.83950617284 9.13580246914 0.123456790123)
(2.96296296296 9.13580246914 0.123456790123)
(3.08641975309 9.13580246914 0.123456790123)
(3.20987654321 9.13580246914 0.123456790123)
(3.33333333333 9.13580246914 0.123456790123)
(3.45679012346 9.13580246914 0.123456790123)
(3.58024691358 9.13580246914 0.123456790123)
(3.7037037037 9.13580246914 0.123456790123)
(3.82716049383 9.13580246914 0.123456790123)
(3.95061728395 9.13580246914 0.123456790123)
(4.07407407407 9.13580246914 0.123456790123)
(4.1975308642 9.13580246914 0.123456790123)
(4.32098765432 9.13580246914 0.123456790123)
(4.44444444444 9.13580246914 0.123456790123)
(4.56790123457 9.13580246914 0.123456790123)
(4.69135802469 9.13580246914 0.123456790123)
(4.81481481481 9.13580246914 0.123456790123)
(4.93827160494 9.13580246914 0.123456790123)
(5.06172839506 9.13580246914 0.123456790123)
(5.18518518519 9.13580246914 0.123456790123)
(5.30864197531 9.13580246914 0.123456790123)
(5.43209876543 9.13580246914 0.123456790123)
(5.55555555556 9.13580246914 0.123456790123)
(5.67901234568 9.13580246914 0.123456790123)
(5.8024691358 9.13580246914 0.123456790123)
(5.92592592593 9.13580246914 0.123456790123)
(6.04938271605 9.13580246914 0.123456790123)
(6.17283950617 9.13580246914 0.123456790123)
(6.2962962963 9.13580246914 0.123456790123)
(6.41975308642 9.13580246914 0.123456790123)
(6.54320987654 9.13580246914 0.123456790123)
(6.66666666667 9.13580246914 0.123456790123)
(6.79012345679 9.13580246914 0.123456790123)
(6.91358024691 9.13580246914 0.123456790123)
(7.03703703704 9.13580246914 0.123456790123)
(7.16049382716 9.13580246914 0.123456790123)
(7.28395061728 9.13580246914 0.123456790123)
(7.40740740741 9.13580246914 0.123456790123)
(7.53086419753 9.13580246914 0.123456790123)
(7.65432098765 9.13580246914 0.123456790123)
(7.77777777778 9.13580246914 0.123456790123)
(7.9012345679 9.13580246914 0.123456790123)
(8.02469135802 9.13580246914 0.123456790123)
(8.14814814815 9.13580246914 0.123456790123)
(8.27160493827 9.13580246914 0.123456790123)
(8.3950617284 9.13580246914 0.123456790123)
(8.51851851852 9.13580246914 0.123456790123)
(8.64197530864 9.13580246914 0.123456790123)
(8.76543209877 9.13580246914 0.123456790123)
(8.88888888889 9.13580246914 0.123456790123)
(9.01234567901 9.13580246914 0.123456790123)
(9.13580246914 9.13580246914 0.123456790123)
(9.25925925926 9.13580246914 0.123456790123)
(9.38271604938 9.13580246914 0.123456790123)
(9.50617283951 9.13580246914 0.123456790123)
(9.62962962963 9.13580246914 0.123456790123)
(9.75308641975 9.13580246914 0.123456790123)
(9.87654320988 9.13580246914 0.123456790123)
(10 9.13580246914 0.123456790123)
(0 9.25925925926 0.123456790123)
(0.123456790123 9.25925925926 0.123456790123)
(0.246913580247 9.25925925926 0.123456790123)
(0.37037037037 9.25925925926 0.123456790123)
(0.493827160494 9.25925925926 0.123456790123)
(0.617283950617 9.25925925926 0.123456790123)
(0.740740740741 9.25925925926 0.123456790123)
(0.864197530864 9.25925925926 0.123456790123)
(0.987654320988 9.25925925926 0.123456790123)
(1.11111111111 9.25925925926 0.123456790123)
(1.23456790123 9.25925925926 0.123456790123)
(1.35802469136 9.25925925926 0.123456790123)
(1.48148148148 9.25925925926 0.123456790123)
(1.6049382716 9.25925925926 0.123456790123)
(1.72839506173 9.25925925926 0.123456790123)
(1.85185185185 9.25925925926 0.123456790123)
(1.97530864198 9.25925925926 0.123456790123)
(2.0987654321 9.25925925926 0.123456790123)
(2.22222222222 9.25925925926 0.123456790123)
(2.34567901235 9.25925925926 0.123456790123)
(2.46913580247 9.25925925926 0.123456790123)
(2.59259259259 9.25925925926 0.123456790123)
(2.71604938272 9.25925925926 0.123456790123)
(2.83950617284 9.25925925926 0.123456790123)
(2.96296296296 9.25925925926 0.123456790123)
(3.08641975309 9.25925925926 0.123456790123)
(3.20987654321 9.25925925926 0.123456790123)
(3.33333333333 9.25925925926 0.123456790123)
(3.45679012346 9.25925925926 0.123456790123)
(3.58024691358 9.25925925926 0.123456790123)
(3.7037037037 9.25925925926 0.123456790123)
(3.82716049383 9.25925925926 0.123456790123)
(3.95061728395 9.25925925926 0.123456790123)
(4.07407407407 9.25925925926 0.123456790123)
(4.1975308642 9.25925925926 0.123456790123)
(4.32098765432 9.25925925926 0.123456790123)
(4.44444444444 9.25925925926 0.123456790123)
(4.56790123457 9.25925925926 0.123456790123)
(4.69135802469 9.25925925926 0.123456790123)
(4.81481481481 9.25925925926 0.123456790123)
(4.93827160494 9.25925925926 0.123456790123)
(5.06172839506 9.25925925926 0.123456790123)
(5.18518518519 9.25925925926 0.123456790123)
(5.30864197531 9.25925925926 0.123456790123)
(5.43209876543 9.25925925926 0.123456790123)
(5.55555555556 9.25925925926 0.123456790123)
(5.67901234568 9.25925925926 0.123456790123)
(5.8024691358 9.25925925926 0.123456790123)
(5.92592592593 9.25925925926 0.123456790123)
(6.04938271605 9.25925925926 0.123456790123)
(6.17283950617 9.25925925926 0.123456790123)
(6.2962962963 9.25925925926 0.123456790123)
(6.41975308642 9.25925925926 0.123456790123)
(6.54320987654 9.25925925926 0.123456790123)
(6.66666666667 9.25925925926 0.123456790123)
(6.79012345679 9.25925925926 0.123456790123)
(6.91358024691 9.25925925926 0.123456790123)
(7.03703703704 9.25925925926 0.123456790123)
(7.16049382716 9.25925925926 0.123456790123)
(7.28395061728 9.25925925926 0.123456790123)
(7.40740740741 9.25925925926 0.123456790123)
(7.53086419753 9.25925925926 0.123456790123)
(7.65432098765 9.25925925926 0.123456790123)
(7.77777777778 9.25925925926 0.123456790123)
(7.9012345679 9.25925925926 0.123456790123)
(8.02469135802 9.25925925926 0.123456790123)
(8.14814814815 9.25925925926 0.123456790123)
(8.27160493827 9.25925925926 0.123456790123)
(8.3950617284 9.25925925926 0.123456790123)
(8.51851851852 9.25925925926 0.123456790123)
(8.64197530864 9.25925925926 0.123456790123)
(8.76543209877 9.25925925926 0.123456790123)
(8.88888888889 9.25925925926 0.123456790123)
(9.01234567901 9.25925925926 0.123456790123)
(9.13580246914 9.25925925926 0.123456790123)
(9.25925925926 9.25925925926 0.123456790123)
(9.38271604938 9.25925925926 0.123456790123)
(9.50617283951 9.25925925926 0.123456790123)
(9.62962962963 9.25925925926 0.123456790123)
(9.75308641975 9.25925925926 0.123456790123)
(9.87654320988 9.25925925926 0.123456790123)
(10 9.25925925926 0.123456790123)
(0 9.38271604938 0.123456790123)
(0.123456790123 9.38271604938 0.123456790123)
(0.246913580247 9.38271604938 0.123456790123)
(0.37037037037 9.38271604938 0.123456790123)
(0.493827160494 9.38271604938 0.123456790123)
(0.617283950617 9.38271604938 0.123456790123)
(0.740740740741 9.38271604938 0.123456790123)
(0.864197530864 9.38271604938 0.123456790123)
(0.987654320988 9.38271604938 0.123456790123)
(1.11111111111 9.38271604938 0.123456790123)
(1.23456790123 9.38271604938 0.123456790123)
(1.35802469136 9.38271604938 0.123456790123)
(1.48148148148 9.38271604938 0.123456790123)
(1.6049382716 9.38271604938 0.123456790123)
(1.72839506173 9.38271604938 0.123456790123)
(1.85185185185 9.38271604938 0.123456790123)
(1.97530864198 9.38271604938 0.123456790123)
(2.0987654321 9.38271604938 0.123456790123)
(2.22222222222 9.38271604938 0.123456790123)
(2.34567901235 9.38271604938 0.123456790123)
(2.46913580247 9.38271604938 0.123456790123)
(2.59259259259 9.38271604938 0.123456790123)
(2.71604938272 9.38271604938 0.123456790123)
(2.83950617284 9.38271604938 0.123456790123)
(2.96296296296 9.38271604938 0.123456790123)
(3.08641975309 9.38271604938 0.123456790123)
(3.20987654321 9.38271604938 0.123456790123)
(3.33333333333 9.38271604938 0.123456790123)
(3.45679012346 9.38271604938 0.123456790123)
(3.58024691358 9.38271604938 0.123456790123)
(3.7037037037 9.38271604938 0.123456790123)
(3.82716049383 9.38271604938 0.123456790123)
(3.95061728395 9.38271604938 0.123456790123)
(4.07407407407 9.38271604938 0.123456790123)
(4.1975308642 9.38271604938 0.123456790123)
(4.32098765432 9.38271604938 0.123456790123)
(4.44444444444 9.38271604938 0.123456790123)
(4.56790123457 9.38271604938 0.123456790123)
(4.69135802469 9.38271604938 0.123456790123)
(4.81481481481 9.38271604938 0.123456790123)
(4.93827160494 9.38271604938 0.123456790123)
(5.06172839506 9.38271604938 0.123456790123)
(5.18518518519 9.38271604938 0.123456790123)
(5.30864197531 9.38271604938 0.123456790123)
(5.43209876543 9.38271604938 0.123456790123)
(5.55555555556 9.38271604938 0.123456790123)
(5.67901234568 9.38271604938 0.123456790123)
(5.8024691358 9.38271604938 0.123456790123)
(5.92592592593 9.38271604938 0.123456790123)
(6.04938271605 9.38271604938 0.123456790123)
(6.17283950617 9.38271604938 0.123456790123)
(6.2962962963 9.38271604938 0.123456790123)
(6.41975308642 9.38271604938 0.123456790123)
(6.54320987654 9.38271604938 0.123456790123)
(6.66666666667 9.38271604938 0.123456790123)
(6.79012345679 9.38271604938 0.123456790123)
(6.91358024691 9.38271604938 0.123456790123)
(7.03703703704 9.38271604938 0.123456790123)
(7.16049382716 9.38271604938 0.123456790123)
(7.28395061728 9.38271604938 0.123456790123)
(7.40740740741 9.38271604938 0.123456790123)
(7.53086419753 9.38271604938 0.123456790123)
(7.65432098765 9.38271604938 0.123456790123)
(7.77777777778 9.38271604938 0.123456790123)
(7.9012345679 9.38271604938 0.123456790123)
(8.02469135802 9.38271604938 0.123456790123)
(8.14814814815 9.38271604938 0.123456790123)
(8.27160493827 9.38271604938 0.123456790123)
(8.3950617284 9.38271604938 0.123456790123)
(8.51851851852 9.38271604938 0.123456790123)
(8.64197530864 9.38271604938 0.123456790123)
(8.76543209877 9.38271604938 0.123456790123)
(8.88888888889 9.38271604938 0.123456790123)
(9.01234567901 9.38271604938 0.123456790123)
(9.13580246914 9.38271604938 0.123456790123)
(9.25925925926 9.38271604938 0.123456790123)
(9.38271604938 9.38271604938 0.123456790123)
(9.50617283951 9.38271604938 0.123456790123)
(9.62962962963 9.38271604938 0.123456790123)
(9.75308641975 9.38271604938 0.123456790123)
(9.87654320988 9.38271604938 0.123456790123)
(10 9.38271604938 0.123456790123)
(0 9.50617283951 0.123456790123)
(0.123456790123 9.50617283951 0.123456790123)
(0.246913580247 9.50617283951 0.123456790123)
(0.37037037037 9.50617283951 0.123456790123)
(0.493827160494 9.50617283951 0.123456790123)
(0.617283950617 9.50617283951 0.123456790123)
(0.740740740741 9.50617283951 0.123456790123)
(0.864197530864 9.50617283951 0.123456790123)
(0.987654320988 9.50617283951 0.123456790123)
(1.11111111111 9.50617283951 0.123456790123)
(1.23456790123 9.50617283951 0.123456790123)
(1.35802469136 9.50617283951 0.123456790123)
(1.48148148148 9.50617283951 0.123456790123)
(1.6049382716 9.50617283951 0.123456790123)
(1.72839506173 9.50617283951 0.123456790123)
(1.85185185185 9.50617283951 0.123456790123)
(1.97530864198 9.50617283951 0.123456790123)
(2.0987654321 9.50617283951 0.123456790123)
(2.22222222222 9.50617283951 0.123456790123)
(2.34567901235 9.50617283951 0.123456790123)
(2.46913580247 9.50617283951 0.123456790123)
(2.59259259259 9.50617283951 0.123456790123)
(2.71604938272 9.50617283951 0.123456790123)
(2.83950617284 9.50617283951 0.123456790123)
(2.96296296296 9.50617283951 0.123456790123)
(3.08641975309 9.50617283951 0.123456790123)
(3.20987654321 9.50617283951 0.123456790123)
(3.33333333333 9.50617283951 0.123456790123)
(3.45679012346 9.50617283951 0.123456790123)
(3.58024691358 9.50617283951 0.123456790123)
(3.7037037037 9.50617283951 0.123456790123)
(3.82716049383 9.50617283951 0.123456790123)
(3.95061728395 9.50617283951 0.123456790123)
(4.07407407407 9.50617283951 0.123456790123)
(4.1975308642 9.50617283951 0.123456790123)
(4.32098765432 9.50617283951 0.123456790123)
(4.44444444444 9.50617283951 0.123456790123)
(4.56790123457 9.50617283951 0.123456790123)
(4.69135802469 9.50617283951 0.123456790123)
(4.81481481481 9.50617283951 0.123456790123)
(4.93827160494 9.50617283951 0.123456790123)
(5.06172839506 9.50617283951 0.123456790123)
(5.18518518519 9.50617283951 0.123456790123)
(5.30864197531 9.50617283951 0.123456790123)
(5.43209876543 9.50617283951 0.123456790123)
(5.55555555556 9.50617283951 0.123456790123)
(5.67901234568 9.50617283951 0.123456790123)
(5.8024691358 9.50617283951 0.123456790123)
(5.92592592593 9.50617283951 0.123456790123)
(6.04938271605 9.50617283951 0.123456790123)
(6.17283950617 9.50617283951 0.123456790123)
(6.2962962963 9.50617283951 0.123456790123)
(6.41975308642 9.50617283951 0.123456790123)
(6.54320987654 9.50617283951 0.123456790123)
(6.66666666667 9.50617283951 0.123456790123)
(6.79012345679 9.50617283951 0.123456790123)
(6.91358024691 9.50617283951 0.123456790123)
(7.03703703704 9.50617283951 0.123456790123)
(7.16049382716 9.50617283951 0.123456790123)
(7.28395061728 9.50617283951 0.123456790123)
(7.40740740741 9.50617283951 0.123456790123)
(7.53086419753 9.50617283951 0.123456790123)
(7.65432098765 9.50617283951 0.123456790123)
(7.77777777778 9.50617283951 0.123456790123)
(7.9012345679 9.50617283951 0.123456790123)
(8.02469135802 9.50617283951 0.123456790123)
(8.14814814815 9.50617283951 0.123456790123)
(8.27160493827 9.50617283951 0.123456790123)
(8.3950617284 9.50617283951 0.123456790123)
(8.51851851852 9.50617283951 0.123456790123)
(8.64197530864 9.50617283951 0.123456790123)
(8.76543209877 9.50617283951 0.123456790123)
(8.88888888889 9.50617283951 0.123456790123)
(9.01234567901 9.50617283951 0.123456790123)
(9.13580246914 9.50617283951 0.123456790123)
(9.25925925926 9.50617283951 0.123456790123)
(9.38271604938 9.50617283951 0.123456790123)
(9.50617283951 9.50617283951 0.123456790123)
(9.62962962963 9.50617283951 0.123456790123)
(9.75308641975 9.50617283951 0.123456790123)
(9.87654320988 9.50617283951 0.123456790123)
(10 9.50617283951 0.123456790123)
(0 9.62962962963 0.123456790123)
(0.123456790123 9.62962962963 0.123456790123)
(0.246913580247 9.62962962963 0.123456790123)
(0.37037037037 9.62962962963 0.123456790123)
(0.493827160494 9.62962962963 0.123456790123)
(0.617283950617 9.62962962963 0.123456790123)
(0.740740740741 9.62962962963 0.123456790123)
(0.864197530864 9.62962962963 0.123456790123)
(0.987654320988 9.62962962963 0.123456790123)
(1.11111111111 9.62962962963 0.123456790123)
(1.23456790123 9.62962962963 0.123456790123)
(1.35802469136 9.62962962963 0.123456790123)
(1.48148148148 9.62962962963 0.123456790123)
(1.6049382716 9.62962962963 0.123456790123)
(1.72839506173 9.62962962963 0.123456790123)
(1.85185185185 9.62962962963 0.123456790123)
(1.97530864198 9.62962962963 0.123456790123)
(2.0987654321 9.62962962963 0.123456790123)
(2.22222222222 9.62962962963 0.123456790123)
(2.34567901235 9.62962962963 0.123456790123)
(2.46913580247 9.62962962963 0.123456790123)
(2.59259259259 9.62962962963 0.123456790123)
(2.71604938272 9.62962962963 0.123456790123)
(2.83950617284 9.62962962963 0.123456790123)
(2.96296296296 9.62962962963 0.123456790123)
(3.08641975309 9.62962962963 0.123456790123)
(3.20987654321 9.62962962963 0.123456790123)
(3.33333333333 9.62962962963 0.123456790123)
(3.45679012346 9.62962962963 0.123456790123)
(3.58024691358 9.62962962963 0.123456790123)
(3.7037037037 9.62962962963 0.123456790123)
(3.82716049383 9.62962962963 0.123456790123)
(3.95061728395 9.62962962963 0.123456790123)
(4.07407407407 9.62962962963 0.123456790123)
(4.1975308642 9.62962962963 0.123456790123)
(4.32098765432 9.62962962963 0.123456790123)
(4.44444444444 9.62962962963 0.123456790123)
(4.56790123457 9.62962962963 0.123456790123)
(4.69135802469 9.62962962963 0.123456790123)
(4.81481481481 9.62962962963 0.123456790123)
(4.93827160494 9.62962962963 0.123456790123)
(5.06172839506 9.62962962963 0.123456790123)
(5.18518518519 9.62962962963 0.123456790123)
(5.30864197531 9.62962962963 0.123456790123)
(5.43209876543 9.62962962963 0.123456790123)
(5.55555555556 9.62962962963 0.123456790123)
(5.67901234568 9.62962962963 0.123456790123)
(5.8024691358 9.62962962963 0.123456790123)
(5.92592592593 9.62962962963 0.123456790123)
(6.04938271605 9.62962962963 0.123456790123)
(6.17283950617 9.62962962963 0.123456790123)
(6.2962962963 9.62962962963 0.123456790123)
(6.41975308642 9.62962962963 0.123456790123)
(6.54320987654 9.62962962963 0.123456790123)
(6.66666666667 9.62962962963 0.123456790123)
(6.79012345679 9.62962962963 0.123456790123)
(6.91358024691 9.62962962963 0.123456790123)
(7.03703703704 9.62962962963 0.123456790123)
(7.16049382716 9.62962962963 0.123456790123)
(7.28395061728 9.62962962963 0.123456790123)
(7.40740740741 9.62962962963 0.123456790123)
(7.53086419753 9.62962962963 0.123456790123)
(7.65432098765 9.62962962963 0.123456790123)
(7.77777777778 9.62962962963 0.123456790123)
(7.9012345679 9.62962962963 0.123456790123)
(8.02469135802 9.62962962963 0.123456790123)
(8.14814814815 9.62962962963 0.123456790123)
(8.27160493827 9.62962962963 0.123456790123)
(8.3950617284 9.62962962963 0.123456790123)
(8.51851851852 9.62962962963 0.123456790123)
(8.64197530864 9.62962962963 0.123456790123)
(8.76543209877 9.62962962963 0.123456790123)
(8.88888888889 9.62962962963 0.123456790123)
(9.01234567901 9.62962962963 0.123456790123)
(9.13580246914 9.62962962963 0.123456790123)
(9.25925925926 9.62962962963 0.123456790123)
(9.38271604938 9.62962962963 0.123456790123)
(9.50617283951 9.62962962963 0.123456790123)
(9.62962962963 9.62962962963 0.123456790123)
(9.75308641975 9.62962962963 0.123456790123)
(9.87654320988 9.62962962963 0.123456790123)
(10 9.62962962963 0.123456790123)
(0 9.75308641975 0.123456790123)
(0.123456790123 9.75308641975 0.123456790123)
(0.246913580247 9.75308641975 0.123456790123)
(0.37037037037 9.75308641975 0.123456790123)
(0.493827160494 9.75308641975 0.123456790123)
(0.617283950617 9.75308641975 0.123456790123)
(0.740740740741 9.75308641975 0.123456790123)
(0.864197530864 9.75308641975 0.123456790123)
(0.987654320988 9.75308641975 0.123456790123)
(1.11111111111 9.75308641975 0.123456790123)
(1.23456790123 9.75308641975 0.123456790123)
(1.35802469136 9.75308641975 0.123456790123)
(1.48148148148 9.75308641975 0.123456790123)
(1.6049382716 9.75308641975 0.123456790123)
(1.72839506173 9.75308641975 0.123456790123)
(1.85185185185 9.75308641975 0.123456790123)
(1.97530864198 9.75308641975 0.123456790123)
(2.0987654321 9.75308641975 0.123456790123)
(2.22222222222 9.75308641975 0.123456790123)
(2.34567901235 9.75308641975 0.123456790123)
(2.46913580247 9.75308641975 0.123456790123)
(2.59259259259 9.75308641975 0.123456790123)
(2.71604938272 9.75308641975 0.123456790123)
(2.83950617284 9.75308641975 0.123456790123)
(2.96296296296 9.75308641975 0.123456790123)
(3.08641975309 9.75308641975 0.123456790123)
(3.20987654321 9.75308641975 0.123456790123)
(3.33333333333 9.75308641975 0.123456790123)
(3.45679012346 9.75308641975 0.123456790123)
(3.58024691358 9.75308641975 0.123456790123)
(3.7037037037 9.75308641975 0.123456790123)
(3.82716049383 9.75308641975 0.123456790123)
(3.95061728395 9.75308641975 0.123456790123)
(4.07407407407 9.75308641975 0.123456790123)
(4.1975308642 9.75308641975 0.123456790123)
(4.32098765432 9.75308641975 0.123456790123)
(4.44444444444 9.75308641975 0.123456790123)
(4.56790123457 9.75308641975 0.123456790123)
(4.69135802469 9.75308641975 0.123456790123)
(4.81481481481 9.75308641975 0.123456790123)
(4.93827160494 9.75308641975 0.123456790123)
(5.06172839506 9.75308641975 0.123456790123)
(5.18518518519 9.75308641975 0.123456790123)
(5.30864197531 9.75308641975 0.123456790123)
(5.43209876543 9.75308641975 0.123456790123)
(5.55555555556 9.75308641975 0.123456790123)
(5.67901234568 9.75308641975 0.123456790123)
(5.8024691358 9.75308641975 0.123456790123)
(5.92592592593 9.75308641975 0.123456790123)
(6.04938271605 9.75308641975 0.123456790123)
(6.17283950617 9.75308641975 0.123456790123)
(6.2962962963 9.75308641975 0.123456790123)
(6.41975308642 9.75308641975 0.123456790123)
(6.54320987654 9.75308641975 0.123456790123)
(6.66666666667 9.75308641975 0.123456790123)
(6.79012345679 9.75308641975 0.123456790123)
(6.91358024691 9.75308641975 0.123456790123)
(7.03703703704 9.75308641975 0.123456790123)
(7.16049382716 9.75308641975 0.123456790123)
(7.28395061728 9.75308641975 0.123456790123)
(7.40740740741 9.75308641975 0.123456790123)
(7.53086419753 9.75308641975 0.123456790123)
(7.65432098765 9.75308641975 0.123456790123)
(7.77777777778 9.75308641975 0.123456790123)
(7.9012345679 9.75308641975 0.123456790123)
(8.02469135802 9.75308641975 0.123456790123)
(8.14814814815 9.75308641975 0.123456790123)
(8.27160493827 9.75308641975 0.123456790123)
(8.3950617284 9.75308641975 0.123456790123)
(8.51851851852 9.75308641975 0.123456790123)
(8.64197530864 9.75308641975 0.123456790123)
(8.76543209877 9.75308641975 0.123456790123)
(8.88888888889 9.75308641975 0.123456790123)
(9.01234567901 9.75308641975 0.123456790123)
(9.13580246914 9.75308641975 0.123456790123)
(9.25925925926 9.75308641975 0.123456790123)
(9.38271604938 9.75308641975 0.123456790123)
(9.50617283951 9.75308641975 0.123456790123)
(9.62962962963 9.75308641975 0.123456790123)
(9.75308641975 9.75308641975 0.123456790123)
(9.87654320988 9.75308641975 0.123456790123)
(10 9.75308641975 0.123456790123)
(0 9.87654320988 0.123456790123)
(0.123456790123 9.87654320988 0.123456790123)
(0.246913580247 9.87654320988 0.123456790123)
(0.37037037037 9.87654320988 0.123456790123)
(0.493827160494 9.87654320988 0.123456790123)
(0.617283950617 9.87654320988 0.123456790123)
(0.740740740741 9.87654320988 0.123456790123)
(0.864197530864 9.87654320988 0.123456790123)
(0.987654320988 9.87654320988 0.123456790123)
(1.11111111111 9.87654320988 0.123456790123)
(1.23456790123 9.87654320988 0.123456790123)
(1.35802469136 9.87654320988 0.123456790123)
(1.48148148148 9.87654320988 0.123456790123)
(1.6049382716 9.87654320988 0.123456790123)
(1.72839506173 9.87654320988 0.123456790123)
(1.85185185185 9.87654320988 0.123456790123)
(1.97530864198 9.87654320988 0.123456790123)
(2.0987654321 9.87654320988 0.123456790123)
(2.22222222222 9.87654320988 0.123456790123)
(2.34567901235 9.87654320988 0.123456790123)
(2.46913580247 9.87654320988 0.123456790123)
(2.59259259259 9.87654320988 0.123456790123)
(2.71604938272 9.87654320988 0.123456790123)
(2.83950617284 9.87654320988 0.123456790123)
(2.96296296296 9.87654320988 0.123456790123)
(3.08641975309 9.87654320988 0.123456790123)
(3.20987654321 9.87654320988 0.123456790123)
(3.33333333333 9.87654320988 0.123456790123)
(3.45679012346 9.87654320988 0.123456790123)
(3.58024691358 9.87654320988 0.123456790123)
(3.7037037037 9.87654320988 0.123456790123)
(3.82716049383 9.87654320988 0.123456790123)
(3.95061728395 9.87654320988 0.123456790123)
(4.07407407407 9.87654320988 0.123456790123)
(4.1975308642 9.87654320988 0.123456790123)
(4.32098765432 9.87654320988 0.123456790123)
(4.44444444444 9.87654320988 0.123456790123)
(4.56790123457 9.87654320988 0.123456790123)
(4.69135802469 9.87654320988 0.123456790123)
(4.81481481481 9.87654320988 0.123456790123)
(4.93827160494 9.87654320988 0.123456790123)
(5.06172839506 9.87654320988 0.123456790123)
(5.18518518519 9.87654320988 0.123456790123)
(5.30864197531 9.87654320988 0.123456790123)
(5.43209876543 9.87654320988 0.123456790123)
(5.55555555556 9.87654320988 0.123456790123)
(5.67901234568 9.87654320988 0.123456790123)
(5.8024691358 9.87654320988 0.123456790123)
(5.92592592593 9.87654320988 0.123456790123)
(6.04938271605 9.87654320988 0.123456790123)
(6.17283950617 9.87654320988 0.123456790123)
(6.2962962963 9.87654320988 0.123456790123)
(6.41975308642 9.87654320988 0.123456790123)
(6.54320987654 9.87654320988 0.123456790123)
(6.66666666667 9.87654320988 0.123456790123)
(6.79012345679 9.87654320988 0.123456790123)
(6.91358024691 9.87654320988 0.123456790123)
(7.03703703704 9.87654320988 0.123456790123)
(7.16049382716 9.87654320988 0.123456790123)
(7.28395061728 9.87654320988 0.123456790123)
(7.40740740741 9.87654320988 0.123456790123)
(7.53086419753 9.87654320988 0.123456790123)
(7.65432098765 9.87654320988 0.123456790123)
(7.77777777778 9.87654320988 0.123456790123)
(7.9012345679 9.87654320988 0.123456790123)
(8.02469135802 9.87654320988 0.123456790123)
(8.14814814815 9.87654320988 0.123456790123)
(8.27160493827 9.87654320988 0.123456790123)
(8.3950617284 9.87654320988 0.123456790123)
(8.51851851852 9.87654320988 0.123456790123)
(8.64197530864 9.87654320988 0.123456790123)
(8.76543209877 9.87654320988 0.123456790123)
(8.88888888889 9.87654320988 0.123456790123)
(9.01234567901 9.87654320988 0.123456790123)
(9.13580246914 9.87654320988 0.123456790123)
(9.25925925926 9.87654320988 0.123456790123)
(9.38271604938 9.87654320988 0.123456790123)
(9.50617283951 9.87654320988 0.123456790123)
(9.62962962963 9.87654320988 0.123456790123)
(9.75308641975 9.87654320988 0.123456790123)
(9.87654320988 9.87654320988 0.123456790123)
(10 9.87654320988 0.123456790123)
(0 10 0.123456790123)
(0.123456790123 10 0.123456790123)
(0.246913580247 10 0.123456790123)
(0.37037037037 10 0.123456790123)
(0.493827160494 10 0.123456790123)
(0.617283950617 10 0.123456790123)
(0.740740740741 10 0.123456790123)
(0.864197530864 10 0.123456790123)
(0.987654320988 10 0.123456790123)
(1.11111111111 10 0.123456790123)
(1.23456790123 10 0.123456790123)
(1.35802469136 10 0.123456790123)
(1.48148148148 10 0.123456790123)
(1.6049382716 10 0.123456790123)
(1.72839506173 10 0.123456790123)
(1.85185185185 10 0.123456790123)
(1.97530864198 10 0.123456790123)
(2.0987654321 10 0.123456790123)
(2.22222222222 10 0.123456790123)
(2.34567901235 10 0.123456790123)
(2.46913580247 10 0.123456790123)
(2.59259259259 10 0.123456790123)
(2.71604938272 10 0.123456790123)
(2.83950617284 10 0.123456790123)
(2.96296296296 10 0.123456790123)
(3.08641975309 10 0.123456790123)
(3.20987654321 10 0.123456790123)
(3.33333333333 10 0.123456790123)
(3.45679012346 10 0.123456790123)
(3.58024691358 10 0.123456790123)
(3.7037037037 10 0.123456790123)
(3.82716049383 10 0.123456790123)
(3.95061728395 10 0.123456790123)
(4.07407407407 10 0.123456790123)
(4.1975308642 10 0.123456790123)
(4.32098765432 10 0.123456790123)
(4.44444444444 10 0.123456790123)
(4.56790123457 10 0.123456790123)
(4.69135802469 10 0.123456790123)
(4.81481481481 10 0.123456790123)
(4.93827160494 10 0.123456790123)
(5.06172839506 10 0.123456790123)
(5.18518518519 10 0.123456790123)
(5.30864197531 10 0.123456790123)
(5.43209876543 10 0.123456790123)
(5.55555555556 10 0.123456790123)
(5.67901234568 10 0.123456790123)
(5.8024691358 10 0.123456790123)
(5.92592592593 10 0.123456790123)
(6.04938271605 10 0.123456790123)
(6.17283950617 10 0.123456790123)
(6.2962962963 10 0.123456790123)
(6.41975308642 10 0.123456790123)
(6.54320987654 10 0.123456790123)
(6.66666666667 10 0.123456790123)
(6.79012345679 10 0.123456790123)
(6.91358024691 10 0.123456790123)
(7.03703703704 10 0.123456790123)
(7.16049382716 10 0.123456790123)
(7.28395061728 10 0.123456790123)
(7.40740740741 10 0.123456790123)
(7.53086419753 10 0.123456790123)
(7.65432098765 10 0.123456790123)
(7.77777777778 10 0.123456790123)
(7.9012345679 10 0.123456790123)
(8.02469135802 10 0.123456790123)
(8.14814814815 10 0.123456790123)
(8.27160493827 10 0.123456790123)
(8.3950617284 10 0.123456790123)
(8.51851851852 10 0.123456790123)
(8.64197530864 10 0.123456790123)
(8.76543209877 10 0.123456790123)
(8.88888888889 10 0.123456790123)
(9.01234567901 10 0.123456790123)
(9.13580246914 10 0.123456790123)
(9.25925925926 10 0.123456790123)
(9.38271604938 10 0.123456790123)
(9.50617283951 10 0.123456790123)
(9.62962962963 10 0.123456790123)
(9.75308641975 10 0.123456790123)
(9.87654320988 10 0.123456790123)
(10 10 0.123456790123)
)


// ************************************************************************* //
