/*--------------------------------*- C++ -*----------------------------------*\
| =========                 |                                                 |
| \\      /  F ield         | OpenFOAM: The Open Source CFD Toolbox           |
|  \\    /   O peration     | Version:  v2106                                 |
|   \\  /    A nd           | Website:  www.openfoam.com                      |
|    \\/     M anipulation  |                                                 |
\*---------------------------------------------------------------------------*/
FoamFile
{
    version     2.0;
    format      ascii;
    arch        "LSB;label=32;scalar=64";
    class       surfaceScalarField;
    location    "2.5";
    object      phi;
}
// * * * * * * * * * * * * * * * * * * * * * * * * * * * * * * * * * * * * * //

dimensions      [0 3 -1 0 0 0 0];

oriented        oriented;

internalField   nonuniform List<scalar> 
12960
(
-0.000806615445696
-9.3623962524e-06
-0.000800537134583
-6.07831111366e-06
-0.000797748523311
-2.78861127199e-06
-0.000798246021266
4.97497955289e-07
-0.000802017153393
3.77113212628e-06
-0.000809040734898
7.0235815057e-06
-0.000819286901267
1.02461663687e-05
-0.000832716997853
1.34300965864e-05
-0.000849283335986
1.65663381328e-05
-0.000868928825014
1.96454890284e-05
-0.00089158649213
2.26576671162e-05
-0.000917178904112
2.55924119819e-05
-0.000945617507429
2.84386033173e-05
-0.00097680190531
3.11843978807e-05
-0.00101061909259
3.38171872801e-05
-0.00104694267133
3.63235787438e-05
-0.00108563207221
3.86894008756e-05
-0.00112653180878
4.08997365685e-05
-0.00116947079361
4.29389848372e-05
-0.00121426174703
4.47909534112e-05
-0.00126070073064
4.64389836113e-05
-0.00130856683923
4.78661085894e-05
-0.001357622085
4.90552457697e-05
-0.00140761150867
4.99894236727e-05
-0.00145826355115
5.0652042479e-05
-0.00150929071817
5.10271670247e-05
-0.00156039056796
5.10998497841e-05
-0.00161124704803
5.08564800713e-05
-0.00166153220258
5.02851545547e-05
-0.00171090826516
4.93760625769e-05
-0.00175903014324
4.81218780839e-05
-0.00180554829184
4.65181485927e-05
-0.0018501119618
4.45636699639e-05
-0.00189237279607
4.22608342673e-05
-0.00193198873322
3.96159371511e-05
-0.00196862816354
3.66394303204e-05
-0.00200197426808
3.33461045421e-05
-0.00203172945743
2.97551893439e-05
-0.00205761981426
2.58903568309e-05
-0.00207939943348
2.17796192246e-05
-0.00209685454648
1.74551129941e-05
-0.00210980731276
1.29527662852e-05
-0.00211811916372
8.31185095763e-06
-0.00212169358948
3.57442576117e-06
-0.00212047827178
-1.21531769712e-06
-0.00211446648246
-6.01178932022e-06
-0.00210369768858
-1.07687938785e-05
-0.00208825733025
-1.54403583366e-05
-0.00206827576452
-1.99815657276e-05
-0.00204392639728
-2.43493672369e-05
-0.00201542305257
-2.85033447081e-05
-0.00198301665455
-3.24063980258e-05
-0.00194699131914
-3.60253354043e-05
-0.00190765996992
-3.93313492257e-05
-0.00186535960422
-4.2300365694e-05
-0.00182044634181
-4.49132624105e-05
-0.0017732903881
-4.71559537139e-05
-0.00172427103884
-4.90193492558e-05
-0.00167377184288
-5.04991959573e-05
-0.0016221760257
-5.15958171821e-05
-0.00156986225977
-5.23137659256e-05
-0.00151720084939
-5.26614103843e-05
-0.00146455037863
-5.26504707639e-05
-0.00141225485254
-5.22955260882e-05
-0.00136064134397
-5.16135085664e-05
-0.00131001814271
-5.06232012551e-05
-0.00126067338984
-4.93447528768e-05
-0.00121287416865
-4.77992211848e-05
-0.00116686601496
-4.60081536933e-05
-0.00112287280239
-4.39932125673e-05
-0.0010810969546
-4.17758477875e-05
-0.00104171993355
-3.93770210501e-05
-0.00100490295261
-3.68169809464e-05
-0.000970787864178
-3.41150884269e-05
-0.000939498173625
-3.12896905527e-05
-0.000911140134109
-2.83580395157e-05
-0.000885803880913
-2.53362531963e-05
-0.00086356456768
-2.22393132333e-05
-0.000844483471442
-1.90810962379e-05
-0.000828609037796
-1.58744336468e-05
-1.26311958497e-05
-0.000802045580873
-1.87168740364e-05
-0.000795967115118
-1.21567768683e-05
-0.000793169963116
-5.58576327425e-06
-0.00079365033087
9.77865709169e-07
-0.00079739565132
7.51645257711e-06
-0.000804384760168
1.40126903537e-05
-0.000814587926423
2.04493326238e-05
-0.000827966742011
2.68089121737e-05
-0.000844473877355
3.30734734767e-05
-0.000864052712334
3.92243240073e-05
-0.000886636854357
4.52418091393e-05
-0.00091214955758
5.11051152052e-05
-0.000940503059548
5.67921052849e-05
-0.000971597853666
6.22791919986e-05
-0.00100532191812
6.75412517326e-05
-0.00104154992399
7.25515846117e-05
-0.00108014244732
7.72819242099e-05
-0.0011209452121
8.17025013505e-05
-0.00116378839281
8.57821655418e-05
-0.00120848600717
8.94885677713e-05
-0.00125483543131
9.27884077568e-05
-0.00130261707062
9.56477479006e-05
-0.00135159422057
9.80323957165e-05
-0.00140151315212
9.9908355223e-05
-0.0014521034558
0.000101242346157
-0.00150307867733
0.000102002388559
-0.00155413727557
0.000102158448023
-0.00160496392975
0.000101683134252
-0.0016552312185
0.000100552443303
-0.00170460168658
9.87465306582e-05
-0.00175273030738
9.62504988782e-05
-0.00179926733955
9.30551807635e-05
-0.00184386156516
8.91578955777e-05
-0.00188616388372
8.4563152828e-05
-0.0019258312228
7.92832762333e-05
-0.00196253071128
7.33389187983e-05
-0.00199594404614
6.67594393978e-05
-0.00202577196948
5.95831126823e-05
-0.00205173875917
5.18571465281e-05
-0.00207359662552
4.36374855745e-05
-0.00209112989844
3.4988385912e-05
-0.00210415888588
2.59817537235e-05
-0.00211254328492
1.66962500016e-05
-0.00211618503326
7.21617410193e-06
-0.00211503050032
-2.36985064205e-06
-0.00210907193434
-1.19703552982e-05
-0.00209834810366
-2.14926245605e-05
-0.00208294409592
-3.08443660726e-05
-0.00206299026754
-3.99353941084e-05
-0.00203866036485
-4.86792699245e-05
-0.00201016886739
-5.69948421733e-05
-0.00197776763009
-6.48076353242e-05
-0.00194174192415
-7.20510413439e-05
-0.00190240599404
-7.86672793387e-05
-0.00186009826036
-8.4608099371e-05
-0.00181517630416
-8.98352186136e-05
-0.00176801176814
-9.43204897359e-05
-0.00171898530451
-9.80458128819e-05
-0.00166848168836
-0.000101002812108
-0.00161688520093
-0.000103192304615
-0.00156457536979
-0.000104623597061
-0.00151192313383
-0.000105313646344
-0.00145928748144
-0.000105286123153
-0.00140701259125
-0.000104570416283
-0.00135542548663
-0.000103200613182
-0.00130483419944
-0.000101214488447
-0.00125552642424
-9.86525280734e-05
-0.00120776863315
-9.5557012283e-05
-0.00116180561237
-9.19711744698e-05
-0.0011178603752
-8.79384497349e-05
-0.00107613440192
-8.35018210638e-05
-0.00103680815511
-7.87032678698e-05
-0.00100004181825
-7.35833177981e-05
-0.000965976207079
-6.81806996015e-05
-0.000934733804712
-6.25320929196e-05
-0.000906419875459
-5.66719687689e-05
-0.000881123615507
-5.06325131481e-05
-0.000858919303132
-4.4443625608e-05
-0.000839867415403
-3.81329839673e-05
-0.000824015682935
-3.17261661144e-05
-2.52468201285e-05
-0.000792913941267
-2.80547903823e-05
-0.000786835741077
-1.82349770585e-05
-0.000784021934168
-8.39957018337e-06
-0.000784468320784
1.42425232502e-06
-0.000788162150366
1.1210282159e-05
-0.000795082299513
2.09328395008e-05
-0.000805199303566
3.05663366769e-05
-0.00081847524623
4.00848548382e-05
-0.000834863514167
4.94617414128e-05
-0.000854308425853
5.86692356938e-05
-0.000876744746305
6.7678129591e-05
-0.000902097101415
7.64574703155e-05
-0.000930279307889
8.49743117582e-05
-0.000961193636789
9.31935208994e-05
-0.000994730030889
0.000101077645832
-0.00103076529811
0.000108586851833
-0.00106916230535
0.00011567893145
-0.00110976919915
0.000122309395154
-0.00115241868154
0.000128431647924
-0.00119692737121
0.000133997257449
-0.00124309528218
0.000138956318727
-0.00129070545292
0.000143257918634
-0.00133952376057
0.000146850703365
-0.00138929895513
0.000149683549789
-0.00143976294835
0.000151706339375
-0.00149063139121
0.000152870831416
-0.00154160457213
0.000153131628949
-0.00159236866468
0.000152447226803
-0.00164259734919
0.000150781127809
-0.00169195382685
0.00014810300832
-0.00174009323697
0.000144389908996
-0.0017866654787
0.000139627422492
-0.00183131842752
0.000133810844401
-0.00187370152372
0.000126946249026
-0.00191346969596
0.000119051448479
-0.0019502875679
0.00011015679073
-0.00198383387967
0.000100305751168
-0.00201380604104
8.95552740542e-05
-0.00203992471815
7.79758236422e-05
-0.00206193834364
6.56511110626e-05
-0.00207962743059
5.26774728632e-05
-0.00209280856569
3.91628888211e-05
-0.00210133795663
2.52256409417e-05
-0.0021051144145
1.09926319747e-05
-0.00210408166322
-3.40260192574e-06
-0.0020982298855
-1.78221330124e-05
-0.00208759643772
-3.21260723456e-05
-0.00207226569292
-4.61751108722e-05
-0.00205236800174
-5.98330852847e-05
-0.00202807779212
-7.29694795502e-05
-0.00199961085974
-8.54617745513e-05
-0.00196722092977
-9.71975652935e-05
-0.00193119559462
-0.000108076376497
-0.00189185175181
-0.000118011122143
-0.00184953067871
-0.000126929172477
-0.0018045928867
-0.000134773010619
-0.00175741289729
-0.000141500479147
-0.00170837407537
-0.000147084634804
-0.0016578636434
-0.000151513244076
-0.00160626798413
-0.000154787963882
-0.00155396832066
-0.000156923260531
-0.00150133684229
-0.000157945124716
-0.00144873332399
-0.000157889641455
-0.00139650226709
-0.000156801473182
-0.00134497057022
-0.000154732310055
-0.00129444572305
-0.000151739335614
-0.00124521450133
-0.000147883749797
-0.00119754213009
-0.000143229383518
-0.0011516718736
-0.000137841430962
-0.00110782500391
-0.000131785319422
-0.00106620109663
-0.000125125728348
-0.00102697860033
-0.000117925764172
-0.00099031562637
-0.000110246291755
-0.000956350907281
-0.00010214541869
-0.000925204874448
-9.36781257528e-05
-0.000896980809392
-8.48960338249e-05
-0.000871766026961
-7.58472955794e-05
-0.000849633053134
-6.65765994344e-05
-0.000830640764742
-5.71252723597e-05
-0.000814835463046
-4.75314678104e-05
-3.78304255612e-05
-0.000779236999541
-3.73660606786e-05
-0.000773160629927
-2.4311346673e-05
-0.000770322904826
-1.12372952844e-05
-0.000770719018499
1.82036599816e-06
-0.000774335946506
1.48272101665e-05
-0.000781152626646
2.77495196402e-05
-0.000791139991967
4.05537019984e-05
-0.000804260860421
5.32057232925e-05
-0.000820469688068
6.56705690597e-05
-0.000839712195026
7.79117426519e-05
-0.000861924875488
8.9890810053e-05
-0.000887034405196
0.000101567000023
-0.000914956961858
0.000112896868421
-0.000945597475965
0.000123834035006
-0.000978848831517
0.000134329001385
-0.00101459103829
0.000144329058604
-0.00105269039915
0.000153778292313
-0.00109299869826
0.000162617694259
-0.00113535243769
0.000170785387362
-0.00117957215235
0.000178216972105
-0.00122546183451
0.00018484600089
-0.00127280850134
0.000190604585465
-0.00132138193973
0.000195424141752
-0.00137093466398
0.000199236274038
-0.00142120212202
0.000201973797415
-0.00147190318548
0.000203571894873
-0.00152274095762
0.000203969401091
-0.00157340393056
0.000203110199744
-0.00162356751932
0.000200944716572
-0.00167289599492
0.000197431483915
-0.00172104483126
0.00019253874534
-0.00176766347177
0.000186246062996
-0.00181239851033
0.000178545882962
-0.00185489726838
0.000169445007081
-0.00189481173501
0.000158965915107
-0.00193180282097
0.000147147876687
-0.00196554486039
0.000134047790594
-0.00199573027691
0.000119740690575
-0.00202207431445
0.000104319861179
-0.00204431971852
8.78965151354e-05
-0.00206224124246
7.05989967973e-05
-0.00207564984572
5.25714920874e-05
-0.00208439644977
3.39722449827e-05
-0.00208837512115
1.49713033627e-05
-0.00208752556299
-4.25216008859e-06
-0.00208183481342
-2.35128825793e-05
-0.00207133807429
-4.26228114754e-05
-0.00205611862233
-6.13945628359e-05
-0.00203630678831
-7.96449192997e-05
-0.00201207802433
-9.71982435334e-05
-0.00198365011349
-0.000113889685393
-0.00195127960813
-0.000129568070653
-0.00191525760954
-0.00014409837509
-0.00187590502318
-0.000157363708498
-0.00183356743721
-0.000169266758445
-0.00178860977805
-0.000179730669786
-0.00174141089566
-0.000188699361533
-0.00169235822307
-0.000196137307396
-0.00164184264059
-0.000202028826555
-0.00159025365756
-0.000206376946911
-0.001537975003
-0.000209201915096
-0.00148538069426
-0.00021053943345
-0.00143283163042
-0.000210438705299
-0.00138067273522
-0.000208960368377
-0.00132923065513
-0.000206174390144
-0.00127881200057
-0.000202157990179
-0.00122970210424
-0.000196993646125
-0.00118216425898
-0.000190767228784
-0.00113643938914
-0.000183566300801
-0.00109274610384
-0.000175478604722
-0.00105128107711
-0.000166590755078
-0.00101221969894
-0.00015698714234
-0.000975716941816
-0.000146749048876
-0.000941908389528
-0.000135953970979
-0.0009109113781
-0.000124675137181
-0.000882826202687
-0.000112981209238
-0.000857737348717
-0.000100936149549
-0.000835714710269
-8.85992378826e-05
-0.000816814763444
-7.6025219185e-05
-0.00080108166735
-6.32645639044e-05
-5.03638230734e-05
-0.000761040190869
-4.66384566023e-05
-0.000754968921541
-3.03826160002e-05
-0.0007521012855
-1.41049313252e-05
-0.000752431674394
2.15075489142e-06
-0.000755946701448
1.83422372207e-05
-0.000762625385948
3.44282041404e-05
-0.000772439187944
5.03675039939e-05
-0.00078535189792
6.61184332689e-05
-0.00080131938837
8.16380595099e-05
-0.000820289236271
9.68815905521e-05
-0.000842200227442
0.000111801801225
-0.000866981755694
0.000126348528275
-0.000894553131572
0.000140468244299
-0.000924822817391
0.000154103720825
-0.000957687607203
0.000167193791197
-0.000993031772327
0.000179673223728
-0.00103072619503
0.000191472715012
-0.00107062751509
0.000202519014327
-0.00111257731608
0.000212735188352
-0.0011564013801
0.000222041036116
-0.00120190904208
0.000230353662878
-0.0012488926765
0.000237588219877
-0.00129712735083
0.000243658816088
-0.00134637068214
0.000248479605346
-0.00139636293323
0.000251966048506
-0.00144682738576
0.000254036347405
-0.00149747102673
0.000254613042056
-0.00154798558304
0.000253624756054
-0.00159804893595
0.000251008069486
-0.0016473269424
0.000246709490364
-0.00169547568361
0.000240687486547
-0.00174214415289
0.000232914532275
-0.00178697738365
0.000223379113725
-0.00182962000538
0.000212087628814
-0.00186972020017
0.000199066109897
-0.00190693401507
0.000184361691583
-0.00194092996685
0.00016804374237
-0.00197139385647
0.000150204580201
-0.0019980336916
0.000130959696304
-0.00202058459781
0.000110447421348
-0.00203881358503
8.882798402e-05
-0.0020525240253
6.62819323544e-05
-0.00206155969387
4.30079135533e-05
-0.00206580822848
1.92198379718e-05
-0.00206520387199
-4.85651658353e-06
-0.00205972938227
-2.89873722929e-05
-0.00204941701933
-5.29351744125e-05
-0.00203434855194
-7.64630302341e-05
-0.0020146542633
-9.93392079386e-05
-0.00199051097457
-0.000121341532266
-0.00196213914384
-0.000142261516118
-0.00192979913457
-0.000161908079926
-0.00189378677779
-0.000180110731862
-0.00185442837643
-0.000196722109864
-0.00181207531463
-0.000211619820242
-0.00176709844175
-0.000224707542669
-0.00171988239777
-0.000235915405511
-0.00167082003716
-0.000245199668004
-0.0016203070913
-0.000252541772419
-0.00156873718869
-0.000257946849516
-0.00151649732798
-0.000261441775808
-0.00146396387325
-0.00026307288818
-0.00141149911646
-0.000262903462095
-0.00135944842798
-0.000261011056856
-0.00130813799542
-0.000257484822705
-0.00125787313276
-0.000252422852837
-0.0012089371273
-0.000245929651583
-0.00116159058047
-0.000238113775612
-0.0011160711908
-0.00022908569047
-0.00107259392204
-0.000218955873485
-0.00103135149722
-0.000207833179897
-0.000992515159133
-0.000195823480429
-0.00095623563913
-0.000183028568879
-0.000922644279315
-0.000169545330794
-0.000891854256822
-0.000155465159673
-0.000863961863594
-0.000140873602467
-0.000839047799992
-0.000125850213151
-0.000817178445668
-0.000110468592206
-0.000798407076202
-9.47965886513e-05
-0.000782774999022
-7.88966410849e-05
-6.2826235303e-05
-0.000738358770467
-5.58569274434e-05
-0.000732298119912
-3.64432665551e-05
-0.000729396262673
-1.70067885647e-05
-0.000729646596609
2.40108882793e-06
-0.000733035287207
2.17309278179e-05
-0.000739541455794
4.09343727273e-05
-0.000749137216013
5.99632642137e-05
-0.000761787563511
7.87687807668e-05
-0.000777450125777
9.73006217752e-05
-0.000796074780928
0.000115506245703
-0.000817603155989
0.000133330176286
-0.000841968016913
0.0001507133892
-0.000869092564371
0.000167592791756
-0.000898889650974
0.000183900807429
-0.000931260937486
0.000199565077708
-0.000966096007408
0.00021450829365
-0.00100327146125
0.000228648168851
-0.00104265001394
0.000241897567021
-0.00108407962095
0.00025416479536
-0.00112739266083
0.000265354075996
-0.00117240520441
0.000275366206463
-0.00121891640287
0.000284099418337
-0.00126670802918
0.000291450442395
-0.00131554420949
0.000297315785657
-0.00136517138245
0.000301593221461
-0.00141531852557
0.00030418349053
-0.00146569768829
0.000304992204775
-0.00151600487025
0.000303931938016
-0.00156592128178
0.000300924481017
-0.00161511501962
0.000295903228205
-0.00166324318541
0.000288815652337
-0.00170995446657
0.000279625813431
-0.00175489218879
0.000268316835948
-0.00179769783613
0.000254893276151
-0.0018380150187
0.000239383292471
-0.00187549384967
0.000221840522553
-0.00190979567224
0.000202345564935
-0.00194059805548
0.000181006963446
-0.00196759995544
0.000157961596261
-0.00199052691627
0.000133374382183
-0.00200913616798
0.000107437235724
-0.00202322146283
8.03672272083e-05
-0.00203261748522
5.24039359451e-05
-0.00203720366981
2.3806022558e-05
-0.00203690727248
-5.15291390963e-06
-0.00203170555787
-3.4189086907e-05
-0.00202162699555
-6.30137367307e-05
-0.00200675139381
-9.13386319775e-05
-0.00198720894208
-0.000118881659663
-0.00196317817894
-0.000145372295412
-0.00193488294768
-0.000170556747379
-0.00190258844389
-0.000194202583709
-0.00186659649481
-0.000216102680947
-0.00182724023738
-0.000236078367292
-0.00178487837898
-0.000253981678642
-0.00173988923057
-0.00026969669108
-0.0016926646984
-0.000283139937676
-0.00164360440714
-0.000294259959273
-0.00159311010689
-0.000303036072661
-0.00154158049168
-0.000309476464731
-0.00148940652798
-0.000313615739506
-0.00143696736342
-0.000315512052743
-0.00138462685701
-0.000315243968497
-0.0013327307467
-0.000312907167172
-0.00128160444679
-0.000308611122612
-0.00123155144951
-0.000302475850119
-0.00118285228939
-0.000294628811707
-0.00113576401856
-0.000285202046441
-0.00109052013368
-0.000274329575346
-0.00104733089094
-0.000262145116228
-0.00100638394449
-0.000248780126349
-0.000967845244532
-0.000234362180385
-0.000931860133853
-0.000219013679558
-0.000898554585676
-0.000202850878971
-0.000868036530497
-0.000185983214852
-0.000840397224815
-0.000168512908149
-0.000815712620386
-0.00015053481758
-0.000794044698092
-0.0001321365145
-0.000775442736004
-0.000113398550739
-0.000759944486405
-9.43948906839e-05
-7.5193480399e-05
-0.000711238933196
-6.50029540864e-05
-0.000705197190332
-4.24850094193e-05
-0.00070225888462
-1.99450942766e-05
-0.000702416236827
2.55844103532e-06
-0.000705654883836
2.49695748266e-05
-0.000711954070356
4.72335592474e-05
-0.000721286687003
6.92958808604e-05
-0.000733619159976
9.11012537401e-05
-0.000748911199284
0.000112592661083
-0.000767115414033
0.000133710460452
-0.000788176804809
0.000154391567061
-0.00081203214464
0.000174568729031
-0.000838609261561
0.000194169908677
-0.000867826237264
0.000213117783131
-0.00089959053799
0.000231329378435
-0.000933798095579
0.000248715851239
-0.000970332358351
0.000265182431624
-0.00100906333371
0.000280628542375
-0.00104984664634
0.000294948107998
-0.00109252263851
0.000308030068167
-0.00113691554119
0.000319759109143
-0.00118283274763
0.000330016624776
-0.0012300642235
0.000338681918259
-0.00127838209043
0.000345633652585
-0.00132754042218
0.00035075155321
-0.00137727529469
0.000353918363042
-0.00142730513287
0.000355022042961
-0.00147733139738
0.000353958202526
-0.00152703965408
0.000350632737717
-0.00157610106668
0.000344964640799
-0.00162417434847
0.000336888934131
-0.00167090820257
0.000326359667524
-0.00171594426999
0.000313352903373
-0.00175892059224
0.000297869598396
-0.00179947557822
0.000279938278453
-0.00183725244588
0.000259617390216
-0.00187190408548
0.000236997204532
-0.00190309826628
0.000212201144246
-0.00193052308172
0.000185386411704
-0.00195389250161
0.000156743802068
-0.00197295187592
0.000126496610037
-0.00198748321551
9.48985668007e-05
-0.00199731006239
6.22307828266e-05
-0.00200230175941
2.87977195717e-05
-0.00200237693686
-5.07773645204e-06
-0.00199750605356
-3.90599702087e-05
-0.00198771286105
-7.28069292382e-05
-0.00197307470183
-0.000105976791199
-0.00195372160158
-0.000138234759916
-0.00192983416934
-0.000169259727655
-0.00190164037341
-0.000198750543305
-0.00186941131078
-0.000226431646344
-0.00183345612994
-0.000252057861787
-0.0017941162988
-0.000275418198427
-0.00175175942812
-0.000296338549322
-0.00170677286699
-0.000314683252212
-0.00165955728066
-0.000330355524011
-0.00161052040377
-0.000343296836156
-0.00156007113685
-0.000353485339587
-0.00150861412287
-0.000360933478713
-0.00145654490727
-0.000365684955098
-0.00140424575043
-0.00036781120959
-0.00135208212948
-0.000367407589447
-0.00130039993756
-0.000364589359091
-0.00124952336343
-0.000359487696744
-0.00119975341489
-0.000352245798652
-0.0011513670342
-0.000343015192397
-0.00110461674304
-0.000331952337601
-0.00105973074869
-0.000319215569697
-0.00101691343985
-0.00030496242507
-0.000976346201045
-0.000289347365153
-0.000938188476827
-0.000272519904602
-0.000902579021039
-0.000254623135347
-0.000869637271817
-0.000235792628192
-0.000839464798813
-0.000216155687856
-0.000812146775365
-0.000195830931597
-0.000787753434774
-0.000174928158171
-0.000766341475846
-0.000153548473429
-0.000747955388698
-0.000131784637887
-0.000732628677274
-0.000109721602108
-8.74371978347e-05
-0.000679739175236
-7.40539460946e-05
-0.000673727890997
-4.84962936578e-05
-0.000670753376827
-2.29196084471e-05
-0.000670806504032
2.61156824067e-06
-0.000673872306554
2.80353773484e-05
-0.000679930175402
5.32914280952e-05
-0.000688953897908
7.83196033662e-05
-0.000700911547355
0.000103058903188
-0.000715765229922
0.00012744634365
-0.000733470697141
0.000151415927672
-0.000753976833305
0.000174897703225
-0.000777225028388
0.000197816924114
-0.000803148448349
0.000220093328638
-0.000831671215883
0.000241640550665
-0.00086270751615
0.000262365678701
-0.000896160643591
0.000282168978681
-0.000931922007597
0.000300943795629
-0.000969870116888
0.000318576651667
-0.00100986956459
0.000334947555697
-0.00105177003849
0.000349930542069
-0.00109540538383
0.000363394454486
-0.00114059274877
0.000375203989711
-0.00118713184603
0.000385221015523
-0.00123480436767
0.000393306174227
-0.00128337359295
0.000399320778489
-0.00133258423281
0.0004031290029
-0.00138216255715
0.000404600367301
-0.00143181685314
0.000403612498511
-0.00148123826384
0.000400054148418
-0.00153010205603
0.000393828432992
-0.00157806936317
0.000384856241267
-0.00162478944433
0.00037307974869
-0.00166990249138
0.000358465950425
-0.00171304300385
0.000341010110862
-0.00175384373458
0.00032073900918
-0.00179194018783
0.000297713843472
-0.00182697562592
0.00027203264262
-0.00185860651116
0.000243832029484
-0.00188650827821
0.00021328817875
-0.00191038129899
0.000180616822856
-0.00192995687167
0.000146072182713
-0.00194500303844
0.000109944733567
-0.0019553300184
7.25577627934e-05
-0.00196079503368
3.42627348518e-05
-0.00196130631215
-4.56645798664e-06
-0.00195682607045
-4.35402119035e-05
-0.00194737231588
-8.22606838146e-05
-0.00193301935387
-0.000120329753204
-0.00191389694674
-0.000157357167048
-0.00189018813318
-0.000192968541219
-0.00186212578346
-0.000226812893024
-0.00182998802537
-0.000258569404429
-0.00179409272665
-0.00028795316051
-0.00175479125703
-0.000314719668043
-0.00171246177474
-0.000338668031614
-0.00166750228749
-0.000359642739462
-0.00162032372871
-0.000377534082787
-0.00157134326704
-0.000392277297834
-0.001520978035
-0.00040385057162
-0.00146963942507
-0.000412272088646
-0.00141772806008
-0.000417596320092
-0.0013656295053
-0.000419909764367
-0.00131371075211
-0.000419326342634
-0.00126231747061
-0.000415982640589
-0.00121177200175
-0.000410033165612
-0.00116237203867
-0.000401645761728
-0.00111438993209
-0.000390997298973
-0.00106807254471
-0.00037826972498
-0.00102364157519
-0.000363646539225
-0.000981294270843
-0.000347309729413
-0.000941204450691
-0.000329437185305
-0.000903523764308
-0.000310200590984
-0.00086838311822
-0.000289763781435
-0.000835894208127
-0.000268281538285
-0.000806151102582
-0.000245898793402
-0.000779231830991
-0.000222750203188
-0.000755199936038
-0.000198960053123
-0.000734105957245
-0.000174642452222
-0.000715988818579
-0.000149901776552
-0.000700877098691
-0.000124833321996
-9.95241292813e-05
-0.000643931871781
-8.29826937278e-05
-0.000637966311709
-5.44618537298e-05
-0.000634958658608
-2.59272615489e-05
-0.000634898276716
2.55118634915e-06
-0.000637769531726
3.09066323584e-05
-0.000643551986575
5.90738829441e-05
-0.000652220441142
8.69880579328e-05
-0.000663744821752
0.000114583283798
-0.000678089927423
0.000141791449322
-0.0006952150407
0.000168541040948
-0.000715073411782
0.000194756074306
-0.000737611625513
0.000220355137846
-0.000762768861742
0.000245250564867
-0.000790476060489
0.000269347749412
-0.000820655004588
0.000292544622801
-0.000853217333781
0.000314731307874
-0.000888063505768
0.000335789967616
-0.000925081721693
0.000355594867592
-0.000964146835624
0.000374012669628
-0.0010051192702
0.000390902976646
-0.00104784396363
0.000406119147911
-0.00109214937643
0.000419509402514
-0.00113784659026
0.000430918229358
-0.00118472853514
0.000440188119109
-0.00123256938576
0.000447161629102
-0.00128112417204
0.000451683789179
-0.00133012865357
0.00045360484884
-0.00137929951118
0.000452783356117
-0.00142833491203
0.000449089549269
-0.00147691550649
0.000442409027447
-0.00152470591405
0.000432646648834
-0.00157135675281
0.000419730587452
-0.00161650725969
0.000403616457299
-0.00165978853739
0.000384291388565
-0.00170082744743
0.000361777919215
-0.0017392511461
0.000336137542143
-0.00177469223222
0.00030747372874
-0.00180679444164
0.00027593423891
-0.00183521878578
0.000241712522889
-0.00185964999086
0.000205048027938
-0.00187980305508
0.000166225246934
-0.00189542970506
0.00012557138354
-0.00190632450566
8.34525633918e-05
-0.00191233036252
4.02685917155e-05
-0.00191334315778
-3.55366272752e-06
-0.00190931527945
-4.75680902364e-05
-0.00190025784394
-9.13181193224e-05
-0.00188624146765
-0.000134346129497
-0.00186739551348
-0.000176203121212
-0.00184390581632
-0.00021645823838
-0.00181601097065
-0.00025470773869
-0.00178399733754
-0.000290583037542
-0.00174819298956
-0.000323757508491
-0.00170896085713
-0.000353951800472
-0.0016666913643
-0.000380937524451
-0.00162179484641
-0.000404539257351
-0.00157469402801
-0.000424634901188
-0.00152581680921
-0.000441154516633
-0.00147558956804
-0.000454077812784
-0.00142443113884
-0.000463430517844
-0.00137274757722
-0.000469279881716
-0.00132092777451
-0.000471729567077
-0.00126933994165
-0.000470914175489
-0.00121832894576
-0.000466993636479
-0.00116821445353
-0.000460147657845
-0.00111928981422
-0.000450570401044
-0.0010718216004
-0.000438465512786
-0.00102604971664
-0.000424041608742
-0.000982187983383
-0.000407508272483
-0.00094042510484
-0.000389072607955
-0.000900925933989
-0.000368936356156
-0.000863832954521
-0.000347293570452
-0.000829267907449
-0.000324328828507
-0.00079733349879
-0.000300215946944
-0.000768115133384
-0.000275117158807
-0.000741682628442
-0.00024918270813
-0.000718091868426
-0.000222550813139
-0.000697386370157
-0.000195347950492
-0.000679598733552
-0.000167689413157
-0.000664751959269
-0.000139680096279
-0.000111415469136
-0.000603905039985
-9.17568882531e-05
-0.000598004587523
-6.03623061925e-05
-0.000594970027513
-2.89618215585e-05
-0.000594789078903
2.37023773939e-06
-0.000597445385943
3.35629393981e-05
-0.00060291871333
6.45472103317e-05
-0.000611184985279
9.52543298814e-05
-0.000622216174792
0.000125614473311
-0.00063598005006
0.00015555532459
-0.000652439785414
0.000185000776302
-0.000671553444755
0.000213869733647
-0.000693273345867
0.000242075038957
-0.000717545314615
0.000269522533615
-0.000744307838653
0.00029611027345
-0.000773491131139
0.000321727915286
-0.000805016116061
0.000346256292797
-0.000838793348031
0.000369567199585
-0.000874721881218
0.00039152340078
-0.000912688104114
0.000411978892524
-0.000952564559414
0.000430779431945
-0.000994208771477
0.000447763359974
-0.00103746210737
0.000462762738406
-0.00108214870187
0.000475604823859
-0.00112807448167
0.000486113898913
-0.00117502632934
0.000494113476767
-0.00122277143342
0.000499428893255
-0.00127105687724
0.00050189029266
-0.00131960952467
0.000501336003551
-0.00136813626662
0.000497616291219
-0.00141632469628
0.000490597457112
-0.00146384428338
0.000480166235933
-0.00151034811712
0.000466234421193
-0.00155547528317
0.00044874362334
-0.00159885393013
0.000427670035528
-0.00164010506551
0.000403029054601
-0.00167884709785
0.000374879574477
-0.0017147011111
0.000343327741988
-0.00174729681916
0.00030852994697
-0.00177627910324
0.000270694806971
-0.00180131498535
0.00023008391005
-0.00182210084044
0.000187011102022
-0.0018383696022
0.000141840145297
-0.00184989767865
9.4980639846e-05
-0.00185651126932
4.68821823864e-05
-0.0018580917709
-1.97316115215e-06
-0.00185457997718
-5.10798839535e-05
-0.00184597882254
-9.9919273962e-05
-0.00183235448459
-0.000147970467452
-0.00181383574629
-0.000194721859503
-0.00179061161331
-0.000239682371368
-0.00176292728004
-0.000282392071953
-0.00173107862955
-0.000322431688038
-0.0016954055276
-0.000359430610438
-0.0016562842256
-0.000393073102469
-0.00161411921491
-0.000423102535142
-0.00156933487789
-0.000449323594375
-0.00152236726014
-0.000471602518939
-0.00147365624868
-0.00048986552809
-0.00142363838815
-0.00050409567331
-0.00137274050789
-0.000514328398109
-0.00132137427214
-0.000520646117463
-0.0012699317089
-0.000523172130318
-0.0012187817229
-0.000522064161487
-0.00116826755738
-0.000517507802002
-0.00111870513778
-0.000509710077441
-0.00107038220903
-0.000498893329802
-0.00102355816448
-0.000485289557335
-0.000978464459087
-0.000469135314133
-0.000935305499147
-0.000450667232423
-0.000894259905405
-0.000430118201697
-0.000855482053979
-0.000407714207582
-0.000819103808787
-0.000383671815644
-0.000785236369675
-0.000358196267619
-0.000753972171159
-0.00033148014546
-0.00072538677702
-0.000303702552947
-0.000699540725747
-0.000275028759403
-0.000676481290783
-0.000245610248104
-0.000656244127325
-0.000215585113949
-0.00063885478435
-0.000185078756132
-0.00062433006639
-0.000154204814239
-0.000123066301016
-0.000559764250194
-0.000100338725484
-0.000553952748948
-6.61738074386e-05
-0.000550900971785
-3.2013598721e-05
-0.000550594878968
2.06414492265e-06
-0.000553017355909
3.59854163388e-05
-0.000558148404982
6.96782594046e-05
-0.000565965182535
0.000103071107434
-0.000576441887791
0.000136091178567
-0.000589549510512
0.00016866294731
-0.000605255444394
0.000200706710184
-0.000623522973254
0.000232137262508
-0.000644310637132
0.000262862702835
-0.000667571485651
0.000292783382135
-0.000693252226257
0.000321791014056
-0.000721292275442
0.000349767964471
-0.000751622721864
0.000376586739218
-0.000784165211229
0.000402109688951
-0.000818830764413
0.000426188953963
-0.000855518542076
0.000448666670186
-0.000894114571662
0.000469375461532
-0.000934490455802
0.000488139244114
-0.000976502084984
0.000504774367589
-0.00101998838214
0.000519091121011
-0.00106477011234
0.000530895629115
-0.0011106487972
0.00053999216163
-0.00115740578075
0.00054618587681
-0.00120480150152
0.000549286013424
-0.00125257503351
0.000549109535542
-0.00130044396716
0.000545485224869
-0.00134810470842
0.00053825819837
-0.00139523327999
0.000527294807509
-0.00144148671174
0.000512487852941
-0.0014865051061
0.000493762017701
-0.00152991445764
0.00047107938707
-0.00157133029179
0.000444444888747
-0.00161036216501
0.000413911447701
-0.00164661903594
0.000379584612913
-0.00167971547377
0.000341626384803
-0.00170927861772
0.000300257950916
-0.00173495574047
0.000255761032803
-0.00175642220467
0.000208477566217
-0.00177338953838
0.000158807479014
-0.00178561330157
0.000107204403031
-0.00179290037762
5.41692584378e-05
-0.0017951153105
2.41771729564e-07
-0.00179218532389
-5.40098705608e-05
-0.00178410370724
-0.000108000890616
-0.00177093133234
-0.000161142842351
-0.00175279616695
-0.000212857024894
-0.00172989076949
-0.000262587768827
-0.00170246787099
-0.000309814970459
-0.00167083426409
-0.000354065294935
-0.00163534331307
-0.000394921561453
-0.00159638646389
-0.000432029951657
-0.00155438416575
-0.000465104833273
-0.0015097766152
-0.000493931144926
-0.00146301470345
-0.000518364430695
-0.00141455149517
-0.000538328736368
-0.00136483449875
-0.000553812669727
-0.00131429891347
-0.00056486398339
-0.0012633619649
-0.000571583066037
-0.00121241837185
-0.00057411572337
-0.00116183693052
-0.00057264560281
-0.00111195815575
-0.000567386576774
-0.00106309288601
-0.000558575347187
-0.0010155217378
-0.000546464478006
-0.000969495283828
-0.000531316011309
-0.000925234826617
-0.000513395771344
-0.000882933643453
-0.000492968415586
-0.000842758586381
-0.000470293258769
-0.000804851932576
-0.000445620861387
-0.000769333393019
-0.000419190355201
-0.000736302200667
-0.000391227459971
-0.000705839212395
-0.000361943133733
-0.000678008971064
-0.000331532794277
-0.000652861685146
-0.000300176045322
-0.000630435093116
-0.000268036840133
-0.000610756188212
-0.000235264018853
-0.000593842786197
-0.000201992158148
-0.000579704924703
-0.000168342675733
-0.000134425138294
-0.000511634643036
-0.000108684609018
-0.000505940664869
-7.18677856059e-05
-0.000502885065686
-3.50691979038e-05
-0.000502451964762
1.63104399877e-06
-0.000504623471332
3.81569229086e-05
-0.0005093798697
7.44346577732e-05
-0.000516699652421
0.000110390890155
-0.000526559408635
0.000145950934782
-0.000538933574382
0.000181037113057
-0.00055379405134
0.000215567187143
-0.0005711097001
0.000249452911267
-0.000590845713726
0.000282598716461
-0.000612962877176
0.000314900545585
-0.000637416717977
0.000346244854857
-0.000664156553706
0.000376507800201
-0.000693124442211
0.000405554627723
-0.000724254041119
0.000433239287858
-0.000757469384474
0.000459404297319
-0.000792683585884
0.000483880871597
-0.000829797479973
0.000506489355621
-0.000868698217061
0.000527039981203
-0.000909257829909
0.000545333980436
-0.000951331796475
0.000561165087576
-0.000994757628796
0.000574321461436
-0.00103935352539
0.000584588058221
-0.00108491713318
0.000591749484603
-0.00113122447477
0.000595593355015
-0.00117802910721
0.000595914167984
-0.00122506158983
0.000592517707485
-0.00127202934949
0.000585225958031
-0.00131861704155
0.000573882499569
-0.00136448751224
0.000558358323629
-0.00140928347173
0.000538557977193
-0.00145262998438
0.000514425899722
-0.00149413787186
0.000485952776227
-0.0015334081035
0.000453181679338
-0.00157003721422
0.000416213723634
-0.00160362374304
0.00037521291362
-0.00163377562379
0.00033040983167
-0.00166011838678
0.00028210379579
-0.00168230394909
0.000230663128528
-0.00170001968935
0.000176523219275
-0.001712997428
0.000120182141676
-0.00172102187814
6.21937085812e-05
-0.00172393810498
3.15799856829e-06
-0.00172165754266
-5.62904328812e-05
-0.00171416217106
-0.000115496262218
-0.00170150654891
-0.000173798464498
-0.00168381752537
-0.000230546048428
-0.00166129159788
-0.000285113696326
-0.00163419003686
-0.000336916531473
-0.0016028320416
-0.000385423290197
-0.00156758630844
-0.00043016729461
-0.00152886147266
-0.000470754787436
-0.00148709592164
-0.000506870384291
-0.00144274747167
-0.000538279594903
-0.00139628335802
-0.000564828544344
-0.00134817091742
-0.000586441176968
-0.00129886925389
-0.000603114333258
-0.00124882208512
-0.000614911152154
-0.00119845187525
-0.000621953275909
-0.00114815527874
-0.000624412319882
-0.00109829985372
-0.000622501027825
-0.00104922195252
-0.000616464477976
-0.00100122566284
-0.000606571636872
-0.000954582653579
-0.000593107487263
-0.000909532771627
-0.000576365893261
-0.000866285237782
-0.000556643305189
-0.000825020299169
-0.000534233354199
-0.000785891208363
-0.000509422349575
-0.000749026415475
-0.000482485654275
-0.000714531875997
-0.000453684894679
-0.000682493393675
-0.000423265942293
-0.000652978933247
-0.000391457594161
-0.000626040851822
-0.000358470875701
-0.000601718010016
-0.000324498887129
-0.000580037734523
-0.000289717115626
-0.00056101761256
-0.000254284140816
-0.000544667105746
-0.000218342664962
-0.000530988976772
-0.000182020804706
-0.000145433588496
-0.00045966300534
-0.00011674497101
-0.000454120029869
-7.74107610774e-05
-0.000451077898144
-3.81113296286e-05
-0.000450518844213
1.07199006799e-06
-0.000452424208634
4.00622873296e-05
-0.000456774612855
7.87850619936e-05
-0.000463549986439
0.00011716626374
-0.000472729454624
0.000155130402967
-0.000484291092914
0.000192598751346
-0.000498211554604
0.000229487648832
-0.000514465576323
0.000265706932987
-0.000533025365905
0.000301158506043
-0.000553859876244
0.000335735055924
-0.000576933968225
0.000369318946838
-0.000602207465521
0.000401781297496
-0.000629634103976
0.000432981266178
-0.000659160378547
0.000462765562429
-0.000690724291596
0.000490968210367
-0.000724254007556
0.000517410587557
-0.000759666421096
0.000541901769161
-0.0007968656488
0.000564239208906
-0.000835741458281
0.000584209789918
-0.000876167653881
0.000601591283176
-0.000918000444689
0.000616154252244
-0.000961076828696
0.000627664442228
-0.00100521303677
0.000635885692681
-0.00105020309173
0.00064058340997
-0.00109581755067
0.000641528626923
-0.0011418025134
0.000638502670221
-0.00118787899468
0.000631302439307
-0.00123374277263
0.000619746277518
-0.00127906483902
0.000603680390021
-0.00132349258616
0.000582985724331
-0.00136665186839
0.000557585181954
-0.00140815007039
0.000527450978223
-0.0014475802962
0.000492611905148
-0.0014845267596
0.00045316018704
-0.0015185714053
0.000409257559317
-0.00154930172074
0.000361140147105
-0.00157631961117
0.000309121686222
-0.00159925110999
0.000253594627353
-0.00161775658984
0.000195028699121
-0.00163154103859
0.000133966590432
-0.00164036388301
7.10165529991e-05
-0.00164404779593
6.84191149037e-06
-0.00164248592537
-5.78523034449e-05
-0.00163564704246
-0.000122335145124
-0.00162357821837
-0.000185867288595
-0.00160640479416
-0.000247719472638
-0.00158432758858
-0.0003071909019
-0.00155761748089
-0.000363626639171
-0.00152660768847
-0.000416433082614
-0.00149168420699
-0.000465090776087
-0.0014532749777
-0.000509164016728
-0.00141183838803
-0.000548306973958
-0.00136785169847
-0.000582266284464
-0.00132179992869
-0.000610880314127
-0.00127416564162
-0.000634075464031
-0.00122541995031
-0.000651860024574
-0.00117601495343
-0.00066431614903
-0.00112637769368
-0.000671590535658
-0.00107690563626
-0.000673884377304
-0.00102796358883
-0.00067144307526
-0.00097988192926
-0.000664546137542
-0.000932955973506
-0.000653497592626
-0.000887446299433
-0.000638617161336
-0.000843579840387
-0.000620232352307
-0.00080155157039
-0.000598671575187
-0.00076152661837
-0.000574258306218
-0.000723642667998
-0.000547306299947
-0.000688012521002
-0.000518115801272
-0.000654726722865
-0.000486970692817
-0.000623856169809
-0.000454136495348
-0.000595454634156
-0.000419859129814
-0.000569561160914
-0.000384364348943
-0.000546202301942
-0.000347857746101
-0.000525394165222
-0.000310525252347
-0.00050714426568
-0.000272534040357
-0.000491453171065
-0.000234033759576
-0.000478315941762
-0.000195158034009
-0.000156026162927
-0.000404019849642
-0.000124464229362
-0.000398666339742
-8.27642709771e-05
-0.000395658977467
-4.11186919041e-05
-0.000394978113005
3.91125606393e-07
-0.000396604355779
4.16885301033e-05
-0.000400518733466
8.26994396807e-05
-0.000406702710864
0.000123350241138
-0.000415138076416
0.000163565768519
-0.000425806702959
0.000203267377889
-0.000438690187972
0.000242371133845
-0.000453769377348
0.000280786122362
-0.000471023775466
0.000318412904161
-0.000490430843282
0.00035514212374
-0.000511965185101
0.000390853288657
-0.000535597623929
0.000425413736324
-0.000561294164792
0.000458677807042
-0.000589014845127
0.000490486242764
-0.000618712471705
0.000520665836945
-0.000650331244311
0.000549029360163
-0.00068380526802
0.000575375792869
-0.000719056958478
0.000599490899365
-0.000755995348212
0.000621148179651
-0.00079451430712
0.000640110242084
-0.000834490697122
0.000656130642246
-0.000875782489482
0.000668956234588
-0.000918226884313
0.000678330087512
-0.000961638484916
0.000683995010573
-0.0010058075951
0.000685697737105
-0.00105049872547
0.000683193800594
-0.00109544941424
0.000676253128074
-0.0011403694882
0.000664666351485
-0.00118494090947
0.000648251811291
-0.00122881837009
0.000626863184949
-0.00127163080771
0.000600397619569
-0.00131298401688
0.000568804187393
-0.0013524645182
0.000532092406473
-0.00138964481677
0.000490340485608
-0.00142409012868
0.00044370287123
-0.00145536657685
0.000392416595274
-0.0014830507548
0.000336805864166
-0.00150674043368
0.000277284306239
-0.00152606605102
0.000214354316458
-0.00154070248301
0.000148603022422
-0.00155038048596
8.06945559457e-05
-0.00155489711715
1.13585426814e-05
-0.00155412443323
-5.8624987359e-05
-0.00154801582842
-0.000128443749934
-0.00153660951248
-0.000197273604535
-0.00152002881759
-0.000264300167527
-0.00149847924581
-0.000328740473681
-0.00147224241211
-0.000389863472872
-0.00144166727299
-0.000447008221736
-0.00140715921816
-0.000499598830919
-0.0013691677213
-0.000547155513589
-0.00132817329136
-0.000589301403899
-0.0012846744417
-0.000625765134121
-0.00123917531085
-0.000656379444974
-0.00119217444267
-0.000681076332214
-0.0011441550862
-0.000699879381041
-0.00109557722558
-0.000712894009655
-0.00104687141272
-0.000720296348515
-0.000998434361263
-0.000722321428763
-0.000950626173501
-0.000719251263023
-0.000903769014149
-0.000711403296893
-0.000858147012395
-0.00069911959438
-0.000814007163169
-0.000682757010562
-0.000771561003961
-0.000662678511515
-0.000730986860278
-0.00063924571887
-0.000692432476526
-0.000612812689971
-0.000656017875706
-0.000583720900766
-0.000621838318886
-0.000552295358092
-0.0005899672614
-0.000518841750302
-0.000560459226512
-0.000483644530237
-0.000533352538046
-0.00044696581828
-0.000508671870999
-0.00040904501599
-0.000486430593527
-0.000370099023572
-0.000466632885255
-0.000330322960619
-0.000449275625671
-0.000289891299941
-0.000434350053049
-0.000248959332199
-0.000421843199127
-0.000207664887931
-0.00016613025406
-0.000344901439646
-0.000131780900786
-0.000339780796936
-8.78849136873e-05
-0.000336833553112
-4.40659357275e-05
-0.000336038229377
-4.0419812868e-07
-0.000337374777053
4.30250777796e-05
-0.000340824716148
8.61493787754e-05
-0.000346371143208
0.000128896668198
-0.000353998616567
0.000171193241878
-0.000363692925335
0.000212961686658
-0.00037544074674
0.000254118955249
-0.000389229194718
0.000294574570341
-0.000405045261025
0.000334228970467
-0.000422875148539
0.000372972011255
-0.00044270349502
0.000410681635138
-0.000464512484253
0.000447222725557
-0.000488280840523
0.000482446163312
-0.000513982701534
0.000516188103775
-0.000541586364653
0.000548269500064
-0.000571052901535
0.000578495897045
-0.00060233463722
0.000606657528554
-0.000635373491764
0.000632529753909
-0.000670099185608
0.000655873873495
-0.000706427314659
0.000676438371136
-0.000744257307711
0.000693960635297
-0.000783470287619
0.000708169214496
-0.000823926869288
0.000718786669181
-0.000865464942037
0.000725533083322
-0.000907897501658
0.000728130296726
-0.000951010618648
0.000726306917583
-0.000994561653279
0.000719804162705
-0.00103827785456
0.000708382552763
-0.00108185550752
0.00069182946425
-0.00112495981915
0.000669967496579
-0.00116722575413
0.000642663554556
-0.00120826004318
0.000609838476439
-0.0012476445833
0.000571476946597
-0.00128494142489
0.000527637327197
-0.00131969948873
0.000478460935063
-0.00135146307261
0.000424180179155
-0.00137978208954
0.000365124881094
-0.00140422382997
0.000301726046669
-0.00142438586723
0.000234516353726
-0.00143990954319
0.000164126698377
-0.00145049330621
9.12783189647e-05
-0.00145590505729
1.67702937688e-05
-0.00145599262399
-5.85374206609e-05
-0.00145069155244
-0.000133744821491
-0.00144002957986
-0.000207935577113
-0.00142412738111
-0.000280202366278
-0.00140319545242
-0.000349672402364
-0.0013775273035
-0.000415531621798
-0.00134748943665
-0.000477046088578
-0.00131350883175
-0.000533579435818
-0.00127605879813
-0.000584605547216
-0.00123564410363
-0.000629716098396
-0.0011927862513
-0.000668622986448
-0.00114800965864
-0.00070115603764
-0.00110182932692
-0.000727256663932
-0.001054740397
-0.000746968310959
-0.00100720979863
-0.000760424608029
-0.000959670032107
-0.000767836115036
-0.000912514986156
-0.000769476474715
-0.000866097598935
-0.000765668650244
-0.000820729109593
-0.000756771786235
-0.00077667962024
-0.000743169083733
-0.000734179686549
-0.000725256944253
-0.000693422671393
-0.000703435526671
-0.000654567623816
-0.000678100766447
-0.000617742479601
-0.000649637834185
-0.000583047415169
-0.000618415965198
-0.00055055822122
-0.000584784552042
-0.000520329593957
-0.000549070377565
-0.000492398269301
-0.000511575854893
-0.000466785948793
-0.000472578138788
-0.00044350198478
-0.000432328980002
-0.000422545807436
-0.000391055200917
-0.000403909087682
-0.000348959680373
-0.000387577638475
-0.000306222749148
-0.000373533062832
-0.000263003907842
-0.000361754160957
-0.000219443789806
-0.000175666303946
-0.00028253169711
-0.000138627889135
-0.000277692081327
-9.272452947e-05
-0.000274834289631
-4.69237274239e-05
-0.00027393513053
-1.30335722936e-06
-0.000274974011277
4.40639585269e-05
-0.000277933050533
8.9108418031e-05
-0.000282797072443
0.000133760690108
-0.0002895534904
0.000177949659835
-0.000298192086532
0.00022160028279
-0.000308704690835
0.000264631559552
-0.00032108476169
0.000306954641196
-0.000335326867499
0.000348471076276
-0.000351426067149
0.000389071210905
-0.000369377185124
0.000428632753113
-0.000389173975306
0.000467019515738
-0.00041080816594
0.000504080353946
-0.000434268376845
0.00053964831468
-0.000459538899054
0.000573540022273
-0.000486598326551
0.000605555324542
-0.000515418030027
0.00063547723203
-0.000545960463832
0.000663072187714
-0.000578177299615
0.000688090709277
-0.000612007384291
0.000710268455812
-0.000647374526083
0.000729327777089
-0.000684185120928
0.000744979809341
-0.000722325643415
0.000756927191668
-0.000761660041807
0.000764867481714
-0.000802027096254
0.000768497351173
-0.000843237823544
0.000767517644874
-0.000885073040549
0.00076163937971
-0.000927281231391
0.000750590743605
-0.00096957689937
0.00073412513223
-0.0010116396212
0.000712030218414
-0.00105311405439
0.000684137987737
-0.00109361117351
0.00065033559556
-0.00113271102094
0.000610576794026
-0.00116996724319
0.000564893549453
-0.00120491363836
0.000513407330231
-0.00123707285374
0.000456339394533
-0.00126596724159
0.000394019268945
-0.00129113170413
0.00032689050921
-0.00131212814232
0.000255512791917
-0.00132856088254
0.000180559438598
-0.00134009222394
0.000102809660358
-0.00134645707168
2.31351415148e-05
-0.00134747554718
-5.75189451625e-05
-0.00134306254579
-0.000138157822877
-0.00133323343833
-0.000217764684582
-0.00131810539251
-0.000295330412089
-0.00129789410388
-0.000369883690995
-0.00127290611379
-0.000440519611896
-0.00124352730726
-0.000506424895104
-0.00121020849191
-0.00056689825117
-0.00117344912594
-0.00062136491318
-0.0011337803136
-0.000669384910739
-0.00109174812635
-0.000710655173697
-0.00104789815087
-0.000745006013121
-0.00100276194228
-0.000772392872518
-0.000956845814061
-0.000792884439181
-0.000910622157489
-0.000806648264602
-0.000864523278145
-0.000813934994379
-0.000818937578718
-0.000815062174142
-0.000774207811129
-0.000810398417832
-0.000730631062509
-0.000800348534855
-0.000688460121061
-0.000785340025181
-0.000647905879271
-0.000765811186043
-0.000609140462841
-0.000742200943101
-0.000572300815862
-0.000714940413426
-0.000537492519277
-0.000684446130769
-0.00050479366549
-0.000651114818986
-0.000474258654521
-0.000615319563011
-0.000445921814212
-0.000577407217874
-0.00041980077822
-0.000537696890885
-0.000395899580996
-0.000496479336012
-0.000374211448722
-0.000454017112276
-0.000354721280251
-0.000410545369389
-0.000337407823037
-0.000366273137586
-0.000322245556566
-0.00032138501562
-0.000309206300588
-0.00027604316382
-0.000298260568275
-0.00023038952212
-0.000184548186763
-0.00021716392022
-0.000144932967433
-0.000212657917079
-9.72305326107e-05
-0.000209922723779
-4.96589207245e-05
-0.000208933621423
-2.29245958538e-06
-0.000209669633448
4.47999705519e-05
-0.000212113606846
9.15523914295e-05
-0.000216252189701
0.000137899272963
-0.000222075713325
0.000183773183459
-0.000229577984682
0.000229102554147
-0.000238755992201
0.00027380956707
-0.000249609525619
0.000317808174615
-0.000262140708059
0.000361002258717
-0.000276353436156
0.000403283939002
-0.000292252721727
0.000444532038683
-0.000309843926228
0.00048461072024
-0.000329131877129
0.000523368304847
-0.000350119853317
0.000560636290868
-0.00037280842506
0.000596228594016
-0.000397194132701
0.000629941032183
-0.000423267987676
0.000661551087005
-0.000451013779651
0.000690817979689
-0.000480406174948
0.000717483104574
-0.000511408594481
0.000741270875345
-0.000543970864594
0.000761890047201
-0.000578026642008
0.000779035586755
-0.000613490625539
0.0007923911752
-0.000650255582891
0.000801632439065
-0.000688189241549
0.000806431009831
-0.000727131119544
0.000806459522868
-0.000766889404904
0.000801397665071
-0.000807238032074
0.000790939370775
-0.00084791414871
0.000774801248866
-0.000888616214859
0.000752732284562
-0.000929003024601
0.00072452479748
-0.000968693982118
0.000690026553077
-0.00100727099126
0.000649153803168
-0.00104428231974
0.000601904877929
-0.00107924876458
0.000548373775072
-0.00111167236253
0.000488762992485
-0.00114104774824
0.00042339465466
-0.00116687606039
0.000352718821354
-0.00118868103146
0.000277317762988
-0.00120602658326
0.000197904990401
-0.00121853492726
0.00011531800435
-0.0012259039005
3.05041147625e-05
-0.00122792212948
-5.55007161904e-05
-0.00122448071027
-0.000141599242083
-0.00121558041593
-0.000226664978918
-0.00120133377411
-0.000309577053911
-0.00118196168459
-0.000389255780518
-0.00115778473334
-0.000464696563139
-0.00112920994585
-0.0005349996826
-0.00109671412151
-0.00059939407551
-0.00106082507152
-0.000657253963169
-0.00102210213092
-0.000708107851339
-0.000981117233472
-0.000751640071143
-0.000938437626171
-0.000787685620422
-0.000894611005965
-0.000816219492725
-0.000850153542092
-0.000837341903054
-0.000805540947488
-0.000851260859206
-0.000761202512479
-0.000858273429388
-0.000717517830333
-0.000858746856288
-0.000674815829996
-0.000853100418168
-0.000633375678611
-0.000841788686241
-0.0005934291124
-0.000825286591392
-0.000555163784643
-0.000804076513801
-0.000518727269876
-0.000778637457868
-0.000484231423523
-0.000749436259779
-0.000451756857734
-0.000716920696558
-0.000421357351725
-0.000681514324995
-0.000393064065938
-0.000643612848797
-0.000366889472014
-0.000603581811798
-0.000342830945139
-0.00056175541776
-0.000320873992242
-0.000518436288909
-0.000300995109571
-0.000473895994946
-0.0002831642776
-0.00042837620136
-0.000267347111
-0.000382090304187
-0.000253506687499
-0.000335225439121
-0.000241605082722
-0.000287944768596
-0.000231604639344
-0.000240389965498
-0.000192683827589
-0.000149082242083
-0.000150619470121
-0.000144966365685
-0.000101346409009
-0.000142390435866
-5.22348505434e-05
-0.000141328467316
-3.3544281347e-06
-0.000141759310775
4.52308140108e-05
-0.000143666697421
9.34597780753e-05
-0.000147039197268
0.00014127177281
-0.000151870099716
0.000188604085907
-0.000158157221421
0.000235389675852
-0.000165902643784
0.000281554989433
-0.000175112379573
0.000327017910404
-0.000185795965425
0.000371685844568
-0.000197965974291
0.000415453947868
-0.000211637439161
0.000458203503554
-0.000226827176709
0.000499800457788
-0.000243552996873
0.000540094125012
-0.000261832781748
0.000578916075743
-0.000281683414822
0.00061607922709
-0.000303119539388
0.000651377156749
-0.000326152123343
0.00068458367096
-0.000350786806643
0.00071545266299
-0.000377022007779
0.00074371830571
-0.000404846767282
0.000769095634849
-0.000434238310049
0.000791281589969
-0.000465159314734
0.00080995659144
-0.000497554888833
0.000824786749298
-0.000531349263166
0.000835426813398
-0.00056644224046
0.000841523987125
-0.000602705461107
0.000842722743516
-0.000639978585777
0.00083867078974
-0.000678065540094
0.000829026325092
-0.000716731021086
0.000813466729857
-0.000755697526676
0.000791698790152
-0.000794643234497
0.000763470505301
-0.000833201118423
0.000728584437003
-0.000870959740762
0.000686912425507
-0.00090746618247
0.000638411319636
-0.000942231558307
0.00058313915091
-0.000974739492161
0.000521270926339
-0.00100445778533
0.000453112947825
-0.00103085328823
0.000379114324256
-0.00105340967451
0.000299874149275
-0.00107164741405
0.000216142729942
-0.001085144793
0.000128815383298
-0.00109355842273
3.89177444922e-05
-0.00109664142662
-5.2417712301e-05
-0.00109425762428
-0.000143983044427
-0.001086390555
-0.000234532048198
-0.00107314656139
-0.000322821047518
-0.00105475139252
-0.00040765094939
-0.00103154038693
-0.00048790756873
-0.00100394319108
-0.000562596878448
-0.000972464482936
-0.000630872783654
-0.000937662322258
-0.000692056123847
-0.000900125795898
-0.000745644377699
-0.000860453528792
-0.00079131233825
-0.00081923435159
-0.000828904797623
-0.000777031027394
-0.000858422816921
-0.000734367528413
-0.000880005402035
-0.000691719976471
-0.000893908411148
-0.000649511057061
-0.000900482348798
-0.000608107505042
-0.000900150408308
-0.000567820141062
-0.000893387782148
-0.000528905897237
-0.000880702930066
-0.000491571288575
-0.000862621200053
-0.000455976842634
-0.000839670959741
-0.000422242075625
-0.000812372224878
-0.000390450685306
-0.000781227650097
-0.000360655710183
-0.000746715671682
-0.000332884474942
-0.000709285560235
-0.000307143201783
-0.000669354121957
-0.000283421215146
-0.000627303798434
-0.000261694704419
-0.000583481928488
-0.000241930036673
-0.000538200956655
-0.000224086630843
-0.000491739400776
-0.000208119417639
-0.000444343414564
-0.000193980917422
-0.000396228804403
-0.000181622972253
-0.00034758338429
-0.000170998169585
-0.000298569571264
-0.000162060994433
-0.00024932714065
-0.000199976077251
-7.8602751837e-05
-0.0001556072088
-7.49367702624e-05
-0.000105012390584
-7.25598621677e-05
-5.46117586381e-05
-7.14451178216e-05
-4.46917248081e-06
-7.15714808648e-05
4.5357177054e-05
-7.2923750949e-05
9.48120481595e-05
-7.54925207695e-05
0.00014384054263
-7.92740552794e-05
0.000192385620417
-8.42701176222e-05
0.000240385738195
-9.04877432117e-05
0.000287772615023
-9.79389603673e-05
0.00033446912756
-0.000106640452936
0.000380387337137
-0.000116613157365
0.000425426652296
-0.000127881783636
0.000469472129825
-0.000140474246443
0.000512392920594
-0.000154420989806
0.000554040868374
-0.000169754185162
0.000594249271099
-0.000186506779818
0.000632831821746
-0.000204711369573
0.000669581746505
-0.000224398866598
0.000704271167984
-0.000245596931397
0.000736650727789
-0.000268328136272
0.000766449510584
-0.000292607827623
0.0007933753262
-0.000318441656331
0.000817115418677
-0.000345822750004
0.000837337685113
-0.000374728509376
0.00085369250867
-0.000405117024728
0.00086581532875
-0.000436923128437
0.000873330090834
-0.000470054128548
0.000875853743627
-0.000504385307308
0.000873001968501
-0.000539755319295
0.000864396337079
-0.000575961687091
0.000849673097654
-0.00061275666744
0.000828493770501
-0.000649843844076
0.000800557681937
-0.000686875888725
0.000765616481652
-0.000723454008175
0.000723490544957
-0.000759129648333
0.000674086959795
-0.000793409038082
0.000617418540659
-0.000825761105451
0.000553622993708
-0.000855629166596
0.00048298100897
-0.000882446560907
0.000405931718567
-0.000905656059603
0.000323083647971
-0.000924732373754
0.000235219044093
-0.000939206468795
0.000143289478339
-0.00094868977221
4.84010479067e-05
-0.000952895888876
-4.82115956353e-05
-0.000951657635962
-0.000145221297342
-0.000944938191346
-0.000241251492813
-0.000932835546087
-0.000334923692776
-0.000915579315951
-0.000424907179526
-0.000893519684808
-0.000509967199874
-0.000867109780129
-0.000589006783127
-0.000836883422652
-0.000661099141131
-0.000803430188085
-0.000725509358415
-0.000767369779307
-0.000781704786478
-0.000729327630339
-0.000829354487218
-0.000689913300439
-0.000868319127523
-0.000649702702369
-0.000898633414991
-0.000609224678397
-0.000920483426007
-0.000568951963546
-0.000934181125999
-0.00052929620535
-0.000940138106994
-0.000490606467304
-0.000938840146353
-0.000453170524469
-0.000930823724983
-0.000417218240254
-0.000916655214281
-0.00038292636344
-0.000896913076867
-0.000350424175273
-0.000872173147908
-0.000319799524436
-0.000842996875715
-0.000291104896448
-0.000809922278086
-0.00026436326325
-0.000773457304879
-0.000239573542926
-0.00073407528056
-0.000216715567587
-0.000692212097296
-0.000195754509583
-0.000648264856438
-0.00017664475451
-0.000602591683561
-0.000159333236234
-0.00055551247493
-0.000143762266576
-0.000507310370434
-0.000129871902639
-0.000458233778501
-0.000117601899918
-0.000408498807124
-0.000106893300589
-0.000358291983619
-9.76897051396e-05
-0.000307773166713
-8.99382725823e-05
-0.000257078573207
-0.000206323859317
-6.0742016777e-06
-0.000159813620169
-2.92027807236e-06
-0.000108166314189
-7.84678052531e-07
-5.67473586579e-05
3.60006291347e-07
-5.61385682468e-06
5.34416186722e-07
4.51827671586e-05
-2.47530612448e-07
9.55939949587e-05
-1.97855385928e-06
0.000145571565877
-4.65788927669e-06
0.000195064955835
-8.29113520961e-06
0.000244018984128
-1.28900679775e-05
0.000292371547791
-1.84724232881e-05
0.00034005148287
-2.50616379517e-05
0.000386976551801
-3.26865429858e-05
0.00043305155733
-4.13809959383e-05
0.000478166582778
-5.11834368744e-05
0.00052219536153
-6.21363489278e-05
0.000564993780428
-7.428560056e-05
0.000606398522731
-8.76796428441e-05
0.00064622586403
-0.000102368531095
0.000684270634755
-0.000118402736292
0.000720305373182
-0.000135831708108
0.000754079699605
-0.000154702148209
0.000785319950685
-0.000175055950479
0.00081372912847
-0.000196927764382
0.00083898723258
-0.000220342139742
0.000860752060473
-0.000245310217105
0.000878660586033
-0.000271825938932
0.000892331050578
-0.000299861775143
0.000901365927045
-0.000329363984366
0.000905355952849
-0.000360247472225
0.000903885456361
-0.000392390362433
0.000896539227286
-0.000425628467545
0.000882911202765
-0.000459749934105
0.000862615237062
-0.000494490439054
0.000835298186886
-0.000529529424491
0.000800655467089
-0.000564487964316
0.000758449084781
-0.000598928942588
0.000708527938066
-0.00063236026977
0.000650849867841
-0.000664241844358
0.000585504568296
-0.000693996860472
0.000512736025084
-0.000721027856549
0.000432962714643
-0.000744737557262
0.000346793348684
-0.00076455396921
0.000255035456041
-0.000779958347044
0.000158693856173
-0.000790513688694
5.89563895571e-05
-0.000795890489858
-4.28347944719e-05
-0.000795886793088
-0.000145224994111
-0.00079044167182
-0.000246696614081
-0.000779641622747
-0.00034572374185
-0.000763718074313
-0.00044083072796
-0.000743035014327
-0.00053065025986
-0.000718068708851
-0.000613973088603
-0.000689382193837
-0.000689785656145
-0.00065759670336
-0.000757294848892
-0.000623362357131
-0.000815939132707
-0.000587330484509
-0.000865386359839
-0.000550129493903
-0.000905520118129
-0.000512345507233
-0.00093641740166
-0.000474508294425
-0.000958320638815
-0.000437082444165
-0.00097160697626
-0.000400463253774
-0.000976757297385
-0.000364976545298
-0.000974326854829
-0.000330881504039
-0.000964918766243
-0.000298375650031
-0.000949161068289
-0.000267601148206
-0.000927687578692
-0.000238651799782
-0.000901122496332
-0.000211580205736
-0.000870068469761
-0.000186404733418
-0.000835097750403
-0.000163116038797
-0.0007967459995
-0.000141682994975
-0.000755508324382
-0.000122057953112
-0.000711837139159
-0.000104181316686
-0.000666141492864
-8.79854478277e-05
-0.000618787552419
-7.33979487736e-05
-0.000570099973985
-6.03443755016e-05
-0.000520363943706
-4.87504472021e-05
-0.000469827706801
-3.85438166594e-05
-0.000418705437667
-2.96554644997e-05
-0.000367180335779
-2.20207760048e-05
-0.000315407855208
-1.55803537259e-05
-0.000263518995486
-0.000211623599997
6.81217784503e-05
-0.000163155148769
7.07001320838e-05
-0.000110744667823
7.2550317844e-05
-5.85975444181e-05
7.36997307954e-05
-6.76326977611e-06
7.41682179835e-05
4.47142799705e-05
7.39681703841e-05
9.57940425581e-05
7.31046326779e-05
0.000146435103584
7.15754245294e-05
0.000196594163983
6.93712705376e-05
0.000246223138119
6.64759393077e-05
0.000295266879021
6.28663952686e-05
0.00034366102691
5.85129700258e-05
0.000391329977043
5.33795632629e-05
0.000438184964093
4.74238865994e-05
0.000484122259441
4.05977674109e-05
0.000529021480719
3.28475334914e-05
0.000572744014347
2.41145036461e-05
0.000615131552577
1.4335613792e-05
0.000656004753884
3.4442129812e-06
0.000695162035566
-8.62893122735e-06
0.000732378517391
-2.19543735392e-05
0.000767405141917
-3.6602428419e-05
0.000799968005565
-5.26412506398e-05
0.000829767950691
-7.01345021936e-05
0.000856480484134
-8.91385479486e-05
0.000879756106228
-0.000109699124987
0.000899221163071
-0.000131847438244
0.000914479363835
-0.000155595650142
0.000925114138943
-0.000180931757356
0.000930692060064
-0.000207813887047
0.000930767586052
-0.000236164101356
0.000924889441595
-0.000265861876232
0.000912608977642
-0.000296737520292
0.000893490881122
-0.000328565920087
0.000867126586681
-0.000361061133729
0.000833150680731
-0.000393872492123
0.000791260443175
-0.000426582987692
0.000741238433636
-0.000458710813442
0.000682977693592
-0.000489714933427
0.000616508688281
-0.000519005495315
0.000542026586972
-0.000545959749834
0.000459916969163
-0.000569943885986
0.000370777484836
-0.00059034057045
0.000275432140505
-0.000606580863464
0.000174934149187
-0.00061817769031
7.05532164032e-05
-0.000624756110115
-3.62563746668e-05
-0.00062607601187
-0.000143905092357
-0.000622047804263
-0.000250724821688
-0.000612741744643
-0.00035502980147
-0.000598387219601
-0.000455185253001
-0.000579358991936
-0.000549678487526
-0.000556153945341
-0.000637178135197
-0.000529362287943
-0.000716577313543
-0.000499635179003
-0.000787021957832
-0.000467651333103
-0.000847922978607
-0.000434085638304
-0.000898952054638
-0.000399582192137
-0.000940023564297
-0.0003647332075
-0.000971266386297
-0.000330064353711
-0.000992989492605
-0.000296026334518
-0.00100564499545
-0.000262991941627
-0.00100979169028
-0.000231257508245
-0.00100606128821
-0.00020104759535
-0.000995128679138
-0.000172521808979
-0.00097768685466
-0.000145782804642
-0.000954426583029
-0.000120884731899
-0.000926020569075
-9.78415701489e-05
-0.000893111631511
-7.6634983443e-05
-0.000856304337109
-5.72214672826e-05
-0.000816159515661
-3.95386718942e-05
-0.00077319111977
-2.35108674706e-05
-0.000727864943583
-9.05357198595e-06
-0.000680598788349
3.92260287349e-06
-0.000631763727279
1.55088123276e-05
-0.000581686183439
2.57954614572e-05
-0.000530650592836
3.48702247628e-05
-0.000478902470107
4.28165198579e-05
-0.000426651732762
4.97123590102e-05
-0.000374076174931
5.56295099218e-05
-0.00032132500612
6.06329053981e-05
-0.000268522390962
-0.000215770944448
0.000143571034423
-0.000165548859415
0.000145510187292
-0.000112683820692
0.000147029883414
-6.01172405399e-05
0.000148156912068
-7.89029843032e-06
0.000148909892501
4.39612995384e-05
0.000149299415925
9.54045191337e-05
0.000149328178857
0.000146406340651
0.000148991102598
0.000196931240243
0.000148275437107
0.00024693880361
0.000147160850728
0.0002963814654
0.000145619510285
0.000345202367352
0.000143616159197
0.000393333328132
0.000141108204425
0.000440692918865
0.000138045826511
0.000487184637355
0.000134372130646
0.000532695176584
0.000130023360821
0.000577092784173
0.000124929203651
0.000620225709747
0.000119013213531
0.000661920744005
0.000112193396355
0.000701981852742
0.000104382995134
0.000740188918611
9.54915273252e-05
0.000776296609725
8.54261304123e-05
0.000810033402478
7.40932788356e-05
0.000841100802267
6.14009412098e-05
0.000869172821759
4.72612510335e-05
0.000893895796405
3.15937654064e-05
0.000914888648698
1.43293827852e-05
0.000931743746457
-4.58502002594e-06
0.000944028541754
-2.51811931673e-05
0.000951288233205
-4.74633596223e-05
0.000953049752507
-7.14013568488e-05
0.000948827438821
-9.69232110771e-05
0.00093813083187
-0.000123907391383
0.000920475061428
-0.000152175129134
0.000895394324432
-0.000181483348904
0.000862458900501
-0.000211518923434
0.000821296017704
-0.000241895114955
0.000771614625157
-0.000272151176545
0.000713233755181
-0.000301756132841
0.000646113644577
-0.00033011771705
0.00057038817118
-0.000356597390397
0.00048639664251
-0.000380532361733
0.000394712456173
-0.000401265066944
0.000296164845716
-0.00041817920147
0.000191848283713
-0.00043073908287
8.31130978023e-05
-0.000438524871689
-2.84705858472e-05
-0.000441256220092
-0.000141173743954
-0.000438809111168
-0.000253171930611
-0.000431230061423
-0.000362608851215
-0.000418739581044
-0.00046767573338
-0.000401716808828
-0.000566701259742
-0.000380672907633
-0.000658222036392
-0.000356219614937
-0.00074103060624
-0.00032903330598
-0.000814208266788
-0.00029981711921
-0.000877139165377
-0.00026926531571
-0.000929503858138
-0.000238033036552
-0.000971255843455
-0.000206713234607
-0.00100258618824
-0.000175821406405
-0.00102388132081
-0.000145787759894
-0.00103567864196
-0.000116955736143
-0.00103862371403
-8.95854437263e-05
-0.00103343158063
-6.38605093995e-05
-0.00102085361347
-3.98969906167e-05
-0.00100165037344
-1.77532393405e-05
-0.000976570334305
2.56011858765e-06
-0.000946333927004
2.10706655201e-05
-0.000911622178443
3.78354942981e-05
-0.000873069165887
5.2933519894e-05
-0.000831257541257
6.64588665292e-05
-0.000786716466405
7.85153128549e-05
-0.000739921389908
8.9211725589e-05
-0.000691295201083
9.86583829031e-05
-0.000641210384593
0.000106964076058
-0.000589991876594
0.000114233875924
-0.000537920392702
0.000120567455965
-0.000485236050148
0.000126057872141
-0.000432142148937
0.000130790710991
-0.000378809013782
0.000134843528609
-0.000325377823738
0.000138285514365
-0.000271964376719
-0.00021866275386
0.000219827880916
-0.000166914264957
0.00022106548651
-0.000113921426286
0.000222209634904
-6.12613889348e-05
0.000223285841621
-8.96650514634e-06
0.000224311015063
4.29361260962e-05
0.00022529364796
9.44218862361e-05
0.000226233972735
0.000145466015877
0.000227124077025
0.000196041135953
0.000227947978837
0.000246114901798
0.000228681663794
0.000295647780442
0.000229293089846
0.0003445909413
0.000229742167721
0.000392884250256
0.000229980728465
0.000440454358121
0.000229952492732
0.000487212873089
0.000229593060197
0.000533054609119
0.000228829941644
0.000577855902725
0.000227582661083
0.000621472990308
0.0002257629607
0.000663740444388
0.000223275147714
0.000704469665728
0.000220016629235
0.00074344743709
0.000215878689037
0.000780434549924
0.000210747568653
0.000815164522862
0.000204505924061
0.000847342446859
0.000197034737982
0.000876644007838
0.000188215775618
0.000902714758768
0.0001779346772
0.000925169747116
0.000166084781945
0.000943593641712
0.000152571772208
0.000957541551491
0.000137319209617
0.000966540795796
0.00012027500169
0.000970093960434
0.000101418781472
0.00096768365904
8.07700972102e-05
0.000958779516131
5.83971885946e-05
0.000942847970043
3.44259691605e-05
0.000919365543866
9.04864816842e-06
0.000887836221493
-1.74687681115e-05
0.000847813433984
-4.478102236e-05
0.000798926879406
-7.24612403899e-05
0.000740913973211
-0.000100002728528
0.000673655132715
-0.00012682593147
0.000597211374122
-0.0001522915738
0.00051186228484
-0.000175721502768
0.000418142385141
-0.000196428935829
0.000316872278778
-0.000213758494517
0.000209177842401
-0.000227132951346
9.64875546315e-05
-0.000236094033595
-1.95095035989e-05
-0.000240322190796
-0.000136945586752
-0.000239651200098
-0.00025384292131
-0.000234091357568
-0.000368168693745
-0.000223842633429
-0.000477924457518
-0.000209276566999
-0.000581267326172
-0.000190905656119
-0.000676592947273
-0.000169351553578
-0.000762584708781
-0.000145306617084
-0.000838253203282
-0.000119491031642
-0.000902954750819
-9.26120373966e-05
-0.000956382852384
-6.53296607045e-05
-0.000998538220147
-3.82311770202e-05
-0.00102968467193
-1.1815058785e-05
-0.00105029743904
1.35161543134e-05
-0.00106100985506
3.74555748844e-05
-0.0010625631346
5.97862024984e-05
-0.00105576220824
8.03715875966e-05
-0.00104143899856
9.91445830699e-05
-0.00102042336892
0.000116095479415
-0.00099352123065
0.000131260443648
-0.000961498891236
0.000144710849762
-0.000925072584558
0.000156543824161
-0.000884902140286
0.000166874135993
-0.000841587853088
0.000175827431278
-0.00079566976169
0.000183534727957
-0.000747628686588
0.000190128043971
-0.000697888517097
0.000195737010787
-0.000646819351408
0.000200486321759
-0.000594741187566
0.000204493871893
-0.000541927942836
0.000207869458288
-0.000488611636542
0.000210713925836
-0.000434986616486
0.000213118658685
-0.00038121374663
0.000215165333244
-0.000327424498297
0.000216925862677
-0.000273724906152
-0.000220199366557
0.000296416798402
-0.000167175344371
0.000296893351165
-0.000114397979048
0.000297618020293
-6.19860580628e-05
0.000298614315955
-9.96280080864e-06
0.000299896911662
4.16535303893e-05
0.000301471882304
9.2846915594e-05
0.000303336878588
0.000143601019593
0.000305481235751
0.00019389677879
0.000307886017369
0.00024371012018
0.00031052399777
0.000293009800042
0.000313359589138
0.000341755349931
0.000316348722072
0.000389895117323
0.000319438691127
0.000437364389066
0.000322567980059
0.000484083584157
0.000325666085
0.000529956504178
0.00032865335804
0.000574868629685
0.000331440898496
0.000618685449851
0.000333930524985
0.0006612508179
0.000336014868108
0.000702385322605
0.000337577631467
0.000741884673731
0.000338494077713
0.000779518103678
0.000338631806498
0.000815026794077
0.000337851902325
0.000848122351032
0.000336010541935
0.000878485368229
0.000332961162316
0.000905764138386
0.000328557300351
0.000929573609081
0.000322656221381
0.000949494720682
0.000315123453568
0.000965074319304
0.000305838333129
0.000975825916235
0.000294700636178
0.000981231657385
0.000281638317736
0.000980745977481
0.000266616288263
0.000973801545604
0.000249646024555
0.000959818233752
0.000230795631521
0.000938215936901
0.000210199752007
0.000908432101007
0.000188068497553
0.000869944688438
0.000164694403956
0.000822300973003
0.00014045634402
0.000765152033147
0.000115819391651
0.000698292085084
9.13299194833e-05
0.000621700846289
6.76053239034e-05
0.00053558688042
4.53164970889e-05
0.000440431211955
2.51592592794e-05
0.000337029516587
7.81108859514e-06
0.000226526013085
-6.12590356688e-06
0.000110424546793
-1.61732942335e-05
-9.46211293232e-06
-2.19801579102e-05
-0.000131138723076
-2.33264082879e-05
-0.000252496670932
-2.01642400753e-05
-0.000371330861958
-1.26538776872e-05
-0.000485434819906
-1.13822800803e-06
-0.000592782975851
1.38933033982e-05
-0.000691624478679
3.18304995556e-05
-0.000780521904938
5.19808103203e-05
-0.000858403514047
7.36184135654e-05
-0.000924592354064
9.60317536064e-05
-0.000978796192424
0.00011856320052
-0.00102106966706
0.000140638045932
-0.00105175951734
0.000161781826792
-0.0010714412199
0.000181626780771
-0.00108085480904
0.000199909553365
-0.00108084590719
0.000216462747337
-0.00107231540221
0.000231202773195
-0.00105617902442
0.000244116031469
-0.00103333662719
0.000255244929729
-0.00100465012891
0.000264674729939
-0.000970928691446
0.000272521800301
-0.00093291965492
0.000278923531367
-0.000891303871352
0.000284029961571
-0.000846694283293
0.000287997023705
-0.000799636823824
0.000290981249953
-0.000750612912835
0.000293135740515
-0.000700043007659
0.000294607194773
-0.000648290805667
0.000295533813675
-0.000595667806467
0.000296043900191
-0.000542438029352
0.000296255006434
-0.000488822742785
0.000296273498339
-0.000435005108392
0.000296194430048
-0.000381134678339
0.000296101639308
-0.000327331707556
0.000296067992081
-0.000273691258925
-0.000220287093464
0.000372834887385
-0.000166262714349
0.000372495404185
-0.000114058495848
0.00037275900079
-6.22496546679e-05
0.000373646403114
-1.08502031322e-05
0.000375169496618
4.0130436885e-05
0.000377331605709
9.06848065032e-05
0.000380127682724
0.000140804942577
0.000383544406256
0.000190480055259
0.000387560191056
0.00023969433538
0.000392145114064
0.000288424877034
0.000397260763292
0.000336639700703
0.00040286001858
0.000384295862035
0.00040888677572
0.000431337631926
0.000415275628278
0.000477694731599
0.000421951524811
0.000523280607645
0.00042882942319
0.000567990731306
0.00043581396861
0.000611700904431
0.000442799227796
0.000654265558714
0.00044966851902
0.000695516031381
0.000456294386112
0.000735258806639
0.00046253877472
0.00077327371507
0.000468253480821
0.000809312087977
0.000473280954753
0.0008430948771
0.000477455558638
0.000874310764344
0.000480605390142
0.000902614306882
0.000482554800014
0.00092762419921
0.000483127742331
0.000948921778365
0.000482152101565
0.00096604996007
0.000479465134111
0.000978512883688
0.000474920136105
0.000985776655391
0.000468394393519
0.000987271720067
0.000459798371773
0.000982397567351
0.000449085947888
0.000970530657636
0.00043626527066
0.000951036614128
0.000421409559694
0.000923287811973
0.000404666872896
0.000886687375236
0.000386267698411
0.000840700147488
0.000366529252627
0.000784890478931
0.000345855650034
0.000718965687677
0.000324733960896
0.000642822535427
0.000303727150044
0.000556593691273
0.000283462947009
0.00046069541499
0.000264611892815
0.000355880570781
0.000247843091338
0.000243294814562
0.000233751031345
0.000124516606787
0.000222792766297
1.49615211504e-06
0.000215328511438
-0.000123674468217
0.000211651981342
-0.000248820140836
0.000211909440122
-0.000371588320738
0.00021601071018
-0.000489536089964
0.000223677065475
-0.000600449331145
0.000234486972117
-0.000702434385322
0.000247878609634
-0.000793913542455
0.000263183874502
-0.000873708778914
0.000279687100878
-0.000941095580441
0.000296682650677
-0.000995791742223
0.00031352247248
-0.00103790948886
0.00032965044145
-0.00106788748631
0.00034462197747
-0.00108641275592
0.000358110067968
-0.00109434289954
0.000369900742607
-0.00109263658183
0.000379881550905
-0.00108229621051
0.000388026235541
-0.00106432370906
0.000394378098642
-0.00103968849029
0.000399033796108
-0.00100930582638
0.000402128614054
-0.000974023509391
0.000403823753111
-0.000934614793977
0.000404295779869
-0.00089177589811
0.000403728174972
-0.000846126678397
0.000402304779631
-0.000798213428483
0.000400204884333
-0.000748513017537
0.000397599689925
-0.000697437813251
0.000394649883469
-0.000645340999211
0.00039150409691
-0.000592522019908
0.000388298047611
-0.000539231980053
0.000385154191479
-0.000485678886653
0.000382181749128
-0.00043203266604
0.000379476991994
-0.000378429921205
0.000377123698182
-0.000324978413745
0.000375193707044
-0.000271761267787
-0.000218840903827
0.000448555119588
-0.000164115905091
0.00044735090729
-0.00011285428355
0.000447115462712
-6.20142100905e-05
0.000447865922583
-1.16006630027e-05
0.000449610817549
3.83855419191e-05
0.000452350385219
8.79452388329e-05
0.000456076767635
0.000137078560162
0.000460774094899
0.000185782727995
0.000466418458699
0.00023404997158
0.000472977781255
0.000281865554478
0.000480411586977
0.000329205894981
0.000488670685924
0.000376036763087
0.000497696780281
0.000422311537569
0.00050742200749
0.00046796950439
0.000517768436757
0.000512934178377
0.000528647539418
0.000557111628645
0.000539959658385
0.000600388785464
0.000551593507873
0.000642631709225
0.000563425741962
0.000683683797292
0.000575320639662
0.000723363908939
0.000587129965275
0.000761464389456
0.000598693076021
0.000797748977231
0.000609837364426
0.000831950588695
0.000620379140527
0.000863768988243
0.000630125077964
0.000892868369445
0.000638874367341
0.000918874909833
0.000646421737451
0.000941374408254
0.000652561516207
0.000959910181314
0.000657092902188
0.000973981497708
0.000659826595037
0.000983042962542
0.000660592874065
0.000986505441039
0.000659251100549
0.000983739340867
0.000655700430279
0.000974081327907
0.000649891241679
0.000956845802728
0.000641836406287
0.000931342647365
0.000631621114493
0.00089690266703
0.000619409726569
0.000852911535412
0.000605448255477
0.000798851950023
0.000590061704123
0.000734352239031
0.000573647407144
0.000659236832405
0.00055666915515
0.000573571943267
0.000539656148931
0.00047770842121
0.000523197512919
0.000372339206793
0.000507902904572
0.000258589422909
0.000494301246422
0.000138118264936
0.000482741089417
1.30563091202e-05
0.000473540292328
-0.000114473671127
0.000467103511016
-0.000242383359524
0.000463753629233
-0.000368238438955
0.000463515567523
-0.000489298028254
0.000466233155718
-0.000603166919341
0.000471634787947
-0.000707836017551
0.00047926833974
-0.000801547094247
0.000488525198375
-0.00088296563755
0.00049871891525
-0.000951289297315
0.000509159269677
-0.00100623209665
0.000519212132639
-0.00104796235183
0.000528342535974
-0.00107701788964
0.000536138420204
-0.00109420864015
0.000542316702828
-0.00110052118216
0.000546716251775
-0.00109703613078
0.000549282772779
-0.00108486273152
0.000550049824896
-0.00106509076117
0.000549119056376
-0.00103875772177
0.000546641651719
-0.00100682842172
0.000542802069395
-0.000970183927068
0.000537804495273
-0.000929617219855
0.000531862020913
-0.00088583342375
0.000525188322611
-0.000839452980094
0.000517991508003
-0.000791016613876
0.000510469765836
-0.00074099127537
0.000502808467778
-0.000689776515194
0.000495178406991
-0.000637710938424
0.000487734902761
-0.000585078515678
0.000480617545974
-0.000532114623266
0.000473950402427
-0.000479011743106
0.000467842528042
-0.000425924791655
0.000462388681497
-0.00037297607466
0.000457670145746
-0.000320259877994
0.000453755591035
-0.000267846713075
-0.000215787241639
0.000523030408262
-0.000160685678445
0.000520920868819
-0.000110744744108
0.000520153364376
-6.12467056473e-05
0.000520740637578
-1.21879362042e-05
0.000522687302763
3.64388767336e-05
0.0005259901826
8.46423589966e-05
0.000530638506507
0.000132430236255
0.000536613974652
0.000179807259849
0.000543890692727
0.000226773253506
0.000552434983965
0.000273321263239
0.000562205086124
0.000319435792822
0.00057315074246
0.000365091106752
0.000585212697411
0.000410249582619
0.000598322109691
0.00045486009211
0.000612399898194
0.000498856389875
0.000627356039569
0.00054215548727
0.000643088840838
0.000584655984194
0.000659484216361
0.000626236333702
0.00067641500594
0.000666753007713
0.000693740380533
0.000706038534346
0.000711305394046
0.000743899375943
0.000728940754466
0.000780113616811
0.000746462905465
0.000814428437696
0.000763674530509
0.000846557363199
0.000780365615015
0.000876177284939
0.000796315227211
0.000902925297638
0.000811294202497
0.000926395432968
0.000825068935044
0.000946135448767
0.000837406486726
0.000961643946025
0.000848081205234
0.000972368244034
0.00085688298046
0.000977703665813
0.000863627132785
0.000976995188541
0.00086816568518
0.000969542775512
0.000870399387695
0.000954612100213
0.000870289298413
0.000931452736646
0.000867866017079
0.000899325948365
0.000863234143971
0.00085754340852
0.000856569647984
0.00080551644601
0.000848108689563
0.000742813197452
0.000838129711495
0.000669215810473
0.000826940073124
0.000584761581638
0.000814886381796
0.000489762112538
0.000802384487892
0.000384841100697
0.000789902757555
0.000271071153246
0.000777809121262
0.000150211901229
0.000766166664583
2.46987657996e-05
0.00075513777935
-0.000103444785894
0.000745313898737
-0.000232559478911
0.000737352751961
-0.000360277292179
0.000731452319056
-0.000483397595348
0.000727672848805
-0.000599387449091
0.00072604697527
-0.000706210144016
0.000726329564454
-0.00080182968343
0.000728014815165
-0.000884650888262
0.000730463260097
-0.000953737742246
0.000733003521625
-0.00100877235818
0.000735011578655
-0.00104997040886
0.000735968306653
-0.00107797461764
0.000735490267638
-0.00109373060114
0.000733336386093
-0.00109836730062
0.000729397834318
-0.001093097579
0.000723678437709
-0.00107914333491
0.000716271263308
-0.00105768358677
0.000707335238191
-0.00102982169665
0.000697074046732
-0.00099656723026
0.000685718341931
-0.000958828222266
0.000673511511072
-0.000917410388996
0.000660698784866
-0.000873020697544
0.000647519263916
-0.000826273459144
0.000634200365542
-0.000777697715502
0.000620954204065
-0.000727745113892
0.000607975467475
-0.000676797778603
0.000595440418475
-0.000625175889425
0.000583506714447
-0.000573144811649
0.000572313801945
-0.000520921710765
0.000561983694275
-0.000468681635436
0.000552621984699
-0.000416563082079
0.000544318983555
-0.000364673073516
0.000537150895968
-0.000313091790407
0.000531180979073
-0.00026187679618
-0.000211066897472
0.000595698496727
-0.000155936314682
0.000592652911982
-0.000107699159364
0.000591326600795
-5.99203944601e-05
0.000591727137119
-1.25884725276e-05
0.000593854684623
3.43113292293e-05
0.000597702344826
8.07946987937e-05
0.000603256347727
0.000126876233354
0.000610496090732
0.000172567516844
0.000619394032485
0.000217875311753
0.000629915448905
0.000262799846819
0.000642018059464
0.000307333182263
0.000655651532553
0.000351457633663
0.00067075687997
0.000395144235202
0.000687265752113
0.000438351219967
0.000705099647713
0.000481022494275
0.000724169055045
0.000523086079938
0.00074437254577
0.000564452493469
0.000765595848365
0.000605013031107
0.000787710935694
0.000644637920384
0.000810575171398
0.000683174298641
0.000834030572793
0.000720443974549
0.000857903264428
0.000756240925175
0.00088200321711
0.000790328485014
0.00090612439206
0.00082243618825
0.000930045439122
0.000852256237877
0.000953531130658
0.000879439606101
0.000976334746688
0.000903591816938
0.000998201657312
0.000924268538143
0.00101887436739
0.000940971235952
0.00103809928078
0.000953143330637
0.00105563538091
0.000960167565686
0.00107126486767
0.000961365701783
0.00108480548427
0.000956002158906
0.00109612374447
0.000943293840019
0.00110514741767
0.000922429063447
0.00111187436025
0.000892599005783
0.00111637351122
0.00085304425755
0.00111877351757
0.000803116439657
0.0011192349582
0.000742351756827
0.00111790512627
0.000670545642398
0.00111487238715
0.000587794320764
0.00111017529473
0.000494459204955
0.00110389997347
0.000391116421957
0.0010962337564
0.000278737370311
0.0010872536349
0.000159192022733
0.00107638639767
3.55660030279e-05
0.00106339774583
-9.04561340567e-05
0.0010492250478
-0.000218386780875
0.00103518931117
-0.00034624155555
0.00102169602728
-0.00046990431146
0.00100918546834
-0.000586876890155
0.000998295187449
-0.000695319863121
0.000989130186644
-0.000792664682626
0.000981326213979
-0.000876846915596
0.000974295944925
-0.000946707473193
0.000967373500851
-0.0010018499141
0.000959923452252
-0.00104252036026
0.000951422186599
-0.00106947335199
0.000941499767308
-0.00108380818184
0.00092994724969
-0.001086814783
0.000916701911722
-0.00107985224103
0.000901821416957
-0.00106426284014
0.000885454612368
-0.00104131678218
0.000867813706771
-0.00101218079106
0.000849150260808
-0.000977903784298
0.000829735829142
-0.0009394137906
0.000809847169552
-0.000897521729406
0.000789755486142
-0.000852929014134
0.000769719015665
-0.000806236988668
0.000749978262911
-0.000757956962747
0.000730753261895
-0.000708520112877
0.000712242337365
-0.000658286854073
0.000694621941395
-0.000607555493455
0.000678047230923
-0.000556570101177
0.000662653129367
-0.000505527609209
0.000648555678632
-0.000454584184701
0.000635853537956
-0.000403860941403
0.000624629525012
-0.000353449060572
0.000614952124568
-0.000303414389963
0.000606876912589
-0.000253801584201
-0.000204637845374
0.000665987640651
-0.000149847783954
0.000661986871145
-0.000103698389858
0.000660082547734
-5.8016071049e-05
0.000660276364799
-1.27822895923e-05
0.00066256355221
3.20241418181e-05
0.000666933221329
7.64250296749e-05
0.000673368538253
0.00012044091643
0.000681846731967
0.000164089323129
0.000692338945275
0.000207383098445
0.000704809936538
0.000250328855557
0.00071921764041
0.00029292547839
0.000735512596151
0.000335162677921
0.000753637252726
0.000377019578627
0.000773525161017
0.000418463311677
0.000795100065252
0.00045944759004
0.000818274908461
0.000499911236729
0.000842950770583
0.000539776631347
0.000869015763528
0.000578948038163
0.000896343915068
0.000617309768844
0.000924794084008
0.000654724129701
0.000954208963121
0.000691029095436
0.00098441424474
0.000726035643557
0.00101521804771
0.000759524682041
0.0010464107344
0.000791243501565
0.001077765283
0.000820901689279
0.00110903842396
0.000848166465137
0.0011399727977
0.000872657443198
0.00117030044025
0.00089394089559
0.00119974794602
0.000911523730185
0.00122804367531
0.000924847601342
0.00125492733615
0.000933283904852
0.00128016211331
0.000936130924623
0.0013035491592
0.000932615113017
0.00132494359555
0.000921899403662
0.00134426996731
0.000903102691687
0.00136153292866
0.00087533604444
0.00137681612513
0.000837761061077
0.00139026055461
0.000789672010179
0.00140201257375
0.000730599737687
0.00141212730182
0.000660430914326
0.00142043288707
0.000579488735513
0.00142648713067
0.000488404961356
0.00142980797897
0.000387795573661
0.00142997717008
0.000278568179199
0.00142664865904
0.000162520533769
0.00141795950719
4.42551548843e-05
0.00140279257409
-7.52892009611e-05
0.00138273967248
-0.000198333879261
0.00136044876447
-0.000323950647547
0.00133643763702
-0.000445893184008
0.00131190084486
-0.000562340097993
0.00128863929249
-0.000672058310746
0.00126728248528
-0.000771307875414
0.00124760712321
-0.000857171553531
0.0012290498634
-0.000928150213379
0.0012109010756
-0.000983701126311
0.00119245870274
-0.00102407798739
0.00117314878419
-0.00105016343344
0.00115258274067
-0.00106324213833
0.00113056314922
-0.00106479519154
0.0011070603788
-0.00105634947062
0.00108217700461
-0.00103937946595
0.00105611040365
-0.00101525018123
0.00102911914443
-0.00098518953183
0.0010014954947
-0.000950280134575
0.000973544383376
-0.000911462679272
0.00094556817117
-0.0008695455172
0.000917856228722
-0.000825217071686
0.000890678286292
-0.000779059046237
0.000864280627272
-0.000731559303728
0.000838884353923
-0.000683123839528
0.000814685112405
-0.000634087612555
0.000791853805376
-0.000584724186427
0.000770537937722
-0.000535254233523
0.000750863334251
-0.000485853005737
0.000732936040469
-0.000436656890919
0.000716844272444
-0.000387769173378
0.000702660322661
-0.000339265110788
0.000690442358951
-0.000291196426253
0.000680236075593
-0.000243595300844
-0.000196477941159
0.000733323030985
-0.000142417710958
0.000728361057375
-9.87364162482e-05
0.000725868221908
-5.55232355826e-05
0.000725839727485
-1.27537951693e-05
0.000728265463591
2.95984057119e-05
0.000733130335716
7.15601575502e-05
0.000740414411262
0.000113156840883
0.00075009289125
0.000154410843141
0.000762135916755
0.00019534007294
0.000776508218637
0.000235956553674
0.00079316861884
0.000276265078187
0.000812069391374
0.000316261905387
0.000833155491345
0.000355933478655
0.000856363660968
0.000395255142053
0.00088162142282
0.000434189828188
0.000908845972828
0.000472686686721
0.000937942988892
0.000510679615282
0.000968805376397
0.000548085650658
0.00100131197937
0.000584803165876
0.00103532629692
0.000620709812151
0.00107069525969
0.00065566013266
0.00110724814134
0.000689482761908
0.00114479570761
0.000721977115768
0.00118312974163
0.00075290946755
0.00122202313
0.000782008300906
0.0012612307525
0.000808958842638
0.00130049148764
0.000833396708055
0.00133953172639
0.000854900656849
0.0013780708701
0.000872984586474
0.001415829363
0.000887089108437
0.00145253983705
0.000896573430801
0.0014879618505
0.000900708911173
0.00152190036255
0.000898676600971
0.00155422736873
0.000889572397479
0.00158490464488
0.000872425415535
0.00161400226489
0.000846238424431
0.00164170207051
0.00081006125546
0.00166827098356
0.000763103097131
0.00169398574312
0.000704884978123
0.00171896212262
0.000635454534827
0.00174281572876
0.000555635129378
0.00176442091392
0.00046679977619
0.00178250760514
0.00036970888244
0.00179532489062
0.000265750893716
0.00180169629035
0.00015614913404
0.00179744405127
4.85073939698e-05
0.00177975650194
-5.76016516352e-05
0.00175130620155
-0.000169883578866
0.00171721211547
-0.000289856561471
0.00167807933689
-0.000406760405427
0.0016366053529
-0.000520866114007
0.00159669512865
-0.000632148086496
0.00155962224052
-0.000734234987278
0.00152519378491
-0.000822743097922
0.00149277975913
-0.000895736187601
0.0014615095443
-0.000952430911474
0.00143050062984
-0.000993069072931
0.0013990439778
-0.00101870678141
0.00136667793273
-0.00103087609326
0.00133318417483
-0.00103130143364
0.00129854693102
-0.00102171222681
0.00126290111214
-0.00100373364707
0.00122648276062
-0.0009788318297
0.00118958767471
-0.000948294445924
0.00115253967566
-0.000913232135525
0.00111566776573
-0.000874590769345
0.00107929060824
-0.000833168359707
0.00104370666299
-0.000789633126441
0.00100918850477
-0.000744540888014
0.000975980128448
-0.000698350927405
0.000944296315323
-0.000651440026403
0.00091432336715
-0.000604114664381
0.000886220700851
-0.000556621520128
0.000860122940479
-0.000509156473151
0.000836142250722
-0.000461872315981
0.00081437073561
-0.000414885375807
0.000794882783732
-0.000368281221501
0.000777737282455
-0.000322119609511
0.00076297965277
-0.000276438796568
0.000750643676813
-0.000231259324887
-0.000186587368327
0.000797133871934
-0.000133663037418
0.000791219104856
-9.282164917e-05
0.000788136966781
-5.24410975072e-05
0.000787875691428
-1.24925198168e-05
0.000790419523091
2.7054574049e-05
0.000795749015053
6.62306655883e-05
0.000803841138476
0.000105064717461
0.000814669212378
0.000143582769239
0.000828202664457
0.000181806620861
0.000844406631669
0.000219752586463
0.000863241408733
0.000257430301124
0.000884661752181
0.000294841561939
0.000908616047328
0.000331979183509
0.000935045345648
0.000368825843734
0.000963882280874
0.000405352892961
0.00099504987382
0.000441519093776
0.00102846023878
0.000477269250319
0.00106401320931
0.000512532680129
0.00110159490827
0.000547221466915
0.00114107629808
0.00058122842234
0.0011823117627
0.000614424668044
0.00122513779507
0.000646656729538
0.00126937189487
0.000677743015969
0.00131481182377
0.000707469538645
0.00136123542275
0.000735584701931
0.00140840127174
0.00076179299365
0.00145605057037
0.000785747409423
0.00150391074169
0.000807040485527
0.00155170141071
0.00082519391745
0.00159914358098
0.000839646938166
0.00164597299887
0.000849744012912
0.00169195877456
0.000854723135482
0.00173692818019
0.000853707195345
0.00178079803573
0.000845702541938
0.00182361175898
0.000829611692292
0.00186557701511
0.000804273168294
0.001907089777
0.000768548493568
0.00194872296248
0.000721469911652
0.00199115854263
0.000662449397978
0.00203496368669
0.000591649390761
0.0020798808019
0.000510718014171
0.00212403357045
0.000422647007646
0.00216472098956
0.00032902146333
0.00219814369766
0.000232328185616
0.00222052333987
0.000133769491826
0.00222420026753
4.48304663125e-05
0.00220360288315
-3.70042672603e-05
0.00216269454211
-0.000128975237823
0.00211058862733
-0.00023775064669
0.00204944388108
-0.000345615659183
0.00198329496619
-0.000454717199119
0.0019208986726
-0.000569751792901
0.00186371763394
-0.000677053948623
0.00181120074255
-0.000770226206525
0.00176245296516
-0.000846988410213
0.00171619662558
-0.000906174571901
0.00167115889221
-0.000948031339556
0.00162635931832
-0.000973907207525
0.00158118598347
-0.0009857027584
0.00153535922591
-0.000985474676082
0.00148885593733
-0.000975208938231
0.00144183055461
-0.000956708264348
0.00139454773505
-0.000931549010146
0.00134733085056
-0.000901077561428
0.00130052533765
-0.000866426622622
0.00125447410688
-0.000828539538573
0.00120950202476
-0.000788196277585
0.00116590691452
-0.000746038016204
0.00112395508315
-0.000702589056638
0.00108387989196
-0.000658275736217
0.00104588230023
-0.000613442434674
0.00101013262539
-0.000568364989541
0.00097677299531
-0.000523261890048
0.000945920135442
-0.000478303613284
0.000917668252187
-0.000433620432726
0.000892091857154
-0.000389308980774
0.000869248434681
-0.000345437799028
0.000849180894408
-0.000302052069239
0.000831919777355
-0.000259177679514
0.000817485201649
-0.000216824749181
-0.000174990712152
0.000856860999122
-0.000123621287892
0.000850017284278
-8.59779343257e-05
0.000846355550649
-4.87793638781e-05
0.000845856752438
-1.19937216062e-05
0.000848499309353
2.44120171338e-05
0.000854259360627
6.04706143152e-05
0.000863110828127
9.62132499603e-05
0.000875025300144
0.000131668297222
0.000889971746112
0.000166860174893
0.000907916071324
0.00020180826125
0.000928820519572
0.000236525852876
0.000952642930689
0.000271019150821
0.000979335859353
0.000305286254845
0.00100884556108
0.000339316142005
0.00104111085168
0.000373087602363
0.00107606184741
0.000406568098042
0.00111361859535
0.000439712502382
0.00115368960747
0.000472461668009
0.00119617031856
0.000504740755824
0.00124094149834
0.000536457242566
0.00128786766379
0.000567498502596
0.00133679556077
0.000597728832557
0.00138755281742
0.000626985759313
0.00143994692001
0.000655075436059
0.00149376472945
0.00068176689249
0.00154877285188
0.000706784871222
0.0016047193072
0.000729800954096
0.00166133711742
0.000750422675305
0.0017183506747
0.000768180360177
0.00177548606398
0.000782511548885
0.00183248691194
0.000792743164953
0.00188913776255
0.00079807228487
0.00194529731253
0.000797547645359
0.00200094400818
0.000790055846293
0.00205623620087
0.000774319499596
0.00211158553269
0.000748923836481
0.00216773031159
0.00071240371467
0.00222578761463
0.000663412608608
0.00228729716542
0.000600939847191
0.00235412481451
0.000524821741667
0.00242724273503
0.000437600093654
0.00250520493465
0.000344684808023
0.0025824801844
0.000251746213576
0.00264643222196
0.000168376148058
0.00269268224507
8.75194687205e-05
0.00270943974554
2.80729658364e-05
0.00268617782189
-1.37423436085e-05
0.00262698615014
-6.97835660702e-05
0.00254957908894
-0.000160343585491
0.00245475897749
-0.000250795547729
0.00235019674453
-0.000350154966167
0.00225778590868
-0.000477340957051
0.00217521864351
-0.000594486683448
0.00210098544772
-0.000695993010734
0.00203358064795
-0.000779583610446
0.00197080785022
-0.00084340177417
0.00191063962459
-0.000887863113923
0.0018516320247
-0.000914899607636
0.0017929352579
-0.000927005991603
0.00173417338991
-0.000926712808091
0.00167530311237
-0.000916338660688
0.0016164921202
-0.000897897272185
0.0015580276955
-0.000873084585443
0.00150025330182
-0.000843303167745
0.00144352708765
-0.00080970040845
0.00138819616429
-0.00077320861522
0.00133458173281
-0.000734581846097
0.00128297144905
-0.000694427732445
0.00123361648805
-0.000653234095638
0.00118673156305
-0.000611390811218
0.00114249672074
-0.00056920759237
0.00110106012798
-0.000526928396779
0.00106254133553
-0.000484743097596
0.00102703468807
-0.000442796965827
0.000994612673
-0.000401198417653
0.000965329082851
-0.000360025390625
0.000939221920677
-0.000319330636854
0.000916316012749
-0.00027914616131
0.000896625315573
-0.000239486982338
0.000880154918153
-0.000200354351762
-0.000161738542648
0.000911964890805
-0.000112351350687
0.000904232141231
-7.82451847524e-05
0.00090001153886
-4.45587615066e-05
0.000899276644189
-1.12588269352e-05
0.000902000018781
2.16886425418e-05
0.000908153423509
5.43172095868e-05
0.000917707828787
8.66588446831e-05
0.000930633248905
0.000118742877104
0.000946898410983
0.000150595012815
0.000966470267479
0.000182236404754
0.000989313359821
0.000213682760534
0.00101538903941
0.000244943471228
0.00104465455124
0.000276020743019
0.0010770619844
0.000306908708843
0.00111255709361
0.000337592493155
0.00115107799589
0.000368047195763
0.00119255374798
0.000398236750294
0.00123690281286
0.000428112603123
0.00128403142899
0.000457612139697
0.00133383190454
0.000486656767014
0.00138618087337
0.000515149533762
0.00144093757105
0.000542972134879
0.00149794222297
0.000569981107399
0.00155701468674
0.000596002972288
0.00161795356532
0.000620828013911
0.0016805361167
0.000644202319836
0.00174451944591
0.000665817624885
0.0018096436963
0.000685298424921
0.00187563829183
0.000702185764644
0.00194223276744
0.000715917073277
0.0020091744277
0.000725801504692
0.00207625603576
0.000730990676815
0.00214335790572
0.000730445775397
0.00221051022151
0.000722903530504
0.00227798333786
0.000706846383239
0.00234641364998
0.000680493524366
0.00241696086638
0.000641856498269
0.00249148384379
0.000588889631201
0.00257283848245
0.000519585208531
0.00266532544115
0.000432334782962
0.00277345239364
0.000329473141164
0.00289458611549
0.00022355108618
0.00305095227055
9.53800585173e-05
0.00224529469299
0
0.00159212876468
0
0.00131424976701
0
0.00141466888049
0
0.00188453630535
0
0.00271605133418
0
0.00288120220184
-4.09463915768e-05
0.00273175729487
-0.000200710059197
0.00260105323475
-0.00034663689693
0.0024868780658
-0.000480311514504
0.00238739948743
-0.000596514432363
0.00229979622593
-0.00069198034894
0.00221984433341
-0.000763449881649
0.00214417719146
-0.000812195971981
0.00207067589931
-0.000841398315485
0.0019981990141
-0.000854529106394
0.00192627638433
-0.000854790178316
0.00185485871104
-0.000844920987398
0.00178413754824
-0.000827176109383
0.00171442654442
-0.00080337358162
0.00164608725552
-0.000774963878854
0.00157948480665
-0.000743097959574
0.00151496278727
-0.000708686595843
0.00145283028086
-0.000672449339692
0.00139335640756
-0.000634953859146
0.00133676940301
-0.000596647091083
0.00128325833005
-0.000557879738256
0.00123297621781
-0.000518925480133
0.00118604387348
-0.000479996052445
0.00114255390239
-0.000441253126508
0.00110257465846
-0.000402817721898
0.00106615396529
-0.000364777724479
0.00103332252328
-0.000327193948618
0.00100409696475
-0.000290105078322
0.00097848254703
-0.000253531743592
0.00095647549038
-0.000217479925688
0.0009380649765
-0.000181943837882
-0.000146908394156
0.000961933893325
-9.99336980159e-05
0.000953368290604
-6.96795820319e-05
0.000948620778358
-3.98112492602e-05
0.000947657627485
-1.02956760621e-05
0.000950445669229
1.89006007971e-05
0.000956952429265
4.78104495516e-05
0.000967146080219
7.64651937285e-05
0.000980995224957
0.000104893732366
0.000998468521027
0.000133121716746
0.00101953415496
0.00016117077082
0.00104415917345
0.000189057742049
0.00107230867681
0.000216793967862
0.00110394487887
0.000244384540959
0.00113902603574
0.000271827551972
0.00117750524524
0.000299113283654
0.00121932911779
0.000326223323219
0.00126443631959
0.000353129548491
0.00131275599031
0.000379792932405
0.00136420604007
0.000406162089933
0.001418691337
0.000432171470084
0.00147610180698
0.000457739063788
0.00153631048526
0.000482763456593
0.00159917158883
0.000507120003834
0.00166451872425
0.00053065583687
0.00173216341804
0.000553183320114
0.00180189426808
0.000574471469796
0.00187347718677
0.000594234706203
0.0019466574712
0.000612118140486
0.00202116484194
0.000627678393905
0.00209672322459
0.000640358690629
0.00217306805797
0.000649456671313
0.00224997549721
0.000654083237572
0.00232731021469
0.00065311105792
0.00240510197219
0.000645111772997
0.00248366636544
0.000628281989996
0.00256378960806
0.00060037028174
0.0026469876201
0.000558658486232
0.00273581409792
0.000500063153385
0.00283433579997
0.000421063506482
0.00294902101894
0.000317649563991
0.00309146598073
0.000187028179365
0.00190480757074
2.45695546521e-05
0
0
0
0
0
0
0
0
0
0
0
0
0
0
0.00108350035626
0
0.00299262664554
-0
0.00293538099943
-0.000137846776358
0.00278497885343
-0.000329909368504
0.0026591707081
-0.000470706287026
0.00255237004838
-0.000585179689223
0.00245642198327
-0.000667501816544
0.00236612458929
-0.000721898577994
0.00227869243467
-0.000753966160869
0.00219279664506
-0.000768633316782
0.00210796982908
-0.000769963362342
0.00202422315387
-0.00076117431218
0.00194181017363
-0.000744763129151
0.00186108921409
-0.000722652622074
0.00178244600393
-0.000696320668692
0.00170625179172
-0.000666903747372
0.00163284222658
-0.000635277030696
0.00156250833372
-0.000602115446831
0.00149549442333
-0.000567939948756
0.00143199983534
-0.000533152503094
0.00137218266495
-0.000498062567864
0.00131616436905
-0.000462907184232
0.00126403461289
-0.000427866296294
0.00121585599517
-0.000393074508785
0.00117166845816
-0.000358630184884
0.00113149329049
-0.000324602556807
0.00109533668912
-0.000291037347249
0.00106319288095
-0.000257961270157
0.00103504682255
-0.000225385685187
0.0010108765052
-0.000193309608344
0.000990654896072
-0.000161722228751
-0.000130605044081
0.00100629246021
-8.64699878192e-05
0.000996966180717
-6.03533025399e-05
0.000991734818903
-3.45798874463e-05
0.000990557691869
-9.11854902754e-06
0.000993396198959
1.60620937067e-05
0.00100021388708
4.0992761435e-05
0.00101097634354
6.57027372652e-05
0.00102565092864
9.02191472677e-05
0.00104420635797
0.000114566287412
0.00106661214281
0.000138764985981
0.00109283789486
0.000162831989996
0.00112285250001
0.000186779362716
0.0011566231638
0.000210613877172
0.00119411432954
0.00023433638623
0.00123528646802
0.00025794114517
0.00128009473605
0.000281415055189
0.00132848749928
0.000304736785262
0.00138040471386
0.000327875717824
0.00143577616113
0.000350790642664
0.00149451953129
0.000373428099922
0.00155653835698
0.000395720238099
0.0016217198076
0.000417582005972
0.00168993237439
0.00043890743705
0.00176102350933
0.000459564701926
0.00183481733716
0.000479389492285
0.00191111265274
0.000498176154219
0.00198968156937
0.000515665789565
0.00207026943316
0.000531530276698
0.0021525970249
0.000545350802165
0.00223636674246
0.000556588973073
0.00232127561296
0.00056454780081
0.00240704002635
0.00056831882418
0.00249344068863
0.000566710395647
0.00258040275359
0.000558149708035
0.00266813534208
0.000540549401506
0.00275736037749
0.000511145246325
0.00284967212208
0.000466346741644
0.00294802804718
0.000401707228288
0.00305758371927
0.000311507834386
0.00319091623999
0.000184317043273
0.00103421056471
1.66864035031e-05
0
0
0
0
0
0
0
0
0
0
0
0
0
0
0
0
0
0
0
0
0.00263060736845
-0
0.00304299736376
-0.000124925938115
0.00290024969506
-0.000327958618328
0.00278090913523
-0.000465839129393
0.00267296433762
-0.00055955701893
0.00257043291054
-0.000619367150921
0.0024705831746
-0.000654116424924
0.00237230492945
-0.000670355071634
0.00227536122692
-0.000673019659807
0.00217994755142
-0.000665760636678
0.00208644408736
-0.000651259665094
0.00199528568293
-0.000631494217647
0.00190689621809
-0.00060793120385
0.00182165749365
-0.000581665022929
0.00173989677404
-0.000553516311085
0.00166188434517
-0.000524103017962
0.00158783625236
-0.000493891855949
0.00151791949025
-0.000463235740987
0.00145225812325
-0.000432401200864
0.00139093951249
-0.000401588573466
0.00133402022435
-0.000370947008152
0.00128153142187
-0.000340585706306
0.00123348366613
-0.000310582429149
0.00118987112236
-0.000280990013034
0.00115067519974
-0.000251841424633
0.00111586766947
-0.000223153739879
0.00108541330995
-0.000194931325671
0.00105927212771
-0.000167168426102
0.00103740119869
-0.000139851299735
-0.000112960015795
0.00104460918385
-7.20820136107e-05
0.00103460962467
-5.03537433637e-05
0.00102894808211
-2.89183448881e-05
0.00102757748994
-7.74795685778e-06
0.00103045428627
1.3185297384e-05
0.00103753840981
3.39086378965e-05
0.00104879313436
5.44480127149e-05
0.00106418475312
7.48275285027e-05
0.00108368212254
9.50689179926e-05
0.00110725607327
0.000115191035255
0.00113487869398
0.000135209369285
0.00116652249169
0.000155135565007
0.00120215943007
0.000174976938791
0.00124175984482
0.000194735971477
0.00128529123242
0.000214409757571
0.00133271690547
0.000233989382137
0.0013839945043
0.000253459186441
0.00143907435057
0.00027279587155
0.0014978976246
0.000291967368637
0.00156039434369
0.000310931380832
0.00162648111587
0.00032963346592
0.0016960586415
0.000348004480336
0.00176900893817
0.000365957140377
0.0018451922745
0.000383381365603
0.00192444382274
0.000400137944045
0.00200657008906
0.000416049887895
0.00209134527184
0.00043089060679
0.00217850786309
0.000444367685442
0.0022677580957
0.000456100569552
0.00235875733753
0.000465589731245
0.00245113144487
0.000472173693478
0.00254448188386
0.000474968385189
0.00263841231846
0.000472779961045
0.00273258699094
0.000463975035554
0.00282684900678
0.000446287385669
0.00292142440724
0.000416569845856
0.00301734471444
0.000370426434454
0.00311761816653
0.00030143377619
0.00322425602396
0.000204869976963
0.00106840111853
3.94319002264e-05
0
0
0
0
0
0
0
0
0
0
0
0
0
0
0
0
0
0
0
0
0
0
0
0
0.00326090163239
0
0.00310355291206
-0.000170609897999
0.00297823964321
-0.000340525860543
0.00286305992398
-0.000444377299694
0.00275145623948
-0.000507763466422
0.00264136705853
-0.000544027243977
0.00253232040202
-0.000561308415127
0.00242455529223
-0.000565254550018
0.00231858530588
-0.000559790650327
0.00221498897998
-0.00054766333919
0.00211431559301
-0.000530820830679
0.00201704638958
-0.000510662000419
0.00192358267552
-0.000488201308876
0.00183424686382
-0.000464180499382
0.00174928937983
-0.000439145533969
0.0016688977665
-0.000413500242626
0.00159320613629
-0.000387544110776
0.00152230408677
-0.000361499151341
0.00145624471424
-0.000335529200939
0.00139505162419
-0.000309753918101
0.00133872496572
-0.000284259047838
0.00128724657321
-0.000259104036635
0.00124058431661
-0.000234327756438
0.00119869576193
-0.000209952869947
0.00116153123474
-0.000185989212693
0.0011290363683
-0.000162436459227
0.00110115420547
-0.000139286263274
0.00107782691319
-0.000116524007452
-9.41302606663e-05
0.00107650438514
-5.69099971211e-05
0.00106593288621
-3.97822444286e-05
0.00105990458177
-2.28900404468e-05
0.00105836681883
-6.21019391769e-06
0.00106127171047
1.02804057416e-05
0.00106857606744
2.66042809209e-05
0.00108024117885
4.27829013091e-05
0.00109623245302
5.88362543281e-05
0.00111651892769
7.4782443324e-05
0.00114107265639
9.06373065556e-05
0.00116986797616
0.000106414049516
0.00120288065927
0.000122122881893
0.00124008694932
0.000137770648744
0.00128146247889
0.000153360441911
0.00132698106253
0.000168891173926
0.00137661335431
0.000184357090359
0.00143032535335
0.000199747187398
0.00148807673425
0.000215044490651
0.00154981896999
0.000230225132898
0.00161549320447
0.000245257146353
0.00168502781834
0.000260098852052
0.00175833561569
0.00027469668298
0.00183531054076
0.000288982215314
0.00191582381299
0.000302868093374
0.00199971934806
0.000316242408974
0.00208680831451
0.00032896092144
0.00217686266856
0.000340836252738
0.00226960752476
0.000351622829247
0.00236471227457
0.000360995819744
0.00246178047889
0.000368521526927
0.00256033877182
0.000373615400543
0.00265982544814
0.000375481708865
0.0027595810089
0.00037302440029
0.00285884985165
0.000364706192807
0.00295682125359
0.000348315983723
0.00305274558766
0.000320645511791
0.0031460336271
0.00027713839501
0.00323731814714
0.000210149256152
0.00281544282739
9.57924535491e-05
0
0
0
0
0
0
0
0
0
0
0
0
0
0
0
0
0
0
0
0
0
0
0
0
0
0
0
0
0.00325081177622
-3.55941034434e-05
0.00313626601866
-0.000225980102978
0.00302022762169
-0.000328338902727
0.00290370309661
-0.000391238941345
0.00278626479986
-0.000426588947225
0.00266863764415
-0.000443681259411
0.00255184073845
-0.000448457644322
0.00243685992336
-0.000444809835238
0.00232455322433
-0.000435356640158
0.00221562817297
-0.000421895779321
0.00211064700239
-0.000405680829838
0.00201004323339
-0.00038759753987
0.00191414144325
-0.000368278709244
0.00182317639887
-0.000348180489589
0.00173731006373
-0.000327633907487
0.00165664608896
-0.00030688013601
0.00158124188693
-0.000286094949312
0.00151111857529
-0.000265405889292
0.00144626912328
-0.000244904466097
0.00138666501298
-0.000224654937535
0.00133226168583
-0.000204700709481
0.00128300299861
-0.000185069069217
0.00123882486971
-0.000165774741054
0.00119965826003
-0.000146822603006
0.00116543160238
-0.000128209801583
0.0011360727696
-0.000109927430493
0.00111151065214
-9.19618899919e-05
-7.42960101584e-05
0.0011016570295
-4.11102499068e-05
0.00109062711245
-2.87523273802e-05
0.00108430400542
-1.65669334174e-05
0.00108263047088
-4.53665938358e-06
0.00108555508345
7.35579317853e-06
0.00109303210555
1.91272588183e-05
0.00110502122227
3.07937845856e-05
0.00112148714575
4.23703308484e-05
0.00114239909765
5.38704914239e-05
0.00116773017614
6.53062280665e-05
0.00119745661171
7.66876139441e-05
0.00123155691382
8.80225797823e-05
0.00127001090758
9.93166549881e-05
0.00131279865613
0.000110572693363
0.00135989926005
0.00012179057001
0.00141128951925
0.000132966831157
0.00146694243525
0.000144094271398
0.0015268255217
0.000155161404202
0.00159089887757
0.000166151777019
0.00165911295969
0.000177043064243
0.00173140596733
0.000187805844407
0.00180770072035
0.000198401929965
0.0018879008699
0.000208782065761
0.00197188622636
0.000218882736909
0.00205950691604
0.000228621719297
0.00215057598441
0.000237891853072
0.00224485994191
0.000246552295239
0.00234206659194
0.000254416179209
0.00244182927762
0.000261233134063
0.00254368640121
0.00026666440334
0.00264705458328
0.000270247218476
0.00275119273769
0.000271343554457
0.00285515288517
0.000269064252811
0.00295771627777
0.000262142800204
0.00305731816397
0.000248714097526
0.00315196222364
0.000226001452119
0.00323926898186
0.000189831636789
0.00331554432183
0.000133873916181
0
2.55092048737e-05
0
0
0
0
0
0
0
0
0
0
0
0
0
0
0
0
0
0
0
0
0
0
0
0
0
0
0
0
0.00335023346706
-0
0.00324705635724
-0.000122802993153
0.00313906469024
-0.000220347235732
0.00302256298119
-0.00027473723229
0.00290115958779
-0.000305185553826
0.00277759047574
-0.000320112147361
0.00265395413349
-0.000324821302069
0.00253187067923
-0.000322726380983
0.0024125661685
-0.000316052129433
0.0022969523343
-0.00030628194512
0.00218569631298
-0.000294424808513
0.00207927715474
-0.000281178381635
0.00197803002869
-0.000267031583192
0.00188218030935
-0.000252330770249
0.00179186972832
-0.000237323326456
0.00170717642864
-0.000222186836331
0.00162813038449
-0.000207048905161
0.0015547253161
-0.000192000820896
0.00148692795486
-0.000177107104861
0.00142468529823
-0.000162412280905
0.00136793032995
-0.000147945741202
0.0013165865584
-0.000133725297664
0.00127057163453
-0.00011975981719
0.00122980024398
-0.000106051212455
0.00119418641814
-9.25959757372e-05
0.001163645373
-7.93863853527e-05
0.00113809495791
-6.64114749002e-05
-5.36578289633e-05
0.00111981074532
-2.48522623693e-05
0.00110844591434
-1.73874963978e-05
0.00110190697625
-1.00279953261e-05
0.00110013328509
-2.76296823015e-06
0.00110307079046
4.41828780993e-06
0.00111067187009
1.15261791926e-05
0.00112289502957
1.85706251031e-05
0.00113970447919
2.55608812267e-05
0.00116106959579
3.2505374829e-05
0.00118696427562
3.94115482358e-05
0.00121736618208
4.62857074797e-05
0.00125225588959
5.31328722743e-05
0.00129161592198
5.99566226011e-05
0.00133542967984
6.6758935499e-05
0.00138368024614
7.35400037152e-05
0.00143634905253
8.02980247665e-05
0.00149341437958
8.70289443486e-05
0.00155484965137
9.3726132411e-05
0.00162062146755
0.000100379960841
0.00169068729191
0.000106977239878
0.00176499268362
0.000113500452693
0.00184346791121
0.000119926702382
0.00192602372632
0.000126226250652
0.00201254598678
0.000132360476443
0.00210288869681
0.000138279009267
0.00219686486419
0.00014391568569
0.00229423434096
0.000149182818472
0.00239468749053
0.000153963029644
0.00249782307886
0.000158097545725
0.00260311816341
0.000161369318789
0.00270988680976
0.000163478572125
0.00281722287391
0.000164007490316
0.00292391983187
0.00016236729485
0.00302836192362
0.000157700708455
0.00312838150912
0.000148694512023
0.00322094287309
0.000133440088147
0.0033014934382
0.000109281071681
0.00336387508166
7.14922727198e-05
0
3.55671602751e-06
0
0
0
0
0
0
0
0
0
0
0
0
0
0
0
0
0
0
0
0
0
0
0
0
0
0
0
0
0
0
0.00331177455389
-4.87499765325e-05
0.00321759454143
-0.000126167223273
0.00310550480678
-0.000162647497645
0.00298344804166
-0.000183128788704
0.00285658573864
-0.000193249844343
0.00272841069163
-0.000196646255054
0.00260131342812
-0.000195629117476
0.00247693876012
-0.000191677461435
0.00235642102098
-0.000185764205983
0.00224054022243
-0.000178544009955
0.00212982631369
-0.0001704644729
0.0020246303627
-0.000161835632205
0.00192517421809
-0.000152874625637
0.00183158575213
-0.000143734860494
0.00174392423685
-0.000134525321053
0.00166219886331
-0.000125323531616
0.00158638243251
-0.0001161843901
0.00151642160405
-0.000107146276402
0.00145224466041
-9.82353372631e-05
0.00139376745558
-8.94685363727e-05
0.00134089801807
-8.08558601595e-05
0.00129354014136
-7.24019404792e-05
0.00125159619959
-6.41072706765e-05
0.00121496935952
-5.59691356684e-05
0.00118356531291
-4.79823387418e-05
0.00115729362018
-4.01397821709e-05
-3.24329416463e-05
0.00113077873946
-8.31530958244e-06
0.00111920991268
-5.81866961623e-06
0.00111253933026
-3.35741290487e-06
0.00111070424602
-9.27883997415e-07
0.00111364899435
1.47353948264e-06
0.00112132479557
3.85037797319e-06
0.00113368943367
6.20598700562e-06
0.0011507068159
8.54349899646e-06
0.00117234642194
1.08657687893e-05
0.00119858264822
1.31753219594e-05
0.00122939405089
1.54743048017e-05
0.00126476248845
1.77644347138e-05
0.00130467216167
2.00469493858e-05
0.00134910854454
2.23225526285e-05
0.00139805719425
2.45913540077e-05
0.00145150242063
2.68527983822e-05
0.00150942578512
2.91055798581e-05
0.00157180438481
3.134753272e-05
0.00163860885699
3.35754886629e-05
0.00170980101135
3.57850855233e-05
0.0017853309575
3.79705065358e-05
0.00186513353957
4.01241203198e-05
0.00194912381077
4.22359794442e-05
0.00203719116988
4.42931173402e-05
0.00212919162211
4.62785570367e-05
0.00222493740107
4.81699067318e-05
0.00232418286075
4.99373587865e-05
0.00242660507123
5.15408191642e-05
0.00253177685908
5.29257578716e-05
0.00263912901774
5.40171601341e-05
0.00274789692979
5.47106600741e-05
0.00285704481878
5.48596013239e-05
0.00296515701521
5.42550984196e-05
0.00307027261676
5.25851069056e-05
0.0031696210284
4.93461003825e-05
0.00325919288931
4.38682272363e-05
0.00333270840788
3.57655531123e-05
0.0033817104838
2.24901968073e-05
0
-5.60370956415e-07
0
0
0
0
0
0
0
0
0
0
0
0
0
0
0
0
0
0
0
0
0
0
0
0
0
0
0
0
0
0
0.00334948808011
-1.24104858668e-05
0.00326405788762
-4.07370307792e-05
0.00315521104137
-5.38006513971e-05
0.00303313201971
-6.10497670455e-05
0.00290450099952
-6.46188241483e-05
0.00277369758044
-6.58428359725e-05
0.0026436118275
-6.55433645344e-05
0.00251616995452
-6.42355884613e-05
0.00239266228564
-6.22565371049e-05
0.00227395067528
-5.98323995873e-05
0.00216060346104
-5.71172586622e-05
0.00205298517117
-5.42173423375e-05
0.00195131721213
-5.12066665938e-05
0.00185571960193
-4.81372502938e-05
0.00176624013817
-4.50458572917e-05
0.00168287511056
-4.19585040117e-05
0.00160558423683
-3.88935163675e-05
0.00153430159345
-3.58636330185e-05
0.00146894372954
-3.28774733592e-05
0.00140941577056
-2.99405773868e-05
0.00135561606459
-2.70561541946e-05
0.00130743975428
-2.4225630164e-05
0.00126478154168
-2.1449058083e-05
0.00122753783488
-1.87254288648e-05
0.00119560841044
-1.60529143053e-05
0.00116889768872
-1.34290604444e-05
-1.08509451766e-05
0.0011344474404
8.31530958287e-06
0.00112281010117
5.81866961659e-06
0.00111609527536
3.35741290522e-06
0.00111423950737
9.27883997715e-07
0.00111718658633
-1.47353948239e-06
0.00112488734228
-3.850377973e-06
0.00113729931629
-6.20598700548e-06
0.00115438631428
-8.54349899637e-06
0.00117611785186
-1.08657687892e-05
0.00120246849578
-1.31753219594e-05
0.00123341710538
-1.54743048017e-05
0.00126894597481
-1.77644347139e-05
0.00130903987358
-2.00469493859e-05
0.00135368497884
-2.23225526287e-05
0.00140286768685
-2.45913540079e-05
0.00145657328362
-2.68527983825e-05
0.00151478444334
-2.91055798585e-05
0.00157747950878
-3.13475327205e-05
0.0016446304861
-3.35754886635e-05
0.00171620065715
-3.57850855239e-05
0.00179214167022
-3.79705065365e-05
0.00187238991086
-4.01241203206e-05
0.00195686186975
-4.2235979445e-05
0.00204544810443
-4.42931173411e-05
0.00213800521851
-4.62785570376e-05
0.00223434503197
-4.81699067328e-05
0.00233421974955
-4.99373587876e-05
0.00243730138788
-5.15408191653e-05
0.00254315290362
-5.29257578727e-05
0.00265118722389
-5.40171601352e-05
0.00276060854404
-5.47106600751e-05
0.00287032774669
-5.48596013249e-05
0.00297883794353
-5.42550984206e-05
0.00308400815734
-5.25851069064e-05
0.00318270035811
-4.93461003832e-05
0.00327043681258
-4.38682272369e-05
0.0033419679188
-3.57655531127e-05
0.00338694831242
-2.24901968075e-05
0
5.60370956412e-07
0
0
0
0
0
0
0
0
0
0
0
0
0
0
0
0
0
0
0
0
0
0
0
0
0
0
0
0
0
0
0.00336100659877
1.24104858669e-05
0.00327953253721
4.07370307798e-05
0.00317193123442
5.3800651398e-05
0.00304983170033
6.10497670466e-05
0.00292059405203
6.46188241496e-05
0.00278890838008
6.58428359739e-05
0.00265782165101
6.55433645359e-05
0.00252935047409
6.42355884629e-05
0.00240483739988
6.22565371064e-05
0.0022851726007
5.98323995889e-05
0.00217093808337
5.71172586637e-05
0.0020625033987
5.4217342339e-05
0.00196009006551
5.12066665953e-05
0.00186381556492
4.81372502953e-05
0.00177372385033
4.50458572931e-05
0.00168980684231
4.19585040131e-05
0.00161201980957
3.88935163687e-05
0.00154029254354
3.58636330197e-05
0.00147453759682
3.28774733604e-05
0.00141465644204
2.99405773878e-05
0.00136054413365
2.70561541956e-05
0.00131209287332
2.42256301649e-05
0.00126919475715
2.14490580838e-05
0.00123174389942
1.87254288655e-05
0.00119963807081
1.6052914306e-05
0.00117277994992
1.34290604451e-05
1.08509451772e-05
0.00113077873946
2.48522623698e-05
0.00111920991268
1.73874963981e-05
0.00111253933026
1.00279953264e-05
0.00111070424602
2.76296823045e-06
0.00111364899435
-4.41828780968e-06
0.00112132479557
-1.15261791924e-05
0.00113368943367
-1.85706251029e-05
0.0011507068159
-2.55608812266e-05
0.00117234642194
-3.25053748289e-05
0.00119858264822
-3.94115482358e-05
0.00122939405089
-4.62857074798e-05
0.00126476248845
-5.31328722744e-05
0.00130467216167
-5.99566226013e-05
0.00134910854454
-6.67589354992e-05
0.00139805719425
-7.35400037154e-05
0.00145150242063
-8.02980247668e-05
0.00150942578512
-8.7028944349e-05
0.00157180438481
-9.37261324115e-05
0.00163860885699
-0.000100379960841
0.00170980101135
-0.000106977239879
0.0017853309575
-0.000113500452693
0.00186513353957
-0.000119926702383
0.00194912381077
-0.000126226250653
0.00203719116988
-0.000132360476444
0.00212919162211
-0.000138279009268
0.00222493740107
-0.000143915685691
0.00232418286075
-0.000149182818473
0.00242660507123
-0.000153963029645
0.00253177685908
-0.000158097545727
0.00263912901774
-0.000161369318791
0.00274789692979
-0.000163478572126
0.00285704481878
-0.000164007490317
0.00296515701521
-0.000162367294851
0.00307027261676
-0.000157700708456
0.0031696210284
-0.000148694512024
0.00325919288931
-0.000133440088148
0.00333270840788
-0.000109281071682
0.0033817104838
-7.149227272e-05
0
-3.55671602752e-06
0
0
0
0
0
0
0
0
0
0
0
0
0
0
0
0
0
0
0
0
0
0
0
0
0
0
0
0
0
0
0.00334948808011
4.87499765326e-05
0.00326405788762
0.000126167223274
0.00315521104137
0.000162647497646
0.00303313201971
0.000183128788705
0.00290450099952
0.000193249844344
0.00277369758044
0.000196646255056
0.0026436118275
0.000195629117477
0.00251616995452
0.000191677461436
0.00239266228564
0.000185764205985
0.00227395067528
0.000178544009957
0.00216060346104
0.000170464472902
0.00205298517117
0.000161835632206
0.00195131721213
0.000152874625638
0.00185571960193
0.000143734860495
0.00176624013817
0.000134525321054
0.00168287511056
0.000125323531618
0.00160558423683
0.000116184390101
0.00153430159345
0.000107146276404
0.00146894372954
9.82353372642e-05
0.00140941577056
8.94685363737e-05
0.00135561606459
8.08558601605e-05
0.00130743975428
7.24019404802e-05
0.00126478154168
6.41072706773e-05
0.00122753783488
5.59691356691e-05
0.00119560841044
4.79823387425e-05
0.00116889768872
4.01397821715e-05
3.24329416469e-05
0.00111981074532
4.11102499072e-05
0.00110844591434
2.87523273805e-05
0.00110190697625
1.65669334177e-05
0.0011001332851
4.53665938387e-06
0.00110307079046
-7.35579317829e-06
0.00111067187009
-1.91272588181e-05
0.00112289502957
-3.07937845855e-05
0.00113970447919
-4.23703308483e-05
0.00116106959579
-5.38704914239e-05
0.00118696427562
-6.53062280665e-05
0.00121736618208
-7.66876139441e-05
0.00125225588959
-8.80225797824e-05
0.00129161592198
-9.93166549882e-05
0.00133542967984
-0.000110572693363
0.00138368024614
-0.00012179057001
0.00143634905253
-0.000132966831157
0.00149341437958
-0.000144094271398
0.00155484965137
-0.000155161404203
0.00162062146755
-0.00016615177702
0.00169068729191
-0.000177043064243
0.00176499268362
-0.000187805844408
0.00184346791121
-0.000198401929966
0.00192602372632
-0.000208782065762
0.00201254598678
-0.00021888273691
0.00210288869681
-0.000228621719298
0.00219686486419
-0.000237891853073
0.00229423434096
-0.00024655229524
0.00239468749053
-0.00025441617921
0.00249782307886
-0.000261233134064
0.00260311816341
-0.000266664403341
0.00270988680976
-0.000270247218477
0.00281722287391
-0.000271343554458
0.00292391983187
-0.000269064252812
0.00302836192362
-0.000262142800205
0.00312838150912
-0.000248714097527
0.00322094287309
-0.00022600145212
0.0033014934382
-0.000189831636789
0.00336387508166
-0.000133873916181
0
-2.55092048737e-05
0
0
0
0
0
0
0
0
0
0
0
0
0
0
0
0
0
0
0
0
0
0
0
0
0
0
0
0
0
0
0.00331177455389
0.000122802993153
0.00321759454143
0.000220347235732
0.00310550480678
0.000274737232291
0.00298344804166
0.000305185553827
0.00285658573864
0.000320112147362
0.00272841069163
0.000324821302071
0.00260131342812
0.000322726380984
0.00247693876012
0.000316052129434
0.00235642102098
0.000306281945122
0.00224054022243
0.000294424808515
0.00212982631369
0.000281178381636
0.0020246303627
0.000267031583193
0.00192517421809
0.000252330770251
0.00183158575213
0.000237323326457
0.00174392423685
0.000222186836332
0.00166219886331
0.000207048905163
0.00158638243251
0.000192000820897
0.00151642160405
0.000177107104863
0.00145224466041
0.000162412280906
0.00139376745558
0.000147945741203
0.00134089801807
0.000133725297665
0.00129354014136
0.00011975981719
0.00125159619959
0.000106051212456
0.00121496935952
9.2595975738e-05
0.00118356531291
7.93863853534e-05
0.00115729362018
6.64114749009e-05
5.36578289639e-05
0.0011016570295
5.69099971216e-05
0.00109062711245
3.97822444289e-05
0.00108430400542
2.28900404471e-05
0.00108263047088
6.21019391798e-06
0.00108555508345
-1.02804057414e-05
0.00109303210555
-2.66042809208e-05
0.00110502122227
-4.2782901309e-05
0.00112148714575
-5.8836254328e-05
0.00114239909765
-7.4782443324e-05
0.00116773017614
-9.06373065556e-05
0.00119745661171
-0.000106414049516
0.00123155691382
-0.000122122881893
0.00127001090758
-0.000137770648744
0.00131279865613
-0.000153360441911
0.00135989926005
-0.000168891173926
0.00141128951925
-0.000184357090359
0.00146694243525
-0.000199747187398
0.0015268255217
-0.000215044490652
0.00159089887758
-0.000230225132899
0.00165911295969
-0.000245257146353
0.00173140596733
-0.000260098852053
0.00180770072035
-0.000274696682981
0.0018879008699
-0.000288982215314
0.00197188622636
-0.000302868093375
0.00205950691604
-0.000316242408975
0.00215057598441
-0.000328960921441
0.00224485994191
-0.000340836252739
0.00234206659194
-0.000351622829248
0.00244182927762
-0.000360995819745
0.00254368640121
-0.000368521526928
0.00264705458328
-0.000373615400544
0.00275119273769
-0.000375481708866
0.00285515288517
-0.000373024400291
0.00295771627777
-0.000364706192808
0.00305731816397
-0.000348315983724
0.00315196222364
-0.000320645511792
0.00323926898186
-0.00027713839501
0.00331554432183
-0.000210149256153
0
-9.57924535492e-05
0
-0
0
0
0
0
0
0
0
0
0
0
0
0
0
0
0
0
0
0
0
0
0
0
0
0
0
0
0.00335023346706
3.55941034435e-05
0.00324705635724
0.000225980102978
0.00313906469024
0.000328338902728
0.00302256298119
0.000391238941345
0.00290115958779
0.000426588947226
0.00277759047574
0.000443681259412
0.00265395413349
0.000448457644324
0.00253187067923
0.00044480983524
0.0024125661685
0.00043535664016
0.0022969523343
0.000421895779323
0.00218569631298
0.00040568082984
0.00207927715474
0.000387597539871
0.00197803002869
0.000368278709246
0.00188218030935
0.000348180489591
0.00179186972832
0.000327633907489
0.00170717642864
0.000306880136011
0.00162813038449
0.000286094949313
0.0015547253161
0.000265405889293
0.00148692795486
0.000244904466098
0.00142468529823
0.000224654937536
0.00136793032995
0.000204700709482
0.0013165865584
0.000185069069218
0.00127057163453
0.000165774741055
0.00122980024398
0.000146822603007
0.00119418641814
0.000128209801583
0.001163645373
0.000109927430494
0.00113809495791
9.19618899925e-05
7.42960101589e-05
0.00107650438514
7.20820136111e-05
0.00106593288621
5.03537433641e-05
0.00105990458177
2.89183448885e-05
0.00105836681883
7.74795685806e-06
0.00106127171047
-1.31852973838e-05
0.00106857606744
-3.39086378964e-05
0.00108024117885
-5.44480127147e-05
0.00109623245302
-7.48275285026e-05
0.00111651892769
-9.50689179926e-05
0.00114107265639
-0.000115191035255
0.00116986797616
-0.000135209369285
0.00120288065928
-0.000155135565007
0.00124008694932
-0.000174976938791
0.00128146247889
-0.000194735971477
0.00132698106253
-0.000214409757571
0.00137661335431
-0.000233989382137
0.00143032535335
-0.000253459186442
0.00148807673425
-0.000272795871551
0.00154981896999
-0.000291967368637
0.00161549320447
-0.000310931380833
0.00168502781834
-0.00032963346592
0.00175833561569
-0.000348004480337
0.00183531054076
-0.000365957140378
0.00191582381299
-0.000383381365604
0.00199971934806
-0.000400137944046
0.00208680831451
-0.000416049887896
0.00217686266856
-0.000430890606791
0.00226960752476
-0.000444367685443
0.00236471227457
-0.000456100569553
0.00246178047889
-0.000465589731246
0.00256033877182
-0.000472173693479
0.00265982544814
-0.00047496838519
0.0027595810089
-0.000472779961046
0.00285884985165
-0.000463975035555
0.00295682125359
-0.00044628738567
0.00305274558766
-0.000416569845857
0.0031460336271
-0.000370426434454
0.00323731814714
-0.00030143377619
0.00281544282739
-0.000204869976964
0
-3.94319002264e-05
0
-0
0
0
0
0
0
0
0
0
0
0
0
0
0
0
0
0
0
0
0
0
0
0
0
0
0.00325081177622
0.000170609897999
0.00313626601866
0.000340525860544
0.00302022762169
0.000444377299694
0.00290370309661
0.000507763466423
0.00278626479986
0.000544027243978
0.00266863764415
0.000561308415128
0.00255184073845
0.00056525455002
0.00243685992336
0.000559790650328
0.00232455322433
0.000547663339191
0.00221562817297
0.00053082083068
0.00211064700239
0.000510662000421
0.00201004323339
0.000488201308878
0.00191414144325
0.000464180499384
0.00182317639887
0.00043914553397
0.00173731006373
0.000413500242627
0.00165664608896
0.000387544110777
0.00158124188693
0.000361499151342
0.00151111857529
0.00033552920094
0.00144626912328
0.000309753918102
0.00138666501298
0.000284259047839
0.00133226168583
0.000259104036636
0.00128300299861
0.000234327756439
0.00123882486971
0.000209952869948
0.00119965826003
0.000185989212694
0.00116543160238
0.000162436459228
0.0011360727696
0.000139286263275
0.00111151065214
0.000116524007453
9.41302606669e-05
0.00104460918385
8.64699878197e-05
0.00103460962467
6.03533025402e-05
0.00102894808211
3.45798874466e-05
0.00102757748994
9.11854902781e-06
0.00103045428627
-1.60620937065e-05
0.00103753840981
-4.09927614349e-05
0.00104879313436
-6.57027372651e-05
0.00106418475312
-9.02191472676e-05
0.00108368212254
-0.000114566287412
0.00110725607327
-0.000138764985981
0.00113487869398
-0.000162831989997
0.00116652249169
-0.000186779362717
0.00120215943007
-0.000210613877172
0.00124175984482
-0.000234336386231
0.00128529123242
-0.00025794114517
0.00133271690547
-0.000281415055189
0.0013839945043
-0.000304736785263
0.00143907435057
-0.000327875717824
0.0014978976246
-0.000350790642664
0.00156039434369
-0.000373428099923
0.00162648111587
-0.0003957202381
0.0016960586415
-0.000417582005973
0.00176900893817
-0.000438907437051
0.0018451922745
-0.000459564701927
0.00192444382274
-0.000479389492286
0.00200657008906
-0.00049817615422
0.00209134527184
-0.000515665789566
0.00217850786309
-0.000531530276698
0.0022677580957
-0.000545350802166
0.00235875733753
-0.000556588973074
0.00245113144487
-0.000564547800811
0.00254448188386
-0.000568318824181
0.00263841231846
-0.000566710395648
0.00273258699094
-0.000558149708036
0.00282684900678
-0.000540549401507
0.00292142440724
-0.000511145246326
0.00301734471444
-0.000466346741645
0.00311761816653
-0.000401707228288
0.00322425602396
-0.000311507834386
0.00106840111853
-0.000184317043273
0
-1.66864035031e-05
0
0
0
0
0
0
0
0
0
0
0
0
0
0
0
0
0
0
0
0
0
0
0.00326090163239
0.000124925938115
0.00310355291206
0.000327958618328
0.00297823964321
0.000465839129394
0.00286305992398
0.000559557018931
0.00275145623948
0.000619367150922
0.00264136705853
0.000654116424926
0.00253232040202
0.000670355071635
0.00242455529223
0.000673019659809
0.00231858530588
0.00066576063668
0.00221498897998
0.000651259665096
0.00211431559301
0.000631494217649
0.00201704638958
0.000607931203852
0.00192358267552
0.000581665022931
0.00183424686382
0.000553516311087
0.00174928937983
0.000524103017964
0.0016688977665
0.000493891855951
0.00159320613629
0.000463235740988
0.00152230408677
0.000432401200866
0.00145624471424
0.000401588573468
0.00139505162419
0.000370947008153
0.00133872496572
0.000340585706308
0.00128724657321
0.00031058242915
0.00124058431661
0.000280990013034
0.00119869576193
0.000251841424634
0.00116153123474
0.00022315373988
0.0011290363683
0.000194931325672
0.00110115420547
0.000167168426103
0.00107782691319
0.000139851299736
0.000112960015795
0.00100629246021
9.99336980163e-05
0.000996966180717
6.96795820323e-05
0.000991734818903
3.98112492605e-05
0.000990557691869
1.02956760623e-05
0.000993396198959
-1.89006007968e-05
0.00100021388708
-4.78104495515e-05
0.00101097634354
-7.64651937284e-05
0.00102565092864
-0.000104893732366
0.00104420635797
-0.000133121716746
0.00106661214281
-0.00016117077082
0.00109283789486
-0.000189057742049
0.00112285250001
-0.000216793967862
0.0011566231638
-0.000244384540959
0.00119411432954
-0.000271827551972
0.00123528646802
-0.000299113283655
0.00128009473605
-0.000326223323219
0.00132848749928
-0.000353129548491
0.00138040471386
-0.000379792932406
0.00143577616113
-0.000406162089934
0.00149451953129
-0.000432171470084
0.00155653835698
-0.000457739063789
0.0016217198076
-0.000482763456594
0.00168993237439
-0.000507120003835
0.00176102350933
-0.000530655836871
0.00183481733716
-0.000553183320115
0.00191111265274
-0.000574471469797
0.00198968156937
-0.000594234706204
0.00207026943316
-0.000612118140487
0.0021525970249
-0.000627678393906
0.00223636674246
-0.00064035869063
0.00232127561296
-0.000649456671314
0.00240704002635
-0.000654083237573
0.00249344068863
-0.000653111057921
0.00258040275359
-0.000645111772998
0.00266813534208
-0.000628281989997
0.00275736037749
-0.00060037028174
0.00284967212208
-0.000558658486233
0.00294802804718
-0.000500063153385
0.00305758371927
-0.000421063506482
0.00319091623999
-0.000317649563991
0.00103421056471
-0.000187028179365
0
-2.45695546521e-05
0
0
0
0
0
0
0
0
0
0
0
0
0
0
0
0
0
0
0.00263060736845
0.000137846776358
0.00304299736376
0.000329909368504
0.00290024969506
0.000470706287026
0.00278090913523
0.000585179689223
0.00267296433762
0.000667501816545
0.00257043291054
0.000721898577995
0.0024705831746
0.00075396616087
0.00237230492945
0.000768633316783
0.00227536122692
0.000769963362343
0.00217994755142
0.000761174312182
0.00208644408736
0.000744763129152
0.00199528568293
0.000722652622076
0.00190689621809
0.000696320668693
0.00182165749365
0.000666903747374
0.00173989677404
0.000635277030698
0.00166188434517
0.000602115446833
0.00158783625236
0.000567939948757
0.00151791949025
0.000533152503096
0.00145225812325
0.000498062567866
0.00139093951249
0.000462907184233
0.00133402022435
0.000427866296295
0.00128153142187
0.000393074508786
0.00123348366613
0.000358630184885
0.00118987112236
0.000324602556808
0.00115067519974
0.00029103734725
0.00111586766947
0.000257961270157
0.00108541330995
0.000225385685187
0.00105927212771
0.000193309608345
0.00103740119869
0.000161722228752
0.000130605044082
0.000961933893325
0.000112351350688
0.000953368290604
7.82451847528e-05
0.000948620778358
4.45587615069e-05
0.000947657627485
1.12588269355e-05
0.00095044566923
-2.16886425416e-05
0.000956952429265
-5.43172095867e-05
0.000967146080219
-8.6658844683e-05
0.000980995224957
-0.000118742877104
0.000998468521027
-0.000150595012815
0.00101953415496
-0.000182236404754
0.00104415917345
-0.000213682760534
0.00107230867681
-0.000244943471228
0.00110394487887
-0.000276020743019
0.00113902603574
-0.000306908708843
0.00117750524524
-0.000337592493155
0.00121932911779
-0.000368047195763
0.00126443631959
-0.000398236750294
0.00131275599031
-0.000428112603124
0.00136420604007
-0.000457612139698
0.001418691337
-0.000486656767015
0.00147610180698
-0.000515149533763
0.00153631048526
-0.00054297213488
0.00159917158883
-0.0005699811074
0.00166451872425
-0.000596002972289
0.00173216341804
-0.000620828013912
0.00180189426808
-0.000644202319837
0.00187347718677
-0.000665817624886
0.0019466574712
-0.000685298424922
0.00202116484194
-0.000702185764645
0.00209672322459
-0.000715917073278
0.00217306805797
-0.000725801504693
0.00224997549721
-0.000730990676816
0.00232731021469
-0.000730445775398
0.00240510197219
-0.000722903530505
0.00248366636544
-0.00070684638324
0.00256378960806
-0.000680493524366
0.0026469876201
-0.00064185649827
0.00273581409792
-0.000588889631201
0.00283433579996
-0.000519585208531
0.00294902101894
-0.000432334782962
0.00309146598073
-0.000329473141164
0.00190480757074
-0.00022355108618
0
-9.53800585173e-05
0
-0
0
-0
0
-0
0
0
0
0
0
0
0.00108350035626
4.09463915768e-05
0.00299262664554
0.000200710059197
0.00293538099943
0.00034663689693
0.00278497885343
0.000480311514505
0.0026591707081
0.000596514432364
0.00255237004838
0.000691980348941
0.00245642198327
0.00076344988165
0.00236612458929
0.000812195971982
0.00227869243467
0.000841398315487
0.00219279664506
0.000854529106395
0.00210796982908
0.000854790178318
0.00202422315387
0.0008449209874
0.00194181017363
0.000827176109384
0.00186108921409
0.000803373581622
0.00178244600393
0.000774963878856
0.00170625179172
0.000743097959575
0.00163284222658
0.000708686595844
0.00156250833372
0.000672449339694
0.00149549442333
0.000634953859147
0.00143199983534
0.000596647091084
0.00137218266495
0.000557879738257
0.00131616436905
0.000518925480134
0.00126403461289
0.000479996052446
0.00121585599517
0.000441253126509
0.00117166845816
0.000402817721899
0.00113149329049
0.00036477772448
0.00109533668912
0.000327193948619
0.00106319288095
0.000290105078322
0.00103504682255
0.000253531743592
0.0010108765052
0.000217479925688
0.000990654896072
0.000181943837883
0.000146908394157
0.000911964890805
0.000123621287892
0.000904232141232
8.59779343261e-05
0.00090001153886
4.87793638784e-05
0.000899276644189
1.19937216064e-05
0.000902000018781
-2.44120171336e-05
0.00090815342351
-6.04706143151e-05
0.000917707828787
-9.62132499602e-05
0.000930633248905
-0.000131668297222
0.000946898410983
-0.000166860174893
0.000966470267479
-0.00020180826125
0.000989313359822
-0.000236525852876
0.00101538903941
-0.000271019150821
0.00104465455124
-0.000305286254845
0.0010770619844
-0.000339316142006
0.00111255709361
-0.000373087602363
0.00115107799589
-0.000406568098042
0.00119255374798
-0.000439712502382
0.00123690281286
-0.000472461668009
0.00128403142899
-0.000504740755825
0.00133383190454
-0.000536457242566
0.00138618087337
-0.000567498502596
0.00144093757105
-0.000597728832557
0.00149794222297
-0.000626985759314
0.00155701468674
-0.00065507543606
0.00161795356532
-0.000681766892491
0.0016805361167
-0.000706784871223
0.00174451944591
-0.000729800954097
0.0018096436963
-0.000750422675306
0.00187563829183
-0.000768180360178
0.00194223276744
-0.000782511548886
0.0020091744277
-0.000792743164954
0.00207625603576
-0.000798072284871
0.00214335790572
-0.00079754764536
0.00221051022151
-0.000790055846294
0.00227798333786
-0.000774319499597
0.00234641364998
-0.000748923836481
0.00241696086638
-0.00071240371467
0.00249148384379
-0.000663412608608
0.00257283848245
-0.000600939847191
0.00266532544115
-0.000524821741668
0.00277345239364
-0.000437600093654
0.00289458611549
-0.000344684808023
0.00305095227055
-0.000251746213576
0.00224529469299
-0.000168376148058
0.00159212876468
-8.75194687205e-05
0.00131424976701
-2.80729658364e-05
0.00141466888049
1.37423436085e-05
0.00188453630535
6.97835660702e-05
0.00271605133418
0.000160343585491
0.00288120220184
0.000250795547729
0.00273175729487
0.000350154966167
0.00260105323475
0.000477340957051
0.0024868780658
0.000594486683448
0.00238739948743
0.000695993010735
0.00229979622593
0.000779583610447
0.00221984433341
0.000843401774171
0.00214417719146
0.000887863113924
0.00207067589931
0.000914899607637
0.0019981990141
0.000927005991604
0.00192627638433
0.000926712808093
0.00185485871104
0.000916338660689
0.00178413754824
0.000897897272186
0.00171442654441
0.000873084585445
0.00164608725552
0.000843303167746
0.00157948480665
0.000809700408452
0.00151496278727
0.000773208615222
0.00145283028086
0.000734581846099
0.00139335640756
0.000694427732447
0.00133676940301
0.000653234095639
0.00128325833005
0.00061139081122
0.00123297621781
0.000569207592371
0.00118604387348
0.00052692839678
0.00114255390239
0.000484743097597
0.00110257465846
0.000442796965828
0.00106615396529
0.000401198417653
0.00103332252328
0.000360025390625
0.00100409696475
0.000319330636854
0.00097848254703
0.000279146161311
0.00095647549038
0.000239486982338
0.0009380649765
0.000200354351762
0.000161738542648
0.000856860999122
0.000133663037419
0.000850017284278
9.28216491704e-05
0.000846355550649
5.24410975075e-05
0.000845856752438
1.2492519817e-05
0.000848499309354
-2.70545740488e-05
0.000854259360627
-6.62306655882e-05
0.000863110828127
-0.000105064717461
0.000875025300144
-0.000143582769239
0.000889971746112
-0.000181806620861
0.000907916071324
-0.000219752586463
0.000928820519572
-0.000257430301124
0.00095264293069
-0.000294841561939
0.000979335859353
-0.000331979183509
0.00100884556108
-0.000368825843734
0.00104111085168
-0.000405352892961
0.00107606184741
-0.000441519093776
0.00111361859535
-0.00047726925032
0.00115368960747
-0.000512532680129
0.00119617031856
-0.000547221466916
0.00124094149834
-0.00058122842234
0.00128786766379
-0.000614424668045
0.00133679556077
-0.000646656729538
0.00138755281742
-0.000677743015969
0.00143994692001
-0.000707469538646
0.00149376472945
-0.000735584701932
0.00154877285188
-0.000761792993651
0.0016047193072
-0.000785747409424
0.00166133711742
-0.000807040485528
0.0017183506747
-0.000825193917451
0.00177548606398
-0.000839646938167
0.00183248691194
-0.000849744012913
0.00188913776255
-0.000854723135483
0.00194529731253
-0.000853707195346
0.00200094400818
-0.000845702541938
0.00205623620087
-0.000829611692292
0.00211158553269
-0.000804273168295
0.00216773031159
-0.000768548493568
0.00222578761463
-0.000721469911652
0.00228729716542
-0.000662449397979
0.00235412481451
-0.000591649390761
0.00242724273503
-0.000510718014172
0.00250520493465
-0.000422647007646
0.0025824801844
-0.00032902146333
0.00264643222196
-0.000232328185616
0.00269268224507
-0.000133769491826
0.00270943974554
-4.48304663125e-05
0.00268617782189
3.70042672603e-05
0.00262698615014
0.000128975237823
0.00254957908894
0.00023775064669
0.00245475897749
0.000345615659183
0.00235019674453
0.000454717199119
0.00225778590868
0.000569751792901
0.00217521864351
0.000677053948623
0.00210098544772
0.000770226206525
0.00203358064795
0.000846988410214
0.00197080785022
0.000906174571902
0.00191063962459
0.000948031339557
0.0018516320247
0.000973907207527
0.0017929352579
0.000985702758401
0.00173417338991
0.000985474676084
0.00167530311237
0.000975208938232
0.0016164921202
0.00095670826435
0.0015580276955
0.000931549010148
0.00150025330182
0.00090107756143
0.00144352708765
0.000866426622623
0.00138819616429
0.000828539538574
0.00133458173281
0.000788196277587
0.00128297144905
0.000746038016205
0.00123361648805
0.000702589056639
0.00118673156305
0.000658275736218
0.00114249672074
0.000613442434676
0.00110106012798
0.000568364989542
0.00106254133553
0.000523261890049
0.00102703468807
0.000478303613284
0.000994612673
0.000433620432727
0.000965329082851
0.000389308980775
0.000939221920677
0.000345437799028
0.000916316012749
0.000302052069239
0.000896625315573
0.000259177679514
0.000880154918153
0.000216824749182
0.000174990712153
0.000797133871934
0.000142417710959
0.000791219104856
9.87364162486e-05
0.000788136966781
5.55232355828e-05
0.000787875691429
1.27537951695e-05
0.000790419523091
-2.95984057117e-05
0.000795749015053
-7.15601575501e-05
0.000803841138476
-0.000113156840883
0.000814669212378
-0.000154410843141
0.000828202664458
-0.00019534007294
0.000844406631669
-0.000235956553674
0.000863241408733
-0.000276265078188
0.000884661752182
-0.000316261905388
0.000908616047328
-0.000355933478655
0.000935045345648
-0.000395255142054
0.000963882280875
-0.000434189828188
0.000995049873821
-0.000472686686722
0.00102846023878
-0.000510679615283
0.00106401320931
-0.000548085650658
0.00110159490827
-0.000584803165876
0.00114107629808
-0.000620709812151
0.0011823117627
-0.000655660132661
0.00122513779507
-0.000689482761909
0.00126937189487
-0.000721977115769
0.00131481182377
-0.000752909467551
0.00136123542275
-0.000782008300907
0.00140840127174
-0.000808958842638
0.00145605057037
-0.000833396708055
0.00150391074169
-0.000854900656849
0.00155170141071
-0.000872984586475
0.00159914358098
-0.000887089108437
0.00164597299887
-0.000896573430802
0.00169195877456
-0.000900708911173
0.00173692818019
-0.000898676600971
0.00178079803573
-0.00088957239748
0.00182361175897
-0.000872425415535
0.00186557701511
-0.000846238424432
0.001907089777
-0.000810061255461
0.00194872296248
-0.000763103097131
0.00199115854263
-0.000704884978123
0.00203496368669
-0.000635454534827
0.0020798808019
-0.000555635129379
0.00212403357045
-0.00046679977619
0.00216472098956
-0.00036970888244
0.00219814369766
-0.000265750893716
0.00222052333987
-0.00015614913404
0.00222420026753
-4.85073939698e-05
0.00220360288315
5.76016516352e-05
0.00216269454211
0.000169883578866
0.00211058862733
0.000289856561472
0.00204944388108
0.000406760405427
0.00198329496619
0.000520866114007
0.0019208986726
0.000632148086497
0.00186371763394
0.000734234987279
0.00181120074255
0.000822743097923
0.00176245296516
0.000895736187602
0.00171619662558
0.000952430911475
0.00167115889221
0.000993069072932
0.00162635931832
0.00101870678141
0.00158118598347
0.00103087609326
0.00153535922591
0.00103130143364
0.00148885593733
0.00102171222681
0.00144183055461
0.00100373364708
0.00139454773505
0.000978831829701
0.00134733085056
0.000948294445925
0.00130052533765
0.000913232135526
0.00125447410688
0.000874590769347
0.00120950202476
0.000833168359708
0.00116590691452
0.000789633126443
0.00112395508315
0.000744540888015
0.00108387989196
0.000698350927406
0.00104588230023
0.000651440026404
0.00101013262539
0.000604114664382
0.00097677299531
0.000556621520129
0.000945920135442
0.000509156473152
0.000917668252187
0.000461872315981
0.000892091857154
0.000414885375807
0.000869248434681
0.000368281221502
0.000849180894409
0.000322119609512
0.000831919777355
0.000276438796568
0.000817485201649
0.000231259324887
0.000186587368327
0.000733323030985
0.000149847783955
0.000728361057375
0.000103698389859
0.000725868221908
5.80160710493e-05
0.000725839727485
1.27822895925e-05
0.000728265463592
-3.2024141818e-05
0.000733130335716
-7.64250296748e-05
0.000740414411262
-0.00012044091643
0.000750092891251
-0.000164089323129
0.000762135916755
-0.000207383098445
0.000776508218637
-0.000250328855557
0.00079316861884
-0.000292925478391
0.000812069391374
-0.000335162677921
0.000833155491345
-0.000377019578627
0.000856363660969
-0.000418463311677
0.00088162142282
-0.00045944759004
0.000908845972828
-0.00049991123673
0.000937942988893
-0.000539776631347
0.000968805376398
-0.000578948038163
0.00100131197937
-0.000617309768845
0.00103532629692
-0.000654724129702
0.00107069525969
-0.000691029095436
0.00110724814134
-0.000726035643557
0.00114479570761
-0.000759524682042
0.00118312974163
-0.000791243501565
0.00122202313
-0.00082090168928
0.0012612307525
-0.000848166465138
0.00130049148764
-0.000872657443199
0.00133953172639
-0.000893940895591
0.0013780708701
-0.000911523730185
0.001415829363
-0.000924847601343
0.00145253983705
-0.000933283904853
0.0014879618505
-0.000936130924624
0.00152190036255
-0.000932615113018
0.00155422736873
-0.000921899403663
0.00158490464488
-0.000903102691688
0.00161400226489
-0.00087533604444
0.00164170207051
-0.000837761061078
0.00166827098356
-0.000789672010179
0.00169398574312
-0.000730599737688
0.00171896212262
-0.000660430914326
0.00174281572876
-0.000579488735513
0.00176442091392
-0.000488404961356
0.00178250760514
-0.000387795573661
0.00179532489062
-0.000278568179199
0.00180169629035
-0.000162520533769
0.00179744405127
-4.42551548843e-05
0.00177975650194
7.52892009611e-05
0.00175130620155
0.000198333879261
0.00171721211547
0.000323950647547
0.00167807933689
0.000445893184008
0.0016366053529
0.000562340097994
0.00159669512865
0.000672058310746
0.00155962224052
0.000771307875415
0.00152519378491
0.000857171553532
0.00149277975913
0.00092815021338
0.0014615095443
0.000983701126311
0.00143050062984
0.00102407798739
0.0013990439778
0.00105016343344
0.00136667793273
0.00106324213833
0.00133318417483
0.00106479519154
0.00129854693102
0.00105634947062
0.00126290111214
0.00103937946595
0.00122648276062
0.00101525018123
0.00118958767471
0.000985189531832
0.00115253967566
0.000950280134577
0.00111566776573
0.000911462679273
0.00107929060824
0.000869545517201
0.00104370666299
0.000825217071687
0.00100918850477
0.000779059046239
0.000975980128448
0.000731559303729
0.000944296315323
0.000683123839529
0.00091432336715
0.000634087612556
0.000886220700851
0.000584724186428
0.000860122940479
0.000535254233524
0.000836142250722
0.000485853005738
0.00081437073561
0.00043665689092
0.000794882783733
0.000387769173379
0.000777737282455
0.000339265110789
0.00076297965277
0.000291196426254
0.000750643676813
0.000243595300844
0.00019647794116
0.000665987640651
0.000155936314682
0.000661986871145
0.000107699159364
0.000660082547734
5.99203944604e-05
0.000660276364799
1.25884725278e-05
0.00066256355221
-3.43113292291e-05
0.000666933221329
-8.07946987937e-05
0.000673368538253
-0.000126876233354
0.000681846731967
-0.000172567516844
0.000692338945276
-0.000217875311753
0.000704809936538
-0.000262799846819
0.00071921764041
-0.000307333182263
0.000735512596152
-0.000351457633663
0.000753637252726
-0.000395144235202
0.000773525161017
-0.000438351219967
0.000795100065253
-0.000481022494276
0.000818274908462
-0.000523086079939
0.000842950770583
-0.000564452493469
0.000869015763528
-0.000605013031108
0.000896343915068
-0.000644637920385
0.000924794084008
-0.000683174298642
0.000954208963121
-0.000720443974549
0.00098441424474
-0.000756240925176
0.00101521804771
-0.000790328485015
0.0010464107344
-0.00082243618825
0.001077765283
-0.000852256237877
0.00110903842396
-0.000879439606102
0.0011399727977
-0.000903591816938
0.00117030044025
-0.000924268538144
0.00119974794602
-0.000940971235953
0.00122804367531
-0.000953143330638
0.00125492733615
-0.000960167565687
0.00128016211331
-0.000961365701784
0.0013035491592
-0.000956002158906
0.00132494359555
-0.00094329384002
0.00134426996731
-0.000922429063448
0.00136153292866
-0.000892599005783
0.00137681612513
-0.00085304425755
0.00139026055461
-0.000803116439658
0.00140201257375
-0.000742351756827
0.00141212730182
-0.000670545642398
0.00142043288707
-0.000587794320764
0.00142648713067
-0.000494459204956
0.00142980797897
-0.000391116421957
0.00142997717008
-0.000278737370311
0.00142664865904
-0.000159192022733
0.00141795950719
-3.5566003028e-05
0.00140279257409
9.04561340567e-05
0.00138273967248
0.000218386780875
0.00136044876447
0.00034624155555
0.00133643763702
0.00046990431146
0.00131190084486
0.000586876890155
0.00128863929249
0.000695319863121
0.00126728248528
0.000792664682626
0.00124760712321
0.000876846915597
0.0012290498634
0.000946707473194
0.0012109010756
0.00100184991411
0.00119245870274
0.00104252036026
0.00117314878419
0.00106947335199
0.00115258274067
0.00108380818185
0.00113056314922
0.001086814783
0.0011070603788
0.00107985224104
0.00108217700461
0.00106426284014
0.00105611040365
0.00104131678219
0.00102911914443
0.00101218079106
0.0010014954947
0.000977903784299
0.000973544383376
0.000939413790602
0.00094556817117
0.000897521729407
0.000917856228722
0.000852929014135
0.000890678286292
0.000806236988669
0.000864280627272
0.000757956962748
0.000838884353923
0.000708520112878
0.000814685112405
0.000658286854074
0.000791853805376
0.000607555493456
0.000770537937723
0.000556570101178
0.000750863334251
0.000505527609209
0.000732936040469
0.000454584184702
0.000716844272445
0.000403860941403
0.000702660322661
0.000353449060573
0.000690442358951
0.000303414389963
0.000680236075593
0.000253801584202
0.000204637845375
0.000595698496727
0.000160685678446
0.000592652911983
0.000110744744109
0.000591326600796
6.12467056476e-05
0.000591727137119
1.21879362044e-05
0.000593854684623
-3.64388767334e-05
0.000597702344826
-8.46423589965e-05
0.000603256347727
-0.000132430236255
0.000610496090733
-0.000179807259849
0.000619394032485
-0.000226773253506
0.000629915448905
-0.000273321263239
0.000642018059464
-0.000319435792822
0.000655651532553
-0.000365091106752
0.00067075687997
-0.000410249582619
0.000687265752114
-0.00045486009211
0.000705099647713
-0.000498856389875
0.000724169055045
-0.00054215548727
0.00074437254577
-0.000584655984195
0.000765595848365
-0.000626236333703
0.000787710935694
-0.000666753007714
0.000810575171399
-0.000706038534347
0.000834030572793
-0.000743899375944
0.000857903264429
-0.000780113616812
0.000882003217111
-0.000814428437697
0.00090612439206
-0.0008465573632
0.000930045439122
-0.000876177284939
0.000953531130658
-0.000902925297638
0.000976334746688
-0.000926395432968
0.000998201657313
-0.000946135448768
0.00101887436739
-0.000961643946026
0.00103809928078
-0.000972368244035
0.00105563538091
-0.000977703665814
0.00107126486767
-0.000976995188542
0.00108480548427
-0.000969542775513
0.00109612374447
-0.000954612100214
0.00110514741767
-0.000931452736647
0.00111187436025
-0.000899325948365
0.00111637351122
-0.000857543408521
0.00111877351757
-0.00080551644601
0.0011192349582
-0.000742813197453
0.00111790512627
-0.000669215810473
0.00111487238715
-0.000584761581638
0.00111017529473
-0.000489762112538
0.00110389997347
-0.000384841100697
0.0010962337564
-0.000271071153246
0.0010872536349
-0.00015021190123
0.00107638639767
-2.46987657996e-05
0.00106339774583
0.000103444785894
0.0010492250478
0.000232559478912
0.00103518931117
0.000360277292179
0.00102169602728
0.000483397595348
0.00100918546834
0.000599387449091
0.000998295187448
0.000706210144017
0.000989130186644
0.000801829683431
0.000981326213979
0.000884650888262
0.000974295944925
0.000953737742247
0.000967373500851
0.00100877235818
0.000959923452252
0.00104997040886
0.000951422186599
0.00107797461764
0.000941499767308
0.00109373060114
0.00092994724969
0.00109836730062
0.000916701911722
0.001093097579
0.000901821416957
0.00107914333491
0.000885454612368
0.00105768358678
0.000867813706771
0.00102982169665
0.000849150260808
0.000996567230262
0.000829735829142
0.000958828222268
0.000809847169551
0.000917410388997
0.000789755486142
0.000873020697545
0.000769719015665
0.000826273459145
0.000749978262911
0.000777697715503
0.000730753261895
0.000727745113893
0.000712242337365
0.000676797778604
0.000694621941395
0.000625175889426
0.000678047230923
0.00057314481165
0.000662653129367
0.000520921710766
0.000648555678632
0.000468681635437
0.000635853537956
0.000416563082079
0.000624629525012
0.000364673073517
0.000614952124568
0.000313091790407
0.000606876912589
0.000261876796181
0.000211066897473
0.000523030408262
0.000164115905091
0.00052092086882
0.000112854283551
0.000520153364377
6.20142100908e-05
0.000520740637578
1.16006630029e-05
0.000522687302764
-3.8385541919e-05
0.0005259901826
-8.79452388329e-05
0.000530638506507
-0.000137078560161
0.000536613974653
-0.000185782727995
0.000543890692727
-0.00023404997158
0.000552434983966
-0.000281865554478
0.000562205086125
-0.000329205894981
0.00057315074246
-0.000376036763088
0.000585212697411
-0.00042231153757
0.000598322109691
-0.000467969504391
0.000612399898194
-0.000512934178378
0.000627356039569
-0.000557111628645
0.000643088840839
-0.000600388785465
0.000659484216361
-0.000642631709225
0.00067641500594
-0.000683683797292
0.000693740380533
-0.00072336390894
0.000711305394046
-0.000761464389457
0.000728940754466
-0.000797748977232
0.000746462905465
-0.000831950588695
0.000763674530509
-0.000863768988244
0.000780365615016
-0.000892868369446
0.000796315227211
-0.000918874909834
0.000811294202497
-0.000941374408255
0.000825068935044
-0.000959910181314
0.000837406486726
-0.000973981497709
0.000848081205234
-0.000983042962542
0.00085688298046
-0.00098650544104
0.000863627132785
-0.000983739340867
0.00086816568518
-0.000974081327907
0.000870399387695
-0.000956845802729
0.000870289298413
-0.000931342647365
0.000867866017079
-0.000896902667031
0.00086323414397
-0.000852911535412
0.000856569647984
-0.000798851950024
0.000848108689563
-0.000734352239031
0.000838129711495
-0.000659236832406
0.000826940073124
-0.000573571943267
0.000814886381796
-0.00047770842121
0.000802384487892
-0.000372339206793
0.000789902757555
-0.000258589422909
0.000777809121262
-0.000138118264936
0.000766166664583
-1.30563091202e-05
0.00075513777935
0.000114473671127
0.000745313898737
0.000242383359524
0.000737352751961
0.000368238438955
0.000731452319056
0.000489298028254
0.000727672848805
0.000603166919341
0.00072604697527
0.000707836017551
0.000726329564453
0.000801547094248
0.000728014815165
0.000882965637551
0.000730463260096
0.000951289297316
0.000733003521624
0.00100623209665
0.000735011578655
0.00104796235183
0.000735968306653
0.00107701788964
0.000735490267637
0.00109420864015
0.000733336386093
0.00110052118216
0.000729397834318
0.00109703613078
0.000723678437709
0.00108486273152
0.000716271263308
0.00106509076118
0.000707335238191
0.00103875772177
0.000697074046732
0.00100682842172
0.000685718341931
0.000970183927069
0.000673511511072
0.000929617219856
0.000660698784866
0.000885833423751
0.000647519263916
0.000839452980095
0.000634200365542
0.000791016613877
0.000620954204065
0.000740991275371
0.000607975467475
0.000689776515195
0.000595440418476
0.000637710938425
0.000583506714447
0.000585078515679
0.000572313801945
0.000532114623267
0.000561983694276
0.000479011743106
0.000552621984699
0.000425924791656
0.000544318983556
0.00037297607466
0.000537150895968
0.000320259877994
0.000531180979073
0.000267846713076
0.000215787241639
0.000448555119588
0.00016626271435
0.00044735090729
0.000114058495849
0.000447115462713
6.22496546682e-05
0.000447865922583
1.08502031323e-05
0.000449610817549
-4.01304368849e-05
0.000452350385219
-9.06848065031e-05
0.000456076767635
-0.000140804942577
0.000460774094899
-0.000190480055259
0.000466418458699
-0.00023969433538
0.000472977781255
-0.000288424877034
0.000480411586977
-0.000336639700703
0.000488670685925
-0.000384295862035
0.000497696780281
-0.000431337631926
0.00050742200749
-0.0004776947316
0.000517768436757
-0.000523280607645
0.000528647539418
-0.000567990731306
0.000539959658385
-0.000611700904431
0.000551593507874
-0.000654265558714
0.000563425741962
-0.000695516031381
0.000575320639662
-0.000735258806639
0.000587129965276
-0.00077327371507
0.000598693076022
-0.000809312087978
0.000609837364426
-0.0008430948771
0.000620379140528
-0.000874310764345
0.000630125077965
-0.000902614306883
0.000638874367341
-0.00092762419921
0.000646421737451
-0.000948921778365
0.000652561516208
-0.00096604996007
0.000657092902188
-0.000978512883689
0.000659826595037
-0.000985776655391
0.000660592874065
-0.000987271720068
0.000659251100549
-0.000982397567351
0.000655700430279
-0.000970530657637
0.000649891241679
-0.000951036614129
0.000641836406287
-0.000923287811973
0.000631621114493
-0.000886687375237
0.000619409726569
-0.000840700147488
0.000605448255477
-0.000784890478931
0.000590061704123
-0.000718965687678
0.000573647407144
-0.000642822535427
0.00055666915515
-0.000556593691273
0.000539656148931
-0.00046069541499
0.000523197512919
-0.000355880570782
0.000507902904572
-0.000243294814562
0.000494301246422
-0.000124516606787
0.000482741089417
-1.49615211504e-06
0.000473540292328
0.000123674468217
0.000467103511016
0.000248820140836
0.000463753629233
0.000371588320738
0.000463515567523
0.000489536089965
0.000466233155718
0.000600449331146
0.000471634787947
0.000702434385323
0.00047926833974
0.000793913542455
0.000488525198375
0.000873708778915
0.00049871891525
0.000941095580441
0.000509159269677
0.000995791742224
0.000519212132639
0.00103790948886
0.000528342535974
0.00106788748631
0.000536138420204
0.00108641275592
0.000542316702828
0.00109434289954
0.000546716251775
0.00109263658183
0.000549282772779
0.00108229621051
0.000550049824896
0.00106432370906
0.000549119056376
0.00103968849029
0.000546641651719
0.00100930582638
0.000542802069395
0.000974023509393
0.000537804495273
0.000934614793978
0.000531862020913
0.000891775898111
0.000525188322611
0.000846126678398
0.000517991508003
0.000798213428484
0.000510469765836
0.000748513017538
0.000502808467779
0.000697437813252
0.000495178406991
0.000645340999212
0.000487734902761
0.000592522019909
0.000480617545974
0.000539231980054
0.000473950402427
0.000485678886654
0.000467842528042
0.000432032666041
0.000462388681497
0.000378429921206
0.000457670145746
0.000324978413745
0.000453755591035
0.000271761267787
0.000218840903828
0.000372834887386
0.000167175344372
0.000372495404186
0.000114397979049
0.000372759000791
6.1986058063e-05
0.000373646403114
9.96280080882e-06
0.000375169496619
-4.16535303892e-05
0.000377331605709
-9.28469155939e-05
0.000380127682725
-0.000143601019593
0.000383544406256
-0.00019389677879
0.000387560191056
-0.00024371012018
0.000392145114064
-0.000293009800042
0.000397260763292
-0.000341755349931
0.000402860018581
-0.000389895117323
0.00040888677572
-0.000437364389066
0.000415275628278
-0.000484083584158
0.000421951524811
-0.000529956504178
0.00042882942319
-0.000574868629685
0.000435813968611
-0.000618685449851
0.000442799227796
-0.0006612508179
0.000449668519021
-0.000702385322605
0.000456294386113
-0.000741884673731
0.000462538774721
-0.000779518103678
0.000468253480821
-0.000815026794078
0.000473280954753
-0.000848122351033
0.000477455558638
-0.000878485368229
0.000480605390142
-0.000905764138387
0.000482554800014
-0.000929573609082
0.000483127742331
-0.000949494720682
0.000482152101565
-0.000965074319304
0.000479465134111
-0.000975825916235
0.000474920136105
-0.000981231657386
0.000468394393519
-0.000980745977482
0.000459798371773
-0.000973801545605
0.000449085947888
-0.000959818233752
0.00043626527066
-0.000938215936901
0.000421409559694
-0.000908432101007
0.000404666872896
-0.000869944688438
0.000386267698411
-0.000822300973004
0.000366529252627
-0.000765152033147
0.000345855650034
-0.000698292085085
0.000324733960896
-0.00062170084629
0.000303727150044
-0.00053558688042
0.000283462947009
-0.000440431211956
0.000264611892815
-0.000337029516588
0.000247843091338
-0.000226526013085
0.000233751031345
-0.000110424546794
0.000222792766297
9.46211293232e-06
0.000215328511438
0.000131138723076
0.000211651981342
0.000252496670932
0.000211909440122
0.000371330861958
0.00021601071018
0.000485434819906
0.000223677065474
0.000592782975851
0.000234486972117
0.00069162447868
0.000247878609634
0.000780521904939
0.000263183874501
0.000858403514048
0.000279687100878
0.000924592354065
0.000296682650677
0.000978796192425
0.00031352247248
0.00102106966706
0.00032965044145
0.00105175951734
0.00034462197747
0.0010714412199
0.000358110067968
0.00108085480904
0.000369900742606
0.00108084590719
0.000379881550905
0.00107231540221
0.000388026235541
0.00105617902442
0.000394378098641
0.00103333662719
0.000399033796108
0.00100465012891
0.000402128614054
0.000970928691447
0.000403823753111
0.000932919654921
0.000404295779869
0.000891303871353
0.000403728174972
0.000846694283294
0.000402304779631
0.000799636823825
0.000400204884333
0.000750612912836
0.000397599689925
0.00070004300766
0.00039464988347
0.000648290805668
0.000391504096911
0.000595667806468
0.000388298047611
0.000542438029353
0.000385154191479
0.000488822742785
0.000382181749128
0.000435005108392
0.000379476991994
0.00038113467834
0.000377123698182
0.000327331707557
0.000375193707044
0.000273691258926
0.000220287093464
0.000296416798403
0.000166914264957
0.000296893351165
0.000113921426286
0.000297618020293
6.12613889351e-05
0.000298614315955
8.96650514653e-06
0.000299896911662
-4.29361260961e-05
0.000301471882304
-9.4421886236e-05
0.000303336878588
-0.000145466015877
0.000305481235751
-0.000196041135953
0.00030788601737
-0.000246114901798
0.00031052399777
-0.000295647780442
0.000313359589139
-0.0003445909413
0.000316348722072
-0.000392884250257
0.000319438691128
-0.000440454358122
0.000322567980059
-0.000487212873089
0.000325666085
-0.000533054609119
0.00032865335804
-0.000577855902725
0.000331440898497
-0.000621472990308
0.000333930524985
-0.000663740444388
0.000336014868108
-0.000704469665729
0.000337577631468
-0.000743447437091
0.000338494077714
-0.000780434549924
0.000338631806498
-0.000815164522863
0.000337851902325
-0.00084734244686
0.000336010541935
-0.000876644007839
0.000332961162317
-0.000902714758769
0.000328557300351
-0.000925169747116
0.000322656221381
-0.000943593641712
0.000315123453568
-0.000957541551491
0.000305838333129
-0.000966540795796
0.000294700636178
-0.000970093960434
0.000281638317736
-0.00096768365904
0.000266616288263
-0.000958779516132
0.000249646024555
-0.000942847970044
0.000230795631521
-0.000919365543867
0.000210199752007
-0.000887836221494
0.000188068497553
-0.000847813433985
0.000164694403956
-0.000798926879406
0.00014045634402
-0.000740913973212
0.000115819391651
-0.000673655132716
9.13299194833e-05
-0.000597211374122
6.76053239034e-05
-0.00051186228484
4.53164970889e-05
-0.000418142385141
2.51592592793e-05
-0.000316872278778
7.81108859509e-06
-0.000209177842401
-6.12590356693e-06
-9.64875546315e-05
-1.61732942335e-05
1.95095035989e-05
-2.19801579103e-05
0.000136945586752
-2.3326408288e-05
0.00025384292131
-2.01642400754e-05
0.000368168693746
-1.26538776873e-05
0.000477924457518
-1.13822800815e-06
0.000581267326172
1.38933033981e-05
0.000676592947274
3.18304995554e-05
0.000762584708781
5.19808103201e-05
0.000838253203283
7.36184135652e-05
0.00090295475082
9.60317536062e-05
0.000956382852384
0.00011856320052
0.000998538220148
0.000140638045932
0.00102968467193
0.000161781826791
0.00105029743904
0.000181626780771
0.00106100985506
0.000199909553365
0.0010625631346
0.000216462747337
0.00105576220824
0.000231202773195
0.00104143899856
0.000244116031469
0.00102042336892
0.000255244929729
0.000993521230651
0.000264674729939
0.000961498891237
0.000272521800301
0.000925072584559
0.000278923531367
0.000884902140287
0.000284029961572
0.00084158785309
0.000287997023706
0.000795669761691
0.000290981249953
0.000747628686589
0.000293135740515
0.000697888517098
0.000294607194774
0.000646819351409
0.000295533813675
0.000594741187566
0.000296043900191
0.000541927942837
0.000296255006434
0.000488611636543
0.000296273498339
0.000434986616487
0.000296194430049
0.000381213746631
0.000296101639308
0.000327424498297
0.000296067992081
0.000273724906153
0.000220199366557
0.000219827880916
0.000165548859415
0.00022106548651
0.000112683820692
0.000222209634905
6.01172405402e-05
0.000223285841621
7.89029843051e-06
0.000224311015063
-4.39612995382e-05
0.000225293647961
-9.54045191337e-05
0.000226233972735
-0.000146406340651
0.000227124077025
-0.000196931240243
0.000227947978837
-0.00024693880361
0.000228681663794
-0.0002963814654
0.000229293089847
-0.000345202367352
0.000229742167722
-0.000393333328132
0.000229980728465
-0.000440692918865
0.000229952492732
-0.000487184637356
0.000229593060197
-0.000532695176584
0.000228829941645
-0.000577092784173
0.000227582661084
-0.000620225709747
0.0002257629607
-0.000661920744005
0.000223275147715
-0.000701981852743
0.000220016629236
-0.000740188918612
0.000215878689037
-0.000776296609726
0.000210747568653
-0.000810033402478
0.000204505924061
-0.000841100802268
0.000197034737982
-0.00086917282176
0.000188215775619
-0.000893895796405
0.000177934677201
-0.000914888648698
0.000166084781945
-0.000931743746457
0.000152571772208
-0.000944028541754
0.000137319209618
-0.000951288233206
0.00012027500169
-0.000953049752507
0.000101418781472
-0.000948827438822
8.07700972104e-05
-0.00093813083187
5.83971885947e-05
-0.000920475061428
3.44259691606e-05
-0.000895394324433
9.04864816844e-06
-0.000862458900502
-1.74687681115e-05
-0.000821296017705
-4.478102236e-05
-0.000771614625158
-7.24612403899e-05
-0.000713233755182
-0.000100002728528
-0.000646113644578
-0.00012682593147
-0.00057038817118
-0.0001522915738
-0.00048639664251
-0.000175721502768
-0.000394712456173
-0.000196428935829
-0.000296164845717
-0.000213758494517
-0.000191848283713
-0.000227132951346
-8.31130978024e-05
-0.000236094033595
2.84705858472e-05
-0.000240322190796
0.000141173743954
-0.000239651200098
0.000253171930612
-0.000234091357568
0.000362608851216
-0.00022384263343
0.00046767573338
-0.000209276567
0.000566701259742
-0.000190905656119
0.000658222036393
-0.000169351553578
0.00074103060624
-0.000145306617084
0.000814208266789
-0.000119491031642
0.000877139165378
-9.26120373968e-05
0.000929503858139
-6.53296607047e-05
0.000971255843456
-3.82311770204e-05
0.00100258618824
-1.18150587851e-05
0.00102388132081
1.35161543133e-05
0.00103567864196
3.74555748843e-05
0.00103862371403
5.97862024983e-05
0.00103343158063
8.03715875965e-05
0.00102085361347
9.91445830698e-05
0.00100165037344
0.000116095479415
0.000976570334306
0.000131260443648
0.000946333927005
0.000144710849762
0.000911622178444
0.000156543824161
0.000873069165888
0.000166874135993
0.000831257541258
0.000175827431278
0.000786716466406
0.000183534727957
0.000739921389909
0.000190128043972
0.000691295201083
0.000195737010787
0.000641210384594
0.000200486321759
0.000589991876594
0.000204493871894
0.000537920392702
0.000207869458288
0.000485236050149
0.000210713925837
0.000432142148938
0.000213118658685
0.000378809013782
0.000215165333244
0.000325377823738
0.000216925862678
0.000271964376719
0.00021866275386
0.000143571034423
0.00016315514877
0.000145510187293
0.000110744667823
0.000147029883415
5.85975444184e-05
0.000148156912069
6.76326977631e-06
0.000148909892501
-4.47142799704e-05
0.000149299415925
-9.5794042558e-05
0.000149328178858
-0.000146435103584
0.000148991102598
-0.000196594163983
0.000148275437107
-0.000246223138119
0.000147160850728
-0.000295266879021
0.000145619510286
-0.00034366102691
0.000143616159198
-0.000391329977044
0.000141108204426
-0.000438184964093
0.000138045826511
-0.000484122259441
0.000134372130647
-0.000529021480719
0.000130023360822
-0.000572744014348
0.000124929203652
-0.000615131552577
0.000119013213531
-0.000656004753885
0.000112193396355
-0.000695162035566
0.000104382995134
-0.000732378517391
9.54915273256e-05
-0.000767405141917
8.54261304126e-05
-0.000799968005565
7.4093278836e-05
-0.000829767950691
6.14009412102e-05
-0.000856480484134
4.72612510338e-05
-0.000879756106229
3.15937654067e-05
-0.000899221163071
1.43293827855e-05
-0.000914479363836
-4.58502002568e-06
-0.000925114138943
-2.51811931671e-05
-0.000930692060064
-4.74633596221e-05
-0.000930767586052
-7.14013568486e-05
-0.000924889441595
-9.6923211077e-05
-0.000912608977642
-0.000123907391383
-0.000893490881122
-0.000152175129134
-0.000867126586681
-0.000181483348904
-0.000833150680732
-0.000211518923433
-0.000791260443175
-0.000241895114955
-0.000741238433636
-0.000272151176545
-0.000682977693592
-0.000301756132841
-0.000616508688281
-0.00033011771705
-0.000542026586972
-0.000356597390397
-0.000459916969163
-0.000380532361733
-0.000370777484836
-0.000401265066944
-0.000275432140505
-0.000418179201471
-0.000174934149187
-0.00043073908287
-7.05532164032e-05
-0.000438524871689
3.62563746668e-05
-0.000441256220092
0.000143905092357
-0.000438809111168
0.000250724821688
-0.000431230061423
0.00035502980147
-0.000418739581045
0.000455185253001
-0.000401716808829
0.000549678487526
-0.000380672907633
0.000637178135198
-0.000356219614937
0.000716577313544
-0.00032903330598
0.000787021957833
-0.00029981711921
0.000847922978608
-0.00026926531571
0.000898952054639
-0.000238033036552
0.000940023564298
-0.000206713234607
0.000971266386298
-0.000175821406405
0.000992989492606
-0.000145787759894
0.00100564499545
-0.000116955736144
0.00100979169028
-8.95854437264e-05
0.00100606128821
-6.38605093995e-05
0.000995128679139
-3.98969906167e-05
0.000977686854661
-1.77532393405e-05
0.00095442658303
2.5601185877e-06
0.000926020569076
2.10706655202e-05
0.000893111631512
3.78354942983e-05
0.00085630433711
5.29335198942e-05
0.000816159515662
6.64588665293e-05
0.000773191119771
7.85153128551e-05
0.000727864943583
8.92117255892e-05
0.000680598788349
9.86583829034e-05
0.00063176372728
0.000106964076058
0.000581686183439
0.000114233875924
0.000530650592837
0.000120567455965
0.000478902470107
0.000126057872141
0.000426651732762
0.000130790710992
0.000374076174932
0.00013484352861
0.00032132500612
0.000138285514366
0.000268522390963
0.000215770944448
6.81217784506e-05
0.000159813620169
7.07001320841e-05
0.00010816631419
7.25503178443e-05
5.67473586582e-05
7.36997307957e-05
5.61385682489e-06
7.41682179839e-05
-4.51827671585e-05
7.39681703845e-05
-9.55939949586e-05
7.31046326782e-05
-0.000145571565877
7.15754245297e-05
-0.000195064955835
6.9371270538e-05
-0.000244018984128
6.6475939308e-05
-0.000292371547791
6.28663952689e-05
-0.000340051482871
5.85129700262e-05
-0.000386976551801
5.33795632633e-05
-0.00043305155733
4.74238865998e-05
-0.000478166582778
4.05977674113e-05
-0.000522195361531
3.28475334918e-05
-0.000564993780428
2.41145036464e-05
-0.000606398522732
1.43356137924e-05
-0.000646225864031
3.44421298159e-06
-0.000684270634756
-8.62893122696e-06
-0.000720305373183
-2.19543735388e-05
-0.000754079699605
-3.66024284187e-05
-0.000785319950685
-5.26412506394e-05
-0.000813729128471
-7.01345021933e-05
-0.00083898723258
-8.91385479483e-05
-0.000860752060474
-0.000109699124986
-0.000878660586033
-0.000131847438244
-0.000892331050578
-0.000155595650142
-0.000901365927045
-0.000180931757356
-0.00090535595285
-0.000207813887047
-0.000903885456361
-0.000236164101356
-0.000896539227287
-0.000265861876232
-0.000882911202766
-0.000296737520292
-0.000862615237062
-0.000328565920087
-0.000835298186886
-0.000361061133729
-0.00080065546709
-0.000393872492123
-0.000758449084782
-0.000426582987692
-0.000708527938067
-0.000458710813442
-0.000650849867842
-0.000489714933427
-0.000585504568296
-0.000519005495315
-0.000512736025084
-0.000545959749835
-0.000432962714644
-0.000569943885986
-0.000346793348684
-0.000590340570451
-0.000255035456041
-0.000606580863464
-0.000158693856173
-0.00061817769031
-5.89563895572e-05
-0.000624756110115
4.28347944719e-05
-0.00062607601187
0.000145224994111
-0.000622047804263
0.000246696614081
-0.000612741744643
0.00034572374185
-0.000598387219602
0.00044083072796
-0.000579358991936
0.000530650259861
-0.000556153945342
0.000613973088603
-0.000529362287943
0.000689785656146
-0.000499635179003
0.000757294848893
-0.000467651333103
0.000815939132707
-0.000434085638304
0.00086538635984
-0.000399582192137
0.00090552011813
-0.0003647332075
0.000936417401661
-0.000330064353711
0.000958320638817
-0.000296026334518
0.000971606976261
-0.000262991941628
0.000976757297386
-0.000231257508245
0.00097432685483
-0.00020104759535
0.000964918766244
-0.000172521808979
0.00094916106829
-0.000145782804642
0.000927687578694
-0.000120884731899
0.000901122496333
-9.78415701488e-05
0.000870068469762
-7.66349834429e-05
0.000835097750404
-5.72214672825e-05
0.000796745999501
-3.9538671894e-05
0.000755508324383
-2.35108674704e-05
0.00071183713916
-9.05357198568e-06
0.000666141492865
3.92260287379e-06
0.00061878755242
1.55088123279e-05
0.000570099973985
2.57954614575e-05
0.000520363943707
3.48702247631e-05
0.000469827706802
4.28165198582e-05
0.000418705437667
4.97123590106e-05
0.000367180335779
5.56295099221e-05
0.000315407855209
6.06329053985e-05
0.000263518995487
0.000211623599997
-6.07420167735e-06
0.0001556072088
-2.92027807201e-06
0.000105012390584
-7.84678052192e-07
5.46117586384e-05
3.60006291678e-07
4.46917248102e-06
5.34416187046e-07
-4.53571770539e-05
-2.47530612128e-07
-9.48120481595e-05
-1.97855385896e-06
-0.00014384054263
-4.65788927637e-06
-0.000192385620417
-8.29113520928e-06
-0.000240385738195
-1.28900679771e-05
-0.000287772615023
-1.84724232878e-05
-0.00033446912756
-2.50616379513e-05
-0.000380387337137
-3.26865429854e-05
-0.000425426652296
-4.13809959379e-05
-0.000469472129825
-5.11834368741e-05
-0.000512392920595
-6.21363489274e-05
-0.000554040868375
-7.42856005596e-05
-0.0005942492711
-8.76796428437e-05
-0.000632831821747
-0.000102368531094
-0.000669581746505
-0.000118402736292
-0.000704271167985
-0.000135831708108
-0.000736650727789
-0.000154702148209
-0.000766449510585
-0.000175055950479
-0.0007933753262
-0.000196927764382
-0.000817115418677
-0.000220342139742
-0.000837337685114
-0.000245310217104
-0.000853692508671
-0.000271825938932
-0.000865815328751
-0.000299861775143
-0.000873330090834
-0.000329363984365
-0.000875853743627
-0.000360247472225
-0.000873001968501
-0.000392390362433
-0.000864396337079
-0.000425628467544
-0.000849673097654
-0.000459749934105
-0.000828493770502
-0.000494490439054
-0.000800557681937
-0.000529529424491
-0.000765616481652
-0.000564487964316
-0.000723490544957
-0.000598928942588
-0.000674086959795
-0.00063236026977
-0.000617418540659
-0.000664241844358
-0.000553622993708
-0.000693996860472
-0.00048298100897
-0.000721027856549
-0.000405931718567
-0.000744737557262
-0.000323083647971
-0.00076455396921
-0.000235219044093
-0.000779958347044
-0.000143289478339
-0.000790513688694
-4.84010479068e-05
-0.000795890489858
4.82115956354e-05
-0.000795886793088
0.000145221297342
-0.000790441671821
0.000241251492813
-0.000779641622747
0.000334923692777
-0.000763718074314
0.000424907179527
-0.000743035014327
0.000509967199874
-0.000718068708851
0.000589006783127
-0.000689382193837
0.000661099141131
-0.00065759670336
0.000725509358415
-0.000623362357131
0.000781704786478
-0.000587330484509
0.000829354487219
-0.000550129493903
0.000868319127524
-0.000512345507234
0.000898633414992
-0.000474508294425
0.000920483426008
-0.000437082444165
0.000934181126
-0.000400463253774
0.000940138106995
-0.000364976545298
0.000938840146354
-0.000330881504039
0.000930823724985
-0.000298375650031
0.000916655214282
-0.000267601148206
0.000896913076868
-0.000238651799782
0.000872173147909
-0.000211580205736
0.000842996875716
-0.000186404733418
0.000809922278087
-0.000163116038797
0.00077345730488
-0.000141682994975
0.00073407528056
-0.000122057953112
0.000692212097296
-0.000104181316686
0.000648264856439
-8.79854478274e-05
0.000602591683562
-7.33979487732e-05
0.000555512474931
-6.03443755013e-05
0.000507310370435
-4.87504472017e-05
0.000458233778502
-3.8543816659e-05
0.000408498807125
-2.96554644993e-05
0.00035829198362
-2.20207760044e-05
0.000307773166714
-1.55803537255e-05
0.000257078573208
0.000206323859318
-7.86027518367e-05
0.000150619470122
-7.4936770262e-05
0.00010134640901
-7.25598621674e-05
5.22348505437e-05
-7.14451178213e-05
3.35442813492e-06
-7.15714808644e-05
-4.52308140107e-05
-7.29237509487e-05
-9.34597780752e-05
-7.54925207692e-05
-0.00014127177281
-7.9274055279e-05
-0.000188604085907
-8.42701176219e-05
-0.000235389675852
-9.04877432113e-05
-0.000281554989433
-9.79389603669e-05
-0.000327017910404
-0.000106640452936
-0.000371685844568
-0.000116613157364
-0.000415453947868
-0.000127881783636
-0.000458203503554
-0.000140474246442
-0.000499800457788
-0.000154420989805
-0.000540094125012
-0.000169754185162
-0.000578916075743
-0.000186506779818
-0.000616079227091
-0.000204711369573
-0.00065137715675
-0.000224398866597
-0.000684583670961
-0.000245596931396
-0.00071545266299
-0.000268328136271
-0.00074371830571
-0.000292607827622
-0.000769095634849
-0.00031844165633
-0.000791281589969
-0.000345822750004
-0.00080995659144
-0.000374728509376
-0.000824786749299
-0.000405117024728
-0.000835426813398
-0.000436923128437
-0.000841523987126
-0.000470054128547
-0.000842722743516
-0.000504385307308
-0.000838670789741
-0.000539755319295
-0.000829026325093
-0.000575961687091
-0.000813466729858
-0.00061275666744
-0.000791698790153
-0.000649843844076
-0.000763470505302
-0.000686875888725
-0.000728584437004
-0.000723454008174
-0.000686912425507
-0.000759129648333
-0.000638411319637
-0.000793409038082
-0.00058313915091
-0.000825761105451
-0.000521270926339
-0.000855629166596
-0.000453112947825
-0.000882446560907
-0.000379114324256
-0.000905656059603
-0.000299874149275
-0.000924732373755
-0.000216142729942
-0.000939206468796
-0.000128815383298
-0.00094868977221
-3.89177444922e-05
-0.000952895888876
5.2417712301e-05
-0.000951657635962
0.000143983044428
-0.000944938191346
0.000234532048198
-0.000932835546088
0.000322821047518
-0.000915579315952
0.000407650949391
-0.000893519684808
0.00048790756873
-0.000867109780129
0.000562596878448
-0.000836883422652
0.000630872783655
-0.000803430188085
0.000692056123848
-0.000767369779307
0.0007456443777
-0.000729327630339
0.000791312338251
-0.000689913300439
0.000828904797624
-0.000649702702369
0.000858422816921
-0.000609224678397
0.000880005402036
-0.000568951963546
0.000893908411149
-0.00052929620535
0.000900482348799
-0.000490606467304
0.000900150408309
-0.000453170524469
0.000893387782149
-0.000417218240254
0.000880702930067
-0.00038292636344
0.000862621200054
-0.000350424175273
0.000839670959742
-0.000319799524436
0.000812372224879
-0.000291104896448
0.000781227650098
-0.00026436326325
0.000746715671682
-0.000239573542926
0.000709285560236
-0.000216715567587
0.000669354121957
-0.000195754509583
0.000627303798435
-0.000176644754509
0.000583481928488
-0.000159333236234
0.000538200956655
-0.000143762266575
0.000491739400777
-0.000129871902638
0.000444343414565
-0.000117601899917
0.000396228804404
-0.000106893300589
0.000347583384291
-9.76897051393e-05
0.000298569571264
-8.99382725819e-05
0.00024932714065
0.000199976077251
-0.000149082242083
0.000144932967433
-0.000144966365684
9.72305326111e-05
-0.000142390435865
4.96589207248e-05
-0.000141328467316
2.29245958561e-06
-0.000141759310775
-4.47999705517e-05
-0.000143666697421
-9.15523914294e-05
-0.000147039197268
-0.000137899272963
-0.000151870099716
-0.000183773183459
-0.000158157221421
-0.000229102554147
-0.000165902643784
-0.00027380956707
-0.000175112379573
-0.000317808174615
-0.000185795965424
-0.000361002258717
-0.00019796597429
-0.000403283939002
-0.00021163743916
-0.000444532038684
-0.000226827176709
-0.00048461072024
-0.000243552996873
-0.000523368304848
-0.000261832781748
-0.000560636290868
-0.000281683414821
-0.000596228594017
-0.000303119539388
-0.000629941032183
-0.000326152123343
-0.000661551087006
-0.000350786806643
-0.00069081797969
-0.000377022007778
-0.000717483104575
-0.000404846767282
-0.000741270875346
-0.000434238310049
-0.000761890047202
-0.000465159314734
-0.000779035586756
-0.000497554888833
-0.0007923911752
-0.000531349263165
-0.000801632439066
-0.000566442240459
-0.000806431009832
-0.000602705461107
-0.000806459522869
-0.000639978585777
-0.000801397665071
-0.000678065540094
-0.000790939370775
-0.000716731021086
-0.000774801248866
-0.000755697526676
-0.000752732284563
-0.000794643234497
-0.00072452479748
-0.000833201118423
-0.000690026553078
-0.000870959740762
-0.000649153803168
-0.00090746618247
-0.000601904877929
-0.000942231558307
-0.000548373775072
-0.000974739492161
-0.000488762992486
-0.00100445778533
-0.00042339465466
-0.00103085328823
-0.000352718821355
-0.00105340967451
-0.000277317762988
-0.00107164741405
-0.000197904990401
-0.001085144793
-0.00011531800435
-0.00109355842273
-3.05041147625e-05
-0.00109664142662
5.55007161905e-05
-0.00109425762428
0.000141599242083
-0.001086390555
0.000226664978918
-0.00107314656139
0.000309577053911
-0.00105475139252
0.000389255780519
-0.00103154038693
0.00046469656314
-0.00100394319108
0.0005349996826
-0.000972464482937
0.000599394075511
-0.000937662322258
0.00065725396317
-0.000900125795898
0.00070810785134
-0.000860453528792
0.000751640071144
-0.00081923435159
0.000787685620423
-0.000777031027394
0.000816219492726
-0.000734367528413
0.000837341903055
-0.000691719976471
0.000851260859207
-0.000649511057061
0.000858273429389
-0.000608107505042
0.000858746856289
-0.000567820141062
0.000853100418169
-0.000528905897237
0.000841788686242
-0.000491571288575
0.000825286591393
-0.000455976842634
0.000804076513802
-0.000422242075625
0.000778637457869
-0.000390450685306
0.00074943625978
-0.000360655710183
0.000716920696559
-0.000332884474942
0.000681514324995
-0.000307143201783
0.000643612848798
-0.000283421215146
0.000603581811798
-0.000261694704418
0.000561755417761
-0.000241930036673
0.00051843628891
-0.000224086630843
0.000473895994947
-0.000208119417638
0.00042837620136
-0.000193980917422
0.000382090304187
-0.000181622972252
0.000335225439121
-0.000170998169584
0.000287944768597
-0.000162060994433
0.000240389965499
0.000192683827589
-0.000217163920219
0.000138627889135
-0.000212657917079
9.27245294704e-05
-0.000209922723778
4.69237274243e-05
-0.000208933621422
1.30335722959e-06
-0.000209669633447
-4.40639585267e-05
-0.000212113606846
-8.91084180309e-05
-0.0002162521897
-0.000133760690108
-0.000222075713325
-0.000177949659835
-0.000229577984682
-0.00022160028279
-0.0002387559922
-0.000264631559552
-0.000249609525619
-0.000306954641197
-0.000262140708059
-0.000348471076276
-0.000276353436156
-0.000389071210905
-0.000292252721726
-0.000428632753113
-0.000309843926228
-0.000467019515739
-0.000329131877128
-0.000504080353947
-0.000350119853317
-0.00053964831468
-0.00037280842506
-0.000573540022274
-0.000397194132701
-0.000605555324542
-0.000423267987676
-0.000635477232031
-0.000451013779651
-0.000663072187715
-0.000480406174948
-0.000688090709278
-0.000511408594481
-0.000710268455813
-0.000543970864594
-0.000729327777089
-0.000578026642008
-0.000744979809341
-0.000613490625539
-0.000756927191669
-0.00065025558289
-0.000764867481715
-0.000688189241549
-0.000768497351173
-0.000727131119544
-0.000767517644874
-0.000766889404904
-0.000761639379711
-0.000807238032074
-0.000750590743605
-0.00084791414871
-0.00073412513223
-0.000888616214859
-0.000712030218414
-0.000929003024601
-0.000684137987738
-0.000968693982118
-0.00065033559556
-0.00100727099126
-0.000610576794026
-0.00104428231974
-0.000564893549454
-0.00107924876458
-0.000513407330231
-0.00111167236253
-0.000456339394533
-0.00114104774824
-0.000394019268945
-0.00116687606039
-0.00032689050921
-0.00118868103146
-0.000255512791917
-0.00120602658326
-0.000180559438598
-0.00121853492726
-0.000102809660358
-0.0012259039005
-2.31351415148e-05
-0.00122792212948
5.75189451626e-05
-0.00122448071027
0.000138157822877
-0.00121558041593
0.000217764684582
-0.00120133377411
0.000295330412089
-0.00118196168459
0.000369883690995
-0.00115778473334
0.000440519611896
-0.00112920994585
0.000506424895104
-0.00109671412151
0.000566898251171
-0.00106082507152
0.000621364913181
-0.00102210213092
0.00066938491074
-0.000981117233472
0.000710655173698
-0.000938437626171
0.000745006013122
-0.000894611005965
0.000772392872519
-0.000850153542092
0.000792884439182
-0.000805540947488
0.000806648264603
-0.000761202512479
0.00081393499438
-0.000717517830333
0.000815062174143
-0.000674815829996
0.000810398417833
-0.000633375678611
0.000800348534856
-0.0005934291124
0.000785340025182
-0.000555163784643
0.000765811186044
-0.000518727269876
0.000742200943102
-0.000484231423523
0.000714940413427
-0.000451756857733
0.00068444613077
-0.000421357351724
0.000651114818986
-0.000393064065938
0.000615319563011
-0.000366889472014
0.000577407217875
-0.000342830945139
0.000537696890886
-0.000320873992241
0.000496479336012
-0.000300995109571
0.000454017112276
-0.0002831642776
0.000410545369389
-0.000267347110999
0.000366273137587
-0.000253506687498
0.00032138501562
-0.000241605082722
0.00027604316382
-0.000231604639343
0.00023038952212
0.000184548186763
-0.000282531697109
0.000131780900786
-0.000277692081327
8.78849136877e-05
-0.00027483428963
4.40659357278e-05
-0.00027393513053
4.04198128925e-07
-0.000274974011277
-4.30250777794e-05
-0.000277933050532
-8.61493787753e-05
-0.000282797072443
-0.000128896668198
-0.000289553490399
-0.000171193241878
-0.000298192086532
-0.000212961686658
-0.000308704690834
-0.00025411895525
-0.00032108476169
-0.000294574570341
-0.000335326867499
-0.000334228970467
-0.000351426067149
-0.000372972011255
-0.000369377185124
-0.000410681635138
-0.000389173975306
-0.000447222725557
-0.00041080816594
-0.000482446163313
-0.000434268376844
-0.000516188103775
-0.000459538899054
-0.000548269500064
-0.00048659832655
-0.000578495897046
-0.000515418030027
-0.000606657528554
-0.000545960463832
-0.000632529753909
-0.000578177299614
-0.000655873873495
-0.000612007384291
-0.000676438371136
-0.000647374526083
-0.000693960635298
-0.000684185120928
-0.000708169214496
-0.000722325643415
-0.000718786669182
-0.000761660041807
-0.000725533083323
-0.000802027096253
-0.000728130296726
-0.000843237823544
-0.000726306917584
-0.000885073040549
-0.000719804162706
-0.00092728123139
-0.000708382552764
-0.00096957689937
-0.00069182946425
-0.0010116396212
-0.00066996749658
-0.00105311405439
-0.000642663554556
-0.00109361117351
-0.00060983847644
-0.00113271102094
-0.000571476946598
-0.00116996724319
-0.000527637327197
-0.00120491363836
-0.000478460935063
-0.00123707285374
-0.000424180179155
-0.00126596724159
-0.000365124881094
-0.00129113170413
-0.000301726046669
-0.00131212814232
-0.000234516353726
-0.00132856088254
-0.000164126698377
-0.00134009222394
-9.12783189647e-05
-0.00134645707168
-1.67702937688e-05
-0.00134747554718
5.8537420661e-05
-0.00134306254579
0.000133744821491
-0.00133323343833
0.000207935577114
-0.00131810539251
0.000280202366278
-0.00129789410388
0.000349672402365
-0.00127290611379
0.000415531621799
-0.00124352730726
0.000477046088578
-0.00121020849191
0.000533579435819
-0.00117344912594
0.000584605547216
-0.0011337803136
0.000629716098396
-0.00109174812635
0.000668622986449
-0.00104789815087
0.000701156037641
-0.00100276194228
0.000727256663933
-0.000956845814062
0.00074696831096
-0.000910622157489
0.00076042460803
-0.000864523278145
0.000767836115037
-0.000818937578718
0.000769476474716
-0.000774207811129
0.000765668650244
-0.000730631062509
0.000756771786236
-0.000688460121061
0.000743169083734
-0.000647905879271
0.000725256944254
-0.000609140462841
0.000703435526672
-0.000572300815861
0.000678100766448
-0.000537492519277
0.000649637834186
-0.00050479366549
0.000618415965199
-0.000474258654521
0.000584784552042
-0.000445921814211
0.000549070377565
-0.00041980077822
0.000511575854894
-0.000395899580996
0.000472578138788
-0.000374211448722
0.000432328980003
-0.00035472128025
0.000391055200917
-0.000337407823037
0.000348959680373
-0.000322245556566
0.000306222749149
-0.000309206300588
0.000263003907843
-0.000298260568275
0.000219443789807
0.000175666303947
-0.000344901439646
0.000124464229362
-0.000339780796935
8.27642709775e-05
-0.000336833553112
4.11186919044e-05
-0.000336038229377
-3.91125606145e-07
-0.000337374777053
-4.16885301031e-05
-0.000340824716148
-8.26994396807e-05
-0.000346371143208
-0.000123350241138
-0.000353998616567
-0.000163565768519
-0.000363692925335
-0.000203267377889
-0.000375440746739
-0.000242371133845
-0.000389229194718
-0.000280786122362
-0.000405045261024
-0.000318412904161
-0.000422875148539
-0.00035514212374
-0.00044270349502
-0.000390853288657
-0.000464512484252
-0.000425413736325
-0.000488280840523
-0.000458677807042
-0.000513982701534
-0.000490486242764
-0.000541586364653
-0.000520665836945
-0.000571052901535
-0.000549029360164
-0.000602334637219
-0.00057537579287
-0.000635373491763
-0.000599490899365
-0.000670099185607
-0.000621148179651
-0.000706427314659
-0.000640110242085
-0.00074425730771
-0.000656130642246
-0.000783470287619
-0.000668956234588
-0.000823926869287
-0.000678330087513
-0.000865464942037
-0.000683995010573
-0.000907897501658
-0.000685697737105
-0.000951010618647
-0.000683193800594
-0.000994561653278
-0.000676253128075
-0.00103827785456
-0.000664666351485
-0.00108185550752
-0.000648251811291
-0.00112495981915
-0.000626863184949
-0.00116722575413
-0.000600397619569
-0.00120826004318
-0.000568804187394
-0.0012476445833
-0.000532092406473
-0.00128494142489
-0.000490340485608
-0.00131969948873
-0.00044370287123
-0.00135146307261
-0.000392416595274
-0.00137978208954
-0.000336805864166
-0.00140422382997
-0.000277284306239
-0.00142438586723
-0.000214354316458
-0.00143990954319
-0.000148603022422
-0.00145049330621
-8.06945559457e-05
-0.00145590505729
-1.13585426814e-05
-0.00145599262399
5.86249873591e-05
-0.00145069155244
0.000128443749934
-0.00144002957986
0.000197273604535
-0.00142412738111
0.000264300167527
-0.00140319545242
0.000328740473682
-0.0013775273035
0.000389863472872
-0.00134748943665
0.000447008221736
-0.00131350883176
0.00049959883092
-0.00127605879813
0.00054715551359
-0.00123564410363
0.0005893014039
-0.0011927862513
0.000625765134122
-0.00114800965864
0.000656379444975
-0.00110182932692
0.000681076332214
-0.001054740397
0.000699879381042
-0.00100720979863
0.000712894009656
-0.000959670032107
0.000720296348516
-0.000912514986156
0.000722321428764
-0.000866097598935
0.000719251263024
-0.000820729109593
0.000711403296894
-0.00077667962024
0.000699119594381
-0.000734179686549
0.000682757010562
-0.000693422671393
0.000662678511516
-0.000654567623816
0.000639245718871
-0.000617742479601
0.000612812689971
-0.000583047415169
0.000583720900767
-0.00055055822122
0.000552295358093
-0.000520329593957
0.000518841750303
-0.000492398269301
0.000483644530237
-0.000466785948793
0.00044696581828
-0.00044350198478
0.00040904501599
-0.000422545807435
0.000370099023573
-0.000403909087682
0.00033032296062
-0.000387577638475
0.000289891299942
-0.000373533062831
0.000248959332199
-0.000361754160956
0.000207664887932
0.000166130254061
-0.000404019849641
0.00011674497101
-0.000398666339742
7.74107610778e-05
-0.000395658977466
3.8111329629e-05
-0.000394978113005
-1.07199006774e-06
-0.000396604355778
-4.00622873295e-05
-0.000400518733465
-7.87850619936e-05
-0.000406702710864
-0.00011716626374
-0.000415138076416
-0.000155130402967
-0.000425806702959
-0.000192598751347
-0.000438690187972
-0.000229487648832
-0.000453769377348
-0.000265706932987
-0.000471023775465
-0.000301158506044
-0.000490430843282
-0.000335735055924
-0.0005119651851
-0.000369318946838
-0.000535597623928
-0.000401781297497
-0.000561294164792
-0.000432981266179
-0.000589014845127
-0.00046276556243
-0.000618712471705
-0.000490968210367
-0.000650331244311
-0.000517410587557
-0.000683805268019
-0.000541901769161
-0.000719056958478
-0.000564239208907
-0.000755995348211
-0.000584209789918
-0.00079451430712
-0.000601591283176
-0.000834490697122
-0.000616154252245
-0.000875782489482
-0.000627664442228
-0.000918226884313
-0.000635885692681
-0.000961638484916
-0.00064058340997
-0.0010058075951
-0.000641528626923
-0.00105049872547
-0.000638502670222
-0.00109544941424
-0.000631302439307
-0.0011403694882
-0.000619746277518
-0.00118494090947
-0.000603680390021
-0.00122881837009
-0.000582985724332
-0.00127163080771
-0.000557585181954
-0.00131298401688
-0.000527450978223
-0.0013524645182
-0.000492611905148
-0.00138964481677
-0.00045316018704
-0.00142409012868
-0.000409257559318
-0.00145536657685
-0.000361140147105
-0.0014830507548
-0.000309121686222
-0.00150674043368
-0.000253594627353
-0.00152606605102
-0.000195028699121
-0.00154070248301
-0.000133966590432
-0.00155038048596
-7.10165529991e-05
-0.00155489711715
-6.8419114903e-06
-0.00155412443323
5.7852303445e-05
-0.00154801582842
0.000122335145124
-0.00153660951248
0.000185867288595
-0.00152002881759
0.000247719472638
-0.00149847924581
0.0003071909019
-0.00147224241211
0.000363626639172
-0.00144166727299
0.000416433082615
-0.00140715921816
0.000465090776088
-0.0013691677213
0.000509164016729
-0.00132817329136
0.000548306973959
-0.0012846744417
0.000582266284465
-0.00123917531085
0.000610880314128
-0.00119217444267
0.000634075464032
-0.0011441550862
0.000651860024575
-0.00109557722558
0.000664316149031
-0.00104687141272
0.000671590535659
-0.000998434361264
0.000673884377305
-0.000950626173501
0.000671443075261
-0.000903769014149
0.000664546137542
-0.000858147012395
0.000653497592627
-0.000814007163169
0.000638617161337
-0.000771561003961
0.000620232352308
-0.000730986860278
0.000598671575188
-0.000692432476526
0.000574258306219
-0.000656017875706
0.000547306299947
-0.000621838318885
0.000518115801272
-0.0005899672614
0.000486970692817
-0.000560459226511
0.000454136495349
-0.000533352538046
0.000419859129814
-0.000508671870999
0.000384364348944
-0.000486430593527
0.000347857746101
-0.000466632885255
0.000310525252347
-0.000449275625671
0.000272534040358
-0.000434350053049
0.000234033759577
-0.000421843199127
0.00019515803401
0.000156026162927
-0.00045966300534
0.000108684609019
-0.000454120029869
7.18677856063e-05
-0.000451077898144
3.50691979042e-05
-0.000450518844213
-1.63104399853e-06
-0.000452424208634
-3.81569229085e-05
-0.000456774612854
-7.44346577732e-05
-0.000463549986439
-0.000110390890155
-0.000472729454624
-0.000145950934782
-0.000484291092914
-0.000181037113057
-0.000498211554603
-0.000215567187143
-0.000514465576323
-0.000249452911268
-0.000533025365905
-0.000282598716461
-0.000553859876243
-0.000314900545586
-0.000576933968224
-0.000346244854857
-0.00060220746552
-0.000376507800201
-0.000629634103976
-0.000405554627723
-0.000659160378547
-0.000433239287859
-0.000690724291595
-0.000459404297319
-0.000724254007556
-0.000483880871597
-0.000759666421096
-0.000506489355621
-0.000796865648799
-0.000527039981203
-0.000835741458281
-0.000545333980437
-0.00087616765388
-0.000561165087576
-0.000918000444689
-0.000574321461436
-0.000961076828696
-0.000584588058221
-0.00100521303677
-0.000591749484603
-0.00105020309173
-0.000595593355016
-0.00109581755067
-0.000595914167984
-0.0011418025134
-0.000592517707486
-0.00118787899468
-0.000585225958031
-0.00123374277263
-0.000573882499569
-0.00127906483902
-0.000558358323629
-0.00132349258616
-0.000538557977193
-0.00136665186839
-0.000514425899722
-0.00140815007039
-0.000485952776227
-0.0014475802962
-0.000453181679338
-0.0014845267596
-0.000416213723634
-0.0015185714053
-0.000375212913621
-0.00154930172074
-0.00033040983167
-0.00157631961117
-0.00028210379579
-0.00159925110999
-0.000230663128529
-0.00161775658984
-0.000176523219275
-0.00163154103859
-0.000120182141676
-0.00164036388301
-6.21937085812e-05
-0.00164404779593
-3.1579985682e-06
-0.00164248592537
5.62904328813e-05
-0.00163564704246
0.000115496262218
-0.00162357821837
0.000173798464498
-0.00160640479416
0.000230546048428
-0.00158432758858
0.000285113696326
-0.00155761748089
0.000336916531474
-0.00152660768847
0.000385423290198
-0.00149168420699
0.000430167294611
-0.0014532749777
0.000470754787437
-0.00141183838803
0.000506870384292
-0.00136785169847
0.000538279594904
-0.00132179992869
0.000564828544345
-0.00127416564162
0.000586441176969
-0.00122541995031
0.000603114333259
-0.00117601495343
0.000614911152155
-0.00112637769368
0.00062195327591
-0.00107690563626
0.000624412319883
-0.00102796358883
0.000622501027826
-0.00097988192926
0.000616464477977
-0.000932955973506
0.000606571636873
-0.000887446299433
0.000593107487264
-0.000843579840387
0.000576365893262
-0.00080155157039
0.00055664330519
-0.00076152661837
0.0005342333542
-0.000723642667998
0.000509422349576
-0.000688012521002
0.000482485654276
-0.000654726722864
0.00045368489468
-0.000623856169809
0.000423265942293
-0.000595454634156
0.000391457594161
-0.000569561160914
0.000358470875702
-0.000546202301942
0.000324498887129
-0.000525394165221
0.000289717115626
-0.00050714426568
0.000254284140816
-0.000491453171065
0.000218342664962
-0.000478315941762
0.000182020804707
0.000145433588497
-0.000511634643036
0.000100338725485
-0.000505940664868
6.6173807439e-05
-0.000502885065685
3.20135987213e-05
-0.000502451964762
-2.06414492243e-06
-0.000504623471331
-3.59854163387e-05
-0.0005093798697
-6.96782594046e-05
-0.000516699652421
-0.000103071107435
-0.000526559408635
-0.000136091178568
-0.000538933574381
-0.00016866294731
-0.00055379405134
-0.000200706710185
-0.000571109700099
-0.000232137262508
-0.000590845713725
-0.000262862702835
-0.000612962877176
-0.000292783382135
-0.000637416717977
-0.000321791014056
-0.000664156553706
-0.000349767964472
-0.00069312444221
-0.000376586739219
-0.000724254041118
-0.000402109688951
-0.000757469384474
-0.000426188953963
-0.000792683585884
-0.000448666670187
-0.000829797479973
-0.000469375461532
-0.000868698217061
-0.000488139244115
-0.000909257829909
-0.000504774367589
-0.000951331796474
-0.000519091121011
-0.000994757628796
-0.000530895629115
-0.00103935352539
-0.00053999216163
-0.00108491713318
-0.00054618587681
-0.00113122447477
-0.000549286013424
-0.00117802910721
-0.000549109535543
-0.00122506158983
-0.000545485224869
-0.00127202934949
-0.00053825819837
-0.00131861704155
-0.00052729480751
-0.00136448751224
-0.000512487852941
-0.00140928347173
-0.000493762017701
-0.00145262998438
-0.00047107938707
-0.00149413787186
-0.000444444888747
-0.0015334081035
-0.000413911447701
-0.00157003721422
-0.000379584612913
-0.00160362374304
-0.000341626384803
-0.00163377562379
-0.000300257950916
-0.00166011838678
-0.000255761032803
-0.00168230394909
-0.000208477566217
-0.00170001968935
-0.000158807479014
-0.001712997428
-0.000107204403031
-0.00172102187814
-5.41692584377e-05
-0.00172393810498
-2.41771729466e-07
-0.00172165754266
5.40098705609e-05
-0.00171416217106
0.000108000890616
-0.00170150654891
0.000161142842351
-0.00168381752537
0.000212857024895
-0.00166129159788
0.000262587768827
-0.00163419003686
0.000309814970459
-0.0016028320416
0.000354065294936
-0.00156758630844
0.000394921561454
-0.00152886147266
0.000432029951657
-0.00148709592164
0.000465104833273
-0.00144274747167
0.000493931144927
-0.00139628335802
0.000518364430696
-0.00134817091742
0.000538328736369
-0.00129886925389
0.000553812669728
-0.00124882208512
0.00056486398339
-0.00119845187525
0.000571583066037
-0.00114815527874
0.000574115723371
-0.00109829985372
0.000572645602811
-0.00104922195252
0.000567386576775
-0.00100122566284
0.000558575347187
-0.000954582653579
0.000546464478007
-0.000909532771627
0.00053131601131
-0.000866285237782
0.000513395771345
-0.000825020299169
0.000492968415587
-0.000785891208363
0.000470293258769
-0.000749026415475
0.000445620861387
-0.000714531875997
0.000419190355202
-0.000682493393675
0.000391227459972
-0.000652978933247
0.000361943133733
-0.000626040851822
0.000331532794277
-0.000601718010015
0.000300176045322
-0.000580037734523
0.000268036840134
-0.00056101761256
0.000235264018853
-0.000544667105745
0.000201992158148
-0.000530988976772
0.000168342675733
0.000134425138294
-0.000559764250193
9.17568882536e-05
-0.000553952748947
6.03623061928e-05
-0.000550900971785
2.89618215588e-05
-0.000550594878968
-2.37023773919e-06
-0.000553017355909
-3.3562939398e-05
-0.000558148404982
-6.45472103318e-05
-0.000565965182535
-9.52543298815e-05
-0.000576441887791
-0.000125614473311
-0.000589549510511
-0.00015555532459
-0.000605255444393
-0.000185000776303
-0.000623522973254
-0.000213869733647
-0.000644310637131
-0.000242075038958
-0.000667571485651
-0.000269522533616
-0.000693252226257
-0.00029611027345
-0.000721292275442
-0.000321727915287
-0.000751622721863
-0.000346256292797
-0.000784165211229
-0.000369567199585
-0.000818830764412
-0.00039152340078
-0.000855518542075
-0.000411978892524
-0.000894114571661
-0.000430779431946
-0.000934490455802
-0.000447763359975
-0.000976502084984
-0.000462762738407
-0.00101998838214
-0.000475604823859
-0.00106477011234
-0.000486113898914
-0.0011106487972
-0.000494113476767
-0.00115740578075
-0.000499428893255
-0.00120480150152
-0.00050189029266
-0.00125257503351
-0.000501336003551
-0.00130044396716
-0.000497616291219
-0.00134810470842
-0.000490597457112
-0.00139523327999
-0.000480166235933
-0.00144148671174
-0.000466234421193
-0.0014865051061
-0.00044874362334
-0.00152991445764
-0.000427670035528
-0.00157133029179
-0.000403029054601
-0.00161036216501
-0.000374879574477
-0.00164661903594
-0.000343327741988
-0.00167971547377
-0.00030852994697
-0.00170927861772
-0.000270694806971
-0.00173495574047
-0.00023008391005
-0.00175642220467
-0.000187011102022
-0.00177338953838
-0.000141840145297
-0.00178561330157
-9.4980639846e-05
-0.00179290037762
-4.68821823864e-05
-0.0017951153105
1.97316115227e-06
-0.00179218532389
5.10798839537e-05
-0.00178410370724
9.99192739622e-05
-0.00177093133234
0.000147970467452
-0.00175279616695
0.000194721859503
-0.00172989076949
0.000239682371369
-0.00170246787099
0.000282392071953
-0.00167083426409
0.000322431688039
-0.00163534331307
0.000359430610438
-0.00159638646389
0.000393073102469
-0.00155438416575
0.000423102535143
-0.0015097766152
0.000449323594376
-0.00146301470345
0.000471602518939
-0.00141455149517
0.000489865528091
-0.00136483449875
0.000504095673311
-0.00131429891347
0.00051432839811
-0.0012633619649
0.000520646117464
-0.00121241837185
0.000523172130319
-0.00116183693052
0.000522064161488
-0.00111195815575
0.000517507802003
-0.00106309288601
0.000509710077442
-0.0010155217378
0.000498893329802
-0.000969495283828
0.000485289557336
-0.000925234826617
0.000469135314133
-0.000882933643453
0.000450667232424
-0.000842758586381
0.000430118201697
-0.000804851932576
0.000407714207583
-0.000769333393019
0.000383671815644
-0.000736302200667
0.000358196267619
-0.000705839212395
0.000331480145461
-0.000678008971064
0.000303702552947
-0.000652861685145
0.000275028759403
-0.000630435093116
0.000245610248104
-0.000610756188212
0.00021558511395
-0.000593842786197
0.000185078756133
-0.000579704924703
0.00015420481424
0.000123066301016
-0.000603905039985
8.29826937282e-05
-0.000598004587522
5.44618537301e-05
-0.000594970027513
2.59272615491e-05
-0.000594789078903
-2.551186349e-06
-0.000597445385942
-3.09066323584e-05
-0.00060291871333
-5.90738829441e-05
-0.000611184985279
-8.69880579329e-05
-0.000622216174792
-0.000114583283798
-0.00063598005006
-0.000141791449322
-0.000652439785414
-0.000168541040949
-0.000671553444754
-0.000194756074307
-0.000693273345866
-0.000220355137846
-0.000717545314615
-0.000245250564867
-0.000744307838652
-0.000269347749412
-0.000773491131138
-0.000292544622801
-0.000805016116061
-0.000314731307874
-0.00083879334803
-0.000335789967616
-0.000874721881218
-0.000355594867592
-0.000912688104114
-0.000374012669628
-0.000952564559413
-0.000390902976646
-0.000994208771476
-0.000406119147912
-0.00103746210737
-0.000419509402514
-0.00108214870187
-0.000430918229358
-0.00112807448167
-0.00044018811911
-0.00117502632934
-0.000447161629102
-0.00122277143342
-0.000451683789179
-0.00127105687724
-0.00045360484884
-0.00131960952467
-0.000452783356118
-0.00136813626662
-0.000449089549269
-0.00141632469628
-0.000442409027447
-0.00146384428338
-0.000432646648834
-0.00151034811712
-0.000419730587452
-0.00155547528317
-0.0004036164573
-0.00159885393013
-0.000384291388565
-0.00164010506551
-0.000361777919215
-0.00167884709785
-0.000336137542143
-0.0017147011111
-0.00030747372874
-0.00174729681916
-0.00027593423891
-0.00177627910324
-0.000241712522889
-0.00180131498535
-0.000205048027938
-0.00182210084044
-0.000166225246934
-0.0018383696022
-0.00012557138354
-0.00184989767865
-8.34525633918e-05
-0.00185651126932
-4.02685917154e-05
-0.0018580917709
3.55366272764e-06
-0.00185457997718
4.75680902366e-05
-0.00184597882254
9.13181193227e-05
-0.00183235448459
0.000134346129497
-0.00181383574629
0.000176203121212
-0.00179061161331
0.00021645823838
-0.00176292728004
0.000254707738691
-0.00173107862955
0.000290583037542
-0.0016954055276
0.000323757508491
-0.0016562842256
0.000353951800472
-0.00161411921491
0.000380937524451
-0.00156933487789
0.000404539257352
-0.00152236726014
0.000424634901189
-0.00147365624868
0.000441154516634
-0.00142363838815
0.000454077812785
-0.00137274050789
0.000463430517845
-0.00132137427214
0.000469279881717
-0.0012699317089
0.000471729567078
-0.0012187817229
0.000470914175489
-0.00116826755738
0.00046699363648
-0.00111870513778
0.000460147657846
-0.00107038220903
0.000450570401045
-0.00102355816448
0.000438465512787
-0.000978464459087
0.000424041608743
-0.000935305499147
0.000407508272483
-0.000894259905406
0.000389072607956
-0.00085548205398
0.000368936356157
-0.000819103808787
0.000347293570452
-0.000785236369675
0.000324328828507
-0.000753972171159
0.000300215946945
-0.00072538677702
0.000275117158808
-0.000699540725747
0.000249182708131
-0.000676481290783
0.000222550813139
-0.000656244127325
0.000195347950492
-0.00063885478435
0.000167689413157
-0.00062433006639
0.000139680096279
0.000111415469137
-0.00064393187177
7.40539460951e-05
-0.000637966311698
4.84962936582e-05
-0.000634958658597
2.29196084473e-05
-0.000634898276705
-2.61156824058e-06
-0.000637769531715
-2.80353773484e-05
-0.000643551986564
-5.32914280954e-05
-0.00065222044113
-7.83196033665e-05
-0.00066374482174
-0.000103058903188
-0.000678089927411
-0.00012744634365
-0.000695215040688
-0.000151415927672
-0.000715073411769
-0.000174897703226
-0.0007376116255
-0.000197816924115
-0.000762768861729
-0.000220093328639
-0.000790476060475
-0.000241640550666
-0.000820655004574
-0.000262365678702
-0.000853217333767
-0.000282168978682
-0.000888063505752
-0.00030094379563
-0.000925081721677
-0.000318576651667
-0.000964146835608
-0.000334947555698
-0.00100511927018
-0.00034993054207
-0.00104784396361
-0.000363394454487
-0.00109214937641
-0.000375203989712
-0.00113784659024
-0.000385221015524
-0.00118472853512
-0.000393306174228
-0.00123256938574
-0.00039932077849
-0.00128112417201
-0.000403129002901
-0.00133012865355
-0.000404600367302
-0.00137929951116
-0.000403612498512
-0.00142833491201
-0.000400054148419
-0.00147691550646
-0.000393828432993
-0.00152470591403
-0.000384856241268
-0.00157135675279
-0.000373079748691
-0.00161650725966
-0.000358465950425
-0.00165978853736
-0.000341010110863
-0.0017008274474
-0.000320739009181
-0.00173925114607
-0.000297713843473
-0.00177469223219
-0.00027203264262
-0.00180679444161
-0.000243832029485
-0.00183521878575
-0.000213288178751
-0.00185964999083
-0.000180616822856
-0.00187980305505
-0.000146072182714
-0.00189542970503
-0.000109944733567
-0.00190632450563
-7.25577627936e-05
-0.00191233036249
-3.42627348518e-05
-0.00191334315775
4.56645798676e-06
-0.00190931527942
4.35402119038e-05
-0.00190025784391
8.2260683815e-05
-0.00188624146761
0.000120329753205
-0.00186739551345
0.000157357167048
-0.00184390581629
0.00019296854122
-0.00181601097062
0.000226812893025
-0.00178399733751
0.00025856940443
-0.00174819298953
0.000287953160511
-0.00170896085711
0.000314719668044
-0.00166669136427
0.000338668031615
-0.00162179484638
0.000359642739464
-0.00157469402798
0.000377534082788
-0.00152581680918
0.000392277297835
-0.00147558956802
0.000403850571622
-0.00142443113882
0.000412272088648
-0.0013727475772
0.000417596320094
-0.00132092777449
0.000419909764369
-0.00126933994163
0.000419326342636
-0.00121832894574
0.000415982640591
-0.00116821445351
0.000410033165613
-0.0011192898142
0.00040164576173
-0.00107182160038
0.000390997298975
-0.00102604971662
0.000378269724981
-0.000982187983367
0.000363646539227
-0.000940425104825
0.000347309729414
-0.000900925933974
0.000329437185306
-0.000863832954507
0.000310200590985
-0.000829267907436
0.000289763781436
-0.000797333498777
0.000268281538286
-0.000768115133372
0.000245898793403
-0.000741682628429
0.000222750203189
-0.000718091868414
0.000198960053124
-0.000697386370145
0.000174642452223
-0.00067959873354
0.000149901776553
-0.000664751959258
0.000124833321997
9.95241292819e-05
-0.000679739175269
6.50029540864e-05
-0.00067372789103
4.24850094193e-05
-0.000670753376859
1.99450942766e-05
-0.000670806504065
-2.5584410353e-06
-0.000673872306587
-2.49695748266e-05
-0.000679930175435
-4.72335592474e-05
-0.000688953897941
-6.92958808603e-05
-0.000700911547389
-9.11012537399e-05
-0.000715765229956
-0.000112592661083
-0.000733470697176
-0.000133710460452
-0.000753976833341
-0.000154391567061
-0.000777225028425
-0.00017456872903
-0.000803148448388
-0.000194169908676
-0.000831671215923
-0.00021311778313
-0.000862707516191
-0.000231329378434
-0.000896160643635
-0.000248715851238
-0.000931922007642
-0.000265182431623
-0.000969870116935
-0.000280628542374
-0.00100986956464
-0.000294948107997
-0.00105177003854
-0.000308030068166
-0.00109540538389
-0.000319759109142
-0.00114059274882
-0.000330016624775
-0.00118713184609
-0.000338681918258
-0.00123480436773
-0.000345633652583
-0.00128337359302
-0.000350751553208
-0.00133258423288
-0.00035391836304
-0.00138216255722
-0.000355022042959
-0.00143181685321
-0.000353958202525
-0.00148123826391
-0.000350632737716
-0.00153010205611
-0.000344964640798
-0.00157806936324
-0.00033688893413
-0.00162478944441
-0.000326359667523
-0.00166990249147
-0.000313352903371
-0.00171304300393
-0.000297869598395
-0.00175384373466
-0.000279938278452
-0.00179194018792
-0.000259617390215
-0.00182697562601
-0.000236997204531
-0.00185860651125
-0.000212201144245
-0.0018865082783
-0.000185386411704
-0.00191038129909
-0.000156743802067
-0.00192995687177
-0.000126496610036
-0.00194500303853
-9.48985668002e-05
-0.0019553300185
-6.22307828262e-05
-0.00196079503378
-2.87977195714e-05
-0.00196130631224
5.07773645219e-06
-0.00195682607055
3.90599702087e-05
-0.00194737231597
7.28069292381e-05
-0.00193301935397
0.000105976791198
-0.00191389694683
0.000138234759915
-0.00189018813327
0.000169259727655
-0.00186212578355
0.000198750543305
-0.00182998802546
0.000226431646343
-0.00179409272674
0.000252057861786
-0.00175479125712
0.000275418198426
-0.00171246177482
0.000296338549321
-0.00166750228757
0.000314683252212
-0.00162032372879
0.00033035552401
-0.00157134326711
0.000343296836155
-0.00152097803508
0.000353485339586
-0.00146963942514
0.000360933478713
-0.00141772806015
0.000365684955097
-0.00136562950537
0.000367811209589
-0.00131371075218
0.000367407589446
-0.00126231747068
0.00036458935909
-0.0012117720018
0.000359487696743
-0.00116237203873
0.000352245798651
-0.00111438993215
0.000343015192396
-0.00106807254477
0.0003319523376
-0.00102364157524
0.000319215569696
-0.000981294270891
0.000304962425069
-0.000941204450737
0.000289347365152
-0.000903523764353
0.000272519904601
-0.000868383118263
0.000254623135346
-0.000835894208168
0.000235792628191
-0.000806151102622
0.000216155687856
-0.000779231831029
0.000195830931596
-0.000755199936075
0.00017492815817
-0.000734105957281
0.000153548473428
-0.000715988818614
0.000131784637886
-0.000700877098725
0.000109721602108
8.74371978347e-05
-0.000711238933179
5.58569274435e-05
-0.000705197190315
3.64432665552e-05
-0.000702258884602
1.70067885646e-05
-0.00070241623681
-2.40108882801e-06
-0.000705654883818
-2.17309278181e-05
-0.000711954070338
-4.09343727274e-05
-0.000721286686985
-5.99632642138e-05
-0.000733619159958
-7.87687807669e-05
-0.000748911199266
-9.73006217752e-05
-0.000767115414014
-0.000115506245703
-0.00078817680479
-0.000133330176286
-0.00081203214462
-0.0001507133892
-0.000838609261541
-0.000167592791756
-0.000867826237243
-0.000183900807428
-0.000899590537968
-0.000199565077708
-0.000933798095557
-0.00021450829365
-0.000970332358328
-0.000228648168851
-0.00100906333368
-0.000241897567021
-0.00104984664632
-0.00025416479536
-0.00109252263849
-0.000265354075995
-0.00113691554117
-0.000275366206463
-0.00118283274761
-0.000284099418337
-0.00123006422347
-0.000291450442395
-0.0012783820904
-0.000297315785657
-0.00132754042214
-0.000301593221461
-0.00137727529465
-0.00030418349053
-0.00142730513284
-0.000304992204774
-0.00147733139735
-0.000303931938016
-0.00152703965405
-0.000300924481016
-0.00157610106664
-0.000295903228205
-0.00162417434843
-0.000288815652337
-0.00167090820253
-0.000279625813431
-0.00171594426995
-0.000268316835947
-0.00175892059219
-0.000254893276151
-0.00179947557817
-0.000239383292471
-0.00183725244584
-0.000221840522553
-0.00187190408543
-0.000202345564935
-0.00190309826623
-0.000181006963446
-0.00193052308167
-0.000157961596261
-0.00195389250156
-0.000133374382183
-0.00197295187587
-0.000107437235724
-0.00198748321546
-8.03672272082e-05
-0.00199731006234
-5.2403935945e-05
-0.00200230175936
-2.38060225579e-05
-0.00200237693682
5.15291390978e-06
-0.00199750605351
3.41890869072e-05
-0.00198771286101
6.30137367308e-05
-0.00197307470179
9.13386319777e-05
-0.00195372160153
0.000118881659663
-0.00192983416929
0.000145372295412
-0.00190164037337
0.000170556747379
-0.00186941131073
0.000194202583709
-0.00183345612989
0.000216102680948
-0.00179411629876
0.000236078367292
-0.00175175942808
0.000253981678642
-0.00170677286695
0.00026969669108
-0.00165955728062
0.000283139937677
-0.00161052040373
0.000294259959274
-0.00156007113681
0.000303036072662
-0.00150861412283
0.000309476464732
-0.00145654490724
0.000313615739506
-0.00140424575039
0.000315512052743
-0.00135208212944
0.000315243968497
-0.00130039993753
0.000312907167172
-0.0012495233634
0.000308611122613
-0.00119975341486
0.000302475850119
-0.00115136703418
0.000294628811708
-0.00110461674302
0.000285202046441
-0.00105973074867
0.000274329575346
-0.00101691343982
0.000262145116228
-0.000976346201022
0.000248780126349
-0.000938188476806
0.000234362180385
-0.000902579021018
0.000219013679558
-0.000869637271797
0.000202850878971
-0.000839464798794
0.000185983214852
-0.000812146775346
0.000168512908148
-0.000787753434756
0.00015053481758
-0.000766341475828
0.0001321365145
-0.000747955388681
0.000113398550739
-0.000732628677257
9.4394890684e-05
7.51934803992e-05
-0.000738358770443
4.66384566026e-05
-0.000732298119888
3.03826160002e-05
-0.000729396262648
1.41049313252e-05
-0.000729646596585
-2.15075489163e-06
-0.000733035287182
-1.8342237221e-05
-0.000739541455768
-3.44282041407e-05
-0.000749137215988
-5.03675039943e-05
-0.000761787563485
-6.61184332694e-05
-0.00077745012575
-8.16380595104e-05
-0.000796074780901
-9.68815905526e-05
-0.000817603155961
-0.000111801801225
-0.000841968016885
-0.000126348528276
-0.000869092564342
-0.000140468244299
-0.000898889650944
-0.000154103720826
-0.000931260937455
-0.000167193791198
-0.000966096007376
-0.000179673223729
-0.00100327146121
-0.000191472715013
-0.00104265001391
-0.000202519014328
-0.00108407962091
-0.000212735188353
-0.00112739266079
-0.000222041036117
-0.00117240520438
-0.00023035366288
-0.00121891640283
-0.000237588219878
-0.00126670802914
-0.000243658816089
-0.00131554420945
-0.000248479605348
-0.0013651713824
-0.000251966048508
-0.00141531852552
-0.000254036347407
-0.00146569768824
-0.000254613042058
-0.0015160048702
-0.000253624756056
-0.00156592128173
-0.000251008069488
-0.00161511501957
-0.000246709490365
-0.00166324318536
-0.000240687486548
-0.00170995446651
-0.000232914532277
-0.00175489218873
-0.000223379113727
-0.00179769783607
-0.000212087628815
-0.00183801501864
-0.000199066109898
-0.00187549384961
-0.000184361691584
-0.00190979567218
-0.000168043742371
-0.00194059805542
-0.000150204580202
-0.00196759995538
-0.000130959696305
-0.00199052691621
-0.000110447421348
-0.00200913616791
-8.88279840205e-05
-0.00202322146277
-6.62819323547e-05
-0.00203261748516
-4.30079135535e-05
-0.00203720366974
-1.92198379718e-05
-0.00203690727242
4.85651658369e-06
-0.0020317055578
2.89873722932e-05
-0.00202162699549
5.2935174413e-05
-0.00200675139374
7.64630302347e-05
-0.00198720894202
9.93392079394e-05
-0.00196317817887
0.000121341532267
-0.00193488294761
0.000142261516119
-0.00190258844383
0.000161908079927
-0.00186659649475
0.000180110731863
-0.00182724023732
0.000196722109866
-0.00178487837892
0.000211619820243
-0.00173988923051
0.000224707542671
-0.00169266469835
0.000235915405513
-0.00164360440708
0.000245199668006
-0.00159311010684
0.000252541772421
-0.00154158049163
0.000257946849518
-0.00148940652793
0.00026144177581
-0.00143696736337
0.000263072888182
-0.00138462685697
0.000262903462097
-0.00133273074666
0.000261011056858
-0.00128160444675
0.000257484822707
-0.00123155144947
0.000252422852839
-0.00118285228935
0.000245929651585
-0.00113576401852
0.000238113775614
-0.00109052013365
0.000229085690472
-0.00104733089091
0.000218955873487
-0.00100638394445
0.000207833179899
-0.000967845244501
0.000195823480431
-0.000931860133823
0.00018302856888
-0.000898554585647
0.000169545330795
-0.000868036530469
0.000155465159674
-0.000840397224788
0.000140873602468
-0.00081571262036
0.000125850213151
-0.000794044698066
0.000110468592206
-0.000775442735978
9.47965886517e-05
-0.00075994448638
7.88966410853e-05
6.28262353035e-05
-0.000761040190911
3.73660606783e-05
-0.000754968921584
2.43113466725e-05
-0.000752101285542
1.1237295284e-05
-0.000752431674436
-1.82036599848e-06
-0.00075594670149
-1.48272101666e-05
-0.000762625385991
-2.77495196401e-05
-0.000772439187987
-4.05537019982e-05
-0.000785351897964
-5.32057232921e-05
-0.000801319388415
-6.56705690592e-05
-0.000820289236316
-7.79117426513e-05
-0.00084220022749
-8.98908100523e-05
-0.000866981755743
-0.000101567000022
-0.000894553131622
-0.00011289686842
-0.000924822817444
-0.000123834035005
-0.000957687607257
-0.000134329001384
-0.000993031772383
-0.000144329058603
-0.00103072619509
-0.000153778292311
-0.00107062751516
-0.000162617694258
-0.00111257731615
-0.000170785387361
-0.00115640138016
-0.000178216972103
-0.00120190904215
-0.000184846000888
-0.00124889267657
-0.000190604585464
-0.00129712735091
-0.00019542414175
-0.00134637068222
-0.000199236274037
-0.00139636293331
-0.000201973797414
-0.00144682738585
-0.000203571894871
-0.00149747102681
-0.000203969401089
-0.00154798558313
-0.000203110199742
-0.00159804893605
-0.000200944716571
-0.0016473269425
-0.000197431483914
-0.00169547568371
-0.000192538745339
-0.00174214415299
-0.000186246062994
-0.00178697738375
-0.000178545882961
-0.00182962000549
-0.000169445007079
-0.00186972020028
-0.000158965915106
-0.00190693401518
-0.000147147876685
-0.00194092996696
-0.000134047790593
-0.00197139385659
-0.000119740690574
-0.00199803369171
-0.000104319861179
-0.00202058459793
-8.78965151347e-05
-0.00203881358515
-7.05989967967e-05
-0.00205252402542
-5.25714920869e-05
-0.00206155969399
-3.39722449823e-05
-0.0020658082286
-1.49713033624e-05
-0.0020652038721
4.25216008873e-06
-0.00205972938239
2.35128825793e-05
-0.00204941701945
4.26228114753e-05
-0.00203434855205
6.13945628357e-05
-0.00201465426341
7.96449192994e-05
-0.00199051097468
9.71982435331e-05
-0.00196213914395
0.000113889685392
-0.00192979913468
0.000129568070652
-0.0018937867779
0.000144098375089
-0.00185442837653
0.000157363708497
-0.00181207531473
0.000169266758445
-0.00176709844185
0.000179730669785
-0.00171988239787
0.000188699361532
-0.00167082003726
0.000196137307395
-0.00162030709139
0.000202028826554
-0.00156873718878
0.00020637694691
-0.00151649732807
0.000209201915095
-0.00146396387334
0.00021053943345
-0.00141149911654
0.000210438705298
-0.00135944842806
0.000208960368376
-0.00130813799549
0.000206174390143
-0.00125787313283
0.000202157990178
-0.00120893712737
0.000196993646125
-0.00116159058054
0.000190767228784
-0.00111607119087
0.000183566300801
-0.0010725939221
0.000175478604721
-0.00103135149728
0.000166590755077
-0.00099251515919
0.000156987142339
-0.000956235639185
0.000146749048875
-0.000922644279368
0.000135953970978
-0.000891854256874
0.00012467513718
-0.000863961863644
0.000112981209238
-0.00083904780004
0.000100936149548
-0.000817178445715
8.85992378817e-05
-0.000798407076248
7.60252191841e-05
-0.000782774999066
6.32645639037e-05
5.0363823073e-05
-0.000779236999516
2.80547903821e-05
-0.000773160629901
1.8234977058e-05
-0.0007703229048
8.39957018279e-06
-0.000770719018473
-1.42425232545e-06
-0.00077433594648
-1.12102821593e-05
-0.000781152626619
-2.0932839501e-05
-0.000791139991941
-3.05663366769e-05
-0.000804260860395
-4.00848548382e-05
-0.000820469688041
-4.94617414128e-05
-0.000839712194999
-5.86692356937e-05
-0.00086192487546
-6.7678129591e-05
-0.000887034405167
-7.64574703154e-05
-0.000914956961829
-8.49743117582e-05
-0.000945597475934
-9.31935208994e-05
-0.000978848831486
-0.000101077645832
-0.00101459103826
-0.000108586851834
-0.00105269039912
-0.00011567893145
-0.00109299869822
-0.000122309395154
-0.00113535243766
-0.000128431647924
-0.00117957215231
-0.000133997257449
-0.00122546183447
-0.000138956318727
-0.0012728085013
-0.000143257918634
-0.00132138193969
-0.000146850703365
-0.00137093466393
-0.000149683549789
-0.00142120212197
-0.000151706339375
-0.00147190318543
-0.000152870831416
-0.00152274095757
-0.000153131628949
-0.00157340393051
-0.000152447226803
-0.00162356751927
-0.000150781127809
-0.00167289599486
-0.00014810300832
-0.00172104483121
-0.000144389908996
-0.00176766347171
-0.000139627422492
-0.00181239851027
-0.000133810844401
-0.00185489726832
-0.000126946249026
-0.00189481173495
-0.000119051448479
-0.0019318028209
-0.00011015679073
-0.00196554486033
-0.000100305751168
-0.00199573027685
-8.95552740542e-05
-0.00202207431439
-7.79758236422e-05
-0.00204431971846
-6.56511110626e-05
-0.00206224124239
-5.26774728631e-05
-0.00207564984566
-3.91628888211e-05
-0.0020843964497
-2.52256409416e-05
-0.00208837512109
-1.09926319745e-05
-0.00208752556292
3.40260192591e-06
-0.00208183481336
1.78221330126e-05
-0.00207133807423
3.21260723459e-05
-0.00205611862226
4.61751108725e-05
-0.00203630678825
5.98330852851e-05
-0.00201207802427
7.29694795506e-05
-0.00198365011343
8.54617745517e-05
-0.00195127960807
9.71975652941e-05
-0.00191525760948
0.000108076376498
-0.00187590502312
0.000118011122143
-0.00183356743716
0.000126929172478
-0.00178860977799
0.000134773010619
-0.00174141089561
0.000141500479148
-0.00169235822301
0.000147084634804
-0.00164184264054
0.000151513244077
-0.00159025365751
0.000154787963883
-0.00153797500295
0.000156923260532
-0.00148538069421
0.000157945124717
-0.00143283163037
0.000157889641456
-0.00138067273518
0.000156801473183
-0.00132923065509
0.000154732310056
-0.00127881200053
0.000151739335615
-0.0012297021042
0.000147883749798
-0.00118216425894
0.000143229383519
-0.0011364393891
0.000137841430963
-0.0010927461038
0.000131785319423
-0.00105128107707
0.000125125728349
-0.00101221969891
0.000117925764172
-0.000975716941786
0.000110246291755
-0.000941908389498
0.000102145418691
-0.000910911378072
9.36781257531e-05
-0.000882826202659
8.4896033825e-05
-0.00085773734869
7.58472955792e-05
-0.000835714710243
6.65765994341e-05
-0.000816814763418
5.71252723591e-05
-0.000801081667324
4.75314678099e-05
3.78304255609e-05
-0.000792913941247
1.87168740359e-05
-0.000786835741057
1.21567768676e-05
-0.000784021934148
5.58576327358e-06
-0.000784468320763
-9.77865709651e-07
-0.000788162150345
-7.51645257743e-06
-0.000795082299492
-1.40126903539e-05
-0.000805199303545
-2.0449332624e-05
-0.00081847524621
-2.68089121739e-05
-0.000834863514146
-3.30734734769e-05
-0.000854308425832
-3.92243240076e-05
-0.000876744746283
-4.52418091398e-05
-0.000902097101393
-5.11051152057e-05
-0.000930279307865
-5.67921052855e-05
-0.000961193636765
-6.22791919993e-05
-0.000994730030864
-6.75412517334e-05
-0.00103076529809
-7.25515846126e-05
-0.00106916230532
-7.72819242109e-05
-0.00110976919913
-8.17025013515e-05
-0.00115241868151
-8.57821655429e-05
-0.00119692737118
-8.94885677725e-05
-0.00124309528215
-9.2788407758e-05
-0.00129070545289
-9.56477479019e-05
-0.00133952376053
-9.80323957178e-05
-0.0013892989551
-9.99083552243e-05
-0.00143976294832
-0.000101242346158
-0.00149063139117
-0.000102002388561
-0.0015416045721
-0.000102158448024
-0.00159236866464
-0.000101683134253
-0.00164259734915
-0.000100552443304
-0.00169195382681
-9.87465306595e-05
-0.00174009323693
-9.62504988795e-05
-0.00178666547865
-9.30551807648e-05
-0.00183131842748
-8.91578955789e-05
-0.00187370152367
-8.45631528291e-05
-0.00191346969592
-7.92832762343e-05
-0.00195028756785
-7.33389187992e-05
-0.00198383387962
-6.67594393987e-05
-0.00201380604099
-5.9583112683e-05
-0.0020399247181
-5.18571465287e-05
-0.00206193834359
-4.3637485575e-05
-0.00207962743054
-3.49883859123e-05
-0.00209280856564
-2.59817537237e-05
-0.00210133795658
-1.66962500017e-05
-0.00210511441445
-7.21617410189e-06
-0.00210408166317
2.36985064224e-06
-0.00209822988545
1.19703552986e-05
-0.00208759643767
2.1492624561e-05
-0.00207226569287
3.08443660732e-05
-0.00205236800169
3.99353941092e-05
-0.00202807779207
4.86792699255e-05
-0.00199961085969
5.69948421744e-05
-0.00196722092972
6.48076353255e-05
-0.00193119559457
7.20510413453e-05
-0.00189185175177
7.86672793403e-05
-0.00184953067866
8.46080993727e-05
-0.00180459288666
8.98352186154e-05
-0.00175741289725
9.43204897379e-05
-0.00170837407533
9.80458128839e-05
-0.00165786364336
0.00010100281211
-0.0016062679841
0.000103192304617
-0.00155396832063
0.000104623597063
-0.00150133684226
0.000105313646346
-0.00144873332396
0.000105286123156
-0.00139650226706
0.000104570416285
-0.00134497057019
0.000103200613184
-0.00129444572302
0.000101214488449
-0.0012452145013
9.86525280755e-05
-0.00119754213006
9.55570122851e-05
-0.00115167187357
9.19711744718e-05
-0.00110782500389
8.79384497369e-05
-0.0010662010966
8.35018210656e-05
-0.0010269786003
7.87032678714e-05
-0.000990315626346
7.35833177996e-05
-0.000956350907258
6.81806996028e-05
-0.000925204874426
6.25320929206e-05
-0.000896980809371
5.66719687697e-05
-0.00087176602694
5.06325131486e-05
-0.000849633053114
4.44436256081e-05
-0.000830640764722
3.8132983967e-05
-0.000814835463026
3.1726166114e-05
2.52468201281e-05
-0.00080204558091
9.3623962502e-06
-0.000795967115155
6.07831111277e-06
-0.000793169963153
2.78861127142e-06
-0.000793650330907
-4.9749795552e-07
-0.000797395651358
-3.77113212624e-06
-0.000804384760207
-7.02358150545e-06
-0.000814587926462
-1.02461663683e-05
-0.000827966742051
-1.34300965859e-05
-0.000844473877395
-1.65663381322e-05
-0.000864052712375
-1.96454890277e-05
-0.0008866368544
-2.26576671155e-05
-0.000912149557624
-2.55924119811e-05
-0.000940503059593
-2.84386033165e-05
-0.000971597853713
-3.11843978799e-05
-0.00100532191817
-3.38171872793e-05
-0.00104154992404
-3.63235787429e-05
-0.00108014244737
-3.86894008747e-05
-0.00112094521216
-4.08997365676e-05
-0.00116378839286
-4.29389848362e-05
-0.00120848600723
-4.47909534102e-05
-0.00125483543137
-4.64389836102e-05
-0.00130261707069
-4.78661085884e-05
-0.00135159422064
-4.90552457686e-05
-0.00140151315219
-4.99894236716e-05
-0.00145210345587
-5.06520424779e-05
-0.00150307867741
-5.10271670236e-05
-0.00155413727565
-5.1099849783e-05
-0.00160496392983
-5.08564800702e-05
-0.00165523121858
-5.02851545536e-05
-0.00170460168666
-4.93760625758e-05
-0.00175273030746
-4.81218780828e-05
-0.00179926733963
-4.65181485917e-05
-0.00184386156525
-4.45636699628e-05
-0.00188616388381
-4.22608342664e-05
-0.0019258312229
-3.96159371502e-05
-0.00196253071138
-3.66394303196e-05
-0.00199594404623
-3.33461045414e-05
-0.00202577196957
-2.97551893432e-05
-0.00205173875927
-2.58903568302e-05
-0.00207359662562
-2.1779619224e-05
-0.00209112989854
-1.74551129936e-05
-0.00210415888598
-1.29527662848e-05
-0.00211254328503
-8.31185095733e-06
-0.00211618503337
-3.57442576095e-06
-0.00211503050042
1.21531769725e-06
-0.00210907193444
6.01178932028e-06
-0.00209834810376
1.07687938785e-05
-0.00208294409602
1.54403583365e-05
-0.00206299026764
1.99815657275e-05
-0.00203866036495
2.43493672367e-05
-0.00201016886749
2.85033447079e-05
-0.00197776763019
3.24063980256e-05
-0.00194174192425
3.6025335404e-05
-0.00190240599413
3.93313492253e-05
-0.00186009826045
4.23003656936e-05
-0.00181517630425
4.49132624101e-05
-0.00176801176822
4.71559537135e-05
-0.00171898530459
4.90193492555e-05
-0.00166848168844
5.04991959569e-05
-0.00161688520101
5.15958171818e-05
-0.00156457536987
5.23137659252e-05
-0.0015119231339
5.2661410384e-05
-0.00145928748151
5.26504707636e-05
-0.00140701259132
5.2295526088e-05
-0.0013554254867
5.16135085661e-05
-0.0013048341995
5.06232012548e-05
-0.0012555264243
4.93447528766e-05
-0.0012077686332
4.77992211846e-05
-0.00116180561243
4.60081536931e-05
-0.00111786037526
4.39932125671e-05
-0.00107613440198
4.17758477874e-05
-0.00103680815516
3.93770210499e-05
-0.0010000418183
3.68169809461e-05
-0.000965976207126
3.41150884266e-05
-0.000934733804758
3.12896905523e-05
-0.000906419875504
2.83580395152e-05
-0.000881123615551
2.53362531956e-05
-0.000858919303175
2.22393132325e-05
-0.000839867415445
1.90810962369e-05
-0.000824015682977
1.58744336457e-05
1.26311958474e-05
-0.000806615445676
-0.000800537134562
-0.000797748523291
-0.000798246021246
-0.000802017153373
-0.000809040734878
-0.000819286901247
-0.000832716997833
-0.000849283335965
-0.000868928824993
-0.000891586492108
-0.00091717890409
-0.000945617507406
-0.000976801905286
-0.00101061909257
-0.00104694267131
-0.00108563207218
-0.00112653180875
-0.00116947079359
-0.001214261747
-0.00126070073061
-0.0013085668392
-0.00135762208496
-0.00140761150864
-0.00145826355111
-0.00150929071814
-0.00156039056792
-0.00161124704799
-0.00166153220254
-0.00171090826512
-0.0017590301432
-0.00180554829179
-0.00185011196176
-0.00189237279602
-0.00193198873317
-0.00196862816349
-0.00200197426803
-0.00203172945738
-0.00205761981421
-0.00207939943343
-0.00209685454642
-0.00210980731271
-0.00211811916367
-0.00212169358943
-0.00212047827173
-0.00211446648241
-0.00210369768853
-0.0020882573302
-0.00206827576447
-0.00204392639723
-0.00201542305252
-0.0019830166545
-0.0019469913191
-0.00190765996987
-0.00186535960418
-0.00182044634177
-0.00177329038805
-0.0017242710388
-0.00167377184284
-0.00162217602566
-0.00156986225974
-0.00151720084935
-0.00146455037859
-0.0014122548525
-0.00136064134394
-0.00131001814268
-0.00126067338981
-0.00121287416862
-0.00116686601493
-0.00112287280236
-0.00108109695458
-0.00104171993353
-0.00100490295258
-0.000970787864155
-0.000939498173602
-0.000911140134087
-0.000885803880892
-0.000863564567659
-0.000844483471422
-0.000828609037776
)
;

boundaryField
{
    left
    {
        type            cyclic;
        value           nonuniform List<scalar> 
81
(
0.000815977841947
0.000811400058657
0.000802251857613
0.000788548269837
0.000770312586792
0.000747577241308
0.000720384959839
0.000688790167244
0.000652860619415
0.000612679234511
0.000568346087425
0.00051998052657
0.000467723367332
0.000411739107994
0.00035221811107
0.000289378685459
0.000223468998518
0.000154768744772
8.35904905157e-05
1.02806130464e-05
-6.47802498495e-05
-0.000141177323777
-0.000218462475374
-0.000296155718988
-0.000373747517407
-0.000450701928846
-0.000526460634907
-0.000600447860491
-0.000672076171378
-0.000740753103981
-0.000805888545475
-0.000866902748649
-0.000923234828009
-0.000974351545996
-0.00101975617041
-0.00105899715806
-0.00109167640163
-0.00111745677671
-0.00113606873286
-0.00114731569225
-0.00115107805957
-0.00114731569225
-0.00113606873286
-0.00111745677671
-0.00109167640163
-0.00105899715806
-0.00101975617041
-0.000974351545996
-0.000923234828009
-0.000866902748649
-0.000805888545475
-0.000740753103981
-0.000672076171378
-0.000600447860491
-0.000526460634907
-0.000450701928846
-0.000373747517408
-0.000296155718988
-0.000218462475374
-0.000141177323778
-6.47802498499e-05
1.02806130461e-05
8.35904905154e-05
0.000154768744771
0.000223468998517
0.000289378685458
0.00035221811107
0.000411739107993
0.000467723367332
0.000519980526569
0.000568346087425
0.00061267923451
0.000652860619403
0.000688790167278
0.000720384959822
0.000747577241284
0.000770312586836
0.000788548269812
0.000802251857593
0.000811400058696
0.000815977841927
)
;
    }
    right
    {
        type            cyclic;
        value           nonuniform List<scalar> 
81
(
-0.000815977841947
-0.000811400058657
-0.000802251857613
-0.000788548269837
-0.000770312586792
-0.000747577241308
-0.000720384959839
-0.000688790167244
-0.000652860619415
-0.000612679234511
-0.000568346087425
-0.00051998052657
-0.000467723367332
-0.000411739107994
-0.00035221811107
-0.000289378685459
-0.000223468998518
-0.000154768744772
-8.35904905157e-05
-1.02806130464e-05
6.47802498495e-05
0.000141177323777
0.000218462475374
0.000296155718988
0.000373747517407
0.000450701928846
0.000526460634907
0.000600447860491
0.000672076171378
0.000740753103981
0.000805888545475
0.000866902748649
0.000923234828009
0.000974351545996
0.00101975617041
0.00105899715806
0.00109167640163
0.00111745677671
0.00113606873286
0.00114731569225
0.00115107805957
0.00114731569225
0.00113606873286
0.00111745677671
0.00109167640163
0.00105899715806
0.00101975617041
0.000974351545996
0.000923234828009
0.000866902748649
0.000805888545475
0.000740753103981
0.000672076171378
0.000600447860491
0.000526460634907
0.000450701928846
0.000373747517408
0.000296155718988
0.000218462475374
0.000141177323778
6.47802498499e-05
-1.02806130461e-05
-8.35904905154e-05
-0.000154768744771
-0.000223468998517
-0.000289378685458
-0.00035221811107
-0.000411739107993
-0.000467723367332
-0.000519980526569
-0.000568346087425
-0.00061267923451
-0.000652860619403
-0.000688790167278
-0.000720384959822
-0.000747577241284
-0.000770312586836
-0.000788548269812
-0.000802251857593
-0.000811400058696
-0.000815977841927
)
;
    }
    bottom
    {
        type            cyclic;
        value           nonuniform List<scalar> 
81
(
9.14470931863e-16
8.93778445904e-16
1.38424525035e-16
-1.36209392753e-17
-6.08979901778e-17
-9.14673209957e-17
-1.13798823107e-16
-1.24866541933e-16
-1.24790861715e-16
-1.16093384172e-16
-1.03118718159e-16
-8.50405887124e-17
-6.43095216825e-17
-4.43326734581e-17
-2.54823058836e-17
-7.13054637446e-18
1.02562084771e-17
2.44895759746e-17
3.52637962421e-17
4.50380437754e-17
5.30222114583e-17
5.73024286641e-17
5.91841293629e-17
6.16503693299e-17
6.29771283651e-17
6.15080091563e-17
5.83113208057e-17
5.53921693355e-17
5.3080421942e-17
4.90094054109e-17
4.26626797323e-17
3.68222224448e-17
3.23956205322e-17
2.69709385966e-17
2.02513310872e-17
1.33085205687e-17
7.07885455655e-18
1.67378596658e-18
-5.63086165362e-18
-1.5716400573e-17
-2.73307289447e-17
-3.92028551306e-17
-5.13678506724e-17
-6.55276726457e-17
-8.34174828214e-17
-1.04876684651e-16
-1.27496601362e-16
-1.49778987358e-16
-1.71659738151e-16
-1.95715623327e-16
-2.23435176586e-16
-2.5301016715e-16
-2.83515586405e-16
-3.13176543601e-16
-3.41716395529e-16
-3.68943102304e-16
-3.93687195334e-16
-4.16880605088e-16
-4.39264922105e-16
-4.58294315685e-16
-4.7411839401e-16
-4.86394704543e-16
-4.95464112902e-16
-5.01911505482e-16
-5.04713448665e-16
-5.02813245225e-16
-4.97486270285e-16
-4.87879076208e-16
-4.7210907505e-16
-4.49774798818e-16
-4.212325434e-16
-3.8503535827e-16
-3.38111046668e-16
-2.8091769429e-16
-2.13810252871e-16
-1.38007756174e-16
-5.92215460368e-17
2.34537724808e-17
1.88950466935e-16
9.44148539248e-16
9.44031255343e-16
)
;
    }
    top
    {
        type            cyclic;
        value           nonuniform List<scalar> 
81
(
-9.14470931863e-16
-8.93778445904e-16
-1.38424731597e-16
1.36209392753e-17
6.08984033016e-17
9.14681472433e-17
1.13799236231e-16
1.24868194428e-16
1.24790861715e-16
1.16093384172e-16
1.03118718159e-16
8.50405887124e-17
6.43095216825e-17
4.43293684675e-17
2.54773483977e-17
7.12889387915e-18
-1.02578609724e-17
-2.44945334605e-17
-3.52637962421e-17
-4.50380437754e-17
-5.30189064677e-17
-5.73057336547e-17
-5.91874343535e-17
-6.16503693299e-17
-6.2982085851e-17
-6.1511314147e-17
-5.83113208057e-17
-5.53938218308e-17
-5.30837269326e-17
-4.90094054109e-17
-4.2665984723e-17
-3.6828832426e-17
-3.23956205322e-17
-2.69758960825e-17
-2.02513310872e-17
-1.33085205687e-17
-7.08215954717e-18
-1.67378596658e-18
5.627556663e-18
1.57147480777e-17
2.73274239541e-17
3.92016157591e-17
5.136867692e-17
6.55276726457e-17
8.34176377429e-17
1.04877510898e-16
1.27498253858e-16
1.49778987358e-16
1.71658085655e-16
1.9571810207e-16
2.23435176586e-16
2.5301347214e-16
2.83515586405e-16
3.13179931733e-16
3.41721353015e-16
3.68938144818e-16
3.93687195334e-16
4.16880605088e-16
4.39264922105e-16
4.58299273171e-16
4.7411839401e-16
4.86394704543e-16
4.95469070388e-16
5.01913157977e-16
5.04713448665e-16
5.02818202711e-16
4.97486270285e-16
4.87880728704e-16
4.7210907505e-16
4.49774798818e-16
4.212325434e-16
3.8503535827e-16
3.38111046668e-16
2.8091769429e-16
2.13810252871e-16
1.38005277431e-16
5.92182410462e-17
-2.34537724808e-17
-1.88952161001e-16
-9.44150191743e-16
-9.44030842219e-16
)
;
    }
    frontAndBack
    {
        type            empty;
        value           nonuniform List<scalar> 0();
    }
}


// ************************************************************************* //
