/*--------------------------------*- C++ -*----------------------------------*\
| =========                 |                                                 |
| \\      /  F ield         | OpenFOAM: The Open Source CFD Toolbox           |
|  \\    /   O peration     | Version:  v2106                                 |
|   \\  /    A nd           | Website:  www.openfoam.com                      |
|    \\/     M anipulation  |                                                 |
\*---------------------------------------------------------------------------*/
FoamFile
{
    version     2.0;
    format      ascii;
    arch        "LSB;label=32;scalar=64";
    class       volScalarField;
    location    "20";
    object      p;
}
// * * * * * * * * * * * * * * * * * * * * * * * * * * * * * * * * * * * * * //

dimensions      [0 2 -2 0 0 0 0];

internalField   nonuniform List<scalar> 
6561
(
2.77327778782e-16
-0.00387805677216
-0.00782372440938
-0.011821723231
-0.01585679923
-0.0199136692787
-0.0239769627795
-0.0280311611082
-0.0320605362911
-0.036049090479
-0.0399804979519
-0.0438380515973
-0.0476046160502
-0.0512625899549
-0.0547938800942
-0.0581798904276
-0.061401529343
-0.0644392386581
-0.0672730480529
-0.0698826586559
-0.0722475593908
-0.0743471793827
-0.0761610791717
-0.0776691826601
-0.0788520505767
-0.0796911947774
-0.0801694309067
-0.0802712648447
-0.0799833060305
-0.0792946982629
-0.0781975560859
-0.0766873925248
-0.0747635219515
-0.0724294204443
-0.0696930253716
-0.066566956263
-0.06306864047
-0.059220329729
-0.055048997472
-0.0505861114632
-0.0458672818033
-0.0409317902
-0.0358220122488
-0.030582749853
-0.0252604954377
-0.0199026529217
-0.0145567422585
-0.00926961463935
-0.00408670419155
0.000948660662615
0.00579586679169
0.0104175320731
0.0147799174381
0.0188532304964
0.022611820797
0.0260342710562
0.0291033922252
0.0318061329934
0.0341334161747
0.0360799154366
0.0376437860907
0.0388263632866
0.0396318400553
0.0400669364002
0.0401405691417
0.0398635306188
0.0392481827347
0.038308171279
0.0370581640337
0.0355136148949
0.03369055516
0.0316054122254
0.0292748552237
0.0267156665805
0.023944638078
0.0209784897446
0.01783380974
0.0145270133367
0.0110743191002
0.00749174041824
0.00379509061768
7.56581064689e-05
-0.00382049406508
-0.00778453439087
-0.011801187288
-0.0158552041101
-0.0199313070142
-0.0240141292267
-0.0280881530498
-0.0321376470414
-0.0361466039258
-0.0400986809707
-0.0439771447749
-0.0477648226662
-0.0514440631901
-0.0549967084609
-0.0584040814605
-0.0616469916416
-0.06470576244
-0.067560284463
-0.0701900981752
-0.0725745098036
-0.0746927438866
-0.0765241353513
-0.0780483631785
-0.0792457265707
-0.0800974630505
-0.0805861060938
-0.0806958777543
-0.0804131093385
-0.0797266806247
-0.0786284655356
-0.077113769733
-0.0751817435243
-0.0728357519627
-0.0700836833254
-0.066938177452
-0.0634167568707
-0.0595418463099
-0.0553406700376
-0.0508450213591
-0.0460909042731
-0.0411180533523
-0.0359693439863
-0.0306901106978
-0.0253273959202
-0.0199291550197
-0.0145434452101
-0.0092176262404
-0.00399759936042
0.00107289175039
0.00595287836274
0.0106046874276
0.0149943558841
0.019091933986
0.0228716780091
0.0263121370596
0.0293961422881
0.0321107095454
0.0344468683482
0.0363994309919
0.0379667158531
0.0391502384797
0.0399543831101
0.0403860659487
0.0404543999789
0.0401703694441
0.0395465204721
0.0385966727359
0.0373356555945
0.035779070875
0.033943083363
0.0318442391658
0.0294993113996
0.0269251721065
0.0241386889241
0.0211566447706
0.0179956786646
0.014672245745
0.0112025945594
0.00760275975182
0.00388856836815
0.000226101831246
-0.00370620325409
-0.00770694494209
-0.0117608573086
-0.0158527039183
-0.0199672190173
-0.0240890450351
-0.0282026677197
-0.032292350322
-0.0363420683788
-0.0403354468244
-0.0442557013832
-0.048085586464
-0.0518073520697
-0.0554027125552
-0.0588528303955
-0.0621383184301
-0.065239264325
-0.0681352811893
-0.0708055883662
-0.0732291263567
-0.0753847095539
-0.077251219949
-0.0788078441492
-0.0800343548869
-0.0809114366825
-0.0814210534309
-0.0815468534452
-0.0812746049636
-0.0805926524046
-0.0794923808852
-0.0779686738769
-0.0760203465925
-0.0736505360061
-0.0708670275689
-0.0676824989036
-0.0641146622197
-0.060186289977
-0.0559251123942
-0.0513635806237
-0.0465384954852
-0.0414905081812
-0.0362635059341
-0.030903901467
-0.0254598502311
-0.0199804228583
-0.0145147622156
-0.00911125455665
-0.0038167426568
0.0013241943329
0.00626987391313
0.0109820409088
0.0154262861037
0.0195723486803
0.0233943034739
0.026870638567
0.0299842324215
0.0327222424871
0.0350759190115
0.0370403586564
0.0386142126127
0.0397993633275
0.0406005828704
0.0410251845192
0.0410826774923
0.0407844330014
0.0401433680716
0.039173651933
0.037890438299
0.0363096255395
0.0344476456501
0.0323212820189
0.0299475152778
0.0273433960013
0.0245259426415
0.0215120628474
0.0183184961948
0.014961776311
0.0114582104049
0.00782387428625
0.00407462106456
0.000449592093369
-0.00353684686004
-0.00759252986536
-0.0117022091329
-0.0158506702544
-0.0200226693971
-0.0242028666707
-0.0283757569621
-0.0325255996294
-0.0366363485856
-0.0406915844929
-0.0446744510294
-0.0485675974739
-0.0523531301752
-0.0560125758207
-0.0595268597832
-0.062876303173
-0.066040642541
-0.0689990764257
-0.0717303430696
-0.074212833617
-0.0764247448705
-0.0783442751912
-0.079949866325
-0.0812204927562
-0.0821359986256
-0.0826774802655
-0.0828277100269
-0.0825715943515
-0.0818966560802
-0.0807935279269
-0.0792564410939
-0.0772836903985
-0.0748780552929
-0.0720471550857
-0.068803716759
-0.0651657352426
-0.0611565089626
-0.0568045379075
-0.0521432771952
-0.0472107458572
-0.0420489978073
-0.0367034692106
-0.0312222230927
-0.0256551175005
-0.0200529273831
-0.0144664522965
-0.00894564196996
-0.0035387697691
0.00170831959175
0.00675286668209
0.011555742714
0.0160818741382
0.0203005430011
0.0241855651218
0.0277153529053
0.0308728733962
0.0336455149208
0.0360248773715
0.0380065019129
0.0395895557891
0.0407764871209
0.0415726632877
0.0419860048425
0.0420266250833
0.0417064835059
0.0410390595183
0.0400390510732
0.038722101322
0.0371045550577
0.035203245589
0.0330353117894
0.0306180443646
0.0279687598734
0.0251047006936
0.0220429589075
0.0188004219892
0.015393738163
0.0118392993532
0.00815323974428
0.00435144809612
0.000743535273089
-0.00331490169427
-0.00744363117665
-0.0116274363382
-0.0158511390316
-0.0200995316858
-0.0243573051825
-0.0286089739746
-0.032838799799
-0.0370307154831
-0.0411682505514
-0.0452344605968
-0.0492118626917
-0.0530823794678
-0.0568272948838
-0.0604272251111
-0.063862108374
-0.0671112179644
-0.0701532029629
-0.0729661614113
-0.0755277507292
-0.0778153400045
-0.0798062083384
-0.0814777926495
-0.082807987148
-0.083775495068
-0.0843602311442
-0.0845437707525
-0.0843098386512
-0.0836448269589
-0.0825383285349
-0.0809836685282
-0.0789784137789
-0.0765248373351
-0.0736303139141
-0.0703076220077
-0.0665751297827
-0.0624568451125
-0.0579823149919
-0.0531863660774
-0.0481086857723
-0.0427932515937
-0.0372876248626
-0.03164213233
-0.0259089655249
-0.0201412318681
-0.0143919935693
-0.00871332995498
-0.00315545628294
0.00223407237381
0.0074110494354
0.0123351812597
0.0169705186166
0.0212857527751
0.025254379823
0.0288547419089
0.032069958018
0.0348877596189
0.0373002480773
0.0393035912334
0.0408976761539
0.0420857339831
0.0428739512211
0.0432710798445
0.0432880566142
0.042937639828
0.0422340697715
0.0411927572904
0.0398300032788
0.0381627505029
0.0362083680361
0.033984467693
0.031508751167
0.0287988860999
0.0258724090038
0.022746652779
0.0194386965195
0.0159653353216
0.0123430678999
0.00858809994391
0.004716361307
0.0011045019365
-0.00304363778194
-0.00726333597867
-0.0115394253294
-0.0158567840119
-0.0202002610062
-0.0245545971511
-0.0289043431511
-0.0332337758276
-0.0375268140696
-0.0417669361604
-0.0459371004386
-0.0500196715964
-0.0539963553121
-0.0578481443527
-0.0615552797626
-0.0650972312254
-0.0684527011588
-0.0715996575069
-0.074515400498
-0.0771766687932
-0.0795597903665
-0.0816408830926
-0.0833961092806
-0.0848019872015
-0.0858357609734
-0.086475827928
-0.086702219783
-0.0864971306277
-0.0858454809827
-0.0847355031878
-0.0831593293468
-0.0811135593349
-0.0785997833233
-0.0756250313186
-0.0722021217512
-0.0683498825269
-0.064093221421
-0.0594630282566
-0.0544958988269
-0.04923367951
-0.0437228413358
-0.0380137020573
-0.0321595236681
-0.0262155199687
-0.0202378135704
-0.0142823837182
-0.00840404548009
-0.00265549738642
0.0029135309974
0.00825700718643
0.0133331831184
0.0181050333156
0.0225405430423
0.0266128523016
0.030300266966
0.0335861523838
0.0364587274544
0.0389107784963
0.0409393123912
0.0425451677081
0.0437326010148
0.0445088635875
0.0448837814593
0.0448693493739
0.0444793468702
0.0437289825379
0.042634570513
0.0412132415775
0.0394826898015
0.0374609545217
0.0351662365676
0.0326167470044
0.0298305862246
0.0268256509668
0.0236195667122
0.0202296429153
0.0166728485944
0.0129658059448
0.00912479981053
0.00516580103923
0.00152825297154
-0.00272708910781
-0.00705544449417
-0.0114417210155
-0.0158708804264
-0.0203278558797
-0.0247974648737
-0.0292643187842
-0.0337127301972
-0.0381266194294
-0.0424894218649
-0.0467839980446
-0.0509925488276
-0.0550965383869
-0.0590766283039
-0.0629126265782
-0.0665834559376
-0.0700671464049
-0.0733408576056
-0.0763809367295
-0.0791630183491
-0.0816621723389
-0.0838531058879
-0.0857104249301
-0.0872089591607
-0.0883241530619
-0.0890325229789
-0.0893121772148
-0.089143392383
-0.088509234953
-0.0873962122124
-0.0857949320294
-0.0837007461916
-0.0811143481755
-0.0780422934958
-0.0744974097903
-0.0704990650259
-0.0660732659677
-0.0612525654651
-0.0560757659761
-0.0505874175534
-0.0448371203662
-0.0388786536913
-0.0327689640103
-0.0265670533568
-0.0203328145366
-0.0141258618009
-0.00800440400222
-0.0020242025428
0.00376235077273
0.00930700970212
0.0145662866515
0.0195018956896
0.0240810270081
0.0282764617896
0.0320665422997
0.035435016164
0.0383707762697
0.0408675186948
0.0429233407507
0.0445402998976
0.0457239522478
0.0464828868666
0.0468282693505
0.0467734054142
0.0463333325742
0.0455244456138
0.0443641593926
0.0428706107691
0.0410623999456
0.038958370396
0.0365774256926
0.0339383809468
0.031059846214
0.0279601390158
0.0246572230865
0.021168670513
0.0175116445768
0.0137029007988
0.00975880390942
0.00569535870432
0.00200977406171
-0.00237001527781
-0.00682442837237
-0.0113384822037
-0.0158972578266
-0.0204858088306
-0.0250890649439
-0.0296917317799
-0.0342781878309
-0.0388323800038
-0.0433377192474
-0.0477769781642
-0.0521321929229
-0.0563845722851
-0.0605144171376
-0.064501054561
-0.0683227911451
-0.0719568909605
-0.0753795842742
-0.0785661136867
-0.0814908248327
-0.0841273090025
-0.086448604944
-0.088427466567
-0.0900367021738
-0.091249589077
-0.0920403649342
-0.0923847937569
-0.0922608003371
-0.0916491618437
-0.0905342397385
-0.0889047292561
-0.0867543979032
-0.084082779316
-0.0808957850254
-0.0772061949026
-0.0730339879446
-0.0684064791277
-0.0633582355033
-0.0579307553808
-0.0521719076838
-0.0461351432303
-0.0398785043788
-0.0334634726752
-0.0269537044705
-0.0204137108523
-0.0139075400417
-0.00749751775484
-0.00124309449532
0.00480016069826
0.0105813917144
0.0160550955025
0.0211815657018
0.0259271446976
0.0302642973656
0.0341715260364
0.0376331503439
0.0406389777751
0.0431838911499
0.0452673782546
0.046893026802
0.0480680051336
0.0488025459191
0.0491094468279
0.0490035989382
0.0485015506642
0.0476211123302
0.0463810042415
0.0448005492273
0.0428994091454
0.0406973637146
0.0382141292461
0.0354692143216
0.0324818091812
0.029270705482
0.0258542431249
0.0222502809967
0.018476188689
0.0145488565179
0.0104847214492
0.00629980682577
0.00254331956107
-0.00197785306075
-0.00657537826194
-0.0112344257306
-0.0159402412076
-0.0206780448372
-0.0254329242775
-0.0301897234212
-0.0349329276926
-0.039646547079
-0.0443139983392
-0.048917988199
-0.0534403998161
-0.0578621853584
-0.0621632681921
-0.0663224589284
-0.0703173903779
-0.0741244773221
-0.0777189078666
-0.0810746739398
-0.0841646491866
-0.086960722955
-0.0894339991976
-0.0915550687644
-0.0932943625925
-0.0946225915634
-0.0955112761479
-0.0959333652741
-0.0958639390899
-0.0952809844751
-0.0941662254481
-0.0925059833334
-0.0902920342025
-0.0875224243452
-0.0842021992087
-0.0803439982561
-0.075968468477
-0.0711044535775
-0.0657889245912
-0.0600666306827
-0.0539894654678
-0.0476155627132
-0.041008153861
-0.034234236439
-0.0273631152408
-0.0204648856831
-0.0136089301882
-0.00686249409137
-0.000289398404856
0.00605106581083
0.0121050311181
0.017824719773
0.0231688802724
0.0281030042303
0.0325993427446
0.036636748018
0.040200369947
0.0432812389656
0.0458757660215
0.0479851886072
0.0496149887521
0.0507743052104
0.0514753581173
0.0517329004319
0.0515637067511
0.0509861067066
0.0500195672454
0.0486843256642
0.0470010733291
0.0449906885293
0.0426740158451
0.0400716886985
0.0372039913353
0.0340907563206
0.0307512936344
0.0272043476091
0.0234680781938
0.0195600633444
0.0154973196748
0.0112963388613
0.00697313764085
0.00312246690658
-0.00155665671479
-0.00631393959361
-0.0111347583073
-0.0160045794029
-0.0209088466477
-0.0258328626032
-0.0307616651861
-0.0356798999962
-0.0405716893932
-0.0454204996071
-0.050209007566
-0.0549189696467
-0.0595310951769
-0.0640249282654
-0.0683787423992
-0.0725694532005
-0.0765725557759
-0.0803620941639
-0.0839106714433
-0.0871895100293
-0.090168572445
-0.0928167532804
-0.0951021529926
-0.0969924434523
-0.0984553335147
-0.0994591401896
-0.0999734670033
-0.0999699857846
-0.0994233113282
-0.098311950323
-0.0966192969053
-0.094334637783
-0.0914541208911
-0.0879816340469
-0.0839295352762
-0.0793191756769
-0.0741811600391
-0.0685553006282
-0.062490235654
-0.0560427050227
-0.049276499881
-0.042261126418
-0.0350702457241
-0.0277799677619
-0.0204670865032
-0.0132073439601
-0.00607380385976
0.000864597309622
0.00754427113695
0.0139079380311
0.0199053144064
0.0254935295006
0.03063728873
0.0353088107731
0.0394875723321
0.0431598979723
0.0463184330681
0.0489615362683
0.0510926246477
0.0527195004276
0.0538536833317
0.054509767701
0.0547048187568
0.0544578180711
0.0537891645213
0.0527202338391
0.0512729973039
0.0494696981649
0.0473325829441
0.0448836837929
0.0421446474987
0.0391366064589
0.0358800869192
0.0323949499255
0.0287003607246
0.0248147827146
0.0207559924697
0.0165411127891
0.0121866611598
0.0077086114353
0.00374018269885
-0.00111302602332
-0.00604623554931
-0.0110450950992
-0.0160953598081
-0.0211827660322
-0.0262929004897
-0.0314110636666
-0.0365221280289
-0.0416103917947
-0.0466594293353
-0.0516519397044
-0.0565695953608
-0.0613928938435
-0.0661010159964
-0.0706716953334
-0.0750811042516
-0.0793037640503
-0.083312487046
-0.0870783604373
-0.0905707828964
-0.0937575660129
-0.0966051135632
-0.0990786919226
-0.101142804542
-0.102761682031
-0.103899896738
-0.104523106504
-0.104598926301
-0.104097918615
-0.102994683707
-0.101269019688
-0.098907110234
-0.0959026857345
-0.0922580931385
-0.0879852022285
-0.0831060734216
-0.0776533161967
-0.0716700790927
-0.0652096323192
-0.0583345313541
-0.0511153813574
-0.043629253643
-0.0359578333154
-0.0281853982545
-0.0203967405592
-0.0126751407455
-0.00510049386444
0.00225233195412
0.00931484722063
0.0160259704432
0.0223327259742
0.0281906214245
0.0335637315771
0.0384245268636
0.0427534910141
0.0465385749413
0.0497745330622
0.0524621849282
0.0546076400374
0.0562215177979
0.0573181883742
0.0579150540478
0.0580318850969
0.0576902192306
0.0569128294212
0.0557232615802
0.0541454408918
0.0522033436817
0.0499207303738
0.0473209342693
0.0444267004874
0.0412600693195
0.0378422984183
0.0341938185728
0.0303342182648
0.0262822527149
0.0220558736663
0.0176722766895
0.013147963317
0.00849881579736
0.00438890148641
-0.000654021080158
-0.00577877632569
-0.0109713642059
-0.0162179086373
-0.0215045202007
-0.0268171521397
-0.0321414497972
-0.0374625937359
-0.0427651370031
-0.0480328373234
-0.053248485463
-0.0583937316085
-0.0634489123703
-0.0683928819488
-0.0732028521322
-0.0778542470901
-0.0823205804126
-0.0865733634788
-0.0905820559635
-0.0943140710559
-0.0977348496138
-0.10080801887
-0.103495652223
-0.10575864679
-0.107557234446
-0.108851639664
-0.109602893166
-0.109773803898
-0.109330082766
-0.108241600016
-0.10648374415
-0.10403883469
-0.100897524997
-0.0970601165134
-0.092537694202
-0.0873529872778
-0.0815408622406
-0.0751483686949
-0.0682342836572
-0.060868136151
-0.0531287361422
-0.0451022736386
-0.0368800907029
-0.0285562571625
-0.0202250943487
-0.0119787875422
-0.00390521005811
0.00391394508355
0.0114046618894
0.0185016952625
0.0251492606134
0.0313013422736
0.0369216618035
0.0419833588777
0.0464684431161
0.0503670759142
0.0536767382082
0.0564013343663
0.05855027509
0.0601375742515
0.0611809866409
0.0617012061646
0.0617211374256
0.0612652480059
0.0603590041967
0.0590283893726
0.0572995015774
0.0551982250747
0.0527499694888
0.0499794695798
0.0469106385484
0.0435664679369
0.0399689675894
0.0361391396839
0.0320969814787
0.0278615120912
0.0234508193057
0.0188821230555
0.0141718528402
0.00933573690333
0.00506061809158
-0.000187063084392
-0.00551835403942
-0.0109196964591
-0.0163776761851
-0.021878872889
-0.0274097024553
-0.0329562518669
-0.0385041064801
-0.0440381697821
-0.0495424760496
-0.0549999968029
-0.0603924425833
-0.065700062402
-0.0709014442345
-0.0759733211937
-0.0808903895027
-0.0856251461316
-0.0901477559287
-0.0944259602355
-0.0984250412622
-0.102107858774
-0.105434977748
-0.108364907353
-0.110854472511
-0.112859339094
-0.114334711862
-0.11523622018
-0.115520999572
-0.115148967032
-0.114084274217
-0.112296905378
-0.109764366801
-0.106473392963
-0.10242157377
-0.0976187896046
-0.0920883303156
-0.0858675746706
-0.0790081215518
-0.0715752957442
-0.0636469998201
-0.0553119417381
-0.0466673238826
-0.0378161286707
-0.0288641743505
-0.0199171319863
-0.011077685577
-0.00244298874445
0.00589746783965
0.0138635083501
0.021385416823
0.0284045870934
0.0348737186925
0.0407566196318
0.0460276882538
0.0506711500822
0.0546801233733
0.0580555806101
0.0608052641288
0.0629426037606
0.0644856738718
0.0654562172284
0.0658787541854
0.0657797880819
0.0651871115046
0.0641292132323
0.0626347820797
0.0607323013717
0.0584497262116
0.0558142348839
0.052852045491
0.0495882891094
0.0460469312326
0.0422507339588
0.0382212521772
0.0339788578551
0.0295427873865
0.0249312077857
0.0201612982841
0.0152493445983
0.0102108437773
0.00574699400675
0.000280179258376
-0.00527192298107
-0.0108963003371
-0.0165801069581
-0.0223105000161
-0.0280744682888
-0.0338586522029
-0.039649154793
-0.0454313432211
-0.0511896408184
-0.0569073100857
-0.0625662277455
-0.0681466537995
-0.0736269976503
-0.0789835857343
-0.0841904367887
-0.0892190528871
-0.0940382367174
-0.0986139482146
-0.102909216572
-0.10688412669
-0.110495902133
-0.113699109387
-0.116446010219
-0.118687089801
-0.120371787283
-0.121449451947
-0.121870541101
-0.121588064687
-0.1205592655
-0.11874750267
-0.11612428029
-0.11267133428
-0.108382661338
-0.10326634746
-0.0973460348006
-0.0906618612493
-0.0832707218188
-0.0752457399432
-0.0666749039056
-0.0576589059278
-0.048308297061
-0.0387401371912
-0.0290743745499
-0.0194302128046
-0.00992270424698
-0.000659761187299
0.00826027959253
0.0167504659179
0.024736398161
0.0321567895996
0.0389634868825
0.0451210390585
0.0506059130754
0.0554054537931
0.0595166797206
0.0629449944272
0.0657028800742
0.0678086254104
0.0692851270268
0.0701587904321
0.070458547013
0.0702149943625
0.0694596607668
0.0682243896819
0.066540836592
0.0644400684712
0.0619522549169
0.0591064396591
0.0559303813571
0.0524504532164
0.0486915918289
0.0446772866659
0.040429602746
0.0359692300847
0.0313155545854
0.0264867460191
0.0214998596282
0.016370948703
0.0111151861905
0.00643947796306
0.000739917673628
-0.00504646540838
-0.0109073222976
-0.0168304950638
-0.0228038403547
-0.0288150443384
-0.0348514279643
-0.0408997414888
-0.0469459473726
-0.0529749909507
-0.0589705587322
-0.0649148248434
-0.0707881870082
-0.0765689946237
-0.0822332729838
-0.0877544495559
-0.093103090499
-0.0982466583352
-0.103149304864
-0.107771717021
-0.11207103734
-0.116000884796
-0.119511505853
-0.122550089082
-0.125061279107
-0.126987926227
-0.12827210567
-0.128856434045
-0.128685698779
-0.127708797974
-0.125880962434
-0.123166198623
-0.11953985304
-0.114991157904
-0.109525578727
-0.103166752989
-0.0959577957223
-0.087961759697
-0.0792610840176
-0.0699559601787
-0.0601616659084
-0.0500050181408
-0.0396201836679
-0.0291441692851
-0.0187123489715
-0.00845434487951
0.00150949812575
0.0110708875783
0.020135536631
0.0286243032888
0.0364735842957
0.0436350704269
0.0500749893986
0.0557729677857
0.0607206373026
0.0649200969736
0.0683823247191
0.0711256125671
0.0731740809182
0.0745563102368
0.0753041138504
0.0754514635198
0.0750335700813
0.0740861145499
0.0726446202856
0.0707439538151
0.068417940297
0.0656990790952
0.0626183451911
0.0592050629678
0.0554868400532
0.051489550245
0.0472373559616
0.0427527620749
0.0380566943267
0.0331685967913
0.0281065439871
0.0228873642532
0.0175267719065
0.0120395064752
0.00712944022945
0.00118438596039
-0.00484884367863
-0.010958693466
-0.0171338258995
-0.0233629323321
-0.0296345348425
-0.0359367771932
-0.0422572032328
-0.0485825212205
-0.0548983527983
-0.061188965753
-0.0674369903357
-0.0736231197781
-0.0797257968284
-0.0857208897011
-0.0915813628323
-0.0972769503655
-0.102773843403
-0.108034405793
-0.113016937637
-0.117675510672
-0.121959905202
-0.125815683929
-0.129184443578
-0.132004289843
-0.134210584047
-0.135737009712
-0.136517002309
-0.136485574007
-0.1355815451
-0.133750163242
-0.13094604993
-0.127136362969
-0.122304007815
-0.116450672937
-0.109599412776
-0.101796473089
-0.0931120562727
-0.083639773009
-0.0734946659247
-0.0628098800226
-0.0517321853332
-0.0404166660173
-0.0290210252205
-0.0177000172545
-0.00660043273645
0.00414306867808
0.0144111007368
0.024101608489
0.0331308907118
0.0414337113033
0.0489626629271
0.0556869600719
0.0615908356958
0.0666716996851
0.0709381932073
0.0744082458317
0.0771072156059
0.0790661679997
0.0803203287214
0.0809077282998
0.0808680430324
0.0802416271417
0.0790687242749
0.0773888422897
0.0752402730613
0.0726597383292
0.069682142978
0.0663404182362
0.0626654388344
0.0586859999566
0.0544288416931
0.0499187105617
0.045178449423
0.0402291087313
0.035090073525
0.0297792018546
0.0243129714635
0.0187066325203
0.0129743650266
0.00780831953923
0.001605994007
-0.00468564024993
-0.0110559643756
-0.0174946059718
-0.0239912388886
-0.0305353730611
-0.0371161321294
-0.0437220165369
-0.0503406498586
-0.0569585062907
-0.0635606175833
-0.0701302582495
-0.0766486087088
-0.0830943971772
-0.0894435227064
-0.0956686638692
-0.101738880321
-0.107619217928
-0.113270332459
-0.118648152054
-0.123703604859
-0.128382445274
-0.132625220017
-0.136367423265
-0.139539897807
-0.142069545389
-0.143880412657
-0.144895217251
-0.14503736892
-0.144233519874
-0.142416643418
-0.139529587782
-0.135528985431
-0.130389322363
-0.12410688826
-0.116703245059
-0.108227797449
-0.0987590310508
-0.0884040178734
-0.0772959996866
-0.0655901780124
-0.0534579950392
-0.0410803048074
-0.0286400719302
-0.0163153624693
-0.00427320363368
0.00733534034325
0.0183786849372
0.0287468035214
0.0383519885432
0.0471285081793
0.0550314022152
0.0620346614954
0.0681290184209
0.0733195448725
0.0776232149463
0.0810665504752
0.0836834317192
0.0855131252356
0.0865985561766
0.0869848330872
0.0867180192854
0.0858441354159
0.0844083719137
0.0824544871008
0.0800243657217
0.077157713301
0.0738918632678
0.0702616759466
0.0662995109703
0.0620352572089
0.0574964067814
0.0527081620424
0.0476935665522
0.0424736529164
0.0370676020335
0.0314929097146
0.0257655578449
0.0199001882944
0.0139102786472
0.00846778078214
0.00199749205012
-0.00456298791374
-0.0112041303202
-0.0179166835706
-0.0246914632508
-0.0315191314966
-0.0383899627976
-0.0452935932004
-0.0522187498437
-0.0591529578498
-0.0660822218301
-0.0729906797133
-0.0798602273116
-0.0866701131053
-0.0933965042639
-0.100012027024
-0.106485287394
-0.112780381908
-0.118856412921
-0.124667029046
-0.130160018656
-0.135276993279
-0.139953207828
-0.144117575842
-0.147692949553
-0.150596745502
-0.152742004973
-0.154038981821
-0.154397344944
-0.153729063934
-0.151952008042
-0.148994224623
-0.144798776138
-0.139328913972
-0.132573248609
-0.124550442398
-0.115312858428
-0.104948541615
-0.0935808745575
-0.0813655789232
-0.068485322674
-0.0551423384581
-0.0415495126457
-0.0279208604022
-0.0144626002365
-0.0013656093034
0.0112003736104
0.0230906048821
0.0341872751057
0.0443997780419
0.0536636604343
0.0619386081209
0.0692057983276
0.0754649098159
0.0807310291703
0.0850316316504
0.088403760048
0.090891479338
0.0925436484484
0.0934120224157
0.0935496778362
0.0930097408799
0.0918443889357
0.0901040928851
0.0878370659271
0.0850888858695
0.081902260118
0.0783169056861
0.0743695199888
0.0700938216812
0.0655206441721
0.0606780675457
0.055591577428
0.0502842417886
0.044776898786
0.0390883505738
0.0332355595103
0.0272338444725
0.0210970760383
0.014837870175
0.0090998807592
0.0023521421687
-0.00448639353495
-0.0114074508282
-0.0184030640105
-0.025465359502
-0.0325863268788
-0.0397575750015
-0.0469700693996
-0.0542138469497
-0.0614777038463
-0.0687488529525
-0.076012546902
-0.0832516638516
-0.0904462536757
-0.0975730437727
-0.104604905654
-0.111510286323
-0.118252612337
-0.124789679628
-0.131073048933
-0.137047475299
-0.142650410841
-0.147811632788
-0.152453063866
-0.156488868609
-0.159825926501
-0.162364798873
-0.164001318157
-0.164628930914
-0.164141913737
-0.162439543369
-0.159431225873
-0.15504247627
-0.149221509319
-0.14194603866
-0.133229668519
-0.123127115776
-0.111737380094
-0.0992037335617
-0.0857099140341
-0.0714731195025
-0.0567344124364
-0.0417469145404
-0.0267631125341
-0.0120233598195
0.00225338882717
0.0158763453532
0.0286869768141
0.0405605215267
0.0514054024187
0.0611611063146
0.0697950330898
0.0772987475579
0.083683999537
0.0889787924732
0.0932236922805
0.0964684942621
0.0987693102855
0.100186096979
0.100780615839
0.100614796259
0.0997494608221
0.0982433668346
0.0961525169905
0.0935296938892
0.0904241767313
0.0868816030735
0.0829439434731
0.0786495617771
0.0740333384647
0.069126838685
0.0639585103721
0.0585539010609
0.0529358847795
0.0471248927004
0.0411391431423
0.0349948680888
0.02870653466
0.022287061019
0.0157480270414
0.00969723841115
0.00266389308215
-0.00446055953137
-0.0116692677588
-0.0189557241795
-0.0263135429106
-0.0337362250751
-0.0412169080643
-0.0487480939238
-0.0563213519358
-0.0639269902801
-0.0715536915446
-0.0791881069181
-0.0868144041659
-0.094413765106
-0.101963829396
-0.109438083182
-0.116805193811
-0.12402829561
-0.131064237106
-0.137862807337
-0.144365968576
-0.15050713533
-0.156210555243
-0.161390866716
-0.165952930678
-0.16979205923
-0.172794790366
-0.174840382036
-0.175803215245
-0.175556297545
-0.173976029419
-0.170948308683
-0.166375899432
-0.160186828071
-0.152343355335
-0.142850728799
-0.131764711104
-0.119196697966
-0.105314399842
-0.0903368178323
-0.0745249918465
-0.0581695232448
-0.0415747008762
-0.0250411028613
-0.00885061741924
0.00674483821897
0.0215311059494
0.0353358736666
0.0480292781148
0.0595218972103
0.0697610430746
0.0787260411564
0.0864230406708
0.0928798014876
0.0981407732764
0.102262654447
0.105310523888
0.107354575408
0.108467441586
0.108722064806
0.108190056486
0.106940478349
0.105038978963
0.102547222333
0.0995225510962
0.0960178338758
0.0920814536085
0.0877574007597
0.0830854418856
0.0781013398489
0.0728371070734
0.067321277532
0.0615791867708
0.0556332522373
0.0495032485839
0.0432065745634
0.0367585096806
0.0301724599854
0.0234601933761
0.0166320655566
0.0102532050416
0.00292755340285
-0.00448920827504
-0.011991827506
-0.0195754321663
-0.0272353060628
-0.034966652241
-0.0427643389023
-0.0506226224066
-0.0585348414384
-0.0664930760227
-0.0744877647339
-0.0825072732056
-0.0905374069721
-0.0985608618946
-0.106556606081
-0.114499188496
-0.122357971663
-0.130096289327
-0.137670535117
-0.1450291957
-0.152111852272
-0.15884818833
-0.165157060203
-0.170945710507
-0.176109234027
-0.180530440631
-0.184080299906
-0.186619193678
-0.187999240037
-0.188067979705
-0.186673712174
-0.183672677832
-0.178938083257
-0.172370769926
-0.163911074297
-0.153550852469
-0.141344383074
-0.127416765453
-0.111966033226
-0.095256068642
-0.0776041113725
-0.0593647593959
-0.0409083482918
-0.0225961619128
-0.00476073596683
0.0123075270162
0.0283691304409
0.0432391402812
0.0567860346847
0.0689274023276
0.0796239353124
0.0888725818098
0.0966995035606
0.103153363573
0.108299276823
0.112213573982
0.114979415031
0.116683226984
0.117411900987
0.117250660632
0.116281503486
0.114582118542
0.112225189082
0.10927800033
0.105802282221
0.101854228677
0.0974846451387
0.0927391855355
0.0876586480325
0.0822793059014
0.0766332556424
0.0707487692437
0.0646506412893
0.0583605246772
0.0518972510939
0.0452771342618
0.0385142554171
0.0316207315722
0.0246069679787
0.017481896865
0.0107620292164
0.00313895763212
-0.00457491548196
-0.0123761137132
-0.0202615786973
-0.0282284478609
-0.0362738196235
-0.0443945002132
-0.0525867257395
-0.0608458525989
-0.0691660086786
-0.0775396971917
-0.085957344383
-0.0944067818329
-0.102872653779
-0.111335739923
-0.119772184797
-0.128152626212
-0.136441218072
-0.144594547328
-0.152560451908
-0.16027675691
-0.167669961304
-0.174653928287
-0.181128660286
-0.186979275933
-0.192075352502
-0.196270854075
-0.199404930603
-0.201303940183
-0.201785116164
-0.200662352663
-0.197754507349
-0.192896343355
-0.185952006031
-0.176830699086
-0.165503209108
-0.152017670509
-0.136513649299
-0.119227338085
-0.100480482949
-0.0806629280657
-0.0602130233836
-0.0395879810422
-0.0192265287616
0.000477097911964
0.0191879916691
0.0366402313365
0.0526393933214
0.0670581940895
0.079828557154
0.0909323558749
0.100391755951
0.108259846757
0.11461216588
0.119539428976
0.123141517577
0.125522657895
0.126787678672
0.127039211644
0.126375686244
0.124889972623
0.122668539851
0.119791013482
0.116330034691
0.112351340373
0.107913999213
0.103070752372
0.0978684191511
0.0923483376283
0.0865468181867
0.0804955941107
0.0742222583991
0.0677506797787
0.0611013938499
0.054291967507
0.0473373364474
0.0402501168072
0.0330408928566
0.0257184833598
0.0182901896961
0.0112190102963
0.00329511845664
-0.00471895940406
-0.0128216976696
-0.021012027922
-0.0292891233224
-0.0376521703835
-0.0461001216398
-0.0546314220813
-0.0632437014725
-0.0719334238167
-0.0806954842723
-0.0895227428104
-0.0984054828657
-0.107330782266
-0.116281782983
-0.125236845891
-0.134168577105
-0.143042713998
-0.151816862237
-0.160439081047
-0.168846323488
-0.176962753357
-0.184697982396
-0.191945302589
-0.198580030826
-0.204458140352
-0.20941542948
-0.213267572581
-0.215811504034
-0.216828715575
-0.216091207428
-0.213370829796
-0.208452346856
-0.201150291243
-0.191329647047
-0.17892847306
-0.163980367573
-0.146638633611
-0.127188542845
-0.106027619793
-0.0836398214912
-0.0605745111615
-0.0374061351109
-0.0146733238958
0.00715511760196
0.0276936111722
0.0466505146737
0.0638283865809
0.0791138257061
0.0924638840362
0.103892384835
0.113456673845
0.121245417929
0.127368153463
0.131946806287
0.135109035109
0.136983159493
0.13769443938
0.137362477143
0.13609951987
0.134009460586
0.131187367385
0.127719400334
0.123683003926
0.119147286759
0.114173520401
0.108815706144
0.103121171965
0.0971311727416
0.0908814751556
0.0844029151171
0.0777219203387
0.07086099428
0.0638391602744
0.0566723665131
0.0493738538704
0.0419544894574
0.0344230693882
0.0267865946592
0.0190505243184
0.0116206340221
0.00339435837116
-0.00492119316878
-0.0133266141108
-0.0218229956681
-0.0304117227456
-0.0390942575248
-0.0478719036035
-0.0567455428878
-0.0657153365021
-0.0747803798596
-0.0839383007269
-0.0931847876358
-0.102513034346
-0.111913084325
-0.121371057481
-0.130868239823
-0.140380015628
-0.149874621468
-0.159311702696
-0.168640656659
-0.17779875428
-0.186709044755
-0.1952780695
-0.203393443825
-0.210921410936
-0.217704538677
-0.223559825308
-0.22827761015
-0.231621833357
-0.233332392559
-0.233130701202
-0.230729757614
-0.225849405114
-0.218237075269
-0.207694990389
-0.194110925648
-0.177488979192
-0.157991709078
-0.135969790124
-0.111922142907
-0.0864540908828
-0.0602638271459
-0.0340898086274
-0.00860082499361
0.015646372308
0.0382098099374
0.0587760920995
0.0771568309114
0.0932678151989
0.10710679395
0.118734129021
0.128255167436
0.135804723611
0.141534576971
0.145603987379
0.148172704446
0.149395971596
0.149421139597
0.14838555182
0.14641539452
0.143625252205
0.140118161656
0.135986005673
0.131310125949
0.12616206494
0.120604370864
0.114691419079
0.108470217828
0.101981177437
0.0952588302614
0.0883324946416
0.0812268803341
0.0739626358362
0.0665568400124
0.0590234417039
0.0513736518108
0.0436162927802
0.035758110658
0.02780405495
0.0197575315562
0.011964683293
0.00343641340206
-0.00517994784716
-0.0138872703751
-0.0226889635364
-0.0315887891068
-0.0405906623873
-0.0496984339965
-0.05891564404
-0.0682452392279
-0.0776892421299
-0.0872483600823
-0.0969215192863
-0.10670530733
-0.116593304757
-0.126575283433
-0.136636246445
-0.1467552813
-0.156904195657
-0.167045903258
-0.177132527966
-0.187103197361
-0.196881506523
-0.206372650644
-0.215460255363
-0.224002979074
-0.231831029702
-0.23874284975
-0.244502389523
-0.248837574511
-0.251440845082
-0.251973336084
-0.250074958718
-0.24538159567
-0.237549860815
-0.226292801885
-0.211421773425
-0.192884991479
-0.170840644329
-0.145731905717
-0.118198429231
-0.0889986021296
-0.0590308078851
-0.0292746666294
-0.000569601072294
0.0264304029473
0.0512220546102
0.0734796637742
0.0930453517116
0.109887843155
0.124067531115
0.135710666791
0.144986725118
0.152089193111
0.157221231266
0.160585726814
0.162378545492
0.162784127361
0.161972881629
0.160099931365
0.157304813622
0.153711820452
0.149430749189
0.144557896046
0.139177174773
0.133361277406
0.127172820758
0.120665442269
0.113884823476
0.10686962966
0.0996523614474
0.0922601188966
0.0847152816942
0.077036111009
0.0692372795915
0.0613303372029
0.0533241185802
0.045225101039
0.0370377185651
0.0287646389728
0.0204070104165
0.01225031733
0.00342250180838
-0.00549197369144
-0.0144983967086
-0.0236026370467
-0.0328109824131
-0.042129963078
-0.0515661579286
-0.0611259733143
-0.0708153847921
-0.0806396302585
-0.0906028409249
-0.100707594132
-0.110954369016
-0.121340882511
-0.131861279055
-0.142505142696
-0.153256295127
-0.164091337819
-0.174977891199
-0.185872479402
-0.196718006875
-0.207440775569
-0.217947002564
-0.228118821947
-0.237809793057
-0.246839995859
-0.254990905682
-0.262000439198
-0.267558780197
-0.271305880525
-0.272832652305
-0.271689517433
-0.267404293883
-0.259509984231
-0.247592237017
-0.231348370634
-0.210626135271
-0.185544227346
-0.156689015041
-0.124907950852
-0.0911383181101
-0.0565401778997
-0.0224738138394
0.00999554605044
0.040124473189
0.0673421720257
0.0913291002823
0.111995439752
0.12939897184
0.143692867191
0.155094346602
0.163856758934
0.170246498486
0.174527598219
0.176952420883
0.177756101804
0.17715348072
0.175337874744
0.172481155172
0.168734653617
0.164230543842
0.159083463915
0.153392225887
0.147241513246
0.140703502636
0.133839372325
0.126700678411
0.119330592416
0.111765002049
0.104033481936
0.096160143886
0.0881643776422
0.0800614934751
0.0718632778238
0.0635784726629
0.0552131885931
0.046771260893
0.0382545570039
0.0296632432341
0.0209960178643
0.0124781128641
0.00335535115795
-0.0058524264022
-0.0151530448871
-0.0245549553907
-0.0340670990791
-0.0436987615827
-0.0534594101563
-0.0633585049744
-0.0734052745145
-0.0836084431487
-0.0939758967296
-0.104514269049
-0.115228428427
-0.126120839259
-0.137190767977
-0.148433296425
-0.159838098118
-0.171387924245
-0.183056736717
-0.194807415352
-0.206588956119
-0.218333069812
-0.229950090546
-0.241324116889
-0.252307332732
-0.262713483295
-0.272310561702
-0.280812999787
-0.287873919175
-0.293078072898
-0.295937415503
-0.295894740189
-0.29233922723
-0.284635119119
-0.27218721938
-0.254528513333
-0.231332406647
-0.202588963335
-0.169135066056
-0.132152769393
-0.0927348876972
-0.0523517857665
-0.0130363644998
0.0238446622438
0.057522869226
0.0873402573265
0.113017362248
0.134598793199
0.152285005114
0.166361783071
0.177168926074
0.185067027248
0.190410591007
0.193533341996
0.194741537101
0.194311023768
0.192486493191
0.189482370158
0.1854847757
0.180654028259
0.175127321596
0.169021376852
0.162434959514
0.155451201901
0.148139702315
0.140558392893
0.13275518212
0.124769386236
0.116632968068
0.10837160332
0.100005594321
0.0915506502482
0.0830185513588
0.0744177131669
0.0657536647809
0.0570294540466
0.0482459906739
0.0394023372182
0.030495956691
0.0215229246485
0.0126500618722
0.00323917815987
-0.00625490421402
-0.0158426411759
-0.0255351591477
-0.0353441531508
-0.0452817770308
-0.0553605185557
-0.0655930510461
-0.0759920516943
-0.0865699747593
-0.0973387652546
-0.108309495484
-0.119491902628
-0.130893800342
-0.142520330813
-0.154373015524
-0.166448553046
-0.178737300205
-0.191221358755
-0.203872172766
-0.216647521975
-0.229487775041
-0.242311250978
-0.255008536442
-0.267435611198
-0.279405605208
-0.290679013081
-0.300952489327
-0.309846660025
-0.316892588608
-0.321517247172
-0.323036546805
-0.320666460933
-0.313552084656
-0.300855691971
-0.281881577156
-0.255988094407
-0.222753145514
-0.183533631205
-0.140136316711
-0.0936236623693
-0.0457761669437
-3.60571457061e-06
0.0419967161604
0.0796740776782
0.112196629904
0.13938777605
0.161544602723
0.179084715926
0.192474973725
0.202215675438
0.20880082499
0.212687542796
0.214285626161
0.213956750705
0.212016079571
0.208735006968
0.204344996594
0.19904202301
0.1929910482
0.186330212599
0.17917462576
0.171619732393
0.163744261351
0.155612780173
0.147277887723
0.138782082929
0.130159349044
0.12143649128
0.112634262611
0.103768308775
0.0948499596888
0.0858868908822
0.076883675254
0.0678422425541
0.0587622614616
0.0496414569843
0.0404758740755
0.0312600968849
0.021987431849
0.0127695217255
0.00307961710231
-0.00669154000877
-0.0165570979672
-0.0265309205362
-0.0366275243319
-0.0468620106402
-0.0572499849892
-0.0678074567744
-0.0785507097225
-0.0894961319443
-0.100659991641
-0.112058141048
-0.123705626677
-0.135616178106
-0.147801540064
-0.160270602961
-0.173028274849
-0.18607402276
-0.199399992715
-0.212988593929
-0.226809401446
-0.240815192819
-0.254936897534
-0.269077221302
-0.283102697414
-0.296833819727
-0.310032764951
-0.322388483472
-0.333499132764
-0.342849269366
-0.349779263478
-0.353464260443
-0.352927525293
-0.347061685428
-0.334708971308
-0.31485582024
-0.286404616988
-0.247484912479
-0.200615963521
-0.149078498104
-0.093388019727
-0.0354851558384
0.0181817460429
0.0659196331317
0.108038506463
0.143196079929
0.171469634534
0.193623728698
0.21038046311
0.22243564442
0.230491421129
0.235201572473
0.237136396987
0.236782880936
0.234554703395
0.230800684905
0.225812188753
0.219830718334
0.213055388698
0.205649682545
0.197747277818
0.189456994517
0.18086697241
0.172048182861
0.163057364736
0.153939466524
0.144729669957
0.135455062376
0.12613601617
0.116787324898
0.107419137725
0.098037726852
0.0886461167774
0.0792445992575
0.0698311537581
0.060401789806
0.0509508248876
0.0414711092839
0.0319542074377
0.0223905440171
0.012841115405
0.00288359467913
-0.00715315059407
-0.0172849862322
-0.0275285384432
-0.0379011752927
-0.0484209852484
-0.0591067471369
-0.069977884826
-0.0810543984923
-0.0923567623464
-0.103905776023
-0.115722353326
-0.127827227368
-0.140240545057
-0.152981315807
-0.166066668749
-0.179510858935
-0.193323945676
-0.207510044128
-0.222065021511
-0.236973466457
-0.252204700298
-0.2677075338
-0.283403443479
-0.299177861824
-0.31486915165
-0.330254334713
-0.345030344483
-0.358789531702
-0.370984899624
-0.380882017115
-0.387528125105
-0.389759479747
-0.386120727153
-0.374823213301
-0.354304725825
-0.323892205055
-0.277922841969
-0.220695322725
-0.159173064511
-0.0922498445914
-0.0206818749041
0.0430974194364
0.0972980910092
0.144578784881
0.182014160301
0.210499762075
0.231718548336
0.246773798151
0.256618483226
0.26219662879
0.264343721448
0.26374452354
0.260954925109
0.256429556142
0.25053927178
0.24358402236
0.235804791765
0.227394470024
0.218507013397
0.20926486436
0.199764930842
0.19008342652
0.180279796469
0.170399896361
0.160478561356
0.150541678585
0.140607857882
0.130689778201
0.120795272339
0.110928200311
0.101089151735
0.0912760096546
0.0814844018407
0.0717080605442
0.0619391076477
0.052168278955
0.0423850988118
0.0325780142646
0.0227344964123
0.0128705816208
0.00265915133528
-0.00762944278032
-0.0180137682569
-0.0285131976307
-0.0391479377168
-0.0499390590906
-0.0609085213725
-0.0720791890139
-0.0834748309711
-0.0951200958418
-0.107040451544
-0.119262075292
-0.131811675142
-0.144716218393
-0.158002534023
-0.171696745357
-0.185823474656
-0.200404743038
-0.215458465702
-0.230996409114
-0.247021422996
-0.263523674607
-0.280475509862
-0.297824543622
-0.315484753815
-0.333325306868
-0.351155449682
-0.368701822268
-0.38557592346
-0.401231469987
-0.414909402499
-0.425579066387
-0.431809582615
-0.431360264556
-0.421141037511
-0.398669132018
-0.365655811266
-0.311048937735
-0.241643430083
-0.172001939059
-0.0953338949355
-0.00448988118382
0.0763230803196
0.136906156005
0.191464799724
0.230644563167
0.257875065549
0.276763299681
0.2888421813
0.295322927643
0.297431039004
0.296194666461
0.292397025138
0.28663956669
0.279395801191
0.271039108382
0.261860976216
0.252087287358
0.241892551638
0.231411266468
0.220746628007
0.209977226115
0.199162257478
0.188345615258
0.177559102134
0.166824953343
0.156157817509
0.1455663125
0.135054248254
0.124621588101
0.114265204046
0.103979469081
0.0937567200903
0.0835876175518
0.0734614226127
0.0633662077334
0.0532890137204
0.0432159633362
0.0331323396623
0.0230226358389
0.012864577158
0.00241521192087
-0.00810927305864
-0.0187300871204
-0.0294692883082
-0.040349863086
-0.0513958097509
-0.0626322226767
-0.0740853738105
-0.0857827867713
-0.0977532973708
-0.110027092243
-0.122635714354
-0.135612020189
-0.148990067974
-0.162804908751
-0.177092241546
-0.191887879808
-0.207226958974
-0.223142793268
-0.239665256088
-0.256818493776
-0.274617664507
-0.293064244667
-0.312139472336
-0.331796012262
-0.351948094548
-0.37245737716
-0.393107397835
-0.413566871043
-0.433354109981
-0.451776490299
-0.467747431784
-0.479351794859
-0.483418052914
-0.477386525051
-0.460501618188
-0.43556099746
-0.361326735176
-0.265363020816
-0.192669328698
-0.104939198573
0.0357169490988
0.139477291957
0.186436910964
0.251897475107
0.29146839712
0.315106910706
0.329690326332
0.337065435034
0.33869566726
0.336127272524
0.330563368826
0.322839055021
0.313556082369
0.303170330926
0.292028677978
0.280390846219
0.268448997575
0.256344561774
0.244181094652
0.232033641893
0.219955605167
0.207983883773
0.196142774114
0.184446937571
0.172903659423
0.161514568213
0.150276945176
0.139184721946
0.128229240297
0.117399829255
0.106684241224
0.0960689785681
0.0855395345847
0.0750805670788
0.064676018531
0.0543091936162
0.0439628023765
0.0336189755172
0.0232592568883
0.0128304364329
0.00216131127503
-0.00858095467454
-0.0194201061752
-0.0303807788311
-0.041488630505
-0.0527704801706
-0.0642544531137
-0.0759701309099
-0.0879487038557
-0.100223122411
-0.112828242584
-0.125800957946
-0.139180307785
-0.153007546525
-0.167326153136
-0.182181749948
-0.197621887993
-0.213695642056
-0.230452942441
-0.247943538736
-0.266215411952
-0.285312291231
-0.305269731049
-0.326109316611
-0.347831606421
-0.370409182458
-0.393776664353
-0.417807420803
-0.442279503517
-0.466842885361
-0.49090047036
-0.513289539453
-0.53212249112
-0.54649621977
-0.563128411993
-0.562944440923
-0.613401052599
-0.549285826943
-0.323389056374
-0.223407733122
-0.0929797906892
0.213358147668
0.2700442569
0.259200065205
0.339423775285
0.368986914057
0.38396242887
0.391256952267
0.39160831223
0.386558506821
0.377936786329
0.367028972016
0.354631561156
0.341278110534
0.32735637229
0.313148737458
0.298854353088
0.284609861172
0.270507195143
0.256606661078
0.242945962681
0.229546474057
0.21641772494
0.203560666287
0.190970058705
0.178636216379
0.166546277088
0.15468512476
0.143036057167
0.131581265826
0.120302176592
0.109179686077
0.0981943195146
0.0873263288491
0.0765557448605
0.0658623935242
0.0552258841391
0.0446255747751
0.0340405191391
0.0234493978672
0.0127758959035
0.00190728318815
-0.00903260289401
-0.0200698885911
-0.0312316308588
-0.0425460001474
-0.0540424745031
-0.0657520458204
-0.077707438885
-0.0899433434832
-0.102496659238
-0.115406751875
-0.128715718204
-0.142468655105
-0.156713924781
-0.171503403938
-0.186892697228
-0.202941286131
-0.219712576968
-0.237273804999
-0.255695720898
-0.275051880758
-0.295417149662
-0.316864779378
-0.339461586808
-0.363262514244
-0.388308511928
-0.414627045983
-0.442218477865
-0.471010447532
-0.500772494435
-0.530993208901
-0.561079530575
-0.59121247744
-0.624828050506
-0.683496628019
-0.603360902063
-0.307829821432
-9.88131291682e-323
5.43472210425e-323
-1.97626258336e-323
1.97626258336e-323
-1.97626258336e-322
-0.0780613468076
0.388452684406
0.475268692554
0.468188490773
0.465589891967
0.461125029246
0.451712810036
0.438090155272
0.422078394151
0.404867949019
0.387114530401
0.369214968438
0.351434777939
0.33394938857
0.316865552467
0.30024120243
0.284102032741
0.268453052817
0.253285989968
0.238584032993
0.224324975333
0.210483346647
0.197031859424
0.183942376395
0.171186542649
0.158736185373
0.146563553542
0.134641447389
0.122943271643
0.1114430357
0.100115316539
0.0889351951929
0.0778781741096
0.0669200803269
0.0560369577041
0.0452049502218
0.0344001775155
0.0235986031791
0.01270879346
0.00166292381142
-0.00945250648587
-0.0206658040796
-0.0320062431281
-0.0435042974359
-0.0551918877576
-0.0671026471006
-0.0792722069733
-0.0917385075952
-0.104542135048
-0.11772668815
-0.13133917744
-0.145430457981
-0.160055696487
-0.175274870747
-0.191153294702
-0.207762157873
-0.225179070227
-0.243488609415
-0.262782828743
-0.283161528003
-0.304731826445
-0.327606291783
-0.351898972086
-0.37772152565
-0.405188978574
-0.434439659962
-0.465627604302
-0.498818415891
-0.533873729641
-0.57086969585
-0.611981089248
-0.660781886302
-0.704244733853
-0.644689517107
-1.8774494542e-322
-2.47032822921e-323
1.2351641146e-322
-1.72922976044e-322
-4.94065645841e-324
-1.77863632503e-322
-1.92685601878e-322
2.96439387505e-323
3.53316299403e-247
0.469220807025
0.578053717504
0.558912031113
0.537387922739
0.515577539949
0.491816572004
0.467350557789
0.443059294314
0.419407539665
0.39661296552
0.374767759963
0.353895803187
0.333978625662
0.314972775662
0.296822286452
0.279466410856
0.262843842588
0.246894872714
0.231562458959
0.216792715429
0.202535066595
0.188742196565
0.175369876865
0.162376728702
0.149723955737
0.13737506896
0.125295615592
0.113452917945
0.101815824633
0.0903544744196
0.0790400718213
0.0678446728891
0.0567409792736
0.0457021384514
0.0347015479373
0.0237126612617
0.0126367550131
0.00143764278555
-0.00982951111946
-0.0211949474317
-0.0326899073269
-0.0443469101351
-0.0562000498835
-0.0682853154589
-0.0806409396162
-0.0933077825772
-0.106329756545
-0.119754298066
-0.133632895897
-0.148021682815
-0.162982100583
-0.178581647178
-0.19489471379
-0.212003520539
-0.229999175917
-0.248982904494
-0.269067420577
-0.290378181868
-0.313053969145
-0.33724594907
-0.363114137209
-0.390824944106
-0.420569782951
-0.452611927758
-0.487252041698
-0.524624233578
-0.564875635792
-0.609265567726
-0.659529982089
-0.708078566488
-0.777564627391
3.95252516673e-323
-8.3991159793e-323
-2.02566914795e-322
1.53160350211e-322
4.94065645841e-324
1.38338380836e-322
1.48219693752e-322
1.38338380836e-322
6.42285339594e-323
6.91691904178e-323
-8.42905595178e-289
0.71197981058
0.653998695417
0.621072447393
0.583050179623
0.546530714766
0.51239273283
0.480346174686
0.450424709758
0.422565514007
0.396611260723
0.3723819612
0.349701395515
0.328405082754
0.308343505543
0.289382957629
0.271404816718
0.254304047768
0.237987521389
0.222372423213
0.207384831533
0.192958465599
0.179033591721
0.165556073239
0.152476549333
0.139749726385
0.127333765482
0.115189750592
0.10328122363
0.0915737744233
0.0800346752402
0.0686325510946
0.0573370782536
0.0461187044083
0.0349483847912
0.0237973291585
0.0125668820154
0.00124011694485
-0.0101533987117
-0.0216455517364
-0.0332692576294
-0.0450587784054
-0.0570500625299
-0.069281113586
-0.0817923950111
-0.0946272792053
-0.107832550487
-0.121458972793
-0.13556193484
-0.150202187771
-0.165446693093
-0.181369601098
-0.198053381709
-0.215590138843
-0.234083173138
-0.253648889476
-0.274419022636
-0.296542794765
-0.320188387401
-0.345542834382
-0.372808445092
-0.402202567312
-0.433999890071
-0.468614575562
-0.506450765683
-0.547511181706
-0.592574837802
-0.644799340607
-0.70622825975
-0.782940168734
-7.90505033346e-323
-1.48219693752e-323
1.48219693752e-323
-4.44659081257e-323
9.38724727098e-323
-2.47032822921e-323
-9.38724727098e-323
1.13635098543e-322
-1.48219693752e-323
1.63041663128e-322
-9.88131291682e-324
-4.94065645841e-324
-1.81449688752e-165
0.750978680627
0.72168964298
0.654605252409
0.600306323803
0.555185379901
0.515029945369
0.478814687809
0.44601311788
0.416134710156
0.388754160865
0.363517017737
0.340127718783
0.31833850939
0.29794091926
0.278758801795
0.260642462142
0.243463793729
0.227112349344
0.211492193317
0.196519367037
0.182119832055
0.168227790206
0.15478430458
0.141736161113
0.129034922351
0.116636134395
0.104498655793
0.0925840833785
0.0808562549856
0.0692808128117
0.057824814202
0.0464563789126
0.035144363681
0.0238580562579
0.0125054544309
0.00107796224668
-0.0104152459354
-0.0220073782692
-0.0337326944967
-0.0456268567765
-0.05772730543
-0.070073667741
-0.0827082089644
-0.0956763360577
-0.109027166354
-0.122814175559
-0.137095942268
-0.151937009945
-0.167408891933
-0.18359124985
-0.200573280887
-0.218455367664
-0.237351098628
-0.257389806598
-0.278719571054
-0.301510160989
-0.325955347714
-0.352273691654
-0.380704926888
-0.411516420825
-0.44509196117
-0.48205010454
-0.522746100147
-0.566329003326
-0.614367477853
-0.676823865124
-0.741155809163
-0.735586275788
-1.08694442085e-322
2.02566914795e-322
1.97626258336e-323
-1.97626258336e-323
-1.8774494542e-322
1.77863632503e-322
-1.48219693752e-322
3.45845952089e-323
-6.42285339594e-323
1.97626258336e-322
6.91691904178e-323
3.95252516673e-323
-1.97626258336e-322
1.01839936944
0.791712137503
0.709061008523
0.645922166627
0.592232606751
0.5448977187
0.503027887126
0.465818411765
0.432480733056
0.402355818999
0.374917459339
0.349744528261
0.326496387226
0.304894924234
0.284711214595
0.265755181377
0.247867513217
0.230913405156
0.214777722404
0.199361233923
0.184577646582
0.17035124703
0.156615011373
0.143309077699
0.130379501081
0.117777228999
0.105457249181
0.0933778725305
0.0815001219337
0.06978720388
0.0582040444937
0.0467168750591
0.0352928547818
0.0238997204936
0.0124576635865
0.00095743945833
-0.0106077452483
-0.0222720652049
-0.0340707635048
-0.0460405271248
-0.0582198894108
-0.0706496689011
-0.0833734550473
-0.0964381530506
-0.109894602171
-0.123798284609
-0.138210145704
-0.153197551061
-0.16883541244
-0.185207520916
-0.202408134067
-0.220543890917
-0.239736202291
-0.260124306247
-0.281868891594
-0.305155650881
-0.330198339637
-0.357240423193
-0.386551871865
-0.418449660825
-0.453458984213
-0.492454902545
-0.535564904349
-0.580697359168
-0.631533326733
-0.704792517182
-0.779991583347
-1.48219693752e-323
2.02566914795e-322
7.90505033346e-323
-1.63041663128e-322
-6.91691904178e-323
3.45845952089e-323
1.58101006669e-322
-7.41098468762e-323
-2.47032822921e-323
6.91691904178e-323
-2.47032822921e-323
6.91691904178e-323
1.97626258336e-323
-6.42285339594e-323
-1.34780566569e-164
0.842093876458
0.758696878995
0.683331630788
0.62158940057
0.568240435551
0.521722979511
0.480951212873
0.44486414163
0.412588529154
0.383444739345
0.356902841451
0.332543730244
0.310031612934
0.289094554309
0.269510023514
0.251093928662
0.233692317453
0.217175093406
0.201431212809
0.186364966055
0.171893065157
0.157942340223
0.144447900624
0.131351652944
0.118601094124
0.106148317728
0.0939491858333
0.0819626298313
0.0701500515561
0.0584748021553
0.0469017206309
0.0353967173446
0.0239263902714
0.0124273883577
0.000883208049933
-0.0107254729756
-0.0224334185672
-0.0342764713013
-0.0462919431556
-0.0585190345173
-0.070999291587
-0.0837771136168
-0.0969003232832
-0.110420815907
-0.124395306353
-0.138886196626
-0.153962592775
-0.169701507003
-0.186189288739
-0.203523338847
-0.221814194511
-0.24118816009
-0.261790698877
-0.283790445712
-0.307383118132
-0.332795028785
-0.360285140779
-0.390141941294
-0.422717318879
-0.45864854579
-0.498977461992
-0.543394810956
-0.588498345068
-0.642405382618
-0.728401866507
-0.809868324392
1.33397724377e-322
-1.8774494542e-322
2.47032822921e-323
7.41098468762e-323
-1.67982319586e-322
1.48219693752e-322
3.45845952089e-323
1.28457067919e-322
1.63041663128e-322
1.28457067919e-322
6.42285339594e-323
-4.44659081257e-323
-1.28457067919e-322
-1.67982319586e-322
1.11197357019e-247
0.946986554721
0.802965211965
0.710737903036
0.641920317854
0.583742125058
0.533784445246
0.490544166868
0.452630463655
0.418961088966
0.388728678011
0.361321562651
0.336265243944
0.313184695742
0.291779404741
0.271805616714
0.253063219261
0.23538598764
0.218634300228
0.202689634255
0.187450345848
0.17282839267
0.158746760855
0.145137424536
0.131939711226
0.119098978263
0.106565528868
0.0942937135717
0.0822411753982
0.0703682065869
0.0586371915837
0.0470121161773
0.0354581265084
0.0239411245072
0.0124170262606
0.000858140712535
-0.0107650911614
-0.0224876311657
-0.0343455233037
-0.0463762895945
-0.0586193546707
-0.0711165094711
-0.0839124257705
-0.0970552352137
-0.110597189032
-0.124595417873
-0.139112815533
-0.154219076261
-0.169991922895
-0.186518571452
-0.203897488869
-0.22224053638
-0.241675683615
-0.262350516316
-0.284436378823
-0.308132396765
-0.33366912737
-0.361310688005
-0.391351514357
-0.424155395061
-0.460399682835
-0.501175583839
-0.545948552012
-0.590671480752
-0.646029212097
-0.739608061144
-0.801410824034
1.97626258336e-322
1.38338380836e-322
1.48219693752e-322
1.77863632503e-322
1.38338380836e-322
-1.63041663128e-322
-1.8774494542e-322
1.72922976044e-322
9.88131291682e-324
9.38724727098e-323
1.03753785627e-322
1.58101006669e-322
1.28457067919e-322
-1.53160350211e-322
-5.69841350466e-288
0.977732487641
0.81777522632
0.720349146491
0.649172517312
0.589215728471
0.537979436152
0.493843951168
0.455283184242
0.421127913432
0.390519840802
0.362816122625
0.337521861013
0.314247935475
0.292683735619
0.272578091824
0.253725336523
0.235955012078
0.219124224354
0.203111888805
0.187814333926
0.173141896291
0.159016253731
0.145368315004
0.132136532503
0.11926553851
0.106705030269
0.0944088472591
0.0823341973513
0.0704409983655
0.0586913088279
0.047048827098
0.0354784420512
0.0239458214492
0.0124273883577
0.000883208049928
-0.0107254729756
-0.0224334185673
-0.0342764713013
-0.0462919431556
-0.0585190345174
-0.0709992915871
-0.0837771136168
-0.0969003232832
-0.110420815907
-0.124395306353
-0.138886196626
-0.153962592775
-0.169701507003
-0.186189288739
-0.203523338847
-0.221814194511
-0.24118816009
-0.261790698877
-0.283790445712
-0.307383118132
-0.332795028785
-0.360285140779
-0.390141941294
-0.422717318879
-0.45864854579
-0.498977461992
-0.543394810956
-0.588498345068
-0.642405382618
-0.728401866507
-0.809868324392
4.94065645841e-324
-1.38338380836e-322
-2.02566914795e-322
1.82804288961e-322
-6.42285339594e-323
1.13635098543e-322
8.3991159793e-323
4.44659081257e-323
-7.90505033346e-323
-1.48219693752e-323
1.72922976044e-322
1.58101006669e-322
-1.18575755002e-322
1.67982319586e-322
3.44596403871e-247
0.946986554721
0.802965211965
0.710737903036
0.641920317853
0.583742125058
0.533784445245
0.490544166868
0.452630463655
0.418961088966
0.388728678011
0.361321562651
0.336265243944
0.313184695742
0.291779404741
0.271805616714
0.253063219261
0.23538598764
0.218634300228
0.202689634255
0.187450345848
0.17282839267
0.158746760855
0.145137424536
0.131939711226
0.119098978263
0.106565528868
0.0942937135717
0.0822411753982
0.0703682065869
0.0586371915837
0.0470121161773
0.0354581265084
0.0239411245072
0.0124576635865
0.00095743945832
-0.0106077452483
-0.0222720652049
-0.0340707635048
-0.0460405271249
-0.0582198894109
-0.0706496689011
-0.0833734550473
-0.0964381530507
-0.109894602171
-0.123798284609
-0.138210145704
-0.153197551061
-0.168835412441
-0.185207520916
-0.202408134067
-0.220543890917
-0.239736202291
-0.260124306247
-0.281868891594
-0.305155650881
-0.330198339637
-0.357240423194
-0.386551871865
-0.418449660825
-0.453458984213
-0.492454902545
-0.535564904349
-0.580697359168
-0.631533326733
-0.704792517182
-0.779991583347
1.33397724377e-322
-4.44659081257e-323
-8.89318162514e-323
4.94065645841e-324
8.3991159793e-323
-1.2351641146e-322
-9.88131291682e-323
-1.03753785627e-322
2.47032822921e-323
5.92878775009e-323
1.8774494542e-322
-1.8774494542e-322
5.43472210425e-323
1.28457067919e-322
-1.35749668887e-164
0.842093876457
0.758696878995
0.683331630788
0.621589400569
0.56824043555
0.521722979511
0.480951212873
0.44486414163
0.412588529154
0.383444739345
0.356902841451
0.332543730244
0.310031612934
0.289094554309
0.269510023514
0.251093928662
0.233692317453
0.217175093406
0.201431212809
0.186364966055
0.171893065157
0.157942340223
0.144447900624
0.131351652944
0.118601094124
0.106148317728
0.0939491858333
0.0819626298313
0.0701500515561
0.0584748021553
0.0469017206309
0.0353967173446
0.0239263902714
0.0125054544309
0.00107796224667
-0.0104152459355
-0.0220073782692
-0.0337326944968
-0.0456268567765
-0.0577273054301
-0.070073667741
-0.0827082089645
-0.0956763360577
-0.109027166354
-0.122814175559
-0.137095942268
-0.151937009945
-0.167408891933
-0.18359124985
-0.200573280887
-0.218455367664
-0.237351098628
-0.257389806598
-0.278719571054
-0.301510160989
-0.325955347714
-0.352273691654
-0.380704926888
-0.411516420825
-0.44509196117
-0.48205010454
-0.522746100147
-0.566329003326
-0.614367477853
-0.676823865124
-0.741155809163
-0.735586275788
1.77863632503e-322
-9.38724727098e-323
1.2351641146e-322
-1.48219693752e-323
-1.48219693752e-322
-1.97626258336e-323
-6.42285339594e-323
-1.58101006669e-322
0
2.02566914795e-322
-2.47032822921e-323
-1.77863632503e-322
7.41098468762e-323
1.01839936944
0.791712137503
0.709061008523
0.645922166627
0.592232606751
0.544897718699
0.503027887126
0.465818411765
0.432480733056
0.402355818999
0.374917459339
0.349744528261
0.326496387226
0.304894924234
0.284711214595
0.265755181377
0.247867513217
0.230913405156
0.214777722404
0.199361233923
0.184577646582
0.17035124703
0.156615011373
0.143309077699
0.130379501081
0.117777228999
0.105457249181
0.0933778725305
0.0815001219337
0.0697872038801
0.0582040444938
0.0467168750591
0.0352928547818
0.0238997204936
0.0125668820154
0.00124011694483
-0.0101533987117
-0.0216455517364
-0.0332692576295
-0.0450587784054
-0.05705006253
-0.069281113586
-0.0817923950111
-0.0946272792054
-0.107832550487
-0.121458972793
-0.13556193484
-0.150202187771
-0.165446693093
-0.181369601098
-0.19805338171
-0.215590138843
-0.234083173138
-0.253648889476
-0.274419022636
-0.296542794766
-0.320188387401
-0.345542834382
-0.372808445092
-0.402202567312
-0.433999890071
-0.468614575563
-0.506450765683
-0.547511181706
-0.592574837802
-0.644799340607
-0.70622825975
-0.782940168734
-1.28457067919e-322
-1.77863632503e-322
-1.53160350211e-322
-1.38338380836e-322
-1.33397724377e-322
1.97626258336e-323
1.28457067919e-322
1.97626258336e-322
4.44659081257e-323
1.72922976044e-322
-3.95252516673e-323
-1.48219693752e-323
-1.8909578e-165
0.750978680626
0.721689642979
0.654605252408
0.600306323802
0.555185379901
0.515029945368
0.478814687809
0.44601311788
0.416134710156
0.388754160865
0.363517017737
0.340127718783
0.31833850939
0.29794091926
0.278758801795
0.260642462142
0.243463793729
0.227112349344
0.211492193317
0.196519367037
0.182119832055
0.168227790206
0.15478430458
0.141736161113
0.129034922351
0.116636134395
0.104498655793
0.0925840833785
0.0808562549856
0.0692808128117
0.057824814202
0.0464563789126
0.035144363681
0.0238580562579
0.0126367550131
0.00143764278553
-0.00982951111948
-0.0211949474317
-0.032689907327
-0.0443469101352
-0.0562000498835
-0.068285315459
-0.0806409396163
-0.0933077825773
-0.106329756545
-0.119754298066
-0.133632895898
-0.148021682815
-0.162982100583
-0.178581647179
-0.194894713791
-0.212003520539
-0.229999175918
-0.248982904494
-0.269067420577
-0.290378181868
-0.313053969146
-0.33724594907
-0.36311413721
-0.390824944106
-0.420569782951
-0.452611927758
-0.487252041698
-0.524624233578
-0.564875635792
-0.609265567726
-0.659529982089
-0.708078566488
-0.777564627391
-6.91691904178e-323
5.43472210425e-323
-1.2351641146e-322
-9.38724727098e-323
2.47032822921e-323
1.67982319586e-322
1.97626258336e-323
1.38338380836e-322
-1.82804288961e-322
4.44659081257e-323
1.10991399911e-288
0.711979810579
0.653998695416
0.621072447393
0.583050179623
0.546530714765
0.512392732829
0.480346174685
0.450424709757
0.422565514007
0.396611260723
0.3723819612
0.349701395515
0.328405082754
0.308343505543
0.289382957629
0.271404816718
0.254304047768
0.237987521389
0.222372423213
0.207384831533
0.192958465599
0.179033591721
0.165556073239
0.152476549333
0.139749726385
0.127333765482
0.115189750592
0.10328122363
0.0915737744233
0.0800346752402
0.0686325510946
0.0573370782536
0.0461187044083
0.0349483847912
0.0237973291585
0.01270879346
0.00166292381139
-0.0094525064859
-0.0206658040796
-0.0320062431282
-0.0435042974359
-0.0551918877576
-0.0671026471006
-0.0792722069734
-0.0917385075953
-0.104542135048
-0.117726688151
-0.13133917744
-0.145430457981
-0.160055696487
-0.175274870748
-0.191153294702
-0.207762157873
-0.225179070227
-0.243488609415
-0.262782828743
-0.283161528003
-0.304731826445
-0.327606291783
-0.351898972086
-0.377721525651
-0.405188978574
-0.434439659962
-0.465627604303
-0.498818415891
-0.533873729641
-0.57086969585
-0.611981089248
-0.660781886302
-0.704244733853
-0.644689517108
-1.28457067919e-322
-1.72922976044e-322
5.43472210425e-323
4.94065645841e-324
-8.89318162514e-323
-2.96439387505e-323
1.67982319586e-322
2.02566914795e-322
1.37791066584e-247
0.469220807024
0.578053717503
0.558912031112
0.537387922739
0.515577539949
0.491816572004
0.467350557788
0.443059294313
0.419407539665
0.39661296552
0.374767759963
0.353895803186
0.333978625662
0.314972775662
0.296822286452
0.279466410855
0.262843842588
0.246894872714
0.231562458959
0.21679271543
0.202535066595
0.188742196565
0.175369876865
0.162376728702
0.149723955737
0.13737506896
0.125295615592
0.113452917945
0.101815824633
0.0903544744196
0.0790400718213
0.0678446728891
0.0567409792736
0.0457021384514
0.0347015479373
0.0237126612617
0.0127758959035
0.00190728318812
-0.00903260289405
-0.0200698885912
-0.0312316308589
-0.0425460001474
-0.0540424745032
-0.0657520458205
-0.0777074388851
-0.0899433434834
-0.102496659238
-0.115406751875
-0.128715718204
-0.142468655105
-0.156713924781
-0.171503403939
-0.186892697228
-0.202941286131
-0.219712576968
-0.237273804999
-0.255695720899
-0.275051880758
-0.295417149662
-0.316864779378
-0.339461586808
-0.363262514244
-0.388308511928
-0.414627045983
-0.442218477865
-0.471010447532
-0.500772494435
-0.530993208901
-0.561079530575
-0.59121247744
-0.624828050507
-0.683496628019
-0.603360902063
-0.307829821433
1.38338380836e-322
-1.63041663128e-322
-5.43472210425e-323
1.28457067919e-322
-4.44659081257e-323
-0.0780613468087
0.388452684405
0.475268692553
0.468188490772
0.465589891966
0.461125029246
0.451712810035
0.438090155272
0.42207839415
0.404867949018
0.3871145304
0.369214968437
0.351434777939
0.33394938857
0.316865552467
0.30024120243
0.284102032741
0.268453052817
0.253285989968
0.238584032993
0.224324975333
0.210483346647
0.197031859424
0.183942376395
0.171186542649
0.158736185373
0.146563553542
0.134641447389
0.122943271643
0.1114430357
0.100115316539
0.088935195193
0.0778781741096
0.0669200803269
0.0560369577041
0.0452049502218
0.0344001775155
0.0235986031791
0.0128304364329
0.00216131127501
-0.00858095467458
-0.0194201061752
-0.0303807788312
-0.0414886305051
-0.0527704801706
-0.0642544531138
-0.07597013091
-0.0879487038559
-0.100223122411
-0.112828242584
-0.125800957946
-0.139180307785
-0.153007546526
-0.167326153136
-0.182181749949
-0.197621887993
-0.213695642056
-0.230452942441
-0.247943538736
-0.266215411953
-0.285312291231
-0.305269731049
-0.326109316611
-0.347831606421
-0.370409182458
-0.393776664353
-0.417807420803
-0.442279503517
-0.466842885361
-0.49090047036
-0.513289539453
-0.53212249112
-0.54649621977
-0.563128411993
-0.562944440924
-0.613401052599
-0.549285826943
-0.323389056375
-0.223407733122
-0.09297979069
0.213358147667
0.270044256899
0.259200065204
0.339423775284
0.368986914056
0.383962428869
0.391256952266
0.39160831223
0.386558506821
0.377936786329
0.367028972015
0.354631561155
0.341278110534
0.32735637229
0.313148737458
0.298854353088
0.284609861172
0.270507195143
0.256606661078
0.242945962681
0.229546474057
0.21641772494
0.203560666287
0.190970058705
0.178636216379
0.166546277088
0.15468512476
0.143036057167
0.131581265826
0.120302176592
0.109179686077
0.0981943195147
0.0873263288491
0.0765557448605
0.0658623935242
0.0552258841391
0.0446255747751
0.034040519139
0.0234493978672
0.012864577158
0.00241521192085
-0.00810927305868
-0.0187300871205
-0.0294692883082
-0.0403498630861
-0.051395809751
-0.0626322226768
-0.0740853738106
-0.0857827867715
-0.0977532973709
-0.110027092243
-0.122635714354
-0.135612020189
-0.148990067974
-0.162804908751
-0.177092241546
-0.191887879808
-0.207226958974
-0.223142793268
-0.239665256089
-0.256818493776
-0.274617664507
-0.293064244667
-0.312139472337
-0.331796012262
-0.351948094549
-0.37245737716
-0.393107397835
-0.413566871043
-0.433354109982
-0.451776490299
-0.467747431785
-0.479351794859
-0.483418052914
-0.477386525051
-0.460501618188
-0.43556099746
-0.361326735177
-0.265363020816
-0.192669328699
-0.104939198574
0.0357169490981
0.139477291956
0.186436910963
0.251897475106
0.291468397119
0.315106910705
0.329690326332
0.337065435034
0.338695667259
0.336127272524
0.330563368826
0.322839055021
0.313556082368
0.303170330926
0.292028677978
0.280390846219
0.268448997575
0.256344561773
0.244181094652
0.232033641893
0.219955605167
0.207983883773
0.196142774114
0.184446937571
0.172903659423
0.161514568213
0.150276945176
0.139184721946
0.128229240297
0.117399829255
0.106684241224
0.0960689785681
0.0855395345848
0.0750805670788
0.0646760185311
0.0543091936162
0.0439628023765
0.0336189755172
0.0232592568883
0.0128705816208
0.00265915133526
-0.00762944278036
-0.0180137682569
-0.0285131976307
-0.0391479377169
-0.0499390590907
-0.0609085213726
-0.072079189014
-0.0834748309713
-0.095120095842
-0.107040451544
-0.119262075292
-0.131811675142
-0.144716218393
-0.158002534024
-0.171696745357
-0.185823474657
-0.200404743038
-0.215458465702
-0.230996409114
-0.247021422996
-0.263523674607
-0.280475509863
-0.297824543622
-0.315484753815
-0.333325306868
-0.351155449682
-0.368701822268
-0.385575923461
-0.401231469988
-0.414909402499
-0.425579066387
-0.431809582616
-0.431360264556
-0.421141037511
-0.398669132018
-0.365655811266
-0.311048937735
-0.241643430083
-0.17200193906
-0.0953338949361
-0.00448988118446
0.076323080319
0.136906156004
0.191464799723
0.230644563167
0.257875065548
0.27676329968
0.2888421813
0.295322927642
0.297431039004
0.29619466646
0.292397025137
0.28663956669
0.279395801191
0.271039108382
0.261860976216
0.252087287358
0.241892551638
0.231411266468
0.220746628007
0.209977226115
0.199162257478
0.188345615258
0.177559102134
0.166824953343
0.156157817509
0.1455663125
0.135054248254
0.124621588101
0.114265204046
0.103979469081
0.0937567200904
0.0835876175518
0.0734614226128
0.0633662077335
0.0532890137204
0.0432159633362
0.0331323396623
0.0230226358388
0.012841115405
0.00288359467911
-0.0071531505941
-0.0172849862323
-0.0275285384433
-0.0379011752928
-0.0484209852485
-0.0591067471369
-0.0699778848261
-0.0810543984924
-0.0923567623466
-0.103905776023
-0.115722353326
-0.127827227368
-0.140240545057
-0.152981315807
-0.166066668749
-0.179510858935
-0.193323945676
-0.207510044128
-0.222065021511
-0.236973466457
-0.252204700299
-0.2677075338
-0.283403443479
-0.299177861825
-0.314869151651
-0.330254334714
-0.345030344483
-0.358789531702
-0.370984899624
-0.380882017115
-0.387528125106
-0.389759479748
-0.386120727154
-0.374823213301
-0.354304725826
-0.323892205056
-0.27792284197
-0.220695322725
-0.159173064511
-0.092249844592
-0.0206818749047
0.0430974194357
0.0972980910086
0.144578784881
0.1820141603
0.210499762074
0.231718548335
0.24677379815
0.256618483226
0.26219662879
0.264343721448
0.26374452354
0.260954925109
0.256429556142
0.25053927178
0.24358402236
0.235804791765
0.227394470024
0.218507013397
0.20926486436
0.199764930842
0.19008342652
0.180279796469
0.170399896361
0.160478561356
0.150541678585
0.140607857882
0.130689778201
0.120795272339
0.110928200311
0.101089151735
0.0912760096546
0.0814844018408
0.0717080605442
0.0619391076477
0.0521682789551
0.0423850988118
0.0325780142646
0.0227344964123
0.0127695217255
0.00307961710229
-0.0066915400088
-0.0165570979672
-0.0265309205363
-0.036627524332
-0.0468620106403
-0.0572499849893
-0.0678074567745
-0.0785507097226
-0.0894961319444
-0.100659991641
-0.112058141048
-0.123705626678
-0.135616178106
-0.147801540064
-0.160270602961
-0.17302827485
-0.186074022761
-0.199399992716
-0.212988593929
-0.226809401447
-0.240815192819
-0.254936897535
-0.269077221302
-0.283102697415
-0.296833819727
-0.310032764951
-0.322388483473
-0.333499132764
-0.342849269366
-0.349779263478
-0.353464260443
-0.352927525294
-0.347061685428
-0.334708971308
-0.314855820241
-0.286404616988
-0.247484912479
-0.200615963522
-0.149078498105
-0.0933880197275
-0.035485155839
0.0181817460424
0.0659196331311
0.108038506462
0.143196079929
0.171469634533
0.193623728698
0.210380463109
0.222435644419
0.230491421129
0.235201572472
0.237136396987
0.236782880935
0.234554703395
0.230800684905
0.225812188753
0.219830718334
0.213055388698
0.205649682545
0.197747277818
0.189456994517
0.18086697241
0.172048182862
0.163057364736
0.153939466524
0.144729669957
0.135455062376
0.12613601617
0.116787324898
0.107419137725
0.098037726852
0.0886461167774
0.0792445992575
0.0698311537581
0.060401789806
0.0509508248876
0.0414711092839
0.0319542074377
0.0223905440171
0.0126500618722
0.00323917815985
-0.00625490421405
-0.0158426411759
-0.0255351591477
-0.0353441531509
-0.0452817770309
-0.0553605185558
-0.0655930510462
-0.0759920516944
-0.0865699747594
-0.0973387652547
-0.108309495484
-0.119491902628
-0.130893800342
-0.142520330813
-0.154373015524
-0.166448553046
-0.178737300205
-0.191221358755
-0.203872172766
-0.216647521975
-0.229487775042
-0.242311250979
-0.255008536442
-0.267435611199
-0.279405605208
-0.290679013081
-0.300952489327
-0.309846660025
-0.316892588609
-0.321517247173
-0.323036546805
-0.320666460934
-0.313552084657
-0.300855691971
-0.281881577156
-0.255988094407
-0.222753145514
-0.183533631205
-0.140136316711
-0.0936236623698
-0.0457761669442
-3.60571508153e-06
0.0419967161599
0.0796740776777
0.112196629903
0.139387776049
0.161544602722
0.179084715925
0.192474973724
0.202215675437
0.20880082499
0.212687542796
0.21428562616
0.213956750705
0.212016079571
0.208735006968
0.204344996594
0.19904202301
0.1929910482
0.186330212599
0.17917462576
0.171619732393
0.163744261351
0.155612780173
0.147277887723
0.138782082929
0.130159349044
0.12143649128
0.112634262611
0.103768308775
0.0948499596888
0.0858868908822
0.0768836752541
0.0678422425541
0.0587622614616
0.0496414569843
0.0404758740755
0.0312600968849
0.021987431849
0.0124781128641
0.00335535115793
-0.00585242640223
-0.0151530448872
-0.0245549553908
-0.0340670990791
-0.0436987615827
-0.0534594101564
-0.0633585049745
-0.0734052745147
-0.0836084431488
-0.0939758967298
-0.104514269049
-0.115228428427
-0.126120839259
-0.137190767977
-0.148433296425
-0.159838098119
-0.171387924245
-0.183056736717
-0.194807415352
-0.206588956119
-0.218333069812
-0.229950090546
-0.241324116889
-0.252307332732
-0.262713483295
-0.272310561702
-0.280812999788
-0.287873919176
-0.293078072898
-0.295937415503
-0.29589474019
-0.29233922723
-0.284635119119
-0.27218721938
-0.254528513334
-0.231332406648
-0.202588963336
-0.169135066056
-0.132152769393
-0.0927348876976
-0.052351785767
-0.0130363645003
0.0238446622433
0.0575228692256
0.087340257326
0.113017362247
0.134598793199
0.152285005114
0.166361783071
0.177168926074
0.185067027247
0.190410591007
0.193533341996
0.194741537101
0.194311023768
0.192486493191
0.189482370158
0.1854847757
0.180654028259
0.175127321596
0.169021376852
0.162434959514
0.155451201901
0.148139702315
0.140558392894
0.13275518212
0.124769386236
0.116632968068
0.10837160332
0.100005594321
0.0915506502482
0.0830185513588
0.0744177131669
0.0657536647809
0.0570294540467
0.0482459906739
0.0394023372182
0.030495956691
0.0215229246485
0.0122503173299
0.00342250180836
-0.00549197369148
-0.0144983967086
-0.0236026370467
-0.0328109824132
-0.0421299630781
-0.0515661579287
-0.0611259733144
-0.0708153847922
-0.0806396302586
-0.090602840925
-0.100707594132
-0.110954369016
-0.121340882511
-0.131861279055
-0.142505142697
-0.153256295127
-0.164091337819
-0.174977891199
-0.185872479402
-0.196718006875
-0.207440775569
-0.217947002565
-0.228118821947
-0.237809793058
-0.246839995859
-0.254990905682
-0.262000439199
-0.267558780198
-0.271305880525
-0.272832652305
-0.271689517433
-0.267404293883
-0.259509984231
-0.247592237018
-0.231348370634
-0.210626135272
-0.185544227346
-0.156689015042
-0.124907950853
-0.0911383181105
-0.0565401779002
-0.0224738138398
0.00999554605001
0.0401244731886
0.0673421720253
0.0913291002819
0.111995439751
0.12939897184
0.143692867191
0.155094346601
0.163856758933
0.170246498486
0.174527598218
0.176952420883
0.177756101804
0.17715348072
0.175337874744
0.172481155172
0.168734653617
0.164230543842
0.159083463915
0.153392225887
0.147241513246
0.140703502636
0.133839372325
0.126700678411
0.119330592416
0.111765002049
0.104033481936
0.096160143886
0.0881643776422
0.0800614934751
0.0718632778238
0.0635784726629
0.0552131885931
0.046771260893
0.0382545570039
0.0296632432341
0.0209960178643
0.011964683293
0.00343641340204
-0.00517994784719
-0.0138872703751
-0.0226889635365
-0.0315887891069
-0.0405906623874
-0.0496984339966
-0.0589156440401
-0.068245239228
-0.07768924213
-0.0872483600824
-0.0969215192864
-0.10670530733
-0.116593304757
-0.126575283433
-0.136636246445
-0.1467552813
-0.156904195657
-0.167045903259
-0.177132527966
-0.187103197361
-0.196881506523
-0.206372650644
-0.215460255363
-0.224002979074
-0.231831029703
-0.23874284975
-0.244502389524
-0.248837574511
-0.251440845083
-0.251973336085
-0.250074958718
-0.245381595671
-0.237549860815
-0.226292801885
-0.211421773425
-0.192884991479
-0.170840644329
-0.145731905717
-0.118198429231
-0.08899860213
-0.0590308078855
-0.0292746666298
-0.000569601072677
0.0264304029469
0.0512220546099
0.0734796637739
0.0930453517113
0.109887843155
0.124067531114
0.135710666791
0.144986725118
0.15208919311
0.157221231266
0.160585726814
0.162378545492
0.162784127361
0.161972881629
0.160099931365
0.157304813622
0.153711820452
0.149430749189
0.144557896046
0.139177174773
0.133361277406
0.127172820758
0.120665442269
0.113884823476
0.10686962966
0.0996523614474
0.0922601188966
0.0847152816942
0.077036111009
0.0692372795915
0.0613303372029
0.0533241185802
0.045225101039
0.0370377185651
0.0287646389728
0.0204070104165
0.0116206340221
0.00339435837114
-0.00492119316881
-0.0133266141108
-0.0218229956682
-0.0304117227456
-0.0390942575249
-0.0478719036036
-0.0567455428879
-0.0657153365022
-0.0747803798597
-0.083938300727
-0.093184787636
-0.102513034346
-0.111913084325
-0.121371057481
-0.130868239823
-0.140380015629
-0.149874621469
-0.159311702696
-0.168640656659
-0.177798754281
-0.186709044755
-0.195278069501
-0.203393443826
-0.210921410936
-0.217704538677
-0.223559825309
-0.22827761015
-0.231621833357
-0.233332392559
-0.233130701202
-0.230729757614
-0.225849405115
-0.21823707527
-0.20769499039
-0.194110925648
-0.177488979192
-0.157991709078
-0.135969790124
-0.111922142908
-0.0864540908832
-0.0602638271462
-0.0340898086277
-0.00860082499395
0.0156463723077
0.0382098099371
0.0587760920992
0.0771568309112
0.0932678151987
0.10710679395
0.118734129021
0.128255167436
0.135804723611
0.141534576971
0.145603987379
0.148172704445
0.149395971596
0.149421139597
0.14838555182
0.14641539452
0.143625252205
0.140118161656
0.135986005673
0.131310125949
0.12616206494
0.120604370864
0.114691419079
0.108470217828
0.101981177437
0.0952588302614
0.0883324946416
0.0812268803341
0.0739626358362
0.0665568400123
0.0590234417039
0.0513736518108
0.0436162927802
0.035758110658
0.02780405495
0.0197575315562
0.0112190102963
0.00329511845661
-0.0047189594041
-0.0128216976696
-0.0210120279221
-0.0292891233224
-0.0376521703836
-0.0461001216398
-0.0546314220814
-0.0632437014726
-0.0719334238168
-0.0806954842724
-0.0895227428105
-0.0984054828658
-0.107330782266
-0.116281782983
-0.125236845891
-0.134168577105
-0.143042713998
-0.151816862237
-0.160439081047
-0.168846323488
-0.176962753357
-0.184697982397
-0.191945302589
-0.198580030826
-0.204458140352
-0.20941542948
-0.213267572582
-0.215811504035
-0.216828715575
-0.216091207428
-0.213370829796
-0.208452346857
-0.201150291243
-0.191329647048
-0.178928473061
-0.163980367573
-0.146638633611
-0.127188542845
-0.106027619794
-0.0836398214915
-0.0605745111618
-0.0374061351113
-0.0146733238961
0.00715511760167
0.0276936111719
0.0466505146735
0.0638283865807
0.0791138257059
0.0924638840361
0.103892384835
0.113456673845
0.121245417929
0.127368153463
0.131946806287
0.135109035109
0.136983159493
0.13769443938
0.137362477143
0.13609951987
0.134009460586
0.131187367385
0.127719400334
0.123683003926
0.119147286759
0.114173520401
0.108815706144
0.103121171965
0.0971311727416
0.0908814751556
0.084402915117
0.0777219203387
0.07086099428
0.0638391602744
0.0566723665131
0.0493738538704
0.0419544894574
0.0344230693882
0.0267865946592
0.0190505243183
0.0107620292164
0.00313895763209
-0.004574915482
-0.0123761137132
-0.0202615786973
-0.028228447861
-0.0362738196236
-0.0443945002133
-0.0525867257395
-0.0608458525989
-0.0691660086786
-0.0775396971918
-0.0859573443831
-0.094406781833
-0.102872653779
-0.111335739923
-0.119772184797
-0.128152626212
-0.136441218073
-0.144594547328
-0.152560451909
-0.16027675691
-0.167669961304
-0.174653928288
-0.181128660286
-0.186979275933
-0.192075352502
-0.196270854076
-0.199404930603
-0.201303940183
-0.201785116165
-0.200662352663
-0.19775450735
-0.192896343356
-0.185952006032
-0.176830699087
-0.165503209108
-0.152017670509
-0.136513649299
-0.119227338085
-0.100480482949
-0.080662928066
-0.0602130233839
-0.0395879810424
-0.0192265287618
0.000477097911716
0.0191879916689
0.0366402313363
0.0526393933212
0.0670581940894
0.0798285571538
0.0909323558748
0.100391755951
0.108259846757
0.11461216588
0.119539428976
0.123141517576
0.125522657895
0.126787678672
0.127039211644
0.126375686244
0.124889972623
0.122668539851
0.119791013482
0.116330034691
0.112351340373
0.107913999213
0.103070752372
0.0978684191511
0.0923483376283
0.0865468181866
0.0804955941107
0.0742222583991
0.0677506797787
0.0611013938498
0.0542919675069
0.0473373364474
0.0402501168072
0.0330408928565
0.0257184833598
0.0182901896961
0.0102532050416
0.00292755340281
-0.00448920827508
-0.0119918275061
-0.0195754321663
-0.0272353060628
-0.0349666522411
-0.0427643389023
-0.0506226224066
-0.0585348414385
-0.0664930760227
-0.074487764734
-0.0825072732057
-0.0905374069722
-0.0985608618947
-0.106556606081
-0.114499188497
-0.122357971663
-0.130096289327
-0.137670535117
-0.1450291957
-0.152111852272
-0.158848188331
-0.165157060203
-0.170945710507
-0.176109234027
-0.180530440632
-0.184080299906
-0.186619193678
-0.187999240037
-0.188067979705
-0.186673712174
-0.183672677832
-0.178938083257
-0.172370769927
-0.163911074297
-0.15355085247
-0.141344383074
-0.127416765453
-0.111966033226
-0.0952560686422
-0.0776041113728
-0.0593647593962
-0.040908348292
-0.022596161913
-0.00476073596704
0.012307527016
0.0283691304407
0.043239140281
0.0567860346845
0.0689274023275
0.0796239353123
0.0888725818097
0.0966995035605
0.103153363573
0.108299276823
0.112213573982
0.114979415031
0.116683226984
0.117411900987
0.117250660632
0.116281503486
0.114582118542
0.112225189082
0.10927800033
0.105802282221
0.101854228677
0.0974846451387
0.0927391855354
0.0876586480325
0.0822793059013
0.0766332556424
0.0707487692437
0.0646506412893
0.0583605246772
0.0518972510939
0.0452771342618
0.0385142554171
0.0316207315722
0.0246069679787
0.017481896865
0.0096972384111
0.0026638930821
-0.00446055953143
-0.0116692677588
-0.0189557241795
-0.0263135429107
-0.0337362250751
-0.0412169080644
-0.0487480939238
-0.0563213519359
-0.0639269902802
-0.0715536915447
-0.0791881069181
-0.086814404166
-0.0944137651061
-0.101963829396
-0.109438083182
-0.116805193811
-0.12402829561
-0.131064237106
-0.137862807337
-0.144365968576
-0.150507135331
-0.156210555243
-0.161390866716
-0.165952930678
-0.16979205923
-0.172794790366
-0.174840382036
-0.175803215245
-0.175556297546
-0.173976029419
-0.170948308683
-0.166375899432
-0.160186828071
-0.152343355335
-0.142850728799
-0.131764711104
-0.119196697966
-0.105314399843
-0.0903368178325
-0.0745249918467
-0.058169523245
-0.0415747008764
-0.0250411028615
-0.00885061741942
0.00674483821881
0.0215311059492
0.0353358736665
0.0480292781147
0.0595218972102
0.0697610430746
0.0787260411563
0.0864230406707
0.0928798014876
0.0981407732763
0.102262654447
0.105310523888
0.107354575408
0.108467441586
0.108722064806
0.108190056486
0.106940478349
0.105038978963
0.102547222333
0.0995225510962
0.0960178338758
0.0920814536085
0.0877574007596
0.0830854418855
0.0781013398489
0.0728371070734
0.067321277532
0.0615791867708
0.0556332522372
0.0495032485838
0.0432065745634
0.0367585096806
0.0301724599854
0.023460193376
0.0166320655565
0.00909988075914
0.00235214216864
-0.00448639353501
-0.0114074508283
-0.0184030640106
-0.025465359502
-0.0325863268789
-0.0397575750016
-0.0469700693996
-0.0542138469498
-0.0614777038463
-0.0687488529525
-0.076012546902
-0.0832516638517
-0.0904462536757
-0.0975730437728
-0.104604905654
-0.111510286323
-0.118252612337
-0.124789679628
-0.131073048933
-0.137047475299
-0.142650410841
-0.147811632788
-0.152453063866
-0.156488868609
-0.159825926501
-0.162364798873
-0.164001318157
-0.164628930914
-0.164141913738
-0.16243954337
-0.159431225873
-0.15504247627
-0.14922150932
-0.14194603866
-0.133229668519
-0.123127115776
-0.111737380094
-0.0992037335618
-0.0857099140343
-0.0714731195027
-0.0567344124365
-0.0417469145405
-0.0267631125342
-0.0120233598197
0.00225338882705
0.0158763453531
0.028686976814
0.0405605215266
0.0514054024186
0.0611611063146
0.0697950330898
0.0772987475578
0.083683999537
0.0889787924732
0.0932236922805
0.0964684942621
0.0987693102855
0.100186096979
0.100780615839
0.100614796259
0.0997494608221
0.0982433668346
0.0961525169905
0.0935296938892
0.0904241767313
0.0868816030735
0.082943943473
0.0786495617771
0.0740333384647
0.0691268386849
0.0639585103721
0.0585539010608
0.0529358847795
0.0471248927004
0.0411391431422
0.0349948680887
0.02870653466
0.022287061019
0.0157480270413
0.00846778078207
0.00199749205005
-0.00456298791381
-0.0112041303203
-0.0179166835706
-0.0246914632509
-0.0315191314967
-0.0383899627977
-0.0452935932004
-0.0522187498438
-0.0591529578498
-0.0660822218301
-0.0729906797133
-0.0798602273116
-0.0866701131054
-0.0933965042639
-0.100012027024
-0.106485287394
-0.112780381908
-0.118856412921
-0.124667029046
-0.130160018656
-0.135276993279
-0.139953207828
-0.144117575843
-0.147692949553
-0.150596745502
-0.152742004973
-0.154038981821
-0.154397344944
-0.153729063934
-0.151952008042
-0.148994224623
-0.144798776138
-0.139328913972
-0.132573248609
-0.124550442399
-0.115312858428
-0.104948541615
-0.0935808745577
-0.0813655789233
-0.0684853226741
-0.0551423384583
-0.0415495126458
-0.0279208604023
-0.0144626002366
-0.00136560930349
0.0112003736103
0.023090604882
0.0341872751056
0.0443997780418
0.0536636604343
0.0619386081209
0.0692057983276
0.0754649098158
0.0807310291703
0.0850316316504
0.088403760048
0.090891479338
0.0925436484484
0.0934120224157
0.0935496778361
0.0930097408798
0.0918443889357
0.0901040928851
0.0878370659271
0.0850888858695
0.081902260118
0.0783169056861
0.0743695199887
0.0700938216812
0.065520644172
0.0606780675456
0.0555915774279
0.0502842417886
0.0447768987859
0.0390883505737
0.0332355595103
0.0272338444724
0.0210970760383
0.0148378701749
0.00780831953914
0.00160599400691
-0.00468564025001
-0.0110559643757
-0.0174946059718
-0.0239912388886
-0.0305353730612
-0.0371161321294
-0.043722016537
-0.0503406498586
-0.0569585062908
-0.0635606175834
-0.0701302582495
-0.0766486087088
-0.0830943971772
-0.0894435227064
-0.0956686638693
-0.101738880321
-0.107619217928
-0.113270332459
-0.118648152054
-0.123703604859
-0.128382445274
-0.132625220017
-0.136367423265
-0.139539897807
-0.142069545389
-0.143880412657
-0.144895217251
-0.14503736892
-0.144233519874
-0.142416643419
-0.139529587782
-0.135528985431
-0.130389322363
-0.12410688826
-0.116703245059
-0.108227797449
-0.0987590310509
-0.0884040178735
-0.0772959996867
-0.0655901780125
-0.0534579950393
-0.0410803048075
-0.0286400719303
-0.0163153624694
-0.00427320363375
0.00733534034319
0.0183786849371
0.0287468035213
0.0383519885431
0.0471285081793
0.0550314022152
0.0620346614954
0.0681290184208
0.0733195448725
0.0776232149463
0.0810665504752
0.0836834317192
0.0855131252356
0.0865985561766
0.0869848330871
0.0867180192854
0.0858441354158
0.0844083719137
0.0824544871008
0.0800243657216
0.077157713301
0.0738918632677
0.0702616759465
0.0662995109702
0.0620352572089
0.0574964067813
0.0527081620423
0.0476935665521
0.0424736529163
0.0370676020335
0.0314929097145
0.0257655578448
0.0199001882944
0.0139102786471
0.00712944022934
0.00118438596029
-0.00484884367872
-0.0109586934661
-0.0171338258996
-0.0233629323321
-0.0296345348426
-0.0359367771932
-0.0422572032328
-0.0485825212206
-0.0548983527984
-0.061188965753
-0.0674369903357
-0.0736231197781
-0.0797257968284
-0.0857208897011
-0.0915813628323
-0.0972769503655
-0.102773843403
-0.108034405793
-0.113016937637
-0.117675510672
-0.121959905202
-0.125815683929
-0.129184443578
-0.132004289843
-0.134210584047
-0.135737009712
-0.136517002309
-0.136485574007
-0.1355815451
-0.133750163242
-0.13094604993
-0.127136362969
-0.122304007815
-0.116450672937
-0.109599412777
-0.101796473089
-0.0931120562728
-0.0836397730091
-0.0734946659247
-0.0628098800227
-0.0517321853333
-0.0404166660174
-0.0290210252206
-0.0177000172545
-0.00660043273649
0.00414306867804
0.0144111007368
0.024101608489
0.0331308907118
0.0414337113033
0.0489626629271
0.0556869600719
0.0615908356958
0.0666716996851
0.0709381932073
0.0744082458317
0.0771072156059
0.0790661679997
0.0803203287213
0.0809077282998
0.0808680430324
0.0802416271417
0.0790687242748
0.0773888422897
0.0752402730612
0.0726597383292
0.069682142978
0.0663404182362
0.0626654388343
0.0586859999565
0.054428841693
0.0499187105616
0.045178449423
0.0402291087312
0.0350900735249
0.0297792018545
0.0243129714634
0.0187066325202
0.0129743650265
0.00643947796294
0.000739917673506
-0.00504646540849
-0.0109073222977
-0.0168304950639
-0.0228038403548
-0.0288150443385
-0.0348514279643
-0.0408997414888
-0.0469459473726
-0.0529749909507
-0.0589705587322
-0.0649148248435
-0.0707881870082
-0.0765689946237
-0.0822332729838
-0.0877544495559
-0.0931030904991
-0.0982466583353
-0.103149304864
-0.107771717021
-0.11207103734
-0.116000884796
-0.119511505853
-0.122550089082
-0.125061279107
-0.126987926227
-0.12827210567
-0.128856434045
-0.128685698779
-0.127708797974
-0.125880962434
-0.123166198623
-0.11953985304
-0.114991157904
-0.109525578727
-0.103166752989
-0.0959577957224
-0.0879617596971
-0.0792610840177
-0.0699559601788
-0.0601616659084
-0.0500050181408
-0.039620183668
-0.0291441692851
-0.0187123489716
-0.00845434487954
0.00150949812573
0.0110708875783
0.020135536631
0.0286243032887
0.0364735842957
0.0436350704269
0.0500749893986
0.0557729677857
0.0607206373026
0.0649200969736
0.0683823247191
0.0711256125671
0.0731740809182
0.0745563102368
0.0753041138504
0.0754514635198
0.0750335700813
0.0740861145499
0.0726446202855
0.070743953815
0.0684179402969
0.0656990790951
0.0626183451911
0.0592050629678
0.0554868400531
0.0514895502449
0.0472373559615
0.0427527620748
0.0380566943266
0.0331685967911
0.028106543987
0.0228873642531
0.0175267719064
0.0120395064751
0.00574699400661
0.00028017925823
-0.0052719229812
-0.0108963003372
-0.0165801069582
-0.0223105000162
-0.0280744682889
-0.0338586522029
-0.039649154793
-0.0454313432211
-0.0511896408184
-0.0569073100857
-0.0625662277456
-0.0681466537996
-0.0736269976503
-0.0789835857343
-0.0841904367887
-0.0892190528871
-0.0940382367174
-0.0986139482147
-0.102909216572
-0.10688412669
-0.110495902133
-0.113699109387
-0.116446010219
-0.118687089801
-0.120371787283
-0.121449451948
-0.121870541101
-0.121588064687
-0.1205592655
-0.11874750267
-0.11612428029
-0.11267133428
-0.108382661338
-0.10326634746
-0.0973460348006
-0.0906618612493
-0.0832707218189
-0.0752457399432
-0.0666749039056
-0.0576589059278
-0.0483082970611
-0.0387401371912
-0.02907437455
-0.0194302128046
-0.00992270424699
-0.000659761187301
0.00826027959253
0.0167504659179
0.024736398161
0.0321567895996
0.0389634868825
0.0451210390585
0.0506059130754
0.0554054537931
0.0595166797206
0.0629449944272
0.0657028800742
0.0678086254104
0.0692851270267
0.0701587904321
0.070458547013
0.0702149943625
0.0694596607668
0.0682243896819
0.066540836592
0.0644400684711
0.0619522549169
0.0591064396591
0.055930381357
0.0524504532164
0.0486915918289
0.0446772866658
0.0404296027459
0.0359692300846
0.0313155545853
0.026486746019
0.0214998596281
0.0163709487029
0.0111151861904
0.00506061809141
-0.000187063084566
-0.00551835403957
-0.0109196964592
-0.0163776761852
-0.0218788728891
-0.0274097024554
-0.0329562518669
-0.0385041064802
-0.0440381697821
-0.0495424760496
-0.0549999968029
-0.0603924425833
-0.065700062402
-0.0709014442346
-0.0759733211937
-0.0808903895028
-0.0856251461317
-0.0901477559287
-0.0944259602356
-0.0984250412623
-0.102107858774
-0.105434977748
-0.108364907353
-0.110854472512
-0.112859339094
-0.114334711862
-0.11523622018
-0.115520999572
-0.115148967032
-0.114084274217
-0.112296905378
-0.109764366801
-0.106473392963
-0.10242157377
-0.0976187896046
-0.0920883303157
-0.0858675746706
-0.0790081215518
-0.0715752957442
-0.0636469998201
-0.0553119417381
-0.0466673238826
-0.0378161286707
-0.0288641743505
-0.0199171319863
-0.011077685577
-0.00244298874444
0.00589746783966
0.0138635083501
0.021385416823
0.0284045870935
0.0348737186925
0.0407566196319
0.0460276882538
0.0506711500822
0.0546801233733
0.05805558061
0.0608052641288
0.0629426037606
0.0644856738717
0.0654562172284
0.0658787541854
0.0657797880819
0.0651871115046
0.0641292132323
0.0626347820796
0.0607323013717
0.0584497262116
0.0558142348838
0.052852045491
0.0495882891093
0.0460469312325
0.0422507339587
0.0382212521771
0.033978857855
0.0295427873864
0.0249312077856
0.020161298284
0.0152493445982
0.0102108437772
0.00438890148621
-0.000654021080363
-0.00577877632587
-0.010971364206
-0.0162179086374
-0.0215045202008
-0.0268171521398
-0.0321414497972
-0.037462593736
-0.0427651370031
-0.0480328373234
-0.053248485463
-0.0583937316085
-0.0634489123703
-0.0683928819488
-0.0732028521323
-0.0778542470901
-0.0823205804126
-0.0865733634789
-0.0905820559635
-0.0943140710559
-0.0977348496138
-0.10080801887
-0.103495652223
-0.10575864679
-0.107557234446
-0.108851639664
-0.109602893166
-0.109773803898
-0.109330082766
-0.108241600016
-0.10648374415
-0.10403883469
-0.100897524997
-0.0970601165135
-0.092537694202
-0.0873529872778
-0.0815408622406
-0.0751483686949
-0.0682342836572
-0.060868136151
-0.0531287361422
-0.0451022736386
-0.0368800907029
-0.0285562571625
-0.0202250943487
-0.0119787875421
-0.00390521005809
0.00391394508357
0.0114046618894
0.0185016952625
0.0251492606134
0.0313013422736
0.0369216618035
0.0419833588777
0.0464684431161
0.0503670759142
0.0536767382082
0.0564013343662
0.05855027509
0.0601375742515
0.0611809866409
0.0617012061646
0.0617211374256
0.0612652480059
0.0603590041966
0.0590283893726
0.0572995015774
0.0551982250747
0.0527499694888
0.0499794695798
0.0469106385484
0.0435664679369
0.0399689675893
0.0361391396838
0.0320969814786
0.027861512091
0.0234508193056
0.0188821230554
0.0141718528401
0.0093357369032
0.00374018269863
-0.00111302602356
-0.0060462355495
-0.0110450950994
-0.0160953598082
-0.0211827660322
-0.0262929004898
-0.0314110636666
-0.0365221280289
-0.0416103917947
-0.0466594293353
-0.0516519397044
-0.0565695953608
-0.0613928938435
-0.0661010159964
-0.0706716953334
-0.0750811042517
-0.0793037640503
-0.083312487046
-0.0870783604373
-0.0905707828965
-0.0937575660129
-0.0966051135632
-0.0990786919226
-0.101142804542
-0.102761682031
-0.103899896738
-0.104523106504
-0.104598926301
-0.104097918615
-0.102994683707
-0.101269019688
-0.098907110234
-0.0959026857345
-0.0922580931385
-0.0879852022285
-0.0831060734216
-0.0776533161967
-0.0716700790927
-0.0652096323191
-0.0583345313541
-0.0511153813574
-0.043629253643
-0.0359578333154
-0.0281853982545
-0.0203967405592
-0.0126751407455
-0.00510049386441
0.00225233195415
0.00931484722065
0.0160259704432
0.0223327259742
0.0281906214246
0.0335637315772
0.0384245268636
0.0427534910141
0.0465385749413
0.0497745330622
0.0524621849282
0.0546076400373
0.0562215177979
0.0573181883742
0.0579150540478
0.0580318850968
0.0576902192306
0.0569128294212
0.0557232615802
0.0541454408917
0.0522033436817
0.0499207303737
0.0473209342692
0.0444267004873
0.0412600693194
0.0378422984182
0.0341938185727
0.0303342182647
0.0262822527148
0.0220558736661
0.0176722766894
0.0131479633169
0.00849881579721
0.00312246690632
-0.00155665671507
-0.00631393959383
-0.0111347583074
-0.016004579403
-0.0209088466478
-0.0258328626032
-0.0307616651861
-0.0356798999962
-0.0405716893932
-0.0454204996071
-0.050209007566
-0.0549189696467
-0.0595310951769
-0.0640249282654
-0.0683787423992
-0.0725694532005
-0.0765725557759
-0.0803620941639
-0.0839106714433
-0.0871895100293
-0.090168572445
-0.0928167532804
-0.0951021529927
-0.0969924434523
-0.0984553335147
-0.0994591401896
-0.0999734670033
-0.0999699857846
-0.0994233113282
-0.098311950323
-0.0966192969054
-0.094334637783
-0.0914541208911
-0.0879816340469
-0.0839295352762
-0.0793191756769
-0.0741811600391
-0.0685553006282
-0.062490235654
-0.0560427050227
-0.049276499881
-0.042261126418
-0.035070245724
-0.0277799677619
-0.0204670865032
-0.0132073439601
-0.00607380385972
0.000864597309653
0.00754427113697
0.0139079380311
0.0199053144064
0.0254935295006
0.0306372887301
0.0353088107731
0.0394875723321
0.0431598979723
0.0463184330681
0.0489615362683
0.0510926246477
0.0527195004276
0.0538536833317
0.0545097677009
0.0547048187568
0.0544578180711
0.0537891645213
0.0527202338391
0.0512729973039
0.0494696981649
0.0473325829441
0.0448836837929
0.0421446474986
0.0391366064588
0.0358800869191
0.0323949499254
0.0287003607245
0.0248147827144
0.0207559924696
0.016541112789
0.0121866611597
0.00770861143513
0.00254331956078
-0.00197785306106
-0.00657537826219
-0.0112344257308
-0.0159402412077
-0.0206780448373
-0.0254329242775
-0.0301897234213
-0.0349329276926
-0.039646547079
-0.0443139983392
-0.048917988199
-0.0534403998162
-0.0578621853584
-0.0621632681922
-0.0663224589284
-0.0703173903779
-0.0741244773221
-0.0777189078666
-0.0810746739398
-0.0841646491867
-0.0869607229551
-0.0894339991977
-0.0915550687644
-0.0932943625925
-0.0946225915634
-0.095511276148
-0.0959333652742
-0.09586393909
-0.0952809844752
-0.0941662254481
-0.0925059833334
-0.0902920342025
-0.0875224243453
-0.0842021992087
-0.0803439982561
-0.075968468477
-0.0711044535775
-0.0657889245912
-0.0600666306827
-0.0539894654678
-0.0476155627131
-0.041008153861
-0.034234236439
-0.0273631152408
-0.0204648856831
-0.0136089301882
-0.00686249409132
-0.000289398404811
0.00605106581087
0.0121050311181
0.0178247197731
0.0231688802724
0.0281030042303
0.0325993427446
0.0366367480181
0.040200369947
0.0432812389656
0.0458757660215
0.0479851886072
0.0496149887521
0.0507743052104
0.0514753581173
0.0517329004319
0.0515637067511
0.0509861067066
0.0500195672454
0.0486843256642
0.0470010733291
0.0449906885292
0.0426740158451
0.0400716886984
0.0372039913353
0.0340907563205
0.0307512936343
0.027204347609
0.0234680781936
0.0195600633443
0.0154973196746
0.0112963388612
0.00697313764067
0.00200977406138
-0.00237001527816
-0.00682442837264
-0.0113384822038
-0.0158972578267
-0.0204858088306
-0.0250890649439
-0.0296917317799
-0.0342781878309
-0.0388323800038
-0.0433377192474
-0.0477769781642
-0.0521321929228
-0.056384572285
-0.0605144171375
-0.064501054561
-0.0683227911451
-0.0719568909605
-0.0753795842742
-0.0785661136867
-0.0814908248327
-0.0841273090025
-0.086448604944
-0.088427466567
-0.0900367021738
-0.091249589077
-0.0920403649342
-0.0923847937568
-0.092260800337
-0.0916491618437
-0.0905342397384
-0.088904729256
-0.0867543979032
-0.0840827793159
-0.0808957850253
-0.0772061949026
-0.0730339879445
-0.0684064791276
-0.0633582355032
-0.0579307553808
-0.0521719076838
-0.0461351432302
-0.0398785043787
-0.0334634726751
-0.0269537044705
-0.0204137108522
-0.0139075400416
-0.0074975177548
-0.00124309449528
0.00480016069828
0.0105813917145
0.0160550955025
0.0211815657018
0.0259271446975
0.0302642973656
0.0341715260364
0.0376331503439
0.0406389777751
0.0431838911499
0.0452673782545
0.046893026802
0.0480680051336
0.0488025459191
0.0491094468279
0.0490035989381
0.0485015506642
0.0476211123302
0.0463810042415
0.0448005492273
0.0428994091453
0.0406973637145
0.038214129246
0.0354692143215
0.0324818091811
0.0292707054819
0.0258542431248
0.0222502809965
0.0184761886889
0.0145488565178
0.0104847214491
0.00629980682556
0.00152825297116
-0.0027270891082
-0.00705544449446
-0.0114417210156
-0.0158708804265
-0.0203278558798
-0.0247974648737
-0.0292643187842
-0.0337127301972
-0.0381266194294
-0.0424894218649
-0.0467839980446
-0.0509925488275
-0.0550965383868
-0.0590766283039
-0.0629126265782
-0.0665834559376
-0.0700671464049
-0.0733408576055
-0.0763809367295
-0.079163018349
-0.0816621723389
-0.0838531058878
-0.0857104249301
-0.0872089591607
-0.0883241530618
-0.0890325229789
-0.0893121772147
-0.0891433923829
-0.0885092349529
-0.0873962122123
-0.0857949320294
-0.0837007461915
-0.0811143481754
-0.0780422934957
-0.0744974097902
-0.0704990650258
-0.0660732659676
-0.061252565465
-0.056075765976
-0.0505874175533
-0.0448371203661
-0.0388786536912
-0.0327689640102
-0.0265670533567
-0.0203328145365
-0.0141258618009
-0.00800440400218
-0.00202420254277
0.00376235077275
0.00930700970213
0.0145662866515
0.0195018956896
0.0240810270081
0.0282764617896
0.0320665422996
0.035435016164
0.0383707762696
0.0408675186947
0.0429233407507
0.0445402998975
0.0457239522478
0.0464828868665
0.0468282693504
0.0467734054142
0.0463333325741
0.0455244456137
0.0443641593925
0.042870610769
0.0410623999455
0.0389583703959
0.0365774256925
0.0339383809467
0.0310598462139
0.0279601390157
0.0246572230864
0.0211686705128
0.0175116445766
0.0137029007987
0.00975880390927
0.00569535870407
0.0011045019361
-0.00304363778232
-0.00726333597896
-0.0115394253296
-0.015856784012
-0.0202002610063
-0.0245545971511
-0.0289043431511
-0.0332337758276
-0.0375268140696
-0.0417669361604
-0.0459371004386
-0.0500196715964
-0.0539963553121
-0.0578481443527
-0.0615552797626
-0.0650972312254
-0.0684527011589
-0.0715996575069
-0.0745154004981
-0.0771766687933
-0.0795597903665
-0.0816408830927
-0.0833961092806
-0.0848019872015
-0.0858357609734
-0.086475827928
-0.0867022197831
-0.0864971306277
-0.0858454809827
-0.0847355031878
-0.0831593293468
-0.0811135593349
-0.0785997833232
-0.0756250313186
-0.0722021217511
-0.0683498825269
-0.0640932214209
-0.0594630282565
-0.0544958988268
-0.0492336795099
-0.0437228413357
-0.0380137020573
-0.032159523668
-0.0262155199687
-0.0202378135703
-0.0142823837182
-0.00840404548003
-0.00265549738637
0.00291353099744
0.00825700718647
0.0133331831184
0.0181050333157
0.0225405430423
0.0266128523016
0.030300266966
0.0335861523838
0.0364587274544
0.0389107784963
0.0409393123912
0.042545167708
0.0437326010148
0.0445088635875
0.0448837814593
0.0448693493739
0.0444793468702
0.0437289825379
0.042634570513
0.0412132415774
0.0394826898015
0.0374609545217
0.0351662365676
0.0326167470043
0.0298305862246
0.0268256509667
0.0236195667121
0.0202296429152
0.0166728485942
0.0129658059447
0.00912479981038
0.00516580103896
0.000743535272658
-0.00331490169466
-0.00744363117692
-0.0116274363383
-0.0158511390317
-0.0200995316859
-0.0243573051825
-0.0286089739746
-0.032838799799
-0.037030715483
-0.0411682505513
-0.0452344605968
-0.0492118626917
-0.0530823794678
-0.0568272948839
-0.0604272251111
-0.0638621083741
-0.0671112179644
-0.070153202963
-0.0729661614113
-0.0755277507292
-0.0778153400045
-0.0798062083384
-0.0814777926495
-0.082807987148
-0.083775495068
-0.0843602311442
-0.0845437707525
-0.0843098386512
-0.0836448269589
-0.0825383285348
-0.0809836685282
-0.0789784137789
-0.0765248373351
-0.0736303139141
-0.0703076220076
-0.0665751297826
-0.0624568451124
-0.0579823149918
-0.0531863660773
-0.0481086857722
-0.0427932515936
-0.0372876248625
-0.0316421323299
-0.0259089655248
-0.020141231868
-0.0143919935692
-0.00871332995492
-0.00315545628289
0.00223407237384
0.00741104943543
0.0123351812598
0.0169705186166
0.0212857527751
0.025254379823
0.0288547419089
0.032069958018
0.0348877596189
0.0373002480772
0.0393035912334
0.0408976761539
0.042085733983
0.0428739512211
0.0432710798444
0.0432880566142
0.042937639828
0.0422340697715
0.0411927572903
0.0398300032788
0.0381627505029
0.036208368036
0.0339844676929
0.0315087511669
0.0287988860999
0.0258724090037
0.0227466527789
0.0194386965194
0.0159653353215
0.0123430678998
0.00858809994375
0.00471636130669
0.000449592092906
-0.00353684686042
-0.0075925298656
-0.011702209133
-0.0158506702545
-0.0200226693972
-0.0242028666707
-0.0283757569621
-0.0325255996294
-0.0366363485856
-0.0406915844929
-0.0446744510294
-0.0485675974739
-0.0523531301752
-0.0560125758207
-0.0595268597832
-0.062876303173
-0.066040642541
-0.0689990764257
-0.0717303430696
-0.0742128336171
-0.0764247448705
-0.0783442751912
-0.079949866325
-0.0812204927562
-0.0821359986256
-0.0826774802655
-0.0828277100269
-0.0825715943515
-0.0818966560802
-0.0807935279268
-0.0792564410938
-0.0772836903985
-0.0748780552929
-0.0720471550856
-0.0688037167589
-0.0651657352425
-0.0611565089625
-0.0568045379074
-0.0521432771951
-0.0472107458571
-0.0420489978072
-0.0367034692105
-0.0312222230926
-0.0256551175004
-0.020052927383
-0.0144664522964
-0.00894564196991
-0.00353876976906
0.00170831959178
0.00675286668211
0.011555742714
0.0160818741382
0.0203005430011
0.0241855651218
0.0277153529052
0.0308728733961
0.0336455149208
0.0360248773714
0.0380065019129
0.039589555789
0.0407764871208
0.0415726632876
0.0419860048424
0.0420266250833
0.0417064835058
0.0410390595183
0.0400390510732
0.038722101322
0.0371045550577
0.035203245589
0.0330353117894
0.0306180443646
0.0279687598734
0.0251047006936
0.0220429589075
0.0188004219891
0.0153937381629
0.0118392993531
0.0081532397441
0.00435144809577
0.00022610183081
-0.00370620325447
-0.00770694494228
-0.0117608573087
-0.0158527039184
-0.0199672190173
-0.0240890450352
-0.0282026677198
-0.032292350322
-0.0363420683788
-0.0403354468244
-0.0442557013832
-0.0480855864641
-0.0518073520697
-0.0554027125552
-0.0588528303955
-0.0621383184301
-0.0652392643251
-0.0681352811894
-0.0708055883663
-0.0732291263568
-0.0753847095539
-0.077251219949
-0.0788078441492
-0.080034354887
-0.0809114366825
-0.0814210534309
-0.0815468534452
-0.0812746049636
-0.0805926524046
-0.0794923808852
-0.0779686738769
-0.0760203465925
-0.073650536006
-0.0708670275688
-0.0676824989035
-0.0641146622196
-0.0601862899769
-0.0559251123941
-0.0513635806236
-0.0465384954851
-0.0414905081811
-0.036263505934
-0.0309039014669
-0.025459850231
-0.0199804228582
-0.0145147622155
-0.00911125455659
-0.00381674265675
0.00132419433294
0.00626987391316
0.0109820409088
0.0154262861037
0.0195723486803
0.0233943034739
0.026870638567
0.0299842324215
0.0327222424871
0.0350759190115
0.0370403586564
0.0386142126127
0.0397993633275
0.0406005828704
0.0410251845192
0.0410826774923
0.0407844330014
0.0401433680716
0.039173651933
0.0378904382991
0.0363096255395
0.0344476456502
0.032321282019
0.0299475152778
0.0273433960013
0.0245259426415
0.0215120628474
0.0183184961948
0.014961776311
0.0114582104048
0.00782387428604
0.00407462106422
7.56581061773e-05
-0.00382049406542
-0.00778453439107
-0.0118011872881
-0.0158552041102
-0.0199313070143
-0.0240141292267
-0.0280881530499
-0.0321376470414
-0.0361466039258
-0.0400986809708
-0.0439771447749
-0.0477648226663
-0.0514440631901
-0.0549967084609
-0.0584040814606
-0.0616469916417
-0.06470576244
-0.067560284463
-0.0701900981753
-0.0725745098036
-0.0746927438866
-0.0765241353513
-0.0780483631785
-0.0792457265708
-0.0800974630506
-0.0805861060938
-0.0806958777543
-0.0804131093385
-0.0797266806247
-0.0786284655356
-0.077113769733
-0.0751817435243
-0.0728357519626
-0.0700836833253
-0.066938177452
-0.0634167568706
-0.0595418463099
-0.0553406700375
-0.0508450213591
-0.046090904273
-0.0411180533522
-0.0359693439862
-0.0306901106978
-0.0253273959202
-0.0199291550197
-0.01454344521
-0.00921762624035
-0.00399759936037
0.00107289175042
0.00595287836276
0.0106046874276
0.0149943558841
0.019091933986
0.0228716780091
0.0263121370595
0.029396142288
0.0321107095454
0.0344468683482
0.0363994309919
0.0379667158531
0.0391502384796
0.0399543831101
0.0403860659487
0.0404543999789
0.0401703694441
0.0395465204721
0.0385966727359
0.0373356555945
0.035779070875
0.033943083363
0.0318442391658
0.0294993113996
0.0269251721065
0.0241386889242
0.0211566447707
0.0179956786647
0.014672245745
0.0112025945593
0.00760275975159
0.00388856836791
-2.17863871011e-13
-0.00387805677215
-0.0078237244095
-0.0118217232311
-0.01585679923
-0.0199136692788
-0.0239769627796
-0.0280311611082
-0.0320605362912
-0.036049090479
-0.039980497952
-0.0438380515973
-0.0476046160502
-0.0512625899549
-0.0547938800943
-0.0581798904276
-0.061401529343
-0.0644392386581
-0.067273048053
-0.069882658656
-0.0722475593909
-0.0743471793827
-0.0761610791717
-0.0776691826601
-0.0788520505767
-0.0796911947775
-0.0801694309067
-0.0802712648447
-0.0799833060305
-0.0792946982629
-0.0781975560859
-0.0766873925248
-0.0747635219515
-0.0724294204443
-0.0696930253716
-0.066566956263
-0.06306864047
-0.0592203297289
-0.055048997472
-0.0505861114632
-0.0458672818032
-0.0409317902
-0.0358220122488
-0.030582749853
-0.0252604954377
-0.0199026529217
-0.0145567422584
-0.00926961463932
-0.00408670419154
0.000948660662624
0.00579586679169
0.0104175320731
0.0147799174381
0.0188532304964
0.022611820797
0.0260342710562
0.0291033922252
0.0318061329934
0.0341334161747
0.0360799154365
0.0376437860907
0.0388263632866
0.0396318400553
0.0400669364002
0.0401405691417
0.0398635306188
0.0392481827347
0.038308171279
0.0370581640337
0.0355136148949
0.03369055516
0.0316054122254
0.0292748552237
0.0267156665805
0.023944638078
0.0209784897447
0.01783380974
0.0145270133367
0.0110743191001
0.0074917404183
0.00379509061749
)
;

boundaryField
{
    left
    {
        type            cyclic;
    }
    right
    {
        type            cyclic;
    }
    bottom
    {
        type            cyclic;
    }
    top
    {
        type            cyclic;
    }
    frontAndBack
    {
        type            empty;
    }
}


// ************************************************************************* //
