/*--------------------------------*- C++ -*----------------------------------*\
| =========                 |                                                 |
| \\      /  F ield         | OpenFOAM: The Open Source CFD Toolbox           |
|  \\    /   O peration     | Version:  v2106                                 |
|   \\  /    A nd           | Website:  www.openfoam.com                      |
|    \\/     M anipulation  |                                                 |
\*---------------------------------------------------------------------------*/
FoamFile
{
    version     2.0;
    format      ascii;
    arch        "LSB;label=32;scalar=64";
    class       volScalarField;
    location    "20";
    object      T;
}
// * * * * * * * * * * * * * * * * * * * * * * * * * * * * * * * * * * * * * //

dimensions      [0 0 0 1 0 0 0];

internalField   nonuniform List<scalar> 
6561
(
0.107894038387
0.118989458579
0.130842775465
0.143453397756
0.156814337374
0.170911591123
0.185723544846
0.20122039448
0.217363577604
0.234105208946
0.251387513925
0.269142255825
0.287290154608
0.305740298633
0.324389554704
0.343121986864
0.361808300127
0.380305332127
0.398455623445
0.416087106721
0.433012965935
0.449031731399
0.463927693985
0.477471745264
0.48942277993
0.499529834261
0.507535180057
0.513178646155
0.5162034949
0.51636422826
0.513436717588
0.507231007818
0.497606987569
0.484492768201
0.467904994747
0.447969361903
0.424938365633
0.399202023146
0.371286472956
0.341835803942
0.311574855351
0.281255153865
0.251591820509
0.223204403613
0.196574598128
0.172028227796
0.149740615562
0.129758858397
0.112032451373
0.0964447267858
0.0828402350374
0.0710459520437
0.0608861887164
0.052192143537
0.0448073955389
0.0385905789603
0.0334162470925
0.0291746632951
0.025771019569
0.0231243995361
0.0211666723153
0.0198414168422
0.0191029213438
0.018915270005
0.0192515108173
0.0200928897785
0.0214281334096
0.0232527616179
0.0255684147923
0.0283821817714
0.0317059184288
0.0355555497747
0.0399503514814
0.044912209504
0.0504648589069
0.0566331050909
0.0634420322716
0.0709162052826
0.0790788715212
0.0879511700941
0.0975513549728
0.102664105658
0.11309615892
0.124214065934
0.13601170224
0.14847630468
0.161587894588
0.175318733036
0.189632805171
0.20448533028
0.219822294466
0.235580003912
0.251684658622
0.268051949436
0.284586684779
0.301182458187
0.31772137301
0.33407384668
0.350098523801
0.365642334856
0.38054074586
0.394618254078
0.407689196216
0.419558948743
0.430025615626
0.438882316584
0.445920208718
0.450932394192
0.453718883017
0.454092786261
0.451887900208
0.446967789151
0.439236360183
0.428649718276
0.415228764929
0.399071542771
0.380363753567
0.359385282864
0.336510151247
0.312197384573
0.286971180777
0.261390612504
0.236011728735
0.211347619111
0.187833647211
0.165804214137
0.145484192155
0.126994104082
0.110365237713
0.0955598136028
0.0824918451633
0.0710457282039
0.0610911180157
0.0524938298783
0.04512319894
0.0388566299541
0.0335820981762
0.0291992594334
0.0256196786007
0.0227665405558
0.0205740872263
0.0189869334865
0.0179593505863
0.01745456304
0.0174440777972
0.0179070483477
0.0188296675514
0.0202045788442
0.0220302942966
0.0243106086032
0.0270539997068
0.0302730089255
0.0339835958379
0.0382044656065
0.042956368739
0.0482613754096
0.0541421283295
0.0606210796806
0.06771971878
0.0754577978777
0.0838525637692
0.0929180027359
0.097014884892
0.10676109847
0.117123150463
0.128090046417
0.13964402365
0.151760027106
0.164405228215
0.177538586497
0.191110453439
0.205062218758
0.21932600048
0.233824382408
0.248470205544
0.263166423796
0.277806038691
0.29227213293
0.306438027993
0.320167596904
0.333315769314
0.345729272364
0.357247657315
0.367704668572
0.37693001846
0.384751637622
0.390998476502
0.395503936712
0.398110009971
0.398672192721
0.397065221042
0.39318962485
0.38697902251
0.378407955315
0.367499885986
0.354334753595
0.339055202926
0.321870331497
0.30305560468
0.28294760202
0.261932617241
0.240428940017
0.218863868877
0.197647907931
0.177149748513
0.157675985838
0.139458655555
0.122651816853
0.107336325516
0.0935304707254
0.0812036186208
0.0702903002534
0.0607029456185
0.0523423205131
0.0451054190075
0.0388910102745
0.0336032541113
0.029153851892
0.0254631590689
0.0224606049255
0.0200846779624
0.0182826576975
0.0170102117897
0.0162309315598
0.0159158468778
0.0160429400141
0.0165966645735
0.017567467711
0.0189513096969
0.0207491732796
0.0229665552854
0.0256129338987
0.0287012066626
0.032247096151
0.0362685223092
0.0407849424903
0.0458166621306
0.0513841207372
0.057507159313
0.0642042764727
0.0714918812627
0.0793835510389
0.0878893026708
0.0910546464242
0.100104353043
0.109702935646
0.119835259458
0.130479400024
0.141606180271
0.153178762199
0.165152295386
0.177473624469
0.19008105847
0.202904206172
0.215863883876
0.228872104643
0.241832161521
0.254638821112
0.267178647991
0.279330484701
0.290966116199
0.30195115138
0.312146157584
0.321408086479
0.329592031218
0.336553354893
0.342150228607
0.34624661296
0.348715708284
0.349443884483
0.348335078137
0.345315609163
0.340339317499
0.333392847896
0.324500815221
0.313730464675
0.301195309642
0.287057104741
0.271525429374
0.254854169766
0.237334355925
0.219283182502
0.201029623301
0.182897762789
0.165189645061
0.148169845836
0.132053881943
0.117001898441
0.103118000103
0.0904545037897
0.079019646836
0.0687870405941
0.0597053437435
0.0517070649404
0.0447158953018
0.0386523841935
0.0334380507951
0.0289981716869
0.0252635332157
0.0221714244382
0.0196661032597
0.0176989160516
0.0162282014251
0.0152190672649
0.0146430979402
0.0144780251291
0.0147073794177
0.0153201291369
0.0163103063214
0.0176766160408
0.0194220237589
0.0215533151775
0.0240806237332
0.0270169222176
0.0303774766312
0.034179262202
0.0384403433597
0.0431792212482
0.0484141540183
0.0541624565633
0.0604397875014
0.0672594320176
0.0746315896024
0.0825626757518
0.0848896958012
0.0932429958328
0.102082082545
0.111388443548
0.12113685476
0.131294984252
0.141823062217
0.152673621353
0.163791312007
0.175112797078
0.186566732871
0.198073843901
0.209547101955
0.220892022439
0.23200709389
0.242784359471
0.253110171779
0.262866144378
0.271930324567
0.28017861196
0.287486446001
0.293730782408
0.298792373241
0.302558357513
0.304925158219
0.305801666695
0.305112675136
0.302802491661
0.298838638146
0.293215488044
0.28595764944
0.27712283943
0.266803934849
0.255129831526
0.242264716317
0.228405375723
0.213776258086
0.198622194695
0.183198973989
0.167762326849
0.15255625408
0.13780190805
0.123688317826
0.110366044466
0.0979443803467
0.0864920879977
0.0760411002908
0.0665922371345
0.0581218940296
0.0505887848558
0.0439400793094
0.0381165635866
0.0330566996167
0.0286996307897
0.0249872791962
0.0218657165216
0.0192859884018
0.0172045484435
0.0155834263715
0.0143902229276
0.0135979962852
0.0131850823412
0.013134874342
0.0134355751901
0.0140799275783
0.0150649219014
0.0163914789521
0.0180641030877
0.0200905013915
0.0224811649935
0.0252489098886
0.0284083761045
0.0319754857739
0.0359668624341
0.040399215614
0.0452886963942
0.0506502310551
0.0564968411057
0.062838958858
0.0696837482383
0.0770344406769
0.0786214948463
0.0862880086165
0.0943817015727
0.102881448614
0.111759578496
0.120981546937
0.130505686487
0.140283039184
0.15025727797
0.160364723331
0.170534462458
0.180688579574
0.190742507651
0.200605513563
0.210181330367
0.219368951862
0.228063605287
0.236157917891
0.243543291714
0.250111498016
0.255756498121
0.260376490759
0.263876177132
0.266169223627
0.267180888265
0.266850760303
0.265135542831
0.262011785561
0.25747844957
0.251559158198
0.244303960374
0.23579040748
0.226123727732
0.215435880577
0.203883297732
0.19164317785
0.178908307384
0.165880533038
0.152763201237
0.139753080292
0.127032447841
0.114762107098
0.103076045659
0.0920782541772
0.0818419094076
0.0724107732944
0.0638023611533
0.0560122585985
0.0490189394492
0.04278852885
0.0372791150742
0.03244438653
0.0282365191051
0.0246083449964
0.0215148959242
0.0189144391313
0.0167691251933
0.0150453530043
0.0137139374457
0.0127501444473
0.0121336393118
0.0118483785691
0.0118824635162
0.0122279647138
0.0128807205639
0.0138401091427
0.0151087902233
0.0166924134673
0.0185992887569
0.0208400153201
0.023427067455
0.0263743361279
0.0296966273789
0.033409120199
0.0375267882602
0.0420637915101
0.0470328450985
0.0524445743281
0.0583068652786
0.0646242213735
0.0713971364414
0.0723442803181
0.0793417680327
0.0867127111512
0.0944341121298
0.102476666452
0.110804504449
0.119375019152
0.128138787448
0.137039591627
0.146014548536
0.154994353984
0.163903650717
0.172661529048
0.181182169995
0.189375641167
0.197148855527
0.204406702185
0.211053356193
0.21699377081
0.222135350485
0.226389795851
0.22967510326
0.23191769072
0.233054609902
0.233035790168
0.231826245856
0.229408162845
0.225782765324
0.220971849854
0.215018862505
0.20798938813
0.19997092138
0.191071800248
0.181419208837
0.171156200651
0.160437759767
0.149426004659
0.138284742935
0.127173692584
0.11624277711
0.105626954112
0.0954420264597
0.0857817994444
0.0767167914391
0.0682945070582
0.060541084638
0.053463979506
0.0470552705187
0.0412951838094
0.0361554965098
0.0316025851004
0.0275999893116
0.024110452813
0.0210974665957
0.0185263790836
0.0163651530832
0.0145848502036
0.0131599146208
0.012068314974
0.0112915891503
0.010814823715
0.010626588733
0.0107188400187
0.0110867943497
0.011728778628
0.0126460510552
0.0138425907679
0.0153248517925
0.0171014773585
0.0191829713843
0.0215813251303
0.0243095984908
0.027381457042
0.0308106676928
0.0346105575063
0.0387934419074
0.0433700299872
0.0483488158973
0.0537354663617
0.0595322150563
0.0657372750082
0.0661432276097
0.0724961503341
0.0791738976217
0.086152293184
0.0934011516375
0.100884085821
0.108558407622
0.116375130409
0.124279080723
0.132209126632
0.140098530028
0.147875430132
0.155463465347
0.16278254029
0.169749743989
0.176280423727
0.182289416432
0.187692435811
0.1924076082
0.196357143446
0.199469118906
0.201679345068
0.202933270644
0.203187873628
0.202413473497
0.20059538907
0.197735357516
0.193852623627
0.188984605911
0.183187048568
0.176533577396
0.169114594548
0.161035473039
0.152414048027
0.1433774481
0.134058364687
0.124590917768
0.115106334652
0.105728706704
0.0965711153168
0.0877324124664
0.0792948960104
0.0713230359957
0.0638632960237
0.0569449726453
0.050581869778
0.044774555046
0.0395129213507
0.03477879762
0.0305484050839
0.0267945227565
0.0234882924694
0.020600649153
0.0181034011934
0.0159700084785
0.0141761149325
0.0126998918487
0.011522241935
0.0106269047653
0.0100004944275
0.00963249088973
0.00951519866176
0.00964367996192
0.010015664806
0.0106314370724
0.0114936934705
0.012607371233
0.0139794400705
0.0156186542995
0.0175352619138
0.0197406686115
0.0222470562777
0.0250669570839
0.0282127861012
0.0316963370575
0.0355282475444
0.0397174415122
0.044270558232
0.0491913780118
0.0544802557717
0.0601335740911
0.0600931714041
0.0658312585071
0.0718506700539
0.0781266814677
0.0846289007745
0.091321135994
0.0981613614966
0.10510179184
0.112089070868
0.119064583166
0.12596489429
0.132722325441
0.139265667289
0.145521036314
0.151412875102
0.156865095274
0.161802357999
0.166151482075
0.169842963368
0.172812581983
0.175003064978
0.176365763208
0.176862291354
0.176466071089
0.175163709485
0.172956139122
0.169859443813
0.165905295601
0.161140935392
0.155628642201
0.14944465479
0.142677534662
0.135425990365
0.127796218773
0.119898857423
0.111845680014
0.103746200943
0.0957043791192
0.0878156212069
0.0801642750453
0.0728217727349
0.0658455302339
0.059278641497
0.0531503295164
0.0474770463707
0.0422640615967
0.0375073512427
0.0331956010805
0.0293121624574
0.0258368395781
0.0227474327384
0.0200210047157
0.0176348716741
0.0155673433683
0.0137982504437
0.0123093011365
0.0110843081343
0.0101093211338
0.00937269364771
0.00886510524546
0.00857955353238
0.00851132423901
0.00865794301898
0.00901910894619
0.00959660718918
0.010394196795
0.0114174687919
0.0126736697825
0.0141714867129
0.0159207894511
0.0179323290876
0.020217391382
0.0227874064539
0.0256535175537
0.028826113504
0.0323143310924
0.0361255352688
0.0402647863879
0.0447343049134
0.0495329448968
0.0546556881516
0.0542578641808
0.0594147418715
0.0648144669386
0.0704323222848
0.0762382948797
0.082196996161
0.0882676847431
0.0944044000323
0.100556214302
0.106667609674
0.11267898521
0.118527297926
0.124146839752
0.129470150299
0.134429062368
0.138955873517
0.142984632316
0.146452522282
0.149301319817
0.151478894908
0.152940715302
0.153651306673
0.153585613731
0.152730200987
0.151084227935
0.1486601327
0.145483961551
0.141595289884
0.137046693779
0.131902750055
0.126238566462
0.120137871251
0.113690721187
0.106990916968
0.100133242156
0.0932106631962
0.0863116407099
0.0795177032906
0.0729014225846
0.0665249020068
0.060438852411
0.0546822799696
0.0492827600378
0.0442572227422
0.0396131383204
0.0353499681127
0.0314607428516
0.0279336422711
0.0247534747941
0.0219029872608
0.0193639664702
0.0171181221429
0.0151477621111
0.0134362843181
0.0119685171435
0.0107309410609
0.00971182232077
0.00890128475658
0.00829134018913
0.00787589212356
0.00765072208447
0.00761346332794
0.00776356295484
0.00810223064939
0.00863237033743
0.00935848991804
0.0102865837681
0.011423982852
0.0127791678842
0.0143615419941
0.0161811606509
0.018248418127
0.0205736914503
0.0231669445413
0.0260372969854
0.0291925635979
0.0326387725322
0.0363796711125
0.0404162297961
0.044746155637
0.0493634273081
0.0486897285396
0.0533016518148
0.0581227438645
0.0631287695505
0.0682905864082
0.0735741099396
0.0789403824778
0.0843457540452
0.0897421822884
0.0950776570634
0.100296753525
0.105341315563
0.11015126901
0.114665561136
0.118823219339
0.122564517612
0.125832234198
0.128572977831
0.130738553308
0.132287329978
0.133185569595
0.13340866339
0.132942222883
0.131782965758
0.129939337903
0.127431816301
0.124292845537
0.120566373536
0.116306969875
0.111578531851
0.106452608462
0.101006398736
0.0953205062637
0.0894765537975
0.0835547777661
0.0776317301666
0.0717782127955
0.0660575553673
0.0605243251741
0.0552235234083
0.0501902852295
0.0454500612743
0.0410192222714
0.0369060000729
0.0331116610741
0.0296318031744
0.0264576745848
0.0235774294648
0.020977257859
0.0186423516911
0.0165576911566
0.0147086543347
0.0130814660498
0.0116635099039
0.0104435306404
0.00941175366733
0.00855994580449
0.00788143715166
0.00737111922475
0.00702542976177
0.00684233024771
0.00682127846859
0.00696319538971
0.00727042338405
0.00774667129167
0.00839694091428
0.00922742926752
0.0102454011511
0.0114590272687
0.0128771841592
0.0145092135115
0.0163646399516
0.0184528480513
0.0207827210419
0.0233622454629
0.0261980876848
0.0292951498499
0.032656114227
0.0362809862398
0.0401666474451
0.0443064304848
0.0434300412221
0.0475347588515
0.0518194526809
0.0562607603683
0.0608308071731
0.0654972075342
0.0702231695413
0.0749677103605
0.0796859890772
0.0843297615793
0.0888479599628
0.0931873964507
0.0972935888844
0.101111701381
0.10458758967
0.107668935872
0.110306452081
0.112455126103
0.114075476338
0.115134776431
0.11560820432
0.115479865492
0.114743637207
0.113403780046
0.111475266119
0.108983780293
0.10596536222
0.102465672771
0.0985388882306
0.0942462481506
0.0896543066238
0.0848329596842
0.0798533413207
0.0747856947401
0.0696973319688
0.0646507921658
0.059702296675
0.0549005775061
0.0502861274588
0.0458908874124
0.0417383529554
0.0378440522916
0.0342163236056
0.0308573051935
0.0277640467285
0.0249296546177
0.0223443967503
0.0199967094105
0.0178740687281
0.0159637080423
0.0142531789013
0.012730765911
0.0113857739207
0.0102087103758
0.00919138675165
0.00832696164191
0.00760994514428
0.00703618037481
0.00660281380745
0.00630826209069
0.0061521793011
0.0061354254221
0.0062600342712
0.00652917716635
0.00694711731385
0.00751914918005
0.00825151692311
0.00915130624839
0.0102263047426
0.011484826769
0.0129355003018
0.0145870145705
0.0164478290218
0.0185258458136
0.0208280497833
0.0233601215282
0.0261260308335
0.0291276191503
0.0323641811022
0.035832056058
0.0395242415932
0.0385094754977
0.0421452455675
0.0459359129541
0.0498592964642
0.0538890949023
0.0579949163512
0.0621424079274
0.0662934935945
0.0704067258288
0.0744377548168
0.0783399164162
0.082064937253
0.0855637520262
0.0887874242633
0.0916881573947
0.0942203780903
0.0963418683768
0.0980149173016
0.0992074570841
0.0998941431914
0.100057333127
0.0996879155592
0.0987859404421
0.0973610027615
0.0954323380061
0.0930285969649
0.0901872809864
0.0869538361339
0.0833804248749
0.0795244156601
0.0754466521507
0.071209582752
0.0668753452401
0.0625039086314
0.0581513735382
0.0538685225201
0.0496996938413
0.0456820271953
0.0418451009173
0.0382109502037
0.0347944282588
0.0316038501025
0.0286418441806
0.0259063309171
0.0233915496952
0.0210890650709
0.018988697193
0.0170793379983
0.0153496314503
0.0137885110667
0.0123856000392
0.0111314878841
0.0100179028032
0.00903780120493
0.00818539575006
0.00745614148924
0.00684669677787
0.00635487218022
0.00597957691501
0.00572076884006
0.00557941072504
0.0055574327536
0.00565769890627
0.00588397313872
0.00624088008924
0.00673385440376
0.00736907261671
0.00815336182102
0.0090940800408
0.0101989642232
0.011475943029
0.0129329130582
0.014577478744
0.016416657818
0.0184565559442
0.0207020157846
0.0231562473429
0.0258204478855
0.0286934210252
0.0317712056265
0.0350467260065
0.0339489236851
0.037153686441
0.0404919746737
0.0439430181007
0.0474823094166
0.0510816531448
0.0547093110467
0.0583302511494
0.0619065055195
0.0653976396237
0.0687613334484
0.0719540714599
0.0749319349538
0.0776514863157
0.080070730222
0.0821501318816
0.0838536671632
0.0851498740865
0.0860128699757
0.0864232940016
0.0863691314222
0.0858463741668
0.084859473168
0.0834215416285
0.0815542756977
0.0792875700537
0.0766588205136
0.073711923441
0.0704960013239
0.0670639038853
0.0634705525612
0.0597712110177
0.0560197735922
0.0522671655365
0.0485599428646
0.0449391655353
0.0414395968123
0.038089256042
0.0349093246071
0.0319143785811
0.0291128995145
0.0265079990702
0.0240982851344
0.0218787966438
0.0198419407137
0.01797837698
0.0162778082703
0.0147296517219
0.0133235785336
0.0120499224392
0.0108999660934
0.00986612071071
0.00894201772596
0.00812253239707
0.00740375865276
0.00678295261545
0.00625845954813
0.00582963584936
0.00549677444563
0.00526103873084
0.00512440724592
0.00508962869989
0.00516018479048
0.00534025663259
0.00563468946572
0.00604894967659
0.00658906801343
0.00726156313856
0.00807334031279
0.00903156096827
0.0101434801452
0.0114162501783
0.0128566905678
0.0144710255897
0.0162645928543
0.0182415276416
0.0204044293965
0.022754018195
0.0252887902719
0.0280046827669
0.030894758687
0.0297605220162
0.0325712277803
0.0354973756184
0.0385197632197
0.041615819753
0.0447596669399
0.0479222715398
0.0510716957752
0.0541734502227
0.0571909513139
0.0600860828073
0.0628198573892
0.0653531709225
0.0676476377898
0.0696664912984
0.0713755283253
0.0727440724042
0.0737459245569
0.0743602666513
0.0745724783772
0.0743748265806
0.0737669852593
0.0727563465884
0.0713580883999
0.0695949719404
0.067496855523
0.0650999245758
0.0624456558148
0.0595795516415
0.0565496987526
0.0534052204929
0.0501947037379
0.0469646863598
0.0437582894538
0.0406140691039
0.037565146126
0.0346386505197
0.0318554926132
0.0292304479149
0.0267725203324
0.0244855310415
0.0223688694788
0.0204183392312
0.018627034555
0.0169861915293
0.015485969603
0.014116132608
0.0128666114985
0.0117279428541
0.0106915867531
0.00975013467372
0.00889742267151
0.00812856750319
0.00743994402406
0.00682912148291
0.00629477465003
0.00583658335885
0.00545513128076
0.0051518118075
0.00492874597501
0.00478871458161
0.00473510416185
0.00477186437296
0.00490347269855
0.00513490120728
0.00547157942823
0.0059193471958
0.00648439153958
0.00717316229198
0.00799226200136
0.00894830690753
0.0100477570965
0.0112967154458
0.0127006965431
0.0142643683547
0.0159912709985
0.0178835184813
0.0199414906552
0.0221635238986
0.0245456100889
0.0270811142677
0.0259488045555
0.0284008876069
0.0309532058179
0.0335882164281
0.0362853587153
0.0390211209574
0.0417691927002
0.0445007083515
0.0471845861122
0.0497879638605
0.0522767308046
0.0546161505061
0.0567715672566
0.0587091837731
0.060396893842
0.0618051489719
0.0629078334976
0.0636831181525
0.0641142582388
0.0641902995885
0.0639066540156
0.0632655064401
0.0622760188085
0.0609543017585
0.0593231338946
0.0574114204833
0.0552533979318
0.0528876067289
0.0503556723577
0.0477009494436
0.0449670973178
0.0421966635172
0.0394297541095
0.0367028653053
0.0340479395925
0.0314916924922
0.0290552347617
0.0267539918159
0.0245978999559
0.0225918401644
0.0207362566447
0.0190278999839
0.017460633924
0.0160262494652
0.0147152389232
0.0135174938321
0.0124229025568
0.0114218348393
0.0105055103303
0.00966625594081
0.00889766249612
0.00819465482617
0.00755349139696
0.00697171019033
0.00644803707322
0.00598227160316
0.00557516329907
0.00522828903938
0.00494393960387
0.00472502062112
0.00457497048277
0.00449769528978
0.00449751873169
0.00457914305716
0.00474761602893
0.00500829798606
0.00536682284624
0.00582904703363
0.00640098085739
0.00708869772935
0.00789821772999
0.00883536334318
0.00990558662391
0.0111137685796
0.0124639930869
0.0139592991853
0.0156014170446
0.0173904942514
0.0193248202767
0.0214005580184
0.0236114921421
0.0225119202011
0.0246389047459
0.0268534034087
0.0291395670704
0.0314788591018
0.0338501230378
0.0362297287543
0.0385918026955
0.040908545748
0.0431506400209
0.045287743054
0.047289064849
0.0491240196067
0.0507629401987
0.052177839277
0.0533431966537
0.054236748336
0.0548402486509
0.0551401735494
0.0551283308582
0.0548023423855
0.0541659638696
0.0532292122034
0.0520082755042
0.0505251905538
0.0488072837626
0.0468863856273
0.044797843776
0.0425793749082
0.0402698097149
0.0379077955894
0.0355305280976
0.0331725825829
0.0308649114216
0.0286340605105
0.0265016416556
0.0244840774283
0.0225926140662
0.0208335785169
0.019208839903
0.0177164250132
0.0163512325218
0.015105791357
0.013971014096
0.0129369049777
0.011993192379
0.011129866004
0.0103376086429
0.00960812051164
0.00893434059004
0.00831057405401
0.00773253805125
0.00719733996962
0.00670340322874
0.00625035565614
0.00583889480305
0.00547064319795
0.00514800461944
0.0048740301211
0.00465229992142
0.0044868245669
0.00438196617543
0.00434237823875
0.00437296053616
0.00447882427071
0.00466526161812
0.00493771346909
0.0053017292095
0.00576291285749
0.00632685069039
0.00699901657387
0.00778465247713
0.0086886230585
0.00971524467519
0.0108680906588
0.0121497761636
0.0135617272922
0.0151039405038
0.0167747394769
0.0185705376001
0.0204856150731
0.0194428556228
0.0212760772274
0.023186219283
0.0251591112404
0.027178204224
0.0292246354546
0.0312773639134
0.0333133823688
0.0353080090438
0.0372352599769
0.0390683005332
0.0407799715492
0.0423433822726
0.0437325586348
0.0449231315417
0.0458930459277
0.0466232674551
0.0470984602184
0.0473076059279
0.0472445331816
0.0469083249939
0.0463035741483
0.0454404595554
0.0443346228745
0.0430068332805
0.0414824392288
0.0397906188873
0.0379634547168
0.0360348713166
0.0340394877089
0.0320114442519
0.0299832689955
0.0279848475717
0.0260425542705
0.024178590151
0.0224105579981
0.0207512854336
0.019208888658
0.0177870522995
0.016485487516
0.0153005219924
0.0142257721028
0.013252848951
0.0123720554666
0.0115730397519
0.0108453787932
0.0101790753471
0.00956495873987
0.00899498701252
0.00846245315474
0.007962102168
0.00749016863887
0.00704434660563
0.00662370491376
0.00622856201935
0.00586033428393
0.00552137116688
0.00521478935677
0.00494431586678
0.00471414761128
0.00452883219916
0.00439317186972
0.00431214988988
0.0042908765103
0.00433454986763
0.00444842607706
0.00463779218431
0.00490793559569
0.00526410400771
0.00571145062695
0.00625496052183
0.00689935519447
0.00764897383382
0.00850763114575
0.00947845310107
0.0105636933568
0.0117645344514
0.0130808791182
0.0145111381825
0.0160520224646
0.0176983468938
0.016730616314
0.018299041184
0.0199356009567
0.0216277477448
0.0233608428035
0.0251182149274
0.0268812825909
0.0286297445711
0.0303418420887
0.0319946934447
0.033564699723
0.0350280173682
0.0363610903773
0.0375412314966
0.0385472382832
0.0393600262946
0.0399632581882
0.0403439443661
0.0404929882918
0.0404056480549
0.0400818855525
0.0395265761353
0.0387495550821
0.0377654829956
0.0365935202258
0.0352568105049
0.0337817856438
0.0321973155945
0.0305337403548
0.0288218308035
0.0270917332825
0.0253719564185
0.0236884574541
0.0220638790026
0.0205169760409
0.0190622582185
0.0177098558666
0.0164656013975
0.0153313030095
0.0143051763419
0.0133823928562
0.0125557012319
0.0118160795693
0.0111533811703
0.0105569436875
0.0100161387677
0.00952084618047
0.00906184269582
0.00863110138948
0.008222001428
0.0078294518841
0.00744993601702
0.00708148492584
0.00672359161634
0.00637707823332
0.00604393031493
0.00572711222115
0.00543037724252
0.00515808430875
0.0049150308378
0.00470630835528
0.00453718439083
0.004413011141
0.0043391587379
0.00432096886331
0.00436372298971
0.00447261872533
0.00465274754126
0.00490906747747
0.0052463651561
0.00566920246806
0.00618184454328
0.00678816698212
0.0074915417459
0.00829470252308
0.00919959176398
0.0102071928752
0.0113173522584
0.0125285969462
0.0138379545045
0.0152407826143
0.0143613269311
0.015691451864
0.0170824580879
0.0185233317227
0.0200012337962
0.0215015509512
0.0230080023573
0.0245028072174
0.0259669157257
0.0273803044723
0.0287223351058
0.0299721725663
0.0311092564108
0.0321138157256
0.0329674149277
0.0336535145202
0.0341580277433
0.0344698512594
0.0345813457921
0.0344887412976
0.0341924411131
0.0336972009199
0.0330121615562
0.0321507199016
0.0311302292554
0.029971529665
0.0286983190911
0.027336387401
0.0259127460156
0.0244546954406
0.0229888797211
0.0215403800132
0.0201318982426
0.0187830759983
0.017509983802
0.0163248027121
0.0152357054269
0.0142469294363
0.0133590220186
0.0125692273877
0.0118719807643
0.0112594721269
0.0107222434087
0.0102497870535
0.00983111968624
0.00945531017086
0.00911194612201
0.0087915275937
0.00848578092457
0.00818788929052
0.00789263958744
0.0075964881453
0.00729755066926
0.00699552475678
0.00669155617952
0.00638806249669
0.00608852907959
0.00579729295845
0.00551932893137
0.00526005021002
0.00502513281889
0.00482036942934
0.00465155473309
0.00452440121544
0.00444448154464
0.00441719189534
0.0044477294013
0.0045410765329
0.00470198541024
0.00493495575886
0.00524420125974
0.00563360031314
0.00610662862804
0.0066662724825
0.00731492291694
0.00805425247936
0.00888507740629
0.00980720927462
0.0108193011798
0.0119186943678
0.0131012719582
0.012319220261
0.0134350375976
0.0146057824424
0.0158218612074
0.0170720995425
0.0183437846725
0.0196227565265
0.0208935517286
0.0221396031666
0.0233434962106
0.0244872807164
0.0255528357316
0.0265222813387
0.0273784293831
0.0281052619897
0.028688423897
0.029115711857
0.0293775418524
0.0294673728984
0.0293820649774
0.0291221484942
0.0286919838134
0.0280997921903
0.0273575439064
0.0264806956905
0.0254877774051
0.0243998371286
0.0232397635551
0.0220315142282
0.0207992865187
0.0195666744013
0.0183558570385
0.0171868642668
0.0160769591059
0.015040168714
0.0140869837167
0.0132242329646
0.0124551281762
0.0117794620789
0.0111939358349
0.0106925873769
0.0102672905646
0.00990829505811
0.00960477982831
0.00934539782079
0.00911879261996
0.00891407027305
0.00872121248814
0.0085314207272
0.00833738362126
0.00813346283097
0.0079157952941
0.00768231301226
0.00743268525359
0.00716819211016
0.00689154225152
0.00660665080621
0.00631839499321
0.00603236508262
0.00575462650158
0.00549150574174
0.00524940869727
0.00503467576227
0.00485347397599
0.00471172311715
0.00461505014085
0.00456876478654
0.00457784850881
0.00464694895867
0.00478037290261
0.00498207153641
0.00525561347528
0.00560414215458
0.00603031585925
0.00653623004616
0.00712332298854
0.00779226702299
0.00854284880254
0.00937384294125
0.0102828842671
0.0112663445724
0.0105874913039
0.0115105053691
0.012483603641
0.0134984812165
0.0145454757028
0.0156136013309
0.0166906247156
0.0177631860311
0.0188169681982
0.0198369152611
0.0208074994464
0.0217130344694
0.022538030492
0.0232675837861
0.0238877916755
0.0243861808021
0.0247521343169
0.024977301377
0.0250559705415
0.0249853875163
0.0247659974418
0.0244015928024
0.0238993502672
0.023269743506
0.0225263243056
0.0216853710343
0.0207654113652
0.0197866346772
0.0187702179842
0.0177375967467
0.0167097175679
0.0157063127025
0.0147452358995
0.0138418951166
0.0130088103603
0.0122553151201
0.0115874088682
0.0110077574712
0.0105158293739
0.0101081493274
0.00977864910917
0.00951909354401
0.00931955843612
0.00916893861806
0.00905546767306
0.00896723137697
0.00889265593562
0.00882095362574
0.00874251119973
0.00864920896635
0.00853466093378
0.00839436904022
0.00822578769698
0.00802829905226
0.00780310456355
0.00755304408072
0.00728235873559
0.00699641751643
0.0067014287879
0.00640415700183
0.00611166173239
0.00583107161443
0.00556940056999
0.00533340862884
0.00512950526486
0.00496368982772
0.00484152147151
0.00476810991575
0.00474811825526
0.00478576964409
0.00488485079137
0.00504870662307
0.00528022202033
0.00558178812289
0.00595525220337
0.00640185152425
0.00692213285613
0.00751586045003
0.00818191621446
0.00891819664664
0.00972151170646
0.00914899914552
0.00989828312674
0.0106937688281
0.0115282970962
0.0123935539014
0.0132800970268
0.0141774176389
0.0150740402187
0.0159576633428
0.0168153425943
0.0176337154537
0.0183992663741
0.0190986284021
0.0197189156899
0.0202480791128
0.0206752750276
0.0209912350722
0.0211886229612
0.0212623626133
0.021209920855
0.0210315275801
0.0207303168082
0.02031237378
0.0197866761839
0.0191649218905
0.018461241123
0.0176917975834
0.0168742903043
0.0160273753128
0.0151700328644
0.0143209112118
0.0134976808551
0.0127164333582
0.0119911558611
0.0113333065345
0.010751508065
0.0102513670302
0.0098354182863
0.00950318632909
0.00925135138451
0.00907400861771
0.00896300942574
0.00890836945754
0.00889872770405
0.00892184320663
0.00896511229695
0.0090160834578
0.0090629471388
0.00909498082239
0.00910293260368
0.00907932935627
0.0090186979309
0.00891769037399
0.00877510801481
0.00859182507375
0.0083706197619
0.00811592839386
0.00783354423572
0.00753028636604
0.0072136641448
0.00689156013745
0.00657194930641
0.00626266603205
0.00597122412447
0.00570468928489
0.00546959900391
0.0052719218599
0.00511704656782
0.00500979072707
0.0049544197458
0.00495466758665
0.00501375252268
0.00513438280281
0.00531874885047
0.00556850025596
0.00588470731442
0.00626780817769
0.00671754382152
0.0072328839825
0.00781194799832
0.00845192509813
0.00798680481897
0.00857908945811
0.00921453987585
0.00988699429528
0.0105893183971
0.0113134258623
0.012050327492
0.0127902121094
0.0135225616215
0.0142363016109
0.014919987631
0.0155620260041
0.0161509263749
0.0166755815816
0.0171255686072
0.0174914625247
0.0177651535233
0.0179401554079
0.0180118925187
0.0179779509795
0.0178382797093
0.0175953269038
0.0172540988747
0.0168221303465
0.0163093586443
0.015727898621
0.0150917205401
0.0144162391488
0.0137178283985
0.013013282102
0.0123192455687
0.011651646246
0.0110251520293
0.0104526838905
0.00994500489015
0.00951040095307
0.00915446108906
0.0088799577534
0.00868682252421
0.00857220984603
0.00853064711993
0.00855427480636
0.00863317189073
0.00875575896583
0.00890927251014
0.00908029368326
0.00925530116272
0.00942121705381
0.00956591936211
0.00967869971441
0.00975064974843
0.00977496185864
0.00974713072913
0.00966504404423
0.00952895596834
0.00934134558854
0.00910667293305
0.00883105495011
0.00852189067277
0.00818746737405
0.00783657770814
0.00747817250357
0.00712106643697
0.00677370576931
0.006443999905
0.00613921255043
0.00586590406647
0.00562991423062
0.00543637381315
0.0052897337674
0.00519380205896
0.00515177986694
0.00516629080906
0.00523939877364
0.0053726117564
0.00556687072816
0.00582252396893
0.00613928848977
0.00651620113792
0.00695156275718
0.00744287937459
0.00708453865842
0.00753432628664
0.00802500647747
0.00855126616995
0.00910698217977
0.00968523718511
0.0102783584991
0.0108779825757
0.0114751475136
0.01206041499
0.0126240220762
0.0131560622524
0.0136466936717
0.0140863713282
0.0144660982952
0.0147776896619
0.015014041262
0.0151693938386
0.0152395820216
0.0152222565205
0.0151170673959
0.0149257962937
0.0146524262632
0.0143031393331
0.0138862344825
0.0134119620172
0.012892274568
0.0123404997654
0.0117709447718
0.0111984477962
0.0106378959147
0.0101037313595
0.00960946940214
0.00916724971529
0.00878743966354
0.00847830256637
0.00824573747676
0.00809309152499
0.00802104151597
0.00802753968486
0.00810783124807
0.00825456921284
0.00845803782559
0.00870648821163
0.00898659080968
0.00928398776004
0.00958390019408
0.00987174543447
0.0101337267372
0.0103573697375
0.0105319903113
0.0106490814664
0.0107026039009
0.0106891619699
0.0106080488867
0.0104611536774
0.0102527359456
0.00998908909635
0.00967812441207
0.00932891465595
0.00895123596381
0.00855514156219
0.00815059216101
0.00774715781103
0.00735379638201
0.00697870582797
0.00662924165416
0.00631188756018
0.0060322658311
0.00579517422897
0.00560463740597
0.00546396276772
0.0053757929006
0.00534214888293
0.00536446086049
0.00544358409239
0.00557980022675
0.00577280484645
0.00602168335083
0.00632487803763
0.00668014984769
0.00642659620173
0.00674629537415
0.00710531814792
0.00749905558724
0.00792223151712
0.00836891570551
0.00883255457944
0.00930602218633
0.00978169354937
0.0102515418861
0.010707260361
0.0111404081258
0.0115425793752
0.0119055930151
0.0122216993372
0.0124837988374
0.0126856670519
0.0128221780802
0.0128895183701
0.0128853814682
0.0128091338659
0.0126619419267
0.0124468502574
0.0121688029029
0.0118346004628
0.0114527886896
0.0110334772902
0.0105880913791
0.010129062076
0.009669466716
0.00922263259133
0.00880172056231
0.00841930583773
0.00808697248695
0.00781493584281
0.00761170274385
0.00748377392492
0.00743538861212
0.00746830735611
0.00758162453786
0.00777162163372
0.00803172041543
0.00835257423638
0.00872231845296
0.00912700314337
0.00955119175168
0.0099786516244
0.0103930671911
0.01077871785
0.0111210898475
0.0114074163498
0.0116271451521
0.0117723235051
0.011837876479
0.0118217495577
0.011724892448
0.0115510776748
0.0113065686203
0.010999670657
0.0106402111909
0.0102389979199
0.00980730020871
0.00935638858243
0.00889715486277
0.00843982301875
0.0079937501768
0.00756730937882
0.00716784078188
0.00680165575292
0.00647407815354
0.00618950839217
0.0059514979555
0.00576282464477
0.00562556129895
0.00554113316924
0.00551036120222
0.00553349024687
0.00561020262405
0.00573961861355
0.00592028626071
0.00615016352312
0.00599816793272
0.00619824518831
0.00643674340799
0.00670962077563
0.00701229202632
0.00733964061988
0.00768604373078
0.00804541255892
0.00841125000021
0.00877672715998
0.00913477954651
0.00947822304619
0.00979988896108
0.0100927764918
0.0103502200875
0.0105660680836
0.0107348680337
0.0108520531584
0.0109141234312
0.0109188140597
0.0108652435798
0.0107540335368
0.0105873918671
0.0103691527119
0.0101047665393
0.00980123618238
0.00946699669136
0.00911173965603
0.00874618566889
0.00838181152795
0.00803054119188
0.00770441100261
0.00741522002985
0.00717417565768
0.00699154312507
0.0068763051062
0.00683583262591
0.0068755656706
0.00699869776809
0.0072058452664
0.00749469411284
0.00785973554611
0.00829217767041
0.00878008195338
0.0093087795839
0.0098615619946
0.0104205077552
0.010967337486
0.0114841952831
0.0119543202756
0.0123626282468
0.0126962335868
0.0129449191422
0.0131015290211
0.0131622376088
0.013126647398
0.0129976874089
0.0127813138564
0.0124860444046
0.0121223786188
0.0117021663971
0.0112379837234
0.0107425641511
0.0102283190873
0.00970696391559
0.00918925293753
0.00868481546468
0.00820207852863
0.00774825827326
0.00732940142349
0.00695045946535
0.00661538055449
0.0063272070756
0.00608816976505
0.00589977209803
0.00576286108136
0.00567768262349
0.00564392127609
0.00566072539261
0.00572671967886
0.00584000777302
0.00578511533975
0.00587426150002
0.00600157076919
0.00616344167599
0.00635583454871
0.0065742844251
0.00681392256801
0.00706950892221
0.00733547745539
0.00760599586666
0.00787504062148
0.00813648768183
0.00838421864878
0.00861224132697
0.00881482296599
0.00898663364861
0.0091228964995
0.00921954060973
0.00927335184789
0.00928211610246
0.00924474902601
0.00916140609042
0.00903356678193
0.0088640871331
0.00865721556914
0.00841856828096
0.00815506202299
0.00787480428204
0.00758694293885
0.00730147941821
0.00702905034171
0.00678068241294
0.00656752367981
0.00640055234241
0.00629026376152
0.00624633684776
0.0062772783466
0.00639004255837
0.00658962166405
0.00687858036782
0.00725644496621
0.00771913509994
0.00825862046726
0.00886289349624
0.00951636259811
0.0102007342414
0.0108960699737
0.011581870041
0.0122379830095
0.012845300487
0.013386314158
0.0138456301827
0.01421049041
0.0144712819069
0.0146219644907
0.0146603309976
0.0145880359532
0.0144103704264
0.0141358062575
0.0137753679126
0.0133419083592
0.01284936657
0.0123120726427
0.0117441477949
0.011159025949
0.010569105128
0.00998552256161
0.00941803792814
0.00887500415846
0.0083634038257
0.00788893025518
0.00745609513058
0.00706834773414
0.00672819446928
0.00643731060542
0.00619663905862
0.00600647340248
0.00586652418945
0.00577596909912
0.00573348848162
0.00573728859835
0.00577371393076
0.00575902303771
0.00578287379946
0.00584199031791
0.00593274590723
0.00605117837175
0.00619301013818
0.00635367545363
0.00652835651974
0.00671203004493
0.0068995252633
0.00708559399013
0.00726499276457
0.00743257657196
0.00758340304946
0.00771284546986
0.0078167121823
0.00789136958762
0.00793386516285
0.00794204655854
0.0079146724128
0.00785151030532
0.007753417271
0.00762239857018
0.00746164104039
0.0072755183935
0.00706956729121
0.00685043483978
0.00662579996796
0.00640427228147
0.00619527135199
0.00600888598018
0.00585570668567
0.00574661793837
0.005692535651
0.00570408315227
0.00579120387332
0.00596271073431
0.00622577361715
0.00658537507553
0.00704339838248
0.00759762285342
0.00824101253273
0.00896143261224
0.00974194382411
0.0105621358573
0.0113995484701
0.0122311473251
0.0130343992549
0.0137879171055
0.0144718686294
0.0150683664573
0.0155619700331
0.0159402997115
0.0161946589939
0.0163205208727
0.016317756377
0.0161905431872
0.0159469607248
0.0155983335846
0.0151584168552
0.0146425240228
0.0140666863416
0.0134469097805
0.0127985694216
0.0121359569868
0.0114719780955
0.0108179829504
0.0101837070347
0.00957729597394
0.00900538958196
0.00847324301104
0.00798486680809
0.00754317180501
0.00715010866748
0.00680679533203
0.00651362837745
0.0062703765968
0.0060762567149
0.00592999241385
0.0058298586685
0.00595029273262
0.00583745245177
0.00576417140655
0.00572739743511
0.00572379805815
0.0057497796072
0.00580150785174
0.00587493226346
0.00596581574847
0.0060697713382
0.00618230695998
0.00629887901114
0.00641495503693
0.00652608536671
0.0066279830984
0.00671661134644
0.00678827619226
0.00683972331386
0.0068682358397
0.00687173059754
0.00684884964181
0.00679904378837
0.00672264491932
0.00662092412377
0.0064961334156
0.00635152994316
0.00619138338335
0.0060209695735
0.00584655597518
0.00567538609913
0.00551566828523
0.00537656623185
0.00526817234082
0.00520142382806
0.00518791240798
0.00523956044141
0.00536816744375
0.00558483856853
0.0058993073234
0.00631942744464
0.00685002681258
0.00749124739327
0.00823732195621
0.00907586789818
0.00998769797315
0.0109494331666
0.011935298444
0.0129193256305
0.0138766380222
0.0147839045714
0.0156193864108
0.0163630046359
0.0169967023359
0.0175051347058
0.0178765306706
0.0181034908071
0.0181835109178
0.0181191068833
0.0179175187735
0.0175900570964
0.0171512052195
0.0166176079553
0.0160070648218
0.0153376187839
0.0146267978522
0.0138910354473
0.013145270279
0.0124027091708
0.0116747263997
0.0109708693039
0.0102989403951
0.0096651293563
0.00907417276873
0.00852952425983
0.00803352237061
0.00758754748644
0.0071921625186
0.00684723465764
0.00655203750342
0.00630533430944
0.0061054440613
0.00630080885099
0.00609430217795
0.00592902399285
0.00580205713001
0.00571025873371
0.00565028455562
0.00561861171738
0.00561156205951
0.00562532790848
0.00565600178275
0.00569961123029
0.00575215964616
0.00580967356101
0.00586825652213
0.00592414931075
0.00597379585692
0.00601391383377
0.00604156854496
0.00605424837554
0.00604993977676
0.00602719952542
0.00598522188134
0.00592389833139
0.00584386796593
0.00574655736778
0.00563421047825
0.00550991159078
0.00537760870089
0.00524214971926
0.00510934897389
0.00498610181933
0.00488055330394
0.00480229263568
0.00476248692593
0.00477382027286
0.0048501401424
0.00500581615153
0.0052548850734
0.0056101836943
0.00608251785231
0.00668027994097
0.00740648542225
0.00825694273431
0.00921896240451
0.0102690996911
0.0113799361098
0.0125211274682
0.0136633028266
0.0147795235497
0.0158452735152
0.0168377903371
0.0177355059465
0.0185180918662
0.0191671865886
0.0196675605248
0.0200083432377
0.020183970481
0.0201946354519
0.0200461797635
0.019749485683
0.0193195090364
0.0187741201502
0.0181329093873
0.0174160799146
0.0166435078012
0.0158340088968
0.0150048191116
0.0141712718475
0.0133466429775
0.0125421281763
0.0117669173223
0.0110283340641
0.010332013758
0.00968209864834
0.00908143460719
0.00853175854
0.0080338695402
0.00758778000383
0.00719284527488
0.00684787209281
0.00655120728046
0.00681040404213
0.00651372363723
0.00626061536202
0.00604822090969
0.00587349638238
0.00573324291218
0.00562413295677
0.00554273443223
0.00548553456209
0.0054489650254
0.00542942968003
0.00542333582531
0.00542712964967
0.00543733618694
0.00545060377949
0.00546375271888
0.0054738274094
0.00547815107841
0.00547438174804
0.00546056789441
0.00543520197193
0.00539726980911
0.00534629386429
0.00528236861714
0.00520618726141
0.00511906088762
0.00502293535324
0.00492041815402
0.00481483874304
0.00471038014046
0.00461233181428
0.00452750785413
0.00446481900539
0.00443585170652
0.00445513110422
0.00453969619791
0.00470775414266
0.00497712027496
0.00536642266106
0.00588654550474
0.0065504034223
0.00736422919775
0.00832542593379
0.0094215701786
0.0106202130366
0.0118896387835
0.0131927714563
0.014496488436
0.0157725875816
0.0169968062375
0.0181468852865
0.0192009698735
0.0201371226978
0.0209340616987
0.0215727307897
0.0220381199843
0.0223208052492
0.0224178669364
0.0223330651939
0.02207633206
0.0216627524644
0.0211112493616
0.0204431778706
0.0196809912856
0.0188470877668
0.0179628944257
0.017048203216
0.0161207433362
0.0151959572097
0.0142869392862
0.0134044960914
0.0125572895189
0.0117520311937
0.0109937023337
0.010285779931
0.00963045573809
0.0090288392518
0.00848113960306
0.00798682406832
0.00754475294548
0.00715329193298
0.00746299692353
0.00707887541552
0.00674137791573
0.00644764044581
0.00619464053769
0.00597923517405
0.00579819177715
0.00564821450842
0.00552596785628
0.00542809919558
0.00535126170375
0.00529213872084
0.00524747034139
0.00521408272804
0.00518892033632
0.0051690809363
0.00515185300767
0.00513475476531
0.00511557373829
0.00509240547006
0.00506368952946
0.00502824063251
0.00498527233012
0.00493441057659
0.00487569495211
0.00480956721563
0.0047368518371
0.00465874392096
0.00457684026958
0.00449328278699
0.00441112819702
0.00433509141292
0.00427276221027
0.00423616320595
0.00424303956285
0.00431650942614
0.00448026677947
0.00475460412591
0.00518356993121
0.00575565975857
0.00649389949544
0.00740760844459
0.00849370799126
0.00974316628009
0.0111030390558
0.0125414248456
0.0140103469487
0.0154735056785
0.0169033514829
0.0182783487242
0.0195790297212
0.0207849531419
0.0218734950489
0.02282061941
0.0236030183544
0.0242007462943
0.0245995659814
0.0247925032496
0.0247804195906
0.0245716639003
0.0241810195811
0.0236282232801
0.0229363204643
0.0221300702834
0.0212345436844
0.0202739926365
0.0192710145997
0.0182459984895
0.0172168156491
0.0161987088514
0.0152043306243
0.0142438859434
0.0133253409611
0.012454667082
0.0116360971729
0.0108723773452
0.0101650033011
0.00951443462835
0.00892028375936
0.00838147872673
0.00789640051966
0.00824096831298
0.00777163033058
0.00735272328322
0.00698132329088
0.00665436383404
0.00636868185598
0.00612105437452
0.00590822802435
0.00572694365845
0.00557395783722
0.00544606273428
0.00534010569111
0.00525300935979
0.00518179308156
0.00512359585551
0.00507570094887
0.00503556188013
0.00500082915203
0.00496937670113
0.00493932652932
0.00490906934495
0.00487727821411
0.00484291117562
0.00480519757124
0.00476360183411
0.00471775868353
0.00466737750242
0.00461212604226
0.00455153340202
0.00448501385942
0.00441222341955
0.00433410913116
0.00425509819599
0.00418675652911
0.00415261708394
0.00418962701824
0.00432834147794
0.00452464505248
-3.95252516673e-323
4.44659081257e-323
9.6389689919e-287
7.08488185077e-189
2.03040036903e-91
0.0102880970505
0.0118247942288
0.0134395350636
0.0150679823254
0.0166757753761
0.0182403263355
0.0197463510967
0.0211799434762
0.0225239822208
0.0237560794462
0.0248494734299
0.0257759684994
0.0265096592467
0.0270303313469
0.0273258380454
0.0273931859375
0.0272384025049
0.0268754610139
0.0263246158077
0.0256104866431
0.0247601637642
0.0238015191446
0.0227618265356
0.0216667258507
0.0205395200929
0.0194007644228
0.0182680934361
0.0171562299258
0.0160771223416
0.0150401656501
0.0140524691026
0.0131191430986
0.0122435850949
0.0114277510124
0.0106724037621
0.00997733444334
0.00934155463448
0.00876346019667
0.00912499717394
0.00857244134142
0.00807494058755
0.00762946580246
0.00723285180183
0.00688185227559
0.00657318272353
0.00630355401487
0.00606969890427
0.00586839352705
0.0056964755875
0.00555086065262
0.00542855766753
0.00532668451621
0.00524248415449
0.0051733415307
0.00511680116436
0.00507058484653
0.00503260840688
0.00500099578816
0.00497408765657
0.00495044028667
0.00492880826428
0.00490810142744
0.00488730237584
0.00486532647737
0.00484080405006
0.00481177069684
0.00477528112633
0.00472704695705
0.00466140403915
0.00457229295075
0.00445645627963
0.00432100620541
0.00420025192529
0.00417686884991
2.47032822921e-323
4.44659081257e-323
-4.94065645841e-324
-9.88131291682e-324
-3.95252516673e-323
-9.88131291682e-324
6.95683941675e-258
6.33765423075e-160
5.00171175741e-62
0.0147068541379
0.0165028340382
0.0182147675252
0.0198737003909
0.0214734089542
0.023007878803
0.0244647721062
0.0258223717176
0.0270507313672
0.0281156895202
0.0289839931517
0.0296280122234
0.0300291151574
0.0301793668588
0.0300816498748
0.0297485631831
0.0292005454432
0.0284636477587
0.0275672956814
0.0265422727242
0.0254190556083
0.0242265492793
0.0229912118991
0.0217365249581
0.0204827468011
0.0192468839174
0.0180428184958
0.0168815391854
0.015771432085
0.0147185989811
0.0137271788475
0.0127996561769
0.0119371457453
0.0111396480254
0.0104062728433
0.00973543125401
0.0100940998937
0.00946042102909
0.00888731880782
0.00837162121199
0.00791001962287
0.00749913312514
0.0071355582272
0.00681590690444
0.00653683555567
0.0062950671386
0.00608740843008
0.00591076404642
0.0057621485578
0.00563869773528
0.00553767967057
0.00545650619052
0.00539274462581
0.00534412954031
0.0053085734076
0.00528417430461
0.00526921725976
0.00526216359361
0.00526161887438
0.0052662641997
0.00527472644271
0.00528535009386
0.00529581691732
0.00530254399895
0.00529979046146
0.00527847107797
0.00522496083332
0.00512085654218
0.00494596670133
0.00468978151172
0.00446807770007
-2.96439387505e-323
4.44659081257e-323
0
-2.47032822921e-323
2.47032822921e-323
-4.94065645841e-323
3.45845952089e-323
-4.44659081257e-323
-8.6471038744e-268
-8.63078398353e-170
-6.14972275543e-72
0.0183626264918
0.0202243450429
0.021909630132
0.0235438267616
0.0251302062742
0.0266616868557
0.0281167114258
0.0294608400145
0.0306521798495
0.0316482484519
0.0324122419722
0.032917545528
0.033150098911
0.0331087730391
0.0328042127824
0.0322567030933
0.031493580678
0.0305466054216
0.0294495740309
0.0282363350957
0.0269392662999
0.025588205536
0.0242097858433
0.0228271038011
0.0214596459095
0.0201234019064
0.0188311034571
0.0175925381
0.0164148997686
0.0153031475254
0.0142603528551
0.0132880228447
0.0123863919444
0.0115546789621
0.0107913087474
0.011125915589
0.0104136782067
0.00976853734381
0.00918714718108
0.00866602011603
0.00820160072034
0.00779032243515
0.00742865023303
0.00711311214488
0.00684032221024
0.00660699707698
0.00640996815653
0.00624619093674
0.00611275276194
0.00600688009953
0.00592594600606
0.00586747815262
0.00582916731069
0.0058088755341
0.00580464221528
0.00581468441882
0.00583738483366
0.00587125536898
0.00591485525896
0.00596662704201
0.00602458833985
0.00608577734993
0.00614528981311
0.00619466512649
0.00621934498399
0.00619520713375
0.00608495058995
0.00583806473291
0.00543271710106
2.96439387505e-323
3.95252516673e-323
4.94065645841e-324
-9.88131291682e-324
-3.95252516673e-323
0
-2.47032822921e-323
3.45845952089e-323
-9.88131291682e-324
1.48219693752e-323
8.04908564221e-238
-1.18697423133e-138
-3.14669318449e-41
0.0228363314975
0.0244574509251
0.0260447985993
0.027617270878
0.0291724126298
0.0306872945523
0.0321205840759
0.0334200232474
0.0345314553383
0.0354068390017
0.0360099491641
0.0363193935437
0.0363291926082
0.0360475020285
0.0354941571614
0.0346976651883
0.0336921360065
0.0325144848941
0.0312020945069
0.0297910086731
0.0283146502454
0.0268030067219
0.0252822036957
0.0237743800286
0.0222977834101
0.020867015576
0.0194933693639
0.0181852127396
0.0169483866513
0.015786593518
0.0147017611603
0.0136943731696
0.0127637613064
0.0119083587935
0.0121972647285
0.0114099379964
0.010697349805
0.0100559561745
0.00948206419201
0.00897191565183
0.00852175059406
0.00812785434105
0.00778659128505
0.00749442832549
0.007247950508
0.00704387109182
0.00687903797021
0.00675043809026
0.00665520125507
0.0065906044282
0.00655407736421
0.00654321000029
0.00655576144573
0.00658966937783
0.00664305678256
0.00671422950116
0.00680165157081
0.00690387339474
0.00701936596748
0.00714617516941
0.00728124046208
0.0074190979613
0.00754947799535
0.00765309382656
0.00769507038522
0.0076141484841
0.00729575426806
0.006967569693
1.48219693752e-323
1.48219693752e-323
4.44659081257e-323
-2.47032822921e-323
-9.88131291682e-324
-2.47032822921e-323
-1.97626258336e-323
0
1.48219693752e-323
4.44659081257e-323
-2.88933330497e-296
-2.16496368041e-198
-6.378262515e-101
0.0258407085031
0.0276131701463
0.0290569648392
0.0305351567576
0.0320525412767
0.0335823921368
0.0350725209459
0.036456638785
0.0376659412356
0.0386388921832
0.0393280321006
0.0397035291167
0.039753845726
0.0394842387307
0.0389138992977
0.0380724613428
0.036996443189
0.0357260026748
0.034302218721
0.032764981343
0.0311514812964
0.0294952357317
0.027825559511
0.0261673847801
0.0245413365989
0.0229639842355
0.0214482021472
0.0200035891911
0.018636907808
0.0173525161599
0.0161527752967
0.0150384204853
0.0140088911185
0.0130626174164
0.0132849880309
0.0124274490126
0.0116535609408
0.0109595644012
0.010341544875
0.00979552574198
0.0093175381323
0.00890367164134
0.00855010955699
0.00825315187925
0.00800922905241
0.00781490900167
0.00766689977397
0.00756204983322
0.00749734784919
0.00746992363956
0.00747705175226
0.0075161589605
0.00758483657887
0.00768085777726
0.00780219853315
0.00794705766194
0.00811386484211
0.00830125255679
0.00850794241756
0.00873244700573
0.00897239253008
0.00922307832433
0.00947454560257
0.00970611115588
0.00987776399608
0.00991255409777
0.00961080977724
4.94065645841e-323
0
-3.95252516673e-323
-1.48219693752e-323
-2.96439387505e-323
4.44659081257e-323
-3.45845952089e-323
1.97626258336e-323
1.48219693752e-323
3.95252516673e-323
0
-4.44659081257e-323
-9.1530959051e-228
-1.70495546661e-138
-4.47652530897e-41
0.0315551812834
0.032667659733
0.0339409162504
0.0353501588532
0.0368465065018
0.0383583638431
0.0398004147733
0.041085896611
0.0421375729204
0.0428953448323
0.0433201063781
0.0433943173251
0.043120146608
0.0425161139921
0.0416130514088
0.0404500136446
0.0390705584278
0.0375196292494
0.0358411291531
0.0340761736728
0.0322619508496
0.0304310869413
0.0286114086914
0.0268259987766
0.0250934540648
0.0234282722559
0.0218413085778
0.0203402589116
0.0189301382822
0.0176137338753
0.0163920197202
0.0152645261926
0.0142296618385
0.0143670483486
0.0134461544183
0.0126192671003
0.0118824028496
0.0112314209985
0.0106621253521
0.0101703393247
0.00975195908423
0.00940298878473
0.00911956158154
0.00889794974897
0.00873456689317
0.00862596497824
0.00856882867873
0.00855996944077
0.00859632158448
0.0086749428075
0.00879302153281
0.00894789361786
0.00913707084544
0.00935828298625
0.00960953327872
0.00988916230775
0.0101959042476
0.0105288957582
0.0108875480868
0.011271087712
0.0116773455503
0.012099957962
0.0125229041482
0.0129125596111
0.013197410296
0.0131092823325
9.88131291682e-324
0
-4.94065645841e-324
-3.95252516673e-323
-3.45845952089e-323
2.47032822921e-323
-2.47032822921e-323
-1.48219693752e-323
-3.45845952089e-323
4.44659081257e-323
-1.48219693752e-323
3.95252516673e-323
1.90849188663e-257
1.69286506241e-159
1.29853611423e-61
0.0360959672132
0.0368482378004
0.0378533422043
0.0390977910464
0.0405170731506
0.042016970395
0.0434891380575
0.0448259712889
0.0459327983933
0.0467359855913
0.0471867977265
0.0472616535421
0.0469597628382
0.0462991775042
0.0453121532661
0.0440405018061
0.0425313826004
0.0408337813702
0.0389957657425
0.0370625013012
0.0350749466556
0.0330691147909
0.0310757797726
0.0291205142101
0.0272239570804
0.0254022289309
0.0236674291314
0.0220281660249
0.0204900847316
0.0190563687277
0.0177282002547
0.0165051713825
0.0153856424877
0.0154238517097
0.0144490745859
0.013580299115
0.0128133199838
0.0121437802372
0.011567280116
0.0110794558263
0.0106760331863
0.0103528606883
0.0101059261028
0.00993136036292
0.00982543214281
0.00978453629183
0.00980517914165
0.00988396368029
0.0100175777135
0.0102027884393
0.0104364473699
0.0107155102629
0.0110370776227
0.0113984622345
0.0117972906162
0.012231644077
0.0127002397863
0.013202637601
0.013739422552
0.0143122266807
0.0149232480397
0.0155735168438
0.0162588593938
0.0169628880701
0.0176309906409
0.0179906297663
0
2.96439387505e-323
2.96439387505e-323
3.45845952089e-323
-3.95252516673e-323
2.47032822921e-323
-1.48219693752e-323
-1.97626258336e-323
0
4.94065645841e-324
-1.97626258336e-323
-3.95252516673e-323
2.23335159634e-257
1.97319022848e-159
-1.45737466419e-71
0.0413317541609
0.0416105050848
0.0422826683717
0.0433169768478
0.0446247463264
0.0460837897209
0.0475590725533
0.0489200765125
0.0500538377315
0.0508731000747
0.0513198242476
0.0513648851877
0.0510050601542
0.0502584151915
0.0491590367429
0.0477518190862
0.0460877736776
0.0442201134109
0.0422012008707
0.0400803371243
0.0379022999654
0.0357065076896
0.0335266760151
0.0313908426559
0.0293216493375
0.0273367898348
0.0254495517242
0.0236693971572
0.0220025431726
0.0204525145845
0.0190206523718
0.0177065680423
0.0165085399838
0.0164397169749
0.0154238205173
0.0145277761318
0.0137471735994
0.0130774674326
0.0125140908835
0.0120525359265
0.0116884046571
0.0114174371132
0.0112355200802
0.0111386810379
0.0111230710785
0.0111849404054
0.0113206099468
0.0115264427294
0.011798818999
0.0121341197333
0.0125287242407
0.0129790291156
0.0134814980439
0.0140327549558
0.0146297368154
0.0152699266607
0.0159516914682
0.0166747507883
0.0174407949084
0.0182542376982
0.0191229900738
0.0200590007918
0.0210787671566
0.0222058166344
0.0234573451446
0.0246286480147
-2.96439387505e-323
4.94065645841e-323
-3.95252516673e-323
-3.95252516673e-323
3.45845952089e-323
4.94065645841e-324
-3.95252516673e-323
4.94065645841e-324
-1.48219693752e-323
4.44659081257e-323
-9.88131291682e-324
-4.94065645841e-323
2.59948481231e-257
2.28949817411e-159
1.74996175426e-61
0.0471854300944
0.0469206804212
0.0472206556882
0.0480195735216
0.0491950512975
0.0505915151227
0.0520446669557
0.0534003909665
0.0545278642698
0.0553271909648
0.0557321864121
0.0557092988758
0.0552538404414
0.0543846707838
0.0531383004392
0.0515631347839
0.0497143289013
0.0476495055035
0.04542542029
0.0430955437094
0.0407084585462
0.0383069389195
0.0359275676229
0.0336007560839
0.0313510474225
0.0291976030792
0.0271547939331
0.0252328357832
0.0234384255346
0.0217753480694
0.0202450346239
0.0188470618181
0.0175795866314
0.0174043992214
0.0163641320353
0.0154596531719
0.0146863831276
0.0140396376625
0.0135147440255
0.0131071188073
0.0128123133606
0.0126260322524
0.012544129731
0.0125625887567
0.0126774868135
0.0128849525311
0.0131811171497
0.0135620651222
0.0140237887451
0.0145621527744
0.0151728766708
0.0158515446914
0.016593657839
0.0173947471772
0.0182505758652
0.0191574682991
0.0201128201433
0.0211158645965
0.0221687999887
0.0232784194764
0.0244584161936
0.02573261433
0.0271398483099
0.0287420329773
0.0306286346025
0.0328802650093
-3.45845952089e-323
-4.94065645841e-323
3.45845952089e-323
0
1.97626258336e-323
1.48219693752e-323
-9.88131291682e-324
-9.88131291682e-324
-4.94065645841e-323
4.44659081257e-323
0
0
-1.73340160979e-227
-3.13829883505e-138
-8.1168867112e-41
0.0535325782951
0.0527246326326
0.0526498535885
0.0532137377025
0.0542520699031
0.0555717437577
0.056978659165
0.0582964079463
0.059378365752
0.0601142104777
0.0604316667964
0.0602945048572
0.0596979682128
0.0586627668908
0.0572285931296
0.0554478731677
0.0533802187361
0.0510878242719
0.0486318875951
0.0460700154082
0.0434545044475
0.0408313545885
0.0382398613245
0.0357126426527
0.0332759722899
0.030950312128
0.0287509584492
0.0266887365933
0.0247706964178
0.0230007755946
0.0213804095578
0.0199090759996
0.0185847685679
0.0183145526866
0.0172713161293
0.0163821274401
0.0156422970599
0.0150470782805
0.0145917816999
0.0142718465235
0.0140828751406
0.0140206368708
0.0140810462369
0.0142601206561
0.0145539220938
0.0149584870683
0.0154697494797
0.0160834611672
0.0167951159796
0.017599884654
0.0184925701986
0.0194675971314
0.0205190534131
0.0216408120612
0.0228267715069
0.0240712717059
0.0253697700274
0.0267199027276
0.0281231242338
0.0295872217289
0.0311301725547
0.0327861422674
0.0346152094918
0.0367200862146
0.039276700083
0.0426162667897
0.04784767191
4.94065645841e-324
-2.96439387505e-323
-4.44659081257e-323
4.94065645841e-323
1.48219693752e-323
-1.97626258336e-323
-1.97626258336e-323
1.48219693752e-323
3.95252516673e-323
9.88131291682e-324
-7.58835297237e-296
-5.55936859588e-198
-1.60470990282e-100
0.0635607689526
0.0603985075928
0.0589861124281
0.0585573541417
0.0589122993263
0.059823274924
0.0610569843589
0.0623921019682
0.0636337271147
0.0646232618111
0.0652433909224
0.0654186303452
0.0651123709657
0.0643215383773
0.063069963223
0.0614013895397
0.0593728139036
0.0570486055608
0.0544956444321
0.0517795475892
0.0489619388293
0.0460986450565
0.043238668094
0.0404237713072
0.0376885280548
0.0350606963016
0.0325618054629
0.0302078641406
0.0280101186541
0.0259758109944
0.0241089005348
0.0224107264774
0.0208805978302
0.0195163050458
0.0191750075108
0.0181554514691
0.0173107615549
0.0166362261082
0.016127143214
0.0157789282192
0.0155871728558
0.0155476628514
0.0156563602975
0.01590935644
0.0163028000415
0.0168328060961
0.0174953495469
0.0182861488338
0.0192005447021
0.0202333808925
0.0213788953279
0.0226306335499
0.0239814009421
0.025423277441
0.0269477291242
0.028545867017
0.0302089274301
0.0319290847767
0.0337007654324
0.035522724868
0.0374013056258
0.0393555612547
0.0414254384658
0.0436852077564
0.04626602868
0.0493948216946
0.053475709987
0.0593516872427
2.96439387505e-323
3.45845952089e-323
-2.47032822921e-323
-4.94065645841e-323
-3.45845952089e-323
0
9.88131291682e-324
1.97626258336e-323
4.44659081257e-323
1.48219693752e-323
2.96440274437e-237
-4.24173545098e-138
-1.09161236173e-40
0.0703732595069
0.067331955321
0.065583132302
0.0649326624235
0.0651407955074
0.0659442581446
0.0670820275669
0.0683136497126
0.0694322217893
0.0702725685915
0.0707147881656
0.0706836787925
0.0701449254114
0.0690991040389
0.0675745463738
0.0656199528022
0.0632974203046
0.0606763191247
0.0578282452496
0.0548231128602
0.0517263361375
0.0485969788194
0.0454867142501
0.0424394288883
0.0394913096442
0.0366712728951
0.0340016152865
0.0314987897939
0.0291742326858
0.0270351867145
0.0250854824792
0.0233262533668
0.0217565699737
0.0203739877824
0.0199997327544
0.019036227044
0.0182711877763
0.0177000028824
0.0173181575434
0.0171213283275
0.0171054232205
0.0172665748254
0.0176010932975
0.0181053848916
0.0187758414119
0.0196087054652
0.0205999163003
0.0217449412924
0.0230385989212
0.0244748806076
0.0260467812766
0.0277461524119
0.0295635972546
0.0314884365318
0.0335087859988
0.035611806104
0.0377842123296
0.0400131773046
0.042287821548
0.044601594622
0.0469560203175
0.0493665723522
0.0518719835267
0.054549291339
0.0575386048653
0.0610848911572
0.0656180332706
0.0719533809524
0.0804036578868
2.47032822921e-323
-1.97626258336e-323
-4.94065645841e-323
-3.95252516673e-323
4.44659081257e-323
-4.94065645841e-324
2.96439387505e-323
4.44659081257e-323
-4.61658981685e-267
-4.44082000222e-169
-3.04933831365e-71
0.0832498710761
0.0778746939977
0.0745219567037
0.0725964327839
0.0718350411484
0.071953525794
0.0726620947198
0.073683304061
0.0747673562237
0.0757032550398
0.0763255243964
0.0765165836234
0.0762052742073
0.0753623764747
0.073994123885
0.0721347090255
0.0698386315372
0.0671735282639
0.0642139033642
0.0610359763547
0.0577137071083
0.054315943604
0.0509045673038
0.0475334747738
0.0442482237057
0.0410861784671
0.0380770077279
0.0352434092895
0.032601961202
0.0301640212009
0.0279366170086
0.0259232874857
0.0241248488058
0.022540070941
0.0211662580998
0.0208123675813
0.019943297092
0.0192992764977
0.0188759532309
0.0186691801797
0.0186750887042
0.0188901013769
0.0193108920337
0.0199342998959
0.0207572037245
0.0217763613037
0.0229882191185
0.0243886969977
0.0259729528589
0.0277351336941
0.0296681207912
0.031763280221
0.0340102342882
0.0363966765851
0.0389082634269
0.0415286291061
0.0442395934972
0.0470216609236
0.0498549533231
0.0527207859783
0.0556041929198
0.0584978621428
0.0614081846215
0.0643645284738
0.0674335265634
0.0707411424424
0.0745065753436
0.0790949048297
0.0851028918377
0.093475669175
0.103924255014
-3.45845952089e-323
2.96439387505e-323
-9.88131291682e-324
-9.88131291682e-324
4.94065645841e-324
4.44659081257e-323
5.66366381502e-257
4.94270545235e-159
3.73519351449e-61
0.0975050639346
0.0903830696172
0.0853726722668
0.0820425337271
0.0801337929963
0.0793617749726
0.0794269718778
0.0800313700668
0.0808947580771
0.0817685624363
0.0824458838768
0.0827672721102
0.0826223106936
0.0819475248457
0.0807214466375
0.0789578181215
0.0766978913291
0.0740026434982
0.0709455243196
0.0676061381736
0.0640650712718
0.060399918714
0.05668245498
0.0529768206555
0.0493385613764
0.0458143437823
0.0424421797051
0.0392520070457
0.0362664985286
0.0335019939395
0.03096947502
0.0286755234265
0.0266232202961
0.0248129607901
0.0232431686259
0.0219109043747
0.0216462233243
0.020916060576
0.0204406836604
0.0202162011561
0.0202390546813
0.0205060618313
0.0210143922667
0.0217614847512
0.0227449119612
0.0239621989685
0.0254106005358
0.0270868418889
0.0289868275475
0.0311053232739
0.0334356174135
0.0359691701343
0.0386952626565
0.0416006640103
0.0446693408168
0.0478822469619
0.0512172460335
0.05464924162
0.0581506211957
0.0616921613361
0.0652445997755
0.0687811597313
0.0722814225098
0.0757370964989
0.079160436604
0.0825963117154
0.0861390381755
0.0899546233583
0.0943070159901
0.0995812776242
0.106280042468
0.114913416365
0.124771911838
0.132028817043
9.88131291682e-324
1.48219693752e-323
1.33700583333e-285
9.38746298693e-188
2.56605623055e-90
0.121633063669
0.112226423809
0.104134304479
0.097813891347
0.0932126904054
0.0901463899039
0.0883811554401
0.087645810346
0.0876502592245
0.0881053889796
0.0887406735902
0.0893181886357
0.089642384656
0.0895654229976
0.0889883048014
0.0878584015708
0.0861642572066
0.0839286366102
0.0812007557824
0.0780484850451
0.0745511206354
0.0707931134521
0.0668589569993
0.06282928581
0.0587781261618
0.0547711706646
0.0508649111388
0.0471064524027
0.0435338355132
0.0401767160006
0.0370572654524
0.0341911895532
0.0315887797639
0.0292559376398
0.0271951295044
0.0254062445449
0.0238873414628
0.0226352778971
0.0225436903168
0.0220028096078
0.0217497327391
0.0217812749371
0.0220947286213
0.0226878663001
0.0235588697543
0.0247061933926
0.0261283685212
0.0278237542035
0.0297902395171
0.0320249014862
0.034523622903
0.0372806748421
0.0402882701249
0.0435360966164
0.047010843403
0.0506957391366
0.0545701307832
0.0586091435103
0.0627834795068
0.067059436281
0.0713992546822
0.0757619447353
0.0801047842763
0.08438574132
0.0885671330174
0.0926208914661
0.0965358310971
0.100327222749
0.104048557056
0.107804147658
0.111758300113
0.116131004819
0.121160749924
0.126989184323
0.133300907743
0.139587329981
0.144931170198
0.147112914084
0.145663239662
0.140846075641
0.133774199034
0.125727505782
0.118015859556
0.11130457182
0.105905999546
0.101888978832
0.0991679952146
0.097561423773
0.0968300541941
0.0967071972776
0.0969235028985
0.0972267016473
0.0973963721695
0.097253785377
0.0966670151059
0.0955517726628
0.0938686959158
0.0916180096107
0.0888325322113
0.0855699426888
0.0819050725404
0.0779227958699
0.0737118907506
0.0693600647467
0.0649501912626
0.0605576964704
0.0562489673494
0.052080614299
0.0480994096772
0.0443427292141
0.0408393400795
0.0376104022595
0.0346705749132
0.03202914385
0.029691108544
0.0276581862657
0.0259297066555
0.0245033824382
0.0233759512704
0.0235550225301
0.0232592343279
0.0232876336914
0.0236380321875
0.0243088750818
0.0252991936016
0.0266084765036
0.0282364687851
0.0301829040441
0.0324471757658
0.0350279518303
0.0379227359441
0.0411273796538
0.0446355493094
0.0484381540484
0.0525227439099
0.0568728919542
0.0614675813131
0.0662806280367
0.0712801842005
0.0764283837498
0.0816812166691
0.0869887455968
0.0922958125011
0.0975434194571
0.102671001936
0.107619834464
0.112337794993
0.116785622349
0.120944542318
0.124824538913
0.128471325478
0.131967869439
0.135423092971
0.138937434988
0.14253190935
0.146027957258
0.149058673361
0.150937683451
0.150899002301
0.148639416375
0.144313448232
0.138518580103
0.132050203822
0.125727282018
0.120085976309
0.11544310685
0.111907161432
0.109435256761
0.107881233668
0.107035137973
0.106655904899
0.106497826283
0.106331091144
0.105956726532
0.105216250172
0.103996448662
0.102229894748
0.0998920189616
0.0969956787228
0.0935841894218
0.0897237028455
0.0854956671298
0.0809899146543
0.0762987320723
0.0715120933823
0.0667140960598
0.0619805367384
0.0573774954901
0.0529607614031
0.0487759202153
0.044858930329
0.041237030352
0.037929844293
0.0349505757659
0.032307207329
0.0300036436837
0.0280407569281
0.0264173080545
0.0251307314272
0.024177778361
0.0247365167814
0.0247463177801
0.0251200891787
0.0258569709645
0.0269569003172
0.0284205025453
0.030248894478
0.0324434079628
0.0350052395792
0.0379350312811
0.0412323855685
0.0448953181319
0.0489196508827
0.0532983491134
0.0580208084799
0.0630721009567
0.068432194284
0.0740751672828
0.0799684543651
0.0860721672727
0.0923385611359
0.0987117356318
0.105127689968
0.111514880955
0.117795462612
0.123887405679
0.129707691809
0.135176725059
0.14022396125
0.144794456028
0.148855474749
0.152401385239
0.155453748071
0.158052174041
0.160231435201
0.161982758191
0.163205035589
0.163690805425
0.163114171987
0.161198388572
0.157856634852
0.153244048293
0.147756152155
0.141923975387
0.136278987652
0.131214127787
0.126973973579
0.123647598959
0.121196208066
0.119488250825
0.118333316936
0.117512324606
0.11680270131
0.115998065667
0.114922416442
0.113439084361
0.111454907939
0.10892030282
0.105826067024
0.10219785891
0.0980892829144
0.0935744290252
0.088740561204
0.0836814687165
0.0784918106364
0.0732626185744
0.0680779881821
0.0630128908518
0.0581319723254
0.0534891700766
0.0491279701442
0.0450821300287
0.0413767112957
0.0380292886869
0.0350512279569
0.0324489496254
0.0302251186185
0.0283797193956
0.0269109922425
0.0258162189902
0.0250923557516
0.0261481474959
0.0265276989
0.0273143828376
0.0285090379765
0.0301134645622
0.0321302439143
0.0345624639828
0.0374133582882
0.0406858638152
0.0443821018467
0.0485027844817
0.0530465488428
0.0580092209591
0.0633830122357
0.069155653605
0.0753094762919
0.0818204540618
0.088657230448
0.0957801663741
0.103140459429
0.110679406297
0.11832790455
0.126006318408
0.133624862919
0.141084687462
0.148279853788
0.155100391304
0.161436550118
0.167184227532
0.172251272443
0.176563929297
0.180072059017
0.182751067898
0.18459803621
0.185620175011
0.185816194479
0.185155986905
0.183574853488
0.180988091795
0.177364357008
0.172772846259
0.167407833559
0.161587994901
0.155700680075
0.150111999385
0.145098141442
0.140825450598
0.137342387757
0.134594891349
0.132452213697
0.130734890401
0.12924103501
0.127768878957
0.126134554168
0.124184819309
0.121804859493
0.118921589905
0.115503127203
0.111555255862
0.107115792917
0.102247739605
0.0970320150922
0.0915604203332
0.0859293069468
0.0802342520958
0.0745658843017
0.0690068781155
0.0636300419684
0.0584973625524
0.0536598365873
0.0491579110483
0.045022359657
0.0412754409267
0.0379322064754
0.0350018538993
0.0324890435652
0.0303951215038
0.0287192101926
0.0274591450255
0.026612246714
0.0261759290187
0.0278507585777
0.0286666207298
0.0299360814252
0.031662079656
0.033848674992
0.0365007868859
0.0396238344815
0.043223283804
0.0473041072283
0.0518701583548
0.0569234640309
0.0624634344343
0.0684859920864
0.0749826216614
0.0819393448074
0.0893356283412
0.0971432405774
0.10532507982
0.113834011816
0.122611769846
0.131587992629
0.14067950129
0.149789946579
0.158809988894
0.167618201898
0.176082907133
0.184065138988
0.191422887401
0.198016644855
0.203716067229
0.208407226833
0.211999511602
0.214430808924
0.215669446917
0.215711881605
0.21457663174
0.212297418819
0.208922302121
0.204524267616
0.199226486501
0.193212004961
0.18672577069
0.180066050921
0.173547036694
0.167442052682
0.16194598472
0.157161583077
0.153096557545
0.149676028067
0.146763707034
0.144185689475
0.141753268467
0.139282664627
0.136610555569
0.13360499713
0.130171806615
0.126256813341
0.121844620282
0.116954671754
0.111635483213
0.10595786449
0.100007872752
0.0938800892244
0.0876716497651
0.0814772959931
0.0753855677484
0.0694761391816
0.0638182137532
0.0584698371846
0.0534779580987
0.0488790583402
0.0447001829192
0.0409602176963
0.0376712866909
0.0348401665956
0.0324696411248
0.0305597405245
0.0291088309852
0.0281145344585
0.0275744715333
0.0274868288626
0.0299029472055
0.0312226111133
0.0330455094632
0.0353771051489
0.038224129404
0.0415942343502
0.045495541768
0.0499360944198
0.0549232140535
0.0604627682518
0.0665583467533
0.0732103469325
0.0804149680253
0.0881631146762
0.0964392128169
0.105219945192
0.114472920517
0.124155299924
0.134212417666
0.144576450693
0.155165214206
0.165881187814
0.176610908869
0.187224904085
0.197578363714
0.207512787358
0.216858836042
0.225440595909
0.233081375338
0.239610999399
0.244874321777
0.248740360195
0.251111140335
0.25192913976
0.251182372102
0.248906773464
0.245186553078
0.240154567699
0.233994253887
0.226940341065
0.219268550466
0.211281441945
0.203290033225
0.195582710099
0.188388075633
0.181853217895
0.176037902401
0.170918291894
0.166400870939
0.162342450209
0.158571860302
0.154910394377
0.151189207672
0.14726272642
0.143017741053
0.138378300932
0.13330683952
0.127802171923
0.121895131798
0.115642655032
0.109121081062
0.102419345052
0.0956325966176
0.0888566259285
0.0821833256064
0.0756972816417
0.0694734774655
0.0635760158239
0.0580577124834
0.0529603904434
0.048315698191
0.0441462850852
0.0404671860145
0.0372872916199
0.0346108061389
0.0324386198094
0.0307695451851
0.0296013857452
0.0289318205209
0.0287591001633
0.0290825582593
0.0323577976931
0.0342480623936
0.0366941702769
0.0397045415941
0.0432889966115
0.0474583178062
0.0522237057298
0.0575961342566
0.0635856085112
0.0702003266229
0.0774457447474
0.0853235437246
0.0938304955223
0.102957228523
0.112686893074
0.122993732998
0.133841575392
0.145182260752
0.156954048804
0.169080053239
0.181466781387
0.194002883219
0.206558247691
0.218983622355
0.231110971539
0.242754824327
0.253714887709
0.263780200608
0.272735065176
0.280366894477
0.28647594514
0.290886655569
0.293460002531
0.294105972072
0.292795006379
0.289567199026
0.284538061749
0.27789996645
0.269918061417
0.260917750868
0.25126145446
0.241321206914
0.231449812849
0.221949325571
0.213042886165
0.204861275782
0.197443554069
0.190747170596
0.184665542984
0.179049423675
0.173728500422
0.168530826936
0.163298707781
0.15790041575
0.152237651428
0.146249019011
0.139910038299
0.133230369884
0.126249011143
0.119028229845
0.111646948221
0.104194186942
0.0967630440487
0.0894455374328
0.0823284979353
0.0754905761275
0.0690003268002
0.0629152640183
0.0572817353681
0.0521354432663
0.0475024391475
0.0434004277974
0.0398402391752
0.0368273496105
0.0343633599874
0.0324473631144
0.0310771544121
0.0302502585317
0.0299647592553
0.0302199311408
0.031016679178
0.0352596355918
0.0377848844811
0.040921291272
0.0446806624354
0.0490763166511
0.0541225566724
0.0598340344695
0.0662250147211
0.0733085391079
0.0810954915292
0.0895935624907
0.0988061096705
0.108730911283
0.11935880957
0.130672243888
0.142643676821
0.155233923013
0.1683903996
0.182045329789
0.196113948207
0.210492778674
0.225058082793
0.239664611619
0.254144832338
0.268308846376
0.281945261848
0.294823326835
0.306696662525
0.317308944652
0.326401851231
0.333725503482
0.339051451654
0.342187974533
0.342997053448
0.341411849153
0.337452861582
0.331240239428
0.322999154551
0.313054785988
0.301813541892
0.289730322
0.277268217566
0.264856881006
0.252854238509
0.241518498308
0.230997269776
0.221332632049
0.212477357425
0.204317876902
0.196699406353
0.189449600518
0.182398569475
0.175394292529
0.168313251005
0.161066567704
0.153602203004
0.145903900391
0.137987643447
0.129896400004
0.121693893408
0.113458061218
0.105274748152
0.0972320464202
0.0894155576018
0.0819047194409
0.0747702283764
0.0680725002817
0.0618610496988
0.0561746306642
0.051041966597
0.0464828981313
0.0425097913524
0.0391290700642
0.0363427606178
0.0341499634152
0.0325481893214
0.0315345205109
0.031106573021
0.0312632522766
0.0320053032355
0.033335663936
0.0386409729982
0.0418614028025
0.0457506653475
0.0503243610118
0.0555996933926
0.0615948549022
0.0683283077923
0.0758179650499
0.0840802728138
0.0931291934721
0.102975086556
0.113623483122
0.125073748698
0.137317630291
0.150337684673
0.164105588569
0.178580336824
0.193706342662
0.209411465363
0.225605005694
0.24217572907
0.25899000144
0.275890154073
0.292693231554
0.309190322752
0.325146727187
0.340303268156
0.354379126057
0.367076624779
0.37808844951
0.387107786217
0.393841818864
0.398028848422
0.399458933284
0.397997300446
0.393608739519
0.386379737325
0.37653346039
0.364431346873
0.350555221896
0.335467989526
0.31975876802
0.303983113262
0.288609402493
0.273981381614
0.2603033346
0.247647127728
0.235975061904
0.225170873786
0.215071880029
0.205497516239
0.196271981639
0.187240465319
0.178279402412
0.169301626961
0.160257406845
0.151132332853
0.141942971625
0.132731109394
0.123557314709
0.114494433278
0.105621499391
0.097018413289
0.0887616016048
0.0809207580906
0.0735566612594
0.0667199885729
0.0604509942824
0.0547798884762
0.0497277448378
0.0453077698047
0.041526781664
0.0383867704171
0.0358864344391
0.0340226152767
0.0327915754244
0.0321900844066
0.0322162953555
0.0328704073872
0.0341551186397
0.0360758812167
0.0425198067283
0.0464896608197
0.0511879466689
0.0566344268252
0.0628505368297
0.0698586927625
0.0776814991857
0.0863408613603
0.0958570026904
0.106247385723
0.117525532846
0.129699741215
0.142771685567
0.156734902647
0.171573152123
0.187258651496
0.203750186751
0.220991106834
0.238907218809
0.257404612305
0.27636745709
0.295655837196
0.315103709734
0.334517107862
0.353672746798
0.372317241887
0.390167211445
0.406910618119
0.422209804226
0.435706800256
0.44703162569
0.455814436481
0.461702451787
0.464382508384
0.463609658042
0.459241149846
0.451273079109
0.439873756741
0.425403896882
0.408411111892
0.389589422083
0.36970651629
0.349516079668
0.329675533051
0.310685256611
0.292859674902
0.276332779014
0.261089820085
0.247011556022
0.23391890772
0.22161069012
0.209891683251
0.198591217412
0.187573755822
0.176743275876
0.16604311507
0.155452678541
0.144982141222
0.134666055993
0.124556595008
0.114716990143
0.10521559058
0.0961208180283
0.087497175107
0.0794023542959
0.0718854073741
0.0649858705719
0.0587336986271
0.0531498396313
0.0482472785143
0.0440323862216
0.0405064298682
0.0376671225699
0.0355101170632
0.0340303721437
0.0332233436958
0.0330859716198
0.0336174498231
0.0348197785792
0.0366981072178
0.039260880706
0.0468974135702
0.0516632681768
0.0572185399352
0.0635874630361
0.0707959944496
0.0788710555597
0.0878396821153
0.0977280859253
0.108560628717
0.120358705873
0.133139535477
0.146914846324
0.161689457473
0.177459741565
0.194211964729
0.211920497561
0.230545894462
0.250032842826
0.270307989209
0.291277656848
0.312825478041
0.334809976114
0.357062145783
0.37938309877
0.401541865796
0.423273480351
0.444277520523
0.464217362614
0.482720519358
0.499380616507
0.513761827833
0.525406960239
0.533850854937
0.53864128155
0.53936984084
0.535715073216
0.527498082354
0.514746199417
0.497751480804
0.477099906671
0.453643072802
0.428402718304
0.402438841626
0.376717708612
0.352004726209
0.328802148049
0.307347141175
0.287658287799
0.269603833588
0.252968773744
0.237508629658
0.222986782499
0.209197115801
0.195975382369
0.183202672106
0.170803705633
0.15874196571
0.147013101238
0.135637620696
0.124653596724
0.114109887734
0.104060214406
0.0945582911849
0.0856540980536
0.0773912841551
0.0698056225783
0.0629243847948
0.0567664728301
0.051343134932
0.0466590929471
0.0427139230874
0.0395035524736
0.0370217583722
0.0352615825879
0.0342165978921
0.033881985234
0.0342553989615
0.0353376120497
0.0371329444331
0.0396494852702
0.0428991247656
0.0517567634114
0.0573559122186
0.0638061996609
0.0711365624381
0.0793776917634
0.088561224519
0.0987188535736
0.109881360383
0.122077569987
0.13533322579
0.149669779217
0.16510308749
0.18164201152
0.199286905301
0.218027988231
0.237843592556
0.258698279521
0.28054081972
0.30330203533
0.326892504092
0.351200126629
0.376087559525
0.401389516267
0.42690993692
0.45241902645
0.477650164441
0.502296702843
0.526008706925
0.54838978204
0.568994304828
0.587325704014
0.602837001959
0.614935746284
0.622996836129
0.626388571727
0.62451913272
0.616911253779
0.603308847765
0.583805037318
0.558951822987
0.529778964697
0.497667299616
0.464145578211
0.430677685808
0.398469721303
0.368331594572
0.340656525673
0.31549776581
0.292683457335
0.271924169787
0.252893382065
0.235278907433
0.21881094374
0.203273907742
0.188508078958
0.174405363331
0.160902010445
0.147970068654
0.1356086824
0.123835910389
0.112681473332
0.102180659096
0.0923694832643
0.0832811053278
0.0749434266476
0.0673777429459
0.0605982896024
0.0546125008143
0.0494218013235
0.045022758891
0.041408443714
0.0385698642652
0.0364973746721
0.035181974374
0.0346164446392
0.0347962874255
0.0357204494408
0.0373918278877
0.0398175644252
0.0430091406852
0.0469822927042
0.0570616436769
0.0635206242653
0.0708924310463
0.0792108360393
0.0885113812348
0.098830537047
0.110204793461
0.122669686873
0.136258762685
0.151002471089
0.166926991233
0.184052977213
0.202394218064
0.221956203234
0.24273458474
0.264713527397
0.287863938728
0.312141570164
0.337484980259
0.363813347939
0.391024118175
0.418990452386
0.447558439456
0.476543999009
0.505729374803
0.534859073336
0.563635054337
0.591710936294
0.618684965096
0.644091554647
0.667391433559
0.687960980366
0.705082469154
0.717939099961
0.725622429513
0.727165664318
0.721623767424
0.708226274161
0.68661724238
0.657139714372
0.62099907478
0.580077697771
0.536612885436
0.492868939381
0.450796328401
0.411706879051
0.37621469921
0.344384768231
0.31594254695
0.290453823974
0.267447121378
0.246483927295
0.227191820423
0.209274659296
0.192510071969
0.176740724753
0.161863145932
0.147816180408
0.134570163037
0.122117349127
0.110463838315
0.0996230565399
0.0896107567214
0.0804414307251
0.0721259794936
0.0646704592496
0.0580757070601
0.0523376471155
0.0474480878993
0.043395837575
0.0401679877984
0.0377512421426
0.0361331920823
0.0353034691554
0.0352547251289
0.0359834119123
0.0374903491857
0.0397810802119
0.0428660253116
0.0467604484001
0.0514842552876
0.0627565587328
0.0700898635985
0.0783967570581
0.0877158630247
0.0980875752855
0.109553202118
0.12215405939
0.135930515198
0.150920986341
0.167160884479
0.184681507819
0.203508872634
0.223662477925
0.245153995994
0.267985881532
0.292149891905
0.317625511072
0.344378268516
0.37235794172
0.401496624518
0.431706632427
0.462878196807
0.494876869129
0.527540510284
0.560675672251
0.59405308488
0.62740183358
0.660401651992
0.69267256374
0.723760915872
0.753120725139
0.780089371255
0.803857370988
0.823433974343
0.837615053863
0.844969793532
0.843881958713
0.83271267233
0.810181077396
0.776008826224
0.731531589207
0.679324575942
0.622665668262
0.565101442651
0.509900285995
0.459204282179
0.413910729557
0.37401186145
0.339001027505
0.308177071984
0.280826194584
0.256311867949
0.234108184603
0.213802796516
0.195085616125
0.177732225189
0.161586515574
0.146544636237
0.132541062181
0.119536995905
0.107511038365
0.0964519496803
0.0863532724135
0.077209572075
0.0690140446188
0.0617572437597
0.0554266906369
0.0500071442367
0.0454813323667
0.0418309685137
0.0390379079797
0.0370853254978
0.0359588244301
0.0356474133627
0.0361443084755
0.0374475389897
0.0395603480984
0.0424913931919
0.0462547572241
0.0508697881665
0.0563607861592
0.0687674366158
0.0769764518943
0.0862178869928
0.0965351022165
0.107973210913
0.120578228796
0.134396189157
0.149472227252
0.165849634622
0.183568882008
0.202666607832
0.223174568167
0.245118543576
0.268517198245
0.293380887273
0.319710408625
0.347495696522
0.376714452291
0.407330705657
0.439293292445
0.47253422117
0.506966877398
0.54248397611
0.578955111683
0.616223662756
0.654102672195
0.692369122926
0.730755745361
0.76893909374
0.806522087668
0.843008515139
0.87776616833
0.909974514065
0.93855265734
0.962065430733
0.978614028161
0.985743982467
0.980474440454
0.959714080646
0.921545651656
0.867388740179
0.800785168836
0.726424946036
0.64984015239
0.576855991166
0.511008092988
0.453465706362
0.40391467915
0.361363485268
0.324642484441
0.292653280593
0.264466406683
0.239340575623
0.216706970277
0.196141298409
0.177334288838
0.160065013943
0.144178413572
0.129567089342
0.11615695092
0.103896168927
0.0927469018735
0.0826793193542
0.0736675025328
0.0656868546619
0.0587126984675
0.0527197762243
0.0476824047427
0.0435750727843
0.0403733029954
0.0380546339683
0.036599609748
0.0359926931684
0.0362230451466
0.0372851339954
0.0391791567721
0.0419112687181
0.045493627226
0.0499442639115
0.0552868027441
0.0615500443032
0.0750031430503
0.0840753586778
0.0942357893724
0.105532271921
0.118014358898
0.131732489459
0.146737144237
0.163077987952
0.180803001177
0.199957600948
0.2205837488
0.242719044333
0.26639580265
0.291640114997
0.318470893499
0.346898902885
0.376925783943
0.408543074615
0.441731233711
0.476458667709
0.512680750271
0.550338803159
0.589358970741
0.629650859963
0.671105721353
0.713593795913
0.756960219597
0.801018517782
0.845540169501
0.890237871289
0.934738825668
0.978542388532
1.02095340926
1.06097817233
1.09716361784
1.12735309111
1.14833079288
1.15537783995
1.14207868799
1.10203235326
1.03716555307
0.952480185137
0.854170192668
0.750371512756
0.652701328182
0.566964544988
0.494250219924
0.43336331855
0.382364149346
0.339304958165
0.302511337006
0.270646419328
0.242685688532
0.217863326684
0.19561615318
0.175534615296
0.157323061616
0.140768737034
0.125718101709
0.112059020045
0.099707566527
0.0885984396899
0.078678189341
0.0699006291482
0.0622239319074
0.0556089989448
0.0500187680417
0.0454181834559
0.0417746018693
0.0390584520906
0.0372440054227
0.0363101482081
0.0362410782617
0.0370268726576
0.038663895654
0.0411550325786
0.0445097485392
0.0487439802764
0.0538798758232
0.0599454003921
0.0669738285748
0.0813577693862
0.0912663040754
0.102314635963
0.114554666416
0.12803994847
0.142824892725
0.158963975438
0.17651095276
0.195518083255
0.216035359638
0.238109750063
0.261784449646
0.287098144106
0.314084289625
0.342770416164
0.373177465504
0.40531917972
0.439201560295
0.474822421631
0.51217106398
0.551228087888
0.591965361844
0.63434613255
0.678325225949
0.723849215658
0.77085631595
0.819275559138
0.869024491497
0.920004080366
0.972088614625
1.02510683173
1.07880784289
1.1328008099
1.18644915627
1.23868479508
1.28767526836
1.33019417594
1.36032279994
1.36669664919
1.32889628834
1.25301369112
1.14667783568
1.01636214012
0.870776591017
0.737823069384
0.626082195121
0.534997273816
0.461225058312
0.401112446063
0.351511112669
0.309945548825
0.27455306395
0.243963506155
0.217180742968
0.193484525337
0.172354828368
0.153415434491
0.136392536525
0.121084613319
0.107340640901
0.0950444529571
0.0841036536569
0.0744419159987
0.0659938027517
0.0587014601189
0.0525126852299
0.0473799785378
0.0432602753728
0.0401151164245
0.0379110703037
0.0366202657885
0.0362209286916
0.0366978494795
0.0380427334978
0.0402544063523
0.0433388631708
0.0473091626002
0.0521851750116
0.0579932000568
0.0647654719557
0.0725395722139
0.087713627042
0.098417108779
0.11030654405
0.1234373333
0.13786642867
0.153651584449
0.170850626655
0.189520745951
0.209717816677
0.231495743983
0.254905841213
0.279996240722
0.306811343675
0.335391317906
0.365771657922
0.397982827499
0.432050013019
0.467993024485
0.505826390682
0.545559704579
0.587198283911
0.630744218516
0.676197878243
0.723559949986
0.772834053707
0.824029945852
0.877167236584
0.932279391317
0.989417492319
1.04865267427
1.11007506492
1.17378497145
1.23986808725
1.30833935252
1.37902843239
1.45136155763
1.52394054799
1.59340975445
1.64875324858
1.6174898272
1.5311408325
1.40224171694
1.2336405023
1.01455479363
0.830264380027
0.685642242399
0.573433677037
0.485840299507
0.416468613267
0.360509562482
0.314481563405
0.275906183853
0.243029087048
0.214607902801
0.189759215574
0.167850644371
0.148425326915
0.131149125877
0.115773656415
0.10211035952
0.0900123483438
0.0793617788389
0.0700611823314
0.0620276556374
0.0551891118964
0.0494820053003
0.0448500900381
0.0412438803606
0.0386205586907
0.036944140735
0.0361857558292
0.0363239403983
0.0373448743759
0.0392425159785
0.042018610293
0.045682562475
0.0502511776528
0.05574827752
0.0622042086868
0.069655260688
0.0781430126031
0.0939448469458
0.105387683541
0.118056001919
0.132007987921
0.147303232474
0.164002031113
0.182164717504
0.201851035123
0.22311955022
0.246027108843
0.270628341412
0.296975220151
0.325116678018
0.355098302624
0.386962125363
0.420746534708
0.456486353461
0.494213133023
0.533955733488
0.575741276995
0.619596583724
0.665550225928
0.713635366782
0.763893589618
0.816379972458
0.871169727201
0.928366808814
0.988115014428
1.0506122395
1.11612872483
1.18503023866
1.25780693236
1.33510737723
1.41777373285
1.50686959932
1.60372233685
1.71034282856
1.83297399584
1.87049955316
1.83200456664
1.73459821153
1.58948301085
1.40225842347
1.1756382767
0.921751534409
0.740049527228
0.606021464069
0.505017779275
0.427098130603
0.365506445935
0.315667688407
0.274472436634
0.239789454814
0.210142080151
0.184494728815
0.162111498241
0.142461725814
0.125156290264
0.109904255011
0.0964831532966
0.0847185557972
0.0744700440476
0.0656216577531
0.0580754918902
0.0517475163536
0.0465649551975
0.0424647430675
0.0393927035437
0.0373031865414
0.0361589711226
0.0359312931602
0.0365998986209
0.038153055573
0.0405874832217
0.0439081756223
0.0481281122522
0.0532678581432
0.0593550635208
0.0664238774978
0.0745142928692
0.0836714399258
0.0999214495966
0.112034513358
0.125404819937
0.140092491973
0.156158852434
0.17366577268
0.192675066391
0.213247933146
0.23544445464
0.259323146538
0.284940570079
0.312351009951
0.341606229022
0.372755316367
0.405844653068
0.44091803078
0.478016971381
0.517181312734
0.558450146334
0.601863218522
0.647462939724
0.695297188527
0.745423153677
0.797912534528
0.85285853038
0.910385210602
0.970660102052
1.0339112115
1.1004503114
1.17070531856
1.24526625393
1.32495192804
1.41090794657
1.50474611872
1.60869981637
1.72553101666
1.85662603421
1.99010205348
2.02140411546
1.97560377167
1.86890288529
1.71219884735
1.51224515653
1.27267381805
0.992698017421
0.780943138825
0.628314288257
0.516303654173
0.43165205814
0.365778744071
0.313142569862
0.270103718749
0.234223876903
0.203838367189
0.177789884016
0.155259300095
0.135656051086
0.11854591032
0.103602730567
0.0905758565717
0.0792679739862
0.0695200235857
0.0612009633913
0.0542008882104
0.0484264828045
0.0437980911116
0.040247889921
0.0377187978515
0.0361638519009
0.0355458579986
0.0358371774672
0.0370195534207
0.0390839133294
0.0420301085518
0.0458665701647
0.0506098741197
0.0562842185539
0.0629208227426
0.0705572613757
0.079236750075
0.0890073988114
0.105513721645
0.118215457296
0.132197410012
0.147520677069
0.164247282481
0.182439568282
0.202159639927
0.223468868716
0.246427453542
0.271094044368
0.297525431208
0.325776305079
0.355899101764
0.387943945611
0.421958719156
0.457989295756
0.496079986799
0.53627427337
0.578615915319
0.623150560008
0.669928011097
0.71900536808
0.770451316082
0.824351942231
0.88081859526
0.939998514763
1.00208927919
1.06735863279
1.13617209052
1.20903216292
1.28663570911
1.36996143151
1.46041284804
1.56008087743
1.67232387553
1.80338336708
1.96794115519
2.0774693248
2.10093089492
2.04931922565
1.9361351857
1.77204261871
1.56497282558
1.32194834235
1.05471448545
0.802834673263
0.636222204734
0.5175317558
0.429061197116
0.360832005581
0.306717639958
0.262778656538
0.226403146744
0.195816897899
0.169788544909
0.147445795046
0.128157936036
0.111459207025
0.0969980196701
0.0845028970188
0.0737594356455
0.0645946588333
0.0568663929578
0.0504560900818
0.0452640245742
0.0412061208737
0.0382118894571
0.0362230987732
0.0351929168632
0.0350853327244
0.0358747235979
0.0375454762298
0.0400916016154
0.0435163063526
0.0478315012997
0.0530572410664
0.0592210969531
0.0663574720898
0.0745068713536
0.0837151406723
0.0940326909602
0.110596710831
0.123794656862
0.138286163415
0.15413225586
0.171394535563
0.190134605143
0.210413552089
0.232291492308
0.255827174476
0.28107764621
0.308097984349
0.336941094275
0.367657587448
0.400295752539
0.434901643839
0.471519321582
0.510191292612
0.550959217317
0.593864970653
0.638952172863
0.686268341404
0.735867862917
0.787816048286
0.842194623581
0.899109138194
0.958698960324
1.02115081335
1.08671723829
1.15574203187
1.22869572869
1.30622570148
1.38922736988
1.47894392091
1.57709376041
1.68596817207
1.80815102027
1.9441205271
2.07941447761
2.10552799522
2.05249726674
1.93643040846
1.76843678609
1.55638763881
1.30467406339
1.01026988403
0.786245672213
0.625034981321
0.507287895672
0.418861455506
0.350561313537
0.296451070313
0.25263470212
0.216501519121
0.186264979009
0.160677075842
0.138847992202
0.120130038703
0.104041691963
0.0902171593617
0.0783725053924
0.0682827094492
0.0597660480246
0.052673444613
0.0468812175555
0.0422861607167
0.0388022220673
0.036358265933
0.0348965555735
0.0343716983315
0.0347498710375
0.0360081982723
0.038134196584
0.0411252278221
0.0449879270774
0.0497375871561
0.0553974934288
0.0619982112791
0.0695768340058
0.0781762025384
0.0878441101635
0.0986325060211
0.115054635382
0.128647327323
0.143536675336
0.159782537928
0.177444917313
0.196583406694
0.21725669615
0.239522136869
0.263435362568
0.289049966873
0.316417236387
0.345585941401
0.37660218987
0.409509355663
0.444348099231
0.481156508202
0.519970396945
0.560823818418
0.603749859081
0.648781809021
0.695954826138
0.745308247051
0.796888741324
0.850754564227
0.906981242912
0.965669140939
1.02695349925
1.09101776261
1.15811128115
1.22857281362
1.30286154604
1.38159716832
1.46560863831
1.55598406124
1.65409381142
1.76152009113
1.8798552831
2.01126197935
2.0359475209
1.984549727
1.86954750013
1.70194704299
1.49084195342
1.2435378017
0.955630931945
0.749207502464
0.598660848941
0.486733277426
0.401612856996
0.33536632879
0.282682535068
0.239976551183
0.204795076721
0.17543152935
0.150677538875
0.12966139413
0.111741916571
0.0964379616372
0.0833810929227
0.0722835237827
0.0629162464947
0.0550940383251
0.0486651540932
0.0435042333568
0.0395074180746
0.0365889861338
0.0346790147199
0.0337217308038
0.0336743064219
0.034505928047
0.0361970212626
0.0387385500008
0.0421313376714
0.0463853782064
0.0515191201981
0.057558718242
0.0645372532607
0.0724939287296
0.0814732529176
0.0915242189208
0.102699494746
0.118784999146
0.132664200491
0.147832557639
0.164347659908
0.182266727223
0.201646066279
0.222540581939
0.245003341374
0.269085187257
0.294834395891
0.322296376582
0.35151341008
0.382524426674
0.415364828549
0.450066366392
0.486657087045
0.525161377072
0.565600136517
0.607991127787
0.652349556295
0.698688952465
0.747022438421
0.797364477133
0.849733216141
0.904153550112
0.960661032365
1.01930675563
1.08016327773
1.14333155185
1.2089485699
1.27719495524
1.34830104977
1.42254980656
1.50027896258
1.58191112234
1.66815923064
1.76103213294
1.86803443706
1.8864162838
1.84348757217
1.73428658855
1.57066319121
1.36346050389
1.13528803035
0.878102649973
0.695684884549
0.560448344345
0.457848069606
0.378515043476
0.316043095946
0.265989040581
0.22525058935
0.191643624843
0.163613117307
0.140036642636
0.120091260655
0.103163232743
0.0887865643663
0.0766009596824
0.0663229072356
0.0577257033678
0.0506255990157
0.0448721654961
0.0403415776439
0.0369319151739
0.0345598549124
0.0331583125406
0.0326747217048
0.0330697295529
0.0343161530687
0.0363980879723
0.0393100966536
0.043056427157
0.0476502340252
0.0531127855456
0.05947265184
0.0667648751777
0.0750301285499
0.0843138714316
0.0946655131486
0.106137594653
0.121702211594
0.135755396513
0.151079591936
0.167729052094
0.185757074485
0.20521545223
0.226153975358
0.248619976096
0.272657911686
0.298308977356
0.325610741831
0.354596798503
0.385296426939
0.417734261908
0.451929970359
0.487897940684
0.525646992692
0.565180120686
0.606494285119
0.649580269609
0.69442261831
0.740999661638
0.789283623017
0.839240770498
0.890831526142
0.944010358608
0.998725136141
1.05491536643
1.1125083271
1.17141138044
1.2314975801
1.29257970669
1.35436452286
1.41637264353
1.47779293112
1.53717961583
1.59163029006
1.63383455915
1.63972128914
1.62825279034
1.52998808663
1.37295482183
1.15514919316
0.961302610572
0.777958440127
0.630036699205
0.514003209671
0.42302790393
0.35111887628
0.293630248995
0.247101990056
0.208996703007
0.177460401233
0.151133721526
0.129011693516
0.110342700828
0.0945568025544
0.0812152522448
0.0699750391571
0.0605639844566
0.052763230899
0.0463949098709
0.0413134356809
0.0373993404181
0.0345548841135
0.0327008985044
0.0317744792684
0.0317272523273
0.0325240189964
0.0341416419846
0.0365680760325
0.0398014776789
0.0438493513059
0.0487277053074
0.0544602044515
0.0610773133326
0.0686154320192
0.0771160291739
0.0866247805112
0.0971907217625
0.108865425607
0.123740533224
0.137853526919
0.153209004081
0.169856898135
0.187845536741
0.207221079613
0.228026997019
0.250303581608
0.27408748437
0.299411264039
0.326302938512
0.354785526621
0.384876569147
0.416587618881
0.449923690806
0.484882664651
0.521454632515
0.559621183346
0.599354612617
0.640617038009
0.683359388331
0.727520209825
0.773024196887
0.81978029584
0.867679139175
0.916589426077
0.966352644529
1.01677518528
1.0676163546
1.11856992836
1.16923549219
1.21907348182
1.26733373295
1.31293950022
1.35429257204
1.38893054141
1.4129086708
1.41980493364
1.40033569033
1.35186034139
1.25801535365
1.12717338708
0.971379265845
0.819964185402
0.680160068814
0.561250246918
0.46378639594
0.384900678322
0.321103542021
0.269257701173
0.226814504702
0.191791720935
0.162676657372
0.138321894566
0.11785557072
0.100610738419
0.0860721275343
0.0738369634773
0.0635865041411
0.0550655087756
0.0480674796502
0.0424240648172
0.0379974416145
0.0346748242819
0.0323644762958
0.0309927800314
0.0305020407451
0.0308487920433
0.0320024357179
0.0339440970241
0.0366656120412
0.0401685901086
0.0444635139113
0.0495688542923
0.0555101875479
0.0623193107201
0.0700333558741
0.0786939080493
0.088346133853
0.0990379287889
0.110819091578
0.124856201332
0.138915871002
0.154179687613
0.170692399011
0.18849645453
0.207631420769
0.228133428984
0.250034644642
0.273362747474
0.298140408535
0.324384749456
0.352106768229
0.38131071545
0.41199340474
0.444143440739
0.477740347256
0.512753575976
0.549141371877
0.586849463833
0.62580953607
0.665937416024
0.707130883254
0.749266957884
0.792198458902
0.835749522527
0.87970962445
0.923825436018
0.967789531941
1.01122451081
1.0536604237
1.09450243523
1.13298423593
1.16810073631
1.19851101947
1.22240049677
1.23729561563
1.23985893458
1.22583091508
1.19066459087
1.13162973108
1.04570483066
0.938143460145
0.818523008535
0.700181974
0.590473283702
0.494434974856
0.413231499825
0.345744565348
0.290014551611
0.24400152703
0.205894571579
0.174195711393
0.147707775477
0.12548910541
0.106802842948
0.0910715258828
0.0778400453183
0.066746839197
0.0575020905354
0.0498714878049
0.0436642391718
0.0387242672481
0.0349237463765
0.0321583455986
0.0303437006512
0.0294127615121
0.029313755055
0.0300085720897
0.0314714401977
0.0336877827746
0.0366531939334
0.0403724808692
0.0448587417698
0.0501324596847
0.056220601926
0.0631557212832
0.0709750601067
0.0797196615464
0.0894334942223
0.100162597535
0.111954254865
0.125028636471
0.138925519916
0.153979264406
0.170228723351
0.187709737445
0.206454524972
0.226491095048
0.247842672742
0.270527122595
0.294556354984
0.319935698143
0.346663217393
0.374728962221
0.40411412095
0.434790061615
0.466717235827
0.499843919045
0.534104755143
0.569419064154
0.605688858181
0.642796489908
0.680601828253
0.718938813417
0.757611184581
0.796387092216
0.834992196615
0.873100706754
0.910323620774
0.946193186703
0.980142316995
1.01147740399
1.03934282364
1.06267572865
1.08015141204
1.09012476848
1.09058718893
1.07918990079
1.05344240182
1.01124196696
0.951701734233
0.875446288937
0.786587490351
0.691571590166
0.597696010146
0.510114492051
0.432032087104
0.364537371433
0.307259598607
0.259110717095
0.218784900907
0.185020681194
0.156710094808
0.132926079018
0.112912239383
0.0960587176539
0.0818756326664
0.0699689649995
0.0600204714348
0.0517717184268
0.0450117320093
0.0395675992017
0.0352973796469
0.0320847775466
0.0298351289797
0.0284723563485
0.027936622893
0.0281824853835
0.0291773941489
0.030900429084
0.0333411906042
0.0364987877501
0.0403808833824
0.0450027699469
0.0503864595466
0.0565597797833
0.0635554725536
0.0714102970881
0.0801641413246
0.089859147405
0.100538857843
0.112247388829
0.124260683156
0.137891443869
0.152623941075
0.168490607549
0.185520152651
0.203736928153
0.223160309822
0.243804082779
0.265675816154
0.288776210481
0.313098399551
0.338627187131
0.365338197938
0.393196921345
0.422157625091
0.452162114524
0.483138309859
0.514998609063
0.547637996434
0.58093184566
0.614733350251
0.648870492258
0.683142431079
0.717315156657
0.751116204978
0.784228179297
0.816280762173
0.84684085202
0.875400438003
0.901361890411
0.924020593287
0.942545484772
0.955959483642
0.963124665683
0.962742548558
0.953389339435
0.933619537353
0.902181838104
0.858372539295
0.802457213118
0.73597697402
0.662139191164
0.585240308833
0.509704796834
0.438932973094
0.375062550922
0.318970243303
0.270593029881
0.229326060092
0.194334460729
0.164746287831
0.139751725856
0.118643011417
0.100821908025
0.0857917852378
0.0731439195244
0.0625429144412
0.0537134341462
0.0464290138589
0.0405030156088
0.0357814997137
0.0321376862934
0.0294676796647
0.0276871659169
0.0267288429399
0.0265403902385
0.0270828281229
0.0283291510792
0.0302631486044
0.0328783494382
0.0361770429581
0.0401693454476
0.0448722898004
0.0503089256072
0.05650742298
0.0635001782962
0.0713229235443
0.0800138433484
0.0896127051966
0.100160008984
0.111696161804
0.122577895066
0.135847502352
0.150157193434
0.165532653737
0.181995163828
0.199560946065
0.218240522208
0.238038069846
0.258950763183
0.280968081724
0.304071068942
0.328231521915
0.353411092294
0.379560278471
0.406617288351
0.434506751323
0.463138256492
0.492404691548
0.522180352459
0.552318787963
0.58265033451
0.612979286783
0.643080636735
0.672696301845
0.701530753845
0.729245958756
0.75545555843
0.779718282293
0.801530709034
0.820319757966
0.835435770883
0.846147892431
0.851644878656
0.85104670943
0.843435599029
0.82791877946
0.803737717991
0.770433779573
0.728059606779
0.677385206717
0.620019571022
0.558405590371
0.495456928911
0.434013548337
0.376317389207
0.323817102894
0.277177904604
0.236451317815
0.20129750441
0.171177948446
0.145489290053
0.12364224798
0.105100831906
0.0893968397668
0.076130742565
0.0649660647728
0.0556213692325
0.0478620031709
0.0414926017507
0.0363507058912
0.0323015256811
0.0292337334498
0.0270561184815
0.0256949306379
0.0250917566011
0.0252017963985
0.0259924326212
0.0274420073872
0.0295387415823
0.0322797471356
0.0356700963279
0.0397219228032
0.0444535374773
0.049888549279
0.0560549859194
0.0629844139206
0.0707110601005
0.0792709387543
0.088700989996
0.099038235167
0.110318954954
0.120026930573
0.132850479947
0.14664738208
0.161436453805
0.177231479553
0.194040547831
0.211865396821
0.230700757671
0.250533681907
0.271342837833
0.29309775965
0.315758032549
0.339272396992
0.363577755845
0.388598068669
0.41424311826
0.440407135116
0.466967265813
0.493781871224
0.520688640125
0.547502503542
0.57401333595
0.599983432923
0.625144763853
0.649196017604
0.67179949594
0.692577976111
0.711111777844
0.726936457811
0.739541854091
0.748373663233
0.752839408713
0.752321589411
0.746201937879
0.733901808363
0.714944017918
0.689039448178
0.656195029197
0.616826558634
0.571843065242
0.522660972998
0.471113580525
0.419214005968
0.368849679413
0.321518564639
0.278211027035
0.239416235844
0.205216743452
0.175417351319
0.149664870333
0.127538607993
0.10860925839
0.0924722647798
0.078763585389
0.0671646594796
0.0574014415364
0.0492406210949
0.0424848542985
0.0369679824801
0.0325506954348
0.0291168032001
0.0265701256684
0.0248319367127
0.0238388723404
0.0235412089512
0.0239014256223
0.0248929766567
0.026499213903
0.0287124108976
0.0315328520081
0.0349679592819
0.0390314376854
0.0437424260063
0.0491246460526
0.0552055470755
0.0620154457049
0.0695866642049
0.0779526715983
0.08714723325
0.097203574834
0.10815356629
0.116673174232
0.128977285604
0.142184463697
0.156306736193
0.171350546477
0.187316091691
0.204196671337
0.221978036393
0.240637727192
0.260144387158
0.280457038983
0.301524309957
0.323283594058
0.345660139833
0.368566055135
0.391899222284
0.415542120005
0.439360551831
0.46320228438
0.486895603687
0.510247804158
0.533043634037
0.555043735525
0.575983139873
0.595569912281
0.613484094602
0.629377174208
0.642872426332
0.653566648193
0.661034040657
0.664833306005
0.664519410473
0.659661856598
0.64987158447
0.634838480778
0.614380408911
0.58850197362
0.557456302198
0.521796330678
0.482396014954
0.440421274913
0.397237916573
0.354257793407
0.312764639446
0.273773931105
0.237967126774
0.205696951828
0.177042883411
0.151888433286
0.129996548895
0.111070253952
0.0947951472121
0.0808658210666
0.0690002266013
0.0589459844332
0.0504818151791
0.0434163098399
0.0375854587937
0.0328497759437
0.0290914687233
0.0262118660664
0.0241291780938
0.0227765867299
0.022100630465
0.0220598326115
0.0226235205462
0.0237707875756
0.0254895558124
0.0277757059407
0.0306322470473
0.0340685063569
0.0380993245738
0.0427442475803
0.0480267094882
0.0539732055513
0.0606124562582
0.0679745660808
0.0760901818565
0.0849896566827
0.0947022254659
0.105255197938
0.112597739863
0.12432149682
0.136876009978
0.150266783345
0.164493277765
0.179548263933
0.195417190527
0.212077559441
0.229498298839
0.247639124102
0.26644987683
0.285869832919
0.305826972465
0.326237206691
0.347003560377
0.368015312245
0.389147100439
0.410258005767
0.431190631961
0.451770210229
0.4718037658
0.491079397848
0.50936574314
0.526411720042
0.54194668632
0.555681195141
0.567308603104
0.576507875914
0.582948053779
0.586294976923
0.586221018121
0.582418689563
0.574619015863
0.562615370761
0.546292874043
0.525662201943
0.500894589928
0.472351984392
0.44060343377
0.406417455234
0.370722206219
0.334531754314
0.298847173034
0.26455557471
0.232353545241
0.202711987258
0.175881429542
0.151926322039
0.130772926999
0.112257573564
0.0961673017395
0.082270006613
0.0703345270532
0.0601426554178
0.0514953625469
0.044215242431
0.0381466930269
0.0331548758296
0.0291241179816
0.0259561490651
0.0235683840137
0.0218923505239
0.0208722927407
0.0204639464778
0.0206334633335
0.0213564541714
0.0226171217202
0.024407454583
0.0267264589888
0.0295794091912
0.0329771019849
0.0369351050859
0.0414729929963
0.0466135673602
0.0523820617172
0.0588053329515
0.0659110436005
0.0737268405208
0.0822795362094
0.0915942993085
0.101693860514
)
;

boundaryField
{
    left
    {
        type            cyclic;
    }
    right
    {
        type            cyclic;
    }
    bottom
    {
        type            cyclic;
    }
    top
    {
        type            cyclic;
    }
    frontAndBack
    {
        type            empty;
    }
}


// ************************************************************************* //
