/*--------------------------------*- C++ -*----------------------------------*\
| =========                 |                                                 |
| \\      /  F ield         | OpenFOAM: The Open Source CFD Toolbox           |
|  \\    /   O peration     | Version:  v2106                                 |
|   \\  /    A nd           | Website:  www.openfoam.com                      |
|    \\/     M anipulation  |                                                 |
\*---------------------------------------------------------------------------*/
FoamFile
{
    version     2.0;
    format      ascii;
    arch        "LSB;label=32;scalar=64";
    class       volVectorField;
    location    "22.5";
    object      U;
}
// * * * * * * * * * * * * * * * * * * * * * * * * * * * * * * * * * * * * * //

dimensions      [0 1 -1 0 0 0 0];

internalField   nonuniform List<vector> 
6561
(
(-0.148842897638 -0.000903853588887 0)
(-0.147222289392 -0.000715916338201 0)
(-0.145978114097 -0.000527621945232 0)
(-0.145110375166 -0.000339631617206 0)
(-0.144617820453 -0.00015254674655 0)
(-0.144498054777 3.30835547721e-05 0)
(-0.144747636792 0.000216754491245 0)
(-0.145362159561 0.000397997369273 0)
(-0.146336314502 0.000576371287142 0)
(-0.147663938656 0.000751454863565 0)
(-0.149338045504 0.000922838121533 0)
(-0.15135083973 0.00109011463063 0)
(-0.153693716571 0.0012528740014 0)
(-0.156357246524 0.00141069481951 0)
(-0.159331146393 0.00156313810529 0)
(-0.162604237791 0.00170974138578 0)
(-0.166164394427 0.00185001347039 0)
(-0.169998479645 0.00198343002864 0)
(-0.174092275938 0.00210943007718 0)
(-0.178430408348 0.00222741349345 0)
(-0.182996263917 0.00233673968455 0)
(-0.187771909636 0.00243672754971 0)
(-0.192738011591 0.00252665688363 0)
(-0.197873758356 0.00260577137368 0)
(-0.203156791953 0.00267328334479 0)
(-0.208563150025 0.00272838040109 0)
(-0.214067223164 0.00277023409994 0)
(-0.21964173159 0.002798010771 0)
(-0.225257725563 0.00281088455793 0)
(-0.230884614072 0.00280805271168 0)
(-0.236490226306 0.00278875310064 0)
(-0.242040910306 0.00275228382349 0)
(-0.247501672891 0.00269802471487 0)
(-0.252836364427 0.00262546042411 0)
(-0.258007911245 0.00253420462398 0)
(-0.262978597559 0.00242402477584 0)
(-0.267710397372 0.00229486674415 0)
(-0.272165355396 0.00214687842534 0)
(-0.276306014167 0.00198043144409 0)
(-0.280095882526 0.00179613988385 0)
(-0.283499938527 0.00159487497156 0)
(-0.286485157583 0.0013777746398 0)
(-0.289021054539 0.00114624695477 0)
(-0.291080226403 0.000901966532377 0)
(-0.292638880845 0.00064686327209 0)
(-0.293677334447 0.000383103016697 0)
(-0.294180464197 0.000113060086031 0)
(-0.294138095947 -0.000160717980258 0)
(-0.29354531465 -0.000435552726015 0)
(-0.292402683052 -0.000708682978821 0)
(-0.290716358269 -0.000977317429792 0)
(-0.288498099041 -0.00123868977613 0)
(-0.285765160413 -0.00149011440665 0)
(-0.282540076806 -0.00172904052417 0)
(-0.278850338741 -0.00195310264078 0)
(-0.274727972527 -0.00216016555193 0)
(-0.270209035849 -0.00234836217956 0)
(-0.26533304508 -0.00251612305182 0)
(-0.26014235223 -0.00266219662526 0)
(-0.254681490571 -0.00278566012075 0)
(-0.248996508162 -0.00288592100127 0)
(-0.243134307785 -0.00296270963726 0)
(-0.237142010283 -0.00301606405659 0)
(-0.23106635618 -0.00304630794628 0)
(-0.224953157842 -0.0030540232516 0)
(-0.218846811601 -0.00304001880517 0)
(-0.212789876321 -0.00300529642231 0)
(-0.206822722036 -0.00295101582858 0)
(-0.20098324961 -0.00287845965917 0)
(-0.195306680085 -0.00278899960243 0)
(-0.189825410353 -0.00268406456794 0)
(-0.184568930278 -0.00256511155955 0)
(-0.179563795188 -0.00243359973578 0)
(-0.17483364695 -0.00229096795626 0)
(-0.170399276369 -0.00213861594894 0)
(-0.166278719573 -0.00197788909282 0)
(-0.162487381201 -0.00181006669815 0)
(-0.159038177529 -0.00163635357861 0)
(-0.155941693189 -0.00145787464791 0)
(-0.153206345706 -0.00127567223308 0)
(-0.150838552746 -0.00109070577597 0)
(-0.147991593006 -0.0027124038336 0)
(-0.146369095889 -0.0021488584479 0)
(-0.145122451809 -0.0015842812696 0)
(-0.144251591284 -0.00102064928871 0)
(-0.143755202998 -0.000459759667557 0)
(-0.143630846959 9.67475455221e-05 0)
(-0.14387505181 0.000647365433404 0)
(-0.144483395674 0.00119069549302 0)
(-0.145450570244 0.00172542264612 0)
(-0.1467704281 0.00225029037715 0)
(-0.148436013472 0.00276407634488 0)
(-0.150439576899 0.00326556877392 0)
(-0.152772574391 0.00375354390338 0)
(-0.15542565189 0.00422674475244 0)
(-0.158388615992 0.00468386145629 0)
(-0.161650392033 0.00512351343052 0)
(-0.165198970843 0.0055442336349 0)
(-0.169021345623 0.00594445522876 0)
(-0.173103440623 0.00632250093779 0)
(-0.177430033499 0.0066765754829 0)
(-0.181984673486 0.00700476145564 0)
(-0.186749597776 0.00730501905571 0)
(-0.191705648792 0.00757519013337 0)
(-0.196832195344 0.007813006998 0)
(-0.202107060978 0.00801610645867 0)
(-0.207506463134 0.00818204954904 0)
(-0.213004967063 0.00830834735175 0)
(-0.21857545869 0.00839249326956 0)
(-0.224189140868 0.00843200198796 0)
(-0.229815557587 0.00842445522978 0)
(-0.235422650772 0.00836755421304 0)
(-0.240976854156 0.00825917848584 0)
(-0.246443228497 0.00809745052572 0)
(-0.25178564188 0.00788080515927 0)
(-0.256966998149 0.00760806248725 0)
(-0.261949515532 0.00727850260346 0)
(-0.266695056242 0.00689193998976 0)
(-0.271165506309 0.00644879507915 0)
(-0.275323203083 0.00595016013202 0)
(-0.279131405795 0.00539785630264 0)
(-0.282554802363 0.00479447862091 0)
(-0.285560043345 0.00414342561322 0)
(-0.288116291695 0.00344891047251 0)
(-0.290195774881 0.00271595108415 0)
(-0.291774324214 0.00195033683367 0)
(-0.292831884967 0.00115857096178 0)
(-0.293352980238 0.000347788262303 0)
(-0.2933271117 -0.000474350905085 0)
(-0.292749081368 -0.00129978806442 0)
(-0.291619220424 -0.0021202120749 0)
(-0.289943513912 -0.00292721799344 0)
(-0.287733613603 -0.0037124738349 0)
(-0.285006735422 -0.00446788908851 0)
(-0.281785442231 -0.00518577857746 0)
(-0.278097317269 -0.00585901537181 0)
(-0.273974537791 -0.00648116698037 0)
(-0.269453362238 -0.00704660991492 0)
(-0.264573547326 -0.00755061887264 0)
(-0.259377713582 -0.00798942812404 0)
(-0.253910679049 -0.00836026411537 0)
(-0.248218781037 -0.0086613496903 0)
(-0.242349205004 -0.00889188160806 0)
(-0.236349338065 -0.00905198410511 0)
(-0.230266162351 -0.00914264206459 0)
(-0.224145700722 -0.00916561789551 0)
(-0.218032524337 -0.009123356482 0)
(-0.211969328559 -0.009018882564 0)
(-0.205996580678 -0.00885569469146 0)
(-0.200152240248 -0.00863765950173 0)
(-0.194471550412 -0.00836890955624 0)
(-0.18898689662 -0.00805374738655 0)
(-0.183727727562 -0.00769655778922 0)
(-0.178720531996 -0.00730172980875 0)
(-0.173988864413 -0.00687358929054 0)
(-0.169553412101 -0.00641634239089 0)
(-0.165432096078 -0.00593403001003 0)
(-0.16164019859 -0.00543049277488 0)
(-0.158190510207 -0.00490934593804 0)
(-0.155093490106 -0.00437396337405 0)
(-0.152357433748 -0.00382746973658 0)
(-0.149988642818 -0.00327273977974 0)
(-0.146291560645 -0.00452339429424 0)
(-0.144665455043 -0.0035850485145 0)
(-0.143414025235 -0.00264511530263 0)
(-0.142537055803 -0.0017068674866 0)
(-0.142033117026 -0.000773276926208 0)
(-0.141899679261 0.000152947265247 0)
(-0.142133211091 0.00106931844955 0)
(-0.14272926069 0.00197353102617 0)
(-0.143682520185 0.00286341858981 0)
(-0.144986873028 0.00373691233737 0)
(-0.146635424679 0.0045920002912 0)
(-0.148620517016 0.00542668783698 0)
(-0.150933727149 0.00623896002667 0)
(-0.153565851389 0.00702674606821 0)
(-0.156506875339 0.00778788641319 0)
(-0.159745931167 0.00852010286225 0)
(-0.163271243339 0.00922097213004 0)
(-0.167070064198 0.00988790334829 0)
(-0.171128601015 0.0105181200328 0)
(-0.17543193631 0.0111086470935 0)
(-0.179963943521 0.0116563035253 0)
(-0.184707200312 0.0121577014725 0)
(-0.189642902148 0.0126092524077 0)
(-0.194750779045 0.0130071812027 0)
(-0.200009018755 0.0133475488795 0)
(-0.205394199955 0.0136262848158 0)
(-0.210881239369 0.0138392291202 0)
(-0.216443357057 0.0139821857892 0)
(-0.222052064332 0.0140509870936 0)
(-0.227677179037 0.0140415694053 0)
(-0.233286872927 0.0139500603712 0)
(-0.23884775594 0.0137728769424 0)
(-0.244325001878 0.0135068332969 0)
(-0.249682519652 0.013149257134 0)
(-0.254883173553 0.012698112196 0)
(-0.259889055107 0.0121521241983 0)
(-0.26466180783 0.0115109066515 0)
(-0.269163004654 0.0107750823861 0)
(-0.273354575978 0.00994639597695 0)
(-0.277199284158 0.00902781178614 0)
(-0.280661237956 0.00802359204873 0)
(-0.283706437991 0.00693934938884 0)
(-0.2863033418 0.00578206843201 0)
(-0.288423434804 0.004560091819 0)
(-0.290041791436 0.00328306695255 0)
(-0.291137609231 0.00196185121859 0)
(-0.291694697762 0.000608375173353 0)
(-0.291701904343 -0.000764534798378 0)
(-0.291153459279 -0.00214337069184 0)
(-0.290049225363 -0.00351418814919 0)
(-0.288394839175 -0.00486287500392 0)
(-0.28620173546 -0.00617543370164 0)
(-0.283487050223 -0.00743826708268 0)
(-0.280273403011 -0.00863845651725 0)
(-0.276588563716 -0.00976402157683 0)
(-0.272465013935 -0.0108041513048 0)
(-0.267939417042 -0.0117493986453 0)
(-0.263052014477 -0.0125918315816 0)
(-0.257845968097 -0.0133251368607 0)
(-0.252366669685 -0.0139446746355 0)
(-0.246661038809 -0.0144474847718 0)
(-0.240776829348 -0.0148322477527 0)
(-0.234761963138 -0.0150992049478 0)
(-0.22866390671 -0.0152500444031 0)
(-0.222529104067 -0.0152877592088 0)
(-0.216402475205 -0.0152164859215 0)
(-0.210326986782 -0.0150413304902 0)
(-0.204343298181 -0.0147681887342 0)
(-0.198489483334 -0.0144035677268 0)
(-0.192800826213 -0.0139544135428 0)
(-0.187309685795 -0.013427949811 0)
(-0.182045424792 -0.0128315304681 0)
(-0.177034395277 -0.0121725090805 0)
(-0.172299973653 -0.0114581261583 0)
(-0.167862637123 -0.0106954150474 0)
(-0.163740073786 -0.00989112628062 0)
(-0.159947318775 -0.00905166970166 0)
(-0.1564969093 -0.00818307324857 0)
(-0.153399052065 -0.0072909569777 0)
(-0.150661797179 -0.00638052072307 0)
(-0.148291213449 -0.0054565436933 0)
(-0.143747969023 -0.00633815542839 0)
(-0.142116873276 -0.00502638430381 0)
(-0.140858643926 -0.00371266878901 0)
(-0.139972846362 -0.00240154414686 0)
(-0.139457873137 -0.00109712172398 0)
(-0.13931106009 0.000196856779388 0)
(-0.139528785666 0.00147696230909 0)
(-0.140106552982 0.00274001994683 0)
(-0.141039054528 0.00398304993498 0)
(-0.142320219601 0.00520320913038 0)
(-0.143943244809 0.00639773365669 0)
(-0.145900608137 0.00756388342854 0)
(-0.148184067218 0.00869888915376 0)
(-0.150784642604 0.00979990237982 0)
(-0.153692586945 0.0108639491369 0)
(-0.156897341111 0.0118878877434 0)
(-0.160387478461 0.012868371372 0)
(-0.164150638574 0.0138018160275 0)
(-0.168173451961 0.0146843746587 0)
(-0.172441457471 0.0155119182018 0)
(-0.176939014326 0.0162800244425 0)
(-0.181649210976 0.0169839756653 0)
(-0.18655377328 0.0176187661344 0)
(-0.191632974805 0.0181791205094 0)
(-0.196865552406 0.0186595243266 0)
(-0.202228630604 0.0190542676664 0)
(-0.207697658639 0.0193575030628 0)
(-0.21324636446 0.0195633185773 0)
(-0.218846730203 0.019665826744 0)
(-0.224468994018 0.0196592697817 0)
(-0.230081683278 0.0195381410458 0)
(-0.235651684249 0.0192973221538 0)
(-0.241144353241 0.0189322345548 0)
(-0.246523673917 0.0184390035303 0)
(-0.251752464897 0.0178146317273 0)
(-0.256792640961 0.0170571783498 0)
(-0.26160552996 0.0161659391255 0)
(-0.266152246046 0.0151416211614 0)
(-0.270394117949 0.0139865058839 0)
(-0.274293168823 0.0127045925071 0)
(-0.2778126417 0.0113017139826 0)
(-0.280917561888 0.00978561725039 0)
(-0.283575324892 0.0081659999312 0)
(-0.28575629574 0.00645449644686 0)
(-0.287434403191 0.00466460797285 0)
(-0.288587710363 0.00281157262471 0)
(-0.2891989421 0.000912174795693 0)
(-0.289255949068 -0.00101550450313 0)
(-0.288752089277 -0.00295239127638 0)
(-0.287686509639 -0.00487876793956 0)
(-0.286064313105 -0.00677465730996 0)
(-0.283896601049 -0.00862022757825 0)
(-0.281200385347 -0.0103962029388 0)
(-0.277998370061 -0.0120842637712 0)
(-0.274318608143 -0.0136674205068 0)
(-0.270194043907 -0.0151303465897 0)
(-0.265661956758 -0.0164596581415 0)
(-0.260763325426 -0.0176441308918 0)
(-0.255542134605 -0.0186748483753 0)
(-0.250044647232 -0.0195452790367 0)
(-0.244318665704 -0.0202512834437 0)
(-0.23841280418 -0.0207910560196 0)
(-0.23237579197 -0.0211650083808 0)
(-0.226255825071 -0.0213756033655 0)
(-0.220099979484 -0.0214271501121 0)
(-0.213953696274 -0.0213255710998 0)
(-0.207860344657 -0.0210781519695 0)
(-0.201860865934 -0.0206932842981 0)
(-0.195993497997 -0.0201802104405 0)
(-0.190293577502 -0.0195487782106 0)
(-0.184793414664 -0.0188092116718 0)
(-0.179522234083 -0.0179719027738 0)
(-0.174506173911 -0.0170472270821 0)
(-0.169768335065 -0.0160453854898 0)
(-0.165328872017 -0.014976272604 0)
(-0.161205116756 -0.0138493715053 0)
(-0.157411727975 -0.0126736737863 0)
(-0.153960858055 -0.0114576231831 0)
(-0.150862331123 -0.0102090807015 0)
(-0.148123826275 -0.0089353088979 0)
(-0.145751060796 -0.0076429728593 0)
(-0.140368607582 -0.00815757411577 0)
(-0.138731645457 -0.00647436325248 0)
(-0.137465055998 -0.00478912978449 0)
(-0.13656811194 -0.00310762431577 0)
(-0.13603896879 -0.00143504820724 0)
(-0.135874783086 0.000223875365751 0)
(-0.136071813098 0.00186482708754 0)
(-0.136625501696 0.00348381544702 0)
(-0.137530541393 0.0050771002612 0)
(-0.138780921778 0.00664111688766 0)
(-0.140369959746 0.00817240207416 0)
(-0.142290313064 0.00966752226881 0)
(-0.144533977959 0.0111230051283 0)
(-0.147092271489 0.0125352749109 0)
(-0.149955799587 0.0139005924236 0)
(-0.153114411761 0.0152150002149 0)
(-0.156557143553 0.0164742737446 0)
(-0.160272147972 0.0176738793383 0)
(-0.164246617302 0.0188089398269 0)
(-0.168466696837 0.0198742088768 0)
(-0.172917392336 0.0208640551373 0)
(-0.177582473217 0.0217724574484 0)
(-0.182444373827 0.0225930124604 0)
(-0.187484095437 0.0233189561087 0)
(-0.192681111971 0.0239432004397 0)
(-0.198013282895 0.0244583872922 0)
(-0.203456777072 0.0248569602791 0)
(-0.208986011856 0.0251312563665 0)
(-0.214573612061 0.0252736181002 0)
(-0.220190393856 0.0252765271508 0)
(-0.225805378908 0.0251327593312 0)
(-0.231385844321 0.0248355605634 0)
(-0.236897413942 0.0243788424256 0)
(-0.242304196473 0.0237573949004 0)
(-0.247568975399 0.0229671127819 0)
(-0.252653455044 0.0220052309035 0)
(-0.257518565964 0.0208705619851 0)
(-0.262124831452 0.0195637295178 0)
(-0.266432794984 0.018087386806 0)
(-0.270403506153 0.0164464121896 0)
(-0.273999059917 0.0146480696903 0)
(-0.277183180982 0.012702124008 0)
(-0.27992184195 0.010620899079 0)
(-0.282183900642 0.0084192703985 0)
(-0.283941739046 0.00611458309601 0)
(-0.285171883784 0.00372649034523 0)
(-0.285855586241 0.00127671004176 0)
(-0.285979339692 -0.00121129835261 0)
(-0.28553531121 -0.00371273054666 0)
(-0.284521667951 -0.00620189706014 0)
(-0.28294278057 -0.00865273094329 0)
(-0.280809291031 -0.0110393252713 0)
(-0.278138037601 -0.0133364796449 0)
(-0.274951836048 -0.0155202337444 0)
(-0.271279122571 -0.0175683662401 0)
(-0.267153470226 -0.0194608390798 0)
(-0.262612996183 -0.0211801701974 0)
(-0.257699681558 -0.0227117217711 0)
(-0.252458628646 -0.0240438959269 0)
(-0.246937281798 -0.0251682348182 0)
(-0.241184638209 -0.0260794269161 0)
(-0.235250473329 -0.0267752257403 0)
(-0.229184603011 -0.0272562908843 0)
(-0.223036200963 -0.0275259638572 0)
(-0.216853186039 -0.0275899929095 0)
(-0.210681689591 -0.0274562216686 0)
(-0.20456560898 -0.0271342561668 0)
(-0.198546249393 -0.0266351238777 0)
(-0.192662052757 -0.025970936851 0)
(-0.18694840969 -0.025154569153 0)
(-0.181437548246 -0.0241993567544 0)
(-0.176158491633 -0.0231188259115 0)
(-0.171137076084 -0.0219264540891 0)
(-0.166396019586 -0.0206354656581 0)
(-0.161955032132 -0.0192586630353 0)
(-0.157830958444 -0.0178082926341 0)
(-0.15403794466 -0.0162959439845 0)
(-0.150587621259 -0.0147324796343 0)
(-0.147489295259 -0.0131279929429 0)
(-0.144750145694 -0.011491790593 0)
(-0.142375417222 -0.00983239653615 0)
(-0.136163931035 -0.00998191829778 0)
(-0.134520897158 -0.00792992444867 0)
(-0.133244988407 -0.00587618892634 0)
(-0.132335111403 -0.00382761658659 0)
(-0.131789125528 -0.00179043491972 0)
(-0.131603963539 0.000229717184096 0)
(-0.131775733723 0.00222769705061 0)
(-0.132299803549 0.00419876405164 0)
(-0.133170864961 0.00613848519238 0)
(-0.134382981678 0.00804264175182 0)
(-0.135929619004 0.00990713807169 0)
(-0.137803656751 0.0117279134356 0)
(-0.139997385981 0.0135008578754 0)
(-0.142502490334 0.0152217326803 0)
(-0.145310012779 0.0168860963676 0)
(-0.148410308704 0.0184892368986 0)
(-0.151792986336 0.0200261109836 0)
(-0.155446835584 0.0214912914107 0)
(-0.15935974653 0.0228789234573 0)
(-0.163518618954 0.0241826915811 0)
(-0.167909264463 0.0253957977435 0)
(-0.172516303058 0.0265109528774 0)
(-0.177323056239 0.0275203831635 0)
(-0.182311439088 0.0284158529085 0)
(-0.187461854167 0.0291887059183 0)
(-0.192753090474 0.0298299272927 0)
(-0.198162231196 0.0303302275382 0)
(-0.203664574472 0.0306801507507 0)
(-0.209233571897 0.0308702083609 0)
(-0.214840790001 0.0308910395147 0)
(-0.220455900383 0.0307335985645 0)
(-0.226046704538 0.0303893693509 0)
(-0.231579199676 0.0298506049387 0)
(-0.237017691864 0.0291105902304 0)
(-0.242324962602 0.0281639234338 0)
(-0.247462494435 0.0270068107157 0)
(-0.252390760236 0.0256373666076 0)
(-0.257069579437 0.0240559109056 0)
(-0.261458542567 0.0222652510441 0)
(-0.265517503021 0.020270937367 0)
(-0.269207132048 0.0180814775353 0)
(-0.272489529537 0.0157084956876 0)
(-0.275328879439 0.0131668220962 0)
(-0.277692134801 0.0104745001135 0)
(-0.279549713617 0.00765269929814 0)
(-0.280876183369 0.00472552681661 0)
(-0.281650909586 0.00171973346882 0)
(-0.281858642288 -0.00133568415668 0)
(-0.281490014209 -0.0044099781416 0)
(-0.280541926338 -0.00747122711583 0)
(-0.279017799706 -0.0104869787204 0)
(-0.276927677408 -0.013424933022 0)
(-0.274288167287 -0.0162536397818 0)
(-0.271122223086 -0.0189431807414 0)
(-0.267458769656 -0.0214658083071 0)
(-0.263332185362 -0.023796514232 0)
(-0.258781661495 -0.0259135059147 0)
(-0.253850463849 -0.0277985733968 0)
(-0.248585125181 -0.0294373365378 0)
(-0.24303459894 -0.0308193685787 0)
(-0.237249404408 -0.0319381988325 0)
(-0.231280791441 -0.0327912030427 0)
(-0.22517994964 -0.0333793946656 0)
(-0.218997282464 -0.033707133743 0)
(-0.21278176187 -0.0337817720497 0)
(-0.206580374025 -0.0336132538893 0)
(-0.200437661755 -0.0332136914331 0)
(-0.194395364938 -0.0325969320632 0)
(-0.188492156321 -0.031778133066 0)
(-0.182763467142 -0.0307733564654 0)
(-0.177241394685 -0.02959919404 0)
(-0.17195468235 -0.0282724298273 0)
(-0.166928761957 -0.0268097448344 0)
(-0.162185847693 -0.0252274663711 0)
(-0.157745071296 -0.0235413624505 0)
(-0.153622648584 -0.0217664801043 0)
(-0.14983206822 -0.0199170252327 0)
(-0.146384294547 -0.0180062807292 0)
(-0.143287977333 -0.0160465590519 0)
(-0.140549662329 -0.0140491851117 0)
(-0.138173997533 -0.012024505267 0)
(-0.131147118754 -0.011810664078 0)
(-0.129498640889 -0.00939329308313 0)
(-0.128213200179 -0.00697490097505 0)
(-0.127289264093 -0.00456347142245 0)
(-0.126724337481 -0.00216617959323 0)
(-0.12651508554 0.000210500295232 0)
(-0.126657437335 0.00256068369171 0)
(-0.127146670044 0.00487896278764 0)
(-0.127977474307 0.00716029369596 0)
(-0.129144001175 0.00939988517575 0)
(-0.130639891302 0.0115930901061 0)
(-0.132458287058 0.0137353007298 0)
(-0.134591828287 0.0158218485644 0)
(-0.137032632481 0.0178479098084 0)
(-0.139772260165 0.0198084170514 0)
(-0.142801666297 0.0216979781331 0)
(-0.146111138568 0.0235108030691 0)
(-0.14969022353 0.0252406400796 0)
(-0.153527641579 0.0268807219074 0)
(-0.157611191956 0.0284237237909 0)
(-0.161927649097 0.0298617346554 0)
(-0.166462651891 0.0311862432915 0)
(-0.171200587682 0.0323881414973 0)
(-0.176124473177 0.0334577463435 0)
(-0.181215834851 0.0343848438734 0)
(-0.186454591873 0.035158756639 0)
(-0.191818945122 0.0357684374844 0)
(-0.19728527644 0.0362025918794 0)
(-0.202828062883 0.0364498308574 0)
(-0.208419811382 0.0364988561797 0)
(-0.214031019833 0.0363386787001 0)
(-0.219630171248 0.035958870014 0)
(-0.225183768032 0.0353498463037 0)
(-0.230656413789 0.0345031818396 0)
(-0.236010950073 0.0334119478436 0)
(-0.241208655257 0.0320710704162 0)
(-0.246209511935 0.0304776989977 0)
(-0.250972548048 0.0286315744936 0)
(-0.255456255058 0.0265353838546 0)
(-0.259619083993 0.0241950857527 0)
(-0.263420016936 0.0216201902483 0)
(-0.266819207719 0.0188239742363 0)
(-0.269778681169 0.0158236142765 0)
(-0.272263075524 0.0126402193734 0)
(-0.274240407915 0.00929874859837 0)
(-0.275682838354 0.00582780224392 0)
(-0.276567404084 0.0022592804446 0)
(-0.276876693775 -0.00137209027337 0)
(-0.276599430406 -0.00502935460973 0)
(-0.275730933048 -0.00867403455184 0)
(-0.274273431386 -0.0122669206122 0)
(-0.272236212562 -0.0157689184496 0)
(-0.26963558752 -0.0191419162779 0)
(-0.26649467298 -0.0223496359401 0)
(-0.262842994632 -0.0253584306263 0)
(-0.258715926449 -0.0281379950141 0)
(-0.254153989228 -0.0306619588578 0)
(-0.249202037984 -0.0329083422445 0)
(-0.243908372104 -0.0348598591729 0)
(-0.238323804032 -0.0365040649659 0)
(-0.232500721733 -0.0378333515519 0)
(-0.226492177532 -0.038844802153 0)
(-0.220351031645 -0.0395399229191 0)
(-0.214129173244 -0.0399242732723 0)
(-0.207876835895 -0.0400070191001 0)
(-0.201642018115 -0.0398004335627 0)
(-0.195470014006 -0.0393193694052 0)
(-0.189403053877 -0.0385807245995 0)
(-0.183480050481 -0.0376029202397 0)
(-0.177736443223 -0.0364054062245 0)
(-0.172204130363 -0.0350082066865 0)
(-0.166911477753 -0.033431513622 0)
(-0.161883391984 -0.031695333935 0)
(-0.15714144579 -0.0298191922547 0)
(-0.152704043984 -0.0278218894972 0)
(-0.148586619073 -0.0257213152376 0)
(-0.144801846719 -0.0235343105329 0)
(-0.141359872432 -0.0212765768476 0)
(-0.138268542126 -0.0189626261311 0)
(-0.135533630379 -0.016605766814 0)
(-0.133159061397 -0.014218120472 0)
(-0.125334149451 -0.013642326543 0)
(-0.123681846188 -0.0108638285844 0)
(-0.122387548138 -0.00808554973688 0)
(-0.121449211711 -0.0053164623189 0)
(-0.120863930161 -0.0025645960298 0)
(-0.120628058667 0.000162834513052 0)
(-0.120737318895 0.0028592986732 0)
(-0.121186883495 0.00551881744531 0)
(-0.121971441145 0.00813583175181 0)
(-0.123085242849 0.0107050729307 0)
(-0.124522130257 0.0132214366785 0)
(-0.126275546757 0.015679861502 0)
(-0.128338532142 0.0180752125904 0)
(-0.130703701573 0.0204021719439 0)
(-0.133363209595 0.0226551355747 0)
(-0.136308699907 0.0248281186439 0)
(-0.13953124163 0.026914669489 0)
(-0.14302125279 0.0289077936387 0)
(-0.146768411851 0.0307998891 0)
(-0.150761558166 0.0325826944165 0)
(-0.154988582408 0.0342472512517 0)
(-0.159436308205 0.0357838835052 0)
(-0.164090366479 0.037182195245 0)
(-0.168935064335 0.0384310899884 0)
(-0.173953250728 0.039518814088 0)
(-0.179126181661 0.0404330271433 0)
(-0.184433388241 0.0411609024375 0)
(-0.18985255157 0.0416892603529 0)
(-0.19535938922 0.0420047375176 0)
(-0.200927558801 0.0420939940248 0)
(-0.206528585012 0.0419439604069 0)
(-0.212131817333 0.0415421250949 0)
(-0.217704426315 0.0408768617984 0)
(-0.223211447024 0.0399377945858 0)
(-0.228615878593 0.0387161964024 0)
(-0.23387884886 0.0372054143578 0)
(-0.238959852702 0.0354013123806 0)
(-0.243817071594 0.0333027188838 0)
(-0.248407780266 0.0309118640453 0)
(-0.252688843703 0.0282347883938 0)
(-0.256617304331 0.025281701879 0)
(-0.260151054832 0.0220672707943 0)
(-0.263249586926 0.0186108091895 0)
(-0.265874800663 0.0149363520854 0)
(-0.267991852774 0.0110725902141 0)
(-0.269570016795 0.00705265034416 0)
(-0.270583522647 0.00291371156274 0)
(-0.271012339704 -0.00130354399308 0)
(-0.270842865767 -0.00555563796847 0)
(-0.270068485294 -0.00979714200758 0)
(-0.268689964 -0.0139816351664 0)
(-0.266715653545 -0.018062735524 0)
(-0.264161489132 -0.0219951623703 0)
(-0.26105077376 -0.0257357817083 0)
(-0.257413754656 -0.029244587669 0)
(-0.253287009018 -0.0324855759223 0)
(-0.248712666449 -0.0354274719592 0)
(-0.243737503575 -0.0380442865289 0)
(-0.238411951497 -0.0403156815525 0)
(-0.232789058832 -0.0422271413927 0)
(-0.226923452121 -0.0437699553815 0)
(-0.220870331793 -0.0449410270952 0)
(-0.214684536266 -0.0457425333848 0)
(-0.20841969983 -0.0461814612976 0)
(-0.202127522486 -0.046269053703 0)
(-0.195857162487 -0.0460201948535 0)
(-0.189654755465 -0.045452765625 0)
(-0.183563058143 -0.0445869952375 0)
(-0.177621209864 -0.043444832331 0)
(-0.171864601628 -0.0420493538248 0)
(-0.166324839964 -0.0404242254008 0)
(-0.161029791681 -0.038593223051 0)
(-0.156003695105 -0.0365798211288 0)
(-0.151267323769 -0.0344068488915 0)
(-0.14683818934 -0.0320962146956 0)
(-0.142730771775 -0.0296686947997 0)
(-0.138956766141 -0.0271437821351 0)
(-0.135525337021 -0.024539589346 0)
(-0.132443372933 -0.0218727998032 0)
(-0.129715734643 -0.019158660085 0)
(-0.127345492543 -0.0164110075017 0)
(-0.118743891342 -0.0154742959755 0)
(-0.117090523306 -0.0123398780261 0)
(-0.115789064492 -0.0092075178125 0)
(-0.114836890503 -0.00608707105985 0)
(-0.114230628249 -0.00298731409669 0)
(-0.113966282605 8.39073345244e-05 0)
(-0.114039341444 0.00311952621044 0)
(-0.114444859829 0.00611310178655 0)
(-0.115177524263 0.00905866857878 0)
(-0.116231697901 0.0119505883569 0)
(-0.117601447668 0.0147834064204 0)
(-0.119280554123 0.0175517131888 0)
(-0.121262504908 0.0202500119813 0)
(-0.123540472513 0.0228725937771 0)
(-0.126107277025 0.0254134197331 0)
(-0.128955334461 0.0278660122924 0)
(-0.13207659126 0.0302233558275 0)
(-0.135462445447 0.0324778079359 0)
(-0.139103655025 0.0346210227254 0)
(-0.14299023419 0.0366438876893 0)
(-0.147111338063 0.0385364760779 0)
(-0.151455136799 0.040288016994 0)
(-0.156008680176 0.0418868857841 0)
(-0.160757754083 0.0433206176319 0)
(-0.165686730732 0.0445759475747 0)
(-0.170778414951 0.045638880421 0)
(-0.176013889538 0.0464947942296 0)
(-0.181372363413 0.0471285810588 0)
(-0.186831027153 0.0475248285813 0)
(-0.192364921492 0.0476680458166 0)
(-0.197946825396 0.0475429356094 0)
(-0.203547171427 0.0471347155167 0)
(-0.209133997233 0.0464294873913 0)
(-0.214672942958 0.0454146541269 0)
(-0.220127305195 0.0440793797084 0)
(-0.22545815861 0.0424150858993 0)
(-0.230624556328 0.0404159756099 0)
(-0.235583819551 0.038079569336 0)
(-0.240291925367 0.0354072371646 0)
(-0.244703999217 0.0324047049751 0)
(-0.248774914835 0.0290825099279 0)
(-0.252459999628 0.0254563775251 0)
(-0.255715837448 0.0215474909418 0)
(-0.258501153728 0.0173826234195 0)
(-0.260777760355 0.0129941067766 0)
(-0.262511530049 0.0084196138568 0)
(-0.263673363034 0.00370174015565 0)
(-0.264240103393 -0.00111262017082 0)
(-0.264195359479 -0.00597309671024 0)
(-0.263530182882 -0.0108268432057 0)
(-0.262243564324 -0.0156196823394 0)
(-0.260342712408 -0.0202973493866 0)
(-0.257843092175 -0.0248067801238 0)
(-0.254768213923 -0.0290973831511 0)
(-0.251149177574 -0.0331222362216 0)
(-0.247023992516 -0.0368391504707 0)
(-0.242436705878 -0.0402115552105 0)
(-0.237436382323 -0.0432091682338 0)
(-0.232075984762 -0.0458084310017 0)
(-0.226411207724 -0.0479927031109 0)
(-0.220499313467 -0.0497522246358 0)
(-0.214398015965 -0.051083867098 0)
(-0.208164450549 -0.0519907031393 0)
(-0.201854258085 -0.0524814310739 0)
(-0.195520803188 -0.052569693383 0)
(-0.189214536865 -0.0522733281904 0)
(-0.182982505824 -0.0516135903627 0)
(-0.176868003791 -0.050614374722 0)
(-0.170910354894 -0.0493014685958 0)
(-0.165144815385 -0.0477018551377 0)
(-0.15960257768 -0.0458430830423 0)
(-0.154310859665 -0.0437527128061 0)
(-0.149293062212 -0.0414578448312 0)
(-0.144568978657 -0.0389847305673 0)
(-0.140155041325 -0.0363584646075 0)
(-0.136064591878 -0.033602753176 0)
(-0.132308164116 -0.0307397527177 0)
(-0.128893769751 -0.0277899712274 0)
(-0.125827179462 -0.0247722244275 0)
(-0.123112193225 -0.0217036388141 0)
(-0.120750895404 -0.0185996938402 0)
(-0.11139820788 -0.0173026816326 0)
(-0.10974782007 -0.0138186368425 0)
(-0.108442045398 -0.0103391630169 0)
(-0.107477612486 -0.00687487867606 0)
(-0.106850630754 -0.00343518417083 0)
(-0.106556717786 -2.84330870773e-05 0)
(-0.106591103989 0.00333789418896 0)
(-0.106948715701 0.00665701733437 0)
(-0.107624237969 0.00992268541141 0)
(-0.108612158134 0.0131290102196 0)
(-0.109906791338 0.0162703048918 0)
(-0.111502288908 0.0193409286854 0)
(-0.113392630502 0.0223351387471 0)
(-0.11557160072 0.0252469495441 0)
(-0.118032750796 0.028070000641 0)
(-0.120769345841 0.0307974335766 0)
(-0.123774298015 0.0334217787207 0)
(-0.127040085925 0.0359348531984 0)
(-0.130558660509 0.0383276712236 0)
(-0.134321337659 0.0405903684985 0)
(-0.138318677895 0.042712142696 0)
(-0.142540353517 0.0446812124366 0)
(-0.14697500386 0.0464847975956 0)
(-0.151610079587 0.0481091242097 0)
(-0.156431677318 0.0495394576719 0)
(-0.161424366471 0.0507601682848 0)
(-0.166571010814 0.0517548335529 0)
(-0.171852588075 0.0525063817817 0)
(-0.177248011937 0.0529972815679 0)
(-0.182733961874 0.0532097815476 0)
(-0.188284727589 0.0531262042397 0)
(-0.193872076217 0.0527292969045 0)
(-0.199465151921 0.0520026409485 0)
(-0.205030418975 0.0509311194658 0)
(-0.210531660749 0.0495014399476 0)
(-0.215930048052 0.0477027059788 0)
(-0.221184290852 0.0455270278698 0)
(-0.226250887269 0.0429701577244 0)
(-0.23108448264 0.040032129554 0)
(-0.235638349179 0.0367178799844 0)
(-0.239864993021 0.0330378202416 0)
(-0.243716890143 0.0290083259211 0)
(-0.247147345721 0.0246521081862 0)
(-0.250111463073 0.0199984291407 0)
(-0.252567198861 0.0150831258785 0)
(-0.254476471254 0.00994841268641 0)
(-0.255806278329 0.00464243939553 0)
(-0.256529776102 -0.000781404071414 0)
(-0.256627260513 -0.00626543184425 0)
(-0.256086996652 -0.0117488328006 0)
(-0.254905842122 -0.0171690282043 0)
(-0.253089620226 -0.022463160694 0)
(-0.250653211991 -0.0275696464865 0)
(-0.247620352971 -0.0324297151863 0)
(-0.244023139536 -0.0369888603076 0)
(-0.239901268161 -0.0411981288945 0)
(-0.23530104784 -0.045015189965 0)
(-0.230274238594 -0.0484051375794 0)
(-0.224876776827 -0.0513410032074 0)
(-0.219167450747 -0.053803971616 0)
(-0.213206586422 -0.0557833127458 0)
(-0.20705479824 -0.0572760574041 0)
(-0.200771847728 -0.058286456053 0)
(-0.194415643246 -0.0588252670946 0)
(-0.188041401225 -0.0589089239649 0)
(-0.18170097846 -0.0585586295519 0)
(-0.175442375139 -0.0577994227202 0)
(-0.169309400393 -0.0566592559195 0)
(-0.163341486209 -0.0551681158376 0)
(-0.157573631681 -0.0533572115894 0)
(-0.152036457411 -0.0512582476137 0)
(-0.14675634931 -0.0489027917467 0)
(-0.141755671601 -0.046321743106 0)
(-0.137053030259 -0.0435448996374 0)
(-0.13266357012 -0.0406006214483 0)
(-0.128599291133 -0.0375155833433 0)
(-0.124869371645 -0.0343146081855 0)
(-0.12148048889 -0.0310205716942 0)
(-0.118437129022 -0.0276543689035 0)
(-0.115741880945 -0.0242349326223 0)
(-0.113395709864 -0.0207792947021 0)
(-0.103322078974 -0.0191221658399 0)
(-0.101680131267 -0.0152960194021 0)
(-0.100374149353 -0.0114777037689 0)
(-0.0994001540976 -0.00767846411518 0)
(-0.0987536915321 -0.00390818772216 0)
(-0.0984299596912 -0.000175599273243 0)
(-0.0984239117421 0.00351154302703 0)
(-0.0987303370005 0.00714625312894 0)
(-0.0993439213692 0.0107221265972 0)
(-0.100259288625 0.0142331553349 0)
(-0.101471023828 0.0176735486594 0)
(-0.102973679943 0.0210375615332 0)
(-0.104761768595 0.02431933057 0)
(-0.106829735649 0.0275127183469 0)
(-0.109171922151 0.0306111665507 0)
(-0.111782510972 0.0336075585691 0)
(-0.11465545932 0.0364940922926 0)
(-0.117784417192 0.0392621641235 0)
(-0.121162631675 0.0419022654866 0)
(-0.124782837018 0.0444038934958 0)
(-0.12863713032 0.0467554778568 0)
(-0.132716832797 0.0489443265511 0)
(-0.137012336714 0.0509565933624 0)
(-0.14151293831 0.0527772708506 0)
(-0.146206657441 0.0543902129182 0)
(-0.15108004515 0.055778191647 0)
(-0.156117981081 0.0569229935537 0)
(-0.161303463531 0.0578055607769 0)
(-0.166617395989 0.0584061829152 0)
(-0.172038375358 0.0587047452014 0)
(-0.177542488551 0.0586810383362 0)
(-0.183103125903 0.058315134524 0)
(-0.18869082172 0.0575878329253 0)
(-0.194273134273 0.0564811757703 0)
(-0.199814579471 0.0549790336462 0)
(-0.205276634204 0.0530677548958 0)
(-0.210617826629 0.0507368696096 0)
(-0.215793931272 0.0479798333815 0)
(-0.220758286387 0.0447947899571 0)
(-0.225462249142 0.0411853253971 0)
(-0.229855800622 0.0371611798234 0)
(-0.233888306985 0.0327388768042 0)
(-0.237509435301 0.0279422257442 0)
(-0.240670212556 0.0228026501814 0)
(-0.24332420461 0.0173592956071 0)
(-0.245428778983 0.0116588752248 0)
(-0.246946402649 0.00575522154867 0)
(-0.24784591477 -0.000291473877086 0)
(-0.248103706352 -0.00641573159172 0)
(-0.247704735736 -0.0125481431985 0)
(-0.246643312005 -0.0186169721827 0)
(-0.244923588365 -0.0245499289673 0)
(-0.242559723863 -0.0302760353246 0)
(-0.239575693084 -0.0357274825884 0)
(-0.236004747563 -0.0408413856744 0)
(-0.231888556845 -0.0455613413533 0)
(-0.227276078694 -0.049838713957 0)
(-0.222222224278 -0.0536335928316 0)
(-0.216786393767 -0.0569153906489 0)
(-0.211030960279 -0.0596630771618 0)
(-0.205019775979 -0.0618650664555 0)
(-0.198816764633 -0.0635187950857 0)
(-0.192484651898 -0.0646300424361 0)
(-0.186083869774 -0.0652120527614 0)
(-0.179671656686 -0.0652845210101 0)
(-0.173301360912 -0.0648725024464 0)
(-0.167021943383 -0.0640053004435 0)
(-0.160877666729 -0.0627153787759 0)
(-0.154907951023 -0.0610373354497 0)
(-0.149147372727 -0.0590069655296 0)
(-0.143625781635 -0.0566604312979 0)
(-0.138368510625 -0.0540335499263 0)
(-0.133396654433 -0.0511612019464 0)
(-0.128727395886 -0.0480768583068 0)
(-0.124374360824 -0.0448122196689 0)
(-0.12034798595 -0.0413969587291 0)
(-0.11665588679 -0.0378585545911 0)
(-0.113303215795 -0.0342222073585 0)
(-0.110293003111 -0.0305108209807 0)
(-0.107626474739 -0.0267450427862 0)
(-0.105303344661 -0.0229433489115 0)
(-0.0945437373216 -0.020925871801 0)
(-0.092917219546 -0.0167665425552 0)
(-0.091616503857 -0.0126191162444 0)
(-0.0906368502613 -0.00849531306412 0)
(-0.0899732027633 -0.00440535610463 0)
(-0.0896203140427 -0.000358191737971 0)
(-0.0895728455922 0.00363829099671 0)
(-0.0898254453669 0.00757704456676 0)
(-0.0903728048456 0.0114516525402 0)
(-0.0912096972038 0.0152561259082 0)
(-0.0923309980655 0.0189847070217 0)
(-0.0937316900451 0.0226316817243 0)
(-0.0954068520356 0.0261912000788 0)
(-0.0973516339343 0.0296571059906 0)
(-0.0995612172436 0.0330227760424 0)
(-0.102030761748 0.0362809679492 0)
(-0.104755338242 0.0394236792224 0)
(-0.107729847083 0.0424420168866 0)
(-0.110948922183 0.0453260794353 0)
(-0.114406819928 0.048064852615 0)
(-0.118097292427 0.0506461211137 0)
(-0.122013444513 0.0530563987769 0)
(-0.126147573959 0.0552808805793 0)
(-0.130490994608 0.0573034202437 0)
(-0.135033842382 0.0591065380813 0)
(-0.139764864647 0.0606714643254 0)
(-0.144671194076 0.0619782238983 0)
(-0.149738109047 0.0630057691383 0)
(-0.154948783766 0.0637321674617 0)
(-0.160284032775 0.0641348511603 0)
(-0.165722056235 0.0641909364281 0)
(-0.17123819443 0.0638776181625 0)
(-0.1768047023 0.0631726459346 0)
(-0.182390557343 0.0620548846361 0)
(-0.187961316872 0.0605049605104 0)
(-0.193479043228 0.0585059894251 0)
(-0.198902317747 0.0560443792361 0)
(-0.204186365878 0.0531106918896 0)
(-0.209283316335 0.049700543581 0)
(-0.214142616074 0.0458155130791 0)
(-0.218711619713 0.0414640196715 0)
(-0.22293636631 0.0366621237689 0)
(-0.226762547748 0.0314341959934 0)
(-0.230136661332 0.0258133957437 0)
(-0.233007324764 0.0198418991317 0)
(-0.235326715271 0.0135708201694 0)
(-0.237052077606 0.00705977921762 0)
(-0.238147229901 0.000376089556758 0)
(-0.238583984213 -0.00640644385548 0)
(-0.238343392483 -0.0132090912343 0)
(-0.237416730686 -0.0199500777219 0)
(-0.235806145143 -0.0265466941543 0)
(-0.233524905033 -0.0329175330979 0)
(-0.23059723202 -0.0389847291918 0)
(-0.22705770896 -0.0446760785571 0)
(-0.222950301288 -0.0499269198388 0)
(-0.218327052731 -0.0546816787085 0)
(-0.213246538044 -0.0588950056475 0)
(-0.207772167268 -0.0625324695755 0)
(-0.201970438307 -0.0655708032105 0)
(-0.195909228216 -0.0679977262532 0)
(-0.189656200395 -0.069811396775 0)
(-0.183277387412 -0.0710195579995 0)
(-0.176835989922 -0.0716384566807 0)
(-0.170391413204 -0.0716916111208 0)
(-0.163998545968 -0.0712085028032 0)
(-0.157707272159 -0.0702232572423 0)
(-0.151562196125 -0.0687733686098 0)
(-0.145602554607 -0.0668985104735 0)
(-0.139862285306 -0.0646394627854 0)
(-0.134370220729 -0.0620371739785 0)
(-0.129150376991 -0.0591319672216 0)
(-0.124222309692 -0.0559628918476 0)
(-0.119601512307 -0.0525672147634 0)
(-0.115299836279 -0.0489800421934 0)
(-0.111325915895 -0.0452340591933 0)
(-0.107685584632 -0.0413593727715 0)
(-0.104382273096 -0.0373834438988 0)
(-0.101417381515 -0.0333310939146 0)
(-0.0987906222594 -0.0292245716422 0)
(-0.0965003298304 -0.025083668691 0)
(-0.0850948190955 -0.0227052492254 0)
(-0.0834923464132 -0.0182232258789 0)
(-0.0822038183649 -0.0137580466054 0)
(-0.0812236913948 -0.00932173981328 0)
(-0.0805462784859 -0.00492470001291 0)
(-0.0801658696444 -0.000575934317731 0)
(-0.0800768272583 0.00371669440991 0)
(-0.0802736588648 0.00794623015971 0)
(-0.080751069606 0.0121063937585 0)
(-0.0815039963538 0.0161913612859 0)
(-0.0825276251633 0.0201955515212 0)
(-0.0838173933848 0.0241134227127 0)
(-0.0853689774296 0.0279392787677 0)
(-0.08717826686 0.0316670848809 0)
(-0.0892413251554 0.0352902926332 0)
(-0.0915543372051 0.0388016747102 0)
(-0.0941135432905 0.0421931695837 0)
(-0.0969151590609 0.0454557367884 0)
(-0.0999552807689 0.048579223797 0)
(-0.103229774833 0.0515522459498 0)
(-0.106734150651 0.0543620814391 0)
(-0.110463415489 0.0569945839677 0)
(-0.114411910281 0.0594341164069 0)
(-0.118573125253 0.0616635095603 0)
(-0.122939494551 0.0636640509777 0)
(-0.127502169424 0.0654155096449 0)
(-0.132250770188 0.0668962032709 0)
(-0.137173118019 0.0680831157434 0)
(-0.142254948874 0.0689520730762 0)
(-0.147479613338 0.0694779867317 0)
(-0.152827768171 0.0696351734533 0)
(-0.158277067681 0.0693977605394 0)
(-0.163801865833 0.0687401846687 0)
(-0.169372943182 0.0676377907237 0)
(-0.174957276167 0.0660675343552 0)
(-0.18051786988 0.0640087880456 0)
(-0.18601367879 0.0614442449687 0)
(-0.191399642806 0.0583609078795 0)
(-0.196626867792 0.054751141565 0)
(-0.201642979819 0.0506137572362 0)
(-0.206392680085 0.0459550860429 0)
(-0.210818522084 0.0407899874165 0)
(-0.214861923403 0.0351427273151 0)
(-0.21846441122 0.0290476531965 0)
(-0.221569083211 0.0225495885082 0)
(-0.224122244811 0.0157038716549 0)
(-0.226075161264 0.00857597453682 0)
(-0.227385841014 0.00124065503254 0)
(-0.228020748926 -0.00621937378636 0)
(-0.227956337062 -0.0137152388936 0)
(-0.227180280578 -0.0211541077706 0)
(-0.225692318785 -0.028441695222 0)
(-0.223504625997 -0.0354849446991 0)
(-0.220641670971 -0.0421947306197 0)
(-0.217139563989 -0.048488420992 0)
(-0.213044932254 -0.0542921489936 0)
(-0.208413401279 -0.0595426675513 0)
(-0.20330778711 -0.064188698382 0)
(-0.197796118747 -0.0681917304695 0)
(-0.191949611734 -0.0715262667145 0)
(-0.185840704118 -0.0741795564357 0)
(-0.179541247515 -0.0761508818056 0)
(-0.173120922636 -0.0774504863277 0)
(-0.166645923513 -0.0780982430191 0)
(-0.160177930825 -0.0781221602244 0)
(-0.153773373991 -0.0775568158864 0)
(-0.147482965366 -0.0764417989183 0)
(-0.141351478234 -0.0748202212828 0)
(-0.135417733183 -0.0727373484086 0)
(-0.129714754321 -0.0702393801713 0)
(-0.124270056782 -0.0673724008351 0)
(-0.119106029306 -0.0641815047167 0)
(-0.11424037951 -0.0607100950984 0)
(-0.10968661414 -0.0569993470871 0)
(-0.105454531556 -0.0530878204603 0)
(-0.101550708541 -0.0490112057533 0)
(-0.0979789679855 -0.0448021855851 0)
(-0.0947408179517 -0.0404903931269 0)
(-0.0918358558943 -0.0361024503706 0)
(-0.0892621345589 -0.0316620701837 0)
(-0.0870164881664 -0.0271902078006 0)
(-0.075010527622 -0.0244499826113 0)
(-0.0734424113034 -0.0196575129573 0)
(-0.0721745009587 -0.01488774214 0)
(-0.0712004203362 -0.0101528254936 0)
(-0.0705138347849 -0.00546315244337 0)
(-0.0701085651132 -0.000827619873161 0)
(-0.0699786760701 0.00374610077466 0)
(-0.0701185424835 0.00825130477208 0)
(-0.0705228957152 0.0126820050588 0)
(-0.0711868526903 0.017032693565 0)
(-0.0721059293472 0.0212981131365 0)
(-0.0732760399445 0.0254730399826 0)
(-0.0746934832562 0.0295520763814 0)
(-0.0763549162964 0.0335294533066 0)
(-0.0782573158353 0.0373988426656 0)
(-0.0803979276078 0.0411531789737 0)
(-0.0827742027664 0.0447844905028 0)
(-0.0853837208065 0.0482837402528 0)
(-0.0882240978854 0.0516406774982 0)
(-0.0912928791823 0.0548437011522 0)
(-0.0945874137111 0.0578797367859 0)
(-0.0981047098179 0.0607341298322 0)
(-0.101841269484 0.0633905582986 0)
(-0.105792899556 0.0658309692165 0)
(-0.109954498138 0.0680355440494 0)
(-0.114319814705 0.0699826993638 0)
(-0.118881183005 0.0716491302094 0)
(-0.123629226645 0.0730099048097 0)
(-0.128552538429 0.0740386202761 0)
(-0.133637336085 0.0747076300352 0)
(-0.138867099112 0.0749883543716 0)
(-0.144222194104 0.0748516857808 0)
(-0.149679499106 0.0742685004854 0)
(-0.155212041365 0.0732102862425 0)
(-0.160788667158 0.0716498941667 0)
(-0.166373767037 0.0695624183903 0)
(-0.171927084655 0.0669262016627 0)
(-0.177403641749 0.0637239571788 0)
(-0.182753815436 0.0599439868546 0)
(-0.18792360579 0.0555814639855 0)
(-0.192855130903 0.0506397340574 0)
(-0.197487382153 0.0451315721905 0)
(-0.20175726322 0.0390803205902 0)
(-0.205600921704 0.0325208163184 0)
(-0.208955361654 0.025500011166 0)
(-0.21176029952 0.0180771842317 0)
(-0.213960196527 0.010323656784 0)
(-0.215506370482 0.00232194031338 0)
(-0.216359063521 -0.00583571699674 0)
(-0.216489324529 -0.014049374199 0)
(-0.215880560912 -0.0222139670508 0)
(-0.214529627877 -0.0302222840315 0)
(-0.212447353681 -0.0379681842963 0)
(-0.20965844278 -0.0453498622166 0)
(-0.206200751106 -0.0522729513718 0)
(-0.202123983021 -0.0586532717275 0)
(-0.197487908918 -0.0644190575933 0)
(-0.19236023764 -0.0695125545242 0)
(-0.186814295584 -0.0738909315573 0)
(-0.180926664498 -0.0775265128849 0)
(-0.174774915139 -0.0804063833423 0)
(-0.168435548176 -0.0825314599909 0)
(-0.16198222224 -0.0839151455221 0)
(-0.155484316478 -0.0845816886485 0)
(-0.149005844866 -0.0845643741122 0)
(-0.142604714406 -0.0839036533449 0)
(-0.136332300286 -0.0826453093699 0)
(-0.130233298335 -0.0808387292244 0)
(-0.124345808229 -0.0785353364759 0)
(-0.118701598801 -0.0757872171045 0)
(-0.113326508443 -0.0726459552648 0)
(-0.108240937737 -0.069161681815 0)
(-0.103460397128 -0.0653823281082 0)
(-0.0989960787801 -0.0613530702262 0)
(-0.0948554281565 -0.0571159441999 0)
(-0.0910426968181 -0.0527096103441 0)
(-0.0875594632776 -0.0481692441517 0)
(-0.0844051132573 -0.0435265317844 0)
(-0.0815772743869 -0.0388097496531 0)
(-0.0790722032889 -0.0340439095828 0)
(-0.0768851251729 -0.0292509533352 0)
(-0.0643298079805 -0.0261479277559 0)
(-0.0628080960059 -0.0210592186395 0)
(-0.0615707755037 -0.0160000056394 0)
(-0.0606106255377 -0.010982376426 0)
(-0.059920662638 -0.00601652834438 0)
(-0.0594942452239 -0.00111106902561 0)
(-0.0593251528318 0.00372669275011 0)
(-0.0594076436758 0.00849046763071 0)
(-0.059736493569 0.0131747185709 0)
(-0.0603070187227 0.0177744062452 0)
(-0.0611150844392 0.0222847467752 0)
(-0.0621571012242 0.0267009812451 0)
(-0.0634300093751 0.0310181563122 0)
(-0.0649312526492 0.0352309151581 0)
(-0.0666587411813 0.0393332980726 0)
(-0.0686108034038 0.0433185521117 0)
(-0.070786126318 0.0471789494978 0)
(-0.0731836830773 0.0509056147646 0)
(-0.0758026464694 0.0544883610702 0)
(-0.0786422865293 0.0579155366234 0)
(-0.0817018501935 0.0611738828092 0)
(-0.0849804206164 0.0642484063419 0)
(-0.0884767535482 0.0671222686597 0)
(-0.0921890880353 0.0697766967851 0)
(-0.0961149286937 0.0721909210273 0)
(-0.100250796957 0.0743421461859 0)
(-0.104591949095 0.0762055643221 0)
(-0.109132059477 0.0777544186513 0)
(-0.113862868628 0.078960129635 0)
(-0.118773797185 0.0797924958197 0)
(-0.123851528963 0.0802199832597 0)
(-0.129079569169 0.0802101182915 0)
(-0.134437787372 0.0797299987738 0)
(-0.139901959201 0.0787469383487 0)
(-0.145443325957 0.0772292564627 0)
(-0.151028197225 0.0751472233714 0)
(-0.15661762793 0.0724741636632 0)
(-0.162167207683 0.069187713534 0)
(-0.167627006078 0.0652712157351 0)
(-0.172941721813 0.0607152216285 0)
(-0.178051085049 0.0555190522919 0)
(-0.182890559799 0.0496923507512 0)
(-0.187392384771 0.0432565365772 0)
(-0.191486975636 0.0362460544812 0)
(-0.195104688125 0.0287092933573 0)
(-0.198177909762 0.0207090454287 0)
(-0.200643410035 0.0123223810183 0)
(-0.202444837933 0.00363983682457 0)
(-0.20353521765 -0.00523614372488 0)
(-0.203879264742 -0.0141935212636 0)
(-0.203455334361 -0.0231136541035 0)
(-0.202256827223 -0.031874831901 0)
(-0.20029291661 -0.0403561435088 0)
(-0.197588514758 -0.0484414298761 0)
(-0.194183464871 -0.0560230536877 0)
(-0.190131019436 -0.0630052292573 0)
(-0.185495732304 -0.0693067019953 0)
(-0.180350937982 -0.0748626361103 0)
(-0.174776012526 -0.0796256476239 0)
(-0.168853607946 -0.0835659961753 0)
(-0.162667029554 -0.0866710140736 0)
(-0.156297889659 -0.0889438979981 0)
(-0.14982412866 -0.0904020155346 0)
(-0.143318452447 -0.09107488686 0)
(-0.136847197357 -0.0910019947342 0)
(-0.130469603613 -0.0902305578326 0)
(-0.124237456405 -0.0888133778137 0)
(-0.118195040279 -0.086806843346 0)
(-0.112379346425 -0.084269147697 0)
(-0.106820472169 -0.0812587525577 0)
(-0.101542155908 -0.0778331107145 0)
(-0.0965623973616 -0.0740476444976 0)
(-0.091894120964 -0.0699549655177 0)
(-0.0875458486409 -0.0656043136661 0)
(-0.0835223562087 -0.061041189057 0)
(-0.0798252948907 -0.0563071488676 0)
(-0.076453765652 -0.0514397412336 0)
(-0.073404839154 -0.0464725498906 0)
(-0.0706740181418 -0.0414353256264 0)
(-0.0682556421041 -0.0363541834497 0)
(-0.066143236211 -0.0312518473839 0)
(-0.0530955294485 -0.0277850827626 0)
(-0.0516340108158 -0.0224165077638 0)
(-0.0504387952346 -0.0170851777707 0)
(-0.0495018261469 -0.0118029066699 0)
(-0.0488154887817 -0.00657950442698 0)
(-0.0483727020098 -0.00142310484094 0)
(-0.0481669857159 0.00365952049707 0)
(-0.0481925076823 0.00866266317352 0)
(-0.0484441133503 0.0135813941473 0)
(-0.0489173412029 0.0184112948467 0)
(-0.0496084259239 0.0231482024107 0)
(-0.0505142909276 0.0277879680337 0)
(-0.0516325313187 0.0323262272295 0)
(-0.0529613878438 0.0367581807887 0)
(-0.0544997119058 0.0410783852706 0)
(-0.0562469212571 0.045280552034 0)
(-0.0582029455262 0.0493573540498 0)
(-0.0603681602917 0.0533002400861 0)
(-0.0627433079806 0.0570992562885 0)
(-0.0653294034318 0.0607428757186 0)
(-0.068127621554 0.0642178370806 0)
(-0.0711391641079 0.0675089946538 0)
(-0.0743651022877 0.0705991823962 0)
(-0.0778061914949 0.0734690962943 0)
(-0.0814626545078 0.0760972003274 0)
(-0.0853339292207 0.0784596628916 0)
(-0.0894183773185 0.0805303322039 0)
(-0.0937129507351 0.0822807610425 0)
(-0.0982128136351 0.0836802931571 0)
(-0.102910919067 0.0846962257112 0)
(-0.107797541502 0.0852940640931 0)
(-0.11285976933 0.0854378871607 0)
(-0.118080965212 0.0850908422262 0)
(-0.123440207061 0.084215789485 0)
(-0.12891172844 0.0827761147036 0)
(-0.134464384347 0.0807367262541 0)
(-0.140061176432 0.0780652473658 0)
(-0.145658880369 0.0747334060808 0)
(-0.151207826668 0.0707186131694 0)
(-0.156651893621 0.066005701713 0)
(-0.161928775902 0.0605887810205 0)
(-0.166970592784 0.0544731324204 0)
(-0.171704893714 0.0476770465463 0)
(-0.176056103895 0.0402334734593 0)
(-0.179947426521 0.0321913322806 0)
(-0.183303180652 0.0236163112937 0)
(-0.186051505382 0.0145909891018 0)
(-0.188127306102 0.00521412876357 0)
(-0.189475264409 -0.0044009562846 0)
(-0.190052688477 -0.0141289928148 0)
(-0.189831958903 -0.0238362275349 0)
(-0.188802338889 -0.0333846249631 0)
(-0.186970965217 -0.0426365254518 0)
(-0.184362905536 -0.0514594454927 0)
(-0.181020254699 -0.0597306711478 0)
(-0.177000344352 -0.0673413060942 0)
(-0.172373232276 -0.0741994989913 0)
(-0.167218697771 -0.0802326717572 0)
(-0.161622993356 -0.0853886764835 0)
(-0.155675595757 -0.0896359101256 0)
(-0.1494661656 -0.0929625001571 0)
(-0.143081874619 -0.0953747319422 0)
(-0.136605202477 -0.0968949180376 0)
(-0.130112250953 -0.097558914435 0)
(-0.123671576471 -0.0974134743367 0)
(-0.117343505924 -0.0965136026032 0)
(-0.111179876299 -0.0949200396919 0)
(-0.105224125101 -0.0926969678923 0)
(-0.0995116541914 -0.0899099987978 0)
(-0.094070392193 -0.0866244716083 0)
(-0.0889214877275 -0.0829040682181 0)
(-0.0840800756278 -0.0788097333599 0)
(-0.0795560691147 -0.0743988759314 0)
(-0.0753549417275 -0.0697248202842 0)
(-0.0714784726907 -0.064836472747 0)
(-0.0679254379838 -0.0597781680594 0)
(-0.0646922364861 -0.0545896618543 0)
(-0.0617734461776 -0.0493062381137 0)
(-0.0591623096086 -0.0439589040534 0)
(-0.0568511508924 -0.0385746487459 0)
(-0.0548317285101 -0.0331767456379 0)
(-0.0413546715397 -0.029345600416 0)
(-0.0399688377243 -0.0237159112782 0)
(-0.0388287477943 -0.0181321525268 0)
(-0.0379255438006 -0.0126056490937 0)
(-0.0372510192856 -0.00714562279594 0)
(-0.0367976951978 -0.00175954653833 0)
(-0.0365588726575 0.00354651985728 0)
(-0.0365286669872 0.0087676126226 0)
(-0.0367020266531 0.0138995654234 0)
(-0.0370747400423 0.0189387281745 0)
(-0.0376434323263 0.0238817019152 0)
(-0.0384055540378 0.028725088129 0)
(-0.0393593624054 0.0334652507771 0)
(-0.0405038959463 0.0380980893064 0)
(-0.0418389422969 0.0426188209773 0)
(-0.0433649987623 0.0470217710345 0)
(-0.0450832245702 0.0513001694912 0)
(-0.0469953833272 0.0554459536476 0)
(-0.0491037736755 0.0594495758963 0)
(-0.0514111456494 0.0632998169128 0)
(-0.053920599719 0.0669836050016 0)
(-0.0566354650046 0.0704858431808 0)
(-0.0595591526476 0.0737892465738 0)
(-0.0626949798764 0.0768741938645 0)
(-0.0660459599214 0.0797185979761 0)
(-0.0696145526733 0.0822978027898 0)
(-0.0734023709208 0.0845845146466 0)
(-0.0774098372134 0.0865487795605 0)
(-0.0816357870065 0.0881580195182 0)
(-0.0860770149017 0.0893771438848 0)
(-0.0907277626522 0.0901687546806 0)
(-0.095579150367 0.0904934671714 0)
(-0.10061855624 0.0903103695786 0)
(-0.105828955346 0.0895776473682 0)
(-0.111188234769 0.0882533980316 0)
(-0.116668510676 0.0862966608263 0)
(-0.122235482847 0.0836686817851 0)
(-0.127847873332 0.0803344264488 0)
(-0.133457007714 0.076264340213 0)
(-0.139006608839 0.0714363379714 0)
(-0.144432882153 0.0658379802495 0)
(-0.149664976829 0.0594687621657 0)
(-0.154625904693 0.0523424052414 0)
(-0.159233986022 0.0444890027267 0)
(-0.163404864423 0.0359568313195 0)
(-0.167054089498 0.0268136128803 0)
(-0.170100205844 0.0171469982374 0)
(-0.172468214455 0.00706406180493 0)
(-0.174093196414 -0.00331035260128 0)
(-0.174923819813 -0.0138365049429 0)
(-0.174925409608 -0.0243637930285 0)
(-0.174082273239 -0.0347357423618 0)
(-0.172399037354 -0.0447956273569 0)
(-0.169900835733 -0.0543923197359 0)
(-0.166632297457 -0.0633859082876 0)
(-0.162655425248 -0.0716526371677 0)
(-0.158046585219 -0.0790887998534 0)
(-0.152892906319 -0.0856133647323 0)
(-0.147288412824 -0.0911692520738 0)
(-0.14133019814 -0.0957233168732 0)
(-0.135114898355 -0.099265200852 0)
(-0.128735652934 -0.10180528641 0)
(-0.12227966425 -0.103372015686 0)
(-0.115826398211 -0.104008836176 0)
(-0.109446410807 -0.103771008896 0)
(-0.103200743198 -0.102722474576 0)
(-0.0971408013916 -0.100932926154 0)
(-0.0913086240903 -0.0984751886558 0)
(-0.0857374408936 -0.0954229649135 0)
(-0.0804524296715 -0.0918489701038 0)
(-0.075471593409 -0.0878234507191 0)
(-0.0708066907607 -0.0834130641789 0)
(-0.0664641689466 -0.0786800829272 0)
(-0.0624460611932 -0.0736818803113 0)
(-0.0587508228687 -0.0684706534347 0)
(-0.0553740904239 -0.0630933392541 0)
(-0.0523093551748 -0.0575916833705 0)
(-0.0495485499544 -0.0520024253609 0)
(-0.0470825509642 -0.0463575694463 0)
(-0.0449016000521 -0.040684714329 0)
(-0.0429956544055 -0.0350074208406 0)
(-0.0291585079172 -0.0308118492404 0)
(-0.0278654647044 -0.0249423859657 0)
(-0.0267949456836 -0.0191284309969 0)
(-0.0259373550749 -0.0133805993882 0)
(-0.0252839598036 -0.00770732211946 0)
(-0.0248269459783 -0.00211522535352 0)
(-0.024559454263 0.00339051372562 0)
(-0.0244755988903 0.00880583406323 0)
(-0.0245704741718 0.0141274796793 0)
(-0.0248401515381 0.019352708691 0)
(-0.0252816694021 0.0244790203556 0)
(-0.0258930174618 0.0295038978894 0)
(-0.0266731164411 0.0344245647487 0)
(-0.0276217936965 0.0392377520853 0)
(-0.0287397545738 0.043939475197 0)
(-0.0300285488779 0.0485248169826 0)
(-0.0314905312984 0.0529877166637 0)
(-0.0331288141103 0.0573207623746 0)
(-0.0349472099249 0.0615149866458 0)
(-0.0369501617042 0.065559664333 0)
(-0.0391426566579 0.069442113205 0)
(-0.0415301200253 0.0731474982107 0)
(-0.0441182841137 0.0766586414411 0)
(-0.0469130273328 0.0799558410306 0)
(-0.0499201773694 0.0830167037263 0)
(-0.0531452721282 0.0858159976483 0)
(-0.056593271696 0.0883255339113 0)
(-0.060268214459 0.0905140882919 0)
(-0.0641728107362 0.0923473770349 0)
(-0.0683079680591 0.0937881041738 0)
(-0.0726722437211 0.0947961013238 0)
(-0.0772612226885 0.0953285846635 0)
(-0.0820668227073 0.0953405575107 0)
(-0.0870765337504 0.0947853901354 0)
(-0.0922726061488 0.0936156106852 0)
(-0.0976312111026 0.0917839415389 0)
(-0.103121608869 0.0892446130166 0)
(-0.108705373682 0.0859549799037 0)
(-0.114335739869 0.0818774542187 0)
(-0.119957149647 0.0769817485962 0)
(-0.125505098078 0.0712473972578 0)
(-0.1309063821 0.064666484955 0)
(-0.136079864812 0.0572464685795 0)
(-0.140937858435 0.0490129232172 0)
(-0.145388204199 0.0400119891337 0)
(-0.149337079776 0.0303122470043 0)
(-0.152692491932 0.0200057186331 0)
(-0.155368318021 0.00920769616524 0)
(-0.157288655431 -0.00194484432684 0)
(-0.158392132627 -0.0132963835588 0)
(-0.158635759926 -0.0246775207868 0)
(-0.157997910042 -0.035910907938 0)
(-0.156480107565 -0.0468180453528 0)
(-0.154107406015 -0.0572264310011 0)
(-0.150927257713 -0.0669764682675 0)
(-0.147006982473 -0.075927514621 0)
(-0.142430136287 -0.0839625875715 0)
(-0.137292177544 -0.09099145067 0)
(-0.131695848625 -0.0969519951975 0)
(-0.125746664191 -0.101810011996 0)
(-0.119548824154 -0.105557589006 0)
(-0.113201769399 -0.108210451907 0)
(-0.10679749812 -0.109804592864 0)
(-0.100418673001 -0.110392519338 0)
(-0.0941374800178 -0.110039413251 0)
(-0.0880151510986 -0.108819432336 0)
(-0.0821020352175 -0.106812321426 0)
(-0.0764380925864 -0.104100440313 0)
(-0.0710536900659 -0.100766261855 0)
(-0.0659705881989 -0.0968903518098 0)
(-0.0612030274996 -0.0925498108875 0)
(-0.0567588406577 -0.0878171389712 0)
(-0.052640535878 -0.0827594696529 0)
(-0.0488463132855 -0.0774381183592 0)
(-0.0453709904246 -0.0719083874273 0)
(-0.0422068241671 -0.0662195749262 0)
(-0.0393442249274 -0.0604151394506 0)
(-0.03677236526 -0.0545329795189 0)
(-0.0344796890674 -0.0486057928338 0)
(-0.0324543301953 -0.042661487063 0)
(-0.0306844505051 -0.0367236196411 0)
(-0.0165627807562 -0.0321645307602 0)
(-0.0153811037166 -0.0260794240324 0)
(-0.0143958949105 -0.0200602186534 0)
(-0.0135969176015 -0.0141165973369 0)
(-0.0129750057447 -0.00825599994022 0)
(-0.0125220975659 -0.00248402558974 0)
(-0.0122312508488 0.00319519403174 0)
(-0.0120966449025 0.0087786487987 0)
(-0.0121135731677 0.0142641295543 0)
(-0.0122784295233 0.0196499302819 0)
(-0.0125886905547 0.0249345702455 0)
(-0.0130428953401 0.0301165331888 0)
(-0.0136406236724 0.0351940206748 0)
(-0.0143824730559 0.0401647167108 0)
(-0.0152700342642 0.0450255609411 0)
(-0.0163058647243 0.0497725278869 0)
(-0.0174934584579 0.0544004099638 0)
(-0.0188372107694 0.058902602327 0)
(-0.0203423752998 0.0632708879936 0)
(-0.022015010449 0.0674952221815 0)
(-0.0238619115086 0.0715635154278 0)
(-0.0258905241304 0.0754614158212 0)
(-0.0281088339869 0.0791720916531 0)
(-0.0305252266764 0.0826760170196 0)
(-0.0331483110989 0.0859507644188 0)
(-0.0359866987287 0.0889708102757 0)
(-0.0390487305011 0.0917073616382 0)
(-0.0423421424876 0.0941282150833 0)
(-0.0458736613038 0.0961976622048 0)
(-0.0496485204437 0.0978764599634 0)
(-0.053669889684 0.0991218886242 0)
(-0.0579382116594 0.0998879249324 0)
(-0.0624504430304 0.100125563375 0)
(-0.0671992027614 0.0997833234947 0)
(-0.0721718373664 0.098807985706 0)
(-0.0773494230108 0.0971456010121 0)
(-0.0827057374068 0.0947428202887 0)
(-0.0882062506537 0.0915485847399 0)
(-0.0938072032884 0.0875162088583 0)
(-0.0994548609637 0.0826058685721 0)
(-0.105085056851 0.0767874781157 0)
(-0.110623152599 0.0700438976142 0)
(-0.11598456238 0.0623743581057 0)
(-0.121075985914 0.0537979221832 0)
(-0.125797477537 0.0443567208206 0)
(-0.130045430311 0.0341186295623 0)
(-0.133716468792 0.023178987586 0)
(-0.136712125046 0.0116609483834 0)
(-0.138944033852 -0.000285901778787 0)
(-0.140339223971 -0.0124889068763 0)
(-0.140844942579 -0.0247577075641 0)
(-0.140432460984 -0.0368913003353 0)
(-0.139099455194 -0.0486862604886 0)
(-0.13687066144 -0.0599455078947 0)
(-0.133796625789 -0.0704868455455 0)
(-0.129950663997 -0.0801504026407 0)
(-0.125424457141 -0.0888043285935 0)
(-0.12032281892 -0.0963484070608 0)
(-0.114758171259 -0.102715509135 0)
(-0.108845224552 -0.107871041385 0)
(-0.102696252117 -0.11181072875 0)
(-0.0964172074955 -0.114557164373 0)
(-0.0901048020271 -0.116155576447 0)
(-0.0838445519649 -0.116669230879 0)
(-0.0777097216367 -0.116174823948 0)
(-0.0717610346501 -0.114758136404 0)
(-0.0660469979519 -0.112510134669 0)
(-0.0606046785042 -0.109523626638 0)
(-0.0554607828565 -0.105890514818 0)
(-0.0506329098792 -0.101699640214 0)
(-0.0461308714373 -0.0970351763329 0)
(-0.0419580010078 -0.0919755118899 0)
(-0.0381123936198 -0.0865925508179 0)
(-0.0345880406064 -0.0809513560654 0)
(-0.0313758389106 -0.0751100669986 0)
(-0.0284644671202 -0.0691200268104 0)
(-0.02584112939 -0.0630260646374 0)
(-0.0234921744678 -0.0568668859029 0)
(-0.0214036007651 -0.0506755329808 0)
(-0.0195614603613 -0.0444798861614 0)
(-0.017952175483 -0.0383031818408 0)
(-0.00362785619749 -0.0333828603513 0)
(-0.00257738349864 -0.0271092185483 0)
(-0.00169433340018 -0.0209125710135 0)
(-0.00096796192402 -0.0148014493072 0)
(-0.000388794925166 -0.00878210940077 0)
(5.1364465112e-05 -0.00285895361272 0)
(0.000359443063858 0.00296508194799 0)
(0.000541114476957 0.00868817185728 0)
(0.000600821614564 0.0143092746646 0)
(0.000541801900071 0.0198278315802 0)
(0.000366113019587 0.0252434870006 0)
(7.46577782997e-05 0.0305558272827 0)
(-0.000332792735998 0.0357641342361 0)
(-0.000857577910335 0.0408671499162 0)
(-0.0015021279799 0.0458628494626 0)
(-0.00226994519754 0.050748218938 0)
(-0.00316558445985 0.0555190353554 0)
(-0.00419463150799 0.0601696463819 0)
(-0.00536367623678 0.0646927475581 0)
(-0.00668027800172 0.0690791553091 0)
(-0.00815291909875 0.0733175745827 0)
(-0.00979094179147 0.0773943606499 0)
(-0.0116044633711 0.0812932755115 0)
(-0.0136042627624 0.0849952405246 0)
(-0.0158016311377 0.0884780883545 0)
(-0.0182081779115 0.0917163192636 0)
(-0.0208355824051 0.0946808691574 0)
(-0.0236952804755 0.0973388998027 0)
(-0.0267980746236 0.0996536253267 0)
(-0.0301536557089 0.101584193573 0)
(-0.0337700246408 0.103085646181 0)
(-0.0376528036276 0.104108987378 0)
(-0.0418044291742 0.1046013983 0)
(-0.0462232235357 0.104506640907 0)
(-0.0509023483973 0.103765702726 0)
(-0.0558286547988 0.102317739796 0)
(-0.0609814573615 0.100101378969 0)
(-0.0663312791485 0.097056440362 0)
(-0.0718386360467 0.0931261336508 0)
(-0.0774529558494 0.0882597654264 0)
(-0.0831117560739 0.0824159658138 0)
(-0.0887402340464 0.0755663979357 0)
(-0.094251449044 0.0676998501962 0)
(-0.0995472919076 0.0588265264537 0)
(-0.104520431985 0.0489822447752 0)
(-0.109057389982 0.0382321396013 0)
(-0.113042789976 0.0266733566405 0)
(-0.116364697484 0.0144361802556 0)
(-0.11892077755 0.00168306547323 0)
(-0.120624773509 -0.0113948513293 0)
(-0.121412539019 -0.0245839040807 0)
(-0.121246865195 -0.0376562966992 0)
(-0.120120625725 -0.0503800417468 0)
(-0.118057854558 -0.0625297289301 0)
(-0.115112395044 -0.0738971534942 0)
(-0.111364222704 -0.0843005252059 0)
(-0.106914078562 -0.0935913576362 0)
(-0.101877143862 -0.101658678787 0)
(-0.0963764315748 -0.108430496369 0)
(-0.0905365239484 -0.113872763971 0)
(-0.0844781313451 -0.117986339721 0)
(-0.0783137467949 -0.120802523442 0)
(-0.0721445027554 -0.122377754586 0)
(-0.066058206853 -0.122787994922 0)
(-0.0601284365443 -0.122123223855 0)
(-0.0544145127022 -0.120482359372 0)
(-0.0489621477863 -0.117968804267 0)
(-0.0438045670617 -0.114686718871 0)
(-0.0389639217187 -0.110738043457 0)
(-0.0344528427847 -0.106220237294 0)
(-0.0302760182881 -0.101224665053 0)
(-0.0264317087144 -0.0958355419364 0)
(-0.0229131445719 -0.0901293421913 0)
(-0.0197097735394 -0.0841745779488 0)
(-0.016808342921 -0.0780318630574 0)
(-0.0141938163882 -0.0717541873043 0)
(-0.0118501329739 -0.0653873382227 0)
(-0.00976082183008 -0.0589704193317 0)
(-0.00790948919564 -0.0525364244037 0)
(-0.00628019507288 -0.0461128368194 0)
(-0.00485773686925 -0.0397222311047 0)
(0.00958115061823 -0.0344448185049 0)
(0.0104795934832 -0.0280128900803 0)
(0.011242770555 -0.0216695918598 0)
(0.011881759764 -0.0154220952795 0)
(0.0124061853762 -0.00927529307441 0)
(0.0128242394729 -0.0032322370581 0)
(0.0131427136621 0.00270546431341 0)
(0.0133670360659 0.00853728476984 0)
(0.0135013098049 0.0142634512737 0)
(0.0135483501946 0.0198846429604 0)
(0.0135097187013 0.0254017136333 0)
(0.0133857524099 0.0308154335504 0)
(0.0131755883657 0.0361262463776 0)
(0.0128771826907 0.0413340373521 0)
(0.0124873248736 0.046437908886 0)
(0.0120016481131 0.0514359600605 0)
(0.0114146370855 0.0563250666742 0)
(0.0107196350285 0.0611006587721 0)
(0.00990885260936 0.0657564928756 0)
(0.00897338169627 0.0702844164939 0)
(0.0079032178986 0.0746741229662 0)
(0.00668729660194 0.0789128952794 0)
(0.00531354821062 0.0829853383058 0)
(0.00376897943238 0.0868730999693 0)
(0.00203978869732 0.090554583247 0)
(0.000111525179985 0.0940046527638 0)
(-0.00203069764939 0.0971943421491 0)
(-0.00440192154162 0.100090571421 0)
(-0.00701698226736 0.102655887602 0)
(-0.00989005279464 0.104848246704 0)
(-0.0130340753311 0.106620861264 0)
(-0.0164600669716 0.107922144899 0)
(-0.0201762852967 0.108695793845 0)
(-0.024187243838 0.108881055026 0)
(-0.0284925736404 0.108413240366 0)
(-0.0330857370794 0.107224557038 0)
(-0.0379526145032 0.105245331551 0)
(-0.0430700039411 0.102405710101 0)
(-0.0484040994485 0.098637915419 0)
(-0.0539090444241 0.0938791279898 0)
(-0.0595256917479 0.088075033248 0)
(-0.0651807421566 0.0811840318438 0)
(-0.0707864734944 0.0731820416165 0)
(-0.0762413089493 0.0640677206889 0)
(-0.0814314898547 0.0538678077613 0)
(-0.0862340966795 0.0426421098594 0)
(-0.0905215620011 0.0304874924939 0)
(-0.0941676432874 0.0175401227317 0)
(-0.0970546331701 0.003975225932 0)
(-0.0990812663604 -0.00999634546733 0)
(-0.100170241468 -0.0241351389832 0)
(-0.100274267154 -0.038183108706 0)
(-0.0993801730998 -0.0518755642551 0)
(-0.097510656895 -0.0649543902839 0)
(-0.0947229059375 -0.0771814040981 0)
(-0.0911041082822 -0.0883498267734 0)
(-0.0867648905746 -0.0982925949315 0)
(-0.0818316890087 -0.106887232558 0)
(-0.0764388599809 -0.114057233508 0)
(-0.0707213322938 -0.119770328236 0)
(-0.0648083801887 -0.124034349123 0)
(-0.0588188039554 -0.126891483361 0)
(-0.0528575985242 -0.128411657007 0)
(-0.047014041789 -0.12868569913 0)
(-0.0413610221037 -0.127818797485 0)
(-0.0359553594276 -0.125924600073 0)
(-0.0308388562633 -0.123120169348 0)
(-0.0260398289938 -0.119521873601 0)
(-0.0215749038124 -0.115242207897 0)
(-0.0174509042082 -0.110387474329 0)
(-0.0136667015486 -0.10505621475 0)
(-0.0102149414267 -0.0993382732659 0)
(-0.00708359310126 -0.0933143646546 0)
(-0.00425729652559 -0.087056033335 0)
(-0.00171850136416 -0.080625901197 0)
(0.00055159403729 -0.0740781184693 0)
(0.00257228731614 -0.0674589478044 0)
(0.00436277944719 -0.0608074266231 0)
(0.00594172212376 -0.0541560658305 0)
(0.00732688268281 -0.0475315540808 0)
(0.00853490547296 -0.0409554458171 0)
(0.0229942946744 -0.0353274782076 0)
(0.0237192422167 -0.0287707787192 0)
(0.0243442707252 -0.0223146871155 0)
(0.0248805776584 -0.0159648227321 0)
(0.0253377455063 -0.00972455572062 0)
(0.0257237942744 -0.00359545579403 0)
(0.0260452390035 0.00242230482901 0)
(0.026307147658 0.0083295891317 0)
(0.0265131959303 0.0141279683818 0)
(0.0266657164955 0.0198194253501 0)
(0.0267657410616 0.0254060825657 0)
(0.0268130342203 0.0308899507047 0)
(0.0268061186662 0.0362726924339 0)
(0.0267422918319 0.0415553972556 0)
(0.0266176344318 0.046738363119 0)
(0.0264270118323 0.0518208807796 0)
(0.0261640696085 0.0568010170864 0)
(0.0258212251259 0.0616753935844 0)
(0.02538965753 0.066438957047 0)
(0.0248592991631 0.0710847388161 0)
(0.0242188321764 0.0756036001781 0)
(0.0234556950008 0.0799839614673 0)
(0.022556104391 0.0842115132294 0)
(0.0215051000033 0.0882689086808 0)
(0.0202866198973 0.0921354379387 0)
(0.0188836169953 0.0957866861986 0)
(0.017278228344 0.0991941803469 0)
(0.0154520109862 0.102325031568 0)
(0.0133862602531 0.105141585556 0)
(0.0110624281952 0.107601097176 0)
(0.00846266144031 0.109655453102 0)
(0.00557047863178 0.111250974265 0)
(0.00237160724657 0.112328340108 0)
(-0.00114500269632 0.112822688594 0)
(-0.00498597566731 0.112663959404 0)
(-0.00915211510374 0.111777561994 0)
(-0.0136368261792 0.110085463711 0)
(-0.0184243879849 0.107507803667 0)
(-0.0234881333536 0.103965142274 0)
(-0.0287886283998 0.0993814501903 0)
(-0.0342719840383 0.0936879195478 0)
(-0.0398684793963 0.0868276404148 0)
(-0.045491733244 0.0787611185051 0)
(-0.051038719225 0.0694725034867 0)
(-0.056390973308 0.0589762384334 0)
(-0.0614173600537 0.0473236150124 0)
(-0.0659786682163 0.0346084378038 0)
(-0.0699340905894 0.020970813 0)
(-0.0731494921021 0.00659808248269 0)
(-0.075507021601 -0.00827819874113 0)
(-0.0769144722954 -0.0233902892386 0)
(-0.0773126717515 -0.0384462436221 0)
(-0.0766807434315 -0.0531440815355 0)
(-0.0750389811466 -0.0671879097881 0)
(-0.0724476449846 -0.0803049601657 0)
(-0.06900139467 -0.0922600084015 0)
(-0.0648212514729 -0.102865308287 0)
(-0.0600454737848 -0.111986184098 0)
(-0.0548201809671 -0.119542193973 0)
(-0.0492907744593 -0.125504404179 0)
(-0.0435948685587 -0.129889825105 0)
(-0.0378569995961 -0.132754057001 0)
(-0.0321851496122 -0.13418307678 0)
(-0.0266689617402 -0.134284961104 0)
(-0.0213793917775 -0.133182151056 0)
(-0.0163694693552 -0.131004651367 0)
(-0.0116758339616 -0.127884367316 0)
(-0.00732074192166 -0.123950633119 0)
(-0.00331429101275 -0.119326878861 0)
(0.00034333209823 -0.114128315376 0)
(0.00365971862476 -0.108460482108 0)
(0.00664830478647 -0.102418493527 0)
(0.00932668454521 -0.0960868270427 0)
(0.011715182783 -0.0895395122895 0)
(0.0138356827965 -0.0828406030094 0)
(0.015710688812 -0.0760448349207 0)
(0.017362597018 -0.0691983938079 0)
(0.0188131457037 -0.0623397364321 0)
(0.0200830150734 -0.0555004223249 0)
(0.0211915490767 -0.0487059270904 0)
(0.0221565743644 -0.0419764177455 0)
(0.0365367803259 -0.0360074123714 0)
(0.0370665483411 -0.0293628040169 0)
(0.0375349582275 -0.0228308759197 0)
(0.0379530714462 -0.0164155283271 0)
(0.0383302034921 -0.010118476601 0)
(0.0386740085009 -0.00393970520176 0)
(0.0389905630352 0.00212212934958 0)
(0.0392844448863 0.00806934001982 0)
(0.0395588039312 0.0139048889462 0)
(0.0398154230291 0.0196320991323 0)
(0.0400547676925 0.0252543923474 0)
(0.0402760238583 0.0307750477438 0)
(0.0404771235705 0.0361969760252 0)
(0.0406547587892 0.0415225042841 0)
(0.0408043839086 0.0467531668689 0)
(0.04092020792 0.0518894978635 0)
(0.0409951775255 0.0569308209231 0)
(0.0410209529275 0.0618750323684 0)
(0.0409878785077 0.0667183735795 0)
(0.0408849512064 0.0714551888849 0)
(0.0406997901363 0.0760776653499 0)
(0.0404186118611 0.0805755511652 0)
(0.0400262168558 0.0849358497826 0)
(0.0395059939872 0.0891424876315 0)
(0.0388399514264 0.093175954253 0)
(0.0380087842619 0.0970129151544 0)
(0.0369919912236 0.100625799783 0)
(0.0357680553347 0.10398236992 0)
(0.0343147059331 0.107045277798 0)
(0.0326092822063 0.109771628588 0)
(0.030629220966 0.112112569041 0)
(0.0283526934792 0.114012933215 0)
(0.0257594172285 0.115410987916 0)
(0.0228316677033 0.116238334816 0)
(0.0195555116505 0.116420043161 0)
(0.0159222753468 0.115875105896 0)
(0.011930248037 0.114517331463 0)
(0.00758660041468 0.112256800913 0)
(0.00290947006496 0.109002031668 0)
(-0.00206986936171 0.104662990532 0)
(-0.00730487971877 0.0991550851249 0)
(-0.0127318453533 0.0924042320695 0)
(-0.0182684164993 0.0843530440777 0)
(-0.0238129333258 0.0749680777362 0)
(-0.0292449548772 0.0642479147006 0)
(-0.0344275093491 0.052231560926 0)
(-0.039211500212 0.0390062044803 0)
(-0.0434423979677 0.0247130497164 0)
(-0.0469693603413 0.00955005449744 0)
(-0.0496568658489 -0.00622998430871 0)
(-0.0513963957013 -0.0223286850494 0)
(-0.0521150285255 -0.0384166811781 0)
(-0.0517818652739 -0.0541498924442 0)
(-0.050412948838 -0.069188799675 0)
(-0.0480707404231 -0.0832207234078 0)
(-0.0448569979098 -0.0959781895347 0)
(-0.0409029422655 -0.107250504644 0)
(-0.0363585710974 -0.116890149325 0)
(-0.0313815908612 -0.124813553143 0)
(-0.0261274571884 -0.130996991547 0)
(-0.0207414244988 -0.13546919067 0)
(-0.0153527898406 -0.138301997359 0)
(-0.0100713093235 -0.139600248185 0)
(-0.00498561253944 -0.139491805235 0)
(-0.00016327007096 -0.138118470975 0)
(0.00434791257617 -0.135628208162 0)
(0.00851779329233 -0.132168849087 0)
(0.0123313494727 -0.127883299106 0)
(0.0157859856266 -0.12290611797 0)
(0.0188889084316 -0.117361292036 0)
(0.0216547115936 -0.111360981837 0)
(0.0241032509117 -0.105005030619 0)
(0.0262578426379 -0.098381038827 0)
(0.0281437850784 -0.0915648378024 0)
(0.0297871822431 -0.0846212268865 0)
(0.0312140365183 -0.0776048677525 0)
(0.0324495722326 -0.0705612560398 0)
(0.0335177514049 -0.063527712408 0)
(0.0344409451684 -0.0565343528825 0)
(0.0352397280924 -0.0496050122084 0)
(0.0359327669976 -0.0427581044004 0)
(0.0501290186916 -0.0364611827216 0)
(0.0504421985939 -0.0297688930482 0)
(0.0507357524379 -0.0232011584048 0)
(0.0510203111028 -0.0167600265625 0)
(0.0513046668796 -0.0104454604864 0)
(0.0515958900966 -0.0042557911018 0)
(0.051899438574 0.00181188557125 0)
(0.0522192564656 0.00776135905727 0)
(0.0525578601806 0.0135969954147 0)
(0.0529164099434 0.0193234616404 0)
(0.0532947662018 0.02494547705 0)
(0.05369153059 0.030467585653 0)
(0.0541040715331 0.0358939439574 0)
(0.0545285348921 0.0412281189766 0)
(0.0549598403181 0.0464728914843 0)
(0.0553916642461 0.0516300597765 0)
(0.0558164107472 0.0567002393283 0)
(0.0562251717909 0.0616826538291 0)
(0.0566076788887 0.0665749131222 0)
(0.0569522486181 0.0713727736087 0)
(0.0572457252022 0.0760698767224 0)
(0.0574734241816 0.080657461187 0)
(0.0576190822983 0.085124044979 0)
(0.0576648200692 0.0894550733422 0)
(0.0575911251903 0.0936325298944 0)
(0.0573768669402 0.0976345090114 0)
(0.0569993541589 0.101434749428 0)
(0.0564344521936 0.10500213159 0)
(0.0556567773961 0.108300145039 0)
(0.0546399912372 0.111286337407 0)
(0.0533572196968 0.113911763876 0)
(0.0517816269331 0.116120465809 0)
(0.0498871747746 0.117849020285 0)
(0.0476496004136 0.11902621892 0)
(0.0450476425546 0.119572954919 0)
(0.0420645396257 0.119402421276 0)
(0.0386898108832 0.118420748854 0)
(0.0349213108836 0.116528237947 0)
(0.0307675190499 0.113621356415 0)
(0.0262499906774 0.109595686026 0)
(0.0214058578994 0.10434999212 0)
(0.0162902260629 0.0977915718886 0)
(0.0109782473258 0.089843000778 0)
(0.00556655862487 0.0804503238967 0)
(0.000173618665788 0.0695925971235 0)
(-0.00506174411335 0.057292355308 0)
(-0.00998421107811 0.043625882348 0)
(-0.0144283404423 0.0287315675558 0)
(-0.0182278205404 0.0128151916581 0)
(-0.0212294793732 -0.00384936592135 0)
(-0.0233081466738 -0.0209310998066 0)
(-0.0243755947454 -0.0380605558006 0)
(-0.0243874946558 -0.0548471424157 0)
(-0.0233523402355 -0.0709009852106 0)
(-0.0213328418347 -0.085863340719 0)
(-0.0184362220662 -0.0994304918577 0)
(-0.0148022801679 -0.111366340979 0)
(-0.0105914812716 -0.121509846119 0)
(-0.00597197519154 -0.129775253071 0)
(-0.0011080764279 -0.13614612143 0)
(0.0038485976586 -0.140665650666 0)
(0.00876537532055 -0.143424975701 0)
(0.0135322288049 -0.144550759088 0)
(0.0180631169198 -0.144193264671 0)
(0.0222954238839 -0.142515753736 0)
(0.0261880486666 -0.139685654002 0)
(0.0297186643062 -0.135867646712 0)
(0.032880583398 -0.131218604998 0)
(0.03567956786 -0.12588418084 0)
(0.0381308194757 -0.119996767821 0)
(0.0402562948575 -0.113674549131 0)
(0.0420824138516 -0.107021357425 0)
(0.043638176678 -0.100127109174 0)
(0.0449536701248 -0.0930686191256 0)
(0.0460589229918 -0.0859106431295 0)
(0.0469830616952 -0.078707035795 0)
(0.0477537149617 -0.071501941541 0)
(0.0483966190744 -0.0643309632672 0)
(0.0489353801099 -0.057222272639 0)
(0.0493913556215 -0.0501976407169 0)
(0.0497836243938 -0.0432733782925 0)
(0.0636867828225 -0.0366659082111 0)
(0.0637628046337 -0.0299694738617 0)
(0.0638639806308 -0.0234089371169 0)
(0.064000181922 -0.0169844023824 0)
(0.0641793947532 -0.0106940246727 0)
(0.0644078676 -0.00453445417386 0)
(0.0646902444801 0.00149877858018 0)
(0.0650296819609 0.00741092779023 0)
(0.0654279483637 0.0132077393557 0)
(0.0658855043951 0.0188951920826 0)
(0.0664015649689 0.024479266178 0)
(0.0669741423451 0.0299657326686 0)
(0.0676000709788 0.0353599578834 0)
(0.0682750146665 0.040666717539 0)
(0.0689934567384 0.0458900152543 0)
(0.0697486742064 0.0510329005281 0)
(0.0705326969629 0.0560972813027 0)
(0.0713362533649 0.0610837262621 0)
(0.0721487038677 0.0659912519607 0)
(0.0729579648111 0.0708170897708 0)
(0.0737504250664 0.0755564275208 0)
(0.0745108590459 0.0802021205752 0)
(0.0752223406231 0.084744367068 0)
(0.0758661638601 0.0891703420996 0)
(0.0764217781451 0.0934637860465 0)
(0.0768667474807 0.0976045428546 0)
(0.0771767462889 0.101568045492 0)
(0.077325607252 0.105324747862 0)
(0.077285440426 0.108839505802 0)
(0.0770268470766 0.112070914767 0)
(0.0765192562629 0.114970619034 0)
(0.0757314167895 0.117482617521 0)
(0.0746320811726 0.119542605519 0)
(0.0731909206858 0.121077410578 0)
(0.0713797098288 0.122004605229 0)
(0.0691738126762 0.122232408767 0)
(0.0665539904996 0.121660023307 0)
(0.0635085281265 0.120178582181 0)
(0.0600356449033 0.117672915825 0)
(0.0561461187187 0.114024353872 0)
(0.0518660196081 0.109114777175 0)
(0.0472394254627 0.102832118765 0)
(0.0423309539636 0.095077500765 0)
(0.037227874129 0.0857741760719 0)
(0.0320413747845 0.0748784023659 0)
(0.0269061126753 0.0623920918523 0)
(0.0219771064287 0.0483759599617 0)
(0.017424449193 0.0329606180667 0)
(0.0134258795775 0.0163548491912 0)
(0.0101500832689 -0.00114751412032 0)
(0.00773662854564 -0.0191813353203 0)
(0.00628928413334 -0.0373368809193 0)
(0.0058711705956 -0.0551746003372 0)
(0.00648744529775 -0.0722463888789 0)
(0.00807897685827 -0.0881402224811 0)
(0.0105371393241 -0.102512429952 0)
(0.013717966104 -0.115098658382 0)
(0.0174538221155 -0.125723319055 0)
(0.0215687017662 -0.134299262796 0)
(0.0258916164882 -0.140819307619 0)
(0.0302664307164 -0.145343850454 0)
(0.0345587576199 -0.147986381429 0)
(0.0386599051051 -0.148898383765 0)
(0.0424879991451 -0.148255121388 0)
(0.0459868824814 -0.146243324261 0)
(0.0491235190464 -0.14305123283 0)
(0.0518845497768 -0.138861081323 0)
(0.0542725205403 -0.133843852232 0)
(0.0563021718853 -0.128155984183 0)
(0.057997047869 -0.121937649911 0)
(0.0593865639094 -0.115312221519 0)
(0.0605035842979 -0.108386580882 0)
(0.0613825001631 -0.101251991652 0)
(0.0620577632442 -0.0939853110416 0)
(0.062562813382 -0.0866503761257 0)
(0.0629293323973 -0.0792994472338 0)
(0.0631867593717 -0.0719746290683 0)
(0.0633620088388 -0.0647092191757 0)
(0.0634793416807 -0.0575289546315 0)
(0.0635603471183 -0.0504531428383 0)
(0.0636240022622 -0.0434956725846 0)
(0.0771214812124 -0.0365999068613 0)
(0.0769412366101 -0.0299460280044 0)
(0.0768337591922 -0.0234384859938 0)
(0.0768078036897 -0.0170754022027 0)
(0.076870247433 -0.0108531172348 0)
(0.0770262647528 -0.00476662003641 0)
(0.0772794810168 0.00119008505258 0)
(0.0776321048726 0.0070236630454 0)
(0.0780850381182 0.0127411756709 0)
(0.0786379631895 0.0183498431569 0)
(0.0792894086206 0.0238568331002 0)
(0.080036793059 0.0292690698099 0)
(0.0808764485404 0.0345930581018 0)
(0.0818036238005 0.0398347159563 0)
(0.0828124684443 0.0449992107682 0)
(0.0838959988436 0.0500907940969 0)
(0.0850460467079 0.0551126298816 0)
(0.0862531914145 0.0600666110361 0)
(0.0875066774039 0.0649531591804 0)
(0.0887943182891 0.0697710020236 0)
(0.0901023898353 0.0745169226105 0)
(0.0914155146692 0.0791854742964 0)
(0.0927165425564 0.083768654988 0)
(0.0939864313811 0.0882555339347 0)
(0.0952041356711 0.092631824273 0)
(0.0963465117099 0.096879394748 0)
(0.097388251058 0.100975714775 0)
(0.0983018577609 0.104893228507 0)
(0.0990576887057 0.108598656267 0)
(0.0996240815161 0.11205222614 0)
(0.099967599926 0.115206845415 0)
(0.100053432441 0.118007232037 0)
(0.0998459856412 0.120389041403 0)
(0.0993097174983 0.122278045257 0)
(0.0984102565323 0.123589448217 0)
(0.0971158467059 0.124227463838 0)
(0.0953991426994 0.124085313816 0)
(0.0932393533498 0.123045856319 0)
(0.090624691 0.120983084323 0)
(0.0875550368295 0.11776474966 0)
(0.0840447002807 0.113256352186 0)
(0.0801251532555 0.107326703491 0)
(0.0758476372145 0.0998552732548 0)
(0.0712855685556 0.0907415821976 0)
(0.0665365235728 0.0799170780711 0)
(0.0617227093019 0.0673598905896 0)
(0.056988336339 0.0531111418789 0)
(0.0524958688244 0.037288269184 0)
(0.0484253387571 0.0200947410422 0)
(0.0449551111387 0.00184206388754 0)
(0.0422311359248 -0.017068810159 0)
(0.0403690785436 -0.0361936883954 0)
(0.0394599771482 -0.0550472669249 0)
(0.0395343726655 -0.073113265369 0)
(0.040543668311 -0.089917540481 0)
(0.0423865199379 -0.105074455961 0)
(0.0449246223127 -0.118287401551 0)
(0.0479896863774 -0.129364024813 0)
(0.0514023652543 -0.138215702229 0)
(0.0549882064375 -0.144845739259 0)
(0.058588664094 -0.149333965944 0)
(0.0620691370315 -0.151819055896 0)
(0.0653235587091 -0.15248019206 0)
(0.0682754379782 -0.151520139609 0)
(0.0708762093966 -0.14915097204 0)
(0.0731018949828 -0.145582897176 0)
(0.0749488906522 -0.141016160422 0)
(0.076429506171 -0.13563571767 0)
(0.0775677130183 -0.129608205473 0)
(0.0783953792621 -0.123080682212 0)
(0.0789491207584 -0.116180643987 0)
(0.0792677915653 -0.109016893876 0)
(0.0793905715092 -0.101680932073 0)
(0.079355575172 -0.0942486195316 0)
(0.0791988940757 -0.0867819405919 0)
(0.0789539845572 -0.0793307481745 0)
(0.078651321889 -0.071934418945 0)
(0.0783182525561 -0.0646233774533 0)
(0.0779789886853 -0.0574204701105 0)
(0.0776547000094 -0.050342184395 0)
(0.0773636687532 -0.0433997178517 0)
(0.0903405701596 -0.0362433999778 0)
(0.0898870822204 -0.0296816916622 0)
(0.089556488224 -0.0232754573792 0)
(0.0893560526209 -0.017020854999 0)
(0.0892912298897 -0.010912459474 0)
(0.0893658614072 -0.0049436693267 0)
(0.0895823457349 0.000892950327709 0)
(0.0899417821102 0.00660537702523 0)
(0.0904440875603 0.0122018826681 0)
(0.0910880884258 0.0176908191369 0)
(0.0918715872656 0.0230804302526 0)
(0.0927914061779 0.0283786833758 0)
(0.0938434075525 0.0335931145877 0)
(0.0950224932106 0.0387306818743 0)
(0.0963225828104 0.0437976210518 0)
(0.0977365723331 0.0487992993354 0)
(0.099256273432 0.0537400614636 0)
(0.100872334453 0.0586230631658 0)
(0.102574144056 0.0634500865023 0)
(0.104349718584 0.0682213312193 0)
(0.106185574744 0.0729351757767 0)
(0.108066589744 0.0775879011186 0)
(0.109975851914 0.0821733696252 0)
(0.111894506076 0.0866826510494 0)
(0.113801599565 0.091103586684 0)
(0.115673937063 0.0954202826516 0)
(0.117485955283 0.0996125232609 0)
(0.11920963227 0.103655096093 0)
(0.120814450757 0.107517022334 0)
(0.122267440641 0.111160689467 0)
(0.123533332303 0.114540889767 0)
(0.124574859771 0.11760377833 0)
(0.125353260045 0.120285780501 0)
(0.125829020851 0.122512502607 0)
(0.125962930866 0.124197734123 0)
(0.125717479893 0.12524267475 0)
(0.125058636678 0.125535573985 0)
(0.123957995334 0.124952026862 0)
(0.122395222797 0.123356215558 0)
(0.120360662668 0.120603399669 0)
(0.117857895297 0.116543912067 0)
(0.11490607407 0.111028836605 0)
(0.11154195533 0.103917512762 0)
(0.107821776141 0.095087103037 0)
(0.103823216254 0.0844449321301 0)
(0.0996461104689 0.07194494408 0)
(0.095408483733 0.057607538811 0)
(0.0912423052694 0.0415334907229 0)
(0.0873116002573 0.0239053472496 0)
(0.083792697201 0.00504880341029 0)
(0.0808177597427 -0.0145936074932 0)
(0.0785006548452 -0.0345623688915 0)
(0.0769771095133 -0.0543436804624 0)
(0.0763261536888 -0.0733382419695 0)
(0.0765215346881 -0.0909983786612 0)
(0.0774868127475 -0.106900264306 0)
(0.0791099013073 -0.120707309306 0)
(0.0812329715412 -0.132204975416 0)
(0.0836799283863 -0.141300694451 0)
(0.0862765735815 -0.148007519572 0)
(0.0888633608651 -0.152425761578 0)
(0.0913058398945 -0.154721578583 0)
(0.0935007456533 -0.155104542139 0)
(0.0953772184145 -0.15380733992 0)
(0.0968946024465 -0.151069173296 0)
(0.0980382795721 -0.147123219576 0)
(0.0988145835464 -0.142187975834 0)
(0.0992455710501 -0.136461977232 0)
(0.0993641887995 -0.130121203849 0)
(0.0992101372477 -0.123318461576 0)
(0.09882653743 -0.116184101017 0)
(0.0982573821415 -0.108827562979 0)
(0.0975456853724 -0.101339368384 0)
(0.0967322157823 -0.0937932842118 0)
(0.0958546957516 -0.0862484883003 0)
(0.0949473566759 -0.078751624367 0)
(0.09404075657 -0.0713386873006 0)
(0.0931617831869 -0.0640367117841 0)
(0.0923337821651 -0.0568652585618 0)
(0.0915767639861 -0.0498377056204 0)
(0.0909076553658 -0.0429623588156 0)
(0.103248124058 -0.0355792621181 0)
(0.102507245183 -0.0291618904101 0)
(0.101941469338 -0.0229074138693 0)
(0.101556192566 -0.0168101121357 0)
(0.101355132764 -0.0108629031379 0)
(0.101340542557 -0.00505772024761 0)
(0.101513390088 0.00061417404109 0)
(0.101873508811 0.00616192602186 0)
(0.102419717697 0.0115948700991 0)
(0.103149913454 0.0169223407731 0)
(0.104061136317 0.0221535097058 0)
(0.105149610886 0.027297241211 0)
(0.1064107633 0.0323619602229 0)
(0.107839215863 0.0373555272954 0)
(0.109428760044 0.0422851154983 0)
(0.111172308595 0.047157084218 0)
(0.11306182739 0.0519768448298 0)
(0.115088247514 0.0567487130136 0)
(0.117241358142 0.0614757421244 0)
(0.119509680855 0.066159531504 0)
(0.12188032633 0.0708000029494 0)
(0.124338834815 0.075395137727 0)
(0.126869002563 0.0799406655662 0)
(0.129452697541 0.0844296960297 0)
(0.132069669308 0.0888522815686 0)
(0.134697360205 0.0931949005653 0)
(0.137310727986 0.0974398479032 0)
(0.139882094039 0.101564520357 0)
(0.142381036481 0.105540584839 0)
(0.144774353963 0.109333019997 0)
(0.147026133934 0.11289902694 0)
(0.14909796825 0.11618681467 0)
(0.150949368807 0.119134282541 0)
(0.152538444763 0.121667648982 0)
(0.15382290739 0.123700116784 0)
(0.154761462173 0.125130723205 0)
(0.155315622464 0.125843596335 0)
(0.155451927485 0.125707918296 0)
(0.155144456996 0.124578962975 0)
(0.154377397353 0.122300593152 0)
(0.153147288934 0.118709516698 0)
(0.151464580331 0.113641435459 0)
(0.149354247699 0.106939065272 0)
(0.146855755164 0.0984618982641 0)
(0.144023350157 0.0880982900987 0)
(0.14092543928 0.075782767814 0)
(0.137634527889 0.0615213631741 0)
(0.134210087162 0.0454057563054 0)
(0.130765292643 0.0275663159974 0)
(0.127454449039 0.00833637792629 0)
(0.124352058992 -0.0117769572933 0)
(0.121532027453 -0.0323462937515 0)
(0.119206680548 -0.0528811396832 0)
(0.117548536165 -0.0726738673336 0)
(0.116573031802 -0.0910856409076 0)
(0.116264400827 -0.107673220235 0)
(0.116579047913 -0.122040441868 0)
(0.117385746865 -0.133938163454 0)
(0.118519283769 -0.143262274302 0)
(0.1198080724 -0.15003085722 0)
(0.121090001557 -0.154363724613 0)
(0.122228116603 -0.15645619144 0)
(0.123119697903 -0.156550910201 0)
(0.12369792469 -0.154913099284 0)
(0.123928990119 -0.151811020586 0)
(0.123806887399 -0.147501845975 0)
(0.123347233164 -0.142222463517 0)
(0.122581106584 -0.136184412759 0)
(0.121549551688 -0.12957195499 0)
(0.120299053674 -0.122542312007 0)
(0.118878048436 -0.115227265786 0)
(0.117334382072 -0.107735508421 0)
(0.115713574472 -0.10015531381 0)
(0.114057724983 -0.0925572504188 0)
(0.112404906969 -0.0849967652852 0)
(0.110788918838 -0.0775165474206 0)
(0.109239283707 -0.0701486305655 0)
(0.107781413698 -0.0629162277261 0)
(0.106436875693 -0.0558353089016 0)
(0.105223712454 -0.0489159434785 0)
(0.104156786458 -0.0421634331462 0)
(0.115745579607 -0.0345937942424 0)
(0.114706693901 -0.0283749878365 0)
(0.113896653336 -0.0223243680461 0)
(0.113318619004 -0.0164344916692 0)
(0.112974272045 -0.0106967906861 0)
(0.112864034625 -0.00510191424078 0)
(0.11298725443 0.000359991410215 0)
(0.113342355001 0.00569905271353 0)
(0.113926954334 0.010925478092 0)
(0.114737954061 0.0160493979661 0)
(0.115771601311 0.0210807280917 0)
(0.117023525112 0.02602904977 0)
(0.11848874887 0.0309035012274 0)
(0.120161680145 0.0357126749681 0)
(0.122036078678 0.0404645162044 0)
(0.12410500332 0.0451662175785 0)
(0.126360738288 0.0498241053035 0)
(0.128794699004 0.0544435115828 0)
(0.131397317674 0.0590286277128 0)
(0.134157908763 0.0635823316125 0)
(0.137064514694 0.0681059826771 0)
(0.140103732458 0.072599175779 0)
(0.143260522447 0.0770594449645 0)
(0.146518001863 0.0814819059181 0)
(0.149857226542 0.085858824612 0)
(0.153256967293 0.0901790978035 0)
(0.156693489893 0.0944276293261 0)
(0.160140352238 0.0985845846797 0)
(0.163568237877 0.102624505732 0)
(0.166944852764 0.106515268177 0)
(0.170234921688 0.110216868045 0)
(0.173400332574 0.113680032113 0)
(0.176400490337 0.116844663691 0)
(0.179192956081 0.119638164807 0)
(0.181734458033 0.121973724811 0)
(0.183982358648 0.12374874066 0)
(0.185896634326 0.124843636241 0)
(0.187442356971 0.125121465786 0)
(0.188592534255 0.124428797069 0)
(0.189330935945 0.122598423014 0)
(0.189654281693 0.119454351896 0)
(0.189573024083 0.114819245747 0)
(0.189109857906 0.108523982729 0)
(0.188295773649 0.100418183799 0)
(0.187165822571 0.0903814335475 0)
(0.185755725525 0.0783407910545 0)
(0.184078635104 0.064310373733 0)
(0.182045630662 0.0484197848496 0)
(0.17965283374 0.0306869149649 0)
(0.176995385964 0.0114404298972 0)
(0.174007375876 -0.00867832180974 0)
(0.170628844221 -0.0293863504124 0)
(0.167205588999 -0.0503549264252 0)
(0.164089556691 -0.0707231695317 0)
(0.161377280945 -0.0897140662839 0)
(0.159185018432 -0.106922321812 0)
(0.15762209657 -0.121836902291 0)
(0.156600085836 -0.134148917846 0)
(0.155969593957 -0.14372576576 0)
(0.155558084236 -0.150579257516 0)
(0.155191755486 -0.154845322282 0)
(0.154722276337 -0.156750118697 0)
(0.1540408794 -0.156572943094 0)
(0.153080278661 -0.154615115727 0)
(0.151810509626 -0.151176614777 0)
(0.150232094043 -0.146540028531 0)
(0.148368295536 -0.140960900651 0)
(0.14625770587 -0.134663158184 0)
(0.143947919751 -0.127838168501 0)
(0.141490576261 -0.120646121383 0)
(0.138937728627 -0.113218724639 0)
(0.13633935732 -0.105662501324 0)
(0.133741798142 -0.0980622252786 0)
(0.131186863869 -0.0904842176489 0)
(0.128711466913 -0.0829793566219 0)
(0.126347586876 -0.0755857371932 0)
(0.124122462673 -0.0683309695231 0)
(0.12205892026 -0.0612341335427 0)
(0.120175772352 -0.0543074219882 0)
(0.118488246184 -0.047557509643 0)
(0.117008409997 -0.0409866870006 0)
(0.127732664936 -0.0332774915632 0)
(0.126389366424 -0.0273129237381 0)
(0.125329520189 -0.0215193096354 0)
(0.124553715444 -0.0158877101625 0)
(0.124061324913 -0.0104083048006 0)
(0.123850724936 -0.00507069385194 0)
(0.123919476091 0.000135858497586 0)
(0.12426446784 0.00522222796776 0)
(0.124882030466 0.0101992706573 0)
(0.125768017275 0.0150776917503 0)
(0.126917859594 0.019867935349 0)
(0.128326596744 0.0245800893487 0)
(0.129988882671 0.0292238000166 0)
(0.131898970572 0.0338081914342 0)
(0.134050676417 0.0383417852417 0)
(0.136437321936 0.0428324161969 0)
(0.139051657333 0.0472871389257 0)
(0.141885763687 0.0517121209094 0)
(0.144930934873 0.0561125162056 0)
(0.148177538672 0.060492313621 0)
(0.151614856849 0.0648541520296 0)
(0.15523090417 0.0691990942252 0)
(0.159012226842 0.0735263490879 0)
(0.162943681782 0.0778329299193 0)
(0.167008199486 0.0821132345249 0)
(0.17118653549 0.0863585300277 0)
(0.175457018594 0.0905563225608 0)
(0.179795308596 0.0946895890739 0)
(0.184174182795 0.0987358459234 0)
(0.188563379367 0.102666027466 0)
(0.192929537549 0.10644314892 0)
(0.197236289821 0.110020733737 0)
(0.201444580328 0.113341000598 0)
(0.205513306563 0.116332835577 0)
(0.20940040472 0.118909631584 0)
(0.213064511017 0.120967173274 0)
(0.216467310747 0.122381887112 0)
(0.219576614119 0.12300995333 0)
(0.222370036045 0.122687974163 0)
(0.2248388316 0.121236062854 0)
(0.226990991178 0.118464174544 0)
(0.228852166364 0.114182043495 0)
(0.230462041068 0.108212024003 0)
(0.231864469949 0.100402276592 0)
(0.233095563793 0.0906391949879 0)
(0.234181129021 0.0788665360296 0)
(0.235100381475 0.0651578613334 0)
(0.235484249982 0.0498411809528 0)
(0.235107464888 0.0326369329459 0)
(0.233879029391 0.0138868895104 0)
(0.231462727809 -0.00542053885059 0)
(0.22746471222 -0.0254265633387 0)
(0.222449230001 -0.0463034078316 0)
(0.217107193342 -0.0668917643009 0)
(0.211738207493 -0.0861577570617 0)
(0.20671129628 -0.103946000225 0)
(0.202455080448 -0.119462965629 0)
(0.19891666495 -0.132287776188 0)
(0.195955809464 -0.142222853363 0)
(0.193380069211 -0.14925292775 0)
(0.190979209488 -0.153525866609 0)
(0.188573803216 -0.15530288026 0)
(0.186035865644 -0.154906548296 0)
(0.183289284663 -0.152680455043 0)
(0.180302700587 -0.14896071642 0)
(0.177079745064 -0.144057749523 0)
(0.173648794795 -0.13824645988 0)
(0.170053746232 -0.131762675378 0)
(0.16634660254 -0.124803690106 0)
(0.162582003901 -0.117531183117 0)
(0.158813472043 -0.11007527908 0)
(0.155091024416 -0.102538954303 0)
(0.151459817051 -0.0950023172191 0)
(0.147959521961 -0.0875265156778 0)
(0.14462420332 -0.080157166487 0)
(0.141482513345 -0.0729272879639 0)
(0.138558077848 -0.0658597627203 0)
(0.135869980576 -0.0589693797478 0)
(0.133433285144 -0.0522645121886 0)
(0.13125955498 -0.0457484865267 0)
(0.129357346958 -0.0394206943403 0)
(0.139108517481 -0.0316257722174 0)
(0.13745923151 -0.0259718135745 0)
(0.136148088197 -0.0204886966654 0)
(0.135172817036 -0.01516628285 0)
(0.134530255066 -0.00999379171237 0)
(0.134216556563 -0.00496006062976 0)
(0.134227361921 -5.37492843447e-05 0)
(0.134557930208 0.0047364988205 0)
(0.13520323936 0.00942192806792 0)
(0.136158057478 0.0140135676709 0)
(0.137416988102 0.0185221472304 0)
(0.138974491792 0.0229580253071 0)
(0.140824885854 0.0273311261363 0)
(0.142962323522 0.0316508800888 0)
(0.145380753471 0.0359261637241 0)
(0.148073860122 0.0401652353218 0)
(0.151034984799 0.0443756615938 0)
(0.154257027501 0.0485642308885 0)
(0.157732328743 0.0527368475719 0)
(0.16145253076 0.0568984013786 0)
(0.165408417309 0.0610526043475 0)
(0.16958973137 0.0652017864219 0)
(0.173984970459 0.0693466388658 0)
(0.178581159974 0.0734858922511 0)
(0.183363606284 0.0776159128423 0)
(0.188315633347 0.0817301976725 0)
(0.193418309873 0.0858187444721 0)
(0.198650178886 0.0898672679088 0)
(0.203987008698 0.0938562286214 0)
(0.209401594564 0.0977596369155 0)
(0.214863654642 0.101543590026 0)
(0.220339883487 0.105164503069 0)
(0.225794252751 0.108567003744 0)
(0.231188684708 0.111681487896 0)
(0.236484269625 0.114421392801 0)
(0.241643239115 0.116680360181 0)
(0.246631914236 0.118329647015 0)
(0.251424803783 0.119216399014 0)
(0.256009901715 0.119163752468 0)
(0.260394847308 0.117974149035 0)
(0.2646128585 0.115437332585 0)
(0.268726148573 0.111343879918 0)
(0.272822318776 0.105504228075 0)
(0.277000161601 0.0977718927615 0)
(0.281349503802 0.0880704155138 0)
(0.28596089168 0.076406129339 0)
(0.290928538958 0.0629432157867 0)
(0.295288067315 0.0487898506736 0)
(0.298638949313 0.0328067213101 0)
(0.300161798871 0.0150227074222 0)
(0.299131137895 -0.00225211340927 0)
(0.294463763308 -0.0202070979086 0)
(0.287075604031 -0.0402828058301 0)
(0.278160186301 -0.0604745438371 0)
(0.268618583217 -0.0793327090546 0)
(0.25922233565 -0.0977314875092 0)
(0.25111519162 -0.114044510248 0)
(0.244164858689 -0.127649063291 0)
(0.238197639986 -0.138193377793 0)
(0.232944960163 -0.14560152926 0)
(0.228106677781 -0.150034978567 0)
(0.223436415027 -0.15180281529 0)
(0.218765598877 -0.151284973872 0)
(0.213997006628 -0.148878815258 0)
(0.209090928751 -0.14496429274 0)
(0.204049942399 -0.139883773579 0)
(0.198904579738 -0.133932978693 0)
(0.193701474539 -0.127359408943 0)
(0.188494538719 -0.120365171507 0)
(0.183338914368 -0.113111985582 0)
(0.178287131132 -0.105726945282 0)
(0.173386886805 -0.0983082142277 0)
(0.168679962956 -0.0909302262596 0)
(0.16420189704 -0.0836482159145 0)
(0.159982131183 -0.0765020464224 0)
(0.156044439278 -0.0695193786177 0)
(0.152407497327 -0.0627182577 0)
(0.1490855086 -0.0561092042854 0)
(0.146088828224 -0.0496968931335 0)
(0.143424554437 -0.0434814941792 0)
(0.141097068813 -0.0374597398653 0)
(0.149772985308 -0.029639628652 0)
(0.147821497808 -0.024352477919 0)
(0.14626204265 -0.0192328851571 0)
(0.145089270626 -0.0142698715963 0)
(0.144297316074 -0.00945204194614 0)
(0.143879986724 -0.00476780021227 0)
(0.143830913179 -0.000205515639947 0)
(0.144143663266 0.00424634974019 0)
(0.144811825717 0.00859914282606 0)
(0.145829066934 0.0128639430684 0)
(0.147189163902 0.0170515020012 0)
(0.148886015653 0.0211721936583 0)
(0.150913635125 0.0252359715506 0)
(0.153266122695 0.0292523283077 0)
(0.155937622174 0.0332302542964 0)
(0.158922259591 0.037178191526 0)
(0.162214064669 0.0411039789267 0)
(0.16580687452 0.0450147846449 0)
(0.169694218734 0.0489170203102 0)
(0.173869184788 0.0528162312402 0)
(0.178324262491 0.0567169552396 0)
(0.1830511662 0.0606225409055 0)
(0.188040633688 0.0645349141182 0)
(0.193282201116 0.068454278544 0)
(0.198763954643 0.072378732361 0)
(0.204472261039 0.0763037788959 0)
(0.210391482803 0.0802217032611 0)
(0.216503688148 0.0841207802827 0)
(0.222788373848 0.0879842710412 0)
(0.2292222303 0.0917891565392 0)
(0.235778994867 0.0955045482319 0)
(0.242429463608 0.0990897085389 0)
(0.24914176626 0.102491614401 0)
(0.255882062044 0.105642012724 0)
(0.2626158912 0.108453968245 0)
(0.269310505878 0.110818026098 0)
(0.275938567804 0.11259833223 0)
(0.282483655884 0.113629390251 0)
(0.288948070395 0.113714679209 0)
(0.295363030483 0.112629151631 0)
(0.301800266516 0.110127950669 0)
(0.308382877302 0.105963439127 0)
(0.315291330774 0.0999148924693 0)
(0.322760096634 0.0918380364094 0)
(0.331041426004 0.0817326200025 0)
(0.340392007839 0.0696750306913 0)
(0.351629874503 0.0556335848781 0)
(0.362195946266 0.0424183558356 0)
(0.372513281999 0.0295990760388 0)
(0.378442147846 0.0135287588032 0)
(0.380088661854 0.000193809074292 0)
(0.374973864762 -0.0132658353285 0)
(0.364451137957 -0.0308014242808 0)
(0.349487111444 -0.049671318978 0)
(0.33327371812 -0.0670931440459 0)
(0.316875010557 -0.0867735001509 0)
(0.303300566696 -0.10438886445 0)
(0.291814362187 -0.119367664662 0)
(0.282101512471 -0.131011968185 0)
(0.273669449816 -0.139158753297 0)
(0.266026024134 -0.144009931645 0)
(0.258802718792 -0.145955766974 0)
(0.251761831439 -0.145462350836 0)
(0.244770903404 -0.143001642172 0)
(0.237775227858 -0.139010153163 0)
(0.230772934806 -0.133868602245 0)
(0.22379433149 -0.127895814115 0)
(0.216886499609 -0.121350944076 0)
(0.210102820818 -0.114439815154 0)
(0.20349638732 -0.107322755098 0)
(0.197116188372 -0.100122464254 0)
(0.191005169433 -0.0929311828379 0)
(0.185199500487 -0.0858168680008 0)
(0.179728587472 -0.0788283360349 0)
(0.174615509392 -0.0719994469622 0)
(0.169877672112 -0.0653524585359 0)
(0.1655275465 -0.0589006871664 0)
(0.161573410842 -0.0526506044461 0)
(0.158020052057 -0.0466034812052 0)
(0.154869402354 -0.040756672488 0)
(0.152121101781 -0.0351046194042 0)
(0.159628095525 -0.0273261611941 0)
(0.157383954134 -0.0224608692319 0)
(0.155583966862 -0.0177564711393 0)
(0.154219574374 -0.0132015597571 0)
(0.153282116317 -0.00878451198682 0)
(0.152762992694 -0.0044936617541 0)
(0.152653787115 -0.000317429050773 0)
(0.152946357597 0.00375558433331 0)
(0.153632899619 0.00773652408487 0)
(0.154705985308 0.0116362310746 0)
(0.15615858181 0.0154652022046 0)
(0.157984051241 0.019233560024 0)
(0.160176133949 0.0229510273743 0)
(0.162728916286 0.0266269037069 0)
(0.165636783544 0.0302700398803 0)
(0.168894358256 0.0338888082022 0)
(0.172496423585 0.0374910642266 0)
(0.176437831135 0.0410840963357 0)
(0.180713392109 0.0446745583987 0)
(0.185317750376 0.0482683797465 0)
(0.190245235766 0.0518706452831 0)
(0.195489695668 0.055485436642 0)
(0.201044303052 0.0591156227953 0)
(0.206901339276 0.0627625852492 0)
(0.213051950821 0.0664258586896 0)
(0.21948588054 0.0701026624106 0)
(0.226191176694 0.0737872907247 0)
(0.233153887625 0.0774703214333 0)
(0.240357757309 0.0811375900141 0)
(0.247783948816 0.0847688632043 0)
(0.255410840542 0.0883361291619 0)
(0.263213967132 0.0918014033294 0)
(0.271166218605 0.095113932575 0)
(0.279238480527 0.0982066729849 0)
(0.2874010134 0.100991941019 0)
(0.295626021218 0.103356241007 0)
(0.303892005115 0.105154494455 0)
(0.312190727429 0.106204237312 0)
(0.320538010696 0.106280997266 0)
(0.328989335469 0.105117367076 0)
(0.33766021445 0.102409254222 0)
(0.3467532852 0.09783317357 0)
(0.356595935468 0.0910850988 0)
(0.36768122969 0.0819599692866 0)
(0.380552542384 0.0704424510038 0)
(0.395552338908 0.056449362234 0)
(0.415596357475 0.0403394055596 0)
(0.434452037692 0.0236194226778 0)
(0.462419605891 0.0116501007602 0)
(0.47357386149 0.003914959339 0)
(0.478083807312 0.000388021753232 0)
(0.474125817503 -0.002942133123 0)
(0.462184801096 -0.0107039485123 0)
(0.433779080579 -0.0248275797406 0)
(0.406437261718 -0.043488558477 0)
(0.378782501406 -0.0683353605781 0)
(0.358036615788 -0.0888240439188 0)
(0.340745768994 -0.106470298398 0)
(0.326628956598 -0.120061485548 0)
(0.314642926418 -0.129510665513 0)
(0.303947271426 -0.135152168193 0)
(0.293983931969 -0.137528646417 0)
(0.284417267228 -0.137246428778 0)
(0.27506961467 -0.134886909296 0)
(0.265869274732 -0.130962154854 0)
(0.256810011853 -0.125899748422 0)
(0.247921661569 -0.120044237117 0)
(0.239250642365 -0.113666185756 0)
(0.230847983483 -0.106973776096 0)
(0.222762502124 -0.10012439175 0)
(0.215037296876 -0.093235011997 0)
(0.207708283823 -0.0863909987474 0)
(0.200803937223 -0.0796532586865 0)
(0.194345698381 -0.0730639455836 0)
(0.188348717346 -0.0666509310273 0)
(0.182822724145 -0.0604312743739 0)
(0.177772911699 -0.0544138983399 0)
(0.17320076651 -0.0486016434461 0)
(0.169104816287 -0.0429928412787 0)
(0.165481283267 -0.0375825170821 0)
(0.162324643162 -0.0323633076947 0)
(0.168579661126 -0.0246989533497 0)
(0.166058413944 -0.0203083639117 0)
(0.164030650556 -0.0160685196766 0)
(0.162484573744 -0.0119680340352 0)
(0.161408723922 -0.00799547130797 0)
(0.160792105038 -0.00413947965824 0)
(0.160624276174 -0.000388886477101 0)
(0.160895414668 0.00326723424435 0)
(0.161596355487 0.00683951523175 0)
(0.162718610597 0.0103382642289 0)
(0.164254371298 0.0137734427564 0)
(0.166196495706 0.0171546516335 0)
(0.168538483005 0.0204911201266 0)
(0.171274435469 0.0237916959139 0)
(0.174399008781 0.0270648331738 0)
(0.17790735068 0.0303185760321 0)
(0.181795027512 0.0335605343216 0)
(0.186057937836 0.0367978481115 0)
(0.190692211765 0.0400371366985 0)
(0.195694094331 0.0432844266694 0)
(0.201059810725 0.0465450521561 0)
(0.206785410927 0.0498235183877 0)
(0.212866590956 0.0531233169362 0)
(0.219298487907 0.0564466774483 0)
(0.226075446213 0.0597942358228 0)
(0.23319075336 0.0631645923583 0)
(0.240636345166 0.0665537247969 0)
(0.248402484295 0.0699542097731 0)
(0.256477422022 0.0733541911409 0)
(0.264847063797 0.076736013971 0)
(0.27349467591 0.0800744173654 0)
(0.282400696974 0.0833341466088 0)
(0.291542760992 0.0864668056213 0)
(0.300896118004 0.089406726858 0)
(0.310434790507 0.0920656085682 0)
(0.320134022587 0.0943257241526 0)
(0.329974779211 0.0960316790851 0)
(0.339951438175 0.0969808358888 0)
(0.350084871473 0.096912963846 0)
(0.360443509792 0.0955019698497 0)
(0.371174241507 0.0923551017332 0)
(0.382551838376 0.0870206228091 0)
(0.395064892571 0.0790055006414 0)
(0.409505637293 0.0678547949164 0)
(0.42668670141 0.0531709370641 0)
(0.447861803246 0.0342826205196 0)
(0.480712819271 0.0104787727734 0)
(0.495987245448 0.00048486412021 0)
(0.5 0 0)
(0.5 0 0)
(0.5 0 0)
(0.5 0 0)
(0.5 0 0)
(0.49778501499 -0.000169559766212 0)
(0.482799315198 -0.00889928510988 0)
(0.440657286235 -0.0382583510932 0)
(0.412724407365 -0.0654599399377 0)
(0.388871291336 -0.0881243483353 0)
(0.370173030396 -0.104911241757 0)
(0.354576515026 -0.116431173653 0)
(0.340822488295 -0.123321415273 0)
(0.328110289608 -0.126411693021 0)
(0.315992069774 -0.126539965844 0)
(0.30425105287 -0.124447801809 0)
(0.292808548438 -0.120746210989 0)
(0.281661345022 -0.115917885867 0)
(0.270842564861 -0.110334251557 0)
(0.260398980703 -0.104275700571 0)
(0.250378612623 -0.0979505480025 0)
(0.240824478518 -0.0915112603599 0)
(0.23177192672 -0.0850676741626 0)
(0.223247968731 -0.0786974257474 0)
(0.215271663503 -0.0724540118621 0)
(0.207854999577 -0.0663729363022 0)
(0.2010039605 -0.0604763572562 0)
(0.194719601906 -0.0547765825889 0)
(0.188999053036 -0.0492786905387 0)
(0.183836404363 -0.0439824913751 0)
(0.179223470285 -0.038883994477 0)
(0.17515043038 -0.0339765049243 0)
(0.171606359673 -0.0292514426081 0)
(0.1765389848 -0.0217782514937 0)
(0.173762227135 -0.0179118906092 0)
(0.171524442821 -0.0141826583956 0)
(0.169810684567 -0.0105796558915 0)
(0.168606785374 -0.00709206129386 0)
(0.167899444258 -0.00370922727019 0)
(0.167676282762 -0.000420747240945 0)
(0.167925877929 0.00278350110944 0)
(0.168637776255 0.00591332884506 0)
(0.169802492114 0.00897822052321 0)
(0.17141149334 0.0119873269241 0)
(0.173457175913 0.0149494627435 0)
(0.175932829127 0.0178731067019 0)
(0.17883259205 0.0207664017891 0)
(0.182151401627 0.0236371534378 0)
(0.185884932281 0.0264928233275 0)
(0.19002952646 0.0293405162245 0)
(0.194582115091 0.0321869567694 0)
(0.199540126433 0.0350384523694 0)
(0.204901381324 0.0379008372697 0)
(0.210663972267 0.0407793913912 0)
(0.216826123236 0.0436787254649 0)
(0.223386026521 0.0466026212006 0)
(0.230341652386 0.0495538114202 0)
(0.237690526902 0.0525336798984 0)
(0.245429473198 0.0555418535439 0)
(0.253554311886 0.0585756498218 0)
(0.26205951827 0.0616293289661 0)
(0.270937837903 0.0646930823043 0)
(0.280179869325 0.0677516629402 0)
(0.289773634908 0.0707825300978 0)
(0.299704181001 0.0737533300159 0)
(0.30995328297 0.0766184696051 0)
(0.320499405846 0.0793144467573 0)
(0.331318254929 0.0817535004724 0)
(0.342384526393 0.083815133023 0)
(0.353675570093 0.0853351259298 0)
(0.365178003591 0.0860912798833 0)
(0.376900827837 0.085784829145 0)
(0.388900920811 0.0840211232636 0)
(0.40132070545 0.0802984846745 0)
(0.41444049065 0.0739896785144 0)
(0.428806739341 0.0642712209703 0)
(0.445318785953 0.0501926820291 0)
(0.464694454219 0.030977349195 0)
(0.493178364321 0.00474397471263 0)
(0.5 0 0)
(0.5 0 0)
(0.5 0 0)
(0.5 0 0)
(0.5 0 0)
(0.5 0 0)
(0.5 0 0)
(0.5 0 0)
(0.5 0 0)
(0.494440688595 -0.00357880075261 0)
(0.462838162501 -0.0327999551656 0)
(0.43303685845 -0.0637166890232 0)
(0.410551227959 -0.0856291151064 0)
(0.391826900487 -0.100125978215 0)
(0.375392027756 -0.108672790254 0)
(0.36017494051 -0.112691069762 0)
(0.345648288381 -0.113381509621 0)
(0.331598362304 -0.111698560539 0)
(0.317970379629 -0.108368769536 0)
(0.304782172007 -0.103931151074 0)
(0.29207900497 -0.0987800676196 0)
(0.279911545686 -0.09320100018 0)
(0.268325543365 -0.0873984404395 0)
(0.257357605596 -0.0815171553066 0)
(0.24703417978 -0.0756581524807 0)
(0.237372113671 -0.0698905262479 0)
(0.22837989361 -0.0642601760405 0)
(0.220059085676 -0.0587961926095 0)
(0.212405744215 -0.0535155242535 0)
(0.205411681668 -0.0484263831159 0)
(0.199065561989 -0.0435307317633 0)
(0.193353814874 -0.0388260993358 0)
(0.188261384507 -0.0343069089002 0)
(0.183772333162 -0.0299654479514 0)
(0.17987032132 -0.0257925778142 0)
(0.183424606029 -0.0185909181143 0)
(0.180419813045 -0.0152938714348 0)
(0.177994609807 -0.0121170177898 0)
(0.176131108591 -0.00905040906549 0)
(0.174812627422 -0.00608425584563 0)
(0.174023733823 -0.00320899477164 0)
(0.173750265176 -0.000415331185895 0)
(0.173979331046 0.00230573604579 0)
(0.174699301562 0.00496290239805 0)
(0.175899784994 0.0075645543597 0)
(0.177571596815 0.0101187719282 0)
(0.179706721913 0.0126333345425 0)
(0.182298271034 0.0151157284612 0)
(0.185340432056 0.0175731537962 0)
(0.188828416232 0.0200125294578 0)
(0.192758399132 0.0224404941537 0)
(0.197127455556 0.0248634013036 0)
(0.201933487242 0.0272873052589 0)
(0.207175141681 0.0297179355004 0)
(0.212851719748 0.0321606544703 0)
(0.21896306921 0.0346203932626 0)
(0.225509460359 0.0371015574127 0)
(0.232491439069 0.0396078922841 0)
(0.239909651542 0.0421422937592 0)
(0.247764633699 0.0447065446745 0)
(0.256056556852 0.047300950094 0)
(0.264784920011 0.0499238342166 0)
(0.273948178473 0.0525708472754 0)
(0.283543298727 0.0552340105084 0)
(0.293565231225 0.0579003983229 0)
(0.304006296194 0.0605503144519 0)
(0.314855484804 0.0631547569016 0)
(0.326097689751 0.0656718736817 0)
(0.337712930618 0.0680419652273 0)
(0.349675856898 0.0701804048824 0)
(0.361956132644 0.0719677830144 0)
(0.374519966601 0.0732365250656 0)
(0.387332828579 0.0737518442849 0)
(0.400369296849 0.0731831953348 0)
(0.413642480102 0.071071783683 0)
(0.427237776582 0.0668114534219 0)
(0.441310384265 0.0596130597031 0)
(0.456265715061 0.0482749034884 0)
(0.473231314809 0.0303638595394 0)
(0.495700184699 0.0050054431052 0)
(0.5 0 0)
(0.5 0 0)
(0.5 0 0)
(0.5 0 0)
(0.5 0 0)
(0.5 0 0)
(0.5 0 0)
(0.5 0 0)
(0.5 0 0)
(0.5 0 0)
(0.5 0 0)
(0.49679796542 -0.0038420621625 0)
(0.468630911918 -0.0369533872475 0)
(0.444678577081 -0.0638509627662 0)
(0.42453735284 -0.0815275620861 0)
(0.4063584257 -0.0917424788023 0)
(0.389147160285 -0.0966746583382 0)
(0.372518362582 -0.0979571926158 0)
(0.356363921279 -0.0967643415982 0)
(0.340705033671 -0.0939265917288 0)
(0.325606643777 -0.0900244257737 0)
(0.311138221463 -0.0854623522233 0)
(0.297359414549 -0.0805214941903 0)
(0.28431545493 -0.0753962059955 0)
(0.272036784027 -0.0702197130567 0)
(0.260540600027 -0.0650821352255 0)
(0.249833094046 -0.0600431756425 0)
(0.23991174302 -0.0551410672188 0)
(0.23076738336 -0.0503988939118 0)
(0.222385974145 -0.045829068822 0)
(0.214750044059 -0.0414365153065 0)
(0.207839851607 -0.0372209327333 0)
(0.201634299873 -0.0331784140599 0)
(0.196111647989 -0.0293026027685 0)
(0.191250057733 -0.0255855211602 0)
(0.187028008219 -0.0220181632176 0)
(0.18916402745 -0.0151701377051 0)
(0.185964160915 -0.0124819608991 0)
(0.183378651791 -0.00989400731326 0)
(0.181387002848 -0.0073977152138 0)
(0.179970309003 -0.00498471780562 0)
(0.179111260517 -0.00264688689832 0)
(0.178794128813 -0.000376357760946 0)
(0.179004739757 0.001834459347 0)
(0.17973043803 0.00399287694212 0)
(0.180960045253 0.00610593438522 0)
(0.182683813764 0.00818040597287 0)
(0.184893377377 0.0102228112562 0)
(0.187581699892 0.0122394260936 0)
(0.190743021756 0.0142362930952 0)
(0.194372804802 0.016219230132 0)
(0.198467674661 0.0181938354745 0)
(0.203025359974 0.0201654878677 0)
(0.208044627107 0.0221393394254 0)
(0.213525208504 0.0241202985984 0)
(0.219467722148 0.0261129995554 0)
(0.225873578815 0.028121753038 0)
(0.232744872712 0.0301504719457 0)
(0.240084249837 0.0322025623981 0)
(0.247894746657 0.0342807674941 0)
(0.256179589568 0.0363869460356 0)
(0.26494194274 0.0385217614498 0)
(0.274184588655 0.0406842461431 0)
(0.283909521814 0.0428711922397 0)
(0.294117431816 0.0450762992184 0)
(0.304807046022 0.0472889789424 0)
(0.315974293752 0.0494926732079 0)
(0.327611241365 0.0516624699764 0)
(0.339704720391 0.053761694122 0)
(0.352234577763 0.0557369572432 0)
(0.36517175097 0.0575108957695 0)
(0.378476736191 0.0589717393536 0)
(0.392097639067 0.0599586315928 0)
(0.405965348718 0.0602386746465 0)
(0.419996330991 0.0594675805048 0)
(0.434130213231 0.0571420982422 0)
(0.448372490496 0.0525714251473 0)
(0.462667507841 0.0447657689358 0)
(0.476136427673 0.0320594878763 0)
(0.493249702074 0.00959272587945 0)
(0.5 0 0)
(0.5 0 0)
(0.5 0 0)
(0.5 0 0)
(0.5 0 0)
(0.5 0 0)
(0.5 0 0)
(0.5 0 0)
(0.5 0 0)
(0.5 0 0)
(0.5 0 0)
(0.5 0 0)
(0.5 0 0)
(0.495618557506 -0.0069813102205 0)
(0.472865953367 -0.0403173968053 0)
(0.451716933113 -0.0616442005238 0)
(0.432732468599 -0.0732057652737 0)
(0.414111469547 -0.0788026314179 0)
(0.395775516797 -0.0805701989645 0)
(0.377814975272 -0.0798734338616 0)
(0.360370439932 -0.0776075870414 0)
(0.343576062672 -0.0743630566179 0)
(0.327536181095 -0.0705324447331 0)
(0.312324292693 -0.0663782466935 0)
(0.29798722789 -0.0620760277911 0)
(0.284550175915 -0.057742608806 0)
(0.272021552365 -0.0534547990126 0)
(0.260397251473 -0.0492620017416 0)
(0.249664127628 -0.0451947774252 0)
(0.239802738287 -0.0412707073409 0)
(0.230789456926 -0.0374984370546 0)
(0.222598077603 -0.0338804811905 0)
(0.215201020258 -0.0304151784246 0)
(0.208570227 -0.027098059327 0)
(0.202677821519 -0.0239228059147 0)
(0.197496588081 -0.0208819256188 0)
(0.193000313774 -0.0179672243768 0)
(0.19369534929 -0.0115548673702 0)
(0.190338239135 -0.00950857787176 0)
(0.187623530883 -0.00753992463073 0)
(0.185528562007 -0.00564211630916 0)
(0.184032588496 -0.00380855054983 0)
(0.183116752215 -0.00203284013219 0)
(0.182764036426 -0.000308825693814 0)
(0.182959213782 0.00136942090432 0)
(0.183688789901 0.00300759961485 0)
(0.184940944739 0.00461118947369 0)
(0.186705473286 0.00618545847255 0)
(0.188973726548 0.00773547476234 0)
(0.191738553375 0.00926611813579 0)
(0.194994243267 0.0107820908404 0)
(0.198736469947 0.012287926775 0)
(0.202962235166 0.013787998024 0)
(0.207669811734 0.0152865174719 0)
(0.21285868439 0.0167875358955 0)
(0.218529486478 0.0182949314154 0)
(0.224683929725 0.019812388445 0)
(0.231324723409 0.0213433622207 0)
(0.238455477986 0.0228910235046 0)
(0.246080586524 0.0244581759522 0)
(0.254205075043 0.0260471356649 0)
(0.262834409719 0.0276595582206 0)
(0.271974244697 0.0292961924199 0)
(0.281630088693 0.0309565312539 0)
(0.291806861662 0.0326383180163 0)
(0.302508303471 0.034336847212 0)
(0.313736182294 0.0360439725895 0)
(0.325489229046 0.0377466924569 0)
(0.337761687687 0.0394251169112 0)
(0.350541292081 0.0410495111178 0)
(0.363806428639 0.0425759033587 0)
(0.377522610212 0.0439394731169 0)
(0.391638756655 0.0450448836471 0)
(0.406080463439 0.0457523594501 0)
(0.420732936584 0.045853883546 0)
(0.435430633424 0.0450282773988 0)
(0.450000831639 0.0427880005495 0)
(0.464251764382 0.0384481717132 0)
(0.477798547777 0.0309988463383 0)
(0.491262477646 0.0191322041674 0)
(0.499496460985 0.00155853107924 0)
(0.5 0 0)
(0.5 0 0)
(0.5 0 0)
(0.5 0 0)
(0.5 0 0)
(0.5 0 0)
(0.5 0 0)
(0.5 0 0)
(0.5 0 0)
(0.5 0 0)
(0.5 0 0)
(0.5 0 0)
(0.5 0 0)
(0.5 0 0)
(0.489388244303 -0.0189612458529 0)
(0.471376276243 -0.0423843538651 0)
(0.453469238044 -0.0540737615338 0)
(0.434189352719 -0.0596919645992 0)
(0.414645420228 -0.0616462794426 0)
(0.395268078288 -0.0613551341901 0)
(0.376367997016 -0.0596887798336 0)
(0.358170514364 -0.0571919225876 0)
(0.340824241403 -0.0542120350232 0)
(0.324420628031 -0.0509737629746 0)
(0.309010163905 -0.047623151633 0)
(0.294614169532 -0.0442549546545 0)
(0.281233497557 -0.0409299920414 0)
(0.268854960795 -0.0376864115156 0)
(0.257456026483 -0.0345471104362 0)
(0.247008207852 -0.0315246902444 0)
(0.237479497606 -0.0286247988159 0)
(0.228836105162 -0.0258484044446 0)
(0.221043689642 -0.0231933531224 0)
(0.214068227523 -0.0206554401492 0)
(0.207876615516 -0.0182291498291 0)
(0.202437081622 -0.0159081666608 0)
(0.197719457299 -0.0136857281715 0)
(0.19696873789 -0.00778903943051 0)
(0.193496253144 -0.00641023786135 0)
(0.190686760084 -0.00508440485769 0)
(0.188515972885 -0.00380682986234 0)
(0.1869617721 -0.00257294985927 0)
(0.186004143926 -0.00137836342894 0)
(0.185625112097 -0.000218836212473 0)
(0.18580866625 0.000909699522339 0)
(0.186540689427 0.00201114928276 0)
(0.187808886555 0.00308926331701 0)
(0.189602715098 0.0041476451005 0)
(0.191913318586 0.00518976053457 0)
(0.194733463345 0.00621894719233 0)
(0.198057478414 0.0072384230098 0)
(0.201881198285 0.00825129381556 0)
(0.206201907831 0.0092605590186 0)
(0.211018288341 0.010269114622 0)
(0.216330363168 0.011279752486 0)
(0.22213944087 0.012295154399 0)
(0.228448052947 0.0133178789873 0)
(0.235259882215 0.0143503387421 0)
(0.242579676383 0.0153947633751 0)
(0.250413139433 0.0164531441998 0)
(0.258766790606 0.0175271520765 0)
(0.267647776882 0.0186180183754 0)
(0.277063619373 0.0197263639437 0)
(0.287021866638 0.0208519545924 0)
(0.297529618216 0.0219933522085 0)
(0.308592867946 0.0231474168486 0)
(0.320215595087 0.0243085943481 0)
(0.332398498221 0.0254678915342 0)
(0.345137207977 0.026611390132 0)
(0.358419683279 0.0277180612327 0)
(0.372222395105 0.0287564691393 0)
(0.3865054078 0.0296797334019 0)
(0.401206826004 0.0304181378019 0)
(0.416231322459 0.0308684177258 0)
(0.431420140951 0.0308740955898 0)
(0.446529244908 0.0301857354968 0)
(0.46127235842 0.0284144658212 0)
(0.475208679406 0.0249679487881 0)
(0.487127661968 0.0187858728876 0)
(0.496282000266 0.00770299991666 0)
(0.5 0 0)
(0.5 0 0)
(0.5 0 0)
(0.5 0 0)
(0.5 0 0)
(0.5 0 0)
(0.5 0 0)
(0.5 0 0)
(0.5 0 0)
(0.5 0 0)
(0.5 0 0)
(0.5 0 0)
(0.5 0 0)
(0.5 0 0)
(0.5 0 0)
(0.49753526939 -0.00768856622303 0)
(0.486008012025 -0.0258666878692 0)
(0.468436498597 -0.0353451258312 0)
(0.448872730878 -0.0399601729928 0)
(0.428554856447 -0.0416497970851 0)
(0.408168113082 -0.0415997326246 0)
(0.388192883949 -0.0405163537229 0)
(0.368945543927 -0.0388243766932 0)
(0.350617836411 -0.0367860677616 0)
(0.333318650612 -0.0345667206966 0)
(0.317102629694 -0.032271534801 0)
(0.30198848446 -0.0299674908935 0)
(0.287971229019 -0.027696819648 0)
(0.275030546148 -0.0254855133512 0)
(0.263136526641 -0.0233488152797 0)
(0.252253601506 -0.021294817997 0)
(0.242343232261 -0.0193268531279 0)
(0.23336574766 -0.0174450948052 0)
(0.225281591006 -0.0156476437838 0)
(0.218052158113 -0.0139312643959 0)
(0.211640349802 -0.0122918871529 0)
(0.206010924981 -0.010724951835 0)
(0.201130714484 -0.00922564122791 0)
(0.198947656808 -0.00392053958579 0)
(0.195404694478 -0.00322670558714 0)
(0.192537307048 -0.00255972647532 0)
(0.190320202862 -0.00191719066783 0)
(0.18873041153 -0.00129676706629 0)
(0.187747205269 -0.000696211018443 0)
(0.187352015793 -0.000113366103709 0)
(0.187528350231 0.000453836920967 0)
(0.18826170848 0.00100738306285 0)
(0.189539503555 0.00154917723521 0)
(0.191350985927 0.00208104909116 0)
(0.193687172371 0.00260475815855 0)
(0.196540779518 0.00312199895461 0)
(0.199906161966 0.00363440578938 0)
(0.203779254526 0.00414355696214 0)
(0.208157517878 0.00465097801614 0)
(0.213039886517 0.00515814363731 0)
(0.218426717427 0.00566647765626 0)
(0.224319737313 0.00617735042342 0)
(0.230721985361 0.00669207255313 0)
(0.2376377474 0.00721188364113 0)
(0.245072475732 0.00773793400233 0)
(0.253032686694 0.00827125668116 0)
(0.261525824924 0.00881272585281 0)
(0.270560078821 0.00936299610032 0)
(0.280144125383 0.00992241468447 0)
(0.290286773943 0.0104908954702 0)
(0.300996466686 0.0110677381408 0)
(0.312280577126 0.0116513689408 0)
(0.324144421093 0.0122389679306 0)
(0.336589853966 0.012825930106 0)
(0.349613252967 0.0134050798941 0)
(0.363202514066 0.0139655086902 0)
(0.377332565316 0.0144908063378 0)
(0.391959548603 0.0149563384007 0)
(0.407014202588 0.015325264494 0)
(0.42238723063 0.0155427907974 0)
(0.437890290182 0.0155252112701 0)
(0.453231254456 0.0151370213177 0)
(0.468060319574 0.0141668092727 0)
(0.481821307426 0.0122914417968 0)
(0.493269056541 0.0089499442544 0)
(0.499229117627 0.00289282122831 0)
(0.5 0 0)
(0.5 0 0)
(0.5 0 0)
(0.5 0 0)
(0.5 0 0)
(0.5 0 0)
(0.5 0 0)
(0.5 0 0)
(0.5 0 0)
(0.5 0 0)
(0.5 0 0)
(0.5 0 0)
(0.5 0 0)
(0.5 0 0)
(0.5 0 0)
(0.500263143247 -0.00233395342078 0)
(0.493506013907 -0.0119455611887 0)
(0.477229008154 -0.0173519035216 0)
(0.457754676901 -0.019992378506 0)
(0.437064578723 -0.0209820117335 0)
(0.416088092832 -0.0210098666456 0)
(0.395455088145 -0.0204793243594 0)
(0.375557577695 -0.0196256341974 0)
(0.356620249005 -0.018590679266 0)
(0.33876477289 -0.0174623353726 0)
(0.322048939315 -0.0162957593391 0)
(0.306489907139 -0.015125656976 0)
(0.29207896017 -0.0139736702701 0)
(0.278791204031 -0.0128529655803 0)
(0.266592004038 -0.01177115273 0)
(0.255441270061 -0.0107321776836 0)
(0.245296309779 -0.0097375680295 0)
(0.23611372536 -0.00878726185881 0)
(0.227850666106 -0.0078801639475 0)
(0.220465644127 -0.00701452106921 0)
(0.213919052022 -0.00618817607938 0)
(0.208173477004 -0.00539874003777 0)
(0.203193876077 -0.00464370850659 0)
(0.19960979709 1.86464647692e-13 0)
(0.196043130387 1.76324765553e-13 0)
(0.193156271843 1.64818520336e-13 0)
(0.190923589094 1.53466081382e-13 0)
(0.189321823725 1.42453969902e-13 0)
(0.18833000646 1.31956910367e-13 0)
(0.187929368899 1.22169398239e-13 0)
(0.188103255176 1.13122876821e-13 0)
(0.188837035844 1.04766759249e-13 0)
(0.190118025443 9.69716876919e-14 0)
(0.191935404682 8.96667023551e-14 0)
(0.194280147702 8.27792309651e-14 0)
(0.197144954535 7.63340645673e-14 0)
(0.200524188609 7.02098815827e-14 0)
(0.204413818827 6.41718723333e-14 0)
(0.208811365475 5.83994132008e-14 0)
(0.213715848822 5.25794298538e-14 0)
(0.219127738836 4.67067051747e-14 0)
(0.225048903808 4.0823944058e-14 0)
(0.231482554828 3.46854161594e-14 0)
(0.238433181929 2.82908514629e-14 0)
(0.245906476037 2.1563174017e-14 0)
(0.253909228637 1.44440347839e-14 0)
(0.262449197804 7.07790013025e-15 0)
(0.271534924616 -5.80218310536e-16 0)
(0.281175477345 -8.19816492871e-15 0)
(0.291380091691 -1.561067562e-14 0)
(0.302157663063 -2.28674632633e-14 0)
(0.313516029062 -2.97178562912e-14 0)
(0.325460951989 -3.54259727484e-14 0)
(0.337994667516 -3.99572770925e-14 0)
(0.351113785037 -4.34993050053e-14 0)
(0.364806141838 -4.54824735121e-14 0)
(0.379046077324 -4.59743211392e-14 0)
(0.39378830284 -4.48460107757e-14 0)
(0.408960929613 -4.27013290831e-14 0)
(0.424449701931 -3.91685876715e-14 0)
(0.440055585595 -3.42053944638e-14 0)
(0.455468797968 -2.85415248253e-14 0)
(0.470318143178 -2.22705793475e-14 0)
(0.484000465741 -1.57684283276e-14 0)
(0.49525823279 -8.78206871081e-15 0)
(0.499914727481 -2.34374916634e-15 0)
(0.5 0 0)
(0.5 0 0)
(0.5 0 0)
(0.5 0 0)
(0.5 0 0)
(0.5 0 0)
(0.5 0 0)
(0.5 0 0)
(0.5 0 0)
(0.5 0 0)
(0.5 0 0)
(0.5 0 0)
(0.5 0 0)
(0.5 0 0)
(0.5 0 0)
(0.500690013436 9.1169665194e-15 0)
(0.495686724657 7.36748004988e-14 0)
(0.480058054204 1.25732679054e-13 0)
(0.460703406818 1.67966023201e-13 0)
(0.439921572166 2.01351645791e-13 0)
(0.418756827823 2.27868249842e-13 0)
(0.397904030795 2.48170230244e-13 0)
(0.377786707471 2.62654836658e-13 0)
(0.358642658967 2.72429874795e-13 0)
(0.34059848185 2.77579598497e-13 0)
(0.32371319538 2.79306103542e-13 0)
(0.308003455015 2.7747899874e-13 0)
(0.293459260359 2.72840643079e-13 0)
(0.280054136687 2.65860591188e-13 0)
(0.267751820327 2.57313790707e-13 0)
(0.256510665983 2.47813720175e-13 0)
(0.246286555517 2.37809751649e-13 0)
(0.237034814414 2.27942454899e-13 0)
(0.228711465481 2.18773282731e-13 0)
(0.221274036234 2.10531861497e-13 0)
(0.214682064145 2.03820469988e-13 0)
(0.208897397023 1.98469801415e-13 0)
(0.20388435467 1.93248036231e-13 0)
(0.198947656808 0.00392053958617 0)
(0.195404694478 0.00322670558749 0)
(0.192537307048 0.00255972647565 0)
(0.190320202862 0.00191719066814 0)
(0.18873041153 0.00129676706658 0)
(0.187747205269 0.000696211018707 0)
(0.187352015793 0.000113366103953 0)
(0.187528350231 -0.000453836920741 0)
(0.18826170848 -0.00100738306264 0)
(0.189539503555 -0.00154917723501 0)
(0.191350985927 -0.00208104909098 0)
(0.193687172371 -0.00260475815838 0)
(0.196540779518 -0.00312199895446 0)
(0.199906161966 -0.00363440578924 0)
(0.203779254526 -0.00414355696201 0)
(0.208157517878 -0.00465097801602 0)
(0.213039886517 -0.00515814363721 0)
(0.218426717427 -0.00566647765616 0)
(0.224319737313 -0.00617735042334 0)
(0.230721985361 -0.00669207255306 0)
(0.2376377474 -0.00721188364108 0)
(0.245072475732 -0.00773793400228 0)
(0.253032686694 -0.00827125668113 0)
(0.261525824924 -0.00881272585279 0)
(0.270560078821 -0.00936299610032 0)
(0.280144125384 -0.00992241468449 0)
(0.290286773943 -0.0104908954702 0)
(0.300996466686 -0.0110677381408 0)
(0.312280577126 -0.0116513689408 0)
(0.324144421093 -0.0122389679307 0)
(0.336589853966 -0.012825930106 0)
(0.349613252967 -0.0134050798942 0)
(0.363202514066 -0.0139655086902 0)
(0.377332565316 -0.0144908063379 0)
(0.391959548603 -0.0149563384008 0)
(0.407014202588 -0.0153252644941 0)
(0.42238723063 -0.0155427907974 0)
(0.437890290182 -0.0155252112701 0)
(0.453231254456 -0.0151370213178 0)
(0.468060319574 -0.0141668092727 0)
(0.481821307426 -0.0122914417969 0)
(0.493269056541 -0.00894994425442 0)
(0.499229117627 -0.00289282122831 0)
(0.5 0 0)
(0.5 0 0)
(0.5 0 0)
(0.5 0 0)
(0.5 0 0)
(0.5 0 0)
(0.5 0 0)
(0.5 0 0)
(0.5 0 0)
(0.5 0 0)
(0.5 0 0)
(0.5 0 0)
(0.5 0 0)
(0.5 0 0)
(0.5 0 0)
(0.500263143247 0.0023339534208 0)
(0.493506013907 0.0119455611889 0)
(0.477229008154 0.0173519035219 0)
(0.457754676901 0.0199923785063 0)
(0.437064578723 0.0209820117339 0)
(0.416088092832 0.021009866646 0)
(0.395455088145 0.0204793243599 0)
(0.375557577695 0.0196256341979 0)
(0.356620249005 0.0185906792665 0)
(0.33876477289 0.0174623353731 0)
(0.322048939315 0.0162957593397 0)
(0.306489907139 0.0151256569765 0)
(0.29207896017 0.0139736702706 0)
(0.278791204031 0.0128529655808 0)
(0.266592004038 0.0117711527305 0)
(0.255441270061 0.0107321776841 0)
(0.245296309779 0.00973756802998 0)
(0.23611372536 0.00878726185927 0)
(0.227850666106 0.00788016394793 0)
(0.220465644127 0.00701452106963 0)
(0.213919052022 0.00618817607979 0)
(0.208173477004 0.00539874003817 0)
(0.203193876077 0.00464370850697 0)
(0.19696873789 0.00778903943088 0)
(0.193496253144 0.0064102378617 0)
(0.190686760084 0.00508440485802 0)
(0.188515972885 0.00380682986264 0)
(0.1869617721 0.00257294985956 0)
(0.186004143926 0.0013783634292 0)
(0.185625112097 0.000218836212716 0)
(0.18580866625 -0.000909699522113 0)
(0.186540689427 -0.00201114928255 0)
(0.187808886555 -0.00308926331682 0)
(0.189602715098 -0.00414764510032 0)
(0.191913318586 -0.00518976053441 0)
(0.194733463345 -0.00621894719218 0)
(0.198057478414 -0.00723842300966 0)
(0.201881198285 -0.00825129381543 0)
(0.206201907831 -0.00926055901848 0)
(0.211018288341 -0.0102691146219 0)
(0.216330363168 -0.0112797524859 0)
(0.22213944087 -0.0122951543989 0)
(0.228448052947 -0.0133178789873 0)
(0.235259882215 -0.014350338742 0)
(0.242579676383 -0.0153947633751 0)
(0.250413139433 -0.0164531441997 0)
(0.258766790606 -0.0175271520765 0)
(0.267647776882 -0.0186180183754 0)
(0.277063619373 -0.0197263639437 0)
(0.287021866638 -0.0208519545924 0)
(0.297529618216 -0.0219933522086 0)
(0.308592867946 -0.0231474168486 0)
(0.320215595087 -0.0243085943482 0)
(0.332398498221 -0.0254678915343 0)
(0.345137207977 -0.0266113901321 0)
(0.358419683279 -0.0277180612328 0)
(0.372222395105 -0.0287564691393 0)
(0.3865054078 -0.0296797334019 0)
(0.401206826004 -0.0304181378019 0)
(0.416231322459 -0.0308684177259 0)
(0.431420140951 -0.0308740955899 0)
(0.446529244908 -0.0301857354968 0)
(0.46127235842 -0.0284144658212 0)
(0.475208679406 -0.0249679487881 0)
(0.487127661968 -0.0187858728876 0)
(0.496282000266 -0.00770299991666 0)
(0.5 0 0)
(0.5 0 0)
(0.5 0 0)
(0.5 0 0)
(0.5 0 0)
(0.5 0 0)
(0.5 0 0)
(0.5 0 0)
(0.5 0 0)
(0.5 0 0)
(0.5 0 0)
(0.5 0 0)
(0.5 0 0)
(0.5 0 0)
(0.5 0 0)
(0.49753526939 0.00768856622306 0)
(0.486008012025 0.0258666878693 0)
(0.468436498597 0.0353451258314 0)
(0.448872730878 0.0399601729931 0)
(0.428554856447 0.0416497970855 0)
(0.408168113082 0.041599732625 0)
(0.388192883949 0.0405163537234 0)
(0.368945543927 0.0388243766938 0)
(0.350617836411 0.0367860677622 0)
(0.333318650612 0.0345667206972 0)
(0.317102629694 0.0322715348016 0)
(0.30198848446 0.029967490894 0)
(0.287971229019 0.0276968196486 0)
(0.275030546148 0.0254855133517 0)
(0.263136526641 0.0233488152802 0)
(0.252253601506 0.0212948179975 0)
(0.242343232261 0.0193268531284 0)
(0.23336574766 0.0174450948057 0)
(0.225281591006 0.0156476437843 0)
(0.218052158113 0.0139312643963 0)
(0.211640349802 0.0122918871533 0)
(0.206010924981 0.0107249518353 0)
(0.201130714484 0.00922564122829 0)
(0.19369534929 0.0115548673706 0)
(0.190338239135 0.0095085778721 0)
(0.187623530883 0.00753992463105 0)
(0.185528562007 0.00564211630946 0)
(0.184032588496 0.00380855055011 0)
(0.183116752215 0.00203284013245 0)
(0.182764036426 0.000308825694056 0)
(0.182959213782 -0.0013694209041 0)
(0.183688789901 -0.00300759961464 0)
(0.184940944739 -0.0046111894735 0)
(0.186705473286 -0.00618545847237 0)
(0.188973726548 -0.00773547476218 0)
(0.191738553375 -0.00926611813564 0)
(0.194994243267 -0.0107820908403 0)
(0.198736469947 -0.0122879267749 0)
(0.202962235166 -0.0137879980238 0)
(0.207669811735 -0.0152865174718 0)
(0.21285868439 -0.0167875358954 0)
(0.218529486478 -0.0182949314153 0)
(0.224683929725 -0.0198123884449 0)
(0.231324723409 -0.0213433622206 0)
(0.238455477986 -0.0228910235045 0)
(0.246080586524 -0.0244581759522 0)
(0.254205075043 -0.0260471356649 0)
(0.262834409719 -0.0276595582206 0)
(0.271974244697 -0.0292961924199 0)
(0.281630088693 -0.030956531254 0)
(0.291806861662 -0.0326383180163 0)
(0.302508303471 -0.034336847212 0)
(0.313736182294 -0.0360439725896 0)
(0.325489229046 -0.037746692457 0)
(0.337761687687 -0.0394251169113 0)
(0.350541292081 -0.0410495111179 0)
(0.363806428639 -0.0425759033588 0)
(0.377522610212 -0.043939473117 0)
(0.391638756655 -0.0450448836471 0)
(0.406080463439 -0.0457523594502 0)
(0.420732936584 -0.045853883546 0)
(0.435430633424 -0.0450282773989 0)
(0.450000831639 -0.0427880005495 0)
(0.464251764382 -0.0384481717132 0)
(0.477798547777 -0.0309988463383 0)
(0.491262477646 -0.0191322041674 0)
(0.499496460985 -0.00155853107924 0)
(0.5 0 0)
(0.5 0 0)
(0.5 0 0)
(0.5 0 0)
(0.5 0 0)
(0.5 0 0)
(0.5 0 0)
(0.5 0 0)
(0.5 0 0)
(0.5 0 0)
(0.5 0 0)
(0.5 0 0)
(0.5 0 0)
(0.5 0 0)
(0.489388244303 0.018961245853 0)
(0.471376276243 0.0423843538653 0)
(0.453469238044 0.054073761534 0)
(0.434189352719 0.0596919645995 0)
(0.414645420228 0.061646279443 0)
(0.395268078288 0.0613551341906 0)
(0.376367997016 0.0596887798341 0)
(0.358170514364 0.0571919225882 0)
(0.340824241403 0.0542120350237 0)
(0.324420628031 0.0509737629752 0)
(0.309010163905 0.0476231516336 0)
(0.294614169532 0.044254954655 0)
(0.281233497557 0.040929992042 0)
(0.268854960795 0.0376864115161 0)
(0.257456026483 0.0345471104367 0)
(0.247008207852 0.0315246902449 0)
(0.237479497606 0.0286247988164 0)
(0.228836105162 0.025848404445 0)
(0.221043689642 0.0231933531229 0)
(0.214068227523 0.0206554401496 0)
(0.207876615516 0.0182291498295 0)
(0.202437081622 0.0159081666612 0)
(0.197719457299 0.0136857281719 0)
(0.18916402745 0.0151701377055 0)
(0.185964160915 0.0124819608994 0)
(0.183378651791 0.00989400731358 0)
(0.181387002848 0.00739771521409 0)
(0.179970309003 0.00498471780589 0)
(0.179111260517 0.00264688689857 0)
(0.178794128813 0.000376357761186 0)
(0.179004739757 -0.00183445934678 0)
(0.17973043803 -0.00399287694191 0)
(0.180960045253 -0.00610593438503 0)
(0.182683813765 -0.00818040597269 0)
(0.184893377377 -0.010222811256 0)
(0.187581699892 -0.0122394260935 0)
(0.190743021756 -0.0142362930951 0)
(0.194372804802 -0.0162192301318 0)
(0.198467674661 -0.0181938354744 0)
(0.203025359974 -0.0201654878676 0)
(0.208044627107 -0.0221393394253 0)
(0.213525208504 -0.0241202985983 0)
(0.219467722148 -0.0261129995554 0)
(0.225873578815 -0.0281217530379 0)
(0.232744872712 -0.0301504719457 0)
(0.240084249837 -0.032202562398 0)
(0.247894746658 -0.0342807674941 0)
(0.256179589568 -0.0363869460356 0)
(0.26494194274 -0.0385217614498 0)
(0.274184588655 -0.0406842461431 0)
(0.283909521814 -0.0428711922397 0)
(0.294117431816 -0.0450762992184 0)
(0.304807046022 -0.0472889789424 0)
(0.315974293753 -0.049492673208 0)
(0.327611241365 -0.0516624699765 0)
(0.339704720391 -0.0537616941221 0)
(0.352234577763 -0.0557369572433 0)
(0.36517175097 -0.0575108957696 0)
(0.378476736191 -0.0589717393537 0)
(0.392097639067 -0.0599586315929 0)
(0.405965348718 -0.0602386746466 0)
(0.419996330991 -0.0594675805048 0)
(0.434130213231 -0.0571420982423 0)
(0.448372490496 -0.0525714251474 0)
(0.462667507841 -0.0447657689358 0)
(0.476136427673 -0.0320594878763 0)
(0.493249702074 -0.00959272587945 0)
(0.5 0 0)
(0.5 0 0)
(0.5 0 0)
(0.5 0 0)
(0.5 0 0)
(0.5 0 0)
(0.5 0 0)
(0.5 0 0)
(0.5 0 0)
(0.5 0 0)
(0.5 0 0)
(0.5 0 0)
(0.5 0 0)
(0.495618557506 0.00698131022051 0)
(0.472865953367 0.0403173968054 0)
(0.451716933113 0.061644200524 0)
(0.432732468599 0.073205765274 0)
(0.414111469547 0.0788026314182 0)
(0.395775516797 0.0805701989649 0)
(0.377814975271 0.0798734338621 0)
(0.360370439932 0.0776075870419 0)
(0.343576062672 0.0743630566184 0)
(0.327536181095 0.0705324447337 0)
(0.312324292693 0.066378246694 0)
(0.297987227889 0.0620760277917 0)
(0.284550175915 0.0577426088066 0)
(0.272021552365 0.0534547990131 0)
(0.260397251473 0.0492620017421 0)
(0.249664127628 0.0451947774258 0)
(0.239802738287 0.0412707073414 0)
(0.230789456926 0.0374984370551 0)
(0.222598077603 0.0338804811909 0)
(0.215201020258 0.0304151784251 0)
(0.208570227 0.0270980593274 0)
(0.202677821519 0.0239228059151 0)
(0.197496588081 0.0208819256192 0)
(0.193000313774 0.0179672243772 0)
(0.183424606029 0.0185909181147 0)
(0.180419813045 0.0152938714351 0)
(0.177994609807 0.0121170177902 0)
(0.176131108591 0.00905040906578 0)
(0.174812627422 0.00608425584591 0)
(0.174023733823 0.0032089947719 0)
(0.173750265177 0.000415331186132 0)
(0.173979331046 -0.00230573604557 0)
(0.174699301562 -0.00496290239785 0)
(0.175899784994 -0.00756455435951 0)
(0.177571596815 -0.010118771928 0)
(0.179706721913 -0.0126333345424 0)
(0.182298271034 -0.015115728461 0)
(0.185340432056 -0.0175731537961 0)
(0.188828416232 -0.0200125294577 0)
(0.192758399132 -0.0224404941535 0)
(0.197127455556 -0.0248634013035 0)
(0.201933487242 -0.0272873052588 0)
(0.207175141681 -0.0297179355003 0)
(0.212851719748 -0.0321606544702 0)
(0.21896306921 -0.0346203932625 0)
(0.225509460359 -0.0371015574126 0)
(0.232491439069 -0.0396078922841 0)
(0.239909651542 -0.0421422937591 0)
(0.247764633699 -0.0447065446745 0)
(0.256056556852 -0.047300950094 0)
(0.264784920011 -0.0499238342166 0)
(0.273948178473 -0.0525708472755 0)
(0.283543298727 -0.0552340105084 0)
(0.293565231225 -0.057900398323 0)
(0.304006296194 -0.060550314452 0)
(0.314855484804 -0.0631547569016 0)
(0.326097689751 -0.0656718736818 0)
(0.337712930618 -0.0680419652274 0)
(0.349675856898 -0.0701804048825 0)
(0.361956132644 -0.0719677830145 0)
(0.374519966601 -0.0732365250657 0)
(0.387332828579 -0.073751844285 0)
(0.400369296849 -0.0731831953348 0)
(0.413642480102 -0.0710717836831 0)
(0.427237776582 -0.0668114534219 0)
(0.441310384265 -0.0596130597031 0)
(0.456265715061 -0.0482749034884 0)
(0.473231314809 -0.0303638595394 0)
(0.495700184699 -0.0050054431052 0)
(0.5 0 0)
(0.5 0 0)
(0.5 0 0)
(0.5 0 0)
(0.5 0 0)
(0.5 0 0)
(0.5 0 0)
(0.5 0 0)
(0.5 0 0)
(0.5 0 0)
(0.5 0 0)
(0.49679796542 0.00384206216251 0)
(0.468630911918 0.0369533872476 0)
(0.444678577081 0.0638509627663 0)
(0.424537352839 0.0815275620863 0)
(0.4063584257 0.0917424788026 0)
(0.389147160285 0.0966746583385 0)
(0.372518362582 0.0979571926162 0)
(0.356363921279 0.0967643415987 0)
(0.340705033671 0.0939265917292 0)
(0.325606643777 0.0900244257742 0)
(0.311138221462 0.0854623522238 0)
(0.297359414549 0.0805214941908 0)
(0.28431545493 0.075396205996 0)
(0.272036784027 0.0702197130572 0)
(0.260540600027 0.0650821352261 0)
(0.249833094046 0.060043175643 0)
(0.23991174302 0.0551410672193 0)
(0.23076738336 0.0503988939123 0)
(0.222385974145 0.0458290688225 0)
(0.214750044059 0.0414365153069 0)
(0.207839851607 0.0372209327338 0)
(0.201634299873 0.0331784140603 0)
(0.196111647989 0.0293026027689 0)
(0.191250057733 0.0255855211606 0)
(0.187028008219 0.022018163218 0)
(0.1765389848 0.021778251494 0)
(0.173762227135 0.0179118906095 0)
(0.171524442821 0.0141826583959 0)
(0.169810684567 0.0105796558917 0)
(0.168606785374 0.00709206129413 0)
(0.167899444258 0.00370922727044 0)
(0.167676282762 0.00042074724118 0)
(0.167925877929 -0.00278350110922 0)
(0.168637776255 -0.00591332884485 0)
(0.169802492114 -0.00897822052302 0)
(0.171411493341 -0.011987326924 0)
(0.173457175913 -0.0149494627434 0)
(0.175932829127 -0.0178731067018 0)
(0.17883259205 -0.0207664017889 0)
(0.182151401627 -0.0236371534377 0)
(0.185884932281 -0.0264928233274 0)
(0.19002952646 -0.0293405162244 0)
(0.194582115091 -0.0321869567693 0)
(0.199540126433 -0.0350384523693 0)
(0.204901381324 -0.0379008372697 0)
(0.210663972267 -0.0407793913911 0)
(0.216826123236 -0.0436787254649 0)
(0.223386026521 -0.0466026212006 0)
(0.230341652386 -0.0495538114202 0)
(0.237690526902 -0.0525336798984 0)
(0.245429473198 -0.0555418535439 0)
(0.253554311887 -0.0585756498219 0)
(0.26205951827 -0.0616293289661 0)
(0.270937837903 -0.0646930823044 0)
(0.280179869325 -0.0677516629403 0)
(0.289773634909 -0.0707825300978 0)
(0.299704181001 -0.0737533300159 0)
(0.30995328297 -0.0766184696052 0)
(0.320499405847 -0.0793144467573 0)
(0.331318254929 -0.0817535004725 0)
(0.342384526393 -0.0838151330231 0)
(0.353675570093 -0.0853351259299 0)
(0.365178003591 -0.0860912798834 0)
(0.376900827837 -0.085784829145 0)
(0.388900920811 -0.0840211232636 0)
(0.40132070545 -0.0802984846745 0)
(0.41444049065 -0.0739896785144 0)
(0.428806739341 -0.0642712209703 0)
(0.445318785953 -0.0501926820291 0)
(0.464694454219 -0.030977349195 0)
(0.493178364321 -0.00474397471263 0)
(0.5 0 0)
(0.5 0 0)
(0.5 0 0)
(0.5 0 0)
(0.5 0 0)
(0.5 0 0)
(0.5 0 0)
(0.5 0 0)
(0.5 0 0)
(0.494440688595 0.00357880075262 0)
(0.462838162501 0.0327999551656 0)
(0.43303685845 0.0637166890233 0)
(0.410551227959 0.0856291151066 0)
(0.391826900487 0.100125978215 0)
(0.375392027756 0.108672790254 0)
(0.36017494051 0.112691069762 0)
(0.345648288381 0.113381509621 0)
(0.331598362304 0.111698560539 0)
(0.317970379628 0.108368769537 0)
(0.304782172007 0.103931151075 0)
(0.29207900497 0.0987800676201 0)
(0.279911545686 0.0932010001805 0)
(0.268325543365 0.08739844044 0)
(0.257357605596 0.0815171553071 0)
(0.24703417978 0.0756581524813 0)
(0.237372113671 0.0698905262485 0)
(0.22837989361 0.064260176041 0)
(0.220059085676 0.05879619261 0)
(0.212405744215 0.053515524254 0)
(0.205411681668 0.0484263831163 0)
(0.199065561989 0.0435307317637 0)
(0.193353814874 0.0388260993362 0)
(0.188261384507 0.0343069089006 0)
(0.183772333162 0.0299654479517 0)
(0.17987032132 0.0257925778145 0)
(0.168579661126 0.0246989533501 0)
(0.166058413944 0.020308363912 0)
(0.164030650556 0.0160685196769 0)
(0.162484573744 0.0119680340355 0)
(0.161408723922 0.00799547130824 0)
(0.160792105038 0.00413947965849 0)
(0.160624276174 0.000388886477332 0)
(0.160895414669 -0.00326723424413 0)
(0.161596355487 -0.00683951523155 0)
(0.162718610597 -0.0103382642287 0)
(0.164254371298 -0.0137734427562 0)
(0.166196495706 -0.0171546516334 0)
(0.168538483005 -0.0204911201264 0)
(0.171274435469 -0.0237916959137 0)
(0.174399008781 -0.0270648331737 0)
(0.17790735068 -0.030318576032 0)
(0.181795027513 -0.0335605343215 0)
(0.186057937836 -0.0367978481114 0)
(0.190692211765 -0.0400371366984 0)
(0.195694094331 -0.0432844266693 0)
(0.201059810725 -0.0465450521561 0)
(0.206785410928 -0.0498235183876 0)
(0.212866590956 -0.0531233169362 0)
(0.219298487907 -0.0564466774482 0)
(0.226075446213 -0.0597942358228 0)
(0.23319075336 -0.0631645923583 0)
(0.240636345166 -0.0665537247969 0)
(0.248402484295 -0.0699542097731 0)
(0.256477422022 -0.0733541911409 0)
(0.264847063797 -0.0767360139711 0)
(0.27349467591 -0.0800744173654 0)
(0.282400696974 -0.0833341466089 0)
(0.291542760992 -0.0864668056213 0)
(0.300896118004 -0.089406726858 0)
(0.310434790507 -0.0920656085683 0)
(0.320134022587 -0.0943257241527 0)
(0.329974779211 -0.0960316790852 0)
(0.339951438175 -0.0969808358889 0)
(0.350084871473 -0.096912963846 0)
(0.360443509792 -0.0955019698497 0)
(0.371174241507 -0.0923551017332 0)
(0.382551838376 -0.0870206228091 0)
(0.395064892571 -0.0790055006414 0)
(0.409505637293 -0.0678547949164 0)
(0.42668670141 -0.0531709370641 0)
(0.447861803246 -0.0342826205196 0)
(0.480712819271 -0.0104787727734 0)
(0.495987245448 -0.00048486412021 0)
(0.5 0 0)
(0.5 0 0)
(0.5 0 0)
(0.5 0 0)
(0.5 0 0)
(0.49778501499 0.000169559766212 0)
(0.482799315198 0.00889928510989 0)
(0.440657286235 0.0382583510932 0)
(0.412724407365 0.0654599399378 0)
(0.388871291336 0.0881243483355 0)
(0.370173030396 0.104911241757 0)
(0.354576515026 0.116431173653 0)
(0.340822488295 0.123321415273 0)
(0.328110289608 0.126411693021 0)
(0.315992069774 0.126539965844 0)
(0.30425105287 0.124447801809 0)
(0.292808548438 0.12074621099 0)
(0.281661345022 0.115917885868 0)
(0.270842564861 0.110334251558 0)
(0.260398980703 0.104275700571 0)
(0.250378612623 0.097950548003 0)
(0.240824478518 0.0915112603604 0)
(0.23177192672 0.0850676741631 0)
(0.22324796873 0.0786974257479 0)
(0.215271663503 0.0724540118626 0)
(0.207854999577 0.0663729363027 0)
(0.2010039605 0.0604763572567 0)
(0.194719601906 0.0547765825893 0)
(0.188999053036 0.0492786905392 0)
(0.183836404363 0.0439824913755 0)
(0.179223470285 0.0388839944774 0)
(0.17515043038 0.0339765049247 0)
(0.171606359673 0.0292514426085 0)
(0.159628095525 0.0273261611945 0)
(0.157383954134 0.0224608692322 0)
(0.155583966862 0.0177564711396 0)
(0.154219574374 0.0132015597574 0)
(0.153282116317 0.00878451198708 0)
(0.152762992694 0.00449366175434 0)
(0.152653787115 0.000317429051 0)
(0.152946357597 -0.0037555843331 0)
(0.153632899619 -0.00773652408467 0)
(0.154705985308 -0.0116362310744 0)
(0.15615858181 -0.0154652022044 0)
(0.157984051241 -0.0192335600239 0)
(0.160176133949 -0.0229510273741 0)
(0.162728916286 -0.0266269037068 0)
(0.165636783544 -0.0302700398802 0)
(0.168894358256 -0.0338888082021 0)
(0.172496423585 -0.0374910642265 0)
(0.176437831135 -0.0410840963357 0)
(0.180713392109 -0.0446745583986 0)
(0.185317750376 -0.0482683797464 0)
(0.190245235766 -0.0518706452831 0)
(0.195489695668 -0.0554854366419 0)
(0.201044303052 -0.0591156227952 0)
(0.206901339276 -0.0627625852492 0)
(0.213051950821 -0.0664258586895 0)
(0.21948588054 -0.0701026624106 0)
(0.226191176694 -0.0737872907247 0)
(0.233153887625 -0.0774703214333 0)
(0.240357757309 -0.0811375900141 0)
(0.247783948816 -0.0847688632044 0)
(0.255410840542 -0.088336129162 0)
(0.263213967132 -0.0918014033295 0)
(0.271166218605 -0.095113932575 0)
(0.279238480527 -0.098206672985 0)
(0.287401013401 -0.100991941019 0)
(0.295626021218 -0.103356241007 0)
(0.303892005115 -0.105154494455 0)
(0.312190727429 -0.106204237313 0)
(0.320538010696 -0.106280997266 0)
(0.328989335469 -0.105117367076 0)
(0.33766021445 -0.102409254222 0)
(0.3467532852 -0.0978331735701 0)
(0.356595935468 -0.0910850988 0)
(0.36768122969 -0.0819599692866 0)
(0.380552542384 -0.0704424510038 0)
(0.395552338908 -0.056449362234 0)
(0.415596357475 -0.0403394055596 0)
(0.434452037692 -0.0236194226778 0)
(0.462419605891 -0.0116501007602 0)
(0.47357386149 -0.003914959339 0)
(0.478083807312 -0.000388021753232 0)
(0.474125817503 0.002942133123 0)
(0.462184801096 0.0107039485123 0)
(0.433779080579 0.0248275797406 0)
(0.406437261718 0.043488558477 0)
(0.378782501406 0.0683353605782 0)
(0.358036615788 0.0888240439189 0)
(0.340745768994 0.106470298398 0)
(0.326628956597 0.120061485548 0)
(0.314642926418 0.129510665513 0)
(0.303947271426 0.135152168193 0)
(0.293983931969 0.137528646417 0)
(0.284417267227 0.137246428778 0)
(0.27506961467 0.134886909296 0)
(0.265869274732 0.130962154854 0)
(0.256810011853 0.125899748423 0)
(0.247921661569 0.120044237118 0)
(0.239250642365 0.113666185757 0)
(0.230847983483 0.106973776097 0)
(0.222762502124 0.10012439175 0)
(0.215037296876 0.0932350119975 0)
(0.207708283823 0.0863909987479 0)
(0.200803937223 0.0796532586869 0)
(0.194345698381 0.0730639455841 0)
(0.188348717346 0.0666509310278 0)
(0.182822724145 0.0604312743744 0)
(0.177772911699 0.0544138983403 0)
(0.17320076651 0.0486016434465 0)
(0.169104816287 0.0429928412791 0)
(0.165481283267 0.0375825170825 0)
(0.162324643162 0.0323633076951 0)
(0.149772985308 0.0296396286523 0)
(0.147821497808 0.0243524779193 0)
(0.14626204265 0.0192328851574 0)
(0.145089270626 0.0142698715966 0)
(0.144297316074 0.00945204194639 0)
(0.143879986724 0.00476780021251 0)
(0.143830913179 0.000205515640171 0)
(0.144143663266 -0.00424634973998 0)
(0.144811825717 -0.00859914282587 0)
(0.145829066934 -0.0128639430683 0)
(0.147189163902 -0.017051502001 0)
(0.148886015653 -0.0211721936581 0)
(0.150913635125 -0.0252359715504 0)
(0.153266122695 -0.0292523283075 0)
(0.155937622175 -0.0332302542962 0)
(0.158922259591 -0.0371781915259 0)
(0.162214064669 -0.0411039789266 0)
(0.16580687452 -0.0450147846448 0)
(0.169694218734 -0.0489170203101 0)
(0.173869184788 -0.0528162312402 0)
(0.178324262491 -0.0567169552396 0)
(0.1830511662 -0.0606225409054 0)
(0.188040633688 -0.0645349141181 0)
(0.193282201116 -0.068454278544 0)
(0.198763954643 -0.072378732361 0)
(0.20447226104 -0.0763037788958 0)
(0.210391482803 -0.0802217032611 0)
(0.216503688148 -0.0841207802827 0)
(0.222788373849 -0.0879842710412 0)
(0.2292222303 -0.0917891565392 0)
(0.235778994868 -0.095504548232 0)
(0.242429463608 -0.0990897085389 0)
(0.24914176626 -0.102491614401 0)
(0.255882062044 -0.105642012724 0)
(0.2626158912 -0.108453968245 0)
(0.269310505878 -0.110818026098 0)
(0.275938567804 -0.11259833223 0)
(0.282483655884 -0.113629390251 0)
(0.288948070395 -0.113714679209 0)
(0.295363030483 -0.112629151631 0)
(0.301800266516 -0.110127950669 0)
(0.308382877302 -0.105963439127 0)
(0.315291330774 -0.0999148924693 0)
(0.322760096634 -0.0918380364094 0)
(0.331041426004 -0.0817326200025 0)
(0.340392007839 -0.0696750306913 0)
(0.351629874503 -0.0556335848781 0)
(0.362195946266 -0.0424183558356 0)
(0.372513281999 -0.0295990760388 0)
(0.378442147846 -0.0135287588032 0)
(0.380088661854 -0.000193809074289 0)
(0.374973864762 0.0132658353285 0)
(0.364451137957 0.0308014242808 0)
(0.349487111444 0.049671318978 0)
(0.33327371812 0.067093144046 0)
(0.316875010557 0.086773500151 0)
(0.303300566696 0.10438886445 0)
(0.291814362187 0.119367664662 0)
(0.282101512471 0.131011968185 0)
(0.273669449816 0.139158753297 0)
(0.266026024134 0.144009931645 0)
(0.258802718792 0.145955766974 0)
(0.251761831439 0.145462350837 0)
(0.244770903404 0.143001642173 0)
(0.237775227858 0.139010153163 0)
(0.230772934806 0.133868602246 0)
(0.22379433149 0.127895814116 0)
(0.216886499609 0.121350944076 0)
(0.210102820818 0.114439815155 0)
(0.20349638732 0.107322755099 0)
(0.197116188372 0.100122464255 0)
(0.191005169433 0.0929311828384 0)
(0.185199500487 0.0858168680013 0)
(0.179728587472 0.0788283360353 0)
(0.174615509391 0.0719994469626 0)
(0.169877672112 0.0653524585363 0)
(0.1655275465 0.0589006871668 0)
(0.161573410842 0.0526506044465 0)
(0.158020052057 0.0466034812056 0)
(0.154869402355 0.0407566724884 0)
(0.152121101781 0.0351046194045 0)
(0.139108517481 0.0316257722177 0)
(0.13745923151 0.0259718135748 0)
(0.136148088197 0.0204886966657 0)
(0.135172817036 0.0151662828502 0)
(0.134530255066 0.00999379171261 0)
(0.134216556563 0.00496006062999 0)
(0.134227361921 5.37492845646e-05 0)
(0.134557930208 -0.0047364988203 0)
(0.13520323936 -0.00942192806773 0)
(0.136158057478 -0.0140135676707 0)
(0.137416988102 -0.0185221472302 0)
(0.138974491792 -0.0229580253069 0)
(0.140824885854 -0.0273311261361 0)
(0.142962323522 -0.0316508800887 0)
(0.145380753471 -0.035926163724 0)
(0.148073860122 -0.0401652353217 0)
(0.151034984799 -0.0443756615937 0)
(0.154257027502 -0.0485642308884 0)
(0.157732328743 -0.0527368475718 0)
(0.161452530761 -0.0568984013786 0)
(0.165408417309 -0.0610526043474 0)
(0.16958973137 -0.0652017864219 0)
(0.173984970459 -0.0693466388657 0)
(0.178581159975 -0.0734858922511 0)
(0.183363606284 -0.0776159128423 0)
(0.188315633347 -0.0817301976725 0)
(0.193418309873 -0.0858187444722 0)
(0.198650178887 -0.0898672679088 0)
(0.203987008699 -0.0938562286215 0)
(0.209401594564 -0.0977596369155 0)
(0.214863654642 -0.101543590026 0)
(0.220339883487 -0.105164503069 0)
(0.225794252751 -0.108567003744 0)
(0.231188684708 -0.111681487896 0)
(0.236484269625 -0.114421392801 0)
(0.241643239115 -0.116680360181 0)
(0.246631914236 -0.118329647015 0)
(0.251424803783 -0.119216399014 0)
(0.256009901715 -0.119163752468 0)
(0.260394847308 -0.117974149035 0)
(0.2646128585 -0.115437332585 0)
(0.268726148574 -0.111343879918 0)
(0.272822318776 -0.105504228075 0)
(0.277000161601 -0.0977718927615 0)
(0.281349503802 -0.0880704155138 0)
(0.28596089168 -0.076406129339 0)
(0.290928538958 -0.0629432157867 0)
(0.295288067315 -0.0487898506736 0)
(0.298638949313 -0.0328067213101 0)
(0.300161798871 -0.0150227074222 0)
(0.299131137895 0.00225211340928 0)
(0.294463763308 0.0202070979087 0)
(0.287075604031 0.0402828058301 0)
(0.278160186301 0.0604745438372 0)
(0.268618583217 0.0793327090547 0)
(0.25922233565 0.0977314875093 0)
(0.25111519162 0.114044510248 0)
(0.244164858689 0.127649063292 0)
(0.238197639986 0.138193377793 0)
(0.232944960163 0.14560152926 0)
(0.22810667778 0.150034978567 0)
(0.223436415027 0.151802815291 0)
(0.218765598877 0.151284973872 0)
(0.213997006628 0.148878815259 0)
(0.209090928751 0.144964292741 0)
(0.204049942399 0.13988377358 0)
(0.198904579738 0.133932978694 0)
(0.193701474539 0.127359408944 0)
(0.188494538719 0.120365171508 0)
(0.183338914368 0.113111985582 0)
(0.178287131132 0.105726945283 0)
(0.173386886805 0.0983082142281 0)
(0.168679962956 0.0909302262601 0)
(0.16420189704 0.083648215915 0)
(0.159982131183 0.0765020464228 0)
(0.156044439278 0.0695193786181 0)
(0.152407497327 0.0627182577003 0)
(0.1490855086 0.0561092042858 0)
(0.146088828224 0.0496968931338 0)
(0.143424554437 0.0434814941795 0)
(0.141097068813 0.0374597398656 0)
(0.127732664936 0.0332774915635 0)
(0.126389366424 0.0273129237384 0)
(0.125329520189 0.0215193096357 0)
(0.124553715444 0.0158877101627 0)
(0.124061324913 0.0104083048009 0)
(0.123850724936 0.00507069385217 0)
(0.123919476091 -0.00013585849737 0)
(0.12426446784 -0.00522222796756 0)
(0.124882030466 -0.0101992706571 0)
(0.125768017275 -0.0150776917501 0)
(0.126917859594 -0.0198679353488 0)
(0.128326596744 -0.0245800893486 0)
(0.129988882671 -0.0292238000165 0)
(0.131898970573 -0.0338081914341 0)
(0.134050676417 -0.0383417852415 0)
(0.136437321936 -0.0428324161968 0)
(0.139051657333 -0.0472871389256 0)
(0.141885763687 -0.0517121209093 0)
(0.144930934873 -0.0561125162055 0)
(0.148177538672 -0.0604923136209 0)
(0.151614856849 -0.0648541520295 0)
(0.15523090417 -0.0691990942252 0)
(0.159012226843 -0.0735263490879 0)
(0.162943681783 -0.0778329299193 0)
(0.167008199486 -0.0821132345249 0)
(0.17118653549 -0.0863585300277 0)
(0.175457018594 -0.0905563225608 0)
(0.179795308596 -0.0946895890739 0)
(0.184174182796 -0.0987358459235 0)
(0.188563379367 -0.102666027466 0)
(0.192929537549 -0.10644314892 0)
(0.197236289821 -0.110020733737 0)
(0.201444580328 -0.113341000598 0)
(0.205513306563 -0.116332835577 0)
(0.20940040472 -0.118909631585 0)
(0.213064511017 -0.120967173274 0)
(0.216467310747 -0.122381887112 0)
(0.219576614119 -0.12300995333 0)
(0.222370036045 -0.122687974163 0)
(0.2248388316 -0.121236062854 0)
(0.226990991178 -0.118464174544 0)
(0.228852166364 -0.114182043495 0)
(0.230462041068 -0.108212024003 0)
(0.231864469949 -0.100402276592 0)
(0.233095563793 -0.0906391949879 0)
(0.234181129021 -0.0788665360296 0)
(0.235100381475 -0.0651578613334 0)
(0.235484249982 -0.0498411809528 0)
(0.235107464888 -0.0326369329459 0)
(0.233879029391 -0.0138868895104 0)
(0.231462727809 0.00542053885061 0)
(0.22746471222 0.0254265633388 0)
(0.222449230001 0.0463034078317 0)
(0.217107193342 0.0668917643009 0)
(0.211738207493 0.0861577570618 0)
(0.20671129628 0.103946000226 0)
(0.202455080448 0.119462965629 0)
(0.19891666495 0.132287776188 0)
(0.195955809464 0.142222853363 0)
(0.193380069211 0.14925292775 0)
(0.190979209488 0.15352586661 0)
(0.188573803216 0.15530288026 0)
(0.186035865644 0.154906548296 0)
(0.183289284663 0.152680455044 0)
(0.180302700587 0.14896071642 0)
(0.177079745064 0.144057749524 0)
(0.173648794794 0.13824645988 0)
(0.170053746232 0.131762675379 0)
(0.16634660254 0.124803690107 0)
(0.162582003901 0.117531183117 0)
(0.158813472043 0.11007527908 0)
(0.155091024416 0.102538954304 0)
(0.151459817051 0.0950023172195 0)
(0.147959521961 0.0875265156783 0)
(0.14462420332 0.0801571664874 0)
(0.141482513345 0.0729272879643 0)
(0.138558077848 0.0658597627207 0)
(0.135869980576 0.0589693797482 0)
(0.133433285144 0.0522645121889 0)
(0.13125955498 0.045748486527 0)
(0.129357346958 0.0394206943406 0)
(0.115745579607 0.0345937942427 0)
(0.114706693901 0.0283749878368 0)
(0.113896653336 0.0223243680463 0)
(0.113318619004 0.0164344916694 0)
(0.112974272045 0.0106967906863 0)
(0.112864034626 0.00510191424101 0)
(0.11298725443 -0.000359991410004 0)
(0.113342355001 -0.00569905271333 0)
(0.113926954334 -0.0109254780918 0)
(0.114737954061 -0.0160493979659 0)
(0.115771601311 -0.0210807280915 0)
(0.117023525113 -0.0260290497699 0)
(0.11848874887 -0.0309035012273 0)
(0.120161680145 -0.035712674968 0)
(0.122036078678 -0.0404645162043 0)
(0.124105003321 -0.0451662175784 0)
(0.126360738288 -0.0498241053034 0)
(0.128794699004 -0.0544435115828 0)
(0.131397317674 -0.0590286277128 0)
(0.134157908763 -0.0635823316125 0)
(0.137064514694 -0.068105982677 0)
(0.140103732458 -0.0725991757789 0)
(0.143260522448 -0.0770594449644 0)
(0.146518001863 -0.0814819059181 0)
(0.149857226542 -0.085858824612 0)
(0.153256967293 -0.0901790978035 0)
(0.156693489893 -0.0944276293261 0)
(0.160140352238 -0.0985845846797 0)
(0.163568237877 -0.102624505732 0)
(0.166944852764 -0.106515268177 0)
(0.170234921688 -0.110216868045 0)
(0.173400332574 -0.113680032113 0)
(0.176400490337 -0.116844663691 0)
(0.179192956081 -0.119638164807 0)
(0.181734458033 -0.121973724811 0)
(0.183982358648 -0.12374874066 0)
(0.185896634326 -0.124843636242 0)
(0.187442356971 -0.125121465786 0)
(0.188592534255 -0.124428797069 0)
(0.189330935945 -0.122598423014 0)
(0.189654281693 -0.119454351896 0)
(0.189573024083 -0.114819245747 0)
(0.189109857906 -0.108523982729 0)
(0.188295773649 -0.100418183799 0)
(0.187165822571 -0.0903814335475 0)
(0.185755725525 -0.0783407910545 0)
(0.184078635104 -0.064310373733 0)
(0.182045630662 -0.0484197848495 0)
(0.17965283374 -0.0306869149649 0)
(0.176995385964 -0.0114404298971 0)
(0.174007375876 0.00867832180977 0)
(0.170628844221 0.0293863504125 0)
(0.167205588999 0.0503549264253 0)
(0.164089556691 0.0707231695318 0)
(0.161377280945 0.089714066284 0)
(0.159185018432 0.106922321812 0)
(0.15762209657 0.121836902291 0)
(0.156600085836 0.134148917846 0)
(0.155969593957 0.14372576576 0)
(0.155558084236 0.150579257516 0)
(0.155191755486 0.154845322282 0)
(0.154722276337 0.156750118697 0)
(0.1540408794 0.156572943095 0)
(0.153080278661 0.154615115728 0)
(0.151810509626 0.151176614777 0)
(0.150232094043 0.146540028532 0)
(0.148368295536 0.140960900651 0)
(0.14625770587 0.134663158184 0)
(0.143947919751 0.127838168502 0)
(0.141490576261 0.120646121384 0)
(0.138937728627 0.113218724639 0)
(0.13633935732 0.105662501325 0)
(0.133741798142 0.098062225279 0)
(0.131186863869 0.0904842176493 0)
(0.128711466913 0.0829793566223 0)
(0.126347586876 0.0755857371936 0)
(0.124122462673 0.0683309695235 0)
(0.12205892026 0.061234133543 0)
(0.120175772352 0.0543074219885 0)
(0.118488246184 0.0475575096433 0)
(0.117008409997 0.0409866870009 0)
(0.103248124058 0.0355792621183 0)
(0.102507245183 0.0291618904104 0)
(0.101941469338 0.0229074138696 0)
(0.101556192566 0.0168101121359 0)
(0.101355132764 0.0108629031381 0)
(0.101340542557 0.00505772024782 0)
(0.101513390088 -0.000614174040884 0)
(0.101873508811 -0.00616192602166 0)
(0.102419717697 -0.0115948700989 0)
(0.103149913454 -0.0169223407729 0)
(0.104061136317 -0.0221535097056 0)
(0.105149610886 -0.0272972412109 0)
(0.1064107633 -0.0323619602228 0)
(0.107839215863 -0.0373555272953 0)
(0.109428760044 -0.0422851154982 0)
(0.111172308595 -0.0471570842179 0)
(0.11306182739 -0.0519768448297 0)
(0.115088247514 -0.0567487130135 0)
(0.117241358142 -0.0614757421243 0)
(0.119509680855 -0.0661595315039 0)
(0.12188032633 -0.0708000029494 0)
(0.124338834815 -0.0753951377269 0)
(0.126869002563 -0.0799406655662 0)
(0.129452697541 -0.0844296960297 0)
(0.132069669309 -0.0888522815686 0)
(0.134697360205 -0.0931949005653 0)
(0.137310727986 -0.0974398479032 0)
(0.139882094039 -0.101564520357 0)
(0.142381036481 -0.105540584839 0)
(0.144774353963 -0.109333019997 0)
(0.147026133934 -0.11289902694 0)
(0.14909796825 -0.11618681467 0)
(0.150949368807 -0.119134282541 0)
(0.152538444763 -0.121667648982 0)
(0.15382290739 -0.123700116784 0)
(0.154761462173 -0.125130723205 0)
(0.155315622464 -0.125843596335 0)
(0.155451927485 -0.125707918296 0)
(0.155144456996 -0.124578962975 0)
(0.154377397353 -0.122300593152 0)
(0.153147288934 -0.118709516698 0)
(0.151464580331 -0.113641435459 0)
(0.149354247699 -0.106939065272 0)
(0.146855755165 -0.0984618982641 0)
(0.144023350157 -0.0880982900987 0)
(0.14092543928 -0.075782767814 0)
(0.137634527889 -0.0615213631741 0)
(0.134210087162 -0.0454057563054 0)
(0.130765292643 -0.0275663159973 0)
(0.127454449039 -0.00833637792625 0)
(0.124352058992 0.0117769572933 0)
(0.121532027453 0.0323462937516 0)
(0.119206680548 0.0528811396832 0)
(0.117548536165 0.0726738673337 0)
(0.116573031802 0.0910856409077 0)
(0.116264400827 0.107673220235 0)
(0.116579047913 0.122040441868 0)
(0.117385746865 0.133938163454 0)
(0.118519283769 0.143262274302 0)
(0.119808072399 0.15003085722 0)
(0.121090001557 0.154363724613 0)
(0.122228116603 0.15645619144 0)
(0.123119697903 0.156550910202 0)
(0.12369792469 0.154913099284 0)
(0.123928990119 0.151811020586 0)
(0.123806887399 0.147501845975 0)
(0.123347233164 0.142222463517 0)
(0.122581106584 0.136184412759 0)
(0.121549551687 0.129571954991 0)
(0.120299053674 0.122542312008 0)
(0.118878048436 0.115227265786 0)
(0.117334382072 0.107735508421 0)
(0.115713574472 0.10015531381 0)
(0.114057724983 0.0925572504192 0)
(0.112404906969 0.0849967652856 0)
(0.110788918838 0.0775165474209 0)
(0.109239283707 0.0701486305658 0)
(0.107781413698 0.0629162277264 0)
(0.106436875693 0.055835308902 0)
(0.105223712454 0.0489159434788 0)
(0.104156786458 0.0421634331465 0)
(0.0903405701596 0.0362433999781 0)
(0.0898870822205 0.0296816916624 0)
(0.0895564882241 0.0232754573795 0)
(0.089356052621 0.0170208549993 0)
(0.0892912298898 0.0109124594742 0)
(0.0893658614073 0.00494366932691 0)
(0.089582345735 -0.000892950327507 0)
(0.0899417821103 -0.00660537702504 0)
(0.0904440875604 -0.0122018826679 0)
(0.0910880884259 -0.0176908191367 0)
(0.0918715872657 -0.0230804302524 0)
(0.092791406178 -0.0283786833757 0)
(0.0938434075526 -0.0335931145875 0)
(0.0950224932107 -0.0387306818741 0)
(0.0963225828105 -0.0437976210517 0)
(0.0977365723332 -0.0487992993353 0)
(0.0992562734321 -0.0537400614635 0)
(0.100872334454 -0.0586230631657 0)
(0.102574144057 -0.0634500865022 0)
(0.104349718584 -0.0682213312193 0)
(0.106185574744 -0.0729351757766 0)
(0.108066589744 -0.0775879011186 0)
(0.109975851914 -0.0821733696252 0)
(0.111894506076 -0.0866826510494 0)
(0.113801599565 -0.091103586684 0)
(0.115673937063 -0.0954202826516 0)
(0.117485955283 -0.0996125232609 0)
(0.11920963227 -0.103655096093 0)
(0.120814450757 -0.107517022334 0)
(0.122267440641 -0.111160689467 0)
(0.123533332303 -0.114540889767 0)
(0.124574859771 -0.11760377833 0)
(0.125353260045 -0.120285780501 0)
(0.125829020851 -0.122512502607 0)
(0.125962930866 -0.124197734123 0)
(0.125717479893 -0.12524267475 0)
(0.125058636678 -0.125535573985 0)
(0.123957995334 -0.124952026862 0)
(0.122395222797 -0.123356215558 0)
(0.120360662668 -0.120603399669 0)
(0.117857895297 -0.116543912067 0)
(0.11490607407 -0.111028836605 0)
(0.11154195533 -0.103917512762 0)
(0.107821776141 -0.095087103037 0)
(0.103823216254 -0.0844449321301 0)
(0.0996461104689 -0.07194494408 0)
(0.095408483733 -0.057607538811 0)
(0.0912423052694 -0.0415334907229 0)
(0.0873116002573 -0.0239053472496 0)
(0.083792697201 -0.00504880341025 0)
(0.0808177597428 0.0145936074932 0)
(0.0785006548452 0.0345623688916 0)
(0.0769771095133 0.0543436804624 0)
(0.0763261536888 0.0733382419696 0)
(0.076521534688 0.0909983786613 0)
(0.0774868127474 0.106900264307 0)
(0.0791099013072 0.120707309306 0)
(0.0812329715411 0.132204975416 0)
(0.0836799283862 0.141300694451 0)
(0.0862765735814 0.148007519572 0)
(0.088863360865 0.152425761579 0)
(0.0913058398944 0.154721578584 0)
(0.0935007456532 0.15510454214 0)
(0.0953772184144 0.153807339921 0)
(0.0968946024464 0.151069173296 0)
(0.098038279572 0.147123219576 0)
(0.0988145835463 0.142187975834 0)
(0.0992455710501 0.136461977233 0)
(0.0993641887994 0.13012120385 0)
(0.0992101372477 0.123318461576 0)
(0.0988265374299 0.116184101017 0)
(0.0982573821415 0.108827562979 0)
(0.0975456853723 0.101339368385 0)
(0.0967322157822 0.0937932842122 0)
(0.0958546957516 0.0862484883007 0)
(0.0949473566759 0.0787516243674 0)
(0.09404075657 0.0713386873009 0)
(0.093161783187 0.0640367117844 0)
(0.0923337821651 0.0568652585621 0)
(0.0915767639861 0.0498377056207 0)
(0.0909076553658 0.0429623588158 0)
(0.0771214812124 0.0365999068615 0)
(0.0769412366102 0.0299460280046 0)
(0.0768337591923 0.0234384859941 0)
(0.0768078036898 0.0170754022029 0)
(0.0768702474331 0.010853117235 0)
(0.0770262647529 0.00476662003661 0)
(0.0772794810169 -0.00119008505238 0)
(0.0776321048727 -0.00702366304521 0)
(0.0780850381183 -0.0127411756707 0)
(0.0786379631896 -0.0183498431568 0)
(0.0792894086207 -0.0238568331 0)
(0.0800367930591 -0.0292690698098 0)
(0.0808764485405 -0.0345930581017 0)
(0.0818036238006 -0.0398347159562 0)
(0.0828124684445 -0.0449992107681 0)
(0.0838959988437 -0.0500907940968 0)
(0.085046046708 -0.0551126298815 0)
(0.0862531914147 -0.060066611036 0)
(0.087506677404 -0.0649531591803 0)
(0.0887943182892 -0.0697710020236 0)
(0.0901023898354 -0.0745169226104 0)
(0.0914155146693 -0.0791854742964 0)
(0.0927165425566 -0.0837686549879 0)
(0.0939864313812 -0.0882555339347 0)
(0.0952041356712 -0.0926318242729 0)
(0.09634651171 -0.096879394748 0)
(0.0973882510581 -0.100975714775 0)
(0.098301857761 -0.104893228507 0)
(0.0990576887058 -0.108598656267 0)
(0.0996240815162 -0.11205222614 0)
(0.0999675999261 -0.115206845415 0)
(0.100053432441 -0.118007232037 0)
(0.0998459856413 -0.120389041404 0)
(0.0993097174983 -0.122278045257 0)
(0.0984102565324 -0.123589448217 0)
(0.0971158467059 -0.124227463838 0)
(0.0953991426994 -0.124085313816 0)
(0.0932393533499 -0.123045856319 0)
(0.090624691 -0.120983084323 0)
(0.0875550368295 -0.11776474966 0)
(0.0840447002807 -0.113256352186 0)
(0.0801251532556 -0.107326703491 0)
(0.0758476372146 -0.0998552732548 0)
(0.0712855685556 -0.0907415821976 0)
(0.0665365235728 -0.0799170780711 0)
(0.0617227093019 -0.0673598905896 0)
(0.056988336339 -0.0531111418789 0)
(0.0524958688245 -0.0372882691839 0)
(0.0484253387572 -0.0200947410422 0)
(0.0449551111388 -0.00184206388749 0)
(0.0422311359248 0.017068810159 0)
(0.0403690785436 0.0361936883955 0)
(0.0394599771481 0.055047266925 0)
(0.0395343726655 0.0731132653691 0)
(0.0405436683109 0.0899175404812 0)
(0.0423865199379 0.105074455961 0)
(0.0449246223126 0.118287401551 0)
(0.0479896863773 0.129364024813 0)
(0.0514023652542 0.138215702229 0)
(0.0549882064374 0.14484573926 0)
(0.0585886640939 0.149333965945 0)
(0.0620691370314 0.151819055896 0)
(0.065323558709 0.15248019206 0)
(0.0682754379781 0.15152013961 0)
(0.0708762093965 0.14915097204 0)
(0.0731018949827 0.145582897177 0)
(0.0749488906521 0.141016160422 0)
(0.0764295061709 0.13563571767 0)
(0.0775677130182 0.129608205474 0)
(0.078395379262 0.123080682212 0)
(0.0789491207584 0.116180643988 0)
(0.0792677915653 0.109016893876 0)
(0.0793905715092 0.101680932073 0)
(0.0793555751719 0.094248619532 0)
(0.0791988940757 0.0867819405923 0)
(0.0789539845572 0.0793307481748 0)
(0.078651321889 0.0719344189454 0)
(0.0783182525561 0.0646233774536 0)
(0.0779789886853 0.0574204701109 0)
(0.0776547000095 0.0503421843952 0)
(0.0773636687532 0.043399717852 0)
(0.0636867828226 0.0366659082114 0)
(0.0637628046337 0.029969473862 0)
(0.0638639806308 0.0234089371172 0)
(0.0640001819221 0.0169844023827 0)
(0.0641793947533 0.0106940246729 0)
(0.0644078676001 0.00453445417407 0)
(0.0646902444801 -0.00149877857998 0)
(0.065029681961 -0.00741092779005 0)
(0.0654279483638 -0.0132077393555 0)
(0.0658855043952 -0.0188951920824 0)
(0.066401564969 -0.0244792661779 0)
(0.0669741423452 -0.0299657326685 0)
(0.0676000709789 -0.0353599578833 0)
(0.0682750146666 -0.0406667175388 0)
(0.0689934567385 -0.0458900152542 0)
(0.0697486742065 -0.051032900528 0)
(0.070532696963 -0.0560972813026 0)
(0.071336253365 -0.061083726262 0)
(0.0721487038678 -0.0659912519606 0)
(0.0729579648112 -0.0708170897707 0)
(0.0737504250665 -0.0755564275207 0)
(0.074510859046 -0.0802021205752 0)
(0.0752223406232 -0.084744367068 0)
(0.0758661638602 -0.0891703420996 0)
(0.0764217781452 -0.0934637860464 0)
(0.0768667474808 -0.0976045428546 0)
(0.077176746289 -0.101568045492 0)
(0.0773256072521 -0.105324747862 0)
(0.0772854404261 -0.108839505802 0)
(0.0770268470767 -0.112070914767 0)
(0.076519256263 -0.114970619034 0)
(0.0757314167896 -0.117482617521 0)
(0.0746320811727 -0.119542605519 0)
(0.0731909206859 -0.121077410578 0)
(0.0713797098289 -0.122004605229 0)
(0.0691738126762 -0.122232408767 0)
(0.0665539904996 -0.121660023307 0)
(0.0635085281266 -0.120178582181 0)
(0.0600356449034 -0.117672915825 0)
(0.0561461187187 -0.114024353872 0)
(0.0518660196081 -0.109114777175 0)
(0.0472394254628 -0.102832118765 0)
(0.0423309539636 -0.095077500765 0)
(0.037227874129 -0.0857741760719 0)
(0.0320413747845 -0.0748784023659 0)
(0.0269061126753 -0.0623920918523 0)
(0.0219771064288 -0.0483759599616 0)
(0.017424449193 -0.0329606180667 0)
(0.0134258795775 -0.0163548491912 0)
(0.0101500832689 0.00114751412038 0)
(0.00773662854564 0.0191813353204 0)
(0.00628928413333 0.0373368809194 0)
(0.00587117059558 0.0551746003373 0)
(0.00648744529771 0.072246388879 0)
(0.00807897685822 0.0881402224812 0)
(0.0105371393241 0.102512429952 0)
(0.013717966104 0.115098658382 0)
(0.0174538221154 0.125723319055 0)
(0.0215687017661 0.134299262797 0)
(0.0258916164881 0.140819307619 0)
(0.0302664307163 0.145343850454 0)
(0.0345587576198 0.147986381429 0)
(0.0386599051051 0.148898383765 0)
(0.042487999145 0.148255121389 0)
(0.0459868824813 0.146243324262 0)
(0.0491235190463 0.14305123283 0)
(0.0518845497768 0.138861081323 0)
(0.0542725205402 0.133843852233 0)
(0.0563021718852 0.128155984183 0)
(0.0579970478689 0.121937649911 0)
(0.0593865639094 0.11531222152 0)
(0.0605035842979 0.108386580882 0)
(0.0613825001631 0.101251991652 0)
(0.0620577632442 0.093985311042 0)
(0.062562813382 0.0866503761261 0)
(0.0629293323974 0.0792994472342 0)
(0.0631867593717 0.0719746290687 0)
(0.0633620088388 0.064709219176 0)
(0.0634793416807 0.0575289546318 0)
(0.0635603471183 0.0504531428385 0)
(0.0636240022622 0.0434956725848 0)
(0.0501290186917 0.0364611827218 0)
(0.050442198594 0.0297688930484 0)
(0.050735752438 0.023201158405 0)
(0.0510203111028 0.0167600265628 0)
(0.0513046668797 0.0104454604867 0)
(0.0515958900967 0.00425579110199 0)
(0.0518994385741 -0.00181188557107 0)
(0.0522192564657 -0.00776135905709 0)
(0.0525578601807 -0.0135969954145 0)
(0.0529164099435 -0.0193234616403 0)
(0.0532947662019 -0.0249454770498 0)
(0.0536915305901 -0.0304675856528 0)
(0.0541040715332 -0.0358939439573 0)
(0.0545285348922 -0.0412281189765 0)
(0.0549598403182 -0.0464728914842 0)
(0.0553916642462 -0.0516300597764 0)
(0.0558164107473 -0.0567002393282 0)
(0.056225171791 -0.061682653829 0)
(0.0566076788888 -0.0665749131222 0)
(0.0569522486182 -0.0713727736086 0)
(0.0572457252023 -0.0760698767224 0)
(0.0574734241817 -0.0806574611869 0)
(0.0576190822985 -0.085124044979 0)
(0.0576648200693 -0.0894550733422 0)
(0.0575911251904 -0.0936325298944 0)
(0.0573768669403 -0.0976345090114 0)
(0.056999354159 -0.101434749428 0)
(0.0564344521937 -0.10500213159 0)
(0.0556567773962 -0.108300145039 0)
(0.0546399912373 -0.111286337407 0)
(0.0533572196969 -0.113911763876 0)
(0.0517816269332 -0.116120465809 0)
(0.0498871747747 -0.117849020285 0)
(0.0476496004137 -0.11902621892 0)
(0.0450476425547 -0.119572954919 0)
(0.0420645396257 -0.119402421276 0)
(0.0386898108833 -0.118420748854 0)
(0.0349213108836 -0.116528237947 0)
(0.03076751905 -0.113621356415 0)
(0.0262499906774 -0.109595686026 0)
(0.0214058578995 -0.10434999212 0)
(0.0162902260629 -0.0977915718886 0)
(0.0109782473259 -0.089843000778 0)
(0.0055665586249 -0.0804503238967 0)
(0.000173618665816 -0.0695925971235 0)
(-0.00506174411333 -0.057292355308 0)
(-0.00998421107809 -0.043625882348 0)
(-0.0144283404423 -0.0287315675557 0)
(-0.0182278205404 -0.0128151916581 0)
(-0.0212294793732 0.00384936592142 0)
(-0.0233081466738 0.0209310998067 0)
(-0.0243755947454 0.0380605558007 0)
(-0.0243874946558 0.0548471424158 0)
(-0.0233523402356 0.0709009852107 0)
(-0.0213328418348 0.0858633407192 0)
(-0.0184362220662 0.0994304918579 0)
(-0.014802280168 0.111366340979 0)
(-0.0105914812716 0.12150984612 0)
(-0.00597197519162 0.129775253071 0)
(-0.00110807642799 0.136146121431 0)
(0.00384859765851 0.140665650666 0)
(0.00876537532047 0.143424975702 0)
(0.0135322288048 0.144550759089 0)
(0.0180631169197 0.144193264671 0)
(0.0222954238838 0.142515753737 0)
(0.0261880486665 0.139685654003 0)
(0.0297186643062 0.135867646712 0)
(0.032880583398 0.131218604999 0)
(0.0356795678599 0.12588418084 0)
(0.0381308194756 0.119996767822 0)
(0.0402562948575 0.113674549131 0)
(0.0420824138515 0.107021357425 0)
(0.043638176678 0.100127109174 0)
(0.0449536701248 0.093068619126 0)
(0.0460589229919 0.0859106431298 0)
(0.0469830616953 0.0787070357953 0)
(0.0477537149617 0.0715019415414 0)
(0.0483966190745 0.0643309632675 0)
(0.04893538011 0.0572222726393 0)
(0.0493913556215 0.0501976407171 0)
(0.0497836243938 0.0432733782927 0)
(0.0365367803259 0.0360074123717 0)
(0.0370665483412 0.0293628040171 0)
(0.0375349582276 0.02283087592 0)
(0.0379530714463 0.0164155283273 0)
(0.0383302034921 0.0101184766012 0)
(0.038674008501 0.00393970520195 0)
(0.0389905630353 -0.0021221293494 0)
(0.0392844448864 -0.00806934001965 0)
(0.0395588039313 -0.013904888946 0)
(0.0398154230292 -0.0196320991321 0)
(0.0400547676926 -0.0252543923473 0)
(0.0402760238584 -0.0307750477436 0)
(0.0404771235706 -0.0361969760251 0)
(0.0406547587893 -0.0415225042839 0)
(0.0408043839087 -0.0467531668688 0)
(0.0409202079201 -0.0518894978634 0)
(0.0409951775256 -0.056930820923 0)
(0.0410209529276 -0.0618750323683 0)
(0.0409878785078 -0.0667183735795 0)
(0.0408849512065 -0.0714551888848 0)
(0.0406997901364 -0.0760776653498 0)
(0.0404186118612 -0.0805755511651 0)
(0.0400262168559 -0.0849358497825 0)
(0.0395059939873 -0.0891424876315 0)
(0.0388399514265 -0.093175954253 0)
(0.038008784262 -0.0970129151544 0)
(0.0369919912237 -0.100625799783 0)
(0.0357680553348 -0.10398236992 0)
(0.0343147059332 -0.107045277798 0)
(0.0326092822064 -0.109771628588 0)
(0.0306292209661 -0.112112569041 0)
(0.0283526934793 -0.114012933215 0)
(0.0257594172286 -0.115410987916 0)
(0.0228316677034 -0.116238334816 0)
(0.0195555116506 -0.116420043161 0)
(0.0159222753468 -0.115875105896 0)
(0.0119302480371 -0.114517331463 0)
(0.00758660041473 -0.112256800913 0)
(0.00290947006501 -0.109002031668 0)
(-0.00206986936167 -0.104662990532 0)
(-0.00730487971873 -0.0991550851249 0)
(-0.0127318453533 -0.0924042320696 0)
(-0.0182684164993 -0.0843530440777 0)
(-0.0238129333258 -0.0749680777362 0)
(-0.0292449548772 -0.0642479147006 0)
(-0.0344275093491 -0.052231560926 0)
(-0.0392115002119 -0.0390062044803 0)
(-0.0434423979676 -0.0247130497164 0)
(-0.0469693603413 -0.00955005449738 0)
(-0.0496568658489 0.00622998430878 0)
(-0.0513963957013 0.0223286850495 0)
(-0.0521150285255 0.0384166811782 0)
(-0.051781865274 0.0541498924443 0)
(-0.050412948838 0.0691887996752 0)
(-0.0480707404231 0.083220723408 0)
(-0.0448569979098 0.0959781895349 0)
(-0.0409029422656 0.107250504644 0)
(-0.0363585710974 0.116890149325 0)
(-0.0313815908613 0.124813553144 0)
(-0.0261274571884 0.130996991547 0)
(-0.0207414244989 0.13546919067 0)
(-0.0153527898407 0.13830199736 0)
(-0.0100713093235 0.139600248186 0)
(-0.00498561253951 0.139491805236 0)
(-0.000163270071022 0.138118470976 0)
(0.00434791257612 0.135628208163 0)
(0.00851779329228 0.132168849087 0)
(0.0123313494727 0.127883299106 0)
(0.0157859856266 0.12290611797 0)
(0.0188889084316 0.117361292037 0)
(0.0216547115936 0.111360981837 0)
(0.0241032509117 0.105005030619 0)
(0.0262578426379 0.0983810388274 0)
(0.0281437850784 0.0915648378028 0)
(0.0297871822431 0.0846212268868 0)
(0.0312140365183 0.0776048677529 0)
(0.0324495722326 0.0705612560401 0)
(0.0335177514049 0.0635277124083 0)
(0.0344409451684 0.0565343528828 0)
(0.0352397280924 0.0496050122086 0)
(0.0359327669976 0.0427581044007 0)
(0.0229942946744 0.0353274782078 0)
(0.0237192422168 0.0287707787194 0)
(0.0243442707252 0.0223146871157 0)
(0.0248805776585 0.0159648227323 0)
(0.0253377455064 0.00972455572082 0)
(0.0257237942745 0.00359545579421 0)
(0.0260452390036 -0.00242230482883 0)
(0.0263071476581 -0.00832958913153 0)
(0.0265131959304 -0.0141279683817 0)
(0.0266657164956 -0.0198194253499 0)
(0.0267657410617 -0.0254060825655 0)
(0.0268130342204 -0.0308899507045 0)
(0.0268061186663 -0.0362726924337 0)
(0.026742291832 -0.0415553972555 0)
(0.0266176344319 -0.0467383631189 0)
(0.0264270118324 -0.0518208807795 0)
(0.0261640696086 -0.0568010170863 0)
(0.025821225126 -0.0616753935843 0)
(0.0253896575301 -0.066438957047 0)
(0.0248592991632 -0.071084738816 0)
(0.0242188321765 -0.075603600178 0)
(0.0234556950009 -0.0799839614673 0)
(0.0225561043911 -0.0842115132294 0)
(0.0215051000034 -0.0882689086807 0)
(0.0202866198974 -0.0921354379386 0)
(0.0188836169954 -0.0957866861986 0)
(0.0172782283441 -0.0991941803469 0)
(0.0154520109863 -0.102325031568 0)
(0.0133862602532 -0.105141585556 0)
(0.0110624281953 -0.107601097176 0)
(0.00846266144039 -0.109655453102 0)
(0.00557047863187 -0.111250974265 0)
(0.00237160724665 -0.112328340108 0)
(-0.00114500269625 -0.112822688594 0)
(-0.00498597566725 -0.112663959404 0)
(-0.00915211510368 -0.111777561994 0)
(-0.0136368261791 -0.110085463711 0)
(-0.0184243879848 -0.107507803667 0)
(-0.0234881333535 -0.103965142274 0)
(-0.0287886283997 -0.0993814501903 0)
(-0.0342719840382 -0.0936879195478 0)
(-0.0398684793963 -0.0868276404148 0)
(-0.0454917332439 -0.0787611185051 0)
(-0.051038719225 -0.0694725034867 0)
(-0.0563909733079 -0.0589762384334 0)
(-0.0614173600537 -0.0473236150123 0)
(-0.0659786682163 -0.0346084378038 0)
(-0.0699340905894 -0.0209708129999 0)
(-0.0731494921021 -0.00659808248263 0)
(-0.075507021601 0.00827819874122 0)
(-0.0769144722954 0.0233902892387 0)
(-0.0773126717515 0.0384462436222 0)
(-0.0766807434315 0.0531440815357 0)
(-0.0750389811466 0.0671879097883 0)
(-0.0724476449846 0.0803049601659 0)
(-0.0690013946701 0.0922600084017 0)
(-0.0648212514729 0.102865308287 0)
(-0.0600454737848 0.111986184098 0)
(-0.0548201809671 0.119542193973 0)
(-0.0492907744594 0.125504404179 0)
(-0.0435948685588 0.129889825106 0)
(-0.0378569995962 0.132754057001 0)
(-0.0321851496123 0.13418307678 0)
(-0.0266689617403 0.134284961105 0)
(-0.0213793917776 0.133182151056 0)
(-0.0163694693553 0.131004651368 0)
(-0.0116758339616 0.127884367316 0)
(-0.00732074192169 0.12395063312 0)
(-0.00331429101277 0.119326878861 0)
(0.000343332098218 0.114128315377 0)
(0.00365971862475 0.108460482109 0)
(0.00664830478647 0.102418493528 0)
(0.00932668454522 0.0960868270431 0)
(0.011715182783 0.0895395122899 0)
(0.0138356827965 0.0828406030097 0)
(0.0157106888121 0.0760448349211 0)
(0.017362597018 0.0691983938082 0)
(0.0188131457038 0.0623397364324 0)
(0.0200830150734 0.0555004223252 0)
(0.0211915490767 0.0487059270906 0)
(0.0221565743644 0.0419764177458 0)
(0.0095811506183 0.0344448185051 0)
(0.0104795934833 0.0280128900805 0)
(0.0112427705551 0.02166959186 0)
(0.0118817597641 0.0154220952797 0)
(0.0124061853763 0.0092752930746 0)
(0.012824239473 0.00323223705829 0)
(0.0131427136622 -0.00270546431323 0)
(0.013367036066 -0.00853728476967 0)
(0.013501309805 -0.0142634512735 0)
(0.0135483501947 -0.0198846429602 0)
(0.0135097187014 -0.0254017136331 0)
(0.01338575241 -0.0308154335502 0)
(0.0131755883658 -0.0361262463775 0)
(0.0128771826908 -0.0413340373519 0)
(0.0124873248737 -0.0464379088859 0)
(0.0120016481132 -0.0514359600604 0)
(0.0114146370856 -0.0563250666741 0)
(0.0107196350286 -0.061100658772 0)
(0.00990885260946 -0.0657564928755 0)
(0.00897338169637 -0.0702844164938 0)
(0.0079032178987 -0.0746741229661 0)
(0.00668729660204 -0.0789128952793 0)
(0.00531354821072 -0.0829853383058 0)
(0.00376897943248 -0.0868730999693 0)
(0.00203978869742 -0.0905545832469 0)
(0.000111525180081 -0.0940046527637 0)
(-0.0020306976493 -0.0971943421491 0)
(-0.00440192154152 -0.100090571421 0)
(-0.00701698226727 -0.102655887602 0)
(-0.00989005279455 -0.104848246704 0)
(-0.013034075331 -0.106620861264 0)
(-0.0164600669715 -0.107922144899 0)
(-0.0201762852967 -0.108695793845 0)
(-0.024187243838 -0.108881055026 0)
(-0.0284925736404 -0.108413240366 0)
(-0.0330857370793 -0.107224557038 0)
(-0.0379526145032 -0.105245331551 0)
(-0.043070003941 -0.102405710101 0)
(-0.0484040994484 -0.098637915419 0)
(-0.0539090444241 -0.0938791279898 0)
(-0.0595256917479 -0.088075033248 0)
(-0.0651807421565 -0.0811840318439 0)
(-0.0707864734944 -0.0731820416165 0)
(-0.0762413089493 -0.0640677206889 0)
(-0.0814314898546 -0.0538678077613 0)
(-0.0862340966795 -0.0426421098594 0)
(-0.0905215620011 -0.0304874924939 0)
(-0.0941676432874 -0.0175401227316 0)
(-0.0970546331701 -0.00397522593193 0)
(-0.0990812663604 0.00999634546742 0)
(-0.100170241468 0.0241351389833 0)
(-0.100274267154 0.0381831087061 0)
(-0.0993801730998 0.0518755642552 0)
(-0.0975106568951 0.0649543902841 0)
(-0.0947229059375 0.0771814040983 0)
(-0.0911041082822 0.0883498267736 0)
(-0.0867648905747 0.0982925949317 0)
(-0.0818316890088 0.106887232558 0)
(-0.0764388599809 0.114057233508 0)
(-0.0707213322938 0.119770328237 0)
(-0.0648083801888 0.124034349123 0)
(-0.0588188039554 0.126891483361 0)
(-0.0528575985243 0.128411657007 0)
(-0.0470140417891 0.128685699131 0)
(-0.0413610221037 0.127818797486 0)
(-0.0359553594276 0.125924600074 0)
(-0.0308388562633 0.123120169348 0)
(-0.0260398289938 0.119521873602 0)
(-0.0215749038124 0.115242207898 0)
(-0.0174509042082 0.110387474329 0)
(-0.0136667015486 0.10505621475 0)
(-0.0102149414267 0.0993382732663 0)
(-0.00708359310124 0.093314364655 0)
(-0.00425729652556 0.0870560333353 0)
(-0.00171850136413 0.0806259011973 0)
(0.000551594037327 0.0740781184696 0)
(0.00257228731618 0.0674589478047 0)
(0.00436277944724 0.0608074266234 0)
(0.00594172212381 0.0541560658307 0)
(0.00732688268286 0.0475315540811 0)
(0.00853490547302 0.0409554458173 0)
(-0.00362785619743 0.0333828603516 0)
(-0.00257738349857 0.0271092185485 0)
(-0.00169433340011 0.0209125710137 0)
(-0.000967961923945 0.0148014493074 0)
(-0.000388794925088 0.00878210940096 0)
(5.13644651928e-05 0.0028589536129 0)
(0.000359443063941 -0.00296508194782 0)
(0.000541114477043 -0.00868817185711 0)
(0.000600821614652 -0.0143092746645 0)
(0.000541801900161 -0.0198278315801 0)
(0.000366113019679 -0.0252434870004 0)
(7.46577783926e-05 -0.0305558272826 0)
(-0.000332792735904 -0.035764134236 0)
(-0.00085757791024 -0.040867149916 0)
(-0.00150212797981 -0.0458628494625 0)
(-0.00226994519744 -0.0507482189379 0)
(-0.00316558445975 -0.0555190353553 0)
(-0.0041946315079 -0.0601696463818 0)
(-0.00536367623669 -0.064692747558 0)
(-0.00668027800162 -0.069079155309 0)
(-0.00815291909866 -0.0733175745826 0)
(-0.00979094179137 -0.0773943606499 0)
(-0.0116044633711 -0.0812932755115 0)
(-0.0136042627623 -0.0849952405246 0)
(-0.0158016311376 -0.0884780883544 0)
(-0.0182081779114 -0.0917163192636 0)
(-0.020835582405 -0.0946808691574 0)
(-0.0236952804754 -0.0973388998027 0)
(-0.0267980746235 -0.0996536253266 0)
(-0.0301536557089 -0.101584193573 0)
(-0.0337700246407 -0.103085646181 0)
(-0.0376528036276 -0.104108987378 0)
(-0.0418044291742 -0.1046013983 0)
(-0.0462232235356 -0.104506640907 0)
(-0.0509023483973 -0.103765702726 0)
(-0.0558286547988 -0.102317739796 0)
(-0.0609814573614 -0.100101378969 0)
(-0.0663312791484 -0.097056440362 0)
(-0.0718386360467 -0.0931261336508 0)
(-0.0774529558494 -0.0882597654264 0)
(-0.0831117560738 -0.0824159658138 0)
(-0.0887402340463 -0.0755663979357 0)
(-0.094251449044 -0.0676998501962 0)
(-0.0995472919076 -0.0588265264537 0)
(-0.104520431985 -0.0489822447752 0)
(-0.109057389982 -0.0382321396012 0)
(-0.113042789976 -0.0266733566404 0)
(-0.116364697484 -0.0144361802556 0)
(-0.11892077755 -0.00168306547315 0)
(-0.120624773509 0.0113948513294 0)
(-0.121412539019 0.0245839040808 0)
(-0.121246865195 0.0376562966993 0)
(-0.120120625725 0.050380041747 0)
(-0.118057854558 0.0625297289302 0)
(-0.115112395044 0.0738971534944 0)
(-0.111364222704 0.0843005252061 0)
(-0.106914078563 0.0935913576364 0)
(-0.101877143862 0.101658678787 0)
(-0.0963764315749 0.108430496369 0)
(-0.0905365239485 0.113872763972 0)
(-0.0844781313452 0.117986339721 0)
(-0.0783137467949 0.120802523442 0)
(-0.0721445027554 0.122377754587 0)
(-0.066058206853 0.122787994922 0)
(-0.0601284365443 0.122123223856 0)
(-0.0544145127023 0.120482359372 0)
(-0.0489621477863 0.117968804268 0)
(-0.0438045670618 0.114686718871 0)
(-0.0389639217187 0.110738043457 0)
(-0.0344528427847 0.106220237294 0)
(-0.0302760182881 0.101224665054 0)
(-0.0264317087144 0.0958355419367 0)
(-0.0229131445719 0.0901293421916 0)
(-0.0197097735394 0.0841745779492 0)
(-0.016808342921 0.0780318630577 0)
(-0.0141938163881 0.0717541873046 0)
(-0.0118501329738 0.065387338223 0)
(-0.00976082183003 0.058970419332 0)
(-0.00790948919558 0.052536424404 0)
(-0.00628019507282 0.0461128368197 0)
(-0.00485773686919 0.0397222311049 0)
(-0.0165627807561 0.0321645307604 0)
(-0.0153811037165 0.0260794240326 0)
(-0.0143958949104 0.0200602186536 0)
(-0.0135969176015 0.0141165973371 0)
(-0.0129750057446 0.00825599994041 0)
(-0.0125220975658 0.00248402558992 0)
(-0.0122312508488 -0.00319519403157 0)
(-0.0120966449025 -0.00877864879854 0)
(-0.0121135731677 -0.0142641295542 0)
(-0.0122784295232 -0.0196499302818 0)
(-0.0125886905546 -0.0249345702453 0)
(-0.01304289534 -0.0301165331887 0)
(-0.0136406236723 -0.0351940206747 0)
(-0.0143824730558 -0.0401647167107 0)
(-0.0152700342641 -0.045025560941 0)
(-0.0163058647242 -0.0497725278868 0)
(-0.0174934584578 -0.0544004099637 0)
(-0.0188372107693 -0.0589026023269 0)
(-0.0203423752997 -0.0632708879935 0)
(-0.0220150104489 -0.0674952221814 0)
(-0.0238619115085 -0.0715635154278 0)
(-0.0258905241303 -0.0754614158211 0)
(-0.0281088339868 -0.079172091653 0)
(-0.0305252266763 -0.0826760170196 0)
(-0.0331483110988 -0.0859507644188 0)
(-0.0359866987286 -0.0889708102756 0)
(-0.039048730501 -0.0917073616382 0)
(-0.0423421424875 -0.0941282150833 0)
(-0.0458736613037 -0.0961976622047 0)
(-0.0496485204436 -0.0978764599633 0)
(-0.0536698896839 -0.0991218886242 0)
(-0.0579382116593 -0.0998879249324 0)
(-0.0624504430304 -0.100125563375 0)
(-0.0671992027613 -0.0997833234947 0)
(-0.0721718373663 -0.098807985706 0)
(-0.0773494230107 -0.0971456010121 0)
(-0.0827057374067 -0.0947428202887 0)
(-0.0882062506536 -0.0915485847399 0)
(-0.0938072032884 -0.0875162088583 0)
(-0.0994548609636 -0.0826058685721 0)
(-0.10508505685 -0.0767874781157 0)
(-0.110623152599 -0.0700438976142 0)
(-0.11598456238 -0.0623743581057 0)
(-0.121075985914 -0.0537979221832 0)
(-0.125797477537 -0.0443567208206 0)
(-0.130045430311 -0.0341186295622 0)
(-0.133716468792 -0.023178987586 0)
(-0.136712125046 -0.0116609483833 0)
(-0.138944033852 0.000285901778869 0)
(-0.140339223971 0.0124889068764 0)
(-0.140844942579 0.0247577075642 0)
(-0.140432460984 0.0368913003355 0)
(-0.139099455194 0.0486862604887 0)
(-0.13687066144 0.0599455078949 0)
(-0.133796625789 0.0704868455457 0)
(-0.129950663997 0.0801504026409 0)
(-0.125424457141 0.0888043285938 0)
(-0.12032281892 0.0963484070611 0)
(-0.114758171259 0.102715509135 0)
(-0.108845224552 0.107871041385 0)
(-0.102696252117 0.11181072875 0)
(-0.0964172074956 0.114557164373 0)
(-0.0901048020271 0.116155576448 0)
(-0.083844551965 0.11666923088 0)
(-0.0777097216367 0.116174823948 0)
(-0.0717610346502 0.114758136405 0)
(-0.0660469979519 0.112510134669 0)
(-0.0606046785042 0.109523626639 0)
(-0.0554607828565 0.105890514818 0)
(-0.0506329098792 0.101699640215 0)
(-0.0461308714373 0.0970351763333 0)
(-0.0419580010077 0.0919755118903 0)
(-0.0381123936198 0.0865925508182 0)
(-0.0345880406064 0.0809513560657 0)
(-0.0313758389106 0.0751100669989 0)
(-0.0284644671201 0.0691200268107 0)
(-0.0258411293899 0.0630260646377 0)
(-0.0234921744677 0.0568668859032 0)
(-0.021403600765 0.0506755329811 0)
(-0.0195614603612 0.0444798861617 0)
(-0.0179521754829 0.038303181841 0)
(-0.0291585079171 0.0308118492406 0)
(-0.0278654647044 0.0249423859659 0)
(-0.0267949456836 0.0191284309971 0)
(-0.0259373550749 0.0133805993884 0)
(-0.0252839598035 0.00770732211965 0)
(-0.0248269459782 0.00211522535369 0)
(-0.0245594542629 -0.00339051372545 0)
(-0.0244755988903 -0.00880583406307 0)
(-0.0245704741718 -0.0141274796792 0)
(-0.024840151538 -0.0193527086908 0)
(-0.025281669402 -0.0244790203555 0)
(-0.0258930174617 -0.0295038978893 0)
(-0.0266731164411 -0.0344245647486 0)
(-0.0276217936964 -0.0392377520852 0)
(-0.0287397545737 -0.0439394751969 0)
(-0.0300285488778 -0.0485248169825 0)
(-0.0314905312984 -0.0529877166636 0)
(-0.0331288141102 -0.0573207623745 0)
(-0.0349472099248 -0.0615149866458 0)
(-0.0369501617041 -0.0655596643329 0)
(-0.0391426566578 -0.0694421132049 0)
(-0.0415301200252 -0.0731474982107 0)
(-0.0441182841136 -0.0766586414411 0)
(-0.0469130273327 -0.0799558410306 0)
(-0.0499201773693 -0.0830167037263 0)
(-0.0531452721281 -0.0858159976483 0)
(-0.0565932716959 -0.0883255339113 0)
(-0.060268214459 -0.0905140882919 0)
(-0.0641728107362 -0.0923473770349 0)
(-0.0683079680591 -0.0937881041738 0)
(-0.0726722437211 -0.0947961013238 0)
(-0.0772612226884 -0.0953285846635 0)
(-0.0820668227072 -0.0953405575107 0)
(-0.0870765337503 -0.0947853901354 0)
(-0.0922726061488 -0.0936156106852 0)
(-0.0976312111026 -0.0917839415389 0)
(-0.103121608869 -0.0892446130166 0)
(-0.108705373682 -0.0859549799037 0)
(-0.114335739869 -0.0818774542187 0)
(-0.119957149647 -0.0769817485962 0)
(-0.125505098078 -0.0712473972578 0)
(-0.1309063821 -0.064666484955 0)
(-0.136079864811 -0.0572464685795 0)
(-0.140937858435 -0.0490129232172 0)
(-0.145388204199 -0.0400119891337 0)
(-0.149337079776 -0.0303122470043 0)
(-0.152692491932 -0.020005718633 0)
(-0.155368318021 -0.00920769616517 0)
(-0.157288655431 0.00194484432692 0)
(-0.158392132627 0.0132963835589 0)
(-0.158635759926 0.0246775207869 0)
(-0.157997910042 0.0359109079382 0)
(-0.156480107565 0.0468180453529 0)
(-0.154107406015 0.0572264310012 0)
(-0.150927257713 0.0669764682677 0)
(-0.147006982473 0.0759275146212 0)
(-0.142430136287 0.0839625875718 0)
(-0.137292177544 0.0909914506703 0)
(-0.131695848625 0.0969519951978 0)
(-0.125746664191 0.101810011996 0)
(-0.119548824154 0.105557589006 0)
(-0.113201769399 0.108210451907 0)
(-0.10679749812 0.109804592864 0)
(-0.100418673001 0.110392519338 0)
(-0.0941374800178 0.110039413252 0)
(-0.0880151510986 0.108819432337 0)
(-0.0821020352175 0.106812321427 0)
(-0.0764380925864 0.104100440314 0)
(-0.0710536900659 0.100766261856 0)
(-0.0659705881988 0.0968903518102 0)
(-0.0612030274996 0.0925498108879 0)
(-0.0567588406577 0.0878171389716 0)
(-0.052640535878 0.0827594696533 0)
(-0.0488463132855 0.0774381183595 0)
(-0.0453709904246 0.0719083874276 0)
(-0.042206824167 0.0662195749265 0)
(-0.0393442249273 0.0604151394509 0)
(-0.03677236526 0.0545329795192 0)
(-0.0344796890673 0.0486057928341 0)
(-0.0324543301952 0.0426614870632 0)
(-0.030684450505 0.0367236196413 0)
(-0.0413546715396 0.0293456004163 0)
(-0.0399688377243 0.0237159112784 0)
(-0.0388287477943 0.018132152527 0)
(-0.0379255438006 0.0126056490939 0)
(-0.0372510192855 0.00714562279612 0)
(-0.0367976951977 0.0017595465385 0)
(-0.0365588726574 -0.00354651985711 0)
(-0.0365286669871 -0.00876761262244 0)
(-0.036702026653 -0.0138995654233 0)
(-0.0370747400422 -0.0189387281744 0)
(-0.0376434323262 -0.0238817019151 0)
(-0.0384055540377 -0.0287250881289 0)
(-0.0393593624053 -0.033465250777 0)
(-0.0405038959462 -0.0380980893063 0)
(-0.0418389422968 -0.0426188209772 0)
(-0.0433649987622 -0.0470217710344 0)
(-0.0450832245702 -0.0513001694911 0)
(-0.0469953833271 -0.0554459536475 0)
(-0.0491037736754 -0.0594495758962 0)
(-0.0514111456493 -0.0632998169128 0)
(-0.053920599719 -0.0669836050016 0)
(-0.0566354650045 -0.0704858431808 0)
(-0.0595591526475 -0.0737892465737 0)
(-0.0626949798764 -0.0768741938645 0)
(-0.0660459599214 -0.079718597976 0)
(-0.0696145526732 -0.0822978027897 0)
(-0.0734023709208 -0.0845845146466 0)
(-0.0774098372134 -0.0865487795605 0)
(-0.0816357870064 -0.0881580195181 0)
(-0.0860770149016 -0.0893771438848 0)
(-0.0907277626522 -0.0901687546805 0)
(-0.0955791503669 -0.0904934671714 0)
(-0.10061855624 -0.0903103695786 0)
(-0.105828955346 -0.0895776473682 0)
(-0.111188234769 -0.0882533980316 0)
(-0.116668510676 -0.0862966608263 0)
(-0.122235482847 -0.0836686817851 0)
(-0.127847873332 -0.0803344264488 0)
(-0.133457007714 -0.076264340213 0)
(-0.139006608839 -0.0714363379714 0)
(-0.144432882153 -0.0658379802495 0)
(-0.149664976829 -0.0594687621657 0)
(-0.154625904693 -0.0523424052414 0)
(-0.159233986022 -0.0444890027267 0)
(-0.163404864423 -0.0359568313194 0)
(-0.167054089498 -0.0268136128803 0)
(-0.170100205844 -0.0171469982374 0)
(-0.172468214455 -0.00706406180486 0)
(-0.174093196414 0.00331035260137 0)
(-0.174923819813 0.013836504943 0)
(-0.174925409608 0.0243637930287 0)
(-0.174082273239 0.0347357423619 0)
(-0.172399037354 0.0447956273571 0)
(-0.169900835733 0.0543923197361 0)
(-0.166632297457 0.0633859082878 0)
(-0.162655425248 0.0716526371679 0)
(-0.158046585219 0.0790887998536 0)
(-0.152892906319 0.0856133647326 0)
(-0.147288412824 0.0911692520741 0)
(-0.14133019814 0.0957233168735 0)
(-0.135114898355 0.0992652008523 0)
(-0.128735652934 0.10180528641 0)
(-0.12227966425 0.103372015686 0)
(-0.115826398211 0.104008836176 0)
(-0.109446410807 0.103771008897 0)
(-0.103200743197 0.102722474577 0)
(-0.0971408013916 0.100932926155 0)
(-0.0913086240903 0.0984751886562 0)
(-0.0857374408936 0.0954229649139 0)
(-0.0804524296715 0.0918489701041 0)
(-0.075471593409 0.0878234507194 0)
(-0.0708066907607 0.0834130641792 0)
(-0.0664641689466 0.0786800829276 0)
(-0.0624460611932 0.0736818803117 0)
(-0.0587508228686 0.068470653435 0)
(-0.0553740904238 0.0630933392544 0)
(-0.0523093551747 0.0575916833708 0)
(-0.0495485499543 0.0520024253612 0)
(-0.0470825509641 0.0463575694466 0)
(-0.0449016000521 0.0406847143292 0)
(-0.0429956544055 0.0350074208408 0)
(-0.0530955294484 0.0277850827628 0)
(-0.0516340108158 0.022416507764 0)
(-0.0504387952345 0.0170851777709 0)
(-0.0495018261469 0.0118029066701 0)
(-0.0488154887816 0.00657950442716 0)
(-0.0483727020098 0.00142310484112 0)
(-0.0481669857158 -0.00365952049691 0)
(-0.0481925076822 -0.00866266317336 0)
(-0.0484441133503 -0.0135813941471 0)
(-0.0489173412028 -0.0184112948465 0)
(-0.0496084259238 -0.0231482024105 0)
(-0.0505142909275 -0.0277879680336 0)
(-0.0516325313187 -0.0323262272294 0)
(-0.0529613878437 -0.0367581807886 0)
(-0.0544997119057 -0.0410783852705 0)
(-0.056246921257 -0.0452805520339 0)
(-0.0582029455261 -0.0493573540497 0)
(-0.0603681602917 -0.053300240086 0)
(-0.0627433079805 -0.0570992562885 0)
(-0.0653294034317 -0.0607428757186 0)
(-0.0681276215539 -0.0642178370805 0)
(-0.0711391641078 -0.0675089946538 0)
(-0.0743651022876 -0.0705991823962 0)
(-0.0778061914948 -0.0734690962943 0)
(-0.0814626545078 -0.0760972003273 0)
(-0.0853339292207 -0.0784596628916 0)
(-0.0894183773184 -0.0805303322038 0)
(-0.093712950735 -0.0822807610425 0)
(-0.0982128136351 -0.0836802931571 0)
(-0.102910919067 -0.0846962257112 0)
(-0.107797541502 -0.0852940640931 0)
(-0.112859769329 -0.0854378871607 0)
(-0.118080965212 -0.0850908422262 0)
(-0.123440207061 -0.084215789485 0)
(-0.12891172844 -0.0827761147036 0)
(-0.134464384347 -0.0807367262541 0)
(-0.140061176432 -0.0780652473658 0)
(-0.145658880369 -0.0747334060808 0)
(-0.151207826668 -0.0707186131694 0)
(-0.156651893621 -0.066005701713 0)
(-0.161928775902 -0.0605887810205 0)
(-0.166970592784 -0.0544731324204 0)
(-0.171704893714 -0.0476770465463 0)
(-0.176056103895 -0.0402334734593 0)
(-0.179947426521 -0.0321913322806 0)
(-0.183303180652 -0.0236163112937 0)
(-0.186051505382 -0.0145909891017 0)
(-0.188127306102 -0.0052141287635 0)
(-0.189475264409 0.00440095628469 0)
(-0.190052688477 0.0141289928149 0)
(-0.189831958903 0.0238362275351 0)
(-0.188802338889 0.0333846249632 0)
(-0.186970965217 0.0426365254519 0)
(-0.184362905536 0.0514594454929 0)
(-0.181020254699 0.059730671148 0)
(-0.177000344352 0.0673413060944 0)
(-0.172373232276 0.0741994989916 0)
(-0.167218697771 0.0802326717575 0)
(-0.161622993356 0.0853886764838 0)
(-0.155675595757 0.0896359101259 0)
(-0.1494661656 0.0929625001574 0)
(-0.143081874619 0.0953747319425 0)
(-0.136605202477 0.0968949180379 0)
(-0.130112250953 0.0975589144354 0)
(-0.123671576471 0.097413474337 0)
(-0.117343505924 0.0965136026036 0)
(-0.111179876299 0.0949200396923 0)
(-0.105224125101 0.0926969678927 0)
(-0.0995116541914 0.0899099987982 0)
(-0.094070392193 0.0866244716086 0)
(-0.0889214877275 0.0829040682185 0)
(-0.0840800756278 0.0788097333602 0)
(-0.0795560691147 0.0743988759318 0)
(-0.0753549417275 0.0697248202845 0)
(-0.0714784726907 0.0648364727473 0)
(-0.0679254379837 0.0597781680597 0)
(-0.0646922364861 0.0545896618546 0)
(-0.0617734461775 0.0493062381139 0)
(-0.0591623096085 0.0439589040537 0)
(-0.0568511508923 0.0385746487461 0)
(-0.05483172851 0.0331767456381 0)
(-0.0643298079804 0.0261479277561 0)
(-0.0628080960059 0.0210592186397 0)
(-0.0615707755037 0.0160000056396 0)
(-0.0606106255377 0.0109823764262 0)
(-0.059920662638 0.00601652834457 0)
(-0.0594942452239 0.00111106902579 0)
(-0.0593251528318 -0.00372669274994 0)
(-0.0594076436758 -0.00849046763055 0)
(-0.059736493569 -0.0131747185707 0)
(-0.0603070187227 -0.017774406245 0)
(-0.0611150844391 -0.022284746775 0)
(-0.0621571012241 -0.026700981245 0)
(-0.063430009375 -0.0310181563121 0)
(-0.0649312526491 -0.035230915158 0)
(-0.0666587411812 -0.0393332980725 0)
(-0.0686108034037 -0.0433185521116 0)
(-0.0707861263179 -0.0471789494977 0)
(-0.0731836830772 -0.0509056147646 0)
(-0.0758026464693 -0.0544883610701 0)
(-0.0786422865292 -0.0579155366234 0)
(-0.0817018501934 -0.0611738828091 0)
(-0.0849804206164 -0.0642484063418 0)
(-0.0884767535481 -0.0671222686596 0)
(-0.0921890880352 -0.069776696785 0)
(-0.0961149286936 -0.0721909210273 0)
(-0.100250796957 -0.0743421461859 0)
(-0.104591949095 -0.0762055643221 0)
(-0.109132059477 -0.0777544186513 0)
(-0.113862868628 -0.078960129635 0)
(-0.118773797185 -0.0797924958197 0)
(-0.123851528963 -0.0802199832597 0)
(-0.129079569169 -0.0802101182914 0)
(-0.134437787372 -0.0797299987738 0)
(-0.139901959201 -0.0787469383486 0)
(-0.145443325957 -0.0772292564627 0)
(-0.151028197225 -0.0751472233714 0)
(-0.15661762793 -0.0724741636631 0)
(-0.162167207683 -0.069187713534 0)
(-0.167627006078 -0.0652712157351 0)
(-0.172941721813 -0.0607152216285 0)
(-0.178051085049 -0.0555190522919 0)
(-0.182890559799 -0.0496923507511 0)
(-0.187392384771 -0.0432565365772 0)
(-0.191486975636 -0.0362460544811 0)
(-0.195104688125 -0.0287092933573 0)
(-0.198177909762 -0.0207090454287 0)
(-0.200643410035 -0.0123223810183 0)
(-0.202444837933 -0.00363983682449 0)
(-0.20353521765 0.00523614372498 0)
(-0.203879264742 0.0141935212637 0)
(-0.203455334361 0.0231136541036 0)
(-0.202256827223 0.0318748319011 0)
(-0.20029291661 0.0403561435089 0)
(-0.197588514758 0.0484414298763 0)
(-0.194183464871 0.0560230536879 0)
(-0.190131019436 0.0630052292575 0)
(-0.185495732304 0.0693067019956 0)
(-0.180350937982 0.0748626361106 0)
(-0.174776012526 0.0796256476242 0)
(-0.168853607946 0.0835659961756 0)
(-0.162667029554 0.0866710140739 0)
(-0.156297889659 0.0889438979984 0)
(-0.14982412866 0.090402015535 0)
(-0.143318452447 0.0910748868603 0)
(-0.136847197357 0.0910019947346 0)
(-0.130469603613 0.0902305578329 0)
(-0.124237456405 0.0888133778141 0)
(-0.118195040279 0.0868068433463 0)
(-0.112379346425 0.0842691476974 0)
(-0.106820472169 0.081258752558 0)
(-0.101542155908 0.0778331107149 0)
(-0.0965623973615 0.074047644498 0)
(-0.091894120964 0.069954965518 0)
(-0.0875458486408 0.0656043136664 0)
(-0.0835223562086 0.0610411890573 0)
(-0.0798252948906 0.0563071488679 0)
(-0.0764537656519 0.0514397412339 0)
(-0.0734048391539 0.0464725498909 0)
(-0.0706740181417 0.0414353256267 0)
(-0.068255642104 0.0363541834499 0)
(-0.0661432362109 0.0312518473841 0)
(-0.0750105276219 0.0244499826115 0)
(-0.0734424113033 0.0196575129575 0)
(-0.0721745009587 0.0148877421402 0)
(-0.0712004203361 0.0101528254937 0)
(-0.0705138347849 0.00546315244355 0)
(-0.0701085651132 0.000827619873336 0)
(-0.06997867607 -0.00374610077449 0)
(-0.0701185424834 -0.00825130477191 0)
(-0.0705228957151 -0.0126820050587 0)
(-0.0711868526902 -0.0170326935648 0)
(-0.0721059293471 -0.0212981131364 0)
(-0.0732760399445 -0.0254730399824 0)
(-0.0746934832562 -0.0295520763813 0)
(-0.0763549162963 -0.0335294533065 0)
(-0.0782573158353 -0.0373988426654 0)
(-0.0803979276078 -0.0411531789736 0)
(-0.0827742027664 -0.0447844905027 0)
(-0.0853837208064 -0.0482837402527 0)
(-0.0882240978854 -0.0516406774981 0)
(-0.0912928791822 -0.0548437011521 0)
(-0.094587413711 -0.0578797367858 0)
(-0.0981047098179 -0.0607341298321 0)
(-0.101841269484 -0.0633905582985 0)
(-0.105792899556 -0.0658309692164 0)
(-0.109954498138 -0.0680355440494 0)
(-0.114319814705 -0.0699826993638 0)
(-0.118881183005 -0.0716491302093 0)
(-0.123629226645 -0.0730099048096 0)
(-0.128552538429 -0.074038620276 0)
(-0.133637336085 -0.0747076300351 0)
(-0.138867099112 -0.0749883543716 0)
(-0.144222194104 -0.0748516857808 0)
(-0.149679499105 -0.0742685004854 0)
(-0.155212041365 -0.0732102862425 0)
(-0.160788667158 -0.0716498941667 0)
(-0.166373767037 -0.0695624183902 0)
(-0.171927084655 -0.0669262016627 0)
(-0.177403641749 -0.0637239571788 0)
(-0.182753815436 -0.0599439868545 0)
(-0.187923605789 -0.0555814639855 0)
(-0.192855130903 -0.0506397340574 0)
(-0.197487382153 -0.0451315721905 0)
(-0.20175726322 -0.0390803205902 0)
(-0.205600921704 -0.0325208163183 0)
(-0.208955361654 -0.025500011166 0)
(-0.21176029952 -0.0180771842316 0)
(-0.213960196527 -0.010323656784 0)
(-0.215506370482 -0.00232194031329 0)
(-0.216359063521 0.00583571699684 0)
(-0.216489324529 0.0140493741991 0)
(-0.215880560913 0.022213967051 0)
(-0.214529627877 0.0302222840317 0)
(-0.212447353681 0.0379681842965 0)
(-0.20965844278 0.0453498622168 0)
(-0.206200751106 0.052272951372 0)
(-0.202123983021 0.0586532717278 0)
(-0.197487908918 0.0644190575935 0)
(-0.19236023764 0.0695125545244 0)
(-0.186814295584 0.0738909315576 0)
(-0.180926664498 0.0775265128852 0)
(-0.174774915139 0.0804063833426 0)
(-0.168435548176 0.0825314599912 0)
(-0.16198222224 0.0839151455224 0)
(-0.155484316478 0.0845816886488 0)
(-0.149005844866 0.0845643741125 0)
(-0.142604714406 0.0839036533453 0)
(-0.136332300286 0.0826453093703 0)
(-0.130233298334 0.0808387292247 0)
(-0.124345808229 0.0785353364763 0)
(-0.118701598801 0.0757872171048 0)
(-0.113326508443 0.0726459552652 0)
(-0.108240937737 0.0691616818153 0)
(-0.103460397128 0.0653823281085 0)
(-0.09899607878 0.0613530702265 0)
(-0.0948554281565 0.0571159442002 0)
(-0.091042696818 0.0527096103444 0)
(-0.0875594632776 0.048169244152 0)
(-0.0844051132572 0.0435265317847 0)
(-0.0815772743868 0.0388097496534 0)
(-0.0790722032888 0.034043909583 0)
(-0.0768851251728 0.0292509533354 0)
(-0.0850948190954 0.0227052492256 0)
(-0.0834923464132 0.0182232258791 0)
(-0.0822038183648 0.0137580466056 0)
(-0.0812236913948 0.00932173981347 0)
(-0.0805462784859 0.00492470001309 0)
(-0.0801658696444 0.000575934317907 0)
(-0.0800768272583 -0.00371669440974 0)
(-0.0802736588647 -0.00794623015955 0)
(-0.080751069606 -0.0121063937584 0)
(-0.0815039963537 -0.0161913612857 0)
(-0.0825276251632 -0.0201955515211 0)
(-0.0838173933848 -0.0241134227126 0)
(-0.0853689774295 -0.0279392787676 0)
(-0.0871782668599 -0.0316670848808 0)
(-0.0892413251554 -0.0352902926331 0)
(-0.091554337205 -0.0388016747101 0)
(-0.0941135432904 -0.0421931695836 0)
(-0.0969151590609 -0.0454557367883 0)
(-0.0999552807688 -0.0485792237969 0)
(-0.103229774833 -0.0515522459497 0)
(-0.106734150651 -0.054362081439 0)
(-0.110463415489 -0.0569945839676 0)
(-0.114411910281 -0.0594341164068 0)
(-0.118573125253 -0.0616635095602 0)
(-0.122939494551 -0.0636640509776 0)
(-0.127502169424 -0.0654155096449 0)
(-0.132250770188 -0.0668962032709 0)
(-0.137173118019 -0.0680831157434 0)
(-0.142254948874 -0.0689520730761 0)
(-0.147479613338 -0.0694779867317 0)
(-0.152827768171 -0.0696351734532 0)
(-0.158277067681 -0.0693977605394 0)
(-0.163801865833 -0.0687401846687 0)
(-0.169372943182 -0.0676377907237 0)
(-0.174957276167 -0.0660675343552 0)
(-0.18051786988 -0.0640087880456 0)
(-0.18601367879 -0.0614442449687 0)
(-0.191399642806 -0.0583609078794 0)
(-0.196626867792 -0.054751141565 0)
(-0.201642979819 -0.0506137572362 0)
(-0.206392680085 -0.0459550860429 0)
(-0.210818522084 -0.0407899874164 0)
(-0.214861923403 -0.035142727315 0)
(-0.21846441122 -0.0290476531965 0)
(-0.221569083211 -0.0225495885082 0)
(-0.224122244811 -0.0157038716549 0)
(-0.226075161264 -0.00857597453674 0)
(-0.227385841014 -0.00124065503245 0)
(-0.228020748926 0.00621937378646 0)
(-0.227956337062 0.0137152388937 0)
(-0.227180280578 0.0211541077708 0)
(-0.225692318785 0.0284416952221 0)
(-0.223504625997 0.0354849446992 0)
(-0.220641670971 0.0421947306199 0)
(-0.217139563989 0.0484884209922 0)
(-0.213044932254 0.0542921489938 0)
(-0.208413401279 0.0595426675515 0)
(-0.20330778711 0.0641886983822 0)
(-0.197796118747 0.0681917304698 0)
(-0.191949611734 0.0715262667148 0)
(-0.185840704118 0.074179556436 0)
(-0.179541247515 0.0761508818059 0)
(-0.173120922636 0.077450486328 0)
(-0.166645923513 0.0780982430194 0)
(-0.160177930825 0.0781221602248 0)
(-0.153773373991 0.0775568158867 0)
(-0.147482965366 0.0764417989187 0)
(-0.141351478234 0.0748202212831 0)
(-0.135417733183 0.072737348409 0)
(-0.129714754321 0.0702393801716 0)
(-0.124270056782 0.0673724008354 0)
(-0.119106029306 0.064181504717 0)
(-0.11424037951 0.0607100950987 0)
(-0.10968661414 0.0569993470875 0)
(-0.105454531556 0.0530878204606 0)
(-0.101550708541 0.0490112057536 0)
(-0.0979789679855 0.0448021855854 0)
(-0.0947408179516 0.0404903931271 0)
(-0.0918358558942 0.0361024503709 0)
(-0.0892621345588 0.031662070184 0)
(-0.0870164881663 0.0271902078008 0)
(-0.0945437373216 0.0209258718013 0)
(-0.092917219546 0.0167665425554 0)
(-0.091616503857 0.0126191162446 0)
(-0.0906368502613 0.00849531306431 0)
(-0.0899732027633 0.00440535610481 0)
(-0.0896203140427 0.000358191738148 0)
(-0.0895728455922 -0.00363829099654 0)
(-0.0898254453668 -0.0075770445666 0)
(-0.0903728048455 -0.0114516525401 0)
(-0.0912096972038 -0.0152561259081 0)
(-0.0923309980654 -0.0189847070215 0)
(-0.093731690045 -0.0226316817242 0)
(-0.0954068520356 -0.0261912000787 0)
(-0.0973516339343 -0.0296571059905 0)
(-0.0995612172435 -0.0330227760423 0)
(-0.102030761748 -0.0362809679491 0)
(-0.104755338242 -0.0394236792223 0)
(-0.107729847083 -0.0424420168865 0)
(-0.110948922183 -0.0453260794352 0)
(-0.114406819928 -0.0480648526149 0)
(-0.118097292427 -0.0506461211136 0)
(-0.122013444513 -0.0530563987768 0)
(-0.126147573959 -0.0552808805792 0)
(-0.130490994608 -0.0573034202436 0)
(-0.135033842382 -0.0591065380812 0)
(-0.139764864647 -0.0606714643253 0)
(-0.144671194076 -0.0619782238982 0)
(-0.149738109047 -0.0630057691383 0)
(-0.154948783766 -0.0637321674617 0)
(-0.160284032775 -0.0641348511602 0)
(-0.165722056235 -0.0641909364281 0)
(-0.17123819443 -0.0638776181625 0)
(-0.1768047023 -0.0631726459345 0)
(-0.182390557343 -0.062054884636 0)
(-0.187961316872 -0.0605049605104 0)
(-0.193479043228 -0.0585059894251 0)
(-0.198902317747 -0.0560443792361 0)
(-0.204186365878 -0.0531106918896 0)
(-0.209283316335 -0.049700543581 0)
(-0.214142616074 -0.0458155130791 0)
(-0.218711619713 -0.0414640196715 0)
(-0.22293636631 -0.0366621237689 0)
(-0.226762547748 -0.0314341959934 0)
(-0.230136661332 -0.0258133957436 0)
(-0.233007324764 -0.0198418991316 0)
(-0.235326715271 -0.0135708201693 0)
(-0.237052077606 -0.00705977921754 0)
(-0.238147229901 -0.00037608955667 0)
(-0.238583984213 0.00640644385558 0)
(-0.238343392483 0.0132090912344 0)
(-0.237416730686 0.0199500777221 0)
(-0.235806145143 0.0265466941545 0)
(-0.233524905033 0.032917533098 0)
(-0.23059723202 0.038984729192 0)
(-0.22705770896 0.0446760785573 0)
(-0.222950301288 0.049926919839 0)
(-0.218327052731 0.0546816787087 0)
(-0.213246538044 0.0588950056478 0)
(-0.207772167268 0.0625324695758 0)
(-0.201970438307 0.0655708032108 0)
(-0.195909228216 0.0679977262535 0)
(-0.189656200395 0.0698113967754 0)
(-0.183277387412 0.0710195579998 0)
(-0.176835989922 0.071638456681 0)
(-0.170391413204 0.0716916111211 0)
(-0.163998545968 0.0712085028036 0)
(-0.157707272159 0.0702232572426 0)
(-0.151562196125 0.0687733686102 0)
(-0.145602554607 0.0668985104738 0)
(-0.139862285306 0.0646394627858 0)
(-0.134370220729 0.0620371739788 0)
(-0.129150376991 0.0591319672219 0)
(-0.124222309692 0.0559628918479 0)
(-0.119601512306 0.0525672147637 0)
(-0.115299836279 0.0489800421938 0)
(-0.111325915895 0.0452340591936 0)
(-0.107685584632 0.0413593727718 0)
(-0.104382273096 0.037383443899 0)
(-0.101417381515 0.0333310939149 0)
(-0.0987906222593 0.0292245716425 0)
(-0.0965003298303 0.0250836686912 0)
(-0.103322078974 0.0191221658401 0)
(-0.101680131267 0.0152960194023 0)
(-0.100374149353 0.0114777037691 0)
(-0.0994001540975 0.00767846411538 0)
(-0.098753691532 0.00390818772235 0)
(-0.0984299596911 0.000175599273423 0)
(-0.0984239117421 -0.00351154302686 0)
(-0.0987303370004 -0.00714625312878 0)
(-0.0993439213691 -0.0107221265971 0)
(-0.100259288625 -0.0142331553347 0)
(-0.101471023828 -0.0176735486593 0)
(-0.102973679943 -0.0210375615331 0)
(-0.104761768595 -0.0243193305699 0)
(-0.106829735649 -0.0275127183468 0)
(-0.109171922151 -0.0306111665506 0)
(-0.111782510972 -0.033607558569 0)
(-0.11465545932 -0.0364940922925 0)
(-0.117784417191 -0.0392621641235 0)
(-0.121162631675 -0.0419022654865 0)
(-0.124782837018 -0.0444038934957 0)
(-0.12863713032 -0.0467554778568 0)
(-0.132716832797 -0.048944326551 0)
(-0.137012336714 -0.0509565933624 0)
(-0.14151293831 -0.0527772708506 0)
(-0.146206657441 -0.0543902129182 0)
(-0.15108004515 -0.055778191647 0)
(-0.156117981081 -0.0569229935536 0)
(-0.161303463531 -0.0578055607768 0)
(-0.166617395989 -0.0584061829152 0)
(-0.172038375358 -0.0587047452013 0)
(-0.177542488551 -0.0586810383362 0)
(-0.183103125903 -0.058315134524 0)
(-0.18869082172 -0.0575878329252 0)
(-0.194273134273 -0.0564811757702 0)
(-0.199814579471 -0.0549790336461 0)
(-0.205276634204 -0.0530677548958 0)
(-0.210617826629 -0.0507368696096 0)
(-0.215793931272 -0.0479798333815 0)
(-0.220758286387 -0.0447947899571 0)
(-0.225462249142 -0.041185325397 0)
(-0.229855800622 -0.0371611798234 0)
(-0.233888306985 -0.0327388768042 0)
(-0.237509435301 -0.0279422257442 0)
(-0.240670212556 -0.0228026501813 0)
(-0.24332420461 -0.0173592956071 0)
(-0.245428778983 -0.0116588752247 0)
(-0.246946402649 -0.00575522154859 0)
(-0.24784591477 0.000291473877175 0)
(-0.248103706352 0.00641573159182 0)
(-0.247704735736 0.0125481431986 0)
(-0.246643312005 0.0186169721828 0)
(-0.244923588365 0.0245499289675 0)
(-0.242559723863 0.0302760353247 0)
(-0.239575693084 0.0357274825886 0)
(-0.236004747563 0.0408413856746 0)
(-0.231888556845 0.0455613413535 0)
(-0.227276078694 0.0498387139572 0)
(-0.222222224278 0.0536335928319 0)
(-0.216786393767 0.0569153906492 0)
(-0.211030960279 0.0596630771621 0)
(-0.205019775979 0.0618650664558 0)
(-0.198816764633 0.063518795086 0)
(-0.192484651898 0.0646300424364 0)
(-0.186083869774 0.0652120527617 0)
(-0.179671656686 0.0652845210104 0)
(-0.173301360912 0.0648725024468 0)
(-0.167021943383 0.0640053004439 0)
(-0.160877666729 0.0627153787763 0)
(-0.154907951023 0.06103733545 0)
(-0.149147372727 0.0590069655299 0)
(-0.143625781635 0.0566604312983 0)
(-0.138368510625 0.0540335499266 0)
(-0.133396654433 0.0511612019467 0)
(-0.128727395886 0.0480768583071 0)
(-0.124374360824 0.0448122196692 0)
(-0.12034798595 0.0413969587294 0)
(-0.11665588679 0.0378585545914 0)
(-0.113303215795 0.0342222073588 0)
(-0.11029300311 0.030510820981 0)
(-0.107626474739 0.0267450427864 0)
(-0.105303344661 0.0229433489118 0)
(-0.11139820788 0.0173026816328 0)
(-0.10974782007 0.0138186368427 0)
(-0.108442045398 0.0103391630171 0)
(-0.107477612486 0.00687487867626 0)
(-0.106850630754 0.00343518417102 0)
(-0.106556717786 2.84330872595e-05 0)
(-0.106591103989 -0.00333789418879 0)
(-0.106948715701 -0.00665701733421 0)
(-0.107624237969 -0.00992268541126 0)
(-0.108612158134 -0.0131290102194 0)
(-0.109906791338 -0.0162703048917 0)
(-0.111502288908 -0.0193409286853 0)
(-0.113392630502 -0.022335138747 0)
(-0.11557160072 -0.025246949544 0)
(-0.118032750796 -0.0280700006409 0)
(-0.120769345841 -0.0307974335765 0)
(-0.123774298015 -0.0334217787206 0)
(-0.127040085925 -0.0359348531983 0)
(-0.130558660509 -0.0383276712235 0)
(-0.134321337659 -0.0405903684985 0)
(-0.138318677895 -0.042712142696 0)
(-0.142540353517 -0.0446812124366 0)
(-0.14697500386 -0.0464847975955 0)
(-0.151610079587 -0.0481091242096 0)
(-0.156431677318 -0.0495394576719 0)
(-0.161424366471 -0.0507601682847 0)
(-0.166571010814 -0.0517548335529 0)
(-0.171852588075 -0.0525063817817 0)
(-0.177248011937 -0.0529972815679 0)
(-0.182733961874 -0.0532097815476 0)
(-0.188284727589 -0.0531262042397 0)
(-0.193872076217 -0.0527292969044 0)
(-0.199465151921 -0.0520026409485 0)
(-0.205030418975 -0.0509311194657 0)
(-0.210531660749 -0.0495014399476 0)
(-0.215930048052 -0.0477027059788 0)
(-0.221184290852 -0.0455270278697 0)
(-0.226250887269 -0.0429701577244 0)
(-0.23108448264 -0.0400321295539 0)
(-0.235638349179 -0.0367178799844 0)
(-0.239864993021 -0.0330378202416 0)
(-0.243716890143 -0.0290083259211 0)
(-0.247147345721 -0.0246521081861 0)
(-0.250111463073 -0.0199984291406 0)
(-0.252567198861 -0.0150831258784 0)
(-0.254476471254 -0.00994841268634 0)
(-0.255806278329 -0.00464243939546 0)
(-0.256529776102 0.000781404071504 0)
(-0.256627260513 0.00626543184435 0)
(-0.256086996652 0.0117488328007 0)
(-0.254905842122 0.0171690282044 0)
(-0.253089620226 0.0224631606941 0)
(-0.250653211991 0.0275696464866 0)
(-0.247620352971 0.0324297151865 0)
(-0.244023139536 0.0369888603078 0)
(-0.239901268161 0.0411981288947 0)
(-0.23530104784 0.0450151899653 0)
(-0.230274238594 0.0484051375797 0)
(-0.224876776827 0.0513410032076 0)
(-0.219167450747 0.0538039716163 0)
(-0.213206586422 0.0557833127461 0)
(-0.20705479824 0.0572760574044 0)
(-0.200771847728 0.0582864560533 0)
(-0.194415643246 0.0588252670949 0)
(-0.188041401225 0.0589089239652 0)
(-0.18170097846 0.0585586295523 0)
(-0.175442375139 0.0577994227206 0)
(-0.169309400392 0.0566592559198 0)
(-0.163341486209 0.055168115838 0)
(-0.157573631681 0.0533572115897 0)
(-0.152036457411 0.0512582476141 0)
(-0.14675634931 0.048902791747 0)
(-0.141755671601 0.0463217431063 0)
(-0.137053030259 0.0435448996377 0)
(-0.13266357012 0.0406006214486 0)
(-0.128599291133 0.0375155833436 0)
(-0.124869371644 0.0343146081858 0)
(-0.12148048889 0.0310205716944 0)
(-0.118437129022 0.0276543689038 0)
(-0.115741880945 0.0242349326225 0)
(-0.113395709864 0.0207792947024 0)
(-0.118743891342 0.0154742959758 0)
(-0.117090523306 0.0123398780263 0)
(-0.115789064492 0.00920751781273 0)
(-0.114836890502 0.00608707106006 0)
(-0.114230628249 0.00298731409689 0)
(-0.113966282605 -8.39073343382e-05 0)
(-0.114039341444 -0.00311952621026 0)
(-0.114444859829 -0.00611310178639 0)
(-0.115177524263 -0.00905866857864 0)
(-0.116231697901 -0.0119505883568 0)
(-0.117601447668 -0.0147834064203 0)
(-0.119280554123 -0.0175517131887 0)
(-0.121262504908 -0.0202500119812 0)
(-0.123540472513 -0.022872593777 0)
(-0.126107277025 -0.0254134197331 0)
(-0.128955334461 -0.0278660122924 0)
(-0.13207659126 -0.0302233558274 0)
(-0.135462445447 -0.0324778079359 0)
(-0.139103655025 -0.0346210227254 0)
(-0.14299023419 -0.0366438876893 0)
(-0.147111338063 -0.0385364760779 0)
(-0.151455136799 -0.040288016994 0)
(-0.156008680176 -0.0418868857841 0)
(-0.160757754083 -0.0433206176319 0)
(-0.165686730732 -0.0445759475747 0)
(-0.170778414951 -0.045638880421 0)
(-0.176013889538 -0.0464947942296 0)
(-0.181372363412 -0.0471285810588 0)
(-0.186831027153 -0.0475248285813 0)
(-0.192364921492 -0.0476680458166 0)
(-0.197946825396 -0.0475429356094 0)
(-0.203547171426 -0.0471347155167 0)
(-0.209133997233 -0.0464294873913 0)
(-0.214672942958 -0.0454146541269 0)
(-0.220127305195 -0.0440793797084 0)
(-0.22545815861 -0.0424150858993 0)
(-0.230624556328 -0.0404159756099 0)
(-0.235583819551 -0.038079569336 0)
(-0.240291925367 -0.0354072371646 0)
(-0.244703999217 -0.0324047049751 0)
(-0.248774914835 -0.0290825099278 0)
(-0.252459999627 -0.0254563775251 0)
(-0.255715837448 -0.0215474909418 0)
(-0.258501153728 -0.0173826234194 0)
(-0.260777760355 -0.0129941067766 0)
(-0.262511530049 -0.00841961385675 0)
(-0.263673363034 -0.00370174015558 0)
(-0.264240103393 0.00111262017091 0)
(-0.264195359479 0.00597309671034 0)
(-0.263530182882 0.0108268432058 0)
(-0.262243564324 0.0156196823395 0)
(-0.260342712408 0.0202973493868 0)
(-0.257843092174 0.024806780124 0)
(-0.254768213923 0.0290973831513 0)
(-0.251149177574 0.0331222362218 0)
(-0.247023992516 0.036839150471 0)
(-0.242436705878 0.0402115552107 0)
(-0.237436382323 0.0432091682341 0)
(-0.232075984761 0.045808431002 0)
(-0.226411207724 0.0479927031112 0)
(-0.220499313467 0.0497522246361 0)
(-0.214398015965 0.0510838670984 0)
(-0.208164450549 0.0519907031396 0)
(-0.201854258085 0.0524814310743 0)
(-0.195520803188 0.0525696933834 0)
(-0.189214536865 0.0522733281908 0)
(-0.182982505824 0.051613590363 0)
(-0.176868003791 0.0506143747224 0)
(-0.170910354894 0.0493014685962 0)
(-0.165144815385 0.0477018551381 0)
(-0.15960257768 0.0458430830427 0)
(-0.154310859665 0.0437527128065 0)
(-0.149293062212 0.0414578448316 0)
(-0.144568978657 0.0389847305676 0)
(-0.140155041325 0.0363584646079 0)
(-0.136064591877 0.0336027531764 0)
(-0.132308164115 0.030739752718 0)
(-0.128893769751 0.0277899712277 0)
(-0.125827179462 0.0247722244278 0)
(-0.123112193225 0.0217036388144 0)
(-0.120750895404 0.0185996938405 0)
(-0.125334149451 0.0136423265432 0)
(-0.123681846188 0.0108638285846 0)
(-0.122387548138 0.0080855497371 0)
(-0.121449211711 0.00531646231911 0)
(-0.120863930161 0.00256459602999 0)
(-0.120628058667 -0.000162834512864 0)
(-0.120737318895 -0.00285929867303 0)
(-0.121186883495 -0.00551881744514 0)
(-0.121971441145 -0.00813583175165 0)
(-0.123085242849 -0.0107050729306 0)
(-0.124522130257 -0.0132214366784 0)
(-0.126275546757 -0.0156798615018 0)
(-0.128338532142 -0.0180752125903 0)
(-0.130703701574 -0.0204021719438 0)
(-0.133363209595 -0.0226551355746 0)
(-0.136308699907 -0.0248281186438 0)
(-0.13953124163 -0.0269146694889 0)
(-0.14302125279 -0.0289077936386 0)
(-0.146768411851 -0.0307998890999 0)
(-0.150761558166 -0.0325826944164 0)
(-0.154988582408 -0.0342472512516 0)
(-0.159436308205 -0.0357838835051 0)
(-0.164090366479 -0.0371821952449 0)
(-0.168935064335 -0.0384310899883 0)
(-0.173953250728 -0.0395188140879 0)
(-0.179126181661 -0.0404330271433 0)
(-0.184433388241 -0.0411609024374 0)
(-0.189852551571 -0.0416892603528 0)
(-0.19535938922 -0.0420047375175 0)
(-0.200927558801 -0.0420939940247 0)
(-0.206528585012 -0.0419439604068 0)
(-0.212131817333 -0.0415421250948 0)
(-0.217704426315 -0.0408768617984 0)
(-0.223211447024 -0.0399377945857 0)
(-0.228615878593 -0.0387161964023 0)
(-0.23387884886 -0.0372054143578 0)
(-0.238959852702 -0.0354013123805 0)
(-0.243817071594 -0.0333027188837 0)
(-0.248407780266 -0.0309118640452 0)
(-0.252688843703 -0.0282347883937 0)
(-0.256617304331 -0.0252817018789 0)
(-0.260151054832 -0.0220672707943 0)
(-0.263249586926 -0.0186108091894 0)
(-0.265874800663 -0.0149363520853 0)
(-0.267991852774 -0.011072590214 0)
(-0.269570016795 -0.00705265034408 0)
(-0.270583522647 -0.00291371156266 0)
(-0.271012339704 0.00130354399318 0)
(-0.270842865767 0.00555563796857 0)
(-0.270068485294 0.00979714200769 0)
(-0.268689964 0.0139816351666 0)
(-0.266715653545 0.0180627355241 0)
(-0.264161489132 0.0219951623704 0)
(-0.26105077376 0.0257357817085 0)
(-0.257413754656 0.0292445876692 0)
(-0.253287009018 0.0324855759224 0)
(-0.248712666449 0.0354274719593 0)
(-0.243737503575 0.0380442865291 0)
(-0.238411951497 0.0403156815527 0)
(-0.232789058832 0.0422271413929 0)
(-0.226923452121 0.0437699553818 0)
(-0.220870331793 0.0449410270955 0)
(-0.214684536267 0.0457425333851 0)
(-0.20841969983 0.0461814612979 0)
(-0.202127522486 0.0462690537033 0)
(-0.195857162487 0.0460201948537 0)
(-0.189654755465 0.0454527656253 0)
(-0.183563058143 0.0445869952377 0)
(-0.177621209864 0.0434448323312 0)
(-0.171864601628 0.0420493538251 0)
(-0.166324839964 0.040424225401 0)
(-0.161029791681 0.0385932230513 0)
(-0.156003695105 0.0365798211291 0)
(-0.151267323769 0.0344068488918 0)
(-0.14683818934 0.0320962146959 0)
(-0.142730771775 0.0296686948 0)
(-0.138956766141 0.0271437821354 0)
(-0.135525337021 0.0245395893462 0)
(-0.132443372933 0.0218727998035 0)
(-0.129715734643 0.0191586600852 0)
(-0.127345492543 0.0164110075019 0)
(-0.131147118754 0.0118106640782 0)
(-0.129498640889 0.00939329308334 0)
(-0.128213200179 0.00697490097526 0)
(-0.127289264093 0.00456347142266 0)
(-0.126724337481 0.00216617959343 0)
(-0.12651508554 -0.000210500295041 0)
(-0.126657437335 -0.00256068369153 0)
(-0.127146670045 -0.00487896278746 0)
(-0.127977474308 -0.00716029369578 0)
(-0.129144001175 -0.00939988517558 0)
(-0.130639891302 -0.0115930901059 0)
(-0.132458287059 -0.0137353007296 0)
(-0.134591828287 -0.0158218485642 0)
(-0.137032632481 -0.0178479098082 0)
(-0.139772260165 -0.0198084170512 0)
(-0.142801666297 -0.0216979781329 0)
(-0.146111138568 -0.023510803069 0)
(-0.14969022353 -0.0252406400794 0)
(-0.153527641579 -0.0268807219072 0)
(-0.157611191956 -0.0284237237908 0)
(-0.161927649097 -0.0298617346552 0)
(-0.166462651892 -0.0311862432914 0)
(-0.171200587682 -0.0323881414972 0)
(-0.176124473177 -0.0334577463434 0)
(-0.181215834851 -0.0343848438732 0)
(-0.186454591873 -0.0351587566389 0)
(-0.191818945122 -0.0357684374842 0)
(-0.19728527644 -0.0362025918792 0)
(-0.202828062883 -0.0364498308573 0)
(-0.208419811382 -0.0364988561796 0)
(-0.214031019833 -0.0363386787 0)
(-0.219630171248 -0.0359588700138 0)
(-0.225183768032 -0.0353498463036 0)
(-0.230656413789 -0.0345031818394 0)
(-0.236010950073 -0.0334119478434 0)
(-0.241208655257 -0.032071070416 0)
(-0.246209511936 -0.0304776989975 0)
(-0.250972548048 -0.0286315744935 0)
(-0.255456255058 -0.0265353838544 0)
(-0.259619083993 -0.0241950857526 0)
(-0.263420016936 -0.0216201902482 0)
(-0.26681920772 -0.0188239742362 0)
(-0.269778681169 -0.0158236142764 0)
(-0.272263075524 -0.0126402193733 0)
(-0.274240407916 -0.00929874859827 0)
(-0.275682838354 -0.00582780224383 0)
(-0.276567404084 -0.00225928044451 0)
(-0.276876693776 0.00137209027346 0)
(-0.276599430406 0.00502935460981 0)
(-0.275730933048 0.00867403455193 0)
(-0.274273431386 0.0122669206123 0)
(-0.272236212562 0.0157689184497 0)
(-0.26963558752 0.019141916278 0)
(-0.26649467298 0.0223496359402 0)
(-0.262842994632 0.0253584306264 0)
(-0.258715926449 0.0281379950142 0)
(-0.254153989228 0.0306619588579 0)
(-0.249202037984 0.0329083422447 0)
(-0.243908372104 0.0348598591731 0)
(-0.238323804032 0.036504064966 0)
(-0.232500721733 0.037833351552 0)
(-0.226492177532 0.0388448021531 0)
(-0.220351031645 0.0395399229193 0)
(-0.214129173244 0.0399242732725 0)
(-0.207876835895 0.0400070191003 0)
(-0.201642018115 0.0398004335629 0)
(-0.195470014006 0.0393193694054 0)
(-0.189403053877 0.0385807245998 0)
(-0.183480050481 0.0376029202399 0)
(-0.177736443223 0.0364054062247 0)
(-0.172204130363 0.0350082066868 0)
(-0.166911477753 0.0334315136223 0)
(-0.161883391984 0.0316953339353 0)
(-0.15714144579 0.0298191922549 0)
(-0.152704043984 0.0278218894974 0)
(-0.148586619073 0.0257213152379 0)
(-0.144801846719 0.0235343105332 0)
(-0.141359872432 0.0212765768479 0)
(-0.138268542126 0.0189626261314 0)
(-0.135533630379 0.0166057668143 0)
(-0.133159061397 0.0142181204722 0)
(-0.136163931035 0.00998191829805 0)
(-0.134520897157 0.00792992444893 0)
(-0.133244988407 0.00587618892659 0)
(-0.132335111403 0.00382761658682 0)
(-0.131789125528 0.00179043491993 0)
(-0.131603963538 -0.000229717183901 0)
(-0.131775733723 -0.00222769705043 0)
(-0.132299803549 -0.00419876405148 0)
(-0.133170864961 -0.00613848519224 0)
(-0.134382981678 -0.00804264175169 0)
(-0.135929619004 -0.00990713807158 0)
(-0.137803656751 -0.0117279134355 0)
(-0.139997385981 -0.0135008578753 0)
(-0.142502490334 -0.0152217326802 0)
(-0.145310012779 -0.0168860963675 0)
(-0.148410308704 -0.0184892368986 0)
(-0.151792986336 -0.0200261109836 0)
(-0.155446835584 -0.0214912914106 0)
(-0.15935974653 -0.0228789234573 0)
(-0.163518618954 -0.0241826915811 0)
(-0.167909264463 -0.0253957977434 0)
(-0.172516303058 -0.0265109528774 0)
(-0.177323056239 -0.0275203831635 0)
(-0.182311439088 -0.0284158529085 0)
(-0.187461854167 -0.0291887059183 0)
(-0.192753090474 -0.0298299272927 0)
(-0.198162231196 -0.0303302275382 0)
(-0.203664574472 -0.0306801507507 0)
(-0.209233571897 -0.0308702083609 0)
(-0.214840790001 -0.0308910395147 0)
(-0.220455900383 -0.0307335985645 0)
(-0.226046704538 -0.0303893693509 0)
(-0.231579199676 -0.0298506049387 0)
(-0.237017691863 -0.0291105902304 0)
(-0.242324962602 -0.0281639234338 0)
(-0.247462494435 -0.0270068107157 0)
(-0.252390760236 -0.0256373666076 0)
(-0.257069579437 -0.0240559109056 0)
(-0.261458542567 -0.0222652510441 0)
(-0.265517503021 -0.020270937367 0)
(-0.269207132048 -0.0180814775353 0)
(-0.272489529537 -0.0157084956876 0)
(-0.275328879439 -0.0131668220962 0)
(-0.277692134801 -0.0104745001134 0)
(-0.279549713617 -0.00765269929809 0)
(-0.280876183369 -0.00472552681655 0)
(-0.281650909586 -0.00171973346875 0)
(-0.281858642288 0.00133568415677 0)
(-0.281490014209 0.0044099781417 0)
(-0.280541926338 0.00747122711595 0)
(-0.279017799706 0.0104869787206 0)
(-0.276927677408 0.0134249330222 0)
(-0.274288167287 0.016253639782 0)
(-0.271122223086 0.0189431807416 0)
(-0.267458769656 0.0214658083073 0)
(-0.263332185362 0.0237965142323 0)
(-0.258781661495 0.0259135059149 0)
(-0.253850463849 0.0277985733971 0)
(-0.248585125181 0.0294373365381 0)
(-0.24303459894 0.030819368579 0)
(-0.237249404408 0.0319381988329 0)
(-0.231280791441 0.0327912030431 0)
(-0.22517994964 0.0333793946659 0)
(-0.218997282464 0.0337071337434 0)
(-0.21278176187 0.03378177205 0)
(-0.206580374025 0.0336132538897 0)
(-0.200437661755 0.0332136914334 0)
(-0.194395364938 0.0325969320636 0)
(-0.188492156321 0.0317781330664 0)
(-0.182763467142 0.0307733564658 0)
(-0.177241394685 0.0295991940404 0)
(-0.17195468235 0.0282724298277 0)
(-0.166928761957 0.0268097448348 0)
(-0.162185847693 0.0252274663715 0)
(-0.157745071296 0.0235413624509 0)
(-0.153622648584 0.0217664801047 0)
(-0.14983206822 0.019917025233 0)
(-0.146384294546 0.0180062807295 0)
(-0.143287977333 0.0160465590522 0)
(-0.140549662329 0.014049185112 0)
(-0.138173997533 0.0120245052673 0)
(-0.140368607582 0.00815757411602 0)
(-0.138731645457 0.00647436325273 0)
(-0.137465055998 0.00478912978474 0)
(-0.13656811194 0.003107624316 0)
(-0.13603896879 0.00143504820745 0)
(-0.135874783086 -0.000223875365555 0)
(-0.136071813099 -0.00186482708736 0)
(-0.136625501697 -0.00348381544685 0)
(-0.137530541393 -0.00507710026105 0)
(-0.138780921778 -0.00664111688752 0)
(-0.140369959746 -0.00817240207403 0)
(-0.142290313064 -0.00966752226869 0)
(-0.14453397796 -0.0111230051282 0)
(-0.147092271489 -0.0125352749108 0)
(-0.149955799587 -0.0139005924235 0)
(-0.153114411761 -0.0152150002148 0)
(-0.156557143553 -0.0164742737445 0)
(-0.160272147972 -0.0176738793382 0)
(-0.164246617302 -0.0188089398268 0)
(-0.168466696837 -0.0198742088767 0)
(-0.172917392336 -0.0208640551372 0)
(-0.177582473217 -0.0217724574483 0)
(-0.182444373827 -0.0225930124603 0)
(-0.187484095437 -0.0233189561087 0)
(-0.192681111971 -0.0239432004396 0)
(-0.198013282895 -0.0244583872921 0)
(-0.203456777072 -0.024856960279 0)
(-0.208986011856 -0.0251312563664 0)
(-0.214573612061 -0.0252736181001 0)
(-0.220190393856 -0.0252765271507 0)
(-0.225805378908 -0.0251327593312 0)
(-0.231385844321 -0.0248355605634 0)
(-0.236897413942 -0.0243788424255 0)
(-0.242304196473 -0.0237573949004 0)
(-0.247568975399 -0.0229671127819 0)
(-0.252653455044 -0.0220052309034 0)
(-0.257518565964 -0.0208705619851 0)
(-0.262124831452 -0.0195637295178 0)
(-0.266432794984 -0.0180873868059 0)
(-0.270403506153 -0.0164464121895 0)
(-0.273999059917 -0.0146480696903 0)
(-0.277183180982 -0.012702124008 0)
(-0.27992184195 -0.0106208990789 0)
(-0.282183900642 -0.00841927039844 0)
(-0.283941739046 -0.00611458309594 0)
(-0.285171883784 -0.00372649034516 0)
(-0.285855586241 -0.00127671004168 0)
(-0.285979339692 0.00121129835269 0)
(-0.28553531121 0.00371273054675 0)
(-0.284521667951 0.00620189706024 0)
(-0.28294278057 0.00865273094341 0)
(-0.280809291032 0.0110393252714 0)
(-0.278138037601 0.0133364796451 0)
(-0.274951836048 0.0155202337446 0)
(-0.271279122571 0.0175683662403 0)
(-0.267153470226 0.01946083908 0)
(-0.262612996183 0.0211801701976 0)
(-0.257699681558 0.0227117217713 0)
(-0.252458628646 0.0240438959271 0)
(-0.246937281798 0.0251682348185 0)
(-0.241184638209 0.0260794269164 0)
(-0.235250473329 0.0267752257405 0)
(-0.229184603011 0.0272562908846 0)
(-0.223036200963 0.0275259638575 0)
(-0.216853186039 0.0275899929098 0)
(-0.210681689591 0.0274562216689 0)
(-0.20456560898 0.0271342561671 0)
(-0.198546249393 0.026635123878 0)
(-0.192662052757 0.0259709368513 0)
(-0.18694840969 0.0251545691533 0)
(-0.181437548246 0.0241993567547 0)
(-0.176158491633 0.0231188259118 0)
(-0.171137076084 0.0219264540894 0)
(-0.166396019586 0.0206354656584 0)
(-0.161955032132 0.0192586630356 0)
(-0.157830958444 0.0178082926344 0)
(-0.15403794466 0.0162959439849 0)
(-0.150587621259 0.0147324796346 0)
(-0.147489295259 0.0131279929432 0)
(-0.144750145694 0.0114917905933 0)
(-0.142375417222 0.00983239653641 0)
(-0.143747969023 0.00633815542863 0)
(-0.142116873276 0.00502638430406 0)
(-0.140858643926 0.00371266878925 0)
(-0.139972846362 0.00240154414709 0)
(-0.139457873137 0.0010971217242 0)
(-0.13931106009 -0.000196856779192 0)
(-0.139528785666 -0.00147696230891 0)
(-0.140106552983 -0.00274001994666 0)
(-0.141039054528 -0.00398304993482 0)
(-0.142320219601 -0.00520320913023 0)
(-0.143943244809 -0.00639773365655 0)
(-0.145900608137 -0.0075638834284 0)
(-0.148184067218 -0.00869888915363 0)
(-0.150784642604 -0.00979990237969 0)
(-0.153692586945 -0.0108639491368 0)
(-0.156897341111 -0.0118878877433 0)
(-0.160387478461 -0.0128683713719 0)
(-0.164150638574 -0.0138018160274 0)
(-0.168173451961 -0.0146843746586 0)
(-0.172441457471 -0.0155119182017 0)
(-0.176939014326 -0.0162800244424 0)
(-0.181649210976 -0.0169839756651 0)
(-0.18655377328 -0.0176187661342 0)
(-0.191632974805 -0.0181791205093 0)
(-0.196865552406 -0.0186595243265 0)
(-0.202228630604 -0.0190542676663 0)
(-0.207697658639 -0.0193575030627 0)
(-0.21324636446 -0.0195633185772 0)
(-0.218846730203 -0.0196658267439 0)
(-0.224468994018 -0.0196592697815 0)
(-0.230081683278 -0.0195381410456 0)
(-0.235651684249 -0.0192973221537 0)
(-0.241144353241 -0.0189322345547 0)
(-0.246523673917 -0.0184390035302 0)
(-0.251752464897 -0.0178146317272 0)
(-0.256792640961 -0.0170571783497 0)
(-0.26160552996 -0.0161659391254 0)
(-0.266152246046 -0.0151416211613 0)
(-0.270394117949 -0.0139865058838 0)
(-0.274293168823 -0.012704592507 0)
(-0.2778126417 -0.0113017139825 0)
(-0.280917561888 -0.0097856172503 0)
(-0.283575324892 -0.00816599993112 0)
(-0.28575629574 -0.00645449644678 0)
(-0.287434403191 -0.00466460797277 0)
(-0.288587710363 -0.00281157262463 0)
(-0.2891989421 -0.000912174795614 0)
(-0.289255949068 0.00101550450321 0)
(-0.288752089277 0.00295239127647 0)
(-0.287686509639 0.00487876793964 0)
(-0.286064313105 0.00677465731005 0)
(-0.283896601049 0.00862022757835 0)
(-0.281200385347 0.0103962029389 0)
(-0.277998370061 0.0120842637713 0)
(-0.274318608143 0.013667420507 0)
(-0.270194043907 0.0151303465898 0)
(-0.265661956758 0.0164596581416 0)
(-0.260763325426 0.017644130892 0)
(-0.255542134605 0.0186748483754 0)
(-0.250044647232 0.0195452790368 0)
(-0.244318665704 0.0202512834439 0)
(-0.23841280418 0.0207910560198 0)
(-0.23237579197 0.021165008381 0)
(-0.226255825071 0.0213756033657 0)
(-0.220099979484 0.0214271501123 0)
(-0.213953696274 0.0213255711 0)
(-0.207860344657 0.0210781519698 0)
(-0.201860865934 0.0206932842983 0)
(-0.195993497997 0.0201802104407 0)
(-0.190293577502 0.0195487782108 0)
(-0.184793414664 0.0188092116721 0)
(-0.179522234083 0.017971902774 0)
(-0.174506173911 0.0170472270823 0)
(-0.169768335065 0.0160453854901 0)
(-0.165328872017 0.0149762726043 0)
(-0.161205116756 0.0138493715055 0)
(-0.157411727975 0.0126736737866 0)
(-0.153960858055 0.0114576231833 0)
(-0.150862331123 0.0102090807018 0)
(-0.148123826275 0.00893530889817 0)
(-0.145751060796 0.00764297285954 0)
(-0.146291560645 0.00452339429455 0)
(-0.144665455043 0.0035850485148 0)
(-0.143414025235 0.00264511530292 0)
(-0.142537055803 0.00170686748686 0)
(-0.142033117026 0.000773276926429 0)
(-0.141899679261 -0.000152947265056 0)
(-0.142133211091 -0.00106931844938 0)
(-0.14272926069 -0.00197353102603 0)
(-0.143682520184 -0.00286341858969 0)
(-0.144986873028 -0.00373691233726 0)
(-0.146635424679 -0.00459200029111 0)
(-0.148620517016 -0.0054266878369 0)
(-0.150933727149 -0.0062389600266 0)
(-0.153565851389 -0.00702674606816 0)
(-0.156506875339 -0.00778788641314 0)
(-0.159745931167 -0.00852010286221 0)
(-0.163271243338 -0.00922097213001 0)
(-0.167070064198 -0.00988790334827 0)
(-0.171128601015 -0.0105181200328 0)
(-0.17543193631 -0.0111086470935 0)
(-0.179963943521 -0.0116563035253 0)
(-0.184707200312 -0.0121577014725 0)
(-0.189642902148 -0.0126092524077 0)
(-0.194750779045 -0.0130071812027 0)
(-0.200009018755 -0.0133475488795 0)
(-0.205394199955 -0.0136262848159 0)
(-0.210881239369 -0.0138392291202 0)
(-0.216443357057 -0.0139821857893 0)
(-0.222052064332 -0.0140509870936 0)
(-0.227677179037 -0.0140415694053 0)
(-0.233286872927 -0.0139500603712 0)
(-0.23884775594 -0.0137728769424 0)
(-0.244325001878 -0.0135068332969 0)
(-0.249682519652 -0.013149257134 0)
(-0.254883173553 -0.0126981121961 0)
(-0.259889055107 -0.0121521241983 0)
(-0.26466180783 -0.0115109066515 0)
(-0.269163004654 -0.0107750823861 0)
(-0.273354575978 -0.00994639597695 0)
(-0.277199284158 -0.00902781178614 0)
(-0.280661237956 -0.00802359204872 0)
(-0.283706437991 -0.00693934938883 0)
(-0.2863033418 -0.00578206843199 0)
(-0.288423434804 -0.00456009181897 0)
(-0.290041791436 -0.00328306695251 0)
(-0.291137609231 -0.00196185121854 0)
(-0.291694697762 -0.000608375173283 0)
(-0.291701904343 0.000764534798463 0)
(-0.291153459279 0.00214337069194 0)
(-0.290049225363 0.00351418814931 0)
(-0.288394839175 0.00486287500406 0)
(-0.28620173546 0.0061754337018 0)
(-0.283487050223 0.00743826708287 0)
(-0.280273403011 0.00863845651745 0)
(-0.276588563716 0.00976402157705 0)
(-0.272465013935 0.0108041513051 0)
(-0.267939417042 0.0117493986455 0)
(-0.263052014477 0.0125918315819 0)
(-0.257845968097 0.013325136861 0)
(-0.252366669685 0.0139446746358 0)
(-0.246661038809 0.0144474847721 0)
(-0.240776829348 0.014832247753 0)
(-0.234761963138 0.0150992049482 0)
(-0.22866390671 0.0152500444035 0)
(-0.222529104067 0.0152877592092 0)
(-0.216402475205 0.0152164859219 0)
(-0.210326986782 0.0150413304906 0)
(-0.20434329818 0.0147681887346 0)
(-0.198489483334 0.0144035677272 0)
(-0.192800826213 0.0139544135431 0)
(-0.187309685795 0.0134279498114 0)
(-0.182045424792 0.0128315304685 0)
(-0.177034395277 0.0121725090809 0)
(-0.172299973653 0.0114581261586 0)
(-0.167862637123 0.0106954150478 0)
(-0.163740073786 0.00989112628099 0)
(-0.159947318775 0.00905166970203 0)
(-0.1564969093 0.00818307324894 0)
(-0.153399052065 0.00729095697807 0)
(-0.150661797179 0.00638052072343 0)
(-0.148291213449 0.00545654369362 0)
(-0.147991593006 0.00271240383396 0)
(-0.146369095889 0.00214885844819 0)
(-0.14512245181 0.00158428126987 0)
(-0.144251591284 0.00102064928894 0)
(-0.143755202998 0.000459759667764 0)
(-0.143630846959 -9.67475453378e-05 0)
(-0.14387505181 -0.00064736543324 0)
(-0.144483395674 -0.00119069549287 0)
(-0.145450570245 -0.00172542264599 0)
(-0.1467704281 -0.00225029037703 0)
(-0.148436013472 -0.00276407634477 0)
(-0.150439576899 -0.00326556877382 0)
(-0.152772574391 -0.00375354390329 0)
(-0.15542565189 -0.00422674475236 0)
(-0.158388615992 -0.00468386145621 0)
(-0.161650392033 -0.00512351343044 0)
(-0.165198970843 -0.00554423363483 0)
(-0.169021345623 -0.00594445522869 0)
(-0.173103440623 -0.00632250093773 0)
(-0.177430033499 -0.00667657548284 0)
(-0.181984673486 -0.00700476145558 0)
(-0.186749597776 -0.00730501905565 0)
(-0.191705648792 -0.00757519013331 0)
(-0.196832195344 -0.00781300699795 0)
(-0.202107060978 -0.00801610645862 0)
(-0.207506463134 -0.00818204954899 0)
(-0.213004967063 -0.00830834735169 0)
(-0.21857545869 -0.0083924932695 0)
(-0.224189140868 -0.00843200198791 0)
(-0.229815557587 -0.00842445522972 0)
(-0.235422650772 -0.00836755421299 0)
(-0.240976854156 -0.00825917848579 0)
(-0.246443228497 -0.00809745052567 0)
(-0.25178564188 -0.00788080515922 0)
(-0.256966998149 -0.0076080624872 0)
(-0.261949515532 -0.00727850260342 0)
(-0.266695056242 -0.00689193998971 0)
(-0.271165506309 -0.00644879507911 0)
(-0.275323203083 -0.00595016013197 0)
(-0.279131405795 -0.00539785630259 0)
(-0.282554802363 -0.00479447862087 0)
(-0.285560043345 -0.00414342561317 0)
(-0.288116291695 -0.00344891047246 0)
(-0.290195774881 -0.0027159510841 0)
(-0.291774324214 -0.00195033683361 0)
(-0.292831884967 -0.00115857096171 0)
(-0.293352980238 -0.00034778826223 0)
(-0.2933271117 0.000474350905167 0)
(-0.292749081368 0.00129978806451 0)
(-0.291619220424 0.00212021207501 0)
(-0.289943513912 0.00292721799356 0)
(-0.287733613603 0.00371247383504 0)
(-0.285006735422 0.00446788908866 0)
(-0.281785442231 0.00518577857762 0)
(-0.278097317269 0.00585901537199 0)
(-0.273974537791 0.00648116698056 0)
(-0.269453362238 0.00704660991513 0)
(-0.264573547326 0.00755061887287 0)
(-0.259377713582 0.00798942812428 0)
(-0.253910679049 0.00836026411563 0)
(-0.248218781037 0.00866134969057 0)
(-0.242349205004 0.00889188160833 0)
(-0.236349338065 0.0090519841054 0)
(-0.230266162351 0.00914264206489 0)
(-0.224145700722 0.00916561789581 0)
(-0.218032524337 0.0091233564823 0)
(-0.211969328559 0.00901888256431 0)
(-0.205996580678 0.00885569469177 0)
(-0.200152240248 0.00863765950205 0)
(-0.194471550412 0.00836890955655 0)
(-0.18898689662 0.00805374738686 0)
(-0.183727727562 0.00769655778954 0)
(-0.178720531996 0.00730172980907 0)
(-0.173988864413 0.00687358929086 0)
(-0.169553412101 0.00641634239121 0)
(-0.165432096078 0.00593403001035 0)
(-0.16164019859 0.0054304927752 0)
(-0.158190510207 0.00490934593837 0)
(-0.155093490106 0.00437396337439 0)
(-0.152357433748 0.00382746973692 0)
(-0.149988642818 0.00327273978011 0)
(-0.148842897638 0.000903853589276 0)
(-0.147222289392 0.000715916338522 0)
(-0.145978114097 0.000527621945468 0)
(-0.145110375166 0.000339631617412 0)
(-0.144617820453 0.00015254674674 0)
(-0.144498054777 -3.3083554595e-05 0)
(-0.144747636792 -0.00021675449108 0)
(-0.145362159561 -0.000397997369118 0)
(-0.146336314502 -0.000576371286997 0)
(-0.147663938656 -0.000751454863428 0)
(-0.149338045504 -0.000922838121403 0)
(-0.15135083973 -0.0010901146305 0)
(-0.153693716571 -0.00125287400128 0)
(-0.156357246524 -0.00141069481939 0)
(-0.159331146393 -0.00156313810518 0)
(-0.162604237791 -0.00170974138567 0)
(-0.166164394427 -0.00185001347028 0)
(-0.169998479645 -0.00198343002853 0)
(-0.174092275938 -0.00210943007707 0)
(-0.178430408348 -0.00222741349334 0)
(-0.182996263917 -0.00233673968444 0)
(-0.187771909636 -0.00243672754959 0)
(-0.192738011591 -0.00252665688351 0)
(-0.197873758356 -0.00260577137356 0)
(-0.203156791953 -0.00267328334467 0)
(-0.208563150025 -0.00272838040097 0)
(-0.214067223164 -0.00277023409982 0)
(-0.21964173159 -0.00279801077088 0)
(-0.225257725563 -0.00281088455781 0)
(-0.230884614072 -0.00280805271156 0)
(-0.236490226306 -0.00278875310053 0)
(-0.242040910306 -0.00275228382337 0)
(-0.247501672891 -0.00269802471475 0)
(-0.252836364427 -0.002625460424 0)
(-0.258007911245 -0.00253420462387 0)
(-0.262978597559 -0.00242402477574 0)
(-0.267710397372 -0.00229486674405 0)
(-0.272165355396 -0.00214687842524 0)
(-0.276306014167 -0.001980431444 0)
(-0.280095882526 -0.00179613988376 0)
(-0.283499938527 -0.00159487497147 0)
(-0.286485157583 -0.00137777463972 0)
(-0.289021054539 -0.00114624695469 0)
(-0.291080226403 -0.000901966532302 0)
(-0.292638880845 -0.000646863272017 0)
(-0.293677334447 -0.000383103016624 0)
(-0.294180464197 -0.000113060085957 0)
(-0.294138095947 0.000160717980334 0)
(-0.29354531465 0.000435552726096 0)
(-0.292402683052 0.000708682978907 0)
(-0.290716358269 0.000977317429884 0)
(-0.288498099041 0.00123868977623 0)
(-0.285765160413 0.00149011440676 0)
(-0.282540076806 0.00172904052429 0)
(-0.278850338741 0.00195310264091 0)
(-0.274727972527 0.00216016555207 0)
(-0.270209035849 0.00234836217971 0)
(-0.26533304508 0.00251612305199 0)
(-0.26014235223 0.00266219662544 0)
(-0.254681490571 0.00278566012093 0)
(-0.248996508162 0.00288592100147 0)
(-0.243134307785 0.00296270963747 0)
(-0.237142010283 0.0030160640568 0)
(-0.23106635618 0.0030463079465 0)
(-0.224953157842 0.00305402325182 0)
(-0.218846811601 0.0030400188054 0)
(-0.212789876321 0.00300529642255 0)
(-0.206822722036 0.00295101582882 0)
(-0.20098324961 0.00287845965942 0)
(-0.195306680085 0.00278899960267 0)
(-0.189825410353 0.00268406456819 0)
(-0.184568930278 0.0025651115598 0)
(-0.179563795188 0.00243359973604 0)
(-0.17483364695 0.00229096795652 0)
(-0.170399276369 0.0021386159492 0)
(-0.166278719573 0.00197788909308 0)
(-0.162487381201 0.00181006669842 0)
(-0.159038177529 0.00163635357888 0)
(-0.155941693189 0.0014578746482 0)
(-0.153206345706 0.00127567223343 0)
(-0.150838552746 0.00109070577637 0)
)
;

boundaryField
{
    left
    {
        type            cyclic;
    }
    right
    {
        type            cyclic;
    }
    bottom
    {
        type            cyclic;
    }
    top
    {
        type            cyclic;
    }
    frontAndBack
    {
        type            empty;
    }
}


// ************************************************************************* //
